solid OpenSCAD_Model
  facet normal 0 0 -1
    outer loop
      vertex 0.094101 0.377151 0
      vertex 0.0968504 0.380667 0
      vertex 0.0976448 0.379649 0
    endloop
  endfacet
  facet normal 0 0 -1
    outer loop
      vertex 0.094101 0.377151 0
      vertex 0.0948324 0.383532 0
      vertex 0.0968504 0.380667 0
    endloop
  endfacet
  facet normal 0 0 -1
    outer loop
      vertex 0.0903473 0.374222 0
      vertex 0.0948324 0.383532 0
      vertex 0.094101 0.377151 0
    endloop
  endfacet
  facet normal -0 0 -1
    outer loop
      vertex 0.0948324 0.383532 0
      vertex 0.0903473 0.374222 0
      vertex 0.0929575 0.386493 0
    endloop
  endfacet
  facet normal -0 0 -1
    outer loop
      vertex 0.0929575 0.386493 0
      vertex 0.0903473 0.374222 0
      vertex 0.0912304 0.389542 0
    endloop
  endfacet
  facet normal 0 0 -1
    outer loop
      vertex 0.0867615 0.371124 0
      vertex 0.0912304 0.389542 0
      vertex 0.0903473 0.374222 0
    endloop
  endfacet
  facet normal -0 0 -1
    outer loop
      vertex 0.0912304 0.389542 0
      vertex 0.0867615 0.371124 0
      vertex 0.0896549 0.392673 0
    endloop
  endfacet
  facet normal 0 0 -1
    outer loop
      vertex 0.083313 0.367844 0
      vertex 0.0896549 0.392673 0
      vertex 0.0867615 0.371124 0
    endloop
  endfacet
  facet normal -0 0 -1
    outer loop
      vertex 0.0896549 0.392673 0
      vertex 0.083313 0.367844 0
      vertex 0.0882349 0.395876 0
    endloop
  endfacet
  facet normal 0 0 -1
    outer loop
      vertex 0.0800476 0.36441 0
      vertex 0.0882349 0.395876 0
      vertex 0.083313 0.367844 0
    endloop
  endfacet
  facet normal -0 0 -1
    outer loop
      vertex 0.0882349 0.395876 0
      vertex 0.0800476 0.36441 0
      vertex 0.0869732 0.399145 0
    endloop
  endfacet
  facet normal -0 0 -1
    outer loop
      vertex 0.0869732 0.399145 0
      vertex 0.0800476 0.36441 0
      vertex 0.0858736 0.402473 0
    endloop
  endfacet
  facet normal 0 0 -1
    outer loop
      vertex 0.00886536 0.401871 0
      vertex 0.0858736 0.402473 0
      vertex 0.0800476 0.36441 0
    endloop
  endfacet
  facet normal 0 -0 -1
    outer loop
      vertex 0.0115356 0.408813 0
      vertex 0.0858736 0.402473 0
      vertex 0.00886536 0.401871 0
    endloop
  endfacet
  facet normal 0 0 -1
    outer loop
      vertex 0.0858736 0.402473 0
      vertex 0.0115356 0.408813 0
      vertex 0.084939 0.40585 0
    endloop
  endfacet
  facet normal 0 0 -1
    outer loop
      vertex 0.084939 0.40585 0
      vertex 0.0145569 0.415634 0
      vertex 0.0841713 0.40927 0
    endloop
  endfacet
  facet normal 0 -0 -1
    outer loop
      vertex 0.0179138 0.422272 0
      vertex 0.0841713 0.40927 0
      vertex 0.0145569 0.415634 0
    endloop
  endfacet
  facet normal 0 0 -1
    outer loop
      vertex 0.0835724 0.412723 0
      vertex 0.0215759 0.428757 0
      vertex 0.0831432 0.416201 0
    endloop
  endfacet
  facet normal 0 0 -1
    outer loop
      vertex 0.0841713 0.40927 0
      vertex 0.0179138 0.422272 0
      vertex 0.0835724 0.412723 0
    endloop
  endfacet
  facet normal 0 0 -1
    outer loop
      vertex 0.00886536 0.401871 0
      vertex 0.0800476 0.36441 0
      vertex 0.0769501 0.360809 0
    endloop
  endfacet
  facet normal 0 0 -1
    outer loop
      vertex 0.00653076 0.394806 0
      vertex 0.0769501 0.360809 0
      vertex 0.0740204 0.357071 0
    endloop
  endfacet
  facet normal 0 0 -1
    outer loop
      vertex 0.0827999 0.4232 0
      vertex 0.0737152 0.480896 0
      vertex 0.0801849 0.484558 0
    endloop
  endfacet
  facet normal 0 0 -1
    outer loop
      vertex 0.00453186 0.387619 0
      vertex 0.0740204 0.357071 0
      vertex 0.0712891 0.353195 0
    endloop
  endfacet
  facet normal 0 0 -1
    outer loop
      vertex 0.00291443 0.380356 0
      vertex 0.0712891 0.353195 0
      vertex 0.0687561 0.349182 0
    endloop
  endfacet
  facet normal 0 0 -1
    outer loop
      vertex 0.0827999 0.4232 0
      vertex 0.0674133 0.476913 0
      vertex 0.0737152 0.480896 0
    endloop
  endfacet
  facet normal 0 0 -1
    outer loop
      vertex 0.00163269 0.373016 0
      vertex 0.0687561 0.349182 0
      vertex 0.0664062 0.345047 0
    endloop
  endfacet
  facet normal 0 0 -1
    outer loop
      vertex 0.000167847 0.3582 0
      vertex 0.0664062 0.345047 0
      vertex 0.0642853 0.340805 0
    endloop
  endfacet
  facet normal 0 0 -1
    outer loop
      vertex 0 0.350754 0
      vertex 0.0642853 0.340805 0
      vertex 0.0623474 0.336472 0
    endloop
  endfacet
  facet normal 0 0 -1
    outer loop
      vertex 0.0827999 0.4232 0
      vertex 0.0613251 0.472626 0
      vertex 0.0674133 0.476913 0
    endloop
  endfacet
  facet normal 0 0 -1
    outer loop
      vertex 0 0.350754 0
      vertex 0.0623474 0.336472 0
      vertex 0.0606537 0.332047 0
    endloop
  endfacet
  facet normal 0 0 -1
    outer loop
      vertex 0 0.350754 0
      vertex 0.0606537 0.332047 0
      vertex 0.0591583 0.32753 0
    endloop
  endfacet
  facet normal 0 0 -1
    outer loop
      vertex 0 0.350754 0
      vertex 0.0591583 0.32753 0
      vertex 0.0578918 0.322968 0
    endloop
  endfacet
  facet normal 0 0 -1
    outer loop
      vertex 0 0.350754 0
      vertex 0.0578918 0.322968 0
      vertex 0.0568542 0.318329 0
    endloop
  endfacet
  facet normal 0 0 -1
    outer loop
      vertex 0 0.350754 0
      vertex 0.0568542 0.318329 0
      vertex 0.0560455 0.313644 0
    endloop
  endfacet
  facet normal 0 0 -1
    outer loop
      vertex 0 0.350754 0
      vertex 0.0560455 0.313644 0
      vertex 0.0554657 0.308945 0
    endloop
  endfacet
  facet normal 0 0 -1
    outer loop
      vertex 0.0827999 0.4232 0
      vertex 0.0554657 0.468033 0
      vertex 0.0613251 0.472626 0
    endloop
  endfacet
  facet normal 0 0 -1
    outer loop
      vertex 0 0.350754 0
      vertex 0.0554657 0.308945 0
      vertex 0.0551147 0.304199 0
    endloop
  endfacet
  facet normal 0 0 -1
    outer loop
      vertex 0 0.350754 0
      vertex 0.0551147 0.304199 0
      vertex 0.0549927 0.299454 0
    endloop
  endfacet
  facet normal -0 0 -1
    outer loop
      vertex 0.0549927 0.170715 0
      vertex 0 0.151703 0
      vertex 0.0549927 0.299454 0
    endloop
  endfacet
  facet normal 0 0 -1
    outer loop
      vertex 0 0.350754 0
      vertex 0.0549927 0.299454 0
      vertex 0 0.151703 0
    endloop
  endfacet
  facet normal 0 0 -1
    outer loop
      vertex 0 0.151703 0
      vertex 0.0498199 0.0392914 0
      vertex 0.0444336 0.0444336 0
    endloop
  endfacet
  facet normal 0 0 -1
    outer loop
      vertex 0.0642853 0.340805 0
      vertex 0 0.350754 0
      vertex 0.000167847 0.3582 0
    endloop
  endfacet
  facet normal 0 0 -1
    outer loop
      vertex 0 0.151703 0
      vertex 0.0444336 0.0444336 0
      vertex 0.0392914 0.0498199 0
    endloop
  endfacet
  facet normal 0 0 -1
    outer loop
      vertex 0.0827999 0.4232 0
      vertex 0.0498199 0.463181 0
      vertex 0.0554657 0.468033 0
    endloop
  endfacet
  facet normal 0 0 -1
    outer loop
      vertex 0 0.151703 0
      vertex 0.0392914 0.0498199 0
      vertex 0.0344238 0.0554657 0
    endloop
  endfacet
  facet normal 0 0 -1
    outer loop
      vertex 0.0827999 0.4232 0
      vertex 0.0444336 0.458038 0
      vertex 0.0498199 0.463181 0
    endloop
  endfacet
  facet normal 0 0 -1
    outer loop
      vertex 0 0.151703 0
      vertex 0.0344238 0.0554657 0
      vertex 0.0298462 0.0613251 0
    endloop
  endfacet
  facet normal 0 0 -1
    outer loop
      vertex 0.0827999 0.4232 0
      vertex 0.0392914 0.452652 0
      vertex 0.0444336 0.458038 0
    endloop
  endfacet
  facet normal 0 0 -1
    outer loop
      vertex 0 0.151703 0
      vertex 0.0298462 0.0613251 0
      vertex 0.0255585 0.0674133 0
    endloop
  endfacet
  facet normal 0 0 -1
    outer loop
      vertex 0.0827999 0.4232 0
      vertex 0.0344238 0.447006 0
      vertex 0.0392914 0.452652 0
    endloop
  endfacet
  facet normal 0 0 -1
    outer loop
      vertex 0 0.151703 0
      vertex 0.0255585 0.0674133 0
      vertex 0.0215759 0.0737152 0
    endloop
  endfacet
  facet normal 0 0 -1
    outer loop
      vertex 0.0827999 0.4232 0
      vertex 0.0298462 0.441132 0
      vertex 0.0344238 0.447006 0
    endloop
  endfacet
  facet normal 0 0 -1
    outer loop
      vertex 0 0.151703 0
      vertex 0.0215759 0.0737152 0
      vertex 0.0179138 0.0801849 0
    endloop
  endfacet
  facet normal 0 0 -1
    outer loop
      vertex 0.0827999 0.4232 0
      vertex 0.0255585 0.435043 0
      vertex 0.0298462 0.441132 0
    endloop
  endfacet
  facet normal 0 0 -1
    outer loop
      vertex 0 0.151703 0
      vertex 0.0179138 0.0801849 0
      vertex 0.0145569 0.0868378 0
    endloop
  endfacet
  facet normal 0 0 -1
    outer loop
      vertex 0.0828857 0.419696 0
      vertex 0.0255585 0.435043 0
      vertex 0.0827999 0.4232 0
    endloop
  endfacet
  facet normal 0 0 -1
    outer loop
      vertex 0 0.151703 0
      vertex 0.0145569 0.0868378 0
      vertex 0.0115356 0.0936432 0
    endloop
  endfacet
  facet normal 0 0 -1
    outer loop
      vertex 0.0831432 0.416201 0
      vertex 0.0255585 0.435043 0
      vertex 0.0828857 0.419696 0
    endloop
  endfacet
  facet normal 0 0 -1
    outer loop
      vertex 0 0.151703 0
      vertex 0.0115356 0.0936432 0
      vertex 0.00886536 0.100601 0
    endloop
  endfacet
  facet normal 0 -0 -1
    outer loop
      vertex 0.0255585 0.435043 0
      vertex 0.0831432 0.416201 0
      vertex 0.0215759 0.428757 0
    endloop
  endfacet
  facet normal 0 0 -1
    outer loop
      vertex 0 0.151703 0
      vertex 0.00886536 0.100601 0
      vertex 0.00653076 0.107666 0
    endloop
  endfacet
  facet normal 0 -0 -1
    outer loop
      vertex 0.0215759 0.428757 0
      vertex 0.0835724 0.412723 0
      vertex 0.0179138 0.422272 0
    endloop
  endfacet
  facet normal 0 0 -1
    outer loop
      vertex 0 0.151703 0
      vertex 0.00653076 0.107666 0
      vertex 0.00453186 0.114853 0
    endloop
  endfacet
  facet normal 0 -0 -1
    outer loop
      vertex 0.0145569 0.415634 0
      vertex 0.084939 0.40585 0
      vertex 0.0115356 0.408813 0
    endloop
  endfacet
  facet normal 0 0 -1
    outer loop
      vertex 0 0.151703 0
      vertex 0.00453186 0.114853 0
      vertex 0.00291443 0.122116 0
    endloop
  endfacet
  facet normal 0 0 -1
    outer loop
      vertex 0.0769501 0.360809 0
      vertex 0.00653076 0.394806 0
      vertex 0.00886536 0.401871 0
    endloop
  endfacet
  facet normal 0 0 -1
    outer loop
      vertex 0 0.151703 0
      vertex 0.00291443 0.122116 0
      vertex 0.00163269 0.129456 0
    endloop
  endfacet
  facet normal 0 0 -1
    outer loop
      vertex 0.0740204 0.357071 0
      vertex 0.00453186 0.387619 0
      vertex 0.00653076 0.394806 0
    endloop
  endfacet
  facet normal 0 0 -1
    outer loop
      vertex 0 0.151703 0
      vertex 0.00163269 0.129456 0
      vertex 0.000717163 0.136841 0
    endloop
  endfacet
  facet normal 0 0 -1
    outer loop
      vertex 0.0712891 0.353195 0
      vertex 0.00291443 0.380356 0
      vertex 0.00453186 0.387619 0
    endloop
  endfacet
  facet normal 0 0 -1
    outer loop
      vertex 0 0.151703 0
      vertex 0.000717163 0.136841 0
      vertex 0.000167847 0.144272 0
    endloop
  endfacet
  facet normal 0 0 -1
    outer loop
      vertex 0.0687561 0.349182 0
      vertex 0.00163269 0.373016 0
      vertex 0.00291443 0.380356 0
    endloop
  endfacet
  facet normal 0 0 -1
    outer loop
      vertex 0.0664062 0.345047 0
      vertex 0.000717163 0.365631 0
      vertex 0.00163269 0.373016 0
    endloop
  endfacet
  facet normal 0 0 -1
    outer loop
      vertex 0.0664062 0.345047 0
      vertex 0.000167847 0.3582 0
      vertex 0.000717163 0.365631 0
    endloop
  endfacet
  facet normal 0 0 -1
    outer loop
      vertex 0.277863 0.435043 0
      vertex 0.225513 0.419696 0
      vertex 0.225599 0.4232 0
    endloop
  endfacet
  facet normal 0 0 -1
    outer loop
      vertex 0.291885 0.408813 0
      vertex 0.225256 0.416201 0
      vertex 0.225513 0.419696 0
    endloop
  endfacet
  facet normal 0 0 -1
    outer loop
      vertex 0.291885 0.408813 0
      vertex 0.224827 0.412723 0
      vertex 0.225256 0.416201 0
    endloop
  endfacet
  facet normal 0 0 -1
    outer loop
      vertex 0.291885 0.408813 0
      vertex 0.224228 0.40927 0
      vertex 0.224827 0.412723 0
    endloop
  endfacet
  facet normal -0 0 -1
    outer loop
      vertex 0.291885 0.408813 0
      vertex 0.22346 0.40585 0
      vertex 0.224228 0.40927 0
    endloop
  endfacet
  facet normal 0 0 -1
    outer loop
      vertex 0.220164 0.395876 0
      vertex 0.226471 0.360809 0
      vertex 0.223373 0.36441 0
    endloop
  endfacet
  facet normal 0 0 -1
    outer loop
      vertex 0.291885 0.408813 0
      vertex 0.222525 0.402473 0
      vertex 0.22346 0.40585 0
    endloop
  endfacet
  facet normal 0 0 -1
    outer loop
      vertex 0.294556 0.401871 0
      vertex 0.222525 0.402473 0
      vertex 0.291885 0.408813 0
    endloop
  endfacet
  facet normal 0 0 -1
    outer loop
      vertex 0.226471 0.360809 0
      vertex 0.220164 0.395876 0
      vertex 0.221426 0.399145 0
    endloop
  endfacet
  facet normal 0 0 -1
    outer loop
      vertex 0.218744 0.392673 0
      vertex 0.223373 0.36441 0
      vertex 0.220093 0.367844 0
    endloop
  endfacet
  facet normal 0 0 -1
    outer loop
      vertex 0.223373 0.36441 0
      vertex 0.218744 0.392673 0
      vertex 0.220164 0.395876 0
    endloop
  endfacet
  facet normal 0 0 -1
    outer loop
      vertex 0.220093 0.367844 0
      vertex 0.217169 0.389542 0
      vertex 0.218744 0.392673 0
    endloop
  endfacet
  facet normal 0 0 -1
    outer loop
      vertex 0.215442 0.386493 0
      vertex 0.220093 0.367844 0
      vertex 0.21666 0.371124 0
    endloop
  endfacet
  facet normal 0 0 -1
    outer loop
      vertex 0.220093 0.367844 0
      vertex 0.215442 0.386493 0
      vertex 0.217169 0.389542 0
    endloop
  endfacet
  facet normal 0 0 -1
    outer loop
      vertex 0.21666 0.371124 0
      vertex 0.213567 0.383532 0
      vertex 0.215442 0.386493 0
    endloop
  endfacet
  facet normal 0 0 -1
    outer loop
      vertex 0.213074 0.374222 0
      vertex 0.213567 0.383532 0
      vertex 0.21666 0.371124 0
    endloop
  endfacet
  facet normal 0 0 -1
    outer loop
      vertex 0.213074 0.374222 0
      vertex 0.211549 0.380667 0
      vertex 0.213567 0.383532 0
    endloop
  endfacet
  facet normal 0 0 -1
    outer loop
      vertex 0.213074 0.374222 0
      vertex 0.209393 0.377904 0
      vertex 0.211549 0.380667 0
    endloop
  endfacet
  facet normal 0 0 -1
    outer loop
      vertex 0.20932 0.377151 0
      vertex 0.209393 0.377904 0
      vertex 0.213074 0.374222 0
    endloop
  endfacet
  facet normal 0 0 -1
    outer loop
      vertex 0.209393 0.377904 0
      vertex 0.20932 0.377151 0
      vertex 0.208962 0.377404 0
    endloop
  endfacet
  facet normal 0 0 -1
    outer loop
      vertex 0.248428 0.170715 0
      vertex 0.303421 0.2148 0
      vertex 0.303421 0.151703 0
    endloop
  endfacet
  facet normal 0 0 -1
    outer loop
      vertex 0.248428 0.299454 0
      vertex 0.303421 0.2148 0
      vertex 0.248428 0.170715 0
    endloop
  endfacet
  facet normal 0 0 -1
    outer loop
      vertex 0.246567 0.15184 0
      vertex 0.303421 0.151703 0
      vertex 0.303253 0.144272 0
    endloop
  endfacet
  facet normal 0 0 -1
    outer loop
      vertex 0.248306 0.304199 0
      vertex 0.303421 0.274799 0
      vertex 0.248428 0.299454 0
    endloop
  endfacet
  facet normal 0 0 -1
    outer loop
      vertex 0.245529 0.147217 0
      vertex 0.303253 0.144272 0
      vertex 0.302704 0.136841 0
    endloop
  endfacet
  facet normal 0 0 -1
    outer loop
      vertex 0.247955 0.308945 0
      vertex 0.303421 0.274799 0
      vertex 0.248306 0.304199 0
    endloop
  endfacet
  facet normal 0 0 -1
    outer loop
      vertex 0.244263 0.142639 0
      vertex 0.302704 0.136841 0
      vertex 0.301788 0.129456 0
    endloop
  endfacet
  facet normal 0 0 -1
    outer loop
      vertex 0.303421 0.274799 0
      vertex 0.247955 0.308945 0
      vertex 0.303421 0.350754 0
    endloop
  endfacet
  facet normal 0 0 -1
    outer loop
      vertex 0.244263 0.142639 0
      vertex 0.301788 0.129456 0
      vertex 0.300507 0.122116 0
    endloop
  endfacet
  facet normal 0 0 -1
    outer loop
      vertex 0.247375 0.313644 0
      vertex 0.303421 0.350754 0
      vertex 0.247955 0.308945 0
    endloop
  endfacet
  facet normal 0 0 -1
    outer loop
      vertex 0.242767 0.138123 0
      vertex 0.300507 0.122116 0
      vertex 0.298889 0.114853 0
    endloop
  endfacet
  facet normal 0 0 -1
    outer loop
      vertex 0.246567 0.318329 0
      vertex 0.303421 0.350754 0
      vertex 0.247375 0.313644 0
    endloop
  endfacet
  facet normal 0 0 -1
    outer loop
      vertex 0.241074 0.133698 0
      vertex 0.298889 0.114853 0
      vertex 0.29689 0.107666 0
    endloop
  endfacet
  facet normal 0 0 -1
    outer loop
      vertex 0.245529 0.322968 0
      vertex 0.303421 0.350754 0
      vertex 0.246567 0.318329 0
    endloop
  endfacet
  facet normal 0 0 -1
    outer loop
      vertex 0.239136 0.129364 0
      vertex 0.29689 0.107666 0
      vertex 0.294556 0.100601 0
    endloop
  endfacet
  facet normal 0 0 -1
    outer loop
      vertex 0.244263 0.32753 0
      vertex 0.303421 0.350754 0
      vertex 0.245529 0.322968 0
    endloop
  endfacet
  facet normal 0 0 -1
    outer loop
      vertex 0.237015 0.125122 0
      vertex 0.294556 0.100601 0
      vertex 0.291885 0.0936432 0
    endloop
  endfacet
  facet normal 0 0 -1
    outer loop
      vertex 0.242767 0.332047 0
      vertex 0.303421 0.350754 0
      vertex 0.244263 0.32753 0
    endloop
  endfacet
  facet normal 0 0 -1
    outer loop
      vertex 0.234665 0.120987 0
      vertex 0.291885 0.0936432 0
      vertex 0.288864 0.0868378 0
    endloop
  endfacet
  facet normal 0 0 -1
    outer loop
      vertex 0.241074 0.336472 0
      vertex 0.303421 0.350754 0
      vertex 0.242767 0.332047 0
    endloop
  endfacet
  facet normal 0 0 -1
    outer loop
      vertex 0.232132 0.116974 0
      vertex 0.288864 0.0868378 0
      vertex 0.285507 0.0801849 0
    endloop
  endfacet
  facet normal 0 0 -1
    outer loop
      vertex 0.239136 0.340805 0
      vertex 0.303421 0.350754 0
      vertex 0.241074 0.336472 0
    endloop
  endfacet
  facet normal 0 0 -1
    outer loop
      vertex 0.229401 0.113098 0
      vertex 0.285507 0.0801849 0
      vertex 0.281845 0.0737152 0
    endloop
  endfacet
  facet normal -0 0 -1
    outer loop
      vertex 0.303421 0.350754 0
      vertex 0.239136 0.340805 0
      vertex 0.303253 0.3582 0
    endloop
  endfacet
  facet normal 0 0 -1
    outer loop
      vertex 0.226471 0.10936 0
      vertex 0.281845 0.0737152 0
      vertex 0.277863 0.0674133 0
    endloop
  endfacet
  facet normal 0 0 -1
    outer loop
      vertex 0.237015 0.345047 0
      vertex 0.303253 0.3582 0
      vertex 0.239136 0.340805 0
    endloop
  endfacet
  facet normal 0 0 -1
    outer loop
      vertex 0.223373 0.105759 0
      vertex 0.277863 0.0674133 0
      vertex 0.273575 0.0613251 0
    endloop
  endfacet
  facet normal -0 0 -1
    outer loop
      vertex 0.303253 0.3582 0
      vertex 0.237015 0.345047 0
      vertex 0.302704 0.365631 0
    endloop
  endfacet
  facet normal 0 0 -1
    outer loop
      vertex 0.220093 0.102325 0
      vertex 0.273575 0.0613251 0
      vertex 0.268997 0.0554657 0
    endloop
  endfacet
  facet normal -0 0 -1
    outer loop
      vertex 0.302704 0.365631 0
      vertex 0.237015 0.345047 0
      vertex 0.301788 0.373016 0
    endloop
  endfacet
  facet normal 0 0 -1
    outer loop
      vertex 0.21666 0.0990448 0
      vertex 0.268997 0.0554657 0
      vertex 0.26413 0.0498199 0
    endloop
  endfacet
  facet normal 0 0 -1
    outer loop
      vertex 0.234665 0.349182 0
      vertex 0.301788 0.373016 0
      vertex 0.237015 0.345047 0
    endloop
  endfacet
  facet normal 0 0 -1
    outer loop
      vertex 0.213074 0.0959473 0
      vertex 0.26413 0.0498199 0
      vertex 0.258987 0.0444336 0
    endloop
  endfacet
  facet normal -0 0 -1
    outer loop
      vertex 0.301788 0.373016 0
      vertex 0.234665 0.349182 0
      vertex 0.300507 0.380356 0
    endloop
  endfacet
  facet normal 0 0 -1
    outer loop
      vertex 0.213074 0.0959473 0
      vertex 0.258987 0.0444336 0
      vertex 0.253601 0.0392914 0
    endloop
  endfacet
  facet normal 0 0 -1
    outer loop
      vertex 0.303421 0.2148 0
      vertex 0.248428 0.299454 0
      vertex 0.303421 0.274799 0
    endloop
  endfacet
  facet normal 0 0 -1
    outer loop
      vertex 0.232132 0.353195 0
      vertex 0.300507 0.380356 0
      vertex 0.234665 0.349182 0
    endloop
  endfacet
  facet normal 0 0 -1
    outer loop
      vertex 0.303421 0.151703 0
      vertex 0.248306 0.16597 0
      vertex 0.248428 0.170715 0
    endloop
  endfacet
  facet normal 0 0 -1
    outer loop
      vertex 0.20932 0.0930328 0
      vertex 0.253601 0.0392914 0
      vertex 0.247955 0.0344238 0
    endloop
  endfacet
  facet normal 0 0 -1
    outer loop
      vertex 0.303421 0.151703 0
      vertex 0.247955 0.161224 0
      vertex 0.248306 0.16597 0
    endloop
  endfacet
  facet normal 0 0 -1
    outer loop
      vertex 0.303421 0.151703 0
      vertex 0.247375 0.156525 0
      vertex 0.247955 0.161224 0
    endloop
  endfacet
  facet normal 0 0 -1
    outer loop
      vertex 0.303421 0.151703 0
      vertex 0.246567 0.15184 0
      vertex 0.247375 0.156525 0
    endloop
  endfacet
  facet normal 0 0 -1
    outer loop
      vertex 0.303253 0.144272 0
      vertex 0.245529 0.147217 0
      vertex 0.246567 0.15184 0
    endloop
  endfacet
  facet normal 0 0 -1
    outer loop
      vertex 0.302704 0.136841 0
      vertex 0.244263 0.142639 0
      vertex 0.245529 0.147217 0
    endloop
  endfacet
  facet normal 0 0 -1
    outer loop
      vertex 0.300507 0.122116 0
      vertex 0.242767 0.138123 0
      vertex 0.244263 0.142639 0
    endloop
  endfacet
  facet normal 0 0 -1
    outer loop
      vertex 0.205444 0.0902863 0
      vertex 0.247955 0.0344238 0
      vertex 0.242096 0.0298462 0
    endloop
  endfacet
  facet normal 0 0 -1
    outer loop
      vertex 0.298889 0.114853 0
      vertex 0.241074 0.133698 0
      vertex 0.242767 0.138123 0
    endloop
  endfacet
  facet normal 0 0 -1
    outer loop
      vertex 0.29689 0.107666 0
      vertex 0.239136 0.129364 0
      vertex 0.241074 0.133698 0
    endloop
  endfacet
  facet normal 0 0 -1
    outer loop
      vertex 0.294556 0.100601 0
      vertex 0.237015 0.125122 0
      vertex 0.239136 0.129364 0
    endloop
  endfacet
  facet normal 0 0 -1
    outer loop
      vertex 0.201431 0.0877533 0
      vertex 0.242096 0.0298462 0
      vertex 0.236008 0.0255585 0
    endloop
  endfacet
  facet normal 0 0 -1
    outer loop
      vertex 0.291885 0.0936432 0
      vertex 0.234665 0.120987 0
      vertex 0.237015 0.125122 0
    endloop
  endfacet
  facet normal 0 0 -1
    outer loop
      vertex 0.288864 0.0868378 0
      vertex 0.232132 0.116974 0
      vertex 0.234665 0.120987 0
    endloop
  endfacet
  facet normal 0 0 -1
    outer loop
      vertex 0.197296 0.0854187 0
      vertex 0.236008 0.0255585 0
      vertex 0.229706 0.0215759 0
    endloop
  endfacet
  facet normal 0 0 -1
    outer loop
      vertex 0.285507 0.0801849 0
      vertex 0.229401 0.113098 0
      vertex 0.232132 0.116974 0
    endloop
  endfacet
  facet normal 0 0 -1
    outer loop
      vertex 0.281845 0.0737152 0
      vertex 0.226471 0.10936 0
      vertex 0.229401 0.113098 0
    endloop
  endfacet
  facet normal 0 0 -1
    outer loop
      vertex 0.277863 0.0674133 0
      vertex 0.223373 0.105759 0
      vertex 0.226471 0.10936 0
    endloop
  endfacet
  facet normal 0 0 -1
    outer loop
      vertex 0.193069 0.0832825 0
      vertex 0.229706 0.0215759 0
      vertex 0.223236 0.0179138 0
    endloop
  endfacet
  facet normal 0 0 -1
    outer loop
      vertex 0.273575 0.0613251 0
      vertex 0.220093 0.102325 0
      vertex 0.223373 0.105759 0
    endloop
  endfacet
  facet normal 0 0 -1
    outer loop
      vertex 0.268997 0.0554657 0
      vertex 0.21666 0.0990448 0
      vertex 0.220093 0.102325 0
    endloop
  endfacet
  facet normal 0 0 -1
    outer loop
      vertex 0.188721 0.0813599 0
      vertex 0.223236 0.0179138 0
      vertex 0.216583 0.0145569 0
    endloop
  endfacet
  facet normal 0 0 -1
    outer loop
      vertex 0.26413 0.0498199 0
      vertex 0.213074 0.0959473 0
      vertex 0.21666 0.0990448 0
    endloop
  endfacet
  facet normal 0 0 -1
    outer loop
      vertex 0.184296 0.0796509 0
      vertex 0.216583 0.0145569 0
      vertex 0.209778 0.0115356 0
    endloop
  endfacet
  facet normal 0 0 -1
    outer loop
      vertex 0.253601 0.0392914 0
      vertex 0.20932 0.0930328 0
      vertex 0.213074 0.0959473 0
    endloop
  endfacet
  facet normal 0 0 -1
    outer loop
      vertex 0.247955 0.0344238 0
      vertex 0.205444 0.0902863 0
      vertex 0.20932 0.0930328 0
    endloop
  endfacet
  facet normal 0 0 -1
    outer loop
      vertex 0.184296 0.0796509 0
      vertex 0.209778 0.0115356 0
      vertex 0.20282 0.00886536 0
    endloop
  endfacet
  facet normal 0 0 -1
    outer loop
      vertex 0.242096 0.0298462 0
      vertex 0.201431 0.0877533 0
      vertex 0.205444 0.0902863 0
    endloop
  endfacet
  facet normal 0 0 -1
    outer loop
      vertex 0.236008 0.0255585 0
      vertex 0.197296 0.0854187 0
      vertex 0.201431 0.0877533 0
    endloop
  endfacet
  facet normal 0 0 -1
    outer loop
      vertex 0.179779 0.0781555 0
      vertex 0.20282 0.00886536 0
      vertex 0.195755 0.00653076 0
    endloop
  endfacet
  facet normal 0 0 -1
    outer loop
      vertex 0.229706 0.0215759 0
      vertex 0.193069 0.0832825 0
      vertex 0.197296 0.0854187 0
    endloop
  endfacet
  facet normal 0 0 -1
    outer loop
      vertex 0.223236 0.0179138 0
      vertex 0.188721 0.0813599 0
      vertex 0.193069 0.0832825 0
    endloop
  endfacet
  facet normal 0 0 -1
    outer loop
      vertex 0.175217 0.076889 0
      vertex 0.195755 0.00653076 0
      vertex 0.188568 0.00453186 0
    endloop
  endfacet
  facet normal 0 0 -1
    outer loop
      vertex 0.216583 0.0145569 0
      vertex 0.184296 0.0796509 0
      vertex 0.188721 0.0813599 0
    endloop
  endfacet
  facet normal 0 0 -1
    outer loop
      vertex 0.170578 0.0758514 0
      vertex 0.188568 0.00453186 0
      vertex 0.181305 0.00291443 0
    endloop
  endfacet
  facet normal 0 0 -1
    outer loop
      vertex 0.20282 0.00886536 0
      vertex 0.179779 0.0781555 0
      vertex 0.184296 0.0796509 0
    endloop
  endfacet
  facet normal 0 0 -1
    outer loop
      vertex 0.195755 0.00653076 0
      vertex 0.175217 0.076889 0
      vertex 0.179779 0.0781555 0
    endloop
  endfacet
  facet normal 0 0 -1
    outer loop
      vertex 0.165909 0.0750427 0
      vertex 0.181305 0.00291443 0
      vertex 0.173965 0.00163269 0
    endloop
  endfacet
  facet normal 0 0 -1
    outer loop
      vertex 0.188568 0.00453186 0
      vertex 0.170578 0.0758514 0
      vertex 0.175217 0.076889 0
    endloop
  endfacet
  facet normal 0 0 -1
    outer loop
      vertex 0.161194 0.0744629 0
      vertex 0.173965 0.00163269 0
      vertex 0.16658 0.000717163 0
    endloop
  endfacet
  facet normal 0 0 -1
    outer loop
      vertex 0.181305 0.00291443 0
      vertex 0.165909 0.0750427 0
      vertex 0.170578 0.0758514 0
    endloop
  endfacet
  facet normal 0 0 -1
    outer loop
      vertex 0.173965 0.00163269 0
      vertex 0.161194 0.0744629 0
      vertex 0.165909 0.0750427 0
    endloop
  endfacet
  facet normal 0 0 -1
    outer loop
      vertex 0.156464 0.0741119 0
      vertex 0.16658 0.000717163 0
      vertex 0.159149 0.000167847 0
    endloop
  endfacet
  facet normal 0 0 -1
    outer loop
      vertex 0.16658 0.000717163 0
      vertex 0.156464 0.0741119 0
      vertex 0.161194 0.0744629 0
    endloop
  endfacet
  facet normal 0 0 -1
    outer loop
      vertex 0.151703 0.0739899 0
      vertex 0.159149 0.000167847 0
      vertex 0.151703 0 0
    endloop
  endfacet
  facet normal 0 0 -1
    outer loop
      vertex 0.159149 0.000167847 0
      vertex 0.151703 0.0739899 0
      vertex 0.156464 0.0741119 0
    endloop
  endfacet
  facet normal 0 0 -1
    outer loop
      vertex 0.144272 0.000167847 0
      vertex 0.151703 0.0739899 0
      vertex 0.151703 0 0
    endloop
  endfacet
  facet normal -0 0 -1
    outer loop
      vertex 0.151703 0.0739899 0
      vertex 0.144272 0.000167847 0
      vertex 0.146957 0.0741119 0
    endloop
  endfacet
  facet normal 0 0 -1
    outer loop
      vertex 0.136841 0.000717163 0
      vertex 0.146957 0.0741119 0
      vertex 0.144272 0.000167847 0
    endloop
  endfacet
  facet normal -0 0 -1
    outer loop
      vertex 0.146957 0.0741119 0
      vertex 0.136841 0.000717163 0
      vertex 0.142227 0.0744629 0
    endloop
  endfacet
  facet normal 0 0 -1
    outer loop
      vertex 0.129456 0.00163269 0
      vertex 0.142227 0.0744629 0
      vertex 0.136841 0.000717163 0
    endloop
  endfacet
  facet normal -0 0 -1
    outer loop
      vertex 0.142227 0.0744629 0
      vertex 0.129456 0.00163269 0
      vertex 0.137512 0.0750427 0
    endloop
  endfacet
  facet normal 0 0 -1
    outer loop
      vertex 0.122116 0.00291443 0
      vertex 0.137512 0.0750427 0
      vertex 0.129456 0.00163269 0
    endloop
  endfacet
  facet normal -0 0 -1
    outer loop
      vertex 0.137512 0.0750427 0
      vertex 0.122116 0.00291443 0
      vertex 0.132843 0.0758514 0
    endloop
  endfacet
  facet normal 0 0 -1
    outer loop
      vertex 0.114853 0.00453186 0
      vertex 0.132843 0.0758514 0
      vertex 0.122116 0.00291443 0
    endloop
  endfacet
  facet normal -0 0 -1
    outer loop
      vertex 0.132843 0.0758514 0
      vertex 0.114853 0.00453186 0
      vertex 0.128204 0.076889 0
    endloop
  endfacet
  facet normal 0 0 -1
    outer loop
      vertex 0.107666 0.00653076 0
      vertex 0.128204 0.076889 0
      vertex 0.114853 0.00453186 0
    endloop
  endfacet
  facet normal -0 0 -1
    outer loop
      vertex 0.128204 0.076889 0
      vertex 0.107666 0.00653076 0
      vertex 0.123642 0.0781555 0
    endloop
  endfacet
  facet normal 0 0 -1
    outer loop
      vertex 0.100601 0.00886536 0
      vertex 0.123642 0.0781555 0
      vertex 0.107666 0.00653076 0
    endloop
  endfacet
  facet normal -0 0 -1
    outer loop
      vertex 0.123642 0.0781555 0
      vertex 0.100601 0.00886536 0
      vertex 0.119125 0.0796509 0
    endloop
  endfacet
  facet normal 0 0 -1
    outer loop
      vertex 0.0936432 0.0115356 0
      vertex 0.119125 0.0796509 0
      vertex 0.100601 0.00886536 0
    endloop
  endfacet
  facet normal 0 0 -1
    outer loop
      vertex 0.0868378 0.0145569 0
      vertex 0.119125 0.0796509 0
      vertex 0.0936432 0.0115356 0
    endloop
  endfacet
  facet normal -0 0 -1
    outer loop
      vertex 0.119125 0.0796509 0
      vertex 0.0868378 0.0145569 0
      vertex 0.1147 0.0813599 0
    endloop
  endfacet
  facet normal 0 0 -1
    outer loop
      vertex 0.0801849 0.0179138 0
      vertex 0.1147 0.0813599 0
      vertex 0.0868378 0.0145569 0
    endloop
  endfacet
  facet normal -0 0 -1
    outer loop
      vertex 0.1147 0.0813599 0
      vertex 0.0801849 0.0179138 0
      vertex 0.110352 0.0832825 0
    endloop
  endfacet
  facet normal 0 0 -1
    outer loop
      vertex 0.0737152 0.0215759 0
      vertex 0.110352 0.0832825 0
      vertex 0.0801849 0.0179138 0
    endloop
  endfacet
  facet normal -0 0 -1
    outer loop
      vertex 0.110352 0.0832825 0
      vertex 0.0737152 0.0215759 0
      vertex 0.106125 0.0854187 0
    endloop
  endfacet
  facet normal 0 0 -1
    outer loop
      vertex 0.0674133 0.0255585 0
      vertex 0.106125 0.0854187 0
      vertex 0.0737152 0.0215759 0
    endloop
  endfacet
  facet normal -0 0 -1
    outer loop
      vertex 0.106125 0.0854187 0
      vertex 0.0674133 0.0255585 0
      vertex 0.10199 0.0877533 0
    endloop
  endfacet
  facet normal 0 0 -1
    outer loop
      vertex 0.0613251 0.0298462 0
      vertex 0.10199 0.0877533 0
      vertex 0.0674133 0.0255585 0
    endloop
  endfacet
  facet normal -0 0 -1
    outer loop
      vertex 0.10199 0.0877533 0
      vertex 0.0613251 0.0298462 0
      vertex 0.0979767 0.0902863 0
    endloop
  endfacet
  facet normal 0 0 -1
    outer loop
      vertex 0.0554657 0.0344238 0
      vertex 0.0979767 0.0902863 0
      vertex 0.0613251 0.0298462 0
    endloop
  endfacet
  facet normal -0 0 -1
    outer loop
      vertex 0.0979767 0.0902863 0
      vertex 0.0554657 0.0344238 0
      vertex 0.094101 0.0930328 0
    endloop
  endfacet
  facet normal 0 0 -1
    outer loop
      vertex 0.0498199 0.0392914 0
      vertex 0.094101 0.0930328 0
      vertex 0.0554657 0.0344238 0
    endloop
  endfacet
  facet normal -0 0 -1
    outer loop
      vertex 0.094101 0.0930328 0
      vertex 0.0498199 0.0392914 0
      vertex 0.0903473 0.0959473 0
    endloop
  endfacet
  facet normal -0 0 -1
    outer loop
      vertex 0.0903473 0.0959473 0
      vertex 0.0498199 0.0392914 0
      vertex 0.0867615 0.0990448 0
    endloop
  endfacet
  facet normal -0 0 -1
    outer loop
      vertex 0.0867615 0.0990448 0
      vertex 0.0498199 0.0392914 0
      vertex 0.083313 0.102325 0
    endloop
  endfacet
  facet normal -0 0 -1
    outer loop
      vertex 0.083313 0.102325 0
      vertex 0.0498199 0.0392914 0
      vertex 0.0800476 0.105759 0
    endloop
  endfacet
  facet normal -0 0 -1
    outer loop
      vertex 0.0800476 0.105759 0
      vertex 0.0498199 0.0392914 0
      vertex 0.0769501 0.10936 0
    endloop
  endfacet
  facet normal -0 0 -1
    outer loop
      vertex 0.0769501 0.10936 0
      vertex 0.0498199 0.0392914 0
      vertex 0.0740204 0.113098 0
    endloop
  endfacet
  facet normal -0 0 -1
    outer loop
      vertex 0.0740204 0.113098 0
      vertex 0.0498199 0.0392914 0
      vertex 0.0712891 0.116974 0
    endloop
  endfacet
  facet normal -0 0 -1
    outer loop
      vertex 0.0712891 0.116974 0
      vertex 0.0498199 0.0392914 0
      vertex 0.0687561 0.120987 0
    endloop
  endfacet
  facet normal 0 0 -1
    outer loop
      vertex 0 0.151703 0
      vertex 0.0687561 0.120987 0
      vertex 0.0498199 0.0392914 0
    endloop
  endfacet
  facet normal 0 0 -1
    outer loop
      vertex 0.0687561 0.120987 0
      vertex 0 0.151703 0
      vertex 0.0664062 0.125122 0
    endloop
  endfacet
  facet normal 0 0 -1
    outer loop
      vertex 0.0664062 0.125122 0
      vertex 0 0.151703 0
      vertex 0.0642853 0.129364 0
    endloop
  endfacet
  facet normal 0 0 -1
    outer loop
      vertex 0.0642853 0.129364 0
      vertex 0 0.151703 0
      vertex 0.0623474 0.133698 0
    endloop
  endfacet
  facet normal 0 0 -1
    outer loop
      vertex 0.0623474 0.133698 0
      vertex 0 0.151703 0
      vertex 0.0606537 0.138123 0
    endloop
  endfacet
  facet normal 0 0 -1
    outer loop
      vertex 0.0606537 0.138123 0
      vertex 0 0.151703 0
      vertex 0.0591583 0.142639 0
    endloop
  endfacet
  facet normal 0 0 -1
    outer loop
      vertex 0.0591583 0.142639 0
      vertex 0 0.151703 0
      vertex 0.0578918 0.147217 0
    endloop
  endfacet
  facet normal 0 0 -1
    outer loop
      vertex 0.0578918 0.147217 0
      vertex 0 0.151703 0
      vertex 0.0568542 0.15184 0
    endloop
  endfacet
  facet normal -0 0 -1
    outer loop
      vertex 0.0568542 0.15184 0
      vertex 0 0.151703 0
      vertex 0.0560455 0.156525 0
    endloop
  endfacet
  facet normal -0 0 -1
    outer loop
      vertex 0.0560455 0.156525 0
      vertex 0 0.151703 0
      vertex 0.0554657 0.161224 0
    endloop
  endfacet
  facet normal -0 0 -1
    outer loop
      vertex 0.0551147 0.16597 0
      vertex 0 0.151703 0
      vertex 0.0549927 0.170715 0
    endloop
  endfacet
  facet normal -0 0 -1
    outer loop
      vertex 0.0554657 0.161224 0
      vertex 0 0.151703 0
      vertex 0.0551147 0.16597 0
    endloop
  endfacet
  facet normal 0 0 -1
    outer loop
      vertex 0.303421 0.2148 0
      vertex 0.335199 0.216293 0
      vertex 0.335199 0.2148 0
    endloop
  endfacet
  facet normal -0 0 -1
    outer loop
      vertex 0.335199 0.216293 0
      vertex 0.303421 0.2148 0
      vertex 0.335199 0.273306 0
    endloop
  endfacet
  facet normal 0 0 -1
    outer loop
      vertex 0.303421 0.274799 0
      vertex 0.335199 0.273306 0
      vertex 0.303421 0.2148 0
    endloop
  endfacet
  facet normal 0 0 -1
    outer loop
      vertex 0.335199 0.273306 0
      vertex 0.303421 0.274799 0
      vertex 0.335199 0.274799 0
    endloop
  endfacet
  facet normal -0 0 -1
    outer loop
      vertex 0.300507 0.380356 0
      vertex 0.232132 0.353195 0
      vertex 0.298889 0.387619 0
    endloop
  endfacet
  facet normal 0 0 -1
    outer loop
      vertex 0.229401 0.357071 0
      vertex 0.298889 0.387619 0
      vertex 0.232132 0.353195 0
    endloop
  endfacet
  facet normal -0 0 -1
    outer loop
      vertex 0.298889 0.387619 0
      vertex 0.229401 0.357071 0
      vertex 0.29689 0.394806 0
    endloop
  endfacet
  facet normal 0 0 -1
    outer loop
      vertex 0.226471 0.360809 0
      vertex 0.29689 0.394806 0
      vertex 0.229401 0.357071 0
    endloop
  endfacet
  facet normal 0 0 -1
    outer loop
      vertex 0.221426 0.399145 0
      vertex 0.29689 0.394806 0
      vertex 0.226471 0.360809 0
    endloop
  endfacet
  facet normal 0 0 -1
    outer loop
      vertex 0.29689 0.394806 0
      vertex 0.221426 0.399145 0
      vertex 0.294556 0.401871 0
    endloop
  endfacet
  facet normal 0 -0 -1
    outer loop
      vertex 0.222525 0.402473 0
      vertex 0.294556 0.401871 0
      vertex 0.221426 0.399145 0
    endloop
  endfacet
  facet normal 0 0 -1
    outer loop
      vertex 0.225513 0.419696 0
      vertex 0.288864 0.415634 0
      vertex 0.291885 0.408813 0
    endloop
  endfacet
  facet normal 0 0 -1
    outer loop
      vertex 0.225513 0.419696 0
      vertex 0.285507 0.422272 0
      vertex 0.288864 0.415634 0
    endloop
  endfacet
  facet normal 0 0 -1
    outer loop
      vertex 0.225513 0.419696 0
      vertex 0.281845 0.428757 0
      vertex 0.285507 0.422272 0
    endloop
  endfacet
  facet normal 0 0 -1
    outer loop
      vertex 0.225513 0.419696 0
      vertex 0.277863 0.435043 0
      vertex 0.281845 0.428757 0
    endloop
  endfacet
  facet normal 0 0 -1
    outer loop
      vertex 0.225513 0.426702 0
      vertex 0.273575 0.441132 0
      vertex 0.225599 0.4232 0
    endloop
  endfacet
  facet normal 0 0 -1
    outer loop
      vertex 0.224827 0.433676 0
      vertex 0.26413 0.452652 0
      vertex 0.225256 0.430198 0
    endloop
  endfacet
  facet normal 0 0 -1
    outer loop
      vertex 0.224228 0.437129 0
      vertex 0.26413 0.452652 0
      vertex 0.224827 0.433676 0
    endloop
  endfacet
  facet normal -0 0 -1
    outer loop
      vertex 0.268997 0.447006 0
      vertex 0.225256 0.430198 0
      vertex 0.26413 0.452652 0
    endloop
  endfacet
  facet normal 0 0 -1
    outer loop
      vertex 0.225256 0.430198 0
      vertex 0.268997 0.447006 0
      vertex 0.225513 0.426702 0
    endloop
  endfacet
  facet normal -0 0 -1
    outer loop
      vertex 0.26413 0.452652 0
      vertex 0.224228 0.437129 0
      vertex 0.258987 0.458038 0
    endloop
  endfacet
  facet normal -0 0 -1
    outer loop
      vertex 0.273575 0.441132 0
      vertex 0.225513 0.426702 0
      vertex 0.268997 0.447006 0
    endloop
  endfacet
  facet normal -0 0 -1
    outer loop
      vertex 0.277863 0.435043 0
      vertex 0.225599 0.4232 0
      vertex 0.273575 0.441132 0
    endloop
  endfacet
  facet normal 0 0 -1
    outer loop
      vertex 0.22346 0.440548 0
      vertex 0.258987 0.458038 0
      vertex 0.224228 0.437129 0
    endloop
  endfacet
  facet normal -0 0 -1
    outer loop
      vertex 0.258987 0.458038 0
      vertex 0.22346 0.440548 0
      vertex 0.253601 0.463181 0
    endloop
  endfacet
  facet normal 0 0 -1
    outer loop
      vertex 0.222525 0.443926 0
      vertex 0.253601 0.463181 0
      vertex 0.22346 0.440548 0
    endloop
  endfacet
  facet normal 0 0 -1
    outer loop
      vertex 0.221426 0.447253 0
      vertex 0.253601 0.463181 0
      vertex 0.222525 0.443926 0
    endloop
  endfacet
  facet normal -0 0 -1
    outer loop
      vertex 0.253601 0.463181 0
      vertex 0.221426 0.447253 0
      vertex 0.247955 0.468033 0
    endloop
  endfacet
  facet normal 0 0 -1
    outer loop
      vertex 0.220164 0.450523 0
      vertex 0.247955 0.468033 0
      vertex 0.221426 0.447253 0
    endloop
  endfacet
  facet normal -0 0 -1
    outer loop
      vertex 0.247955 0.468033 0
      vertex 0.220164 0.450523 0
      vertex 0.242096 0.472626 0
    endloop
  endfacet
  facet normal 0 0 -1
    outer loop
      vertex 0.218744 0.453727 0
      vertex 0.242096 0.472626 0
      vertex 0.220164 0.450523 0
    endloop
  endfacet
  facet normal 0 0 -1
    outer loop
      vertex 0.217169 0.456858 0
      vertex 0.242096 0.472626 0
      vertex 0.218744 0.453727 0
    endloop
  endfacet
  facet normal -0 0 -1
    outer loop
      vertex 0.242096 0.472626 0
      vertex 0.217169 0.456858 0
      vertex 0.236008 0.476913 0
    endloop
  endfacet
  facet normal 0 0 -1
    outer loop
      vertex 0.215442 0.459907 0
      vertex 0.236008 0.476913 0
      vertex 0.217169 0.456858 0
    endloop
  endfacet
  facet normal -0 0 -1
    outer loop
      vertex 0.236008 0.476913 0
      vertex 0.215442 0.459907 0
      vertex 0.229706 0.480896 0
    endloop
  endfacet
  facet normal 0 0 -1
    outer loop
      vertex 0.213567 0.462867 0
      vertex 0.229706 0.480896 0
      vertex 0.215442 0.459907 0
    endloop
  endfacet
  facet normal 0 0 -1
    outer loop
      vertex 0.211549 0.465733 0
      vertex 0.229706 0.480896 0
      vertex 0.213567 0.462867 0
    endloop
  endfacet
  facet normal -0 0 -1
    outer loop
      vertex 0.229706 0.480896 0
      vertex 0.211549 0.465733 0
      vertex 0.223236 0.484558 0
    endloop
  endfacet
  facet normal 0 0 -1
    outer loop
      vertex 0.209393 0.468495 0
      vertex 0.223236 0.484558 0
      vertex 0.211549 0.465733 0
    endloop
  endfacet
  facet normal 0 0 -1
    outer loop
      vertex 0.207104 0.471148 0
      vertex 0.223236 0.484558 0
      vertex 0.209393 0.468495 0
    endloop
  endfacet
  facet normal -0 0 -1
    outer loop
      vertex 0.223236 0.484558 0
      vertex 0.207104 0.471148 0
      vertex 0.216583 0.487915 0
    endloop
  endfacet
  facet normal 0 0 -1
    outer loop
      vertex 0.204687 0.473687 0
      vertex 0.216583 0.487915 0
      vertex 0.207104 0.471148 0
    endloop
  endfacet
  facet normal -0 0 -1
    outer loop
      vertex 0.216583 0.487915 0
      vertex 0.204687 0.473687 0
      vertex 0.209778 0.490921 0
    endloop
  endfacet
  facet normal 0 0 -1
    outer loop
      vertex 0.202148 0.476104 0
      vertex 0.209778 0.490921 0
      vertex 0.204687 0.473687 0
    endloop
  endfacet
  facet normal 0 0 -1
    outer loop
      vertex 0.199495 0.478393 0
      vertex 0.209778 0.490921 0
      vertex 0.202148 0.476104 0
    endloop
  endfacet
  facet normal -0 0 -1
    outer loop
      vertex 0.209778 0.490921 0
      vertex 0.199495 0.478393 0
      vertex 0.20282 0.493607 0
    endloop
  endfacet
  facet normal 0 0 -1
    outer loop
      vertex 0.196733 0.480549 0
      vertex 0.20282 0.493607 0
      vertex 0.199495 0.478393 0
    endloop
  endfacet
  facet normal 0 0 -1
    outer loop
      vertex 0.193868 0.482567 0
      vertex 0.20282 0.493607 0
      vertex 0.196733 0.480549 0
    endloop
  endfacet
  facet normal -0 0 -1
    outer loop
      vertex 0.20282 0.493607 0
      vertex 0.193868 0.482567 0
      vertex 0.195755 0.495941 0
    endloop
  endfacet
  facet normal 0 0 -1
    outer loop
      vertex 0.190907 0.484442 0
      vertex 0.195755 0.495941 0
      vertex 0.193868 0.482567 0
    endloop
  endfacet
  facet normal 0 0 -1
    outer loop
      vertex 0.187858 0.486169 0
      vertex 0.195755 0.495941 0
      vertex 0.190907 0.484442 0
    endloop
  endfacet
  facet normal -0 0 -1
    outer loop
      vertex 0.195755 0.495941 0
      vertex 0.187858 0.486169 0
      vertex 0.188568 0.497925 0
    endloop
  endfacet
  facet normal 0 0 -1
    outer loop
      vertex 0.184727 0.487744 0
      vertex 0.188568 0.497925 0
      vertex 0.187858 0.486169 0
    endloop
  endfacet
  facet normal 0 0 -1
    outer loop
      vertex 0.181523 0.489164 0
      vertex 0.188568 0.497925 0
      vertex 0.184727 0.487744 0
    endloop
  endfacet
  facet normal 0 0 -1
    outer loop
      vertex 0.181523 0.489164 0
      vertex 0.181305 0.499557 0
      vertex 0.188568 0.497925 0
    endloop
  endfacet
  facet normal 0 0 -1
    outer loop
      vertex 0.178253 0.490426 0
      vertex 0.181305 0.499557 0
      vertex 0.181523 0.489164 0
    endloop
  endfacet
  facet normal 0 0 -1
    outer loop
      vertex 0.174926 0.491525 0
      vertex 0.181305 0.499557 0
      vertex 0.178253 0.490426 0
    endloop
  endfacet
  facet normal 0 0 -1
    outer loop
      vertex 0.174926 0.491525 0
      vertex 0.173965 0.500839 0
      vertex 0.181305 0.499557 0
    endloop
  endfacet
  facet normal 0 0 -1
    outer loop
      vertex 0.171548 0.492459 0
      vertex 0.173965 0.500839 0
      vertex 0.174926 0.491525 0
    endloop
  endfacet
  facet normal 0 0 -1
    outer loop
      vertex 0.168129 0.493228 0
      vertex 0.173965 0.500839 0
      vertex 0.171548 0.492459 0
    endloop
  endfacet
  facet normal 0 0 -1
    outer loop
      vertex 0.168129 0.493228 0
      vertex 0.16658 0.50174 0
      vertex 0.173965 0.500839 0
    endloop
  endfacet
  facet normal 0 0 -1
    outer loop
      vertex 0.164676 0.493827 0
      vertex 0.16658 0.50174 0
      vertex 0.168129 0.493228 0
    endloop
  endfacet
  facet normal 0 0 -1
    outer loop
      vertex 0.161198 0.494256 0
      vertex 0.16658 0.50174 0
      vertex 0.164676 0.493827 0
    endloop
  endfacet
  facet normal 0 0 -1
    outer loop
      vertex 0.161198 0.494256 0
      vertex 0.159149 0.502289 0
      vertex 0.16658 0.50174 0
    endloop
  endfacet
  facet normal 0 0 -1
    outer loop
      vertex 0.157703 0.494514 0
      vertex 0.159149 0.502289 0
      vertex 0.161198 0.494256 0
    endloop
  endfacet
  facet normal 0 0 -1
    outer loop
      vertex 0.1542 0.494599 0
      vertex 0.159149 0.502289 0
      vertex 0.157703 0.494514 0
    endloop
  endfacet
  facet normal 0 0 -1
    outer loop
      vertex 0.1542 0.494599 0
      vertex 0.151703 0.502472 0
      vertex 0.159149 0.502289 0
    endloop
  endfacet
  facet normal 0 0 -1
    outer loop
      vertex 0.150696 0.494514 0
      vertex 0.151703 0.502472 0
      vertex 0.1542 0.494599 0
    endloop
  endfacet
  facet normal 0 0 -1
    outer loop
      vertex 0.147202 0.494256 0
      vertex 0.151703 0.502472 0
      vertex 0.150696 0.494514 0
    endloop
  endfacet
  facet normal 0 0 -1
    outer loop
      vertex 0.147202 0.494256 0
      vertex 0.144272 0.502289 0
      vertex 0.151703 0.502472 0
    endloop
  endfacet
  facet normal 0 0 -1
    outer loop
      vertex 0.143723 0.493827 0
      vertex 0.144272 0.502289 0
      vertex 0.147202 0.494256 0
    endloop
  endfacet
  facet normal 0 0 -1
    outer loop
      vertex 0.14027 0.493228 0
      vertex 0.144272 0.502289 0
      vertex 0.143723 0.493827 0
    endloop
  endfacet
  facet normal 0 0 -1
    outer loop
      vertex 0.136841 0.50174 0
      vertex 0.14027 0.493228 0
      vertex 0.13685 0.492459 0
    endloop
  endfacet
  facet normal 0 0 -1
    outer loop
      vertex 0.14027 0.493228 0
      vertex 0.136841 0.50174 0
      vertex 0.144272 0.502289 0
    endloop
  endfacet
  facet normal 0 0 -1
    outer loop
      vertex 0.133473 0.491525 0
      vertex 0.136841 0.50174 0
      vertex 0.13685 0.492459 0
    endloop
  endfacet
  facet normal 0 0 -1
    outer loop
      vertex 0.129456 0.500839 0
      vertex 0.133473 0.491525 0
      vertex 0.130146 0.490426 0
    endloop
  endfacet
  facet normal 0 0 -1
    outer loop
      vertex 0.133473 0.491525 0
      vertex 0.129456 0.500839 0
      vertex 0.136841 0.50174 0
    endloop
  endfacet
  facet normal 0 0 -1
    outer loop
      vertex 0.122116 0.499557 0
      vertex 0.130146 0.490426 0
      vertex 0.126876 0.489164 0
    endloop
  endfacet
  facet normal 0 0 -1
    outer loop
      vertex 0.122116 0.499557 0
      vertex 0.126876 0.489164 0
      vertex 0.123672 0.487744 0
    endloop
  endfacet
  facet normal 0 0 -1
    outer loop
      vertex 0.130146 0.490426 0
      vertex 0.122116 0.499557 0
      vertex 0.129456 0.500839 0
    endloop
  endfacet
  facet normal 0 0 -1
    outer loop
      vertex 0.114853 0.497925 0
      vertex 0.123672 0.487744 0
      vertex 0.120542 0.486169 0
    endloop
  endfacet
  facet normal 0 0 -1
    outer loop
      vertex 0.114853 0.497925 0
      vertex 0.120542 0.486169 0
      vertex 0.117493 0.484442 0
    endloop
  endfacet
  facet normal 0 0 -1
    outer loop
      vertex 0.123672 0.487744 0
      vertex 0.114853 0.497925 0
      vertex 0.122116 0.499557 0
    endloop
  endfacet
  facet normal 0 0 -1
    outer loop
      vertex 0.107666 0.495941 0
      vertex 0.117493 0.484442 0
      vertex 0.114532 0.482567 0
    endloop
  endfacet
  facet normal 0 0 -1
    outer loop
      vertex 0.107666 0.495941 0
      vertex 0.114532 0.482567 0
      vertex 0.111667 0.480549 0
    endloop
  endfacet
  facet normal 0 0 -1
    outer loop
      vertex 0.100601 0.493607 0
      vertex 0.111667 0.480549 0
      vertex 0.108904 0.478393 0
    endloop
  endfacet
  facet normal 0 0 -1
    outer loop
      vertex 0.117493 0.484442 0
      vertex 0.107666 0.495941 0
      vertex 0.114853 0.497925 0
    endloop
  endfacet
  facet normal 0 0 -1
    outer loop
      vertex 0.100601 0.493607 0
      vertex 0.108904 0.478393 0
      vertex 0.10625 0.476104 0
    endloop
  endfacet
  facet normal 0 0 -1
    outer loop
      vertex 0.0936432 0.490921 0
      vertex 0.10625 0.476104 0
      vertex 0.103712 0.473687 0
    endloop
  endfacet
  facet normal 0 0 -1
    outer loop
      vertex 0.0936432 0.490921 0
      vertex 0.103712 0.473687 0
      vertex 0.101295 0.471148 0
    endloop
  endfacet
  facet normal 0 0 -1
    outer loop
      vertex 0.111667 0.480549 0
      vertex 0.100601 0.493607 0
      vertex 0.107666 0.495941 0
    endloop
  endfacet
  facet normal 0 0 -1
    outer loop
      vertex 0.0868378 0.487915 0
      vertex 0.101295 0.471148 0
      vertex 0.0990067 0.468495 0
    endloop
  endfacet
  facet normal 0 0 -1
    outer loop
      vertex 0.0801849 0.484558 0
      vertex 0.0990067 0.468495 0
      vertex 0.0968504 0.465733 0
    endloop
  endfacet
  facet normal 0 0 -1
    outer loop
      vertex 0.0801849 0.484558 0
      vertex 0.0968504 0.465733 0
      vertex 0.0948324 0.462867 0
    endloop
  endfacet
  facet normal 0 0 -1
    outer loop
      vertex 0.10625 0.476104 0
      vertex 0.0936432 0.490921 0
      vertex 0.100601 0.493607 0
    endloop
  endfacet
  facet normal 0 0 -1
    outer loop
      vertex 0.0801849 0.484558 0
      vertex 0.0948324 0.462867 0
      vertex 0.0929575 0.459907 0
    endloop
  endfacet
  facet normal 0 0 -1
    outer loop
      vertex 0.0801849 0.484558 0
      vertex 0.0929575 0.459907 0
      vertex 0.0912304 0.456858 0
    endloop
  endfacet
  facet normal 0 0 -1
    outer loop
      vertex 0.0801849 0.484558 0
      vertex 0.0912304 0.456858 0
      vertex 0.0896549 0.453727 0
    endloop
  endfacet
  facet normal 0 0 -1
    outer loop
      vertex 0.0801849 0.484558 0
      vertex 0.0896549 0.453727 0
      vertex 0.0882349 0.450523 0
    endloop
  endfacet
  facet normal 0 0 -1
    outer loop
      vertex 0.0801849 0.484558 0
      vertex 0.0882349 0.450523 0
      vertex 0.0869732 0.447253 0
    endloop
  endfacet
  facet normal 0 0 -1
    outer loop
      vertex 0.101295 0.471148 0
      vertex 0.0868378 0.487915 0
      vertex 0.0936432 0.490921 0
    endloop
  endfacet
  facet normal 0 0 -1
    outer loop
      vertex 0.0801849 0.484558 0
      vertex 0.0869732 0.447253 0
      vertex 0.0858736 0.443926 0
    endloop
  endfacet
  facet normal 0 0 -1
    outer loop
      vertex 0.0801849 0.484558 0
      vertex 0.0858736 0.443926 0
      vertex 0.084939 0.440548 0
    endloop
  endfacet
  facet normal 0 0 -1
    outer loop
      vertex 0.0801849 0.484558 0
      vertex 0.084939 0.440548 0
      vertex 0.0841713 0.437129 0
    endloop
  endfacet
  facet normal 0 0 -1
    outer loop
      vertex 0.0801849 0.484558 0
      vertex 0.0841713 0.437129 0
      vertex 0.0835724 0.433676 0
    endloop
  endfacet
  facet normal 0 0 -1
    outer loop
      vertex 0.0801849 0.484558 0
      vertex 0.0835724 0.433676 0
      vertex 0.0831432 0.430198 0
    endloop
  endfacet
  facet normal 0 0 -1
    outer loop
      vertex 0.0801849 0.484558 0
      vertex 0.0831432 0.430198 0
      vertex 0.0828857 0.426702 0
    endloop
  endfacet
  facet normal 0 0 -1
    outer loop
      vertex 0.0990067 0.468495 0
      vertex 0.0801849 0.484558 0
      vertex 0.0868378 0.487915 0
    endloop
  endfacet
  facet normal 0 0 -1
    outer loop
      vertex 0.0801849 0.484558 0
      vertex 0.0828857 0.426702 0
      vertex 0.0827999 0.4232 0
    endloop
  endfacet
  facet normal 0 0 -1
    outer loop
      vertex 0.717199 0.2448 0
      vertex 0.75 0.2448 0
      vertex 0.749748 0.234573 0
    endloop
  endfacet
  facet normal 0 0 -1
    outer loop
      vertex 0.716988 0.236183 0
      vertex 0.749748 0.234573 0
      vertex 0.748996 0.224373 0
    endloop
  endfacet
  facet normal 0 0 -1
    outer loop
      vertex 0.75 0.2448 0
      vertex 0.717199 0.2448 0
      vertex 0.749748 0.255025 0
    endloop
  endfacet
  facet normal 0 0 -1
    outer loop
      vertex 0.716354 0.227588 0
      vertex 0.748996 0.224373 0
      vertex 0.747744 0.214221 0
    endloop
  endfacet
  facet normal 0 0 -1
    outer loop
      vertex 0.716988 0.253416 0
      vertex 0.749748 0.255025 0
      vertex 0.717199 0.2448 0
    endloop
  endfacet
  facet normal 0 0 -1
    outer loop
      vertex 0.715299 0.219033 0
      vertex 0.747744 0.214221 0
      vertex 0.745996 0.204143 0
    endloop
  endfacet
  facet normal -0 0 -1
    outer loop
      vertex 0.749748 0.255025 0
      vertex 0.716988 0.253416 0
      vertex 0.748996 0.265226 0
    endloop
  endfacet
  facet normal 0 0 -1
    outer loop
      vertex 0.713825 0.210542 0
      vertex 0.745996 0.204143 0
      vertex 0.743754 0.194162 0
    endloop
  endfacet
  facet normal 0 0 -1
    outer loop
      vertex 0.716354 0.262012 0
      vertex 0.748996 0.265226 0
      vertex 0.716988 0.253416 0
    endloop
  endfacet
  facet normal 0 0 -1
    outer loop
      vertex 0.711937 0.202132 0
      vertex 0.743754 0.194162 0
      vertex 0.741026 0.184304 0
    endloop
  endfacet
  facet normal -0 0 -1
    outer loop
      vertex 0.748996 0.265226 0
      vertex 0.716354 0.262012 0
      vertex 0.747744 0.275378 0
    endloop
  endfacet
  facet normal 0 0 -1
    outer loop
      vertex 0.709639 0.193826 0
      vertex 0.741026 0.184304 0
      vertex 0.737818 0.174592 0
    endloop
  endfacet
  facet normal 0 0 -1
    outer loop
      vertex 0.715299 0.270565 0
      vertex 0.747744 0.275378 0
      vertex 0.716354 0.262012 0
    endloop
  endfacet
  facet normal 0 0 -1
    outer loop
      vertex 0.706935 0.185641 0
      vertex 0.737818 0.174592 0
      vertex 0.734136 0.165049 0
    endloop
  endfacet
  facet normal -0 0 -1
    outer loop
      vertex 0.747744 0.275378 0
      vertex 0.715299 0.270565 0
      vertex 0.745996 0.285457 0
    endloop
  endfacet
  facet normal 0 0 -1
    outer loop
      vertex 0.703833 0.1776 0
      vertex 0.734136 0.165049 0
      vertex 0.729991 0.155697 0
    endloop
  endfacet
  facet normal 0 0 -1
    outer loop
      vertex 0.713825 0.279058 0
      vertex 0.745996 0.285457 0
      vertex 0.715299 0.270565 0
    endloop
  endfacet
  facet normal 0 0 -1
    outer loop
      vertex 0.70034 0.169721 0
      vertex 0.729991 0.155697 0
      vertex 0.725392 0.146561 0
    endloop
  endfacet
  facet normal -0 0 -1
    outer loop
      vertex 0.745996 0.285457 0
      vertex 0.713825 0.279058 0
      vertex 0.743754 0.295437 0
    endloop
  endfacet
  facet normal 0 0 -1
    outer loop
      vertex 0.696465 0.162023 0
      vertex 0.725392 0.146561 0
      vertex 0.72035 0.137661 0
    endloop
  endfacet
  facet normal 0 0 -1
    outer loop
      vertex 0.711937 0.287467 0
      vertex 0.743754 0.295437 0
      vertex 0.713825 0.279058 0
    endloop
  endfacet
  facet normal -0 0 -1
    outer loop
      vertex 0.743754 0.295437 0
      vertex 0.711937 0.287467 0
      vertex 0.741026 0.305295 0
    endloop
  endfacet
  facet normal 0 0 -1
    outer loop
      vertex 0.749748 0.234573 0
      vertex 0.716988 0.236183 0
      vertex 0.717199 0.2448 0
    endloop
  endfacet
  facet normal 0 0 -1
    outer loop
      vertex 0.748996 0.224373 0
      vertex 0.716354 0.227588 0
      vertex 0.716988 0.236183 0
    endloop
  endfacet
  facet normal 0 0 -1
    outer loop
      vertex 0.747744 0.214221 0
      vertex 0.715299 0.219033 0
      vertex 0.716354 0.227588 0
    endloop
  endfacet
  facet normal 0 0 -1
    outer loop
      vertex 0.692217 0.154523 0
      vertex 0.72035 0.137661 0
      vertex 0.714878 0.129019 0
    endloop
  endfacet
  facet normal 0 0 -1
    outer loop
      vertex 0.745996 0.204143 0
      vertex 0.713825 0.210542 0
      vertex 0.715299 0.219033 0
    endloop
  endfacet
  facet normal 0 0 -1
    outer loop
      vertex 0.743754 0.194162 0
      vertex 0.711937 0.202132 0
      vertex 0.713825 0.210542 0
    endloop
  endfacet
  facet normal 0 0 -1
    outer loop
      vertex 0.741026 0.184304 0
      vertex 0.709639 0.193826 0
      vertex 0.711937 0.202132 0
    endloop
  endfacet
  facet normal 0 0 -1
    outer loop
      vertex 0.687606 0.147242 0
      vertex 0.714878 0.129019 0
      vertex 0.708988 0.120656 0
    endloop
  endfacet
  facet normal 0 0 -1
    outer loop
      vertex 0.737818 0.174592 0
      vertex 0.706935 0.185641 0
      vertex 0.709639 0.193826 0
    endloop
  endfacet
  facet normal 0 0 -1
    outer loop
      vertex 0.734136 0.165049 0
      vertex 0.703833 0.1776 0
      vertex 0.706935 0.185641 0
    endloop
  endfacet
  facet normal 0 0 -1
    outer loop
      vertex 0.682643 0.140195 0
      vertex 0.708988 0.120656 0
      vertex 0.702695 0.112592 0
    endloop
  endfacet
  facet normal 0 0 -1
    outer loop
      vertex 0.729991 0.155697 0
      vertex 0.70034 0.169721 0
      vertex 0.703833 0.1776 0
    endloop
  endfacet
  facet normal 0 0 -1
    outer loop
      vertex 0.725392 0.146561 0
      vertex 0.696465 0.162023 0
      vertex 0.70034 0.169721 0
    endloop
  endfacet
  facet normal 0 0 -1
    outer loop
      vertex 0.677341 0.1334 0
      vertex 0.702695 0.112592 0
      vertex 0.696013 0.104847 0
    endloop
  endfacet
  facet normal 0 0 -1
    outer loop
      vertex 0.72035 0.137661 0
      vertex 0.692217 0.154523 0
      vertex 0.696465 0.162023 0
    endloop
  endfacet
  facet normal 0 0 -1
    outer loop
      vertex 0.671711 0.126874 0
      vertex 0.696013 0.104847 0
      vertex 0.688961 0.0974388 0
    endloop
  endfacet
  facet normal 0 0 -1
    outer loop
      vertex 0.714878 0.129019 0
      vertex 0.687606 0.147242 0
      vertex 0.692217 0.154523 0
    endloop
  endfacet
  facet normal 0 0 -1
    outer loop
      vertex 0.708988 0.120656 0
      vertex 0.682643 0.140195 0
      vertex 0.687606 0.147242 0
    endloop
  endfacet
  facet normal 0 0 -1
    outer loop
      vertex 0.665768 0.120631 0
      vertex 0.688961 0.0974388 0
      vertex 0.681552 0.0903854 0
    endloop
  endfacet
  facet normal 0 0 -1
    outer loop
      vertex 0.702695 0.112592 0
      vertex 0.677341 0.1334 0
      vertex 0.682643 0.140195 0
    endloop
  endfacet
  facet normal 0 0 -1
    outer loop
      vertex 0.659525 0.114689 0
      vertex 0.681552 0.0903854 0
      vertex 0.673807 0.083704 0
    endloop
  endfacet
  facet normal 0 0 -1
    outer loop
      vertex 0.696013 0.104847 0
      vertex 0.671711 0.126874 0
      vertex 0.677341 0.1334 0
    endloop
  endfacet
  facet normal 0 0 -1
    outer loop
      vertex 0.688961 0.0974388 0
      vertex 0.665768 0.120631 0
      vertex 0.671711 0.126874 0
    endloop
  endfacet
  facet normal 0 0 -1
    outer loop
      vertex 0.652999 0.109059 0
      vertex 0.673807 0.083704 0
      vertex 0.665743 0.0774107 0
    endloop
  endfacet
  facet normal 0 0 -1
    outer loop
      vertex 0.681552 0.0903854 0
      vertex 0.659525 0.114689 0
      vertex 0.665768 0.120631 0
    endloop
  endfacet
  facet normal 0 0 -1
    outer loop
      vertex 0.646204 0.103756 0
      vertex 0.665743 0.0774107 0
      vertex 0.65738 0.0715208 0
    endloop
  endfacet
  facet normal 0 0 -1
    outer loop
      vertex 0.673807 0.083704 0
      vertex 0.652999 0.109059 0
      vertex 0.659525 0.114689 0
    endloop
  endfacet
  facet normal 0 0 -1
    outer loop
      vertex 0.639157 0.098793 0
      vertex 0.65738 0.0715208 0
      vertex 0.648739 0.0660486 0
    endloop
  endfacet
  facet normal 0 0 -1
    outer loop
      vertex 0.665743 0.0774107 0
      vertex 0.646204 0.103756 0
      vertex 0.652999 0.109059 0
    endloop
  endfacet
  facet normal 0 0 -1
    outer loop
      vertex 0.631876 0.094182 0
      vertex 0.648739 0.0660486 0
      vertex 0.639838 0.0610075 0
    endloop
  endfacet
  facet normal 0 0 -1
    outer loop
      vertex 0.65738 0.0715208 0
      vertex 0.639157 0.098793 0
      vertex 0.646204 0.103756 0
    endloop
  endfacet
  facet normal 0 0 -1
    outer loop
      vertex 0.648739 0.0660486 0
      vertex 0.631876 0.094182 0
      vertex 0.639157 0.098793 0
    endloop
  endfacet
  facet normal 0 0 -1
    outer loop
      vertex 0.624377 0.0899343 0
      vertex 0.639838 0.0610075 0
      vertex 0.630702 0.0564079 0
    endloop
  endfacet
  facet normal 0 0 -1
    outer loop
      vertex 0.639838 0.0610075 0
      vertex 0.624377 0.0899343 0
      vertex 0.631876 0.094182 0
    endloop
  endfacet
  facet normal 0 0 -1
    outer loop
      vertex 0.616678 0.0860586 0
      vertex 0.630702 0.0564079 0
      vertex 0.62135 0.0522633 0
    endloop
  endfacet
  facet normal 0 0 -1
    outer loop
      vertex 0.630702 0.0564079 0
      vertex 0.616678 0.0860586 0
      vertex 0.624377 0.0899343 0
    endloop
  endfacet
  facet normal 0 0 -1
    outer loop
      vertex 0.608799 0.0825663 0
      vertex 0.62135 0.0522633 0
      vertex 0.611808 0.0485821 0
    endloop
  endfacet
  facet normal 0 0 -1
    outer loop
      vertex 0.62135 0.0522633 0
      vertex 0.608799 0.0825663 0
      vertex 0.616678 0.0860586 0
    endloop
  endfacet
  facet normal 0 0 -1
    outer loop
      vertex 0.600758 0.079464 0
      vertex 0.611808 0.0485821 0
      vertex 0.602095 0.045373 0
    endloop
  endfacet
  facet normal 0 0 -1
    outer loop
      vertex 0.611808 0.0485821 0
      vertex 0.600758 0.079464 0
      vertex 0.608799 0.0825663 0
    endloop
  endfacet
  facet normal 0 0 -1
    outer loop
      vertex 0.602095 0.045373 0
      vertex 0.592573 0.0767612 0
      vertex 0.600758 0.079464 0
    endloop
  endfacet
  facet normal 0 0 -1
    outer loop
      vertex 0.592237 0.0426455 0
      vertex 0.592573 0.0767612 0
      vertex 0.602095 0.045373 0
    endloop
  endfacet
  facet normal 0 0 -1
    outer loop
      vertex 0.592237 0.0426455 0
      vertex 0.584267 0.0744619 0
      vertex 0.592573 0.0767612 0
    endloop
  endfacet
  facet normal 0 0 -1
    outer loop
      vertex 0.582256 0.0404043 0
      vertex 0.584267 0.0744619 0
      vertex 0.592237 0.0426455 0
    endloop
  endfacet
  facet normal 0 0 -1
    outer loop
      vertex 0.582256 0.0404043 0
      vertex 0.575857 0.0725737 0
      vertex 0.584267 0.0744619 0
    endloop
  endfacet
  facet normal 0 0 -1
    outer loop
      vertex 0.572178 0.0386553 0
      vertex 0.575857 0.0725737 0
      vertex 0.582256 0.0404043 0
    endloop
  endfacet
  facet normal 0 0 -1
    outer loop
      vertex 0.572178 0.0386553 0
      vertex 0.567366 0.0711002 0
      vertex 0.575857 0.0725737 0
    endloop
  endfacet
  facet normal 0 0 -1
    outer loop
      vertex 0.562026 0.0374031 0
      vertex 0.567366 0.0711002 0
      vertex 0.572178 0.0386553 0
    endloop
  endfacet
  facet normal 0 0 -1
    outer loop
      vertex 0.562026 0.0374031 0
      vertex 0.558811 0.0700455 0
      vertex 0.567366 0.0711002 0
    endloop
  endfacet
  facet normal 0 0 -1
    outer loop
      vertex 0.551826 0.0366507 0
      vertex 0.558811 0.0700455 0
      vertex 0.562026 0.0374031 0
    endloop
  endfacet
  facet normal 0 0 -1
    outer loop
      vertex 0.551826 0.0366507 0
      vertex 0.550216 0.0694113 0
      vertex 0.558811 0.0700455 0
    endloop
  endfacet
  facet normal 0 0 -1
    outer loop
      vertex 0.541599 0.0363998 0
      vertex 0.550216 0.0694113 0
      vertex 0.551826 0.0366507 0
    endloop
  endfacet
  facet normal 0 0 -1
    outer loop
      vertex 0.541599 0.0363998 0
      vertex 0.541599 0.0691996 0
      vertex 0.550216 0.0694113 0
    endloop
  endfacet
  facet normal 0 0 -1
    outer loop
      vertex 0.541599 0.0363998 0
      vertex 0.532983 0.0694113 0
      vertex 0.541599 0.0691996 0
    endloop
  endfacet
  facet normal 0 0 -1
    outer loop
      vertex 0.531374 0.0366507 0
      vertex 0.532983 0.0694113 0
      vertex 0.541599 0.0363998 0
    endloop
  endfacet
  facet normal 0 0 -1
    outer loop
      vertex 0.531374 0.0366507 0
      vertex 0.524387 0.0700455 0
      vertex 0.532983 0.0694113 0
    endloop
  endfacet
  facet normal 0 0 -1
    outer loop
      vertex 0.521173 0.0374031 0
      vertex 0.524387 0.0700455 0
      vertex 0.531374 0.0366507 0
    endloop
  endfacet
  facet normal 0 0 -1
    outer loop
      vertex 0.521173 0.0374031 0
      vertex 0.515834 0.0711002 0
      vertex 0.524387 0.0700455 0
    endloop
  endfacet
  facet normal 0 0 -1
    outer loop
      vertex 0.511021 0.0386553 0
      vertex 0.515834 0.0711002 0
      vertex 0.521173 0.0374031 0
    endloop
  endfacet
  facet normal 0 0 -1
    outer loop
      vertex 0.511021 0.0386553 0
      vertex 0.507341 0.0725737 0
      vertex 0.515834 0.0711002 0
    endloop
  endfacet
  facet normal 0 0 -1
    outer loop
      vertex 0.500942 0.0404043 0
      vertex 0.507341 0.0725737 0
      vertex 0.511021 0.0386553 0
    endloop
  endfacet
  facet normal 0 0 -1
    outer loop
      vertex 0.500942 0.0404043 0
      vertex 0.498932 0.0744619 0
      vertex 0.507341 0.0725737 0
    endloop
  endfacet
  facet normal 0 0 -1
    outer loop
      vertex 0.490962 0.0426455 0
      vertex 0.498932 0.0744619 0
      vertex 0.500942 0.0404043 0
    endloop
  endfacet
  facet normal 0 0 -1
    outer loop
      vertex 0.490962 0.0426455 0
      vertex 0.490625 0.0767612 0
      vertex 0.498932 0.0744619 0
    endloop
  endfacet
  facet normal 0 0 -1
    outer loop
      vertex 0.481104 0.045373 0
      vertex 0.490625 0.0767612 0
      vertex 0.490962 0.0426455 0
    endloop
  endfacet
  facet normal -0 0 -1
    outer loop
      vertex 0.490625 0.0767612 0
      vertex 0.481104 0.045373 0
      vertex 0.482442 0.079464 0
    endloop
  endfacet
  facet normal 0 0 -1
    outer loop
      vertex 0.471392 0.0485821 0
      vertex 0.482442 0.079464 0
      vertex 0.481104 0.045373 0
    endloop
  endfacet
  facet normal -0 0 -1
    outer loop
      vertex 0.482442 0.079464 0
      vertex 0.471392 0.0485821 0
      vertex 0.474401 0.0825663 0
    endloop
  endfacet
  facet normal 0 0 -1
    outer loop
      vertex 0.461848 0.0522633 0
      vertex 0.474401 0.0825663 0
      vertex 0.471392 0.0485821 0
    endloop
  endfacet
  facet normal -0 0 -1
    outer loop
      vertex 0.474401 0.0825663 0
      vertex 0.461848 0.0522633 0
      vertex 0.466521 0.0860586 0
    endloop
  endfacet
  facet normal 0 0 -1
    outer loop
      vertex 0.452497 0.0564079 0
      vertex 0.466521 0.0860586 0
      vertex 0.461848 0.0522633 0
    endloop
  endfacet
  facet normal -0 0 -1
    outer loop
      vertex 0.466521 0.0860586 0
      vertex 0.452497 0.0564079 0
      vertex 0.458822 0.0899343 0
    endloop
  endfacet
  facet normal 0 0 -1
    outer loop
      vertex 0.44336 0.0610075 0
      vertex 0.458822 0.0899343 0
      vertex 0.452497 0.0564079 0
    endloop
  endfacet
  facet normal -0 0 -1
    outer loop
      vertex 0.458822 0.0899343 0
      vertex 0.44336 0.0610075 0
      vertex 0.451324 0.094182 0
    endloop
  endfacet
  facet normal 0 0 -1
    outer loop
      vertex 0.434461 0.0660486 0
      vertex 0.451324 0.094182 0
      vertex 0.44336 0.0610075 0
    endloop
  endfacet
  facet normal -0 0 -1
    outer loop
      vertex 0.451324 0.094182 0
      vertex 0.434461 0.0660486 0
      vertex 0.444041 0.098793 0
    endloop
  endfacet
  facet normal 0 0 -1
    outer loop
      vertex 0.425818 0.0715208 0
      vertex 0.444041 0.098793 0
      vertex 0.434461 0.0660486 0
    endloop
  endfacet
  facet normal -0 0 -1
    outer loop
      vertex 0.444041 0.098793 0
      vertex 0.425818 0.0715208 0
      vertex 0.436995 0.103756 0
    endloop
  endfacet
  facet normal 0 0 -1
    outer loop
      vertex 0.417456 0.0774107 0
      vertex 0.436995 0.103756 0
      vertex 0.425818 0.0715208 0
    endloop
  endfacet
  facet normal -0 0 -1
    outer loop
      vertex 0.436995 0.103756 0
      vertex 0.417456 0.0774107 0
      vertex 0.4302 0.109059 0
    endloop
  endfacet
  facet normal 0 0 -1
    outer loop
      vertex 0.409392 0.083704 0
      vertex 0.4302 0.109059 0
      vertex 0.417456 0.0774107 0
    endloop
  endfacet
  facet normal -0 0 -1
    outer loop
      vertex 0.4302 0.109059 0
      vertex 0.409392 0.083704 0
      vertex 0.423674 0.114689 0
    endloop
  endfacet
  facet normal 0 0 -1
    outer loop
      vertex 0.401647 0.0903854 0
      vertex 0.423674 0.114689 0
      vertex 0.409392 0.083704 0
    endloop
  endfacet
  facet normal -0 0 -1
    outer loop
      vertex 0.423674 0.114689 0
      vertex 0.401647 0.0903854 0
      vertex 0.417432 0.120631 0
    endloop
  endfacet
  facet normal 0 0 -1
    outer loop
      vertex 0.394238 0.0974388 0
      vertex 0.417432 0.120631 0
      vertex 0.401647 0.0903854 0
    endloop
  endfacet
  facet normal -0 0 -1
    outer loop
      vertex 0.417432 0.120631 0
      vertex 0.394238 0.0974388 0
      vertex 0.411489 0.126874 0
    endloop
  endfacet
  facet normal 0 0 -1
    outer loop
      vertex 0.387185 0.104847 0
      vertex 0.411489 0.126874 0
      vertex 0.394238 0.0974388 0
    endloop
  endfacet
  facet normal -0 0 -1
    outer loop
      vertex 0.411489 0.126874 0
      vertex 0.387185 0.104847 0
      vertex 0.405859 0.1334 0
    endloop
  endfacet
  facet normal 0 0 -1
    outer loop
      vertex 0.380505 0.112592 0
      vertex 0.405859 0.1334 0
      vertex 0.387185 0.104847 0
    endloop
  endfacet
  facet normal -0 0 -1
    outer loop
      vertex 0.405859 0.1334 0
      vertex 0.380505 0.112592 0
      vertex 0.400557 0.140195 0
    endloop
  endfacet
  facet normal 0 0 -1
    outer loop
      vertex 0.374211 0.120656 0
      vertex 0.400557 0.140195 0
      vertex 0.380505 0.112592 0
    endloop
  endfacet
  facet normal -0 0 -1
    outer loop
      vertex 0.400557 0.140195 0
      vertex 0.374211 0.120656 0
      vertex 0.395594 0.147242 0
    endloop
  endfacet
  facet normal 0 0 -1
    outer loop
      vertex 0.368321 0.129019 0
      vertex 0.395594 0.147242 0
      vertex 0.374211 0.120656 0
    endloop
  endfacet
  facet normal -0 0 -1
    outer loop
      vertex 0.395594 0.147242 0
      vertex 0.368321 0.129019 0
      vertex 0.390983 0.154523 0
    endloop
  endfacet
  facet normal 0 0 -1
    outer loop
      vertex 0.362849 0.137661 0
      vertex 0.390983 0.154523 0
      vertex 0.368321 0.129019 0
    endloop
  endfacet
  facet normal -0 0 -1
    outer loop
      vertex 0.390983 0.154523 0
      vertex 0.362849 0.137661 0
      vertex 0.386734 0.162023 0
    endloop
  endfacet
  facet normal 0 0 -1
    outer loop
      vertex 0.357807 0.146561 0
      vertex 0.386734 0.162023 0
      vertex 0.362849 0.137661 0
    endloop
  endfacet
  facet normal -0 0 -1
    outer loop
      vertex 0.386734 0.162023 0
      vertex 0.357807 0.146561 0
      vertex 0.382859 0.169721 0
    endloop
  endfacet
  facet normal 0 0 -1
    outer loop
      vertex 0.353209 0.155697 0
      vertex 0.382859 0.169721 0
      vertex 0.357807 0.146561 0
    endloop
  endfacet
  facet normal -0 0 -1
    outer loop
      vertex 0.382859 0.169721 0
      vertex 0.353209 0.155697 0
      vertex 0.379366 0.1776 0
    endloop
  endfacet
  facet normal 0 0 -1
    outer loop
      vertex 0.349063 0.165049 0
      vertex 0.379366 0.1776 0
      vertex 0.353209 0.155697 0
    endloop
  endfacet
  facet normal -0 0 -1
    outer loop
      vertex 0.379366 0.1776 0
      vertex 0.349063 0.165049 0
      vertex 0.376265 0.185641 0
    endloop
  endfacet
  facet normal 0 0 -1
    outer loop
      vertex 0.345382 0.174592 0
      vertex 0.376265 0.185641 0
      vertex 0.349063 0.165049 0
    endloop
  endfacet
  facet normal -0 0 -1
    outer loop
      vertex 0.376265 0.185641 0
      vertex 0.345382 0.174592 0
      vertex 0.373561 0.193826 0
    endloop
  endfacet
  facet normal 0 0 -1
    outer loop
      vertex 0.342174 0.184304 0
      vertex 0.373561 0.193826 0
      vertex 0.345382 0.174592 0
    endloop
  endfacet
  facet normal -0 0 -1
    outer loop
      vertex 0.373561 0.193826 0
      vertex 0.342174 0.184304 0
      vertex 0.371262 0.202132 0
    endloop
  endfacet
  facet normal 0 0 -1
    outer loop
      vertex 0.709639 0.295774 0
      vertex 0.741026 0.305295 0
      vertex 0.711937 0.287467 0
    endloop
  endfacet
  facet normal -0 0 -1
    outer loop
      vertex 0.741026 0.305295 0
      vertex 0.709639 0.295774 0
      vertex 0.737818 0.315007 0
    endloop
  endfacet
  facet normal 0 0 -1
    outer loop
      vertex 0.706935 0.303957 0
      vertex 0.737818 0.315007 0
      vertex 0.709639 0.295774 0
    endloop
  endfacet
  facet normal -0 0 -1
    outer loop
      vertex 0.737818 0.315007 0
      vertex 0.706935 0.303957 0
      vertex 0.734136 0.324551 0
    endloop
  endfacet
  facet normal 0 0 -1
    outer loop
      vertex 0.703833 0.311998 0
      vertex 0.734136 0.324551 0
      vertex 0.706935 0.303957 0
    endloop
  endfacet
  facet normal -0 0 -1
    outer loop
      vertex 0.734136 0.324551 0
      vertex 0.703833 0.311998 0
      vertex 0.729991 0.333902 0
    endloop
  endfacet
  facet normal 0 0 -1
    outer loop
      vertex 0.70034 0.319879 0
      vertex 0.729991 0.333902 0
      vertex 0.703833 0.311998 0
    endloop
  endfacet
  facet normal -0 0 -1
    outer loop
      vertex 0.729991 0.333902 0
      vertex 0.70034 0.319879 0
      vertex 0.725392 0.343039 0
    endloop
  endfacet
  facet normal 0 0 -1
    outer loop
      vertex 0.696465 0.327577 0
      vertex 0.725392 0.343039 0
      vertex 0.70034 0.319879 0
    endloop
  endfacet
  facet normal -0 0 -1
    outer loop
      vertex 0.725392 0.343039 0
      vertex 0.696465 0.327577 0
      vertex 0.72035 0.351938 0
    endloop
  endfacet
  facet normal 0 0 -1
    outer loop
      vertex 0.692217 0.335076 0
      vertex 0.72035 0.351938 0
      vertex 0.696465 0.327577 0
    endloop
  endfacet
  facet normal -0 0 -1
    outer loop
      vertex 0.72035 0.351938 0
      vertex 0.692217 0.335076 0
      vertex 0.714878 0.36058 0
    endloop
  endfacet
  facet normal 0 0 -1
    outer loop
      vertex 0.687606 0.342358 0
      vertex 0.714878 0.36058 0
      vertex 0.692217 0.335076 0
    endloop
  endfacet
  facet normal -0 0 -1
    outer loop
      vertex 0.714878 0.36058 0
      vertex 0.687606 0.342358 0
      vertex 0.708988 0.368943 0
    endloop
  endfacet
  facet normal 0 0 -1
    outer loop
      vertex 0.682643 0.349404 0
      vertex 0.708988 0.368943 0
      vertex 0.687606 0.342358 0
    endloop
  endfacet
  facet normal -0 0 -1
    outer loop
      vertex 0.708988 0.368943 0
      vertex 0.682643 0.349404 0
      vertex 0.702695 0.377007 0
    endloop
  endfacet
  facet normal 0 0 -1
    outer loop
      vertex 0.677341 0.356199 0
      vertex 0.702695 0.377007 0
      vertex 0.682643 0.349404 0
    endloop
  endfacet
  facet normal -0 0 -1
    outer loop
      vertex 0.702695 0.377007 0
      vertex 0.677341 0.356199 0
      vertex 0.696013 0.384752 0
    endloop
  endfacet
  facet normal 0 0 -1
    outer loop
      vertex 0.671711 0.362725 0
      vertex 0.696013 0.384752 0
      vertex 0.677341 0.356199 0
    endloop
  endfacet
  facet normal -0 0 -1
    outer loop
      vertex 0.696013 0.384752 0
      vertex 0.671711 0.362725 0
      vertex 0.688961 0.39216 0
    endloop
  endfacet
  facet normal 0 0 -1
    outer loop
      vertex 0.665768 0.368967 0
      vertex 0.688961 0.39216 0
      vertex 0.671711 0.362725 0
    endloop
  endfacet
  facet normal -0 0 -1
    outer loop
      vertex 0.688961 0.39216 0
      vertex 0.665768 0.368967 0
      vertex 0.681552 0.399214 0
    endloop
  endfacet
  facet normal 0 0 -1
    outer loop
      vertex 0.659525 0.37491 0
      vertex 0.681552 0.399214 0
      vertex 0.665768 0.368967 0
    endloop
  endfacet
  facet normal -0 0 -1
    outer loop
      vertex 0.681552 0.399214 0
      vertex 0.659525 0.37491 0
      vertex 0.673807 0.405895 0
    endloop
  endfacet
  facet normal 0 0 -1
    outer loop
      vertex 0.652999 0.38054 0
      vertex 0.673807 0.405895 0
      vertex 0.659525 0.37491 0
    endloop
  endfacet
  facet normal -0 0 -1
    outer loop
      vertex 0.673807 0.405895 0
      vertex 0.652999 0.38054 0
      vertex 0.665743 0.412188 0
    endloop
  endfacet
  facet normal 0 0 -1
    outer loop
      vertex 0.646204 0.385842 0
      vertex 0.665743 0.412188 0
      vertex 0.652999 0.38054 0
    endloop
  endfacet
  facet normal -0 0 -1
    outer loop
      vertex 0.665743 0.412188 0
      vertex 0.646204 0.385842 0
      vertex 0.65738 0.418077 0
    endloop
  endfacet
  facet normal 0 0 -1
    outer loop
      vertex 0.639157 0.390805 0
      vertex 0.65738 0.418077 0
      vertex 0.646204 0.385842 0
    endloop
  endfacet
  facet normal -0 0 -1
    outer loop
      vertex 0.65738 0.418077 0
      vertex 0.639157 0.390805 0
      vertex 0.648739 0.423551 0
    endloop
  endfacet
  facet normal 0 0 -1
    outer loop
      vertex 0.631876 0.395416 0
      vertex 0.648739 0.423551 0
      vertex 0.639157 0.390805 0
    endloop
  endfacet
  facet normal -0 0 -1
    outer loop
      vertex 0.648739 0.423551 0
      vertex 0.631876 0.395416 0
      vertex 0.639838 0.428592 0
    endloop
  endfacet
  facet normal 0 0 -1
    outer loop
      vertex 0.624377 0.399665 0
      vertex 0.639838 0.428592 0
      vertex 0.631876 0.395416 0
    endloop
  endfacet
  facet normal -0 0 -1
    outer loop
      vertex 0.639838 0.428592 0
      vertex 0.624377 0.399665 0
      vertex 0.630702 0.433191 0
    endloop
  endfacet
  facet normal 0 0 -1
    outer loop
      vertex 0.616678 0.40354 0
      vertex 0.630702 0.433191 0
      vertex 0.624377 0.399665 0
    endloop
  endfacet
  facet normal -0 0 -1
    outer loop
      vertex 0.630702 0.433191 0
      vertex 0.616678 0.40354 0
      vertex 0.62135 0.437336 0
    endloop
  endfacet
  facet normal 0 0 -1
    outer loop
      vertex 0.608799 0.407033 0
      vertex 0.62135 0.437336 0
      vertex 0.616678 0.40354 0
    endloop
  endfacet
  facet normal -0 0 -1
    outer loop
      vertex 0.62135 0.437336 0
      vertex 0.608799 0.407033 0
      vertex 0.611808 0.441017 0
    endloop
  endfacet
  facet normal 0 0 -1
    outer loop
      vertex 0.600758 0.410134 0
      vertex 0.611808 0.441017 0
      vertex 0.608799 0.407033 0
    endloop
  endfacet
  facet normal -0 0 -1
    outer loop
      vertex 0.611808 0.441017 0
      vertex 0.600758 0.410134 0
      vertex 0.602095 0.444226 0
    endloop
  endfacet
  facet normal 0 0 -1
    outer loop
      vertex 0.592573 0.412838 0
      vertex 0.602095 0.444226 0
      vertex 0.600758 0.410134 0
    endloop
  endfacet
  facet normal 0 0 -1
    outer loop
      vertex 0.592573 0.412838 0
      vertex 0.592237 0.446954 0
      vertex 0.602095 0.444226 0
    endloop
  endfacet
  facet normal 0 0 -1
    outer loop
      vertex 0.584267 0.415137 0
      vertex 0.592237 0.446954 0
      vertex 0.592573 0.412838 0
    endloop
  endfacet
  facet normal 0 0 -1
    outer loop
      vertex 0.584267 0.415137 0
      vertex 0.582256 0.449195 0
      vertex 0.592237 0.446954 0
    endloop
  endfacet
  facet normal 0 0 -1
    outer loop
      vertex 0.575857 0.417026 0
      vertex 0.582256 0.449195 0
      vertex 0.584267 0.415137 0
    endloop
  endfacet
  facet normal 0 0 -1
    outer loop
      vertex 0.575857 0.417026 0
      vertex 0.572178 0.450944 0
      vertex 0.582256 0.449195 0
    endloop
  endfacet
  facet normal 0 0 -1
    outer loop
      vertex 0.567366 0.418499 0
      vertex 0.572178 0.450944 0
      vertex 0.575857 0.417026 0
    endloop
  endfacet
  facet normal 0 0 -1
    outer loop
      vertex 0.567366 0.418499 0
      vertex 0.562026 0.452196 0
      vertex 0.572178 0.450944 0
    endloop
  endfacet
  facet normal 0 0 -1
    outer loop
      vertex 0.558811 0.419554 0
      vertex 0.562026 0.452196 0
      vertex 0.567366 0.418499 0
    endloop
  endfacet
  facet normal 0 0 -1
    outer loop
      vertex 0.558811 0.419554 0
      vertex 0.551826 0.452949 0
      vertex 0.562026 0.452196 0
    endloop
  endfacet
  facet normal 0 0 -1
    outer loop
      vertex 0.550216 0.420188 0
      vertex 0.551826 0.452949 0
      vertex 0.558811 0.419554 0
    endloop
  endfacet
  facet normal 0 0 -1
    outer loop
      vertex 0.541599 0.4204 0
      vertex 0.551826 0.452949 0
      vertex 0.550216 0.420188 0
    endloop
  endfacet
  facet normal 0 0 -1
    outer loop
      vertex 0.541599 0.4204 0
      vertex 0.541599 0.453199 0
      vertex 0.551826 0.452949 0
    endloop
  endfacet
  facet normal 0 0 -1
    outer loop
      vertex 0.532983 0.420188 0
      vertex 0.541599 0.453199 0
      vertex 0.541599 0.4204 0
    endloop
  endfacet
  facet normal 0 0 -1
    outer loop
      vertex 0.532983 0.420188 0
      vertex 0.531374 0.452949 0
      vertex 0.541599 0.453199 0
    endloop
  endfacet
  facet normal 0 0 -1
    outer loop
      vertex 0.524387 0.419554 0
      vertex 0.531374 0.452949 0
      vertex 0.532983 0.420188 0
    endloop
  endfacet
  facet normal 0 0 -1
    outer loop
      vertex 0.524387 0.419554 0
      vertex 0.521173 0.452196 0
      vertex 0.531374 0.452949 0
    endloop
  endfacet
  facet normal 0 0 -1
    outer loop
      vertex 0.515834 0.418499 0
      vertex 0.521173 0.452196 0
      vertex 0.524387 0.419554 0
    endloop
  endfacet
  facet normal 0 0 -1
    outer loop
      vertex 0.515834 0.418499 0
      vertex 0.511021 0.450944 0
      vertex 0.521173 0.452196 0
    endloop
  endfacet
  facet normal 0 0 -1
    outer loop
      vertex 0.507341 0.417026 0
      vertex 0.511021 0.450944 0
      vertex 0.515834 0.418499 0
    endloop
  endfacet
  facet normal 0 0 -1
    outer loop
      vertex 0.507341 0.417026 0
      vertex 0.500942 0.449195 0
      vertex 0.511021 0.450944 0
    endloop
  endfacet
  facet normal 0 0 -1
    outer loop
      vertex 0.498932 0.415137 0
      vertex 0.500942 0.449195 0
      vertex 0.507341 0.417026 0
    endloop
  endfacet
  facet normal 0 0 -1
    outer loop
      vertex 0.498932 0.415137 0
      vertex 0.490962 0.446954 0
      vertex 0.500942 0.449195 0
    endloop
  endfacet
  facet normal 0 0 -1
    outer loop
      vertex 0.490625 0.412838 0
      vertex 0.490962 0.446954 0
      vertex 0.498932 0.415137 0
    endloop
  endfacet
  facet normal 0 0 -1
    outer loop
      vertex 0.481104 0.444226 0
      vertex 0.490625 0.412838 0
      vertex 0.482442 0.410134 0
    endloop
  endfacet
  facet normal 0 0 -1
    outer loop
      vertex 0.490625 0.412838 0
      vertex 0.481104 0.444226 0
      vertex 0.490962 0.446954 0
    endloop
  endfacet
  facet normal 0 0 -1
    outer loop
      vertex 0.471392 0.441017 0
      vertex 0.482442 0.410134 0
      vertex 0.474401 0.407033 0
    endloop
  endfacet
  facet normal 0 0 -1
    outer loop
      vertex 0.482442 0.410134 0
      vertex 0.471392 0.441017 0
      vertex 0.481104 0.444226 0
    endloop
  endfacet
  facet normal 0 0 -1
    outer loop
      vertex 0.461848 0.437336 0
      vertex 0.474401 0.407033 0
      vertex 0.466521 0.40354 0
    endloop
  endfacet
  facet normal 0 0 -1
    outer loop
      vertex 0.474401 0.407033 0
      vertex 0.461848 0.437336 0
      vertex 0.471392 0.441017 0
    endloop
  endfacet
  facet normal 0 0 -1
    outer loop
      vertex 0.452497 0.433191 0
      vertex 0.466521 0.40354 0
      vertex 0.458822 0.399665 0
    endloop
  endfacet
  facet normal 0 0 -1
    outer loop
      vertex 0.466521 0.40354 0
      vertex 0.452497 0.433191 0
      vertex 0.461848 0.437336 0
    endloop
  endfacet
  facet normal 0 0 -1
    outer loop
      vertex 0.44336 0.428592 0
      vertex 0.458822 0.399665 0
      vertex 0.451324 0.395416 0
    endloop
  endfacet
  facet normal 0 0 -1
    outer loop
      vertex 0.434461 0.423551 0
      vertex 0.451324 0.395416 0
      vertex 0.444041 0.390805 0
    endloop
  endfacet
  facet normal 0 0 -1
    outer loop
      vertex 0.458822 0.399665 0
      vertex 0.44336 0.428592 0
      vertex 0.452497 0.433191 0
    endloop
  endfacet
  facet normal 0 0 -1
    outer loop
      vertex 0.425818 0.418077 0
      vertex 0.444041 0.390805 0
      vertex 0.436995 0.385842 0
    endloop
  endfacet
  facet normal 0 0 -1
    outer loop
      vertex 0.451324 0.395416 0
      vertex 0.434461 0.423551 0
      vertex 0.44336 0.428592 0
    endloop
  endfacet
  facet normal 0 0 -1
    outer loop
      vertex 0.417456 0.412188 0
      vertex 0.436995 0.385842 0
      vertex 0.4302 0.38054 0
    endloop
  endfacet
  facet normal 0 0 -1
    outer loop
      vertex 0.444041 0.390805 0
      vertex 0.425818 0.418077 0
      vertex 0.434461 0.423551 0
    endloop
  endfacet
  facet normal 0 0 -1
    outer loop
      vertex 0.409392 0.405895 0
      vertex 0.4302 0.38054 0
      vertex 0.423674 0.37491 0
    endloop
  endfacet
  facet normal 0 0 -1
    outer loop
      vertex 0.436995 0.385842 0
      vertex 0.417456 0.412188 0
      vertex 0.425818 0.418077 0
    endloop
  endfacet
  facet normal 0 0 -1
    outer loop
      vertex 0.401647 0.399214 0
      vertex 0.423674 0.37491 0
      vertex 0.417432 0.368967 0
    endloop
  endfacet
  facet normal 0 0 -1
    outer loop
      vertex 0.394238 0.39216 0
      vertex 0.417432 0.368967 0
      vertex 0.411489 0.362725 0
    endloop
  endfacet
  facet normal 0 0 -1
    outer loop
      vertex 0.4302 0.38054 0
      vertex 0.409392 0.405895 0
      vertex 0.417456 0.412188 0
    endloop
  endfacet
  facet normal 0 0 -1
    outer loop
      vertex 0.387185 0.384752 0
      vertex 0.411489 0.362725 0
      vertex 0.405859 0.356199 0
    endloop
  endfacet
  facet normal 0 0 -1
    outer loop
      vertex 0.423674 0.37491 0
      vertex 0.401647 0.399214 0
      vertex 0.409392 0.405895 0
    endloop
  endfacet
  facet normal 0 0 -1
    outer loop
      vertex 0.380505 0.377007 0
      vertex 0.405859 0.356199 0
      vertex 0.400557 0.349404 0
    endloop
  endfacet
  facet normal 0 0 -1
    outer loop
      vertex 0.374211 0.368943 0
      vertex 0.400557 0.349404 0
      vertex 0.395594 0.342358 0
    endloop
  endfacet
  facet normal 0 0 -1
    outer loop
      vertex 0.417432 0.368967 0
      vertex 0.394238 0.39216 0
      vertex 0.401647 0.399214 0
    endloop
  endfacet
  facet normal 0 0 -1
    outer loop
      vertex 0.368321 0.36058 0
      vertex 0.395594 0.342358 0
      vertex 0.390983 0.335076 0
    endloop
  endfacet
  facet normal 0 0 -1
    outer loop
      vertex 0.411489 0.362725 0
      vertex 0.387185 0.384752 0
      vertex 0.394238 0.39216 0
    endloop
  endfacet
  facet normal 0 0 -1
    outer loop
      vertex 0.362849 0.351938 0
      vertex 0.390983 0.335076 0
      vertex 0.386734 0.327577 0
    endloop
  endfacet
  facet normal 0 0 -1
    outer loop
      vertex 0.357807 0.343039 0
      vertex 0.386734 0.327577 0
      vertex 0.382859 0.319879 0
    endloop
  endfacet
  facet normal 0 0 -1
    outer loop
      vertex 0.405859 0.356199 0
      vertex 0.380505 0.377007 0
      vertex 0.387185 0.384752 0
    endloop
  endfacet
  facet normal 0 0 -1
    outer loop
      vertex 0.353209 0.333902 0
      vertex 0.382859 0.319879 0
      vertex 0.379366 0.311998 0
    endloop
  endfacet
  facet normal 0 0 -1
    outer loop
      vertex 0.349063 0.324551 0
      vertex 0.379366 0.311998 0
      vertex 0.376265 0.303957 0
    endloop
  endfacet
  facet normal 0 0 -1
    outer loop
      vertex 0.400557 0.349404 0
      vertex 0.374211 0.368943 0
      vertex 0.380505 0.377007 0
    endloop
  endfacet
  facet normal 0 0 -1
    outer loop
      vertex 0.345382 0.315007 0
      vertex 0.376265 0.303957 0
      vertex 0.373561 0.295774 0
    endloop
  endfacet
  facet normal 0 0 -1
    outer loop
      vertex 0.342174 0.305295 0
      vertex 0.373561 0.295774 0
      vertex 0.371262 0.287467 0
    endloop
  endfacet
  facet normal 0 0 -1
    outer loop
      vertex 0.339445 0.295437 0
      vertex 0.371262 0.287467 0
      vertex 0.369373 0.279058 0
    endloop
  endfacet
  facet normal 0 0 -1
    outer loop
      vertex 0.395594 0.342358 0
      vertex 0.368321 0.36058 0
      vertex 0.374211 0.368943 0
    endloop
  endfacet
  facet normal 0 0 -1
    outer loop
      vertex 0.337204 0.285457 0
      vertex 0.369373 0.279058 0
      vertex 0.3679 0.270565 0
    endloop
  endfacet
  facet normal 0 0 -1
    outer loop
      vertex 0.335199 0.273306 0
      vertex 0.3679 0.270565 0
      vertex 0.366845 0.262012 0
    endloop
  endfacet
  facet normal 0 0 -1
    outer loop
      vertex 0.335199 0.273306 0
      vertex 0.366845 0.262012 0
      vertex 0.366211 0.253416 0
    endloop
  endfacet
  facet normal 0 0 -1
    outer loop
      vertex 0.335199 0.273306 0
      vertex 0.366211 0.253416 0
      vertex 0.365999 0.2448 0
    endloop
  endfacet
  facet normal 0 0 -1
    outer loop
      vertex 0.339445 0.194162 0
      vertex 0.371262 0.202132 0
      vertex 0.342174 0.184304 0
    endloop
  endfacet
  facet normal 0 0 -1
    outer loop
      vertex 0.390983 0.335076 0
      vertex 0.362849 0.351938 0
      vertex 0.368321 0.36058 0
    endloop
  endfacet
  facet normal -0 0 -1
    outer loop
      vertex 0.371262 0.202132 0
      vertex 0.339445 0.194162 0
      vertex 0.369373 0.210542 0
    endloop
  endfacet
  facet normal 0 0 -1
    outer loop
      vertex 0.386734 0.327577 0
      vertex 0.357807 0.343039 0
      vertex 0.362849 0.351938 0
    endloop
  endfacet
  facet normal 0 0 -1
    outer loop
      vertex 0.337204 0.204143 0
      vertex 0.369373 0.210542 0
      vertex 0.339445 0.194162 0
    endloop
  endfacet
  facet normal 0 0 -1
    outer loop
      vertex 0.382859 0.319879 0
      vertex 0.353209 0.333902 0
      vertex 0.357807 0.343039 0
    endloop
  endfacet
  facet normal -0 0 -1
    outer loop
      vertex 0.369373 0.210542 0
      vertex 0.337204 0.204143 0
      vertex 0.3679 0.219033 0
    endloop
  endfacet
  facet normal 0 0 -1
    outer loop
      vertex 0.379366 0.311998 0
      vertex 0.349063 0.324551 0
      vertex 0.353209 0.333902 0
    endloop
  endfacet
  facet normal 0 0 -1
    outer loop
      vertex 0.335455 0.214221 0
      vertex 0.3679 0.219033 0
      vertex 0.337204 0.204143 0
    endloop
  endfacet
  facet normal 0 0 -1
    outer loop
      vertex 0.376265 0.303957 0
      vertex 0.345382 0.315007 0
      vertex 0.349063 0.324551 0
    endloop
  endfacet
  facet normal 0 0 -1
    outer loop
      vertex 0.335199 0.216293 0
      vertex 0.3679 0.219033 0
      vertex 0.335455 0.214221 0
    endloop
  endfacet
  facet normal 0 0 -1
    outer loop
      vertex 0.373561 0.295774 0
      vertex 0.342174 0.305295 0
      vertex 0.345382 0.315007 0
    endloop
  endfacet
  facet normal -0 0 -1
    outer loop
      vertex 0.3679 0.219033 0
      vertex 0.335199 0.216293 0
      vertex 0.366845 0.227588 0
    endloop
  endfacet
  facet normal 0 0 -1
    outer loop
      vertex 0.371262 0.287467 0
      vertex 0.339445 0.295437 0
      vertex 0.342174 0.305295 0
    endloop
  endfacet
  facet normal -0 0 -1
    outer loop
      vertex 0.366845 0.227588 0
      vertex 0.335199 0.216293 0
      vertex 0.366211 0.236183 0
    endloop
  endfacet
  facet normal 0 0 -1
    outer loop
      vertex 0.369373 0.279058 0
      vertex 0.337204 0.285457 0
      vertex 0.339445 0.295437 0
    endloop
  endfacet
  facet normal -0 0 -1
    outer loop
      vertex 0.366211 0.236183 0
      vertex 0.335199 0.216293 0
      vertex 0.365999 0.2448 0
    endloop
  endfacet
  facet normal 0 0 -1
    outer loop
      vertex 0.335199 0.273306 0
      vertex 0.365999 0.2448 0
      vertex 0.335199 0.216293 0
    endloop
  endfacet
  facet normal 0 0 -1
    outer loop
      vertex 0.3679 0.270565 0
      vertex 0.335199 0.273306 0
      vertex 0.335455 0.275378 0
    endloop
  endfacet
  facet normal 0 0 -1
    outer loop
      vertex 0.3679 0.270565 0
      vertex 0.335455 0.275378 0
      vertex 0.337204 0.285457 0
    endloop
  endfacet
  facet normal 0 0 1
    outer loop
      vertex 0.258987 0.458038 0.468399
      vertex 0.17917 0.424426 0.468399
      vertex 0.179199 0.4232 0.468399
    endloop
  endfacet
  facet normal 0 0 1
    outer loop
      vertex 0.188568 0.497925 0.468399
      vertex 0.179079 0.42565 0.468399
      vertex 0.17917 0.424426 0.468399
    endloop
  endfacet
  facet normal 0 0 1
    outer loop
      vertex 0.188568 0.497925 0.468399
      vertex 0.178929 0.426867 0.468399
      vertex 0.179079 0.42565 0.468399
    endloop
  endfacet
  facet normal 0 0 1
    outer loop
      vertex 0.188568 0.497925 0.468399
      vertex 0.17872 0.428077 0.468399
      vertex 0.178929 0.426867 0.468399
    endloop
  endfacet
  facet normal 0 0 1
    outer loop
      vertex 0.188568 0.497925 0.468399
      vertex 0.178451 0.429274 0.468399
      vertex 0.17872 0.428077 0.468399
    endloop
  endfacet
  facet normal 0 0 1
    outer loop
      vertex 0.188568 0.497925 0.468399
      vertex 0.178123 0.430457 0.468399
      vertex 0.178451 0.429274 0.468399
    endloop
  endfacet
  facet normal 0 0 1
    outer loop
      vertex 0.188568 0.497925 0.468399
      vertex 0.177738 0.431622 0.468399
      vertex 0.178123 0.430457 0.468399
    endloop
  endfacet
  facet normal 0 0 1
    outer loop
      vertex 0.188568 0.497925 0.468399
      vertex 0.177297 0.432767 0.468399
      vertex 0.177738 0.431622 0.468399
    endloop
  endfacet
  facet normal 0 0 1
    outer loop
      vertex 0.188568 0.497925 0.468399
      vertex 0.176799 0.433888 0.468399
      vertex 0.177297 0.432767 0.468399
    endloop
  endfacet
  facet normal 0 0 1
    outer loop
      vertex 0.188568 0.497925 0.468399
      vertex 0.176248 0.434984 0.468399
      vertex 0.176799 0.433888 0.468399
    endloop
  endfacet
  facet normal 0 0 1
    outer loop
      vertex 0.188568 0.497925 0.468399
      vertex 0.175643 0.436052 0.468399
      vertex 0.176248 0.434984 0.468399
    endloop
  endfacet
  facet normal 0 0 1
    outer loop
      vertex 0.188568 0.497925 0.468399
      vertex 0.174986 0.437089 0.468399
      vertex 0.175643 0.436052 0.468399
    endloop
  endfacet
  facet normal 0 0 1
    outer loop
      vertex 0.188568 0.497925 0.468399
      vertex 0.17428 0.438092 0.468399
      vertex 0.174986 0.437089 0.468399
    endloop
  endfacet
  facet normal 0 0 1
    outer loop
      vertex 0.162621 0.446738 0.468399
      vertex 0.181305 0.499557 0.468399
      vertex 0.173965 0.500839 0.468399
    endloop
  endfacet
  facet normal 0 0 1
    outer loop
      vertex 0.188568 0.497925 0.468399
      vertex 0.173525 0.439059 0.468399
      vertex 0.17428 0.438092 0.468399
    endloop
  endfacet
  facet normal 0 0 1
    outer loop
      vertex 0.188568 0.497925 0.468399
      vertex 0.172724 0.439988 0.468399
      vertex 0.173525 0.439059 0.468399
    endloop
  endfacet
  facet normal 0 0 1
    outer loop
      vertex 0.188568 0.497925 0.468399
      vertex 0.171877 0.440877 0.468399
      vertex 0.172724 0.439988 0.468399
    endloop
  endfacet
  facet normal 0 0 1
    outer loop
      vertex 0.188568 0.497925 0.468399
      vertex 0.170988 0.441723 0.468399
      vertex 0.171877 0.440877 0.468399
    endloop
  endfacet
  facet normal 0 0 1
    outer loop
      vertex 0.188568 0.497925 0.468399
      vertex 0.170059 0.442525 0.468399
      vertex 0.170988 0.441723 0.468399
    endloop
  endfacet
  facet normal 0 0 1
    outer loop
      vertex 0.188568 0.497925 0.468399
      vertex 0.169092 0.443279 0.468399
      vertex 0.170059 0.442525 0.468399
    endloop
  endfacet
  facet normal 0 0 1
    outer loop
      vertex 0.188568 0.497925 0.468399
      vertex 0.168089 0.443986 0.468399
      vertex 0.169092 0.443279 0.468399
    endloop
  endfacet
  facet normal 0 0 1
    outer loop
      vertex 0.188568 0.497925 0.468399
      vertex 0.167052 0.444643 0.468399
      vertex 0.168089 0.443986 0.468399
    endloop
  endfacet
  facet normal 0 0 1
    outer loop
      vertex 0.160274 0.447451 0.468399
      vertex 0.173965 0.500839 0.468399
      vertex 0.16658 0.50174 0.468399
    endloop
  endfacet
  facet normal 0 0 1
    outer loop
      vertex 0.188568 0.497925 0.468399
      vertex 0.165984 0.445248 0.468399
      vertex 0.167052 0.444643 0.468399
    endloop
  endfacet
  facet normal 0 0 1
    outer loop
      vertex 0.181305 0.499557 0.468399
      vertex 0.164888 0.445799 0.468399
      vertex 0.165984 0.445248 0.468399
    endloop
  endfacet
  facet normal 0 0 1
    outer loop
      vertex 0.181305 0.499557 0.468399
      vertex 0.163767 0.446297 0.468399
      vertex 0.164888 0.445799 0.468399
    endloop
  endfacet
  facet normal 0 0 1
    outer loop
      vertex 0.181305 0.499557 0.468399
      vertex 0.162621 0.446738 0.468399
      vertex 0.163767 0.446297 0.468399
    endloop
  endfacet
  facet normal 0 0 1
    outer loop
      vertex 0.173965 0.500839 0.468399
      vertex 0.161457 0.447123 0.468399
      vertex 0.162621 0.446738 0.468399
    endloop
  endfacet
  facet normal 0 0 1
    outer loop
      vertex 0.173965 0.500839 0.468399
      vertex 0.160274 0.447451 0.468399
      vertex 0.161457 0.447123 0.468399
    endloop
  endfacet
  facet normal 0 0 1
    outer loop
      vertex 0.157867 0.447929 0.468399
      vertex 0.16658 0.50174 0.468399
      vertex 0.159149 0.502289 0.468399
    endloop
  endfacet
  facet normal 0 0 1
    outer loop
      vertex 0.16658 0.50174 0.468399
      vertex 0.159077 0.44772 0.468399
      vertex 0.160274 0.447451 0.468399
    endloop
  endfacet
  facet normal 0 0 1
    outer loop
      vertex 0.16658 0.50174 0.468399
      vertex 0.157867 0.447929 0.468399
      vertex 0.159077 0.44772 0.468399
    endloop
  endfacet
  facet normal 0 0 1
    outer loop
      vertex 0.159149 0.502289 0.468399
      vertex 0.15665 0.448079 0.468399
      vertex 0.157867 0.447929 0.468399
    endloop
  endfacet
  facet normal 0 0 1
    outer loop
      vertex 0.159149 0.502289 0.468399
      vertex 0.155426 0.44817 0.468399
      vertex 0.15665 0.448079 0.468399
    endloop
  endfacet
  facet normal 0 0 1
    outer loop
      vertex 0.159149 0.502289 0.468399
      vertex 0.1542 0.448199 0.468399
      vertex 0.155426 0.44817 0.468399
    endloop
  endfacet
  facet normal 0 0 1
    outer loop
      vertex 0.151703 0.502472 0.468399
      vertex 0.1542 0.448199 0.468399
      vertex 0.159149 0.502289 0.468399
    endloop
  endfacet
  facet normal 0 0 1
    outer loop
      vertex 0.1542 0.448199 0.468399
      vertex 0.151703 0.502472 0.468399
      vertex 0.152973 0.44817 0.468399
    endloop
  endfacet
  facet normal 0 0 1
    outer loop
      vertex 0.152973 0.44817 0.468399
      vertex 0.151703 0.502472 0.468399
      vertex 0.151749 0.448079 0.468399
    endloop
  endfacet
  facet normal -0 0 1
    outer loop
      vertex 0.144272 0.502289 0.468399
      vertex 0.151749 0.448079 0.468399
      vertex 0.151703 0.502472 0.468399
    endloop
  endfacet
  facet normal 0 0 1
    outer loop
      vertex 0.151749 0.448079 0.468399
      vertex 0.144272 0.502289 0.468399
      vertex 0.150531 0.447929 0.468399
    endloop
  endfacet
  facet normal 0 0 1
    outer loop
      vertex 0.150531 0.447929 0.468399
      vertex 0.144272 0.502289 0.468399
      vertex 0.149323 0.44772 0.468399
    endloop
  endfacet
  facet normal 0 0 1
    outer loop
      vertex 0.149323 0.44772 0.468399
      vertex 0.144272 0.502289 0.468399
      vertex 0.148125 0.447451 0.468399
    endloop
  endfacet
  facet normal -0 0 1
    outer loop
      vertex 0.136841 0.50174 0.468399
      vertex 0.148125 0.447451 0.468399
      vertex 0.144272 0.502289 0.468399
    endloop
  endfacet
  facet normal 0 0 1
    outer loop
      vertex 0.148125 0.447451 0.468399
      vertex 0.136841 0.50174 0.468399
      vertex 0.146942 0.447123 0.468399
    endloop
  endfacet
  facet normal 0 0 1
    outer loop
      vertex 0.146942 0.447123 0.468399
      vertex 0.136841 0.50174 0.468399
      vertex 0.145778 0.446738 0.468399
    endloop
  endfacet
  facet normal -0 0 1
    outer loop
      vertex 0.129456 0.500839 0.468399
      vertex 0.145778 0.446738 0.468399
      vertex 0.136841 0.50174 0.468399
    endloop
  endfacet
  facet normal 0 0 1
    outer loop
      vertex 0.145778 0.446738 0.468399
      vertex 0.129456 0.500839 0.468399
      vertex 0.144632 0.446297 0.468399
    endloop
  endfacet
  facet normal 0 0 1
    outer loop
      vertex 0.144632 0.446297 0.468399
      vertex 0.129456 0.500839 0.468399
      vertex 0.143511 0.445799 0.468399
    endloop
  endfacet
  facet normal -0 0 1
    outer loop
      vertex 0.122116 0.499557 0.468399
      vertex 0.143511 0.445799 0.468399
      vertex 0.129456 0.500839 0.468399
    endloop
  endfacet
  facet normal 0 0 1
    outer loop
      vertex 0.143511 0.445799 0.468399
      vertex 0.122116 0.499557 0.468399
      vertex 0.142415 0.445248 0.468399
    endloop
  endfacet
  facet normal 0 0 1
    outer loop
      vertex 0.142415 0.445248 0.468399
      vertex 0.122116 0.499557 0.468399
      vertex 0.141347 0.444643 0.468399
    endloop
  endfacet
  facet normal 0 0 1
    outer loop
      vertex 0.141347 0.444643 0.468399
      vertex 0.122116 0.499557 0.468399
      vertex 0.14031 0.443986 0.468399
    endloop
  endfacet
  facet normal -0 0 1
    outer loop
      vertex 0.114853 0.497925 0.468399
      vertex 0.14031 0.443986 0.468399
      vertex 0.122116 0.499557 0.468399
    endloop
  endfacet
  facet normal 0 0 1
    outer loop
      vertex 0.14031 0.443986 0.468399
      vertex 0.114853 0.497925 0.468399
      vertex 0.139307 0.443279 0.468399
    endloop
  endfacet
  facet normal 0 0 1
    outer loop
      vertex 0.139307 0.443279 0.468399
      vertex 0.114853 0.497925 0.468399
      vertex 0.13834 0.442525 0.468399
    endloop
  endfacet
  facet normal -0 0 1
    outer loop
      vertex 0.107666 0.495941 0.468399
      vertex 0.13834 0.442525 0.468399
      vertex 0.114853 0.497925 0.468399
    endloop
  endfacet
  facet normal 0 0 1
    outer loop
      vertex 0.13834 0.442525 0.468399
      vertex 0.107666 0.495941 0.468399
      vertex 0.13741 0.441723 0.468399
    endloop
  endfacet
  facet normal 0 0 1
    outer loop
      vertex 0.13741 0.441723 0.468399
      vertex 0.107666 0.495941 0.468399
      vertex 0.136522 0.440877 0.468399
    endloop
  endfacet
  facet normal -0 0 1
    outer loop
      vertex 0.100601 0.493607 0.468399
      vertex 0.136522 0.440877 0.468399
      vertex 0.107666 0.495941 0.468399
    endloop
  endfacet
  facet normal 0 0 1
    outer loop
      vertex 0.136522 0.440877 0.468399
      vertex 0.100601 0.493607 0.468399
      vertex 0.135675 0.439988 0.468399
    endloop
  endfacet
  facet normal 0 0 1
    outer loop
      vertex 0.135675 0.439988 0.468399
      vertex 0.100601 0.493607 0.468399
      vertex 0.134874 0.439059 0.468399
    endloop
  endfacet
  facet normal -0 0 1
    outer loop
      vertex 0.0936432 0.490921 0.468399
      vertex 0.134874 0.439059 0.468399
      vertex 0.100601 0.493607 0.468399
    endloop
  endfacet
  facet normal 0 0 1
    outer loop
      vertex 0.134874 0.439059 0.468399
      vertex 0.0936432 0.490921 0.468399
      vertex 0.134119 0.438092 0.468399
    endloop
  endfacet
  facet normal 0 0 1
    outer loop
      vertex 0.134119 0.438092 0.468399
      vertex 0.0936432 0.490921 0.468399
      vertex 0.133412 0.437089 0.468399
    endloop
  endfacet
  facet normal -0 0 1
    outer loop
      vertex 0.0868378 0.487915 0.468399
      vertex 0.133412 0.437089 0.468399
      vertex 0.0936432 0.490921 0.468399
    endloop
  endfacet
  facet normal 0 0 1
    outer loop
      vertex 0.133412 0.437089 0.468399
      vertex 0.0868378 0.487915 0.468399
      vertex 0.132756 0.436052 0.468399
    endloop
  endfacet
  facet normal 0 0 1
    outer loop
      vertex 0.132756 0.436052 0.468399
      vertex 0.0868378 0.487915 0.468399
      vertex 0.132152 0.434984 0.468399
    endloop
  endfacet
  facet normal -0 0 1
    outer loop
      vertex 0.0801849 0.484558 0.468399
      vertex 0.132152 0.434984 0.468399
      vertex 0.0868378 0.487915 0.468399
    endloop
  endfacet
  facet normal 0 0 1
    outer loop
      vertex 0.132152 0.434984 0.468399
      vertex 0.0801849 0.484558 0.468399
      vertex 0.131599 0.433888 0.468399
    endloop
  endfacet
  facet normal 0 0 1
    outer loop
      vertex 0.131599 0.433888 0.468399
      vertex 0.0801849 0.484558 0.468399
      vertex 0.131103 0.432767 0.468399
    endloop
  endfacet
  facet normal -0 0 1
    outer loop
      vertex 0.0737152 0.480896 0.468399
      vertex 0.131103 0.432767 0.468399
      vertex 0.0801849 0.484558 0.468399
    endloop
  endfacet
  facet normal 0 0 1
    outer loop
      vertex 0.131103 0.432767 0.468399
      vertex 0.0737152 0.480896 0.468399
      vertex 0.130661 0.431622 0.468399
    endloop
  endfacet
  facet normal 0 -0 1
    outer loop
      vertex 0.0990067 0.377904 0.468399
      vertex 0.1292 0.4232 0.468399
      vertex 0.0976448 0.379649 0.468399
    endloop
  endfacet
  facet normal -0 0 1
    outer loop
      vertex 0.0674133 0.476913 0.468399
      vertex 0.130661 0.431622 0.468399
      vertex 0.0737152 0.480896 0.468399
    endloop
  endfacet
  facet normal 0 0 1
    outer loop
      vertex 0.1292 0.4232 0.468399
      vertex 0.123672 0.358655 0.468399
      vertex 0.126876 0.357235 0.468399
    endloop
  endfacet
  facet normal 0 0 1
    outer loop
      vertex 0.1292 0.4232 0.468399
      vertex 0.120542 0.36023 0.468399
      vertex 0.123672 0.358655 0.468399
    endloop
  endfacet
  facet normal 0 0 1
    outer loop
      vertex 0.130661 0.431622 0.468399
      vertex 0.0674133 0.476913 0.468399
      vertex 0.130276 0.430457 0.468399
    endloop
  endfacet
  facet normal 0 0 1
    outer loop
      vertex 0.1292 0.4232 0.468399
      vertex 0.117493 0.361958 0.468399
      vertex 0.120542 0.36023 0.468399
    endloop
  endfacet
  facet normal 0 0 1
    outer loop
      vertex 0.1292 0.4232 0.468399
      vertex 0.114532 0.363832 0.468399
      vertex 0.117493 0.361958 0.468399
    endloop
  endfacet
  facet normal 0 0 1
    outer loop
      vertex 0.1292 0.4232 0.468399
      vertex 0.111667 0.36585 0.468399
      vertex 0.114532 0.363832 0.468399
    endloop
  endfacet
  facet normal 0 0 1
    outer loop
      vertex 0.130276 0.430457 0.468399
      vertex 0.0674133 0.476913 0.468399
      vertex 0.129949 0.429274 0.468399
    endloop
  endfacet
  facet normal 0 0 1
    outer loop
      vertex 0.1292 0.4232 0.468399
      vertex 0.108904 0.368007 0.468399
      vertex 0.111667 0.36585 0.468399
    endloop
  endfacet
  facet normal 0 0 1
    outer loop
      vertex 0.1292 0.4232 0.468399
      vertex 0.10625 0.370296 0.468399
      vertex 0.108904 0.368007 0.468399
    endloop
  endfacet
  facet normal 0 0 1
    outer loop
      vertex 0.1292 0.4232 0.468399
      vertex 0.103712 0.372712 0.468399
      vertex 0.10625 0.370296 0.468399
    endloop
  endfacet
  facet normal -0 0 1
    outer loop
      vertex 0.0613251 0.472626 0.468399
      vertex 0.129949 0.429274 0.468399
      vertex 0.0674133 0.476913 0.468399
    endloop
  endfacet
  facet normal 0 0 1
    outer loop
      vertex 0.1292 0.4232 0.468399
      vertex 0.101295 0.37525 0.468399
      vertex 0.103712 0.372712 0.468399
    endloop
  endfacet
  facet normal 0 0 1
    outer loop
      vertex 0.1292 0.4232 0.468399
      vertex 0.0990067 0.377904 0.468399
      vertex 0.101295 0.37525 0.468399
    endloop
  endfacet
  facet normal 0 0 1
    outer loop
      vertex 0.129949 0.429274 0.468399
      vertex 0.0613251 0.472626 0.468399
      vertex 0.12968 0.428077 0.468399
    endloop
  endfacet
  facet normal 0 0 1
    outer loop
      vertex 0.12968 0.428077 0.468399
      vertex 0.0613251 0.472626 0.468399
      vertex 0.12947 0.426867 0.468399
    endloop
  endfacet
  facet normal -0 0 1
    outer loop
      vertex 0.0554657 0.468033 0.468399
      vertex 0.12947 0.426867 0.468399
      vertex 0.0613251 0.472626 0.468399
    endloop
  endfacet
  facet normal 0 0 1
    outer loop
      vertex 0.12947 0.426867 0.468399
      vertex 0.0554657 0.468033 0.468399
      vertex 0.12932 0.42565 0.468399
    endloop
  endfacet
  facet normal -0 0 1
    outer loop
      vertex 0.0498199 0.463181 0.468399
      vertex 0.12932 0.42565 0.468399
      vertex 0.0554657 0.468033 0.468399
    endloop
  endfacet
  facet normal 0 0 1
    outer loop
      vertex 0.12932 0.42565 0.468399
      vertex 0.0498199 0.463181 0.468399
      vertex 0.12923 0.424426 0.468399
    endloop
  endfacet
  facet normal 0 0 1
    outer loop
      vertex 0.12923 0.424426 0.468399
      vertex 0.0498199 0.463181 0.468399
      vertex 0.1292 0.4232 0.468399
    endloop
  endfacet
  facet normal 0 0 1
    outer loop
      vertex 0.1292 0.4232 0.468399
      vertex 0.0498199 0.463181 0.468399
      vertex 0.0976448 0.379649 0.468399
    endloop
  endfacet
  facet normal -0 0 1
    outer loop
      vertex 0.0444336 0.458038 0.468399
      vertex 0.0976448 0.379649 0.468399
      vertex 0.0498199 0.463181 0.468399
    endloop
  endfacet
  facet normal -0 0 1
    outer loop
      vertex 0.0392914 0.452652 0.468399
      vertex 0.0976448 0.379649 0.468399
      vertex 0.0444336 0.458038 0.468399
    endloop
  endfacet
  facet normal -0 0 1
    outer loop
      vertex 0.0344238 0.447006 0.468399
      vertex 0.0976448 0.379649 0.468399
      vertex 0.0392914 0.452652 0.468399
    endloop
  endfacet
  facet normal 0 0 1
    outer loop
      vertex 0.0976448 0.379649 0.468399
      vertex 0.0344238 0.447006 0.468399
      vertex 0.094101 0.377151 0.468399
    endloop
  endfacet
  facet normal -0 0 1
    outer loop
      vertex 0.0298462 0.441132 0.468399
      vertex 0.094101 0.377151 0.468399
      vertex 0.0344238 0.447006 0.468399
    endloop
  endfacet
  facet normal -0 0 1
    outer loop
      vertex 0.0255585 0.435043 0.468399
      vertex 0.094101 0.377151 0.468399
      vertex 0.0298462 0.441132 0.468399
    endloop
  endfacet
  facet normal 0 0 1
    outer loop
      vertex 0.094101 0.377151 0.468399
      vertex 0.0255585 0.435043 0.468399
      vertex 0.0903473 0.374222 0.468399
    endloop
  endfacet
  facet normal -0 0 1
    outer loop
      vertex 0.0215759 0.428757 0.468399
      vertex 0.0903473 0.374222 0.468399
      vertex 0.0255585 0.435043 0.468399
    endloop
  endfacet
  facet normal 0 0 1
    outer loop
      vertex 0.0903473 0.374222 0.468399
      vertex 0.0215759 0.428757 0.468399
      vertex 0.0867615 0.371124 0.468399
    endloop
  endfacet
  facet normal -0 0 1
    outer loop
      vertex 0.0179138 0.422272 0.468399
      vertex 0.0867615 0.371124 0.468399
      vertex 0.0215759 0.428757 0.468399
    endloop
  endfacet
  facet normal 0 0 1
    outer loop
      vertex 0.0867615 0.371124 0.468399
      vertex 0.0179138 0.422272 0.468399
      vertex 0.083313 0.367844 0.468399
    endloop
  endfacet
  facet normal -0 0 1
    outer loop
      vertex 0.0145569 0.415634 0.468399
      vertex 0.083313 0.367844 0.468399
      vertex 0.0179138 0.422272 0.468399
    endloop
  endfacet
  facet normal 0 0 1
    outer loop
      vertex 0.083313 0.367844 0.468399
      vertex 0.0145569 0.415634 0.468399
      vertex 0.0800476 0.36441 0.468399
    endloop
  endfacet
  facet normal -0 0 1
    outer loop
      vertex 0.0115356 0.408813 0.468399
      vertex 0.0800476 0.36441 0.468399
      vertex 0.0145569 0.415634 0.468399
    endloop
  endfacet
  facet normal -0 0 1
    outer loop
      vertex 0.00886536 0.401871 0.468399
      vertex 0.0800476 0.36441 0.468399
      vertex 0.0115356 0.408813 0.468399
    endloop
  endfacet
  facet normal 0 0 1
    outer loop
      vertex 0.0800476 0.36441 0.468399
      vertex 0.00886536 0.401871 0.468399
      vertex 0.0769501 0.360809 0.468399
    endloop
  endfacet
  facet normal -0 0 1
    outer loop
      vertex 0.00653076 0.394806 0.468399
      vertex 0.0769501 0.360809 0.468399
      vertex 0.00886536 0.401871 0.468399
    endloop
  endfacet
  facet normal 0 0 1
    outer loop
      vertex 0.0769501 0.360809 0.468399
      vertex 0.00653076 0.394806 0.468399
      vertex 0.0740204 0.357071 0.468399
    endloop
  endfacet
  facet normal -0 0 1
    outer loop
      vertex 0.00453186 0.387619 0.468399
      vertex 0.0740204 0.357071 0.468399
      vertex 0.00653076 0.394806 0.468399
    endloop
  endfacet
  facet normal -0 0 1
    outer loop
      vertex 0.00291443 0.380356 0.468399
      vertex 0.0712891 0.353195 0.468399
      vertex 0.00453186 0.387619 0.468399
    endloop
  endfacet
  facet normal 0 0 1
    outer loop
      vertex 0.0740204 0.357071 0.468399
      vertex 0.00453186 0.387619 0.468399
      vertex 0.0712891 0.353195 0.468399
    endloop
  endfacet
  facet normal 0 0 1
    outer loop
      vertex 0.239136 0.340805 0.468399
      vertex 0.303421 0.350754 0.468399
      vertex 0.303253 0.3582 0.468399
    endloop
  endfacet
  facet normal 0 0 1
    outer loop
      vertex 0.303421 0.350754 0.468399
      vertex 0.248428 0.299454 0.468399
      vertex 0.303421 0.151703 0.468399
    endloop
  endfacet
  facet normal 0 0 1
    outer loop
      vertex 0.237015 0.345047 0.468399
      vertex 0.303253 0.3582 0.468399
      vertex 0.302704 0.365631 0.468399
    endloop
  endfacet
  facet normal -0 0 1
    outer loop
      vertex 0.248428 0.170715 0.468399
      vertex 0.303421 0.151703 0.468399
      vertex 0.248428 0.299454 0.468399
    endloop
  endfacet
  facet normal 0 0 1
    outer loop
      vertex 0.237015 0.345047 0.468399
      vertex 0.302704 0.365631 0.468399
      vertex 0.301788 0.373016 0.468399
    endloop
  endfacet
  facet normal -0 0 1
    outer loop
      vertex 0.248306 0.16597 0.468399
      vertex 0.303421 0.151703 0.468399
      vertex 0.248428 0.170715 0.468399
    endloop
  endfacet
  facet normal 0 0 1
    outer loop
      vertex 0.234665 0.349182 0.468399
      vertex 0.301788 0.373016 0.468399
      vertex 0.300507 0.380356 0.468399
    endloop
  endfacet
  facet normal -0 0 1
    outer loop
      vertex 0.247955 0.161224 0.468399
      vertex 0.303421 0.151703 0.468399
      vertex 0.248306 0.16597 0.468399
    endloop
  endfacet
  facet normal 0 0 1
    outer loop
      vertex 0.232132 0.353195 0.468399
      vertex 0.300507 0.380356 0.468399
      vertex 0.298889 0.387619 0.468399
    endloop
  endfacet
  facet normal -0 0 1
    outer loop
      vertex 0.247375 0.156525 0.468399
      vertex 0.303421 0.151703 0.468399
      vertex 0.247955 0.161224 0.468399
    endloop
  endfacet
  facet normal 0 0 1
    outer loop
      vertex 0.229401 0.357071 0.468399
      vertex 0.298889 0.387619 0.468399
      vertex 0.29689 0.394806 0.468399
    endloop
  endfacet
  facet normal -0 0 1
    outer loop
      vertex 0.246567 0.15184 0.468399
      vertex 0.303421 0.151703 0.468399
      vertex 0.247375 0.156525 0.468399
    endloop
  endfacet
  facet normal 0 0 1
    outer loop
      vertex 0.226471 0.360809 0.468399
      vertex 0.29689 0.394806 0.468399
      vertex 0.294556 0.401871 0.468399
    endloop
  endfacet
  facet normal 0 0 1
    outer loop
      vertex 0.303421 0.151703 0.468399
      vertex 0.246567 0.15184 0.468399
      vertex 0.303253 0.144272 0.468399
    endloop
  endfacet
  facet normal 0 0 1
    outer loop
      vertex 0.223373 0.36441 0.468399
      vertex 0.294556 0.401871 0.468399
      vertex 0.291885 0.408813 0.468399
    endloop
  endfacet
  facet normal -0 0 1
    outer loop
      vertex 0.245529 0.147217 0.468399
      vertex 0.303253 0.144272 0.468399
      vertex 0.246567 0.15184 0.468399
    endloop
  endfacet
  facet normal 0 0 1
    outer loop
      vertex 0.223373 0.36441 0.468399
      vertex 0.291885 0.408813 0.468399
      vertex 0.288864 0.415634 0.468399
    endloop
  endfacet
  facet normal 0 0 1
    outer loop
      vertex 0.303253 0.144272 0.468399
      vertex 0.245529 0.147217 0.468399
      vertex 0.302704 0.136841 0.468399
    endloop
  endfacet
  facet normal 0 0 1
    outer loop
      vertex 0.220093 0.367844 0.468399
      vertex 0.288864 0.415634 0.468399
      vertex 0.285507 0.422272 0.468399
    endloop
  endfacet
  facet normal -0 0 1
    outer loop
      vertex 0.244263 0.142639 0.468399
      vertex 0.302704 0.136841 0.468399
      vertex 0.245529 0.147217 0.468399
    endloop
  endfacet
  facet normal 0 0 1
    outer loop
      vertex 0.21666 0.371124 0.468399
      vertex 0.285507 0.422272 0.468399
      vertex 0.281845 0.428757 0.468399
    endloop
  endfacet
  facet normal 0 0 1
    outer loop
      vertex 0.302704 0.136841 0.468399
      vertex 0.244263 0.142639 0.468399
      vertex 0.301788 0.129456 0.468399
    endloop
  endfacet
  facet normal 0 0 1
    outer loop
      vertex 0.213074 0.374222 0.468399
      vertex 0.281845 0.428757 0.468399
      vertex 0.277863 0.435043 0.468399
    endloop
  endfacet
  facet normal 0 0 1
    outer loop
      vertex 0.301788 0.129456 0.468399
      vertex 0.244263 0.142639 0.468399
      vertex 0.300507 0.122116 0.468399
    endloop
  endfacet
  facet normal 0 0 1
    outer loop
      vertex 0.20932 0.377151 0.468399
      vertex 0.277863 0.435043 0.468399
      vertex 0.273575 0.441132 0.468399
    endloop
  endfacet
  facet normal -0 0 1
    outer loop
      vertex 0.242767 0.138123 0.468399
      vertex 0.300507 0.122116 0.468399
      vertex 0.244263 0.142639 0.468399
    endloop
  endfacet
  facet normal 0 0 1
    outer loop
      vertex 0.208962 0.377404 0.468399
      vertex 0.273575 0.441132 0.468399
      vertex 0.268997 0.447006 0.468399
    endloop
  endfacet
  facet normal 0 0 1
    outer loop
      vertex 0.300507 0.122116 0.468399
      vertex 0.242767 0.138123 0.468399
      vertex 0.298889 0.114853 0.468399
    endloop
  endfacet
  facet normal 0 0 1
    outer loop
      vertex 0.208962 0.377404 0.468399
      vertex 0.268997 0.447006 0.468399
      vertex 0.26413 0.452652 0.468399
    endloop
  endfacet
  facet normal -0 0 1
    outer loop
      vertex 0.241074 0.133698 0.468399
      vertex 0.298889 0.114853 0.468399
      vertex 0.242767 0.138123 0.468399
    endloop
  endfacet
  facet normal 0 0 1
    outer loop
      vertex 0.179199 0.4232 0.468399
      vertex 0.26413 0.452652 0.468399
      vertex 0.258987 0.458038 0.468399
    endloop
  endfacet
  facet normal 0 0 1
    outer loop
      vertex 0.298889 0.114853 0.468399
      vertex 0.241074 0.133698 0.468399
      vertex 0.29689 0.107666 0.468399
    endloop
  endfacet
  facet normal 0 0 1
    outer loop
      vertex 0.17917 0.424426 0.468399
      vertex 0.258987 0.458038 0.468399
      vertex 0.253601 0.463181 0.468399
    endloop
  endfacet
  facet normal -0 0 1
    outer loop
      vertex 0.239136 0.129364 0.468399
      vertex 0.29689 0.107666 0.468399
      vertex 0.241074 0.133698 0.468399
    endloop
  endfacet
  facet normal 0 0 1
    outer loop
      vertex 0.29689 0.107666 0.468399
      vertex 0.239136 0.129364 0.468399
      vertex 0.294556 0.100601 0.468399
    endloop
  endfacet
  facet normal 0 0 1
    outer loop
      vertex 0.303421 0.350754 0.468399
      vertex 0.248306 0.304199 0.468399
      vertex 0.248428 0.299454 0.468399
    endloop
  endfacet
  facet normal 0 0 1
    outer loop
      vertex 0.17917 0.424426 0.468399
      vertex 0.253601 0.463181 0.468399
      vertex 0.247955 0.468033 0.468399
    endloop
  endfacet
  facet normal 0 0 1
    outer loop
      vertex 0.303421 0.350754 0.468399
      vertex 0.247955 0.308945 0.468399
      vertex 0.248306 0.304199 0.468399
    endloop
  endfacet
  facet normal 0 0 1
    outer loop
      vertex 0.303421 0.350754 0.468399
      vertex 0.247375 0.313644 0.468399
      vertex 0.247955 0.308945 0.468399
    endloop
  endfacet
  facet normal 0 0 1
    outer loop
      vertex 0.303421 0.350754 0.468399
      vertex 0.246567 0.318329 0.468399
      vertex 0.247375 0.313644 0.468399
    endloop
  endfacet
  facet normal 0 0 1
    outer loop
      vertex 0.303421 0.350754 0.468399
      vertex 0.245529 0.322968 0.468399
      vertex 0.246567 0.318329 0.468399
    endloop
  endfacet
  facet normal 0 0 1
    outer loop
      vertex 0.303421 0.350754 0.468399
      vertex 0.244263 0.32753 0.468399
      vertex 0.245529 0.322968 0.468399
    endloop
  endfacet
  facet normal 0 0 1
    outer loop
      vertex 0.303421 0.350754 0.468399
      vertex 0.242767 0.332047 0.468399
      vertex 0.244263 0.32753 0.468399
    endloop
  endfacet
  facet normal 0 0 1
    outer loop
      vertex 0.17917 0.424426 0.468399
      vertex 0.247955 0.468033 0.468399
      vertex 0.242096 0.472626 0.468399
    endloop
  endfacet
  facet normal 0 0 1
    outer loop
      vertex 0.303421 0.350754 0.468399
      vertex 0.241074 0.336472 0.468399
      vertex 0.242767 0.332047 0.468399
    endloop
  endfacet
  facet normal 0 0 1
    outer loop
      vertex 0.303421 0.350754 0.468399
      vertex 0.239136 0.340805 0.468399
      vertex 0.241074 0.336472 0.468399
    endloop
  endfacet
  facet normal 0 0 1
    outer loop
      vertex 0.303253 0.3582 0.468399
      vertex 0.237015 0.345047 0.468399
      vertex 0.239136 0.340805 0.468399
    endloop
  endfacet
  facet normal 0 0 1
    outer loop
      vertex 0.17917 0.424426 0.468399
      vertex 0.242096 0.472626 0.468399
      vertex 0.236008 0.476913 0.468399
    endloop
  endfacet
  facet normal 0 0 1
    outer loop
      vertex 0.301788 0.373016 0.468399
      vertex 0.234665 0.349182 0.468399
      vertex 0.237015 0.345047 0.468399
    endloop
  endfacet
  facet normal 0 0 1
    outer loop
      vertex 0.300507 0.380356 0.468399
      vertex 0.232132 0.353195 0.468399
      vertex 0.234665 0.349182 0.468399
    endloop
  endfacet
  facet normal 0 0 1
    outer loop
      vertex 0.17917 0.424426 0.468399
      vertex 0.236008 0.476913 0.468399
      vertex 0.229706 0.480896 0.468399
    endloop
  endfacet
  facet normal 0 0 1
    outer loop
      vertex 0.298889 0.387619 0.468399
      vertex 0.229401 0.357071 0.468399
      vertex 0.232132 0.353195 0.468399
    endloop
  endfacet
  facet normal 0 0 1
    outer loop
      vertex 0.29689 0.394806 0.468399
      vertex 0.226471 0.360809 0.468399
      vertex 0.229401 0.357071 0.468399
    endloop
  endfacet
  facet normal 0 0 1
    outer loop
      vertex 0.294556 0.401871 0.468399
      vertex 0.223373 0.36441 0.468399
      vertex 0.226471 0.360809 0.468399
    endloop
  endfacet
  facet normal 0 0 1
    outer loop
      vertex 0.17917 0.424426 0.468399
      vertex 0.229706 0.480896 0.468399
      vertex 0.223236 0.484558 0.468399
    endloop
  endfacet
  facet normal 0 0 1
    outer loop
      vertex 0.288864 0.415634 0.468399
      vertex 0.220093 0.367844 0.468399
      vertex 0.223373 0.36441 0.468399
    endloop
  endfacet
  facet normal 0 0 1
    outer loop
      vertex 0.285507 0.422272 0.468399
      vertex 0.21666 0.371124 0.468399
      vertex 0.220093 0.367844 0.468399
    endloop
  endfacet
  facet normal 0 0 1
    outer loop
      vertex 0.17917 0.424426 0.468399
      vertex 0.223236 0.484558 0.468399
      vertex 0.216583 0.487915 0.468399
    endloop
  endfacet
  facet normal 0 0 1
    outer loop
      vertex 0.281845 0.428757 0.468399
      vertex 0.213074 0.374222 0.468399
      vertex 0.21666 0.371124 0.468399
    endloop
  endfacet
  facet normal 0 0 1
    outer loop
      vertex 0.17917 0.424426 0.468399
      vertex 0.216583 0.487915 0.468399
      vertex 0.209778 0.490921 0.468399
    endloop
  endfacet
  facet normal 0 0 1
    outer loop
      vertex 0.277863 0.435043 0.468399
      vertex 0.20932 0.377151 0.468399
      vertex 0.213074 0.374222 0.468399
    endloop
  endfacet
  facet normal 0 0 1
    outer loop
      vertex 0.273575 0.441132 0.468399
      vertex 0.208962 0.377404 0.468399
      vertex 0.20932 0.377151 0.468399
    endloop
  endfacet
  facet normal 0 0 1
    outer loop
      vertex 0.26413 0.452652 0.468399
      vertex 0.179199 0.4232 0.468399
      vertex 0.208962 0.377404 0.468399
    endloop
  endfacet
  facet normal -0 0 1
    outer loop
      vertex 0.17917 0.421973 0.468399
      vertex 0.208962 0.377404 0.468399
      vertex 0.179199 0.4232 0.468399
    endloop
  endfacet
  facet normal 0 0 1
    outer loop
      vertex 0.17917 0.424426 0.468399
      vertex 0.209778 0.490921 0.468399
      vertex 0.20282 0.493607 0.468399
    endloop
  endfacet
  facet normal -0 0 1
    outer loop
      vertex 0.179079 0.420749 0.468399
      vertex 0.208962 0.377404 0.468399
      vertex 0.17917 0.421973 0.468399
    endloop
  endfacet
  facet normal -0 0 1
    outer loop
      vertex 0.178929 0.419531 0.468399
      vertex 0.208962 0.377404 0.468399
      vertex 0.179079 0.420749 0.468399
    endloop
  endfacet
  facet normal -0 0 1
    outer loop
      vertex 0.17872 0.418323 0.468399
      vertex 0.208962 0.377404 0.468399
      vertex 0.178929 0.419531 0.468399
    endloop
  endfacet
  facet normal 0 0 1
    outer loop
      vertex 0.17917 0.424426 0.468399
      vertex 0.20282 0.493607 0.468399
      vertex 0.195755 0.495941 0.468399
    endloop
  endfacet
  facet normal -0 0 1
    outer loop
      vertex 0.178451 0.417125 0.468399
      vertex 0.208962 0.377404 0.468399
      vertex 0.17872 0.418323 0.468399
    endloop
  endfacet
  facet normal -0 0 1
    outer loop
      vertex 0.178123 0.415942 0.468399
      vertex 0.208962 0.377404 0.468399
      vertex 0.178451 0.417125 0.468399
    endloop
  endfacet
  facet normal 0 0 1
    outer loop
      vertex 0.17917 0.424426 0.468399
      vertex 0.195755 0.495941 0.468399
      vertex 0.188568 0.497925 0.468399
    endloop
  endfacet
  facet normal -0 0 1
    outer loop
      vertex 0.177738 0.414777 0.468399
      vertex 0.208962 0.377404 0.468399
      vertex 0.178123 0.415942 0.468399
    endloop
  endfacet
  facet normal -0 0 1
    outer loop
      vertex 0.177297 0.413632 0.468399
      vertex 0.208962 0.377404 0.468399
      vertex 0.177738 0.414777 0.468399
    endloop
  endfacet
  facet normal -0 0 1
    outer loop
      vertex 0.176799 0.412511 0.468399
      vertex 0.208962 0.377404 0.468399
      vertex 0.177297 0.413632 0.468399
    endloop
  endfacet
  facet normal 0 0 1
    outer loop
      vertex 0.165984 0.445248 0.468399
      vertex 0.188568 0.497925 0.468399
      vertex 0.181305 0.499557 0.468399
    endloop
  endfacet
  facet normal -0 0 1
    outer loop
      vertex 0.176248 0.411414 0.468399
      vertex 0.208962 0.377404 0.468399
      vertex 0.176799 0.412511 0.468399
    endloop
  endfacet
  facet normal -0 0 1
    outer loop
      vertex 0.175643 0.410347 0.468399
      vertex 0.208962 0.377404 0.468399
      vertex 0.176248 0.411414 0.468399
    endloop
  endfacet
  facet normal -0 0 1
    outer loop
      vertex 0.174986 0.40931 0.468399
      vertex 0.208962 0.377404 0.468399
      vertex 0.175643 0.410347 0.468399
    endloop
  endfacet
  facet normal -0 0 1
    outer loop
      vertex 0.17428 0.408307 0.468399
      vertex 0.208962 0.377404 0.468399
      vertex 0.174986 0.40931 0.468399
    endloop
  endfacet
  facet normal -0 0 1
    outer loop
      vertex 0.173525 0.40734 0.468399
      vertex 0.208962 0.377404 0.468399
      vertex 0.17428 0.408307 0.468399
    endloop
  endfacet
  facet normal -0 0 1
    outer loop
      vertex 0.172724 0.40641 0.468399
      vertex 0.208962 0.377404 0.468399
      vertex 0.173525 0.40734 0.468399
    endloop
  endfacet
  facet normal 0 0 1
    outer loop
      vertex 0.208962 0.377404 0.468399
      vertex 0.172724 0.40641 0.468399
      vertex 0.207104 0.37525 0.468399
    endloop
  endfacet
  facet normal 0 0 1
    outer loop
      vertex 0.207104 0.37525 0.468399
      vertex 0.172724 0.40641 0.468399
      vertex 0.204687 0.372712 0.468399
    endloop
  endfacet
  facet normal -0 0 1
    outer loop
      vertex 0.171877 0.405521 0.468399
      vertex 0.204687 0.372712 0.468399
      vertex 0.172724 0.40641 0.468399
    endloop
  endfacet
  facet normal 0 0 1
    outer loop
      vertex 0.204687 0.372712 0.468399
      vertex 0.171877 0.405521 0.468399
      vertex 0.202148 0.370296 0.468399
    endloop
  endfacet
  facet normal -0 0 1
    outer loop
      vertex 0.170988 0.404675 0.468399
      vertex 0.202148 0.370296 0.468399
      vertex 0.171877 0.405521 0.468399
    endloop
  endfacet
  facet normal 0 0 1
    outer loop
      vertex 0.202148 0.370296 0.468399
      vertex 0.170988 0.404675 0.468399
      vertex 0.199495 0.368007 0.468399
    endloop
  endfacet
  facet normal -0 0 1
    outer loop
      vertex 0.170059 0.403874 0.468399
      vertex 0.199495 0.368007 0.468399
      vertex 0.170988 0.404675 0.468399
    endloop
  endfacet
  facet normal 0 0 1
    outer loop
      vertex 0.199495 0.368007 0.468399
      vertex 0.170059 0.403874 0.468399
      vertex 0.196733 0.36585 0.468399
    endloop
  endfacet
  facet normal -0 0 1
    outer loop
      vertex 0.169092 0.403119 0.468399
      vertex 0.196733 0.36585 0.468399
      vertex 0.170059 0.403874 0.468399
    endloop
  endfacet
  facet normal 0 0 1
    outer loop
      vertex 0.196733 0.36585 0.468399
      vertex 0.169092 0.403119 0.468399
      vertex 0.193868 0.363832 0.468399
    endloop
  endfacet
  facet normal -0 0 1
    outer loop
      vertex 0.168089 0.402412 0.468399
      vertex 0.193868 0.363832 0.468399
      vertex 0.169092 0.403119 0.468399
    endloop
  endfacet
  facet normal 0 0 1
    outer loop
      vertex 0.193868 0.363832 0.468399
      vertex 0.168089 0.402412 0.468399
      vertex 0.190907 0.361958 0.468399
    endloop
  endfacet
  facet normal -0 0 1
    outer loop
      vertex 0.167052 0.401756 0.468399
      vertex 0.190907 0.361958 0.468399
      vertex 0.168089 0.402412 0.468399
    endloop
  endfacet
  facet normal 0 0 1
    outer loop
      vertex 0.190907 0.361958 0.468399
      vertex 0.167052 0.401756 0.468399
      vertex 0.187858 0.36023 0.468399
    endloop
  endfacet
  facet normal -0 0 1
    outer loop
      vertex 0.165984 0.401152 0.468399
      vertex 0.187858 0.36023 0.468399
      vertex 0.167052 0.401756 0.468399
    endloop
  endfacet
  facet normal 0 0 1
    outer loop
      vertex 0.187858 0.36023 0.468399
      vertex 0.165984 0.401152 0.468399
      vertex 0.184727 0.358655 0.468399
    endloop
  endfacet
  facet normal -0 0 1
    outer loop
      vertex 0.164888 0.400599 0.468399
      vertex 0.184727 0.358655 0.468399
      vertex 0.165984 0.401152 0.468399
    endloop
  endfacet
  facet normal 0 0 1
    outer loop
      vertex 0.184727 0.358655 0.468399
      vertex 0.164888 0.400599 0.468399
      vertex 0.181523 0.357235 0.468399
    endloop
  endfacet
  facet normal -0 0 1
    outer loop
      vertex 0.163767 0.400103 0.468399
      vertex 0.181523 0.357235 0.468399
      vertex 0.164888 0.400599 0.468399
    endloop
  endfacet
  facet normal 0 0 1
    outer loop
      vertex 0.181523 0.357235 0.468399
      vertex 0.163767 0.400103 0.468399
      vertex 0.178253 0.355973 0.468399
    endloop
  endfacet
  facet normal -0 0 1
    outer loop
      vertex 0.162621 0.399661 0.468399
      vertex 0.178253 0.355973 0.468399
      vertex 0.163767 0.400103 0.468399
    endloop
  endfacet
  facet normal 0 0 1
    outer loop
      vertex 0.178253 0.355973 0.468399
      vertex 0.162621 0.399661 0.468399
      vertex 0.174926 0.354874 0.468399
    endloop
  endfacet
  facet normal -0 0 1
    outer loop
      vertex 0.161457 0.399276 0.468399
      vertex 0.174926 0.354874 0.468399
      vertex 0.162621 0.399661 0.468399
    endloop
  endfacet
  facet normal 0 0 1
    outer loop
      vertex 0.174926 0.354874 0.468399
      vertex 0.161457 0.399276 0.468399
      vertex 0.171548 0.353939 0.468399
    endloop
  endfacet
  facet normal -0 0 1
    outer loop
      vertex 0.160274 0.398949 0.468399
      vertex 0.171548 0.353939 0.468399
      vertex 0.161457 0.399276 0.468399
    endloop
  endfacet
  facet normal 0 0 1
    outer loop
      vertex 0.171548 0.353939 0.468399
      vertex 0.160274 0.398949 0.468399
      vertex 0.168129 0.353171 0.468399
    endloop
  endfacet
  facet normal -0 0 1
    outer loop
      vertex 0.159077 0.39868 0.468399
      vertex 0.168129 0.353171 0.468399
      vertex 0.160274 0.398949 0.468399
    endloop
  endfacet
  facet normal 0 0 1
    outer loop
      vertex 0.168129 0.353171 0.468399
      vertex 0.159077 0.39868 0.468399
      vertex 0.164676 0.352572 0.468399
    endloop
  endfacet
  facet normal -0 0 1
    outer loop
      vertex 0.157867 0.39847 0.468399
      vertex 0.164676 0.352572 0.468399
      vertex 0.159077 0.39868 0.468399
    endloop
  endfacet
  facet normal 0 0 1
    outer loop
      vertex 0.164676 0.352572 0.468399
      vertex 0.157867 0.39847 0.468399
      vertex 0.161198 0.352143 0.468399
    endloop
  endfacet
  facet normal -0 0 1
    outer loop
      vertex 0.15665 0.39832 0.468399
      vertex 0.161198 0.352143 0.468399
      vertex 0.157867 0.39847 0.468399
    endloop
  endfacet
  facet normal 0 0 1
    outer loop
      vertex 0.161198 0.352143 0.468399
      vertex 0.15665 0.39832 0.468399
      vertex 0.157703 0.351886 0.468399
    endloop
  endfacet
  facet normal -0 0 1
    outer loop
      vertex 0.155426 0.39823 0.468399
      vertex 0.157703 0.351886 0.468399
      vertex 0.15665 0.39832 0.468399
    endloop
  endfacet
  facet normal -0 0 1
    outer loop
      vertex 0.1542 0.398199 0.468399
      vertex 0.157703 0.351886 0.468399
      vertex 0.155426 0.39823 0.468399
    endloop
  endfacet
  facet normal 0 0 1
    outer loop
      vertex 0.1542 0.398199 0.468399
      vertex 0.1542 0.3518 0.468399
      vertex 0.157703 0.351886 0.468399
    endloop
  endfacet
  facet normal 0 0 1
    outer loop
      vertex 0.152973 0.39823 0.468399
      vertex 0.1542 0.3518 0.468399
      vertex 0.1542 0.398199 0.468399
    endloop
  endfacet
  facet normal 0 0 1
    outer loop
      vertex 0.150696 0.351886 0.468399
      vertex 0.152973 0.39823 0.468399
      vertex 0.151749 0.39832 0.468399
    endloop
  endfacet
  facet normal 0 0 1
    outer loop
      vertex 0.152973 0.39823 0.468399
      vertex 0.150696 0.351886 0.468399
      vertex 0.1542 0.3518 0.468399
    endloop
  endfacet
  facet normal 0 0 1
    outer loop
      vertex 0.147202 0.352143 0.468399
      vertex 0.151749 0.39832 0.468399
      vertex 0.150531 0.39847 0.468399
    endloop
  endfacet
  facet normal 0 0 1
    outer loop
      vertex 0.143723 0.352572 0.468399
      vertex 0.150531 0.39847 0.468399
      vertex 0.149323 0.39868 0.468399
    endloop
  endfacet
  facet normal 0 0 1
    outer loop
      vertex 0.14027 0.353171 0.468399
      vertex 0.149323 0.39868 0.468399
      vertex 0.148125 0.398949 0.468399
    endloop
  endfacet
  facet normal 0 0 1
    outer loop
      vertex 0.151749 0.39832 0.468399
      vertex 0.147202 0.352143 0.468399
      vertex 0.150696 0.351886 0.468399
    endloop
  endfacet
  facet normal 0 0 1
    outer loop
      vertex 0.13685 0.353939 0.468399
      vertex 0.148125 0.398949 0.468399
      vertex 0.146942 0.399276 0.468399
    endloop
  endfacet
  facet normal 0 0 1
    outer loop
      vertex 0.133473 0.354874 0.468399
      vertex 0.146942 0.399276 0.468399
      vertex 0.145778 0.399661 0.468399
    endloop
  endfacet
  facet normal 0 0 1
    outer loop
      vertex 0.130146 0.355973 0.468399
      vertex 0.145778 0.399661 0.468399
      vertex 0.144632 0.400103 0.468399
    endloop
  endfacet
  facet normal 0 0 1
    outer loop
      vertex 0.150531 0.39847 0.468399
      vertex 0.143723 0.352572 0.468399
      vertex 0.147202 0.352143 0.468399
    endloop
  endfacet
  facet normal 0 0 1
    outer loop
      vertex 0.126876 0.357235 0.468399
      vertex 0.144632 0.400103 0.468399
      vertex 0.143511 0.400599 0.468399
    endloop
  endfacet
  facet normal 0 0 1
    outer loop
      vertex 0.126876 0.357235 0.468399
      vertex 0.143511 0.400599 0.468399
      vertex 0.142415 0.401152 0.468399
    endloop
  endfacet
  facet normal 0 0 1
    outer loop
      vertex 0.126876 0.357235 0.468399
      vertex 0.142415 0.401152 0.468399
      vertex 0.141347 0.401756 0.468399
    endloop
  endfacet
  facet normal 0 0 1
    outer loop
      vertex 0.126876 0.357235 0.468399
      vertex 0.141347 0.401756 0.468399
      vertex 0.14031 0.402412 0.468399
    endloop
  endfacet
  facet normal 0 0 1
    outer loop
      vertex 0.149323 0.39868 0.468399
      vertex 0.14027 0.353171 0.468399
      vertex 0.143723 0.352572 0.468399
    endloop
  endfacet
  facet normal 0 0 1
    outer loop
      vertex 0.126876 0.357235 0.468399
      vertex 0.14031 0.402412 0.468399
      vertex 0.139307 0.403119 0.468399
    endloop
  endfacet
  facet normal 0 0 1
    outer loop
      vertex 0.126876 0.357235 0.468399
      vertex 0.139307 0.403119 0.468399
      vertex 0.13834 0.403874 0.468399
    endloop
  endfacet
  facet normal 0 0 1
    outer loop
      vertex 0.126876 0.357235 0.468399
      vertex 0.13834 0.403874 0.468399
      vertex 0.13741 0.404675 0.468399
    endloop
  endfacet
  facet normal 0 0 1
    outer loop
      vertex 0.148125 0.398949 0.468399
      vertex 0.13685 0.353939 0.468399
      vertex 0.14027 0.353171 0.468399
    endloop
  endfacet
  facet normal 0 0 1
    outer loop
      vertex 0.126876 0.357235 0.468399
      vertex 0.13741 0.404675 0.468399
      vertex 0.136522 0.405521 0.468399
    endloop
  endfacet
  facet normal 0 0 1
    outer loop
      vertex 0.126876 0.357235 0.468399
      vertex 0.136522 0.405521 0.468399
      vertex 0.135675 0.40641 0.468399
    endloop
  endfacet
  facet normal 0 0 1
    outer loop
      vertex 0.126876 0.357235 0.468399
      vertex 0.135675 0.40641 0.468399
      vertex 0.134874 0.40734 0.468399
    endloop
  endfacet
  facet normal 0 0 1
    outer loop
      vertex 0.126876 0.357235 0.468399
      vertex 0.134874 0.40734 0.468399
      vertex 0.134119 0.408307 0.468399
    endloop
  endfacet
  facet normal 0 0 1
    outer loop
      vertex 0.146942 0.399276 0.468399
      vertex 0.133473 0.354874 0.468399
      vertex 0.13685 0.353939 0.468399
    endloop
  endfacet
  facet normal 0 0 1
    outer loop
      vertex 0.126876 0.357235 0.468399
      vertex 0.134119 0.408307 0.468399
      vertex 0.133412 0.40931 0.468399
    endloop
  endfacet
  facet normal 0 0 1
    outer loop
      vertex 0.126876 0.357235 0.468399
      vertex 0.133412 0.40931 0.468399
      vertex 0.132756 0.410347 0.468399
    endloop
  endfacet
  facet normal 0 0 1
    outer loop
      vertex 0.126876 0.357235 0.468399
      vertex 0.132756 0.410347 0.468399
      vertex 0.132152 0.411414 0.468399
    endloop
  endfacet
  facet normal 0 0 1
    outer loop
      vertex 0.126876 0.357235 0.468399
      vertex 0.132152 0.411414 0.468399
      vertex 0.131599 0.412511 0.468399
    endloop
  endfacet
  facet normal 0 0 1
    outer loop
      vertex 0.126876 0.357235 0.468399
      vertex 0.131599 0.412511 0.468399
      vertex 0.131103 0.413632 0.468399
    endloop
  endfacet
  facet normal 0 0 1
    outer loop
      vertex 0.126876 0.357235 0.468399
      vertex 0.131103 0.413632 0.468399
      vertex 0.130661 0.414777 0.468399
    endloop
  endfacet
  facet normal 0 0 1
    outer loop
      vertex 0.126876 0.357235 0.468399
      vertex 0.130661 0.414777 0.468399
      vertex 0.130276 0.415942 0.468399
    endloop
  endfacet
  facet normal 0 0 1
    outer loop
      vertex 0.145778 0.399661 0.468399
      vertex 0.130146 0.355973 0.468399
      vertex 0.133473 0.354874 0.468399
    endloop
  endfacet
  facet normal 0 0 1
    outer loop
      vertex 0.126876 0.357235 0.468399
      vertex 0.130276 0.415942 0.468399
      vertex 0.129949 0.417125 0.468399
    endloop
  endfacet
  facet normal 0 0 1
    outer loop
      vertex 0.126876 0.357235 0.468399
      vertex 0.129949 0.417125 0.468399
      vertex 0.12968 0.418323 0.468399
    endloop
  endfacet
  facet normal 0 0 1
    outer loop
      vertex 0.126876 0.357235 0.468399
      vertex 0.12968 0.418323 0.468399
      vertex 0.12947 0.419531 0.468399
    endloop
  endfacet
  facet normal 0 0 1
    outer loop
      vertex 0.126876 0.357235 0.468399
      vertex 0.12947 0.419531 0.468399
      vertex 0.12932 0.420749 0.468399
    endloop
  endfacet
  facet normal 0 0 1
    outer loop
      vertex 0.126876 0.357235 0.468399
      vertex 0.12932 0.420749 0.468399
      vertex 0.12923 0.421973 0.468399
    endloop
  endfacet
  facet normal 0 0 1
    outer loop
      vertex 0.126876 0.357235 0.468399
      vertex 0.12923 0.421973 0.468399
      vertex 0.1292 0.4232 0.468399
    endloop
  endfacet
  facet normal 0 0 1
    outer loop
      vertex 0.144632 0.400103 0.468399
      vertex 0.126876 0.357235 0.468399
      vertex 0.130146 0.355973 0.468399
    endloop
  endfacet
  facet normal -0 0 1
    outer loop
      vertex 0.237015 0.125122 0.468399
      vertex 0.294556 0.100601 0.468399
      vertex 0.239136 0.129364 0.468399
    endloop
  endfacet
  facet normal 0 0 1
    outer loop
      vertex 0.294556 0.100601 0.468399
      vertex 0.237015 0.125122 0.468399
      vertex 0.291885 0.0936432 0.468399
    endloop
  endfacet
  facet normal -0 0 1
    outer loop
      vertex 0.234665 0.120987 0.468399
      vertex 0.291885 0.0936432 0.468399
      vertex 0.237015 0.125122 0.468399
    endloop
  endfacet
  facet normal 0 0 1
    outer loop
      vertex 0.291885 0.0936432 0.468399
      vertex 0.234665 0.120987 0.468399
      vertex 0.288864 0.0868378 0.468399
    endloop
  endfacet
  facet normal -0 0 1
    outer loop
      vertex 0.232132 0.116974 0.468399
      vertex 0.288864 0.0868378 0.468399
      vertex 0.234665 0.120987 0.468399
    endloop
  endfacet
  facet normal 0 0 1
    outer loop
      vertex 0.288864 0.0868378 0.468399
      vertex 0.232132 0.116974 0.468399
      vertex 0.285507 0.0801849 0.468399
    endloop
  endfacet
  facet normal -0 0 1
    outer loop
      vertex 0.229401 0.113098 0.468399
      vertex 0.285507 0.0801849 0.468399
      vertex 0.232132 0.116974 0.468399
    endloop
  endfacet
  facet normal 0 0 1
    outer loop
      vertex 0.285507 0.0801849 0.468399
      vertex 0.229401 0.113098 0.468399
      vertex 0.281845 0.0737152 0.468399
    endloop
  endfacet
  facet normal -0 0 1
    outer loop
      vertex 0.226471 0.10936 0.468399
      vertex 0.281845 0.0737152 0.468399
      vertex 0.229401 0.113098 0.468399
    endloop
  endfacet
  facet normal 0 0 1
    outer loop
      vertex 0.281845 0.0737152 0.468399
      vertex 0.226471 0.10936 0.468399
      vertex 0.277863 0.0674133 0.468399
    endloop
  endfacet
  facet normal -0 0 1
    outer loop
      vertex 0.223373 0.105759 0.468399
      vertex 0.277863 0.0674133 0.468399
      vertex 0.226471 0.10936 0.468399
    endloop
  endfacet
  facet normal 0 0 1
    outer loop
      vertex 0.277863 0.0674133 0.468399
      vertex 0.223373 0.105759 0.468399
      vertex 0.273575 0.0613251 0.468399
    endloop
  endfacet
  facet normal -0 0 1
    outer loop
      vertex 0.220093 0.102325 0.468399
      vertex 0.273575 0.0613251 0.468399
      vertex 0.223373 0.105759 0.468399
    endloop
  endfacet
  facet normal 0 0 1
    outer loop
      vertex 0.273575 0.0613251 0.468399
      vertex 0.220093 0.102325 0.468399
      vertex 0.268997 0.0554657 0.468399
    endloop
  endfacet
  facet normal -0 0 1
    outer loop
      vertex 0.21666 0.0990448 0.468399
      vertex 0.268997 0.0554657 0.468399
      vertex 0.220093 0.102325 0.468399
    endloop
  endfacet
  facet normal 0 0 1
    outer loop
      vertex 0.268997 0.0554657 0.468399
      vertex 0.21666 0.0990448 0.468399
      vertex 0.26413 0.0498199 0.468399
    endloop
  endfacet
  facet normal -0 0 1
    outer loop
      vertex 0.213074 0.0959473 0.468399
      vertex 0.26413 0.0498199 0.468399
      vertex 0.21666 0.0990448 0.468399
    endloop
  endfacet
  facet normal 0 0 1
    outer loop
      vertex 0.26413 0.0498199 0.468399
      vertex 0.213074 0.0959473 0.468399
      vertex 0.258987 0.0444336 0.468399
    endloop
  endfacet
  facet normal 0 0 1
    outer loop
      vertex 0.258987 0.0444336 0.468399
      vertex 0.213074 0.0959473 0.468399
      vertex 0.253601 0.0392914 0.468399
    endloop
  endfacet
  facet normal -0 0 1
    outer loop
      vertex 0.20932 0.0930328 0.468399
      vertex 0.253601 0.0392914 0.468399
      vertex 0.213074 0.0959473 0.468399
    endloop
  endfacet
  facet normal 0 0 1
    outer loop
      vertex 0.253601 0.0392914 0.468399
      vertex 0.20932 0.0930328 0.468399
      vertex 0.247955 0.0344238 0.468399
    endloop
  endfacet
  facet normal -0 0 1
    outer loop
      vertex 0.205444 0.0902863 0.468399
      vertex 0.247955 0.0344238 0.468399
      vertex 0.20932 0.0930328 0.468399
    endloop
  endfacet
  facet normal 0 0 1
    outer loop
      vertex 0.247955 0.0344238 0.468399
      vertex 0.205444 0.0902863 0.468399
      vertex 0.242096 0.0298462 0.468399
    endloop
  endfacet
  facet normal -0 0 1
    outer loop
      vertex 0.201431 0.0877533 0.468399
      vertex 0.242096 0.0298462 0.468399
      vertex 0.205444 0.0902863 0.468399
    endloop
  endfacet
  facet normal 0 0 1
    outer loop
      vertex 0.242096 0.0298462 0.468399
      vertex 0.201431 0.0877533 0.468399
      vertex 0.236008 0.0255585 0.468399
    endloop
  endfacet
  facet normal -0 0 1
    outer loop
      vertex 0.197296 0.0854187 0.468399
      vertex 0.236008 0.0255585 0.468399
      vertex 0.201431 0.0877533 0.468399
    endloop
  endfacet
  facet normal 0 0 1
    outer loop
      vertex 0.236008 0.0255585 0.468399
      vertex 0.197296 0.0854187 0.468399
      vertex 0.229706 0.0215759 0.468399
    endloop
  endfacet
  facet normal -0 0 1
    outer loop
      vertex 0.193069 0.0832825 0.468399
      vertex 0.229706 0.0215759 0.468399
      vertex 0.197296 0.0854187 0.468399
    endloop
  endfacet
  facet normal 0 0 1
    outer loop
      vertex 0.229706 0.0215759 0.468399
      vertex 0.193069 0.0832825 0.468399
      vertex 0.223236 0.0179138 0.468399
    endloop
  endfacet
  facet normal -0 0 1
    outer loop
      vertex 0.188721 0.0813599 0.468399
      vertex 0.223236 0.0179138 0.468399
      vertex 0.193069 0.0832825 0.468399
    endloop
  endfacet
  facet normal 0 0 1
    outer loop
      vertex 0.223236 0.0179138 0.468399
      vertex 0.188721 0.0813599 0.468399
      vertex 0.216583 0.0145569 0.468399
    endloop
  endfacet
  facet normal -0 0 1
    outer loop
      vertex 0.184296 0.0796509 0.468399
      vertex 0.216583 0.0145569 0.468399
      vertex 0.188721 0.0813599 0.468399
    endloop
  endfacet
  facet normal 0 0 1
    outer loop
      vertex 0.216583 0.0145569 0.468399
      vertex 0.184296 0.0796509 0.468399
      vertex 0.209778 0.0115356 0.468399
    endloop
  endfacet
  facet normal 0 0 1
    outer loop
      vertex 0.209778 0.0115356 0.468399
      vertex 0.184296 0.0796509 0.468399
      vertex 0.20282 0.00886536 0.468399
    endloop
  endfacet
  facet normal -0 0 1
    outer loop
      vertex 0.179779 0.0781555 0.468399
      vertex 0.20282 0.00886536 0.468399
      vertex 0.184296 0.0796509 0.468399
    endloop
  endfacet
  facet normal 0 0 1
    outer loop
      vertex 0.20282 0.00886536 0.468399
      vertex 0.179779 0.0781555 0.468399
      vertex 0.195755 0.00653076 0.468399
    endloop
  endfacet
  facet normal -0 0 1
    outer loop
      vertex 0.175217 0.076889 0.468399
      vertex 0.195755 0.00653076 0.468399
      vertex 0.179779 0.0781555 0.468399
    endloop
  endfacet
  facet normal 0 0 1
    outer loop
      vertex 0.195755 0.00653076 0.468399
      vertex 0.175217 0.076889 0.468399
      vertex 0.188568 0.00453186 0.468399
    endloop
  endfacet
  facet normal -0 0 1
    outer loop
      vertex 0.170578 0.0758514 0.468399
      vertex 0.188568 0.00453186 0.468399
      vertex 0.175217 0.076889 0.468399
    endloop
  endfacet
  facet normal 0 0 1
    outer loop
      vertex 0.188568 0.00453186 0.468399
      vertex 0.170578 0.0758514 0.468399
      vertex 0.181305 0.00291443 0.468399
    endloop
  endfacet
  facet normal -0 0 1
    outer loop
      vertex 0.165909 0.0750427 0.468399
      vertex 0.181305 0.00291443 0.468399
      vertex 0.170578 0.0758514 0.468399
    endloop
  endfacet
  facet normal 0 0 1
    outer loop
      vertex 0.181305 0.00291443 0.468399
      vertex 0.165909 0.0750427 0.468399
      vertex 0.173965 0.00163269 0.468399
    endloop
  endfacet
  facet normal -0 0 1
    outer loop
      vertex 0.161194 0.0744629 0.468399
      vertex 0.173965 0.00163269 0.468399
      vertex 0.165909 0.0750427 0.468399
    endloop
  endfacet
  facet normal 0 0 1
    outer loop
      vertex 0.173965 0.00163269 0.468399
      vertex 0.161194 0.0744629 0.468399
      vertex 0.16658 0.000717163 0.468399
    endloop
  endfacet
  facet normal -0 0 1
    outer loop
      vertex 0.156464 0.0741119 0.468399
      vertex 0.16658 0.000717163 0.468399
      vertex 0.161194 0.0744629 0.468399
    endloop
  endfacet
  facet normal 0 0 1
    outer loop
      vertex 0.16658 0.000717163 0.468399
      vertex 0.156464 0.0741119 0.468399
      vertex 0.159149 0.000167847 0.468399
    endloop
  endfacet
  facet normal -0 0 1
    outer loop
      vertex 0.151703 0.0739899 0.468399
      vertex 0.159149 0.000167847 0.468399
      vertex 0.156464 0.0741119 0.468399
    endloop
  endfacet
  facet normal 0 0 1
    outer loop
      vertex 0.151703 0.0739899 0.468399
      vertex 0.151703 0 0.468399
      vertex 0.159149 0.000167847 0.468399
    endloop
  endfacet
  facet normal 0 0 1
    outer loop
      vertex 0.144272 0.000167847 0.468399
      vertex 0.151703 0.0739899 0.468399
      vertex 0.146957 0.0741119 0.468399
    endloop
  endfacet
  facet normal 0 0 1
    outer loop
      vertex 0.151703 0.0739899 0.468399
      vertex 0.144272 0.000167847 0.468399
      vertex 0.151703 0 0.468399
    endloop
  endfacet
  facet normal 0 0 1
    outer loop
      vertex 0.136841 0.000717163 0.468399
      vertex 0.146957 0.0741119 0.468399
      vertex 0.142227 0.0744629 0.468399
    endloop
  endfacet
  facet normal 0 0 1
    outer loop
      vertex 0.129456 0.00163269 0.468399
      vertex 0.142227 0.0744629 0.468399
      vertex 0.137512 0.0750427 0.468399
    endloop
  endfacet
  facet normal 0 0 1
    outer loop
      vertex 0.146957 0.0741119 0.468399
      vertex 0.136841 0.000717163 0.468399
      vertex 0.144272 0.000167847 0.468399
    endloop
  endfacet
  facet normal 0 0 1
    outer loop
      vertex 0.122116 0.00291443 0.468399
      vertex 0.137512 0.0750427 0.468399
      vertex 0.132843 0.0758514 0.468399
    endloop
  endfacet
  facet normal 0 0 1
    outer loop
      vertex 0.142227 0.0744629 0.468399
      vertex 0.129456 0.00163269 0.468399
      vertex 0.136841 0.000717163 0.468399
    endloop
  endfacet
  facet normal 0 0 1
    outer loop
      vertex 0.114853 0.00453186 0.468399
      vertex 0.132843 0.0758514 0.468399
      vertex 0.128204 0.076889 0.468399
    endloop
  endfacet
  facet normal 0 0 1
    outer loop
      vertex 0.107666 0.00653076 0.468399
      vertex 0.128204 0.076889 0.468399
      vertex 0.123642 0.0781555 0.468399
    endloop
  endfacet
  facet normal 0 0 1
    outer loop
      vertex 0.137512 0.0750427 0.468399
      vertex 0.122116 0.00291443 0.468399
      vertex 0.129456 0.00163269 0.468399
    endloop
  endfacet
  facet normal 0 0 1
    outer loop
      vertex 0.100601 0.00886536 0.468399
      vertex 0.123642 0.0781555 0.468399
      vertex 0.119125 0.0796509 0.468399
    endloop
  endfacet
  facet normal 0 0 1
    outer loop
      vertex 0.132843 0.0758514 0.468399
      vertex 0.114853 0.00453186 0.468399
      vertex 0.122116 0.00291443 0.468399
    endloop
  endfacet
  facet normal 0 0 1
    outer loop
      vertex 0.0868378 0.0145569 0.468399
      vertex 0.119125 0.0796509 0.468399
      vertex 0.1147 0.0813599 0.468399
    endloop
  endfacet
  facet normal 0 0 1
    outer loop
      vertex 0.0801849 0.0179138 0.468399
      vertex 0.1147 0.0813599 0.468399
      vertex 0.110352 0.0832825 0.468399
    endloop
  endfacet
  facet normal 0 0 1
    outer loop
      vertex 0.128204 0.076889 0.468399
      vertex 0.107666 0.00653076 0.468399
      vertex 0.114853 0.00453186 0.468399
    endloop
  endfacet
  facet normal 0 0 1
    outer loop
      vertex 0.0737152 0.0215759 0.468399
      vertex 0.110352 0.0832825 0.468399
      vertex 0.106125 0.0854187 0.468399
    endloop
  endfacet
  facet normal 0 0 1
    outer loop
      vertex 0.0674133 0.0255585 0.468399
      vertex 0.106125 0.0854187 0.468399
      vertex 0.10199 0.0877533 0.468399
    endloop
  endfacet
  facet normal 0 0 1
    outer loop
      vertex 0.123642 0.0781555 0.468399
      vertex 0.100601 0.00886536 0.468399
      vertex 0.107666 0.00653076 0.468399
    endloop
  endfacet
  facet normal 0 0 1
    outer loop
      vertex 0.0613251 0.0298462 0.468399
      vertex 0.10199 0.0877533 0.468399
      vertex 0.0979767 0.0902863 0.468399
    endloop
  endfacet
  facet normal 0 0 1
    outer loop
      vertex 0.0554657 0.0344238 0.468399
      vertex 0.0979767 0.0902863 0.468399
      vertex 0.094101 0.0930328 0.468399
    endloop
  endfacet
  facet normal 0 0 1
    outer loop
      vertex 0.119125 0.0796509 0.468399
      vertex 0.0936432 0.0115356 0.468399
      vertex 0.100601 0.00886536 0.468399
    endloop
  endfacet
  facet normal 0 0 1
    outer loop
      vertex 0.0498199 0.0392914 0.468399
      vertex 0.094101 0.0930328 0.468399
      vertex 0.0903473 0.0959473 0.468399
    endloop
  endfacet
  facet normal 0 0 1
    outer loop
      vertex 0.119125 0.0796509 0.468399
      vertex 0.0868378 0.0145569 0.468399
      vertex 0.0936432 0.0115356 0.468399
    endloop
  endfacet
  facet normal 0 0 1
    outer loop
      vertex 0.0392914 0.0498199 0.468399
      vertex 0.0903473 0.0959473 0.468399
      vertex 0.0867615 0.0990448 0.468399
    endloop
  endfacet
  facet normal 0 0 1
    outer loop
      vertex 0.0344238 0.0554657 0.468399
      vertex 0.0867615 0.0990448 0.468399
      vertex 0.083313 0.102325 0.468399
    endloop
  endfacet
  facet normal 0 0 1
    outer loop
      vertex 0.1147 0.0813599 0.468399
      vertex 0.0801849 0.0179138 0.468399
      vertex 0.0868378 0.0145569 0.468399
    endloop
  endfacet
  facet normal 0 0 1
    outer loop
      vertex 0.0298462 0.0613251 0.468399
      vertex 0.083313 0.102325 0.468399
      vertex 0.0800476 0.105759 0.468399
    endloop
  endfacet
  facet normal 0 0 1
    outer loop
      vertex 0.0255585 0.0674133 0.468399
      vertex 0.0800476 0.105759 0.468399
      vertex 0.0769501 0.10936 0.468399
    endloop
  endfacet
  facet normal 0 0 1
    outer loop
      vertex 0.0215759 0.0737152 0.468399
      vertex 0.0769501 0.10936 0.468399
      vertex 0.0740204 0.113098 0.468399
    endloop
  endfacet
  facet normal 0 0 1
    outer loop
      vertex 0.110352 0.0832825 0.468399
      vertex 0.0737152 0.0215759 0.468399
      vertex 0.0801849 0.0179138 0.468399
    endloop
  endfacet
  facet normal 0 0 1
    outer loop
      vertex 0.0179138 0.0801849 0.468399
      vertex 0.0740204 0.113098 0.468399
      vertex 0.0712891 0.116974 0.468399
    endloop
  endfacet
  facet normal 0 0 1
    outer loop
      vertex 0.0145569 0.0868378 0.468399
      vertex 0.0712891 0.116974 0.468399
      vertex 0.0687561 0.120987 0.468399
    endloop
  endfacet
  facet normal 0 0 1
    outer loop
      vertex 0.106125 0.0854187 0.468399
      vertex 0.0674133 0.0255585 0.468399
      vertex 0.0737152 0.0215759 0.468399
    endloop
  endfacet
  facet normal 0 0 1
    outer loop
      vertex 0.0115356 0.0936432 0.468399
      vertex 0.0687561 0.120987 0.468399
      vertex 0.0664062 0.125122 0.468399
    endloop
  endfacet
  facet normal 0 0 1
    outer loop
      vertex 0.00886536 0.100601 0.468399
      vertex 0.0664062 0.125122 0.468399
      vertex 0.0642853 0.129364 0.468399
    endloop
  endfacet
  facet normal 0 0 1
    outer loop
      vertex 0.00653076 0.107666 0.468399
      vertex 0.0642853 0.129364 0.468399
      vertex 0.0623474 0.133698 0.468399
    endloop
  endfacet
  facet normal 0 0 1
    outer loop
      vertex 0.10199 0.0877533 0.468399
      vertex 0.0613251 0.0298462 0.468399
      vertex 0.0674133 0.0255585 0.468399
    endloop
  endfacet
  facet normal 0 0 1
    outer loop
      vertex 0.00453186 0.114853 0.468399
      vertex 0.0623474 0.133698 0.468399
      vertex 0.0606537 0.138123 0.468399
    endloop
  endfacet
  facet normal 0 0 1
    outer loop
      vertex 0.00291443 0.122116 0.468399
      vertex 0.0606537 0.138123 0.468399
      vertex 0.0591583 0.142639 0.468399
    endloop
  endfacet
  facet normal 0 0 1
    outer loop
      vertex 0.000717163 0.136841 0.468399
      vertex 0.0591583 0.142639 0.468399
      vertex 0.0578918 0.147217 0.468399
    endloop
  endfacet
  facet normal 0 0 1
    outer loop
      vertex 0.000167847 0.144272 0.468399
      vertex 0.0578918 0.147217 0.468399
      vertex 0.0568542 0.15184 0.468399
    endloop
  endfacet
  facet normal 0 0 1
    outer loop
      vertex 0 0.151703 0.468399
      vertex 0.0568542 0.15184 0.468399
      vertex 0.0560455 0.156525 0.468399
    endloop
  endfacet
  facet normal 0 0 1
    outer loop
      vertex 0 0.151703 0.468399
      vertex 0.0560455 0.156525 0.468399
      vertex 0.0554657 0.161224 0.468399
    endloop
  endfacet
  facet normal 0 0 1
    outer loop
      vertex 0.0979767 0.0902863 0.468399
      vertex 0.0554657 0.0344238 0.468399
      vertex 0.0613251 0.0298462 0.468399
    endloop
  endfacet
  facet normal 0 0 1
    outer loop
      vertex 0 0.151703 0.468399
      vertex 0.0554657 0.161224 0.468399
      vertex 0.0551147 0.16597 0.468399
    endloop
  endfacet
  facet normal 0 0 1
    outer loop
      vertex 0 0.151703 0.468399
      vertex 0.0551147 0.16597 0.468399
      vertex 0.0549927 0.170715 0.468399
    endloop
  endfacet
  facet normal 0 0 1
    outer loop
      vertex 0 0.151703 0.468399
      vertex 0.0549927 0.299454 0.468399
      vertex 0 0.350754 0.468399
    endloop
  endfacet
  facet normal 0 0 1
    outer loop
      vertex 0.0549927 0.299454 0.468399
      vertex 0 0.151703 0.468399
      vertex 0.0549927 0.170715 0.468399
    endloop
  endfacet
  facet normal 0 0 1
    outer loop
      vertex 0.0712891 0.353195 0.468399
      vertex 0.00291443 0.380356 0.468399
      vertex 0.0687561 0.349182 0.468399
    endloop
  endfacet
  facet normal 0 0 1
    outer loop
      vertex 0.0568542 0.15184 0.468399
      vertex 0 0.151703 0.468399
      vertex 0.000167847 0.144272 0.468399
    endloop
  endfacet
  facet normal -0 0 1
    outer loop
      vertex 0.00163269 0.373016 0.468399
      vertex 0.0687561 0.349182 0.468399
      vertex 0.00291443 0.380356 0.468399
    endloop
  endfacet
  facet normal 0 0 1
    outer loop
      vertex 0.094101 0.0930328 0.468399
      vertex 0.0498199 0.0392914 0.468399
      vertex 0.0554657 0.0344238 0.468399
    endloop
  endfacet
  facet normal 0 0 1
    outer loop
      vertex 0.0687561 0.349182 0.468399
      vertex 0.00163269 0.373016 0.468399
      vertex 0.0664062 0.345047 0.468399
    endloop
  endfacet
  facet normal 0 0 1
    outer loop
      vertex 0.0903473 0.0959473 0.468399
      vertex 0.0444336 0.0444336 0.468399
      vertex 0.0498199 0.0392914 0.468399
    endloop
  endfacet
  facet normal -0 0 1
    outer loop
      vertex 0.000717163 0.365631 0.468399
      vertex 0.0664062 0.345047 0.468399
      vertex 0.00163269 0.373016 0.468399
    endloop
  endfacet
  facet normal 0 0 1
    outer loop
      vertex 0.0903473 0.0959473 0.468399
      vertex 0.0392914 0.0498199 0.468399
      vertex 0.0444336 0.0444336 0.468399
    endloop
  endfacet
  facet normal -0 0 1
    outer loop
      vertex 0.000167847 0.3582 0.468399
      vertex 0.0664062 0.345047 0.468399
      vertex 0.000717163 0.365631 0.468399
    endloop
  endfacet
  facet normal 0 0 1
    outer loop
      vertex 0.0867615 0.0990448 0.468399
      vertex 0.0344238 0.0554657 0.468399
      vertex 0.0392914 0.0498199 0.468399
    endloop
  endfacet
  facet normal 0 0 1
    outer loop
      vertex 0.0664062 0.345047 0.468399
      vertex 0.000167847 0.3582 0.468399
      vertex 0.0642853 0.340805 0.468399
    endloop
  endfacet
  facet normal 0 0 1
    outer loop
      vertex 0.083313 0.102325 0.468399
      vertex 0.0298462 0.0613251 0.468399
      vertex 0.0344238 0.0554657 0.468399
    endloop
  endfacet
  facet normal -0 0 1
    outer loop
      vertex 0 0.350754 0.468399
      vertex 0.0642853 0.340805 0.468399
      vertex 0.000167847 0.3582 0.468399
    endloop
  endfacet
  facet normal 0 0 1
    outer loop
      vertex 0.0800476 0.105759 0.468399
      vertex 0.0255585 0.0674133 0.468399
      vertex 0.0298462 0.0613251 0.468399
    endloop
  endfacet
  facet normal 0 0 1
    outer loop
      vertex 0.0642853 0.340805 0.468399
      vertex 0 0.350754 0.468399
      vertex 0.0623474 0.336472 0.468399
    endloop
  endfacet
  facet normal 0 0 1
    outer loop
      vertex 0.0769501 0.10936 0.468399
      vertex 0.0215759 0.0737152 0.468399
      vertex 0.0255585 0.0674133 0.468399
    endloop
  endfacet
  facet normal 0 0 1
    outer loop
      vertex 0.0623474 0.336472 0.468399
      vertex 0 0.350754 0.468399
      vertex 0.0606537 0.332047 0.468399
    endloop
  endfacet
  facet normal 0 0 1
    outer loop
      vertex 0.0740204 0.113098 0.468399
      vertex 0.0179138 0.0801849 0.468399
      vertex 0.0215759 0.0737152 0.468399
    endloop
  endfacet
  facet normal 0 0 1
    outer loop
      vertex 0.0606537 0.332047 0.468399
      vertex 0 0.350754 0.468399
      vertex 0.0591583 0.32753 0.468399
    endloop
  endfacet
  facet normal 0 0 1
    outer loop
      vertex 0.0712891 0.116974 0.468399
      vertex 0.0145569 0.0868378 0.468399
      vertex 0.0179138 0.0801849 0.468399
    endloop
  endfacet
  facet normal 0 0 1
    outer loop
      vertex 0.0591583 0.32753 0.468399
      vertex 0 0.350754 0.468399
      vertex 0.0578918 0.322968 0.468399
    endloop
  endfacet
  facet normal 0 0 1
    outer loop
      vertex 0.0687561 0.120987 0.468399
      vertex 0.0115356 0.0936432 0.468399
      vertex 0.0145569 0.0868378 0.468399
    endloop
  endfacet
  facet normal 0 0 1
    outer loop
      vertex 0.0578918 0.322968 0.468399
      vertex 0 0.350754 0.468399
      vertex 0.0568542 0.318329 0.468399
    endloop
  endfacet
  facet normal 0 0 1
    outer loop
      vertex 0.0664062 0.125122 0.468399
      vertex 0.00886536 0.100601 0.468399
      vertex 0.0115356 0.0936432 0.468399
    endloop
  endfacet
  facet normal 0 0 1
    outer loop
      vertex 0.0568542 0.318329 0.468399
      vertex 0 0.350754 0.468399
      vertex 0.0560455 0.313644 0.468399
    endloop
  endfacet
  facet normal 0 0 1
    outer loop
      vertex 0.0642853 0.129364 0.468399
      vertex 0.00653076 0.107666 0.468399
      vertex 0.00886536 0.100601 0.468399
    endloop
  endfacet
  facet normal 0 0 1
    outer loop
      vertex 0.0560455 0.313644 0.468399
      vertex 0 0.350754 0.468399
      vertex 0.0554657 0.308945 0.468399
    endloop
  endfacet
  facet normal 0 0 1
    outer loop
      vertex 0.0623474 0.133698 0.468399
      vertex 0.00453186 0.114853 0.468399
      vertex 0.00653076 0.107666 0.468399
    endloop
  endfacet
  facet normal 0 0 1
    outer loop
      vertex 0.0554657 0.308945 0.468399
      vertex 0 0.350754 0.468399
      vertex 0.0551147 0.304199 0.468399
    endloop
  endfacet
  facet normal 0 0 1
    outer loop
      vertex 0.0606537 0.138123 0.468399
      vertex 0.00291443 0.122116 0.468399
      vertex 0.00453186 0.114853 0.468399
    endloop
  endfacet
  facet normal 0 0 1
    outer loop
      vertex 0.0551147 0.304199 0.468399
      vertex 0 0.350754 0.468399
      vertex 0.0549927 0.299454 0.468399
    endloop
  endfacet
  facet normal 0 0 1
    outer loop
      vertex 0.0591583 0.142639 0.468399
      vertex 0.00163269 0.129456 0.468399
      vertex 0.00291443 0.122116 0.468399
    endloop
  endfacet
  facet normal 0 0 1
    outer loop
      vertex 0.0591583 0.142639 0.468399
      vertex 0.000717163 0.136841 0.468399
      vertex 0.00163269 0.129456 0.468399
    endloop
  endfacet
  facet normal 0 0 1
    outer loop
      vertex 0.0578918 0.147217 0.468399
      vertex 0.000167847 0.144272 0.468399
      vertex 0.000717163 0.136841 0.468399
    endloop
  endfacet
  facet normal 0.0737211 -0.997279 0
    outer loop
      vertex 0.159149 0.000167847 0
      vertex 0.16658 0.000717163 0.468399
      vertex 0.159149 0.000167847 0.468399
    endloop
  endfacet
  facet normal 0.0737211 -0.997279 0
    outer loop
      vertex 0.16658 0.000717163 0.468399
      vertex 0.159149 0.000167847 0
      vertex 0.16658 0.000717163 0
    endloop
  endfacet
  facet normal 0.123029 -0.992403 0
    outer loop
      vertex 0.16658 0.000717163 0
      vertex 0.173965 0.00163269 0.468399
      vertex 0.16658 0.000717163 0.468399
    endloop
  endfacet
  facet normal 0.123029 -0.992403 0
    outer loop
      vertex 0.173965 0.00163269 0.468399
      vertex 0.16658 0.000717163 0
      vertex 0.173965 0.00163269 0
    endloop
  endfacet
  facet normal 0.172021 -0.985093 0
    outer loop
      vertex 0.173965 0.00163269 0
      vertex 0.181305 0.00291443 0.468399
      vertex 0.173965 0.00163269 0.468399
    endloop
  endfacet
  facet normal 0.172021 -0.985093 0
    outer loop
      vertex 0.181305 0.00291443 0.468399
      vertex 0.173965 0.00163269 0
      vertex 0.181305 0.00291443 0
    endloop
  endfacet
  facet normal 0.21737 -0.976089 0
    outer loop
      vertex 0.181305 0.00291443 0
      vertex 0.188568 0.00453186 0.468399
      vertex 0.181305 0.00291443 0.468399
    endloop
  endfacet
  facet normal 0.21737 -0.976089 0
    outer loop
      vertex 0.188568 0.00453186 0.468399
      vertex 0.181305 0.00291443 0
      vertex 0.188568 0.00453186 0
    endloop
  endfacet
  facet normal 0.267956 -0.963431 0
    outer loop
      vertex 0.188568 0.00453186 0
      vertex 0.195755 0.00653076 0.468399
      vertex 0.188568 0.00453186 0.468399
    endloop
  endfacet
  facet normal 0.267956 -0.963431 0
    outer loop
      vertex 0.195755 0.00653076 0.468399
      vertex 0.188568 0.00453186 0
      vertex 0.195755 0.00653076 0
    endloop
  endfacet
  facet normal 0.313759 -0.949503 0
    outer loop
      vertex 0.195755 0.00653076 0
      vertex 0.20282 0.00886536 0.468399
      vertex 0.195755 0.00653076 0.468399
    endloop
  endfacet
  facet normal 0.313759 -0.949503 0
    outer loop
      vertex 0.20282 0.00886536 0.468399
      vertex 0.195755 0.00653076 0
      vertex 0.20282 0.00886536 0
    endloop
  endfacet
  facet normal 0.358288 -0.933611 0
    outer loop
      vertex 0.20282 0.00886536 0
      vertex 0.209778 0.0115356 0.468399
      vertex 0.20282 0.00886536 0.468399
    endloop
  endfacet
  facet normal 0.358288 -0.933611 0
    outer loop
      vertex 0.209778 0.0115356 0.468399
      vertex 0.20282 0.00886536 0
      vertex 0.209778 0.0115356 0
    endloop
  endfacet
  facet normal 0.405786 -0.913968 0
    outer loop
      vertex 0.209778 0.0115356 0
      vertex 0.216583 0.0145569 0.468399
      vertex 0.209778 0.0115356 0.468399
    endloop
  endfacet
  facet normal 0.405786 -0.913968 0
    outer loop
      vertex 0.216583 0.0145569 0.468399
      vertex 0.209778 0.0115356 0
      vertex 0.216583 0.0145569 0
    endloop
  endfacet
  facet normal 0.450474 -0.892789 0
    outer loop
      vertex 0.216583 0.0145569 0
      vertex 0.223236 0.0179138 0.468399
      vertex 0.216583 0.0145569 0.468399
    endloop
  endfacet
  facet normal 0.450474 -0.892789 0
    outer loop
      vertex 0.223236 0.0179138 0.468399
      vertex 0.216583 0.0145569 0
      vertex 0.223236 0.0179138 0
    endloop
  endfacet
  facet normal 0.492581 -0.870266 0
    outer loop
      vertex 0.223236 0.0179138 0
      vertex 0.229706 0.0215759 0.468399
      vertex 0.223236 0.0179138 0.468399
    endloop
  endfacet
  facet normal 0.492581 -0.870266 0
    outer loop
      vertex 0.229706 0.0215759 0.468399
      vertex 0.223236 0.0179138 0
      vertex 0.229706 0.0215759 0
    endloop
  endfacet
  facet normal 0.534222 -0.845344 0
    outer loop
      vertex 0.229706 0.0215759 0
      vertex 0.236008 0.0255585 0.468399
      vertex 0.229706 0.0215759 0.468399
    endloop
  endfacet
  facet normal 0.534222 -0.845344 0
    outer loop
      vertex 0.236008 0.0255585 0.468399
      vertex 0.229706 0.0215759 0
      vertex 0.236008 0.0255585 0
    endloop
  endfacet
  facet normal 0.575812 -0.817582 0
    outer loop
      vertex 0.236008 0.0255585 0
      vertex 0.242096 0.0298462 0.468399
      vertex 0.236008 0.0255585 0.468399
    endloop
  endfacet
  facet normal 0.575812 -0.817582 0
    outer loop
      vertex 0.242096 0.0298462 0.468399
      vertex 0.236008 0.0255585 0
      vertex 0.242096 0.0298462 0
    endloop
  endfacet
  facet normal 0.615665 -0.788008 0
    outer loop
      vertex 0.242096 0.0298462 0
      vertex 0.247955 0.0344238 0.468399
      vertex 0.242096 0.0298462 0.468399
    endloop
  endfacet
  facet normal 0.615665 -0.788008 0
    outer loop
      vertex 0.247955 0.0344238 0.468399
      vertex 0.242096 0.0298462 0
      vertex 0.247955 0.0344238 0
    endloop
  endfacet
  facet normal 0.652967 -0.757386 0
    outer loop
      vertex 0.247955 0.0344238 0
      vertex 0.253601 0.0392914 0.468399
      vertex 0.247955 0.0344238 0.468399
    endloop
  endfacet
  facet normal 0.652967 -0.757386 0
    outer loop
      vertex 0.253601 0.0392914 0.468399
      vertex 0.247955 0.0344238 0
      vertex 0.253601 0.0392914 0
    endloop
  endfacet
  facet normal 0.690547 -0.723287 0
    outer loop
      vertex 0.253601 0.0392914 0
      vertex 0.258987 0.0444336 0.468399
      vertex 0.253601 0.0392914 0.468399
    endloop
  endfacet
  facet normal 0.690547 -0.723287 0
    outer loop
      vertex 0.258987 0.0444336 0.468399
      vertex 0.253601 0.0392914 0
      vertex 0.258987 0.0444336 0
    endloop
  endfacet
  facet normal 0.723253 -0.690583 0
    outer loop
      vertex 0.258987 0.0444336 0.468399
      vertex 0.26413 0.0498199 0
      vertex 0.26413 0.0498199 0.468399
    endloop
  endfacet
  facet normal 0.723253 -0.690583 0
    outer loop
      vertex 0.26413 0.0498199 0
      vertex 0.258987 0.0444336 0.468399
      vertex 0.258987 0.0444336 0
    endloop
  endfacet
  facet normal 0.757415 -0.652934 0
    outer loop
      vertex 0.26413 0.0498199 0.468399
      vertex 0.268997 0.0554657 0
      vertex 0.268997 0.0554657 0.468399
    endloop
  endfacet
  facet normal 0.757415 -0.652934 0
    outer loop
      vertex 0.268997 0.0554657 0
      vertex 0.26413 0.0498199 0.468399
      vertex 0.26413 0.0498199 0
    endloop
  endfacet
  facet normal 0.788002 -0.615673 0
    outer loop
      vertex 0.268997 0.0554657 0.468399
      vertex 0.273575 0.0613251 0
      vertex 0.273575 0.0613251 0.468399
    endloop
  endfacet
  facet normal 0.788002 -0.615673 0
    outer loop
      vertex 0.273575 0.0613251 0
      vertex 0.268997 0.0554657 0.468399
      vertex 0.268997 0.0554657 0
    endloop
  endfacet
  facet normal 0.817572 -0.575827 0
    outer loop
      vertex 0.273575 0.0613251 0.468399
      vertex 0.277863 0.0674133 0
      vertex 0.277863 0.0674133 0.468399
    endloop
  endfacet
  facet normal 0.817572 -0.575827 0
    outer loop
      vertex 0.277863 0.0674133 0
      vertex 0.273575 0.0613251 0.468399
      vertex 0.273575 0.0613251 0
    endloop
  endfacet
  facet normal 0.845377 -0.534171 0
    outer loop
      vertex 0.277863 0.0674133 0.468399
      vertex 0.281845 0.0737152 0
      vertex 0.281845 0.0737152 0.468399
    endloop
  endfacet
  facet normal 0.845377 -0.534171 0
    outer loop
      vertex 0.281845 0.0737152 0
      vertex 0.277863 0.0674133 0.468399
      vertex 0.277863 0.0674133 0
    endloop
  endfacet
  facet normal 0.870262 -0.492589 0
    outer loop
      vertex 0.281845 0.0737152 0.468399
      vertex 0.285507 0.0801849 0
      vertex 0.285507 0.0801849 0.468399
    endloop
  endfacet
  facet normal 0.870262 -0.492589 0
    outer loop
      vertex 0.285507 0.0801849 0
      vertex 0.281845 0.0737152 0.468399
      vertex 0.281845 0.0737152 0
    endloop
  endfacet
  facet normal 0.892781 -0.45049 0
    outer loop
      vertex 0.285507 0.0801849 0.468399
      vertex 0.288864 0.0868378 0
      vertex 0.288864 0.0868378 0.468399
    endloop
  endfacet
  facet normal 0.892781 -0.45049 0
    outer loop
      vertex 0.288864 0.0868378 0
      vertex 0.285507 0.0801849 0.468399
      vertex 0.285507 0.0801849 0
    endloop
  endfacet
  facet normal 0.913992 -0.405732 0
    outer loop
      vertex 0.288864 0.0868378 0.468399
      vertex 0.291885 0.0936432 0
      vertex 0.291885 0.0936432 0.468399
    endloop
  endfacet
  facet normal 0.913992 -0.405732 0
    outer loop
      vertex 0.291885 0.0936432 0
      vertex 0.288864 0.0868378 0.468399
      vertex 0.288864 0.0868378 0
    endloop
  endfacet
  facet normal 0.933574 -0.358386 0
    outer loop
      vertex 0.291885 0.0936432 0.468399
      vertex 0.294556 0.100601 0
      vertex 0.294556 0.100601 0.468399
    endloop
  endfacet
  facet normal 0.933574 -0.358386 0
    outer loop
      vertex 0.294556 0.100601 0
      vertex 0.291885 0.0936432 0.468399
      vertex 0.291885 0.0936432 0
    endloop
  endfacet
  facet normal 0.949527 -0.313686 0
    outer loop
      vertex 0.294556 0.100601 0.468399
      vertex 0.29689 0.107666 0
      vertex 0.29689 0.107666 0.468399
    endloop
  endfacet
  facet normal 0.949527 -0.313686 0
    outer loop
      vertex 0.29689 0.107666 0
      vertex 0.294556 0.100601 0.468399
      vertex 0.294556 0.100601 0
    endloop
  endfacet
  facet normal 0.963428 -0.267969 0
    outer loop
      vertex 0.29689 0.107666 0.468399
      vertex 0.298889 0.114853 0
      vertex 0.298889 0.114853 0.468399
    endloop
  endfacet
  facet normal 0.963428 -0.267969 0
    outer loop
      vertex 0.298889 0.114853 0
      vertex 0.29689 0.107666 0.468399
      vertex 0.29689 0.107666 0
    endloop
  endfacet
  facet normal 0.976073 -0.217443 0
    outer loop
      vertex 0.298889 0.114853 0.468399
      vertex 0.300507 0.122116 0
      vertex 0.300507 0.122116 0.468399
    endloop
  endfacet
  facet normal 0.976073 -0.217443 0
    outer loop
      vertex 0.300507 0.122116 0
      vertex 0.298889 0.114853 0.468399
      vertex 0.298889 0.114853 0
    endloop
  endfacet
  facet normal 0.98511 -0.171925 0
    outer loop
      vertex 0.300507 0.122116 0.468399
      vertex 0.301788 0.129456 0
      vertex 0.301788 0.129456 0.468399
    endloop
  endfacet
  facet normal 0.98511 -0.171925 0
    outer loop
      vertex 0.301788 0.129456 0
      vertex 0.300507 0.122116 0.468399
      vertex 0.300507 0.122116 0
    endloop
  endfacet
  facet normal 0.992395 -0.123092 0
    outer loop
      vertex 0.301788 0.129456 0.468399
      vertex 0.302704 0.136841 0
      vertex 0.302704 0.136841 0.468399
    endloop
  endfacet
  facet normal 0.992395 -0.123092 0
    outer loop
      vertex 0.302704 0.136841 0
      vertex 0.301788 0.129456 0.468399
      vertex 0.301788 0.129456 0
    endloop
  endfacet
  facet normal 0.997282 -0.0736789 0
    outer loop
      vertex 0.302704 0.136841 0.468399
      vertex 0.303253 0.144272 0
      vertex 0.303253 0.144272 0.468399
    endloop
  endfacet
  facet normal 0.997282 -0.0736789 0
    outer loop
      vertex 0.303253 0.144272 0
      vertex 0.302704 0.136841 0.468399
      vertex 0.302704 0.136841 0
    endloop
  endfacet
  facet normal 0.999745 -0.0226022 0
    outer loop
      vertex 0.303253 0.144272 0.468399
      vertex 0.303421 0.151703 0
      vertex 0.303421 0.151703 0.468399
    endloop
  endfacet
  facet normal 0.999745 -0.0226022 0
    outer loop
      vertex 0.303421 0.151703 0
      vertex 0.303253 0.144272 0.468399
      vertex 0.303253 0.144272 0
    endloop
  endfacet
  facet normal 1 0 0
    outer loop
      vertex 0.303421 0.350754 0.468399
      vertex 0.303421 0.274799 0.202999
      vertex 0.303421 0.350754 0
    endloop
  endfacet
  facet normal 1 -0 0
    outer loop
      vertex 0.303421 0.151703 0.468399
      vertex 0.303421 0.274799 0.202999
      vertex 0.303421 0.350754 0.468399
    endloop
  endfacet
  facet normal 1 0 0
    outer loop
      vertex 0.303421 0.274799 0.202999
      vertex 0.303421 0.151703 0.468399
      vertex 0.303421 0.2148 0.202999
    endloop
  endfacet
  facet normal 1 0 0
    outer loop
      vertex 0.303421 0.151703 0
      vertex 0.303421 0.2148 0.202999
      vertex 0.303421 0.151703 0.468399
    endloop
  endfacet
  facet normal 1 0 0
    outer loop
      vertex 0.303421 0.2148 0.202999
      vertex 0.303421 0.151703 0
      vertex 0.303421 0.2148 0
    endloop
  endfacet
  facet normal 1 0 0
    outer loop
      vertex 0.303421 0.350754 0
      vertex 0.303421 0.274799 0.202999
      vertex 0.303421 0.274799 0
    endloop
  endfacet
  facet normal 0.999746 0.0225567 0
    outer loop
      vertex 0.303421 0.350754 0.468399
      vertex 0.303253 0.3582 0
      vertex 0.303253 0.3582 0.468399
    endloop
  endfacet
  facet normal 0.999746 0.0225567 0
    outer loop
      vertex 0.303253 0.3582 0
      vertex 0.303421 0.350754 0.468399
      vertex 0.303421 0.350754 0
    endloop
  endfacet
  facet normal 0.997282 0.0736789 0
    outer loop
      vertex 0.303253 0.3582 0.468399
      vertex 0.302704 0.365631 0
      vertex 0.302704 0.365631 0.468399
    endloop
  endfacet
  facet normal 0.997282 0.0736789 0
    outer loop
      vertex 0.302704 0.365631 0
      vertex 0.303253 0.3582 0.468399
      vertex 0.303253 0.3582 0
    endloop
  endfacet
  facet normal 0.992395 0.123092 0
    outer loop
      vertex 0.302704 0.365631 0.468399
      vertex 0.301788 0.373016 0
      vertex 0.301788 0.373016 0.468399
    endloop
  endfacet
  facet normal 0.992395 0.123092 0
    outer loop
      vertex 0.301788 0.373016 0
      vertex 0.302704 0.365631 0.468399
      vertex 0.302704 0.365631 0
    endloop
  endfacet
  facet normal 0.98511 0.171925 0
    outer loop
      vertex 0.301788 0.373016 0.468399
      vertex 0.300507 0.380356 0
      vertex 0.300507 0.380356 0.468399
    endloop
  endfacet
  facet normal 0.98511 0.171925 0
    outer loop
      vertex 0.300507 0.380356 0
      vertex 0.301788 0.373016 0.468399
      vertex 0.301788 0.373016 0
    endloop
  endfacet
  facet normal 0.976073 0.217443 0
    outer loop
      vertex 0.300507 0.380356 0.468399
      vertex 0.298889 0.387619 0
      vertex 0.298889 0.387619 0.468399
    endloop
  endfacet
  facet normal 0.976073 0.217443 0
    outer loop
      vertex 0.298889 0.387619 0
      vertex 0.300507 0.380356 0.468399
      vertex 0.300507 0.380356 0
    endloop
  endfacet
  facet normal 0.963428 0.267969 0
    outer loop
      vertex 0.298889 0.387619 0.468399
      vertex 0.29689 0.394806 0
      vertex 0.29689 0.394806 0.468399
    endloop
  endfacet
  facet normal 0.963428 0.267969 0
    outer loop
      vertex 0.29689 0.394806 0
      vertex 0.298889 0.387619 0.468399
      vertex 0.298889 0.387619 0
    endloop
  endfacet
  facet normal 0.949527 0.313686 0
    outer loop
      vertex 0.29689 0.394806 0.468399
      vertex 0.294556 0.401871 0
      vertex 0.294556 0.401871 0.468399
    endloop
  endfacet
  facet normal 0.949527 0.313686 0
    outer loop
      vertex 0.294556 0.401871 0
      vertex 0.29689 0.394806 0.468399
      vertex 0.29689 0.394806 0
    endloop
  endfacet
  facet normal 0.933301 0.359096 0
    outer loop
      vertex 0.294556 0.401871 0.468399
      vertex 0.291885 0.408813 0
      vertex 0.291885 0.408813 0.468399
    endloop
  endfacet
  facet normal 0.933301 0.359096 0
    outer loop
      vertex 0.291885 0.408813 0
      vertex 0.294556 0.401871 0.468399
      vertex 0.294556 0.401871 0
    endloop
  endfacet
  facet normal 0.914336 0.404957 0
    outer loop
      vertex 0.291885 0.408813 0.468399
      vertex 0.288864 0.415634 0
      vertex 0.288864 0.415634 0.468399
    endloop
  endfacet
  facet normal 0.914336 0.404957 0
    outer loop
      vertex 0.288864 0.415634 0
      vertex 0.291885 0.408813 0.468399
      vertex 0.291885 0.408813 0
    endloop
  endfacet
  facet normal 0.892374 0.451296 0
    outer loop
      vertex 0.288864 0.415634 0.468399
      vertex 0.285507 0.422272 0
      vertex 0.285507 0.422272 0.468399
    endloop
  endfacet
  facet normal 0.892374 0.451296 0
    outer loop
      vertex 0.285507 0.422272 0
      vertex 0.288864 0.415634 0.468399
      vertex 0.288864 0.415634 0
    endloop
  endfacet
  facet normal 0.87076 0.491708 0
    outer loop
      vertex 0.285507 0.422272 0.468399
      vertex 0.281845 0.428757 0
      vertex 0.281845 0.428757 0.468399
    endloop
  endfacet
  facet normal 0.87076 0.491708 0
    outer loop
      vertex 0.281845 0.428757 0
      vertex 0.285507 0.422272 0.468399
      vertex 0.285507 0.422272 0
    endloop
  endfacet
  facet normal 0.844766 0.535135 0
    outer loop
      vertex 0.281845 0.428757 0.468399
      vertex 0.277863 0.435043 0
      vertex 0.277863 0.435043 0.468399
    endloop
  endfacet
  facet normal 0.844766 0.535135 0
    outer loop
      vertex 0.277863 0.435043 0
      vertex 0.281845 0.428757 0.468399
      vertex 0.281845 0.428757 0
    endloop
  endfacet
  facet normal 0.817607 0.575776 0
    outer loop
      vertex 0.277863 0.435043 0.468399
      vertex 0.273575 0.441132 0
      vertex 0.273575 0.441132 0.468399
    endloop
  endfacet
  facet normal 0.817607 0.575776 0
    outer loop
      vertex 0.273575 0.441132 0
      vertex 0.277863 0.435043 0.468399
      vertex 0.277863 0.435043 0
    endloop
  endfacet
  facet normal 0.788744 0.614721 0
    outer loop
      vertex 0.273575 0.441132 0.468399
      vertex 0.268997 0.447006 0
      vertex 0.268997 0.447006 0.468399
    endloop
  endfacet
  facet normal 0.788744 0.614721 0
    outer loop
      vertex 0.268997 0.447006 0
      vertex 0.273575 0.441132 0.468399
      vertex 0.273575 0.441132 0
    endloop
  endfacet
  facet normal 0.757426 0.652921 0
    outer loop
      vertex 0.268997 0.447006 0.468399
      vertex 0.26413 0.452652 0
      vertex 0.26413 0.452652 0.468399
    endloop
  endfacet
  facet normal 0.757426 0.652921 0
    outer loop
      vertex 0.26413 0.452652 0
      vertex 0.268997 0.447006 0.468399
      vertex 0.268997 0.447006 0
    endloop
  endfacet
  facet normal 0.723234 0.690603 0
    outer loop
      vertex 0.26413 0.452652 0.468399
      vertex 0.258987 0.458038 0
      vertex 0.258987 0.458038 0.468399
    endloop
  endfacet
  facet normal 0.723234 0.690603 0
    outer loop
      vertex 0.258987 0.458038 0
      vertex 0.26413 0.452652 0.468399
      vertex 0.26413 0.452652 0
    endloop
  endfacet
  facet normal 0.690603 0.723234 -0
    outer loop
      vertex 0.258987 0.458038 0
      vertex 0.253601 0.463181 0.468399
      vertex 0.258987 0.458038 0.468399
    endloop
  endfacet
  facet normal 0.690603 0.723234 0
    outer loop
      vertex 0.253601 0.463181 0.468399
      vertex 0.258987 0.458038 0
      vertex 0.253601 0.463181 0
    endloop
  endfacet
  facet normal 0.651764 0.758422 -0
    outer loop
      vertex 0.253601 0.463181 0
      vertex 0.247955 0.468033 0.468399
      vertex 0.253601 0.463181 0.468399
    endloop
  endfacet
  facet normal 0.651764 0.758422 0
    outer loop
      vertex 0.247955 0.468033 0.468399
      vertex 0.253601 0.463181 0
      vertex 0.247955 0.468033 0
    endloop
  endfacet
  facet normal 0.616949 0.787003 -0
    outer loop
      vertex 0.247955 0.468033 0
      vertex 0.242096 0.472626 0.468399
      vertex 0.247955 0.468033 0.468399
    endloop
  endfacet
  facet normal 0.616949 0.787003 0
    outer loop
      vertex 0.242096 0.472626 0.468399
      vertex 0.247955 0.468033 0
      vertex 0.242096 0.472626 0
    endloop
  endfacet
  facet normal 0.57575 0.817626 -0
    outer loop
      vertex 0.242096 0.472626 0
      vertex 0.236008 0.476913 0.468399
      vertex 0.242096 0.472626 0.468399
    endloop
  endfacet
  facet normal 0.57575 0.817626 0
    outer loop
      vertex 0.236008 0.476913 0.468399
      vertex 0.242096 0.472626 0
      vertex 0.236008 0.476913 0
    endloop
  endfacet
  facet normal 0.53426 0.84532 -0
    outer loop
      vertex 0.236008 0.476913 0
      vertex 0.229706 0.480896 0.468399
      vertex 0.236008 0.476913 0.468399
    endloop
  endfacet
  facet normal 0.53426 0.84532 0
    outer loop
      vertex 0.229706 0.480896 0.468399
      vertex 0.236008 0.476913 0
      vertex 0.229706 0.480896 0
    endloop
  endfacet
  facet normal 0.492571 0.870272 -0
    outer loop
      vertex 0.229706 0.480896 0
      vertex 0.223236 0.484558 0.468399
      vertex 0.229706 0.480896 0.468399
    endloop
  endfacet
  facet normal 0.492571 0.870272 0
    outer loop
      vertex 0.223236 0.484558 0.468399
      vertex 0.229706 0.480896 0
      vertex 0.223236 0.484558 0
    endloop
  endfacet
  facet normal 0.450485 0.892784 -0
    outer loop
      vertex 0.223236 0.484558 0
      vertex 0.216583 0.487915 0.468399
      vertex 0.223236 0.484558 0.468399
    endloop
  endfacet
  facet normal 0.450485 0.892784 0
    outer loop
      vertex 0.216583 0.487915 0.468399
      vertex 0.223236 0.484558 0
      vertex 0.216583 0.487915 0
    endloop
  endfacet
  facet normal 0.404067 0.914729 -0
    outer loop
      vertex 0.216583 0.487915 0
      vertex 0.209778 0.490921 0.468399
      vertex 0.216583 0.487915 0.468399
    endloop
  endfacet
  facet normal 0.404067 0.914729 0
    outer loop
      vertex 0.209778 0.490921 0.468399
      vertex 0.216583 0.487915 0
      vertex 0.209778 0.490921 0
    endloop
  endfacet
  facet normal 0.360129 0.932903 -0
    outer loop
      vertex 0.209778 0.490921 0
      vertex 0.20282 0.493607 0.468399
      vertex 0.209778 0.490921 0.468399
    endloop
  endfacet
  facet normal 0.360129 0.932903 0
    outer loop
      vertex 0.20282 0.493607 0.468399
      vertex 0.209778 0.490921 0
      vertex 0.20282 0.493607 0
    endloop
  endfacet
  facet normal 0.313686 0.949527 -0
    outer loop
      vertex 0.20282 0.493607 0
      vertex 0.195755 0.495941 0.468399
      vertex 0.20282 0.493607 0.468399
    endloop
  endfacet
  facet normal 0.313686 0.949527 0
    outer loop
      vertex 0.195755 0.495941 0.468399
      vertex 0.20282 0.493607 0
      vertex 0.195755 0.495941 0
    endloop
  endfacet
  facet normal 0.266101 0.963945 -0
    outer loop
      vertex 0.195755 0.495941 0
      vertex 0.188568 0.497925 0.468399
      vertex 0.195755 0.495941 0.468399
    endloop
  endfacet
  facet normal 0.266101 0.963945 0
    outer loop
      vertex 0.188568 0.497925 0.468399
      vertex 0.195755 0.495941 0
      vertex 0.188568 0.497925 0
    endloop
  endfacet
  facet normal 0.219234 0.975672 -0
    outer loop
      vertex 0.188568 0.497925 0
      vertex 0.181305 0.499557 0.468399
      vertex 0.188568 0.497925 0.468399
    endloop
  endfacet
  facet normal 0.219234 0.975672 0
    outer loop
      vertex 0.181305 0.499557 0.468399
      vertex 0.188568 0.497925 0
      vertex 0.181305 0.499557 0
    endloop
  endfacet
  facet normal 0.172055 0.985087 -0
    outer loop
      vertex 0.181305 0.499557 0
      vertex 0.173965 0.500839 0.468399
      vertex 0.181305 0.499557 0.468399
    endloop
  endfacet
  facet normal 0.172055 0.985087 0
    outer loop
      vertex 0.173965 0.500839 0.468399
      vertex 0.181305 0.499557 0
      vertex 0.173965 0.500839 0
    endloop
  endfacet
  facet normal 0.121106 0.99264 -0
    outer loop
      vertex 0.173965 0.500839 0
      vertex 0.16658 0.50174 0.468399
      vertex 0.173965 0.500839 0.468399
    endloop
  endfacet
  facet normal 0.121106 0.99264 0
    outer loop
      vertex 0.16658 0.50174 0.468399
      vertex 0.173965 0.500839 0
      vertex 0.16658 0.50174 0
    endloop
  endfacet
  facet normal 0.0736789 0.997282 -0
    outer loop
      vertex 0.16658 0.50174 0
      vertex 0.159149 0.502289 0.468399
      vertex 0.16658 0.50174 0.468399
    endloop
  endfacet
  facet normal 0.0736789 0.997282 0
    outer loop
      vertex 0.159149 0.502289 0.468399
      vertex 0.16658 0.50174 0
      vertex 0.159149 0.502289 0
    endloop
  endfacet
  facet normal 0.0245695 0.999698 -0
    outer loop
      vertex 0.159149 0.502289 0
      vertex 0.151703 0.502472 0.468399
      vertex 0.159149 0.502289 0.468399
    endloop
  endfacet
  facet normal 0.0245695 0.999698 0
    outer loop
      vertex 0.151703 0.502472 0.468399
      vertex 0.159149 0.502289 0
      vertex 0.151703 0.502472 0
    endloop
  endfacet
  facet normal -0.0246191 0.999697 0
    outer loop
      vertex 0.151703 0.502472 0
      vertex 0.144272 0.502289 0.468399
      vertex 0.151703 0.502472 0.468399
    endloop
  endfacet
  facet normal -0.0246191 0.999697 0
    outer loop
      vertex 0.144272 0.502289 0.468399
      vertex 0.151703 0.502472 0
      vertex 0.144272 0.502289 0
    endloop
  endfacet
  facet normal -0.0736789 0.997282 0
    outer loop
      vertex 0.144272 0.502289 0
      vertex 0.136841 0.50174 0.468399
      vertex 0.144272 0.502289 0.468399
    endloop
  endfacet
  facet normal -0.0736789 0.997282 0
    outer loop
      vertex 0.136841 0.50174 0.468399
      vertex 0.144272 0.502289 0
      vertex 0.136841 0.50174 0
    endloop
  endfacet
  facet normal -0.121106 0.99264 0
    outer loop
      vertex 0.136841 0.50174 0
      vertex 0.129456 0.500839 0.468399
      vertex 0.136841 0.50174 0.468399
    endloop
  endfacet
  facet normal -0.121106 0.99264 0
    outer loop
      vertex 0.129456 0.500839 0.468399
      vertex 0.136841 0.50174 0
      vertex 0.129456 0.500839 0
    endloop
  endfacet
  facet normal -0.172055 0.985087 0
    outer loop
      vertex 0.129456 0.500839 0
      vertex 0.122116 0.499557 0.468399
      vertex 0.129456 0.500839 0.468399
    endloop
  endfacet
  facet normal -0.172055 0.985087 0
    outer loop
      vertex 0.122116 0.499557 0.468399
      vertex 0.129456 0.500839 0
      vertex 0.122116 0.499557 0
    endloop
  endfacet
  facet normal -0.219234 0.975672 0
    outer loop
      vertex 0.122116 0.499557 0
      vertex 0.114853 0.497925 0.468399
      vertex 0.122116 0.499557 0.468399
    endloop
  endfacet
  facet normal -0.219234 0.975672 0
    outer loop
      vertex 0.114853 0.497925 0.468399
      vertex 0.122116 0.499557 0
      vertex 0.114853 0.497925 0
    endloop
  endfacet
  facet normal -0.266101 0.963945 0
    outer loop
      vertex 0.114853 0.497925 0
      vertex 0.107666 0.495941 0.468399
      vertex 0.114853 0.497925 0.468399
    endloop
  endfacet
  facet normal -0.266101 0.963945 0
    outer loop
      vertex 0.107666 0.495941 0.468399
      vertex 0.114853 0.497925 0
      vertex 0.107666 0.495941 0
    endloop
  endfacet
  facet normal -0.313686 0.949527 0
    outer loop
      vertex 0.107666 0.495941 0
      vertex 0.100601 0.493607 0.468399
      vertex 0.107666 0.495941 0.468399
    endloop
  endfacet
  facet normal -0.313686 0.949527 0
    outer loop
      vertex 0.100601 0.493607 0.468399
      vertex 0.107666 0.495941 0
      vertex 0.100601 0.493607 0
    endloop
  endfacet
  facet normal -0.360138 0.932899 0
    outer loop
      vertex 0.100601 0.493607 0
      vertex 0.0936432 0.490921 0.468399
      vertex 0.100601 0.493607 0.468399
    endloop
  endfacet
  facet normal -0.360138 0.932899 0
    outer loop
      vertex 0.0936432 0.490921 0.468399
      vertex 0.100601 0.493607 0
      vertex 0.0936432 0.490921 0
    endloop
  endfacet
  facet normal -0.404047 0.914738 0
    outer loop
      vertex 0.0936432 0.490921 0
      vertex 0.0868378 0.487915 0.468399
      vertex 0.0936432 0.490921 0.468399
    endloop
  endfacet
  facet normal -0.404047 0.914738 0
    outer loop
      vertex 0.0868378 0.487915 0.468399
      vertex 0.0936432 0.490921 0
      vertex 0.0868378 0.487915 0
    endloop
  endfacet
  facet normal -0.45049 0.892781 0
    outer loop
      vertex 0.0868378 0.487915 0
      vertex 0.0801849 0.484558 0.468399
      vertex 0.0868378 0.487915 0.468399
    endloop
  endfacet
  facet normal -0.45049 0.892781 0
    outer loop
      vertex 0.0801849 0.484558 0.468399
      vertex 0.0868378 0.487915 0
      vertex 0.0801849 0.484558 0
    endloop
  endfacet
  facet normal -0.492589 0.870262 0
    outer loop
      vertex 0.0801849 0.484558 0
      vertex 0.0737152 0.480896 0.468399
      vertex 0.0801849 0.484558 0.468399
    endloop
  endfacet
  facet normal -0.492589 0.870262 0
    outer loop
      vertex 0.0737152 0.480896 0.468399
      vertex 0.0801849 0.484558 0
      vertex 0.0737152 0.480896 0
    endloop
  endfacet
  facet normal -0.534266 0.845316 0
    outer loop
      vertex 0.0737152 0.480896 0
      vertex 0.0674133 0.476913 0.468399
      vertex 0.0737152 0.480896 0.468399
    endloop
  endfacet
  facet normal -0.534266 0.845316 0
    outer loop
      vertex 0.0674133 0.476913 0.468399
      vertex 0.0737152 0.480896 0
      vertex 0.0674133 0.476913 0
    endloop
  endfacet
  facet normal -0.575737 0.817635 0
    outer loop
      vertex 0.0674133 0.476913 0
      vertex 0.0613251 0.472626 0.468399
      vertex 0.0674133 0.476913 0.468399
    endloop
  endfacet
  facet normal -0.575737 0.817635 0
    outer loop
      vertex 0.0613251 0.472626 0.468399
      vertex 0.0674133 0.476913 0
      vertex 0.0613251 0.472626 0
    endloop
  endfacet
  facet normal -0.616923 0.787023 0
    outer loop
      vertex 0.0613251 0.472626 0
      vertex 0.0554657 0.468033 0.468399
      vertex 0.0613251 0.472626 0.468399
    endloop
  endfacet
  facet normal -0.616923 0.787023 0
    outer loop
      vertex 0.0554657 0.468033 0.468399
      vertex 0.0613251 0.472626 0
      vertex 0.0554657 0.468033 0
    endloop
  endfacet
  facet normal -0.651778 0.75841 0
    outer loop
      vertex 0.0554657 0.468033 0
      vertex 0.0498199 0.463181 0.468399
      vertex 0.0554657 0.468033 0.468399
    endloop
  endfacet
  facet normal -0.651778 0.75841 0
    outer loop
      vertex 0.0498199 0.463181 0.468399
      vertex 0.0554657 0.468033 0
      vertex 0.0498199 0.463181 0
    endloop
  endfacet
  facet normal -0.690583 0.723253 0
    outer loop
      vertex 0.0498199 0.463181 0
      vertex 0.0444336 0.458038 0.468399
      vertex 0.0498199 0.463181 0.468399
    endloop
  endfacet
  facet normal -0.690583 0.723253 0
    outer loop
      vertex 0.0444336 0.458038 0.468399
      vertex 0.0498199 0.463181 0
      vertex 0.0444336 0.458038 0
    endloop
  endfacet
  facet normal -0.723287 0.690547 0
    outer loop
      vertex 0.0392914 0.452652 0
      vertex 0.0444336 0.458038 0.468399
      vertex 0.0444336 0.458038 0
    endloop
  endfacet
  facet normal -0.723287 0.690547 0
    outer loop
      vertex 0.0444336 0.458038 0.468399
      vertex 0.0392914 0.452652 0
      vertex 0.0392914 0.452652 0.468399
    endloop
  endfacet
  facet normal -0.757386 0.652967 0
    outer loop
      vertex 0.0344238 0.447006 0
      vertex 0.0392914 0.452652 0.468399
      vertex 0.0392914 0.452652 0
    endloop
  endfacet
  facet normal -0.757386 0.652967 0
    outer loop
      vertex 0.0392914 0.452652 0.468399
      vertex 0.0344238 0.447006 0
      vertex 0.0344238 0.447006 0.468399
    endloop
  endfacet
  facet normal -0.788771 0.614688 0
    outer loop
      vertex 0.0298462 0.441132 0
      vertex 0.0344238 0.447006 0.468399
      vertex 0.0344238 0.447006 0
    endloop
  endfacet
  facet normal -0.788771 0.614688 0
    outer loop
      vertex 0.0344238 0.447006 0.468399
      vertex 0.0298462 0.441132 0
      vertex 0.0298462 0.441132 0.468399
    endloop
  endfacet
  facet normal -0.817626 0.575749 0
    outer loop
      vertex 0.0255585 0.435043 0
      vertex 0.0298462 0.441132 0.468399
      vertex 0.0298462 0.441132 0
    endloop
  endfacet
  facet normal -0.817626 0.575749 0
    outer loop
      vertex 0.0298462 0.441132 0.468399
      vertex 0.0255585 0.435043 0
      vertex 0.0255585 0.435043 0.468399
    endloop
  endfacet
  facet normal -0.84473 0.535193 0
    outer loop
      vertex 0.0215759 0.428757 0
      vertex 0.0255585 0.435043 0.468399
      vertex 0.0255585 0.435043 0
    endloop
  endfacet
  facet normal -0.84473 0.535193 0
    outer loop
      vertex 0.0255585 0.435043 0.468399
      vertex 0.0215759 0.428757 0
      vertex 0.0215759 0.428757 0.468399
    endloop
  endfacet
  facet normal -0.870755 0.491718 0
    outer loop
      vertex 0.0179138 0.422272 0
      vertex 0.0215759 0.428757 0.468399
      vertex 0.0215759 0.428757 0
    endloop
  endfacet
  facet normal -0.870755 0.491718 0
    outer loop
      vertex 0.0215759 0.428757 0.468399
      vertex 0.0179138 0.422272 0
      vertex 0.0179138 0.422272 0.468399
    endloop
  endfacet
  facet normal -0.89238 0.451285 0
    outer loop
      vertex 0.0145569 0.415634 0
      vertex 0.0179138 0.422272 0.468399
      vertex 0.0179138 0.422272 0
    endloop
  endfacet
  facet normal -0.89238 0.451285 0
    outer loop
      vertex 0.0179138 0.422272 0.468399
      vertex 0.0145569 0.415634 0
      vertex 0.0145569 0.415634 0.468399
    endloop
  endfacet
  facet normal -0.914321 0.40499 0
    outer loop
      vertex 0.0115356 0.408813 0
      vertex 0.0145569 0.415634 0.468399
      vertex 0.0145569 0.415634 0
    endloop
  endfacet
  facet normal -0.914321 0.40499 0
    outer loop
      vertex 0.0145569 0.415634 0.468399
      vertex 0.0115356 0.408813 0
      vertex 0.0115356 0.408813 0.468399
    endloop
  endfacet
  facet normal -0.933335 0.359007 0
    outer loop
      vertex 0.00886536 0.401871 0
      vertex 0.0115356 0.408813 0.468399
      vertex 0.0115356 0.408813 0
    endloop
  endfacet
  facet normal -0.933335 0.359007 0
    outer loop
      vertex 0.0115356 0.408813 0.468399
      vertex 0.00886536 0.401871 0
      vertex 0.00886536 0.401871 0.468399
    endloop
  endfacet
  facet normal -0.949503 0.313759 0
    outer loop
      vertex 0.00653076 0.394806 0
      vertex 0.00886536 0.401871 0.468399
      vertex 0.00886536 0.401871 0
    endloop
  endfacet
  facet normal -0.949503 0.313759 0
    outer loop
      vertex 0.00886536 0.401871 0.468399
      vertex 0.00653076 0.394806 0
      vertex 0.00653076 0.394806 0.468399
    endloop
  endfacet
  facet normal -0.963431 0.267956 0
    outer loop
      vertex 0.00453186 0.387619 0
      vertex 0.00653076 0.394806 0.468399
      vertex 0.00653076 0.394806 0
    endloop
  endfacet
  facet normal -0.963431 0.267956 0
    outer loop
      vertex 0.00653076 0.394806 0.468399
      vertex 0.00453186 0.387619 0
      vertex 0.00453186 0.387619 0.468399
    endloop
  endfacet
  facet normal -0.976089 0.21737 0
    outer loop
      vertex 0.00291443 0.380356 0
      vertex 0.00453186 0.387619 0.468399
      vertex 0.00453186 0.387619 0
    endloop
  endfacet
  facet normal -0.976089 0.21737 0
    outer loop
      vertex 0.00453186 0.387619 0.468399
      vertex 0.00291443 0.380356 0
      vertex 0.00291443 0.380356 0.468399
    endloop
  endfacet
  facet normal -0.985093 0.172021 0
    outer loop
      vertex 0.00163269 0.373016 0
      vertex 0.00291443 0.380356 0.468399
      vertex 0.00291443 0.380356 0
    endloop
  endfacet
  facet normal -0.985093 0.172021 0
    outer loop
      vertex 0.00291443 0.380356 0.468399
      vertex 0.00163269 0.373016 0
      vertex 0.00163269 0.373016 0.468399
    endloop
  endfacet
  facet normal -0.992403 0.123029 0
    outer loop
      vertex 0.000717163 0.365631 0
      vertex 0.00163269 0.373016 0.468399
      vertex 0.00163269 0.373016 0
    endloop
  endfacet
  facet normal -0.992403 0.123029 0
    outer loop
      vertex 0.00163269 0.373016 0.468399
      vertex 0.000717163 0.365631 0
      vertex 0.000717163 0.365631 0.468399
    endloop
  endfacet
  facet normal -0.997279 0.0737211 0
    outer loop
      vertex 0.000167847 0.3582 0
      vertex 0.000717163 0.365631 0.468399
      vertex 0.000717163 0.365631 0
    endloop
  endfacet
  facet normal -0.997279 0.0737211 0
    outer loop
      vertex 0.000717163 0.365631 0.468399
      vertex 0.000167847 0.3582 0
      vertex 0.000167847 0.3582 0.468399
    endloop
  endfacet
  facet normal -0.999746 0.0225362 0
    outer loop
      vertex 0 0.350754 0
      vertex 0.000167847 0.3582 0.468399
      vertex 0.000167847 0.3582 0
    endloop
  endfacet
  facet normal -0.999746 0.0225362 0
    outer loop
      vertex 0.000167847 0.3582 0.468399
      vertex 0 0.350754 0
      vertex 0 0.350754 0.468399
    endloop
  endfacet
  facet normal -1 0 0
    outer loop
      vertex 0 0.151703 0
      vertex 0 0.350754 0.468399
      vertex 0 0.350754 0
    endloop
  endfacet
  facet normal -1 -0 0
    outer loop
      vertex 0 0.350754 0.468399
      vertex 0 0.151703 0
      vertex 0 0.151703 0.468399
    endloop
  endfacet
  facet normal -0.999745 -0.0225816 0
    outer loop
      vertex 0.000167847 0.144272 0
      vertex 0 0.151703 0.468399
      vertex 0 0.151703 0
    endloop
  endfacet
  facet normal -0.999745 -0.0225816 0
    outer loop
      vertex 0 0.151703 0.468399
      vertex 0.000167847 0.144272 0
      vertex 0.000167847 0.144272 0.468399
    endloop
  endfacet
  facet normal -0.997279 -0.0737211 0
    outer loop
      vertex 0.000717163 0.136841 0
      vertex 0.000167847 0.144272 0.468399
      vertex 0.000167847 0.144272 0
    endloop
  endfacet
  facet normal -0.997279 -0.0737211 0
    outer loop
      vertex 0.000167847 0.144272 0.468399
      vertex 0.000717163 0.136841 0
      vertex 0.000717163 0.136841 0.468399
    endloop
  endfacet
  facet normal -0.992403 -0.123029 0
    outer loop
      vertex 0.00163269 0.129456 0
      vertex 0.000717163 0.136841 0.468399
      vertex 0.000717163 0.136841 0
    endloop
  endfacet
  facet normal -0.992403 -0.123029 0
    outer loop
      vertex 0.000717163 0.136841 0.468399
      vertex 0.00163269 0.129456 0
      vertex 0.00163269 0.129456 0.468399
    endloop
  endfacet
  facet normal -0.985093 -0.172021 0
    outer loop
      vertex 0.00291443 0.122116 0
      vertex 0.00163269 0.129456 0.468399
      vertex 0.00163269 0.129456 0
    endloop
  endfacet
  facet normal -0.985093 -0.172021 0
    outer loop
      vertex 0.00163269 0.129456 0.468399
      vertex 0.00291443 0.122116 0
      vertex 0.00291443 0.122116 0.468399
    endloop
  endfacet
  facet normal -0.976089 -0.21737 0
    outer loop
      vertex 0.00453186 0.114853 0
      vertex 0.00291443 0.122116 0.468399
      vertex 0.00291443 0.122116 0
    endloop
  endfacet
  facet normal -0.976089 -0.21737 0
    outer loop
      vertex 0.00291443 0.122116 0.468399
      vertex 0.00453186 0.114853 0
      vertex 0.00453186 0.114853 0.468399
    endloop
  endfacet
  facet normal -0.963431 -0.267956 0
    outer loop
      vertex 0.00653076 0.107666 0
      vertex 0.00453186 0.114853 0.468399
      vertex 0.00453186 0.114853 0
    endloop
  endfacet
  facet normal -0.963431 -0.267956 0
    outer loop
      vertex 0.00453186 0.114853 0.468399
      vertex 0.00653076 0.107666 0
      vertex 0.00653076 0.107666 0.468399
    endloop
  endfacet
  facet normal -0.949503 -0.313759 0
    outer loop
      vertex 0.00886536 0.100601 0
      vertex 0.00653076 0.107666 0.468399
      vertex 0.00653076 0.107666 0
    endloop
  endfacet
  facet normal -0.949503 -0.313759 0
    outer loop
      vertex 0.00653076 0.107666 0.468399
      vertex 0.00886536 0.100601 0
      vertex 0.00886536 0.100601 0.468399
    endloop
  endfacet
  facet normal -0.933608 -0.358297 0
    outer loop
      vertex 0.0115356 0.0936432 0
      vertex 0.00886536 0.100601 0.468399
      vertex 0.00886536 0.100601 0
    endloop
  endfacet
  facet normal -0.933608 -0.358297 0
    outer loop
      vertex 0.00886536 0.100601 0.468399
      vertex 0.0115356 0.0936432 0
      vertex 0.0115356 0.0936432 0.468399
    endloop
  endfacet
  facet normal -0.913977 -0.405766 0
    outer loop
      vertex 0.0145569 0.0868378 0
      vertex 0.0115356 0.0936432 0.468399
      vertex 0.0115356 0.0936432 0
    endloop
  endfacet
  facet normal -0.913977 -0.405766 0
    outer loop
      vertex 0.0115356 0.0936432 0.468399
      vertex 0.0145569 0.0868378 0
      vertex 0.0145569 0.0868378 0.468399
    endloop
  endfacet
  facet normal -0.892787 -0.45048 0
    outer loop
      vertex 0.0179138 0.0801849 0
      vertex 0.0145569 0.0868378 0.468399
      vertex 0.0145569 0.0868378 0
    endloop
  endfacet
  facet normal -0.892787 -0.45048 0
    outer loop
      vertex 0.0145569 0.0868378 0.468399
      vertex 0.0179138 0.0801849 0
      vertex 0.0179138 0.0801849 0.468399
    endloop
  endfacet
  facet normal -0.870257 -0.492599 0
    outer loop
      vertex 0.0215759 0.0737152 0
      vertex 0.0179138 0.0801849 0.468399
      vertex 0.0179138 0.0801849 0
    endloop
  endfacet
  facet normal -0.870257 -0.492599 0
    outer loop
      vertex 0.0179138 0.0801849 0.468399
      vertex 0.0215759 0.0737152 0
      vertex 0.0215759 0.0737152 0.468399
    endloop
  endfacet
  facet normal -0.84534 -0.534228 0
    outer loop
      vertex 0.0255585 0.0674133 0
      vertex 0.0215759 0.0737152 0.468399
      vertex 0.0215759 0.0737152 0
    endloop
  endfacet
  facet normal -0.84534 -0.534228 0
    outer loop
      vertex 0.0215759 0.0737152 0.468399
      vertex 0.0255585 0.0674133 0
      vertex 0.0255585 0.0674133 0.468399
    endloop
  endfacet
  facet normal -0.817591 -0.5758 0
    outer loop
      vertex 0.0298462 0.0613251 0
      vertex 0.0255585 0.0674133 0.468399
      vertex 0.0255585 0.0674133 0
    endloop
  endfacet
  facet normal -0.817591 -0.5758 0
    outer loop
      vertex 0.0255585 0.0674133 0.468399
      vertex 0.0298462 0.0613251 0
      vertex 0.0298462 0.0613251 0.468399
    endloop
  endfacet
  facet normal -0.788028 -0.615639 0
    outer loop
      vertex 0.0344238 0.0554657 0
      vertex 0.0298462 0.0613251 0.468399
      vertex 0.0298462 0.0613251 0
    endloop
  endfacet
  facet normal -0.788028 -0.615639 0
    outer loop
      vertex 0.0298462 0.0613251 0.468399
      vertex 0.0344238 0.0554657 0
      vertex 0.0344238 0.0554657 0.468399
    endloop
  endfacet
  facet normal -0.757375 -0.65298 0
    outer loop
      vertex 0.0392914 0.0498199 0
      vertex 0.0344238 0.0554657 0.468399
      vertex 0.0344238 0.0554657 0
    endloop
  endfacet
  facet normal -0.757375 -0.65298 0
    outer loop
      vertex 0.0344238 0.0554657 0.468399
      vertex 0.0392914 0.0498199 0
      vertex 0.0392914 0.0498199 0.468399
    endloop
  endfacet
  facet normal -0.723306 -0.690527 0
    outer loop
      vertex 0.0444336 0.0444336 0
      vertex 0.0392914 0.0498199 0.468399
      vertex 0.0392914 0.0498199 0
    endloop
  endfacet
  facet normal -0.723306 -0.690527 0
    outer loop
      vertex 0.0392914 0.0498199 0.468399
      vertex 0.0444336 0.0444336 0
      vertex 0.0444336 0.0444336 0.468399
    endloop
  endfacet
  facet normal -0.690527 -0.723306 0
    outer loop
      vertex 0.0444336 0.0444336 0
      vertex 0.0498199 0.0392914 0.468399
      vertex 0.0444336 0.0444336 0.468399
    endloop
  endfacet
  facet normal -0.690527 -0.723306 -0
    outer loop
      vertex 0.0498199 0.0392914 0.468399
      vertex 0.0444336 0.0444336 0
      vertex 0.0498199 0.0392914 0
    endloop
  endfacet
  facet normal -0.65298 -0.757375 0
    outer loop
      vertex 0.0498199 0.0392914 0
      vertex 0.0554657 0.0344238 0.468399
      vertex 0.0498199 0.0392914 0.468399
    endloop
  endfacet
  facet normal -0.65298 -0.757375 -0
    outer loop
      vertex 0.0554657 0.0344238 0.468399
      vertex 0.0498199 0.0392914 0
      vertex 0.0554657 0.0344238 0
    endloop
  endfacet
  facet normal -0.615639 -0.788028 0
    outer loop
      vertex 0.0554657 0.0344238 0
      vertex 0.0613251 0.0298462 0.468399
      vertex 0.0554657 0.0344238 0.468399
    endloop
  endfacet
  facet normal -0.615639 -0.788028 -0
    outer loop
      vertex 0.0613251 0.0298462 0.468399
      vertex 0.0554657 0.0344238 0
      vertex 0.0613251 0.0298462 0
    endloop
  endfacet
  facet normal -0.5758 -0.817591 0
    outer loop
      vertex 0.0613251 0.0298462 0
      vertex 0.0674133 0.0255585 0.468399
      vertex 0.0613251 0.0298462 0.468399
    endloop
  endfacet
  facet normal -0.5758 -0.817591 -0
    outer loop
      vertex 0.0674133 0.0255585 0.468399
      vertex 0.0613251 0.0298462 0
      vertex 0.0674133 0.0255585 0
    endloop
  endfacet
  facet normal -0.534228 -0.84534 0
    outer loop
      vertex 0.0674133 0.0255585 0
      vertex 0.0737152 0.0215759 0.468399
      vertex 0.0674133 0.0255585 0.468399
    endloop
  endfacet
  facet normal -0.534228 -0.84534 -0
    outer loop
      vertex 0.0737152 0.0215759 0.468399
      vertex 0.0674133 0.0255585 0
      vertex 0.0737152 0.0215759 0
    endloop
  endfacet
  facet normal -0.492599 -0.870257 0
    outer loop
      vertex 0.0737152 0.0215759 0
      vertex 0.0801849 0.0179138 0.468399
      vertex 0.0737152 0.0215759 0.468399
    endloop
  endfacet
  facet normal -0.492599 -0.870257 -0
    outer loop
      vertex 0.0801849 0.0179138 0.468399
      vertex 0.0737152 0.0215759 0
      vertex 0.0801849 0.0179138 0
    endloop
  endfacet
  facet normal -0.45048 -0.892787 0
    outer loop
      vertex 0.0801849 0.0179138 0
      vertex 0.0868378 0.0145569 0.468399
      vertex 0.0801849 0.0179138 0.468399
    endloop
  endfacet
  facet normal -0.45048 -0.892787 -0
    outer loop
      vertex 0.0868378 0.0145569 0.468399
      vertex 0.0801849 0.0179138 0
      vertex 0.0868378 0.0145569 0
    endloop
  endfacet
  facet normal -0.405766 -0.913977 0
    outer loop
      vertex 0.0868378 0.0145569 0
      vertex 0.0936432 0.0115356 0.468399
      vertex 0.0868378 0.0145569 0.468399
    endloop
  endfacet
  facet normal -0.405766 -0.913977 -0
    outer loop
      vertex 0.0936432 0.0115356 0.468399
      vertex 0.0868378 0.0145569 0
      vertex 0.0936432 0.0115356 0
    endloop
  endfacet
  facet normal -0.358297 -0.933608 0
    outer loop
      vertex 0.0936432 0.0115356 0
      vertex 0.100601 0.00886536 0.468399
      vertex 0.0936432 0.0115356 0.468399
    endloop
  endfacet
  facet normal -0.358297 -0.933608 -0
    outer loop
      vertex 0.100601 0.00886536 0.468399
      vertex 0.0936432 0.0115356 0
      vertex 0.100601 0.00886536 0
    endloop
  endfacet
  facet normal -0.313759 -0.949503 0
    outer loop
      vertex 0.100601 0.00886536 0
      vertex 0.107666 0.00653076 0.468399
      vertex 0.100601 0.00886536 0.468399
    endloop
  endfacet
  facet normal -0.313759 -0.949503 -0
    outer loop
      vertex 0.107666 0.00653076 0.468399
      vertex 0.100601 0.00886536 0
      vertex 0.107666 0.00653076 0
    endloop
  endfacet
  facet normal -0.267956 -0.963431 0
    outer loop
      vertex 0.107666 0.00653076 0
      vertex 0.114853 0.00453186 0.468399
      vertex 0.107666 0.00653076 0.468399
    endloop
  endfacet
  facet normal -0.267956 -0.963431 -0
    outer loop
      vertex 0.114853 0.00453186 0.468399
      vertex 0.107666 0.00653076 0
      vertex 0.114853 0.00453186 0
    endloop
  endfacet
  facet normal -0.21737 -0.976089 0
    outer loop
      vertex 0.114853 0.00453186 0
      vertex 0.122116 0.00291443 0.468399
      vertex 0.114853 0.00453186 0.468399
    endloop
  endfacet
  facet normal -0.21737 -0.976089 -0
    outer loop
      vertex 0.122116 0.00291443 0.468399
      vertex 0.114853 0.00453186 0
      vertex 0.122116 0.00291443 0
    endloop
  endfacet
  facet normal -0.172021 -0.985093 0
    outer loop
      vertex 0.122116 0.00291443 0
      vertex 0.129456 0.00163269 0.468399
      vertex 0.122116 0.00291443 0.468399
    endloop
  endfacet
  facet normal -0.172021 -0.985093 -0
    outer loop
      vertex 0.129456 0.00163269 0.468399
      vertex 0.122116 0.00291443 0
      vertex 0.129456 0.00163269 0
    endloop
  endfacet
  facet normal -0.123029 -0.992403 0
    outer loop
      vertex 0.129456 0.00163269 0
      vertex 0.136841 0.000717163 0.468399
      vertex 0.129456 0.00163269 0.468399
    endloop
  endfacet
  facet normal -0.123029 -0.992403 -0
    outer loop
      vertex 0.136841 0.000717163 0.468399
      vertex 0.129456 0.00163269 0
      vertex 0.136841 0.000717163 0
    endloop
  endfacet
  facet normal -0.0737211 -0.997279 0
    outer loop
      vertex 0.136841 0.000717163 0
      vertex 0.144272 0.000167847 0.468399
      vertex 0.136841 0.000717163 0.468399
    endloop
  endfacet
  facet normal -0.0737211 -0.997279 -0
    outer loop
      vertex 0.144272 0.000167847 0.468399
      vertex 0.136841 0.000717163 0
      vertex 0.144272 0.000167847 0
    endloop
  endfacet
  facet normal -0.0225816 -0.999745 0
    outer loop
      vertex 0.144272 0.000167847 0
      vertex 0.151703 0 0.468399
      vertex 0.144272 0.000167847 0.468399
    endloop
  endfacet
  facet normal -0.0225816 -0.999745 -0
    outer loop
      vertex 0.151703 0 0.468399
      vertex 0.144272 0.000167847 0
      vertex 0.151703 0 0
    endloop
  endfacet
  facet normal 0.0225362 -0.999746 0
    outer loop
      vertex 0.151703 0 0
      vertex 0.159149 0.000167847 0.468399
      vertex 0.151703 0 0.468399
    endloop
  endfacet
  facet normal 0.0225362 -0.999746 0
    outer loop
      vertex 0.159149 0.000167847 0.468399
      vertex 0.151703 0 0
      vertex 0.159149 0.000167847 0
    endloop
  endfacet
  facet normal 0.0740037 0.997258 -0
    outer loop
      vertex 0.146957 0.0741119 0
      vertex 0.142227 0.0744629 0.468399
      vertex 0.146957 0.0741119 0.468399
    endloop
  endfacet
  facet normal 0.0740037 0.997258 0
    outer loop
      vertex 0.142227 0.0744629 0.468399
      vertex 0.146957 0.0741119 0
      vertex 0.142227 0.0744629 0
    endloop
  endfacet
  facet normal 0.12205 0.992524 -0
    outer loop
      vertex 0.142227 0.0744629 0
      vertex 0.137512 0.0750427 0.468399
      vertex 0.142227 0.0744629 0.468399
    endloop
  endfacet
  facet normal 0.12205 0.992524 0
    outer loop
      vertex 0.137512 0.0750427 0.468399
      vertex 0.142227 0.0744629 0
      vertex 0.137512 0.0750427 0
    endloop
  endfacet
  facet normal 0.170665 0.985329 -0
    outer loop
      vertex 0.137512 0.0750427 0
      vertex 0.132843 0.0758514 0.468399
      vertex 0.137512 0.0750427 0.468399
    endloop
  endfacet
  facet normal 0.170665 0.985329 0
    outer loop
      vertex 0.132843 0.0758514 0.468399
      vertex 0.137512 0.0750427 0
      vertex 0.132843 0.0758514 0
    endloop
  endfacet
  facet normal 0.218276 0.975887 -0
    outer loop
      vertex 0.132843 0.0758514 0
      vertex 0.128204 0.076889 0.468399
      vertex 0.132843 0.0758514 0.468399
    endloop
  endfacet
  facet normal 0.218276 0.975887 0
    outer loop
      vertex 0.128204 0.076889 0.468399
      vertex 0.132843 0.0758514 0
      vertex 0.128204 0.076889 0
    endloop
  endfacet
  facet normal 0.267502 0.963557 -0
    outer loop
      vertex 0.128204 0.076889 0
      vertex 0.123642 0.0781555 0.468399
      vertex 0.128204 0.076889 0.468399
    endloop
  endfacet
  facet normal 0.267502 0.963557 0
    outer loop
      vertex 0.123642 0.0781555 0.468399
      vertex 0.128204 0.076889 0
      vertex 0.123642 0.0781555 0
    endloop
  endfacet
  facet normal 0.314285 0.949329 -0
    outer loop
      vertex 0.123642 0.0781555 0
      vertex 0.119125 0.0796509 0.468399
      vertex 0.123642 0.0781555 0.468399
    endloop
  endfacet
  facet normal 0.314285 0.949329 0
    outer loop
      vertex 0.119125 0.0796509 0.468399
      vertex 0.123642 0.0781555 0
      vertex 0.119125 0.0796509 0
    endloop
  endfacet
  facet normal 0.360278 0.932845 -0
    outer loop
      vertex 0.119125 0.0796509 0
      vertex 0.1147 0.0813599 0.468399
      vertex 0.119125 0.0796509 0.468399
    endloop
  endfacet
  facet normal 0.360278 0.932845 0
    outer loop
      vertex 0.1147 0.0813599 0.468399
      vertex 0.119125 0.0796509 0
      vertex 0.1147 0.0813599 0
    endloop
  endfacet
  facet normal 0.404409 0.914578 -0
    outer loop
      vertex 0.1147 0.0813599 0
      vertex 0.110352 0.0832825 0.468399
      vertex 0.1147 0.0813599 0.468399
    endloop
  endfacet
  facet normal 0.404409 0.914578 0
    outer loop
      vertex 0.110352 0.0832825 0.468399
      vertex 0.1147 0.0813599 0
      vertex 0.110352 0.0832825 0
    endloop
  endfacet
  facet normal 0.451044 0.892502 -0
    outer loop
      vertex 0.110352 0.0832825 0
      vertex 0.106125 0.0854187 0.468399
      vertex 0.110352 0.0832825 0.468399
    endloop
  endfacet
  facet normal 0.451044 0.892502 0
    outer loop
      vertex 0.106125 0.0854187 0.468399
      vertex 0.110352 0.0832825 0
      vertex 0.106125 0.0854187 0
    endloop
  endfacet
  facet normal 0.491646 0.870795 -0
    outer loop
      vertex 0.106125 0.0854187 0
      vertex 0.10199 0.0877533 0.468399
      vertex 0.106125 0.0854187 0.468399
    endloop
  endfacet
  facet normal 0.491646 0.870795 0
    outer loop
      vertex 0.10199 0.0877533 0.468399
      vertex 0.106125 0.0854187 0
      vertex 0.10199 0.0877533 0
    endloop
  endfacet
  facet normal 0.533735 0.845652 -0
    outer loop
      vertex 0.10199 0.0877533 0
      vertex 0.0979767 0.0902863 0.468399
      vertex 0.10199 0.0877533 0.468399
    endloop
  endfacet
  facet normal 0.533735 0.845652 0
    outer loop
      vertex 0.0979767 0.0902863 0.468399
      vertex 0.10199 0.0877533 0
      vertex 0.0979767 0.0902863 0
    endloop
  endfacet
  facet normal 0.578187 0.815904 -0
    outer loop
      vertex 0.0979767 0.0902863 0
      vertex 0.094101 0.0930328 0.468399
      vertex 0.0979767 0.0902863 0.468399
    endloop
  endfacet
  facet normal 0.578187 0.815904 0
    outer loop
      vertex 0.094101 0.0930328 0.468399
      vertex 0.0979767 0.0902863 0
      vertex 0.094101 0.0930328 0
    endloop
  endfacet
  facet normal 0.613279 0.789866 -0
    outer loop
      vertex 0.094101 0.0930328 0
      vertex 0.0903473 0.0959473 0.468399
      vertex 0.094101 0.0930328 0.468399
    endloop
  endfacet
  facet normal 0.613279 0.789866 0
    outer loop
      vertex 0.0903473 0.0959473 0.468399
      vertex 0.094101 0.0930328 0
      vertex 0.0903473 0.0959473 0
    endloop
  endfacet
  facet normal 0.653701 0.756753 -0
    outer loop
      vertex 0.0903473 0.0959473 0
      vertex 0.0867615 0.0990448 0.468399
      vertex 0.0903473 0.0959473 0.468399
    endloop
  endfacet
  facet normal 0.653701 0.756753 0
    outer loop
      vertex 0.0867615 0.0990448 0.468399
      vertex 0.0903473 0.0959473 0
      vertex 0.0867615 0.0990448 0
    endloop
  endfacet
  facet normal 0.689205 0.724567 -0
    outer loop
      vertex 0.0867615 0.0990448 0
      vertex 0.083313 0.102325 0.468399
      vertex 0.0867615 0.0990448 0.468399
    endloop
  endfacet
  facet normal 0.689205 0.724567 0
    outer loop
      vertex 0.083313 0.102325 0.468399
      vertex 0.0867615 0.0990448 0
      vertex 0.083313 0.102325 0
    endloop
  endfacet
  facet normal 0.724673 0.689093 0
    outer loop
      vertex 0.083313 0.102325 0.468399
      vertex 0.0800476 0.105759 0
      vertex 0.0800476 0.105759 0.468399
    endloop
  endfacet
  facet normal 0.724673 0.689093 0
    outer loop
      vertex 0.0800476 0.105759 0
      vertex 0.083313 0.102325 0.468399
      vertex 0.083313 0.102325 0
    endloop
  endfacet
  facet normal 0.758119 0.652117 0
    outer loop
      vertex 0.0800476 0.105759 0.468399
      vertex 0.0769501 0.10936 0
      vertex 0.0769501 0.10936 0.468399
    endloop
  endfacet
  facet normal 0.758119 0.652117 0
    outer loop
      vertex 0.0769501 0.10936 0
      vertex 0.0800476 0.105759 0.468399
      vertex 0.0800476 0.105759 0
    endloop
  endfacet
  facet normal 0.787064 0.616871 0
    outer loop
      vertex 0.0769501 0.10936 0.468399
      vertex 0.0740204 0.113098 0
      vertex 0.0740204 0.113098 0.468399
    endloop
  endfacet
  facet normal 0.787064 0.616871 0
    outer loop
      vertex 0.0740204 0.113098 0
      vertex 0.0769501 0.10936 0.468399
      vertex 0.0769501 0.10936 0
    endloop
  endfacet
  facet normal 0.817435 0.576021 0
    outer loop
      vertex 0.0740204 0.113098 0.468399
      vertex 0.0712891 0.116974 0
      vertex 0.0712891 0.116974 0.468399
    endloop
  endfacet
  facet normal 0.817435 0.576021 0
    outer loop
      vertex 0.0712891 0.116974 0
      vertex 0.0740204 0.113098 0.468399
      vertex 0.0740204 0.113098 0
    endloop
  endfacet
  facet normal 0.845634 0.533763 0
    outer loop
      vertex 0.0712891 0.116974 0.468399
      vertex 0.0687561 0.120987 0
      vertex 0.0687561 0.120987 0.468399
    endloop
  endfacet
  facet normal 0.845634 0.533763 0
    outer loop
      vertex 0.0687561 0.120987 0
      vertex 0.0712891 0.116974 0.468399
      vertex 0.0712891 0.116974 0
    endloop
  endfacet
  facet normal 0.869414 0.494084 0
    outer loop
      vertex 0.0687561 0.120987 0.468399
      vertex 0.0664062 0.125122 0
      vertex 0.0664062 0.125122 0.468399
    endloop
  endfacet
  facet normal 0.869414 0.494084 0
    outer loop
      vertex 0.0664062 0.125122 0
      vertex 0.0687561 0.120987 0.468399
      vertex 0.0687561 0.120987 0
    endloop
  endfacet
  facet normal 0.894436 0.447197 0
    outer loop
      vertex 0.0664062 0.125122 0.468399
      vertex 0.0642853 0.129364 0
      vertex 0.0642853 0.129364 0.468399
    endloop
  endfacet
  facet normal 0.894436 0.447197 0
    outer loop
      vertex 0.0642853 0.129364 0
      vertex 0.0664062 0.125122 0.468399
      vertex 0.0664062 0.125122 0
    endloop
  endfacet
  facet normal 0.912896 0.408191 0
    outer loop
      vertex 0.0642853 0.129364 0.468399
      vertex 0.0623474 0.133698 0
      vertex 0.0623474 0.133698 0.468399
    endloop
  endfacet
  facet normal 0.912896 0.408191 0
    outer loop
      vertex 0.0623474 0.133698 0
      vertex 0.0642853 0.129364 0.468399
      vertex 0.0642853 0.129364 0
    endloop
  endfacet
  facet normal 0.933926 0.357467 0
    outer loop
      vertex 0.0623474 0.133698 0.468399
      vertex 0.0606537 0.138123 0
      vertex 0.0606537 0.138123 0.468399
    endloop
  endfacet
  facet normal 0.933926 0.357467 0
    outer loop
      vertex 0.0606537 0.138123 0
      vertex 0.0623474 0.133698 0.468399
      vertex 0.0623474 0.133698 0
    endloop
  endfacet
  facet normal 0.949308 0.314348 0
    outer loop
      vertex 0.0606537 0.138123 0.468399
      vertex 0.0591583 0.142639 0
      vertex 0.0591583 0.142639 0.468399
    endloop
  endfacet
  facet normal 0.949308 0.314348 0
    outer loop
      vertex 0.0591583 0.142639 0
      vertex 0.0606537 0.138123 0.468399
      vertex 0.0606537 0.138123 0
    endloop
  endfacet
  facet normal 0.963798 0.266634 0
    outer loop
      vertex 0.0591583 0.142639 0.468399
      vertex 0.0578918 0.147217 0
      vertex 0.0578918 0.147217 0.468399
    endloop
  endfacet
  facet normal 0.963798 0.266634 0
    outer loop
      vertex 0.0578918 0.147217 0
      vertex 0.0591583 0.142639 0.468399
      vertex 0.0591583 0.142639 0
    endloop
  endfacet
  facet normal 0.975726 0.218995 0
    outer loop
      vertex 0.0578918 0.147217 0.468399
      vertex 0.0568542 0.15184 0
      vertex 0.0568542 0.15184 0.468399
    endloop
  endfacet
  facet normal 0.975726 0.218995 0
    outer loop
      vertex 0.0568542 0.15184 0
      vertex 0.0578918 0.147217 0.468399
      vertex 0.0578918 0.147217 0
    endloop
  endfacet
  facet normal 0.985427 0.170099 0
    outer loop
      vertex 0.0568542 0.15184 0.468399
      vertex 0.0560455 0.156525 0
      vertex 0.0560455 0.156525 0.468399
    endloop
  endfacet
  facet normal 0.985427 0.170099 0
    outer loop
      vertex 0.0560455 0.156525 0
      vertex 0.0568542 0.15184 0.468399
      vertex 0.0568542 0.15184 0
    endloop
  endfacet
  facet normal 0.992474 0.122459 0
    outer loop
      vertex 0.0560455 0.156525 0.468399
      vertex 0.0554657 0.161224 0
      vertex 0.0554657 0.161224 0.468399
    endloop
  endfacet
  facet normal 0.992474 0.122459 0
    outer loop
      vertex 0.0554657 0.161224 0
      vertex 0.0560455 0.156525 0.468399
      vertex 0.0560455 0.156525 0
    endloop
  endfacet
  facet normal 0.997276 0.0737556 0
    outer loop
      vertex 0.0554657 0.161224 0.468399
      vertex 0.0551147 0.16597 0
      vertex 0.0551147 0.16597 0.468399
    endloop
  endfacet
  facet normal 0.997276 0.0737556 0
    outer loop
      vertex 0.0551147 0.16597 0
      vertex 0.0554657 0.161224 0.468399
      vertex 0.0554657 0.161224 0
    endloop
  endfacet
  facet normal 0.99967 0.0257028 0
    outer loop
      vertex 0.0551147 0.16597 0.468399
      vertex 0.0549927 0.170715 0
      vertex 0.0549927 0.170715 0.468399
    endloop
  endfacet
  facet normal 0.99967 0.0257028 0
    outer loop
      vertex 0.0549927 0.170715 0
      vertex 0.0551147 0.16597 0.468399
      vertex 0.0551147 0.16597 0
    endloop
  endfacet
  facet normal 1 -0 0
    outer loop
      vertex 0.0549927 0.170715 0.468399
      vertex 0.0549927 0.299454 0
      vertex 0.0549927 0.299454 0.468399
    endloop
  endfacet
  facet normal 1 0 0
    outer loop
      vertex 0.0549927 0.299454 0
      vertex 0.0549927 0.170715 0.468399
      vertex 0.0549927 0.170715 0
    endloop
  endfacet
  facet normal 0.99967 -0.0257028 0
    outer loop
      vertex 0.0549927 0.299454 0.468399
      vertex 0.0551147 0.304199 0
      vertex 0.0551147 0.304199 0.468399
    endloop
  endfacet
  facet normal 0.99967 -0.0257028 0
    outer loop
      vertex 0.0551147 0.304199 0
      vertex 0.0549927 0.299454 0.468399
      vertex 0.0549927 0.299454 0
    endloop
  endfacet
  facet normal 0.997276 -0.0737556 0
    outer loop
      vertex 0.0551147 0.304199 0.468399
      vertex 0.0554657 0.308945 0
      vertex 0.0554657 0.308945 0.468399
    endloop
  endfacet
  facet normal 0.997276 -0.0737556 0
    outer loop
      vertex 0.0554657 0.308945 0
      vertex 0.0551147 0.304199 0.468399
      vertex 0.0551147 0.304199 0
    endloop
  endfacet
  facet normal 0.992474 -0.122459 0
    outer loop
      vertex 0.0554657 0.308945 0.468399
      vertex 0.0560455 0.313644 0
      vertex 0.0560455 0.313644 0.468399
    endloop
  endfacet
  facet normal 0.992474 -0.122459 0
    outer loop
      vertex 0.0560455 0.313644 0
      vertex 0.0554657 0.308945 0.468399
      vertex 0.0554657 0.308945 0
    endloop
  endfacet
  facet normal 0.985427 -0.170099 0
    outer loop
      vertex 0.0560455 0.313644 0.468399
      vertex 0.0568542 0.318329 0
      vertex 0.0568542 0.318329 0.468399
    endloop
  endfacet
  facet normal 0.985427 -0.170099 0
    outer loop
      vertex 0.0568542 0.318329 0
      vertex 0.0560455 0.313644 0.468399
      vertex 0.0560455 0.313644 0
    endloop
  endfacet
  facet normal 0.975887 -0.218276 0
    outer loop
      vertex 0.0568542 0.318329 0.468399
      vertex 0.0578918 0.322968 0
      vertex 0.0578918 0.322968 0.468399
    endloop
  endfacet
  facet normal 0.975887 -0.218276 0
    outer loop
      vertex 0.0578918 0.322968 0
      vertex 0.0568542 0.318329 0.468399
      vertex 0.0568542 0.318329 0
    endloop
  endfacet
  facet normal 0.963557 -0.267502 0
    outer loop
      vertex 0.0578918 0.322968 0.468399
      vertex 0.0591583 0.32753 0
      vertex 0.0591583 0.32753 0.468399
    endloop
  endfacet
  facet normal 0.963557 -0.267502 0
    outer loop
      vertex 0.0591583 0.32753 0
      vertex 0.0578918 0.322968 0.468399
      vertex 0.0578918 0.322968 0
    endloop
  endfacet
  facet normal 0.949329 -0.314285 0
    outer loop
      vertex 0.0591583 0.32753 0.468399
      vertex 0.0606537 0.332047 0
      vertex 0.0606537 0.332047 0.468399
    endloop
  endfacet
  facet normal 0.949329 -0.314285 0
    outer loop
      vertex 0.0606537 0.332047 0
      vertex 0.0591583 0.32753 0.468399
      vertex 0.0591583 0.32753 0
    endloop
  endfacet
  facet normal 0.933926 -0.357467 0
    outer loop
      vertex 0.0606537 0.332047 0.468399
      vertex 0.0623474 0.336472 0
      vertex 0.0623474 0.336472 0.468399
    endloop
  endfacet
  facet normal 0.933926 -0.357467 0
    outer loop
      vertex 0.0623474 0.336472 0
      vertex 0.0606537 0.332047 0.468399
      vertex 0.0606537 0.332047 0
    endloop
  endfacet
  facet normal 0.912861 -0.40827 0
    outer loop
      vertex 0.0623474 0.336472 0.468399
      vertex 0.0642853 0.340805 0
      vertex 0.0642853 0.340805 0.468399
    endloop
  endfacet
  facet normal 0.912861 -0.40827 0
    outer loop
      vertex 0.0642853 0.340805 0
      vertex 0.0623474 0.336472 0.468399
      vertex 0.0623474 0.336472 0
    endloop
  endfacet
  facet normal 0.894436 -0.447197 0
    outer loop
      vertex 0.0642853 0.340805 0.468399
      vertex 0.0664062 0.345047 0
      vertex 0.0664062 0.345047 0.468399
    endloop
  endfacet
  facet normal 0.894436 -0.447197 0
    outer loop
      vertex 0.0664062 0.345047 0
      vertex 0.0642853 0.340805 0.468399
      vertex 0.0642853 0.340805 0
    endloop
  endfacet
  facet normal 0.869414 -0.494084 0
    outer loop
      vertex 0.0664062 0.345047 0.468399
      vertex 0.0687561 0.349182 0
      vertex 0.0687561 0.349182 0.468399
    endloop
  endfacet
  facet normal 0.869414 -0.494084 0
    outer loop
      vertex 0.0687561 0.349182 0
      vertex 0.0664062 0.345047 0.468399
      vertex 0.0664062 0.345047 0
    endloop
  endfacet
  facet normal 0.845634 -0.533763 0
    outer loop
      vertex 0.0687561 0.349182 0.468399
      vertex 0.0712891 0.353195 0
      vertex 0.0712891 0.353195 0.468399
    endloop
  endfacet
  facet normal 0.845634 -0.533763 0
    outer loop
      vertex 0.0712891 0.353195 0
      vertex 0.0687561 0.349182 0.468399
      vertex 0.0687561 0.349182 0
    endloop
  endfacet
  facet normal 0.817435 -0.576021 0
    outer loop
      vertex 0.0712891 0.353195 0.468399
      vertex 0.0740204 0.357071 0
      vertex 0.0740204 0.357071 0.468399
    endloop
  endfacet
  facet normal 0.817435 -0.576021 0
    outer loop
      vertex 0.0740204 0.357071 0
      vertex 0.0712891 0.353195 0.468399
      vertex 0.0712891 0.353195 0
    endloop
  endfacet
  facet normal 0.787064 -0.616871 0
    outer loop
      vertex 0.0740204 0.357071 0.468399
      vertex 0.0769501 0.360809 0
      vertex 0.0769501 0.360809 0.468399
    endloop
  endfacet
  facet normal 0.787064 -0.616871 0
    outer loop
      vertex 0.0769501 0.360809 0
      vertex 0.0740204 0.357071 0.468399
      vertex 0.0740204 0.357071 0
    endloop
  endfacet
  facet normal 0.758119 -0.652117 0
    outer loop
      vertex 0.0769501 0.360809 0.468399
      vertex 0.0800476 0.36441 0
      vertex 0.0800476 0.36441 0.468399
    endloop
  endfacet
  facet normal 0.758119 -0.652117 0
    outer loop
      vertex 0.0800476 0.36441 0
      vertex 0.0769501 0.360809 0.468399
      vertex 0.0769501 0.360809 0
    endloop
  endfacet
  facet normal 0.724673 -0.689093 0
    outer loop
      vertex 0.0800476 0.36441 0.468399
      vertex 0.083313 0.367844 0
      vertex 0.083313 0.367844 0.468399
    endloop
  endfacet
  facet normal 0.724673 -0.689093 0
    outer loop
      vertex 0.083313 0.367844 0
      vertex 0.0800476 0.36441 0.468399
      vertex 0.0800476 0.36441 0
    endloop
  endfacet
  facet normal 0.689183 -0.724587 0
    outer loop
      vertex 0.083313 0.367844 0
      vertex 0.0867615 0.371124 0.468399
      vertex 0.083313 0.367844 0.468399
    endloop
  endfacet
  facet normal 0.689183 -0.724587 0
    outer loop
      vertex 0.0867615 0.371124 0.468399
      vertex 0.083313 0.367844 0
      vertex 0.0867615 0.371124 0
    endloop
  endfacet
  facet normal 0.653762 -0.756701 0
    outer loop
      vertex 0.0867615 0.371124 0
      vertex 0.0903473 0.374222 0.468399
      vertex 0.0867615 0.371124 0.468399
    endloop
  endfacet
  facet normal 0.653762 -0.756701 0
    outer loop
      vertex 0.0903473 0.374222 0.468399
      vertex 0.0867615 0.371124 0
      vertex 0.0903473 0.374222 0
    endloop
  endfacet
  facet normal 0.615177 -0.788389 0
    outer loop
      vertex 0.0903473 0.374222 0
      vertex 0.094101 0.377151 0.468399
      vertex 0.0903473 0.374222 0.468399
    endloop
  endfacet
  facet normal 0.615177 -0.788389 0
    outer loop
      vertex 0.094101 0.377151 0.468399
      vertex 0.0903473 0.374222 0
      vertex 0.094101 0.377151 0
    endloop
  endfacet
  facet normal 0.576143 -0.817349 0
    outer loop
      vertex 0.094101 0.377151 0.468399
      vertex 0.0976448 0.379649 0.1769
      vertex 0.0976448 0.379649 0.468399
    endloop
  endfacet
  facet normal 0.576143 -0.817349 0
    outer loop
      vertex 0.094101 0.377151 0
      vertex 0.0976448 0.379649 0.1769
      vertex 0.094101 0.377151 0.468399
    endloop
  endfacet
  facet normal 0.576143 -0.817349 0
    outer loop
      vertex 0.0976448 0.379649 0.1769
      vertex 0.094101 0.377151 0
      vertex 0.0976448 0.379649 0
    endloop
  endfacet
  facet normal -0.577131 -0.816652 0
    outer loop
      vertex 0.208962 0.377404 0.1769
      vertex 0.20932 0.377151 0.468399
      vertex 0.208962 0.377404 0.468399
    endloop
  endfacet
  facet normal -0.577131 -0.816652 0
    outer loop
      vertex 0.20932 0.377151 0
      vertex 0.208962 0.377404 0.1769
      vertex 0.208962 0.377404 0
    endloop
  endfacet
  facet normal -0.577131 -0.816652 0
    outer loop
      vertex 0.208962 0.377404 0.1769
      vertex 0.20932 0.377151 0
      vertex 0.20932 0.377151 0.468399
    endloop
  endfacet
  facet normal -0.615147 -0.788413 0
    outer loop
      vertex 0.20932 0.377151 0
      vertex 0.213074 0.374222 0.468399
      vertex 0.20932 0.377151 0.468399
    endloop
  endfacet
  facet normal -0.615147 -0.788413 -0
    outer loop
      vertex 0.213074 0.374222 0.468399
      vertex 0.20932 0.377151 0
      vertex 0.213074 0.374222 0
    endloop
  endfacet
  facet normal -0.653741 -0.756719 0
    outer loop
      vertex 0.213074 0.374222 0
      vertex 0.21666 0.371124 0.468399
      vertex 0.213074 0.374222 0.468399
    endloop
  endfacet
  facet normal -0.653741 -0.756719 -0
    outer loop
      vertex 0.21666 0.371124 0.468399
      vertex 0.213074 0.374222 0
      vertex 0.21666 0.371124 0
    endloop
  endfacet
  facet normal -0.690811 -0.723035 0
    outer loop
      vertex 0.21666 0.371124 0
      vertex 0.220093 0.367844 0.468399
      vertex 0.21666 0.371124 0.468399
    endloop
  endfacet
  facet normal -0.690811 -0.723035 -0
    outer loop
      vertex 0.220093 0.367844 0.468399
      vertex 0.21666 0.371124 0
      vertex 0.220093 0.367844 0
    endloop
  endfacet
  facet normal -0.723136 -0.690706 0
    outer loop
      vertex 0.223373 0.36441 0
      vertex 0.220093 0.367844 0.468399
      vertex 0.220093 0.367844 0
    endloop
  endfacet
  facet normal -0.723136 -0.690706 0
    outer loop
      vertex 0.220093 0.367844 0.468399
      vertex 0.223373 0.36441 0
      vertex 0.223373 0.36441 0.468399
    endloop
  endfacet
  facet normal -0.758067 -0.652177 0
    outer loop
      vertex 0.226471 0.360809 0
      vertex 0.223373 0.36441 0.468399
      vertex 0.223373 0.36441 0
    endloop
  endfacet
  facet normal -0.758067 -0.652177 0
    outer loop
      vertex 0.223373 0.36441 0.468399
      vertex 0.226471 0.360809 0
      vertex 0.226471 0.360809 0.468399
    endloop
  endfacet
  facet normal -0.787034 -0.61691 0
    outer loop
      vertex 0.229401 0.357071 0
      vertex 0.226471 0.360809 0.468399
      vertex 0.226471 0.360809 0
    endloop
  endfacet
  facet normal -0.787034 -0.61691 0
    outer loop
      vertex 0.226471 0.360809 0.468399
      vertex 0.229401 0.357071 0
      vertex 0.229401 0.357071 0.468399
    endloop
  endfacet
  facet normal -0.817464 -0.575979 0
    outer loop
      vertex 0.232132 0.353195 0
      vertex 0.229401 0.357071 0.468399
      vertex 0.229401 0.357071 0
    endloop
  endfacet
  facet normal -0.817464 -0.575979 0
    outer loop
      vertex 0.229401 0.357071 0.468399
      vertex 0.232132 0.353195 0
      vertex 0.232132 0.353195 0.468399
    endloop
  endfacet
  facet normal -0.845634 -0.533763 0
    outer loop
      vertex 0.234665 0.349182 0
      vertex 0.232132 0.353195 0.468399
      vertex 0.232132 0.353195 0
    endloop
  endfacet
  facet normal -0.845634 -0.533763 0
    outer loop
      vertex 0.232132 0.353195 0.468399
      vertex 0.234665 0.349182 0
      vertex 0.234665 0.349182 0.468399
    endloop
  endfacet
  facet normal -0.869405 -0.4941 0
    outer loop
      vertex 0.237015 0.345047 0
      vertex 0.234665 0.349182 0.468399
      vertex 0.234665 0.349182 0
    endloop
  endfacet
  facet normal -0.869405 -0.4941 0
    outer loop
      vertex 0.234665 0.349182 0.468399
      vertex 0.237015 0.345047 0
      vertex 0.237015 0.345047 0.468399
    endloop
  endfacet
  facet normal -0.894427 -0.447214 0
    outer loop
      vertex 0.239136 0.340805 0
      vertex 0.237015 0.345047 0.468399
      vertex 0.237015 0.345047 0
    endloop
  endfacet
  facet normal -0.894427 -0.447214 0
    outer loop
      vertex 0.237015 0.345047 0.468399
      vertex 0.239136 0.340805 0
      vertex 0.239136 0.340805 0.468399
    endloop
  endfacet
  facet normal -0.912853 -0.408288 0
    outer loop
      vertex 0.241074 0.336472 0
      vertex 0.239136 0.340805 0.468399
      vertex 0.239136 0.340805 0
    endloop
  endfacet
  facet normal -0.912853 -0.408288 0
    outer loop
      vertex 0.239136 0.340805 0.468399
      vertex 0.241074 0.336472 0
      vertex 0.241074 0.336472 0.468399
    endloop
  endfacet
  facet normal -0.933975 -0.357338 0
    outer loop
      vertex 0.242767 0.332047 0
      vertex 0.241074 0.336472 0.468399
      vertex 0.241074 0.336472 0
    endloop
  endfacet
  facet normal -0.933975 -0.357338 0
    outer loop
      vertex 0.241074 0.336472 0.468399
      vertex 0.242767 0.332047 0
      vertex 0.242767 0.332047 0.468399
    endloop
  endfacet
  facet normal -0.949291 -0.314399 0
    outer loop
      vertex 0.244263 0.32753 0
      vertex 0.242767 0.332047 0.468399
      vertex 0.242767 0.332047 0
    endloop
  endfacet
  facet normal -0.949291 -0.314399 0
    outer loop
      vertex 0.242767 0.332047 0.468399
      vertex 0.244263 0.32753 0
      vertex 0.244263 0.32753 0.468399
    endloop
  endfacet
  facet normal -0.963584 -0.267404 0
    outer loop
      vertex 0.245529 0.322968 0
      vertex 0.244263 0.32753 0.468399
      vertex 0.244263 0.32753 0
    endloop
  endfacet
  facet normal -0.963584 -0.267404 0
    outer loop
      vertex 0.244263 0.32753 0.468399
      vertex 0.245529 0.322968 0
      vertex 0.245529 0.322968 0.468399
    endloop
  endfacet
  facet normal -0.975869 -0.218356 0
    outer loop
      vertex 0.246567 0.318329 0
      vertex 0.245529 0.322968 0.468399
      vertex 0.245529 0.322968 0
    endloop
  endfacet
  facet normal -0.975869 -0.218356 0
    outer loop
      vertex 0.245529 0.322968 0.468399
      vertex 0.246567 0.318329 0
      vertex 0.246567 0.318329 0.468399
    endloop
  endfacet
  facet normal -0.985452 -0.169956 0
    outer loop
      vertex 0.247375 0.313644 0
      vertex 0.246567 0.318329 0.468399
      vertex 0.246567 0.318329 0
    endloop
  endfacet
  facet normal -0.985452 -0.169956 0
    outer loop
      vertex 0.246567 0.318329 0.468399
      vertex 0.247375 0.313644 0
      vertex 0.247375 0.313644 0.468399
    endloop
  endfacet
  facet normal -0.992468 -0.122501 0
    outer loop
      vertex 0.247955 0.308945 0
      vertex 0.247375 0.313644 0.468399
      vertex 0.247375 0.313644 0
    endloop
  endfacet
  facet normal -0.992468 -0.122501 0
    outer loop
      vertex 0.247375 0.313644 0.468399
      vertex 0.247955 0.308945 0
      vertex 0.247955 0.308945 0.468399
    endloop
  endfacet
  facet normal -0.997276 -0.0737556 0
    outer loop
      vertex 0.248306 0.304199 0
      vertex 0.247955 0.308945 0.468399
      vertex 0.247955 0.308945 0
    endloop
  endfacet
  facet normal -0.997276 -0.0737556 0
    outer loop
      vertex 0.247955 0.308945 0.468399
      vertex 0.248306 0.304199 0
      vertex 0.248306 0.304199 0.468399
    endloop
  endfacet
  facet normal -0.99967 -0.0257028 0
    outer loop
      vertex 0.248428 0.299454 0
      vertex 0.248306 0.304199 0.468399
      vertex 0.248306 0.304199 0
    endloop
  endfacet
  facet normal -0.99967 -0.0257028 0
    outer loop
      vertex 0.248306 0.304199 0.468399
      vertex 0.248428 0.299454 0
      vertex 0.248428 0.299454 0.468399
    endloop
  endfacet
  facet normal -1 0 0
    outer loop
      vertex 0.248428 0.170715 0
      vertex 0.248428 0.299454 0.468399
      vertex 0.248428 0.299454 0
    endloop
  endfacet
  facet normal -1 -0 0
    outer loop
      vertex 0.248428 0.299454 0.468399
      vertex 0.248428 0.170715 0
      vertex 0.248428 0.170715 0.468399
    endloop
  endfacet
  facet normal -0.99967 0.0257028 0
    outer loop
      vertex 0.248306 0.16597 0
      vertex 0.248428 0.170715 0.468399
      vertex 0.248428 0.170715 0
    endloop
  endfacet
  facet normal -0.99967 0.0257028 0
    outer loop
      vertex 0.248428 0.170715 0.468399
      vertex 0.248306 0.16597 0
      vertex 0.248306 0.16597 0.468399
    endloop
  endfacet
  facet normal -0.997276 0.0737556 0
    outer loop
      vertex 0.247955 0.161224 0
      vertex 0.248306 0.16597 0.468399
      vertex 0.248306 0.16597 0
    endloop
  endfacet
  facet normal -0.997276 0.0737556 0
    outer loop
      vertex 0.248306 0.16597 0.468399
      vertex 0.247955 0.161224 0
      vertex 0.247955 0.161224 0.468399
    endloop
  endfacet
  facet normal -0.992468 0.122501 0
    outer loop
      vertex 0.247375 0.156525 0
      vertex 0.247955 0.161224 0.468399
      vertex 0.247955 0.161224 0
    endloop
  endfacet
  facet normal -0.992468 0.122501 0
    outer loop
      vertex 0.247955 0.161224 0.468399
      vertex 0.247375 0.156525 0
      vertex 0.247375 0.156525 0.468399
    endloop
  endfacet
  facet normal -0.985452 0.169956 0
    outer loop
      vertex 0.246567 0.15184 0
      vertex 0.247375 0.156525 0.468399
      vertex 0.247375 0.156525 0
    endloop
  endfacet
  facet normal -0.985452 0.169956 0
    outer loop
      vertex 0.247375 0.156525 0.468399
      vertex 0.246567 0.15184 0
      vertex 0.246567 0.15184 0.468399
    endloop
  endfacet
  facet normal -0.975708 0.219075 0
    outer loop
      vertex 0.245529 0.147217 0
      vertex 0.246567 0.15184 0.468399
      vertex 0.246567 0.15184 0
    endloop
  endfacet
  facet normal -0.975708 0.219075 0
    outer loop
      vertex 0.246567 0.15184 0.468399
      vertex 0.245529 0.147217 0
      vertex 0.245529 0.147217 0.468399
    endloop
  endfacet
  facet normal -0.963825 0.266536 0
    outer loop
      vertex 0.244263 0.142639 0
      vertex 0.245529 0.147217 0.468399
      vertex 0.245529 0.147217 0
    endloop
  endfacet
  facet normal -0.963825 0.266536 0
    outer loop
      vertex 0.245529 0.147217 0.468399
      vertex 0.244263 0.142639 0
      vertex 0.244263 0.142639 0.468399
    endloop
  endfacet
  facet normal -0.94927 0.314462 0
    outer loop
      vertex 0.242767 0.138123 0
      vertex 0.244263 0.142639 0.468399
      vertex 0.244263 0.142639 0
    endloop
  endfacet
  facet normal -0.94927 0.314462 0
    outer loop
      vertex 0.244263 0.142639 0.468399
      vertex 0.242767 0.138123 0
      vertex 0.242767 0.138123 0.468399
    endloop
  endfacet
  facet normal -0.933975 0.357338 0
    outer loop
      vertex 0.241074 0.133698 0
      vertex 0.242767 0.138123 0.468399
      vertex 0.242767 0.138123 0
    endloop
  endfacet
  facet normal -0.933975 0.357338 0
    outer loop
      vertex 0.242767 0.138123 0.468399
      vertex 0.241074 0.133698 0
      vertex 0.241074 0.133698 0.468399
    endloop
  endfacet
  facet normal -0.912888 0.408209 0
    outer loop
      vertex 0.239136 0.129364 0
      vertex 0.241074 0.133698 0.468399
      vertex 0.241074 0.133698 0
    endloop
  endfacet
  facet normal -0.912888 0.408209 0
    outer loop
      vertex 0.241074 0.133698 0.468399
      vertex 0.239136 0.129364 0
      vertex 0.239136 0.129364 0.468399
    endloop
  endfacet
  facet normal -0.894427 0.447214 0
    outer loop
      vertex 0.237015 0.125122 0
      vertex 0.239136 0.129364 0.468399
      vertex 0.239136 0.129364 0
    endloop
  endfacet
  facet normal -0.894427 0.447214 0
    outer loop
      vertex 0.239136 0.129364 0.468399
      vertex 0.237015 0.125122 0
      vertex 0.237015 0.125122 0.468399
    endloop
  endfacet
  facet normal -0.869405 0.4941 0
    outer loop
      vertex 0.234665 0.120987 0
      vertex 0.237015 0.125122 0.468399
      vertex 0.237015 0.125122 0
    endloop
  endfacet
  facet normal -0.869405 0.4941 0
    outer loop
      vertex 0.237015 0.125122 0.468399
      vertex 0.234665 0.120987 0
      vertex 0.234665 0.120987 0.468399
    endloop
  endfacet
  facet normal -0.845634 0.533763 0
    outer loop
      vertex 0.232132 0.116974 0
      vertex 0.234665 0.120987 0.468399
      vertex 0.234665 0.120987 0
    endloop
  endfacet
  facet normal -0.845634 0.533763 0
    outer loop
      vertex 0.234665 0.120987 0.468399
      vertex 0.232132 0.116974 0
      vertex 0.232132 0.116974 0.468399
    endloop
  endfacet
  facet normal -0.817464 0.575979 0
    outer loop
      vertex 0.229401 0.113098 0
      vertex 0.232132 0.116974 0.468399
      vertex 0.232132 0.116974 0
    endloop
  endfacet
  facet normal -0.817464 0.575979 0
    outer loop
      vertex 0.232132 0.116974 0.468399
      vertex 0.229401 0.113098 0
      vertex 0.229401 0.113098 0.468399
    endloop
  endfacet
  facet normal -0.787034 0.61691 0
    outer loop
      vertex 0.226471 0.10936 0
      vertex 0.229401 0.113098 0.468399
      vertex 0.229401 0.113098 0
    endloop
  endfacet
  facet normal -0.787034 0.61691 0
    outer loop
      vertex 0.229401 0.113098 0.468399
      vertex 0.226471 0.10936 0
      vertex 0.226471 0.10936 0.468399
    endloop
  endfacet
  facet normal -0.758067 0.652177 0
    outer loop
      vertex 0.223373 0.105759 0
      vertex 0.226471 0.10936 0.468399
      vertex 0.226471 0.10936 0
    endloop
  endfacet
  facet normal -0.758067 0.652177 0
    outer loop
      vertex 0.226471 0.10936 0.468399
      vertex 0.223373 0.105759 0
      vertex 0.223373 0.105759 0.468399
    endloop
  endfacet
  facet normal -0.723136 0.690706 0
    outer loop
      vertex 0.220093 0.102325 0
      vertex 0.223373 0.105759 0.468399
      vertex 0.223373 0.105759 0
    endloop
  endfacet
  facet normal -0.723136 0.690706 0
    outer loop
      vertex 0.223373 0.105759 0.468399
      vertex 0.220093 0.102325 0
      vertex 0.220093 0.102325 0.468399
    endloop
  endfacet
  facet normal -0.690833 0.723014 0
    outer loop
      vertex 0.220093 0.102325 0
      vertex 0.21666 0.0990448 0.468399
      vertex 0.220093 0.102325 0.468399
    endloop
  endfacet
  facet normal -0.690833 0.723014 0
    outer loop
      vertex 0.21666 0.0990448 0.468399
      vertex 0.220093 0.102325 0
      vertex 0.21666 0.0990448 0
    endloop
  endfacet
  facet normal -0.65368 0.756771 0
    outer loop
      vertex 0.21666 0.0990448 0
      vertex 0.213074 0.0959473 0.468399
      vertex 0.21666 0.0990448 0.468399
    endloop
  endfacet
  facet normal -0.65368 0.756771 0
    outer loop
      vertex 0.213074 0.0959473 0.468399
      vertex 0.21666 0.0990448 0
      vertex 0.213074 0.0959473 0
    endloop
  endfacet
  facet normal -0.613248 0.78989 0
    outer loop
      vertex 0.213074 0.0959473 0
      vertex 0.20932 0.0930328 0.468399
      vertex 0.213074 0.0959473 0.468399
    endloop
  endfacet
  facet normal -0.613248 0.78989 0
    outer loop
      vertex 0.20932 0.0930328 0.468399
      vertex 0.213074 0.0959473 0
      vertex 0.20932 0.0930328 0
    endloop
  endfacet
  facet normal -0.578158 0.815925 0
    outer loop
      vertex 0.20932 0.0930328 0
      vertex 0.205444 0.0902863 0.468399
      vertex 0.20932 0.0930328 0.468399
    endloop
  endfacet
  facet normal -0.578158 0.815925 0
    outer loop
      vertex 0.205444 0.0902863 0.468399
      vertex 0.20932 0.0930328 0
      vertex 0.205444 0.0902863 0
    endloop
  endfacet
  facet normal -0.533763 0.845634 0
    outer loop
      vertex 0.205444 0.0902863 0
      vertex 0.201431 0.0877533 0.468399
      vertex 0.205444 0.0902863 0.468399
    endloop
  endfacet
  facet normal -0.533763 0.845634 0
    outer loop
      vertex 0.201431 0.0877533 0.468399
      vertex 0.205444 0.0902863 0
      vertex 0.201431 0.0877533 0
    endloop
  endfacet
  facet normal -0.491646 0.870795 0
    outer loop
      vertex 0.201431 0.0877533 0
      vertex 0.197296 0.0854187 0.468399
      vertex 0.201431 0.0877533 0.468399
    endloop
  endfacet
  facet normal -0.491646 0.870795 0
    outer loop
      vertex 0.197296 0.0854187 0.468399
      vertex 0.201431 0.0877533 0
      vertex 0.197296 0.0854187 0
    endloop
  endfacet
  facet normal -0.451044 0.892502 0
    outer loop
      vertex 0.197296 0.0854187 0
      vertex 0.193069 0.0832825 0.468399
      vertex 0.197296 0.0854187 0.468399
    endloop
  endfacet
  facet normal -0.451044 0.892502 0
    outer loop
      vertex 0.193069 0.0832825 0.468399
      vertex 0.197296 0.0854187 0
      vertex 0.193069 0.0832825 0
    endloop
  endfacet
  facet normal -0.404409 0.914578 0
    outer loop
      vertex 0.193069 0.0832825 0
      vertex 0.188721 0.0813599 0.468399
      vertex 0.193069 0.0832825 0.468399
    endloop
  endfacet
  facet normal -0.404409 0.914578 0
    outer loop
      vertex 0.188721 0.0813599 0.468399
      vertex 0.193069 0.0832825 0
      vertex 0.188721 0.0813599 0
    endloop
  endfacet
  facet normal -0.360278 0.932845 0
    outer loop
      vertex 0.188721 0.0813599 0
      vertex 0.184296 0.0796509 0.468399
      vertex 0.188721 0.0813599 0.468399
    endloop
  endfacet
  facet normal -0.360278 0.932845 0
    outer loop
      vertex 0.184296 0.0796509 0.468399
      vertex 0.188721 0.0813599 0
      vertex 0.184296 0.0796509 0
    endloop
  endfacet
  facet normal -0.314285 0.949329 0
    outer loop
      vertex 0.184296 0.0796509 0
      vertex 0.179779 0.0781555 0.468399
      vertex 0.184296 0.0796509 0.468399
    endloop
  endfacet
  facet normal -0.314285 0.949329 0
    outer loop
      vertex 0.179779 0.0781555 0.468399
      vertex 0.184296 0.0796509 0
      vertex 0.179779 0.0781555 0
    endloop
  endfacet
  facet normal -0.267502 0.963557 0
    outer loop
      vertex 0.179779 0.0781555 0
      vertex 0.175217 0.076889 0.468399
      vertex 0.179779 0.0781555 0.468399
    endloop
  endfacet
  facet normal -0.267502 0.963557 0
    outer loop
      vertex 0.175217 0.076889 0.468399
      vertex 0.179779 0.0781555 0
      vertex 0.175217 0.076889 0
    endloop
  endfacet
  facet normal -0.218276 0.975887 0
    outer loop
      vertex 0.175217 0.076889 0
      vertex 0.170578 0.0758514 0.468399
      vertex 0.175217 0.076889 0.468399
    endloop
  endfacet
  facet normal -0.218276 0.975887 0
    outer loop
      vertex 0.170578 0.0758514 0.468399
      vertex 0.175217 0.076889 0
      vertex 0.170578 0.0758514 0
    endloop
  endfacet
  facet normal -0.170665 0.985329 0
    outer loop
      vertex 0.170578 0.0758514 0
      vertex 0.165909 0.0750427 0.468399
      vertex 0.170578 0.0758514 0.468399
    endloop
  endfacet
  facet normal -0.170665 0.985329 0
    outer loop
      vertex 0.165909 0.0750427 0.468399
      vertex 0.170578 0.0758514 0
      vertex 0.165909 0.0750427 0
    endloop
  endfacet
  facet normal -0.12205 0.992524 0
    outer loop
      vertex 0.165909 0.0750427 0
      vertex 0.161194 0.0744629 0.468399
      vertex 0.165909 0.0750427 0.468399
    endloop
  endfacet
  facet normal -0.12205 0.992524 0
    outer loop
      vertex 0.161194 0.0744629 0.468399
      vertex 0.165909 0.0750427 0
      vertex 0.161194 0.0744629 0
    endloop
  endfacet
  facet normal -0.0740037 0.997258 0
    outer loop
      vertex 0.161194 0.0744629 0
      vertex 0.156464 0.0741119 0.468399
      vertex 0.161194 0.0744629 0.468399
    endloop
  endfacet
  facet normal -0.0740037 0.997258 0
    outer loop
      vertex 0.156464 0.0741119 0.468399
      vertex 0.161194 0.0744629 0
      vertex 0.156464 0.0741119 0
    endloop
  endfacet
  facet normal -0.0256165 0.999672 0
    outer loop
      vertex 0.156464 0.0741119 0
      vertex 0.151703 0.0739899 0.468399
      vertex 0.156464 0.0741119 0.468399
    endloop
  endfacet
  facet normal -0.0256165 0.999672 0
    outer loop
      vertex 0.151703 0.0739899 0.468399
      vertex 0.156464 0.0741119 0
      vertex 0.151703 0.0739899 0
    endloop
  endfacet
  facet normal 0.0256974 0.99967 -0
    outer loop
      vertex 0.151703 0.0739899 0
      vertex 0.146957 0.0741119 0.468399
      vertex 0.151703 0.0739899 0.468399
    endloop
  endfacet
  facet normal 0.0256974 0.99967 0
    outer loop
      vertex 0.146957 0.0741119 0.468399
      vertex 0.151703 0.0739899 0
      vertex 0.146957 0.0741119 0
    endloop
  endfacet
  facet normal 0.757218 -0.653162 0
    outer loop
      vertex 0.207104 0.37525 0.468399
      vertex 0.208962 0.377404 0.1769
      vertex 0.208962 0.377404 0.468399
    endloop
  endfacet
  facet normal 0.757218 -0.653162 0
    outer loop
      vertex 0.208962 0.377404 0.1769
      vertex 0.207104 0.37525 0.468399
      vertex 0.207104 0.37525 0.1769
    endloop
  endfacet
  facet normal -0.757436 0.65291 0
    outer loop
      vertex 0.208962 0.377404 0
      vertex 0.209393 0.377904 0.1769
      vertex 0.209393 0.377904 0
    endloop
  endfacet
  facet normal -0.757436 0.65291 0
    outer loop
      vertex 0.209393 0.377904 0.1769
      vertex 0.208962 0.377404 0
      vertex 0.208962 0.377404 0.1769
    endloop
  endfacet
  facet normal -0.653115 -0.757259 0
    outer loop
      vertex 0.10625 0.370296 0.1769
      vertex 0.108904 0.368007 0.468399
      vertex 0.10625 0.370296 0.468399
    endloop
  endfacet
  facet normal -0.653115 -0.757259 -0
    outer loop
      vertex 0.108904 0.368007 0.468399
      vertex 0.10625 0.370296 0.1769
      vertex 0.108904 0.368007 0.1769
    endloop
  endfacet
  facet normal -0.024536 -0.999699 0
    outer loop
      vertex 0.150696 0.351886 0.1769
      vertex 0.1542 0.3518 0.468399
      vertex 0.150696 0.351886 0.468399
    endloop
  endfacet
  facet normal -0.024536 -0.999699 -0
    outer loop
      vertex 0.1542 0.3518 0.468399
      vertex 0.150696 0.351886 0.1769
      vertex 0.1542 0.3518 0.1769
    endloop
  endfacet
  facet normal 0.0733356 -0.997307 0
    outer loop
      vertex 0.157703 0.351886 0.1769
      vertex 0.161198 0.352143 0.468399
      vertex 0.157703 0.351886 0.468399
    endloop
  endfacet
  facet normal 0.0733356 -0.997307 0
    outer loop
      vertex 0.161198 0.352143 0.468399
      vertex 0.157703 0.351886 0.1769
      vertex 0.161198 0.352143 0.1769
    endloop
  endfacet
  facet normal 0.17092 -0.985285 0
    outer loop
      vertex 0.164676 0.352572 0.1769
      vertex 0.168129 0.353171 0.468399
      vertex 0.164676 0.352572 0.468399
    endloop
  endfacet
  facet normal 0.17092 -0.985285 0
    outer loop
      vertex 0.168129 0.353171 0.468399
      vertex 0.164676 0.352572 0.1769
      vertex 0.168129 0.353171 0.1769
    endloop
  endfacet
  facet normal 0.360049 -0.932933 0
    outer loop
      vertex 0.178253 0.355973 0.1769
      vertex 0.181523 0.357235 0.468399
      vertex 0.178253 0.355973 0.468399
    endloop
  endfacet
  facet normal 0.360049 -0.932933 0
    outer loop
      vertex 0.181523 0.357235 0.468399
      vertex 0.178253 0.355973 0.1769
      vertex 0.181523 0.357235 0.1769
    endloop
  endfacet
  facet normal 0.266761 -0.963763 0
    outer loop
      vertex 0.171548 0.353939 0.1769
      vertex 0.174926 0.354874 0.468399
      vertex 0.171548 0.353939 0.468399
    endloop
  endfacet
  facet normal 0.266761 -0.963763 0
    outer loop
      vertex 0.174926 0.354874 0.468399
      vertex 0.171548 0.353939 0.1769
      vertex 0.174926 0.354874 0.1769
    endloop
  endfacet
  facet normal 0.6155 -0.788137 0
    outer loop
      vertex 0.196733 0.36585 0.1769
      vertex 0.199495 0.368007 0.468399
      vertex 0.196733 0.36585 0.468399
    endloop
  endfacet
  facet normal 0.6155 -0.788137 0
    outer loop
      vertex 0.199495 0.368007 0.468399
      vertex 0.196733 0.36585 0.1769
      vertex 0.199495 0.368007 0.1769
    endloop
  endfacet
  facet normal 0.689342 -0.724436 0
    outer loop
      vertex 0.202148 0.370296 0.1769
      vertex 0.204687 0.372712 0.468399
      vertex 0.202148 0.370296 0.468399
    endloop
  endfacet
  facet normal 0.689342 -0.724436 0
    outer loop
      vertex 0.204687 0.372712 0.468399
      vertex 0.202148 0.370296 0.1769
      vertex 0.204687 0.372712 0.1769
    endloop
  endfacet
  facet normal 0.534787 -0.844987 0
    outer loop
      vertex 0.190907 0.361958 0.1769
      vertex 0.193868 0.363832 0.468399
      vertex 0.190907 0.361958 0.468399
    endloop
  endfacet
  facet normal 0.534787 -0.844987 0
    outer loop
      vertex 0.193868 0.363832 0.468399
      vertex 0.190907 0.361958 0.1769
      vertex 0.193868 0.363832 0.1769
    endloop
  endfacet
  facet normal 0.449381 -0.89334 0
    outer loop
      vertex 0.184727 0.358655 0.1769
      vertex 0.187858 0.36023 0.468399
      vertex 0.184727 0.358655 0.468399
    endloop
  endfacet
  facet normal 0.449381 -0.89334 0
    outer loop
      vertex 0.187858 0.36023 0.468399
      vertex 0.184727 0.358655 0.1769
      vertex 0.187858 0.36023 0.1769
    endloop
  endfacet
  facet normal -0.313658 -0.949536 0
    outer loop
      vertex 0.130146 0.355973 0.1769
      vertex 0.133473 0.354874 0.468399
      vertex 0.130146 0.355973 0.468399
    endloop
  endfacet
  facet normal -0.313658 -0.949536 -0
    outer loop
      vertex 0.133473 0.354874 0.468399
      vertex 0.130146 0.355973 0.1769
      vertex 0.133473 0.354874 0.1769
    endloop
  endfacet
  facet normal 0.024543 -0.999699 0
    outer loop
      vertex 0.1542 0.3518 0.1769
      vertex 0.157703 0.351886 0.468399
      vertex 0.1542 0.3518 0.468399
    endloop
  endfacet
  facet normal 0.024543 -0.999699 0
    outer loop
      vertex 0.157703 0.351886 0.468399
      vertex 0.1542 0.3518 0.1769
      vertex 0.157703 0.351886 0.1769
    endloop
  endfacet
  facet normal -0.122384 -0.992483 0
    outer loop
      vertex 0.143723 0.352572 0.1769
      vertex 0.147202 0.352143 0.468399
      vertex 0.143723 0.352572 0.468399
    endloop
  endfacet
  facet normal -0.122384 -0.992483 -0
    outer loop
      vertex 0.147202 0.352143 0.468399
      vertex 0.143723 0.352572 0.1769
      vertex 0.147202 0.352143 0.1769
    endloop
  endfacet
  facet normal -0.219105 -0.975701 0
    outer loop
      vertex 0.13685 0.353939 0.1769
      vertex 0.14027 0.353171 0.468399
      vertex 0.13685 0.353939 0.468399
    endloop
  endfacet
  facet normal -0.219105 -0.975701 -0
    outer loop
      vertex 0.14027 0.353171 0.468399
      vertex 0.13685 0.353939 0.1769
      vertex 0.14027 0.353171 0.1769
    endloop
  endfacet
  facet normal -0.493063 -0.869994 0
    outer loop
      vertex 0.117493 0.361958 0.1769
      vertex 0.120542 0.36023 0.468399
      vertex 0.117493 0.361958 0.468399
    endloop
  endfacet
  facet normal -0.493063 -0.869994 -0
    outer loop
      vertex 0.120542 0.36023 0.468399
      vertex 0.117493 0.361958 0.1769
      vertex 0.120542 0.36023 0.1769
    endloop
  endfacet
  facet normal -0.405185 -0.914235 0
    outer loop
      vertex 0.123672 0.358655 0.1769
      vertex 0.126876 0.357235 0.468399
      vertex 0.123672 0.358655 0.468399
    endloop
  endfacet
  facet normal -0.405185 -0.914235 -0
    outer loop
      vertex 0.126876 0.357235 0.468399
      vertex 0.123672 0.358655 0.1769
      vertex 0.126876 0.357235 0.1769
    endloop
  endfacet
  facet normal -0.575854 -0.817553 0
    outer loop
      vertex 0.111667 0.36585 0.1769
      vertex 0.114532 0.363832 0.468399
      vertex 0.111667 0.36585 0.468399
    endloop
  endfacet
  facet normal -0.575854 -0.817553 -0
    outer loop
      vertex 0.114532 0.363832 0.468399
      vertex 0.111667 0.36585 0.1769
      vertex 0.114532 0.363832 0.1769
    endloop
  endfacet
  facet normal -0.724158 -0.689634 0
    outer loop
      vertex 0.103712 0.372712 0.1769
      vertex 0.101295 0.37525 0.468399
      vertex 0.101295 0.37525 0.1769
    endloop
  endfacet
  facet normal -0.724158 -0.689634 0
    outer loop
      vertex 0.101295 0.37525 0.468399
      vertex 0.103712 0.372712 0.1769
      vertex 0.103712 0.372712 0.468399
    endloop
  endfacet
  facet normal -0.788327 -0.615256 0
    outer loop
      vertex 0.0990067 0.377904 0.1769
      vertex 0.0976448 0.379649 0.468399
      vertex 0.0976448 0.379649 0.1769
    endloop
  endfacet
  facet normal -0.788327 -0.615256 0
    outer loop
      vertex 0.0976448 0.379649 0.468399
      vertex 0.0990067 0.377904 0.1769
      vertex 0.0990067 0.377904 0.468399
    endloop
  endfacet
  facet normal 0.788367 0.615205 0
    outer loop
      vertex 0.0976448 0.379649 0.1769
      vertex 0.0968504 0.380667 0
      vertex 0.0968504 0.380667 0.1769
    endloop
  endfacet
  facet normal 0.788367 0.615205 0
    outer loop
      vertex 0.0968504 0.380667 0
      vertex 0.0976448 0.379649 0.1769
      vertex 0.0976448 0.379649 0
    endloop
  endfacet
  facet normal -0.689484 -0.724301 0
    outer loop
      vertex 0.103712 0.372712 0.1769
      vertex 0.10625 0.370296 0.468399
      vertex 0.103712 0.372712 0.468399
    endloop
  endfacet
  facet normal -0.689484 -0.724301 -0
    outer loop
      vertex 0.10625 0.370296 0.468399
      vertex 0.103712 0.372712 0.1769
      vertex 0.10625 0.370296 0.1769
    endloop
  endfacet
  facet normal 0.122419 -0.992479 0
    outer loop
      vertex 0.161198 0.352143 0.1769
      vertex 0.164676 0.352572 0.468399
      vertex 0.161198 0.352143 0.468399
    endloop
  endfacet
  facet normal 0.122419 -0.992479 0
    outer loop
      vertex 0.164676 0.352572 0.468399
      vertex 0.161198 0.352143 0.1769
      vertex 0.164676 0.352572 0.1769
    endloop
  endfacet
  facet normal 0.219166 -0.975688 0
    outer loop
      vertex 0.168129 0.353171 0.1769
      vertex 0.171548 0.353939 0.468399
      vertex 0.168129 0.353171 0.468399
    endloop
  endfacet
  facet normal 0.219166 -0.975688 0
    outer loop
      vertex 0.171548 0.353939 0.468399
      vertex 0.168129 0.353171 0.1769
      vertex 0.171548 0.353939 0.1769
    endloop
  endfacet
  facet normal 0.405185 -0.914235 0
    outer loop
      vertex 0.181523 0.357235 0.1769
      vertex 0.184727 0.358655 0.468399
      vertex 0.181523 0.357235 0.468399
    endloop
  endfacet
  facet normal 0.405185 -0.914235 0
    outer loop
      vertex 0.184727 0.358655 0.468399
      vertex 0.181523 0.357235 0.1769
      vertex 0.184727 0.358655 0.1769
    endloop
  endfacet
  facet normal 0.313658 -0.949536 0
    outer loop
      vertex 0.174926 0.354874 0.1769
      vertex 0.178253 0.355973 0.468399
      vertex 0.174926 0.354874 0.468399
    endloop
  endfacet
  facet normal 0.313658 -0.949536 0
    outer loop
      vertex 0.178253 0.355973 0.468399
      vertex 0.174926 0.354874 0.1769
      vertex 0.178253 0.355973 0.1769
    endloop
  endfacet
  facet normal 0.653256 -0.757137 0
    outer loop
      vertex 0.199495 0.368007 0.1769
      vertex 0.202148 0.370296 0.468399
      vertex 0.199495 0.368007 0.468399
    endloop
  endfacet
  facet normal 0.653256 -0.757137 0
    outer loop
      vertex 0.202148 0.370296 0.468399
      vertex 0.199495 0.368007 0.1769
      vertex 0.202148 0.370296 0.1769
    endloop
  endfacet
  facet normal 0.724158 -0.689634 0
    outer loop
      vertex 0.204687 0.372712 0.468399
      vertex 0.207104 0.37525 0.1769
      vertex 0.207104 0.37525 0.468399
    endloop
  endfacet
  facet normal 0.724158 -0.689634 0
    outer loop
      vertex 0.207104 0.37525 0.1769
      vertex 0.204687 0.372712 0.468399
      vertex 0.204687 0.372712 0.1769
    endloop
  endfacet
  facet normal 0.575854 -0.817553 0
    outer loop
      vertex 0.193868 0.363832 0.1769
      vertex 0.196733 0.36585 0.468399
      vertex 0.193868 0.363832 0.468399
    endloop
  endfacet
  facet normal 0.575854 -0.817553 0
    outer loop
      vertex 0.196733 0.36585 0.468399
      vertex 0.193868 0.363832 0.1769
      vertex 0.196733 0.36585 0.1769
    endloop
  endfacet
  facet normal 0.493063 -0.869994 0
    outer loop
      vertex 0.187858 0.36023 0.1769
      vertex 0.190907 0.361958 0.468399
      vertex 0.187858 0.36023 0.468399
    endloop
  endfacet
  facet normal 0.493063 -0.869994 0
    outer loop
      vertex 0.190907 0.361958 0.468399
      vertex 0.187858 0.36023 0.1769
      vertex 0.190907 0.361958 0.1769
    endloop
  endfacet
  facet normal -0.0733565 -0.997306 0
    outer loop
      vertex 0.147202 0.352143 0.1769
      vertex 0.150696 0.351886 0.468399
      vertex 0.147202 0.352143 0.468399
    endloop
  endfacet
  facet normal -0.0733565 -0.997306 -0
    outer loop
      vertex 0.150696 0.351886 0.468399
      vertex 0.147202 0.352143 0.1769
      vertex 0.150696 0.351886 0.1769
    endloop
  endfacet
  facet normal -0.266834 -0.963742 0
    outer loop
      vertex 0.133473 0.354874 0.1769
      vertex 0.13685 0.353939 0.468399
      vertex 0.133473 0.354874 0.468399
    endloop
  endfacet
  facet normal -0.266834 -0.963742 -0
    outer loop
      vertex 0.13685 0.353939 0.468399
      vertex 0.133473 0.354874 0.1769
      vertex 0.13685 0.353939 0.1769
    endloop
  endfacet
  facet normal -0.17092 -0.985285 0
    outer loop
      vertex 0.14027 0.353171 0.1769
      vertex 0.143723 0.352572 0.468399
      vertex 0.14027 0.353171 0.468399
    endloop
  endfacet
  facet normal -0.17092 -0.985285 -0
    outer loop
      vertex 0.143723 0.352572 0.468399
      vertex 0.14027 0.353171 0.1769
      vertex 0.143723 0.352572 0.1769
    endloop
  endfacet
  facet normal -0.449495 -0.893283 0
    outer loop
      vertex 0.120542 0.36023 0.1769
      vertex 0.123672 0.358655 0.468399
      vertex 0.120542 0.36023 0.468399
    endloop
  endfacet
  facet normal -0.449495 -0.893283 -0
    outer loop
      vertex 0.123672 0.358655 0.468399
      vertex 0.120542 0.36023 0.1769
      vertex 0.123672 0.358655 0.1769
    endloop
  endfacet
  facet normal -0.360049 -0.932933 0
    outer loop
      vertex 0.126876 0.357235 0.1769
      vertex 0.130146 0.355973 0.468399
      vertex 0.126876 0.357235 0.468399
    endloop
  endfacet
  facet normal -0.360049 -0.932933 -0
    outer loop
      vertex 0.130146 0.355973 0.468399
      vertex 0.126876 0.357235 0.1769
      vertex 0.130146 0.355973 0.1769
    endloop
  endfacet
  facet normal -0.615362 -0.788245 0
    outer loop
      vertex 0.108904 0.368007 0.1769
      vertex 0.111667 0.36585 0.468399
      vertex 0.108904 0.368007 0.468399
    endloop
  endfacet
  facet normal -0.615362 -0.788245 -0
    outer loop
      vertex 0.111667 0.36585 0.468399
      vertex 0.108904 0.368007 0.1769
      vertex 0.111667 0.36585 0.1769
    endloop
  endfacet
  facet normal -0.534787 -0.844987 0
    outer loop
      vertex 0.114532 0.363832 0.1769
      vertex 0.117493 0.361958 0.468399
      vertex 0.114532 0.363832 0.468399
    endloop
  endfacet
  facet normal -0.534787 -0.844987 -0
    outer loop
      vertex 0.117493 0.361958 0.468399
      vertex 0.114532 0.363832 0.1769
      vertex 0.117493 0.361958 0.1769
    endloop
  endfacet
  facet normal -0.757358 -0.653 0
    outer loop
      vertex 0.101295 0.37525 0.1769
      vertex 0.0990067 0.377904 0.468399
      vertex 0.0990067 0.377904 0.1769
    endloop
  endfacet
  facet normal -0.757358 -0.653 0
    outer loop
      vertex 0.0990067 0.377904 0.468399
      vertex 0.101295 0.37525 0.1769
      vertex 0.101295 0.37525 0.468399
    endloop
  endfacet
  facet normal 0.653179 0.757203 -0
    outer loop
      vertex 0.681552 0.399214 0
      vertex 0.673807 0.405895 0.202999
      vertex 0.681552 0.399214 0.202999
    endloop
  endfacet
  facet normal 0.653179 0.757203 0
    outer loop
      vertex 0.673807 0.405895 0.202999
      vertex 0.681552 0.399214 0
      vertex 0.673807 0.405895 0
    endloop
  endfacet
  facet normal -0.40524 0.91421 0
    outer loop
      vertex 0.461848 0.437336 0
      vertex 0.452497 0.433191 0.202999
      vertex 0.461848 0.437336 0.202999
    endloop
  endfacet
  facet normal -0.40524 0.91421 0
    outer loop
      vertex 0.452497 0.433191 0.202999
      vertex 0.461848 0.437336 0
      vertex 0.452497 0.433191 0
    endloop
  endfacet
  facet normal -0.93301 0.35985 0
    outer loop
      vertex 0.345382 0.315007 0
      vertex 0.349063 0.324551 0.202999
      vertex 0.349063 0.324551 0
    endloop
  endfacet
  facet normal -0.93301 0.35985 0
    outer loop
      vertex 0.349063 0.324551 0.202999
      vertex 0.345382 0.315007 0
      vertex 0.345382 0.315007 0.202999
    endloop
  endfacet
  facet normal 0.575809 -0.817584 0
    outer loop
      vertex 0.65738 0.0715208 0
      vertex 0.665743 0.0774107 0.202999
      vertex 0.65738 0.0715208 0.202999
    endloop
  endfacet
  facet normal 0.575809 -0.817584 0
    outer loop
      vertex 0.665743 0.0774107 0.202999
      vertex 0.65738 0.0715208 0
      vertex 0.665743 0.0774107 0
    endloop
  endfacet
  facet normal 0.932965 -0.359968 0
    outer loop
      vertex 0.734136 0.165049 0.202999
      vertex 0.737818 0.174592 0
      vertex 0.737818 0.174592 0.202999
    endloop
  endfacet
  facet normal 0.932965 -0.359968 0
    outer loop
      vertex 0.737818 0.174592 0
      vertex 0.734136 0.165049 0.202999
      vertex 0.734136 0.165049 0
    endloop
  endfacet
  facet normal -0.359867 -0.933004 0
    outer loop
      vertex 0.461848 0.0522633 0
      vertex 0.471392 0.0485821 0.202999
      vertex 0.461848 0.0522633 0.202999
    endloop
  endfacet
  facet normal -0.359867 -0.933004 -0
    outer loop
      vertex 0.471392 0.0485821 0.202999
      vertex 0.461848 0.0522633 0
      vertex 0.471392 0.0485821 0
    endloop
  endfacet
  facet normal 0.94954 0.313645 0
    outer loop
      vertex 0.741026 0.305295 0.202999
      vertex 0.737818 0.315007 0
      vertex 0.737818 0.315007 0.202999
    endloop
  endfacet
  facet normal 0.94954 0.313645 0
    outer loop
      vertex 0.737818 0.315007 0
      vertex 0.741026 0.305295 0.202999
      vertex 0.741026 0.305295 0
    endloop
  endfacet
  facet normal 0.893231 0.449597 0
    outer loop
      vertex 0.729991 0.333902 0.202999
      vertex 0.725392 0.343039 0
      vertex 0.725392 0.343039 0.202999
    endloop
  endfacet
  facet normal 0.893231 0.449597 0
    outer loop
      vertex 0.725392 0.343039 0
      vertex 0.729991 0.333902 0.202999
      vertex 0.729991 0.333902 0
    endloop
  endfacet
  facet normal 0.359916 0.932985 -0
    outer loop
      vertex 0.62135 0.437336 0
      vertex 0.611808 0.441017 0.202999
      vertex 0.62135 0.437336 0.202999
    endloop
  endfacet
  facet normal 0.359916 0.932985 0
    outer loop
      vertex 0.611808 0.441017 0.202999
      vertex 0.62135 0.437336 0
      vertex 0.611808 0.441017 0
    endloop
  endfacet
  facet normal -0.757252 0.653123 0
    outer loop
      vertex 0.380505 0.377007 0
      vertex 0.387185 0.384752 0.202999
      vertex 0.387185 0.384752 0
    endloop
  endfacet
  facet normal -0.757252 0.653123 0
    outer loop
      vertex 0.387185 0.384752 0.202999
      vertex 0.380505 0.377007 0
      vertex 0.380505 0.377007 0.202999
    endloop
  endfacet
  facet normal -0.219093 0.975704 0
    outer loop
      vertex 0.500942 0.449195 0
      vertex 0.490962 0.446954 0.202999
      vertex 0.500942 0.449195 0.202999
    endloop
  endfacet
  facet normal -0.219093 0.975704 0
    outer loop
      vertex 0.490962 0.446954 0.202999
      vertex 0.500942 0.449195 0
      vertex 0.490962 0.446954 0
    endloop
  endfacet
  facet normal 0.757155 -0.653235 0
    outer loop
      vertex 0.696013 0.104847 0.202999
      vertex 0.702695 0.112592 0
      vertex 0.702695 0.112592 0.202999
    endloop
  endfacet
  facet normal 0.757155 -0.653235 0
    outer loop
      vertex 0.702695 0.112592 0
      vertex 0.696013 0.104847 0.202999
      vertex 0.696013 0.104847 0
    endloop
  endfacet
  facet normal -0.653202 -0.757184 0
    outer loop
      vertex 0.401647 0.0903854 0
      vertex 0.409392 0.083704 0.202999
      vertex 0.401647 0.0903854 0.202999
    endloop
  endfacet
  facet normal -0.653202 -0.757184 -0
    outer loop
      vertex 0.409392 0.083704 0.202999
      vertex 0.401647 0.0903854 0
      vertex 0.409392 0.083704 0
    endloop
  endfacet
  facet normal 0.975683 0.219186 0
    outer loop
      vertex 0.745996 0.285457 0.202999
      vertex 0.743754 0.295437 0
      vertex 0.743754 0.295437 0.202999
    endloop
  endfacet
  facet normal 0.975683 0.219186 0
    outer loop
      vertex 0.743754 0.295437 0
      vertex 0.745996 0.285457 0.202999
      vertex 0.745996 0.285457 0
    endloop
  endfacet
  facet normal 0.81758 0.575815 0
    outer loop
      vertex 0.714878 0.36058 0.202999
      vertex 0.708988 0.368943 0
      vertex 0.708988 0.368943 0.202999
    endloop
  endfacet
  facet normal 0.81758 0.575815 0
    outer loop
      vertex 0.708988 0.368943 0
      vertex 0.714878 0.36058 0.202999
      vertex 0.714878 0.36058 0
    endloop
  endfacet
  facet normal 0.535147 0.844759 -0
    outer loop
      vertex 0.65738 0.418077 0
      vertex 0.648739 0.423551 0.202999
      vertex 0.65738 0.418077 0.202999
    endloop
  endfacet
  facet normal 0.535147 0.844759 0
    outer loop
      vertex 0.648739 0.423551 0.202999
      vertex 0.65738 0.418077 0
      vertex 0.648739 0.423551 0
    endloop
  endfacet
  facet normal 0.17099 0.985273 -0
    outer loop
      vertex 0.582256 0.449195 0
      vertex 0.572178 0.450944 0.202999
      vertex 0.582256 0.449195 0.202999
    endloop
  endfacet
  facet normal 0.17099 0.985273 0
    outer loop
      vertex 0.572178 0.450944 0.202999
      vertex 0.582256 0.449195 0
      vertex 0.572178 0.450944 0
    endloop
  endfacet
  facet normal -0.985276 0.170974 0
    outer loop
      vertex 0.335455 0.275378 0
      vertex 0.337204 0.285457 0.202999
      vertex 0.337204 0.285457 0
    endloop
  endfacet
  facet normal -0.985276 0.170974 0
    outer loop
      vertex 0.337204 0.285457 0.202999
      vertex 0.335455 0.275378 0
      vertex 0.335455 0.275378 0.202999
    endloop
  endfacet
  facet normal -0.844875 0.534964 0
    outer loop
      vertex 0.362849 0.351938 0
      vertex 0.368321 0.36058 0.202999
      vertex 0.368321 0.36058 0
    endloop
  endfacet
  facet normal -0.844875 0.534964 0
    outer loop
      vertex 0.368321 0.36058 0.202999
      vertex 0.362849 0.351938 0
      vertex 0.362849 0.351938 0.202999
    endloop
  endfacet
  facet normal -0.122398 0.992481 0
    outer loop
      vertex 0.521173 0.452196 0
      vertex 0.511021 0.450944 0.202999
      vertex 0.521173 0.452196 0.202999
    endloop
  endfacet
  facet normal -0.122398 0.992481 0
    outer loop
      vertex 0.511021 0.450944 0.202999
      vertex 0.521173 0.452196 0
      vertex 0.511021 0.450944 0
    endloop
  endfacet
  facet normal -0.575796 0.817593 0
    outer loop
      vertex 0.425818 0.418077 0
      vertex 0.417456 0.412188 0.202999
      vertex 0.425818 0.418077 0.202999
    endloop
  endfacet
  facet normal -0.575796 0.817593 0
    outer loop
      vertex 0.417456 0.412188 0.202999
      vertex 0.425818 0.418077 0
      vertex 0.417456 0.412188 0
    endloop
  endfacet
  facet normal -0.492882 0.870096 0
    outer loop
      vertex 0.44336 0.428592 0
      vertex 0.434461 0.423551 0.202999
      vertex 0.44336 0.428592 0.202999
    endloop
  endfacet
  facet normal -0.492882 0.870096 0
    outer loop
      vertex 0.434461 0.423551 0.202999
      vertex 0.44336 0.428592 0
      vertex 0.434461 0.423551 0
    endloop
  endfacet
  facet normal 0.999697 -0.0246332 0
    outer loop
      vertex 0.749748 0.234573 0.202999
      vertex 0.75 0.2448 0
      vertex 0.75 0.2448 0.202999
    endloop
  endfacet
  facet normal 0.999697 -0.0246332 0
    outer loop
      vertex 0.75 0.2448 0
      vertex 0.749748 0.234573 0.202999
      vertex 0.749748 0.234573 0
    endloop
  endfacet
  facet normal 0.985289 -0.170896 0
    outer loop
      vertex 0.745996 0.204143 0.202999
      vertex 0.747744 0.214221 0
      vertex 0.747744 0.214221 0.202999
    endloop
  endfacet
  facet normal 0.985289 -0.170896 0
    outer loop
      vertex 0.747744 0.214221 0
      vertex 0.745996 0.204143 0.202999
      vertex 0.745996 0.204143 0
    endloop
  endfacet
  facet normal 0.844875 -0.534964 0
    outer loop
      vertex 0.714878 0.129019 0.202999
      vertex 0.72035 0.137661 0
      vertex 0.72035 0.137661 0.202999
    endloop
  endfacet
  facet normal 0.844875 -0.534964 0
    outer loop
      vertex 0.72035 0.137661 0
      vertex 0.714878 0.129019 0.202999
      vertex 0.714878 0.129019 0
    endloop
  endfacet
  facet normal -0.0245305 -0.999699 0
    outer loop
      vertex 0.531374 0.0366507 0
      vertex 0.541599 0.0363998 0.202999
      vertex 0.531374 0.0366507 0.202999
    endloop
  endfacet
  facet normal -0.0245305 -0.999699 -0
    outer loop
      vertex 0.541599 0.0363998 0.202999
      vertex 0.531374 0.0366507 0
      vertex 0.541599 0.0363998 0
    endloop
  endfacet
  facet normal -0.170974 -0.985276 0
    outer loop
      vertex 0.500942 0.0404043 0
      vertex 0.511021 0.0386553 0.202999
      vertex 0.500942 0.0404043 0.202999
    endloop
  endfacet
  facet normal -0.170974 -0.985276 -0
    outer loop
      vertex 0.511021 0.0386553 0.202999
      vertex 0.500942 0.0404043 0
      vertex 0.511021 0.0386553 0
    endloop
  endfacet
  facet normal -0.534933 -0.844894 0
    outer loop
      vertex 0.425818 0.0715208 0
      vertex 0.434461 0.0660486 0.202999
      vertex 0.425818 0.0715208 0.202999
    endloop
  endfacet
  facet normal -0.534933 -0.844894 -0
    outer loop
      vertex 0.434461 0.0660486 0.202999
      vertex 0.425818 0.0715208 0
      vertex 0.434461 0.0660486 0
    endloop
  endfacet
  facet normal -0.975709 -0.219073 0
    outer loop
      vertex 0.339445 0.194162 0
      vertex 0.337204 0.204143 0.202999
      vertex 0.337204 0.204143 0
    endloop
  endfacet
  facet normal -0.975709 -0.219073 0
    outer loop
      vertex 0.337204 0.204143 0.202999
      vertex 0.339445 0.194162 0
      vertex 0.339445 0.194162 0.202999
    endloop
  endfacet
  facet normal 0.997294 0.0735188 0
    outer loop
      vertex 0.749748 0.255025 0.202999
      vertex 0.748996 0.265226 0
      vertex 0.748996 0.265226 0.202999
    endloop
  endfacet
  facet normal 0.997294 0.0735188 0
    outer loop
      vertex 0.748996 0.265226 0
      vertex 0.749748 0.255025 0.202999
      vertex 0.749748 0.255025 0
    endloop
  endfacet
  facet normal 0.992481 0.122398 0
    outer loop
      vertex 0.748996 0.265226 0.202999
      vertex 0.747744 0.275378 0
      vertex 0.747744 0.275378 0.202999
    endloop
  endfacet
  facet normal 0.992481 0.122398 0
    outer loop
      vertex 0.747744 0.275378 0
      vertex 0.748996 0.265226 0.202999
      vertex 0.748996 0.265226 0
    endloop
  endfacet
  facet normal 0.985292 0.170879 0
    outer loop
      vertex 0.747744 0.275378 0.202999
      vertex 0.745996 0.285457 0
      vertex 0.745996 0.285457 0.202999
    endloop
  endfacet
  facet normal 0.985292 0.170879 0
    outer loop
      vertex 0.745996 0.285457 0
      vertex 0.747744 0.275378 0.202999
      vertex 0.747744 0.275378 0
    endloop
  endfacet
  facet normal 0.91421 0.40524 0
    outer loop
      vertex 0.734136 0.324551 0.202999
      vertex 0.729991 0.333902 0
      vertex 0.729991 0.333902 0.202999
    endloop
  endfacet
  facet normal 0.91421 0.40524 0
    outer loop
      vertex 0.729991 0.333902 0
      vertex 0.734136 0.324551 0.202999
      vertex 0.734136 0.324551 0
    endloop
  endfacet
  facet normal 0.932977 0.359935 0
    outer loop
      vertex 0.737818 0.315007 0.202999
      vertex 0.734136 0.324551 0
      vertex 0.734136 0.324551 0.202999
    endloop
  endfacet
  facet normal 0.932977 0.359935 0
    outer loop
      vertex 0.734136 0.324551 0
      vertex 0.737818 0.315007 0.202999
      vertex 0.737818 0.315007 0
    endloop
  endfacet
  facet normal 0.963778 0.266706 0
    outer loop
      vertex 0.743754 0.295437 0.202999
      vertex 0.741026 0.305295 0
      vertex 0.741026 0.305295 0.202999
    endloop
  endfacet
  facet normal 0.963778 0.266706 0
    outer loop
      vertex 0.741026 0.305295 0
      vertex 0.743754 0.295437 0.202999
      vertex 0.743754 0.295437 0
    endloop
  endfacet
  facet normal 0.870054 0.492956 0
    outer loop
      vertex 0.725392 0.343039 0.202999
      vertex 0.72035 0.351938 0
      vertex 0.72035 0.351938 0.202999
    endloop
  endfacet
  facet normal 0.870054 0.492956 0
    outer loop
      vertex 0.72035 0.351938 0
      vertex 0.725392 0.343039 0.202999
      vertex 0.725392 0.343039 0
    endloop
  endfacet
  facet normal 0.844875 0.534964 0
    outer loop
      vertex 0.72035 0.351938 0.202999
      vertex 0.714878 0.36058 0
      vertex 0.714878 0.36058 0.202999
    endloop
  endfacet
  facet normal 0.844875 0.534964 0
    outer loop
      vertex 0.714878 0.36058 0
      vertex 0.72035 0.351938 0.202999
      vertex 0.72035 0.351938 0
    endloop
  endfacet
  facet normal 0.757155 0.653235 0
    outer loop
      vertex 0.702695 0.377007 0.202999
      vertex 0.696013 0.384752 0
      vertex 0.696013 0.384752 0.202999
    endloop
  endfacet
  facet normal 0.757155 0.653235 0
    outer loop
      vertex 0.696013 0.384752 0
      vertex 0.702695 0.377007 0.202999
      vertex 0.702695 0.377007 0
    endloop
  endfacet
  facet normal 0.724296 0.689489 0
    outer loop
      vertex 0.696013 0.384752 0.202999
      vertex 0.688961 0.39216 0
      vertex 0.688961 0.39216 0.202999
    endloop
  endfacet
  facet normal 0.724296 0.689489 0
    outer loop
      vertex 0.688961 0.39216 0
      vertex 0.696013 0.384752 0.202999
      vertex 0.696013 0.384752 0
    endloop
  endfacet
  facet normal 0.788356 0.615219 0
    outer loop
      vertex 0.708988 0.368943 0.202999
      vertex 0.702695 0.377007 0
      vertex 0.702695 0.377007 0.202999
    endloop
  endfacet
  facet normal 0.788356 0.615219 0
    outer loop
      vertex 0.702695 0.377007 0
      vertex 0.708988 0.368943 0.202999
      vertex 0.708988 0.368943 0
    endloop
  endfacet
  facet normal 0.689543 0.724245 -0
    outer loop
      vertex 0.688961 0.39216 0
      vertex 0.681552 0.399214 0.202999
      vertex 0.688961 0.39216 0.202999
    endloop
  endfacet
  facet normal 0.689543 0.724245 0
    outer loop
      vertex 0.681552 0.399214 0.202999
      vertex 0.688961 0.39216 0
      vertex 0.681552 0.399214 0
    endloop
  endfacet
  facet normal 0.615219 0.788356 -0
    outer loop
      vertex 0.673807 0.405895 0
      vertex 0.665743 0.412188 0.202999
      vertex 0.673807 0.405895 0.202999
    endloop
  endfacet
  facet normal 0.615219 0.788356 0
    outer loop
      vertex 0.665743 0.412188 0.202999
      vertex 0.673807 0.405895 0
      vertex 0.665743 0.412188 0
    endloop
  endfacet
  facet normal -0.0244426 0.999701 0
    outer loop
      vertex 0.541599 0.453199 0
      vertex 0.531374 0.452949 0.202999
      vertex 0.541599 0.453199 0.202999
    endloop
  endfacet
  facet normal -0.0244426 0.999701 0
    outer loop
      vertex 0.531374 0.452949 0.202999
      vertex 0.541599 0.453199 0
      vertex 0.531374 0.452949 0
    endloop
  endfacet
  facet normal 0.57575 0.817626 -0
    outer loop
      vertex 0.665743 0.412188 0
      vertex 0.65738 0.418077 0.202999
      vertex 0.665743 0.412188 0.202999
    endloop
  endfacet
  facet normal 0.57575 0.817626 0
    outer loop
      vertex 0.65738 0.418077 0.202999
      vertex 0.665743 0.412188 0
      vertex 0.65738 0.418077 0
    endloop
  endfacet
  facet normal 0.449637 0.893212 -0
    outer loop
      vertex 0.639838 0.428592 0
      vertex 0.630702 0.433191 0.202999
      vertex 0.639838 0.428592 0.202999
    endloop
  endfacet
  facet normal 0.449637 0.893212 0
    outer loop
      vertex 0.630702 0.433191 0.202999
      vertex 0.639838 0.428592 0
      vertex 0.630702 0.433191 0
    endloop
  endfacet
  facet normal 0.405204 0.914226 -0
    outer loop
      vertex 0.630702 0.433191 0
      vertex 0.62135 0.437336 0.202999
      vertex 0.630702 0.433191 0.202999
    endloop
  endfacet
  facet normal 0.405204 0.914226 0
    outer loop
      vertex 0.62135 0.437336 0.202999
      vertex 0.630702 0.433191 0
      vertex 0.62135 0.437336 0
    endloop
  endfacet
  facet normal 0.492798 0.870144 -0
    outer loop
      vertex 0.648739 0.423551 0
      vertex 0.639838 0.428592 0.202999
      vertex 0.648739 0.423551 0.202999
    endloop
  endfacet
  facet normal 0.492798 0.870144 0
    outer loop
      vertex 0.639838 0.428592 0.202999
      vertex 0.648739 0.423551 0
      vertex 0.639838 0.428592 0
    endloop
  endfacet
  facet normal 0.266706 0.963778 -0
    outer loop
      vertex 0.602095 0.444226 0
      vertex 0.592237 0.446954 0.202999
      vertex 0.602095 0.444226 0.202999
    endloop
  endfacet
  facet normal 0.266706 0.963778 0
    outer loop
      vertex 0.592237 0.446954 0.202999
      vertex 0.602095 0.444226 0
      vertex 0.592237 0.446954 0
    endloop
  endfacet
  facet normal 0.313704 0.949521 -0
    outer loop
      vertex 0.611808 0.441017 0
      vertex 0.602095 0.444226 0.202999
      vertex 0.611808 0.441017 0.202999
    endloop
  endfacet
  facet normal 0.313704 0.949521 0
    outer loop
      vertex 0.602095 0.444226 0.202999
      vertex 0.611808 0.441017 0
      vertex 0.602095 0.444226 0
    endloop
  endfacet
  facet normal 0.122398 0.992481 -0
    outer loop
      vertex 0.572178 0.450944 0
      vertex 0.562026 0.452196 0.202999
      vertex 0.572178 0.450944 0.202999
    endloop
  endfacet
  facet normal 0.122398 0.992481 0
    outer loop
      vertex 0.562026 0.452196 0.202999
      vertex 0.572178 0.450944 0
      vertex 0.562026 0.452196 0
    endloop
  endfacet
  facet normal 0.0736232 0.997286 -0
    outer loop
      vertex 0.562026 0.452196 0
      vertex 0.551826 0.452949 0.202999
      vertex 0.562026 0.452196 0.202999
    endloop
  endfacet
  facet normal 0.0736232 0.997286 0
    outer loop
      vertex 0.551826 0.452949 0.202999
      vertex 0.562026 0.452196 0
      vertex 0.551826 0.452949 0
    endloop
  endfacet
  facet normal 0.219073 0.975709 -0
    outer loop
      vertex 0.592237 0.446954 0
      vertex 0.582256 0.449195 0.202999
      vertex 0.592237 0.446954 0.202999
    endloop
  endfacet
  facet normal 0.219073 0.975709 0
    outer loop
      vertex 0.582256 0.449195 0.202999
      vertex 0.592237 0.446954 0
      vertex 0.582256 0.449195 0
    endloop
  endfacet
  facet normal -0.963753 0.266797 0
    outer loop
      vertex 0.339445 0.295437 0
      vertex 0.342174 0.305295 0.202999
      vertex 0.342174 0.305295 0
    endloop
  endfacet
  facet normal -0.963753 0.266797 0
    outer loop
      vertex 0.342174 0.305295 0.202999
      vertex 0.339445 0.295437 0
      vertex 0.339445 0.295437 0.202999
    endloop
  endfacet
  facet normal -0.94954 0.313645 0
    outer loop
      vertex 0.342174 0.305295 0
      vertex 0.345382 0.315007 0.202999
      vertex 0.345382 0.315007 0
    endloop
  endfacet
  facet normal -0.94954 0.313645 0
    outer loop
      vertex 0.345382 0.315007 0.202999
      vertex 0.342174 0.305295 0
      vertex 0.342174 0.305295 0.202999
    endloop
  endfacet
  facet normal -0.992454 0.12262 0
    outer loop
      vertex 0.335199 0.273306 0
      vertex 0.335455 0.275378 0.202999
      vertex 0.335455 0.275378 0
    endloop
  endfacet
  facet normal -0.992454 0.12262 0
    outer loop
      vertex 0.335455 0.275378 0.202999
      vertex 0.335199 0.273306 0
      vertex 0.335199 0.273306 0.202999
    endloop
  endfacet
  facet normal -0.975704 0.219093 0
    outer loop
      vertex 0.337204 0.285457 0
      vertex 0.339445 0.295437 0.202999
      vertex 0.339445 0.295437 0
    endloop
  endfacet
  facet normal -0.975704 0.219093 0
    outer loop
      vertex 0.339445 0.295437 0.202999
      vertex 0.337204 0.285457 0
      vertex 0.337204 0.285457 0.202999
    endloop
  endfacet
  facet normal -0.893271 0.449519 0
    outer loop
      vertex 0.353209 0.333902 0
      vertex 0.357807 0.343039 0.202999
      vertex 0.357807 0.343039 0
    endloop
  endfacet
  facet normal -0.893271 0.449519 0
    outer loop
      vertex 0.357807 0.343039 0.202999
      vertex 0.353209 0.333902 0
      vertex 0.353209 0.333902 0.202999
    endloop
  endfacet
  facet normal -0.870054 0.492956 0
    outer loop
      vertex 0.357807 0.343039 0
      vertex 0.362849 0.351938 0.202999
      vertex 0.362849 0.351938 0
    endloop
  endfacet
  facet normal -0.870054 0.492956 0
    outer loop
      vertex 0.362849 0.351938 0.202999
      vertex 0.357807 0.343039 0
      vertex 0.357807 0.343039 0.202999
    endloop
  endfacet
  facet normal -0.914174 0.405322 0
    outer loop
      vertex 0.349063 0.324551 0
      vertex 0.353209 0.333902 0.202999
      vertex 0.353209 0.333902 0
    endloop
  endfacet
  facet normal -0.914174 0.405322 0
    outer loop
      vertex 0.353209 0.333902 0.202999
      vertex 0.349063 0.324551 0
      vertex 0.349063 0.324551 0.202999
    endloop
  endfacet
  facet normal -0.788309 0.61528 0
    outer loop
      vertex 0.374211 0.368943 0
      vertex 0.380505 0.377007 0.202999
      vertex 0.380505 0.377007 0
    endloop
  endfacet
  facet normal -0.788309 0.61528 0
    outer loop
      vertex 0.380505 0.377007 0.202999
      vertex 0.374211 0.368943 0
      vertex 0.374211 0.368943 0.202999
    endloop
  endfacet
  facet normal -0.81758 0.575815 0
    outer loop
      vertex 0.368321 0.36058 0
      vertex 0.374211 0.368943 0.202999
      vertex 0.374211 0.368943 0
    endloop
  endfacet
  facet normal -0.81758 0.575815 0
    outer loop
      vertex 0.374211 0.368943 0.202999
      vertex 0.368321 0.36058 0
      vertex 0.368321 0.36058 0.202999
    endloop
  endfacet
  facet normal -0.313734 0.949511 0
    outer loop
      vertex 0.481104 0.444226 0
      vertex 0.471392 0.441017 0.202999
      vertex 0.481104 0.444226 0.202999
    endloop
  endfacet
  facet normal -0.313734 0.949511 0
    outer loop
      vertex 0.471392 0.441017 0.202999
      vertex 0.481104 0.444226 0
      vertex 0.471392 0.441017 0
    endloop
  endfacet
  facet normal -0.266706 0.963778 0
    outer loop
      vertex 0.490962 0.446954 0
      vertex 0.481104 0.444226 0.202999
      vertex 0.490962 0.446954 0.202999
    endloop
  endfacet
  facet normal -0.266706 0.963778 0
    outer loop
      vertex 0.481104 0.444226 0.202999
      vertex 0.490962 0.446954 0
      vertex 0.481104 0.444226 0
    endloop
  endfacet
  facet normal -0.35985 0.93301 0
    outer loop
      vertex 0.471392 0.441017 0
      vertex 0.461848 0.437336 0.202999
      vertex 0.471392 0.441017 0.202999
    endloop
  endfacet
  facet normal -0.35985 0.93301 0
    outer loop
      vertex 0.461848 0.437336 0.202999
      vertex 0.471392 0.441017 0
      vertex 0.461848 0.437336 0
    endloop
  endfacet
  facet normal -0.170974 0.985276 0
    outer loop
      vertex 0.511021 0.450944 0
      vertex 0.500942 0.449195 0.202999
      vertex 0.511021 0.450944 0.202999
    endloop
  endfacet
  facet normal -0.170974 0.985276 0
    outer loop
      vertex 0.500942 0.449195 0.202999
      vertex 0.511021 0.450944 0
      vertex 0.500942 0.449195 0
    endloop
  endfacet
  facet normal -0.073616 0.997287 0
    outer loop
      vertex 0.531374 0.452949 0
      vertex 0.521173 0.452196 0.202999
      vertex 0.531374 0.452949 0.202999
    endloop
  endfacet
  facet normal -0.073616 0.997287 0
    outer loop
      vertex 0.521173 0.452196 0.202999
      vertex 0.531374 0.452949 0
      vertex 0.521173 0.452196 0
    endloop
  endfacet
  facet normal -0.535059 0.844815 0
    outer loop
      vertex 0.434461 0.423551 0
      vertex 0.425818 0.418077 0.202999
      vertex 0.434461 0.423551 0.202999
    endloop
  endfacet
  facet normal -0.535059 0.844815 0
    outer loop
      vertex 0.425818 0.418077 0.202999
      vertex 0.434461 0.423551 0
      vertex 0.425818 0.418077 0
    endloop
  endfacet
  facet normal -0.449597 0.893231 0
    outer loop
      vertex 0.452497 0.433191 0
      vertex 0.44336 0.428592 0.202999
      vertex 0.452497 0.433191 0.202999
    endloop
  endfacet
  facet normal -0.449597 0.893231 0
    outer loop
      vertex 0.44336 0.428592 0.202999
      vertex 0.452497 0.433191 0
      vertex 0.44336 0.428592 0
    endloop
  endfacet
  facet normal -0.653179 0.757203 0
    outer loop
      vertex 0.409392 0.405895 0
      vertex 0.401647 0.399214 0.202999
      vertex 0.409392 0.405895 0.202999
    endloop
  endfacet
  facet normal -0.653179 0.757203 0
    outer loop
      vertex 0.401647 0.399214 0.202999
      vertex 0.409392 0.405895 0
      vertex 0.401647 0.399214 0
    endloop
  endfacet
  facet normal -0.689543 0.724245 0
    outer loop
      vertex 0.401647 0.399214 0
      vertex 0.394238 0.39216 0.202999
      vertex 0.401647 0.399214 0.202999
    endloop
  endfacet
  facet normal -0.689543 0.724245 0
    outer loop
      vertex 0.394238 0.39216 0.202999
      vertex 0.401647 0.399214 0
      vertex 0.394238 0.39216 0
    endloop
  endfacet
  facet normal -0.615219 0.788356 0
    outer loop
      vertex 0.417456 0.412188 0
      vertex 0.409392 0.405895 0.202999
      vertex 0.417456 0.412188 0.202999
    endloop
  endfacet
  facet normal -0.615219 0.788356 0
    outer loop
      vertex 0.409392 0.405895 0.202999
      vertex 0.417456 0.412188 0
      vertex 0.409392 0.405895 0
    endloop
  endfacet
  facet normal -0.724247 0.68954 0
    outer loop
      vertex 0.387185 0.384752 0
      vertex 0.394238 0.39216 0.202999
      vertex 0.394238 0.39216 0
    endloop
  endfacet
  facet normal -0.724247 0.68954 0
    outer loop
      vertex 0.394238 0.39216 0.202999
      vertex 0.387185 0.384752 0
      vertex 0.387185 0.384752 0.202999
    endloop
  endfacet
  facet normal 0.999696 0.024638 0
    outer loop
      vertex 0.75 0.2448 0.202999
      vertex 0.749748 0.255025 0
      vertex 0.749748 0.255025 0.202999
    endloop
  endfacet
  facet normal 0.999696 0.024638 0
    outer loop
      vertex 0.749748 0.255025 0
      vertex 0.75 0.2448 0.202999
      vertex 0.75 0.2448 0
    endloop
  endfacet
  facet normal 0.0735648 -0.99729 0
    outer loop
      vertex 0.551826 0.0366507 0
      vertex 0.562026 0.0374031 0.202999
      vertex 0.551826 0.0366507 0.202999
    endloop
  endfacet
  facet normal 0.0735648 -0.99729 0
    outer loop
      vertex 0.562026 0.0374031 0.202999
      vertex 0.551826 0.0366507 0
      vertex 0.562026 0.0374031 0
    endloop
  endfacet
  facet normal 0.94954 -0.313645 0
    outer loop
      vertex 0.737818 0.174592 0.202999
      vertex 0.741026 0.184304 0
      vertex 0.741026 0.184304 0.202999
    endloop
  endfacet
  facet normal 0.94954 -0.313645 0
    outer loop
      vertex 0.741026 0.184304 0
      vertex 0.737818 0.174592 0.202999
      vertex 0.737818 0.174592 0
    endloop
  endfacet
  facet normal 0.992481 -0.122398 0
    outer loop
      vertex 0.747744 0.214221 0.202999
      vertex 0.748996 0.224373 0
      vertex 0.748996 0.224373 0.202999
    endloop
  endfacet
  facet normal 0.992481 -0.122398 0
    outer loop
      vertex 0.748996 0.224373 0
      vertex 0.747744 0.214221 0.202999
      vertex 0.747744 0.214221 0
    endloop
  endfacet
  facet normal 0.975688 -0.219166 0
    outer loop
      vertex 0.743754 0.194162 0.202999
      vertex 0.745996 0.204143 0
      vertex 0.745996 0.204143 0.202999
    endloop
  endfacet
  facet normal 0.975688 -0.219166 0
    outer loop
      vertex 0.745996 0.204143 0
      vertex 0.743754 0.194162 0.202999
      vertex 0.743754 0.194162 0
    endloop
  endfacet
  facet normal 0.122417 -0.992479 0
    outer loop
      vertex 0.562026 0.0374031 0
      vertex 0.572178 0.0386553 0.202999
      vertex 0.562026 0.0374031 0.202999
    endloop
  endfacet
  facet normal 0.122417 -0.992479 0
    outer loop
      vertex 0.572178 0.0386553 0.202999
      vertex 0.562026 0.0374031 0
      vertex 0.572178 0.0386553 0
    endloop
  endfacet
  facet normal 0.17099 -0.985273 0
    outer loop
      vertex 0.572178 0.0386553 0
      vertex 0.582256 0.0404043 0.202999
      vertex 0.572178 0.0386553 0.202999
    endloop
  endfacet
  facet normal 0.17099 -0.985273 0
    outer loop
      vertex 0.582256 0.0404043 0.202999
      vertex 0.572178 0.0386553 0
      vertex 0.582256 0.0404043 0
    endloop
  endfacet
  facet normal 0.359933 -0.932978 0
    outer loop
      vertex 0.611808 0.0485821 0
      vertex 0.62135 0.0522633 0.202999
      vertex 0.611808 0.0485821 0.202999
    endloop
  endfacet
  facet normal 0.359933 -0.932978 0
    outer loop
      vertex 0.62135 0.0522633 0.202999
      vertex 0.611808 0.0485821 0
      vertex 0.62135 0.0522633 0
    endloop
  endfacet
  facet normal 0.26666 -0.963791 0
    outer loop
      vertex 0.592237 0.0426455 0
      vertex 0.602095 0.045373 0.202999
      vertex 0.592237 0.0426455 0.202999
    endloop
  endfacet
  facet normal 0.26666 -0.963791 0
    outer loop
      vertex 0.602095 0.045373 0.202999
      vertex 0.592237 0.0426455 0
      vertex 0.602095 0.045373 0
    endloop
  endfacet
  facet normal 0.615237 -0.788342 0
    outer loop
      vertex 0.665743 0.0774107 0
      vertex 0.673807 0.083704 0.202999
      vertex 0.665743 0.0774107 0.202999
    endloop
  endfacet
  facet normal 0.615237 -0.788342 0
    outer loop
      vertex 0.673807 0.083704 0.202999
      vertex 0.665743 0.0774107 0
      vertex 0.673807 0.083704 0
    endloop
  endfacet
  facet normal 0.689512 -0.724274 0
    outer loop
      vertex 0.681552 0.0903854 0
      vertex 0.688961 0.0974388 0.202999
      vertex 0.681552 0.0903854 0.202999
    endloop
  endfacet
  facet normal 0.689512 -0.724274 0
    outer loop
      vertex 0.688961 0.0974388 0.202999
      vertex 0.681552 0.0903854 0
      vertex 0.688961 0.0974388 0
    endloop
  endfacet
  facet normal 0.535022 -0.844838 0
    outer loop
      vertex 0.648739 0.0660486 0
      vertex 0.65738 0.0715208 0.202999
      vertex 0.648739 0.0660486 0.202999
    endloop
  endfacet
  facet normal 0.535022 -0.844838 0
    outer loop
      vertex 0.65738 0.0715208 0.202999
      vertex 0.648739 0.0660486 0
      vertex 0.65738 0.0715208 0
    endloop
  endfacet
  facet normal 0.449683 -0.893188 0
    outer loop
      vertex 0.630702 0.0564079 0
      vertex 0.639838 0.0610075 0.202999
      vertex 0.630702 0.0564079 0.202999
    endloop
  endfacet
  facet normal 0.449683 -0.893188 0
    outer loop
      vertex 0.639838 0.0610075 0.202999
      vertex 0.630702 0.0564079 0
      vertex 0.639838 0.0610075 0
    endloop
  endfacet
  facet normal 0.870078 -0.492914 0
    outer loop
      vertex 0.72035 0.137661 0.202999
      vertex 0.725392 0.146561 0
      vertex 0.725392 0.146561 0.202999
    endloop
  endfacet
  facet normal 0.870078 -0.492914 0
    outer loop
      vertex 0.725392 0.146561 0
      vertex 0.72035 0.137661 0.202999
      vertex 0.72035 0.137661 0
    endloop
  endfacet
  facet normal 0.914226 -0.405204 0
    outer loop
      vertex 0.729991 0.155697 0.202999
      vertex 0.734136 0.165049 0
      vertex 0.734136 0.165049 0.202999
    endloop
  endfacet
  facet normal 0.914226 -0.405204 0
    outer loop
      vertex 0.734136 0.165049 0
      vertex 0.729991 0.155697 0.202999
      vertex 0.729991 0.155697 0
    endloop
  endfacet
  facet normal 0.81758 -0.575815 0
    outer loop
      vertex 0.708988 0.120656 0.202999
      vertex 0.714878 0.129019 0
      vertex 0.714878 0.129019 0.202999
    endloop
  endfacet
  facet normal 0.81758 -0.575815 0
    outer loop
      vertex 0.714878 0.129019 0
      vertex 0.708988 0.120656 0.202999
      vertex 0.708988 0.120656 0
    endloop
  endfacet
  facet normal -0.313742 -0.949508 0
    outer loop
      vertex 0.471392 0.0485821 0
      vertex 0.481104 0.045373 0.202999
      vertex 0.471392 0.0485821 0.202999
    endloop
  endfacet
  facet normal -0.313742 -0.949508 -0
    outer loop
      vertex 0.481104 0.045373 0.202999
      vertex 0.471392 0.0485821 0
      vertex 0.481104 0.045373 0
    endloop
  endfacet
  facet normal 0.0245257 -0.999699 0
    outer loop
      vertex 0.541599 0.0363998 0
      vertex 0.551826 0.0366507 0.202999
      vertex 0.541599 0.0363998 0.202999
    endloop
  endfacet
  facet normal 0.0245257 -0.999699 0
    outer loop
      vertex 0.551826 0.0366507 0.202999
      vertex 0.541599 0.0363998 0
      vertex 0.551826 0.0366507 0
    endloop
  endfacet
  facet normal -0.122417 -0.992479 0
    outer loop
      vertex 0.511021 0.0386553 0
      vertex 0.521173 0.0374031 0.202999
      vertex 0.511021 0.0386553 0.202999
    endloop
  endfacet
  facet normal -0.122417 -0.992479 -0
    outer loop
      vertex 0.521173 0.0374031 0.202999
      vertex 0.511021 0.0386553 0
      vertex 0.521173 0.0374031 0
    endloop
  endfacet
  facet normal -0.219112 -0.9757 0
    outer loop
      vertex 0.490962 0.0426455 0
      vertex 0.500942 0.0404043 0.202999
      vertex 0.490962 0.0426455 0.202999
    endloop
  endfacet
  facet normal -0.219112 -0.9757 -0
    outer loop
      vertex 0.500942 0.0404043 0.202999
      vertex 0.490962 0.0426455 0
      vertex 0.500942 0.0404043 0
    endloop
  endfacet
  facet normal -0.492889 -0.870092 0
    outer loop
      vertex 0.434461 0.0660486 0
      vertex 0.44336 0.0610075 0.202999
      vertex 0.434461 0.0660486 0.202999
    endloop
  endfacet
  facet normal -0.492889 -0.870092 -0
    outer loop
      vertex 0.44336 0.0610075 0.202999
      vertex 0.434461 0.0660486 0
      vertex 0.44336 0.0610075 0
    endloop
  endfacet
  facet normal -0.405208 -0.914225 0
    outer loop
      vertex 0.452497 0.0564079 0
      vertex 0.461848 0.0522633 0.202999
      vertex 0.452497 0.0564079 0.202999
    endloop
  endfacet
  facet normal -0.405208 -0.914225 -0
    outer loop
      vertex 0.461848 0.0522633 0.202999
      vertex 0.452497 0.0564079 0
      vertex 0.461848 0.0522633 0
    endloop
  endfacet
  facet normal -0.575855 -0.817552 0
    outer loop
      vertex 0.417456 0.0774107 0
      vertex 0.425818 0.0715208 0.202999
      vertex 0.417456 0.0774107 0.202999
    endloop
  endfacet
  facet normal -0.575855 -0.817552 -0
    outer loop
      vertex 0.425818 0.0715208 0.202999
      vertex 0.417456 0.0774107 0
      vertex 0.425818 0.0715208 0
    endloop
  endfacet
  facet normal -0.94954 -0.313645 0
    outer loop
      vertex 0.345382 0.174592 0
      vertex 0.342174 0.184304 0.202999
      vertex 0.342174 0.184304 0
    endloop
  endfacet
  facet normal -0.94954 -0.313645 0
    outer loop
      vertex 0.342174 0.184304 0.202999
      vertex 0.345382 0.174592 0
      vertex 0.345382 0.174592 0.202999
    endloop
  endfacet
  facet normal -0.963753 -0.266797 0
    outer loop
      vertex 0.342174 0.184304 0
      vertex 0.339445 0.194162 0.202999
      vertex 0.339445 0.194162 0
    endloop
  endfacet
  facet normal -0.963753 -0.266797 0
    outer loop
      vertex 0.339445 0.194162 0.202999
      vertex 0.342174 0.184304 0
      vertex 0.342174 0.184304 0.202999
    endloop
  endfacet
  facet normal -0.932997 -0.359883 0
    outer loop
      vertex 0.349063 0.165049 0
      vertex 0.345382 0.174592 0.202999
      vertex 0.345382 0.174592 0
    endloop
  endfacet
  facet normal -0.932997 -0.359883 0
    outer loop
      vertex 0.345382 0.174592 0.202999
      vertex 0.349063 0.165049 0
      vertex 0.349063 0.165049 0.202999
    endloop
  endfacet
  facet normal -0.985273 -0.17099 0
    outer loop
      vertex 0.337204 0.204143 0
      vertex 0.335455 0.214221 0.202999
      vertex 0.335455 0.214221 0
    endloop
  endfacet
  facet normal -0.985273 -0.17099 0
    outer loop
      vertex 0.335455 0.214221 0.202999
      vertex 0.337204 0.204143 0
      vertex 0.337204 0.204143 0.202999
    endloop
  endfacet
  facet normal -0.992454 -0.12262 0
    outer loop
      vertex 0.335455 0.214221 0
      vertex 0.335199 0.216293 0.202999
      vertex 0.335199 0.216293 0
    endloop
  endfacet
  facet normal -0.992454 -0.12262 0
    outer loop
      vertex 0.335199 0.216293 0.202999
      vertex 0.335455 0.214221 0
      vertex 0.335455 0.214221 0.202999
    endloop
  endfacet
  facet normal -0.844875 -0.534964 0
    outer loop
      vertex 0.368321 0.129019 0
      vertex 0.362849 0.137661 0.202999
      vertex 0.362849 0.137661 0
    endloop
  endfacet
  facet normal -0.844875 -0.534964 0
    outer loop
      vertex 0.362849 0.137661 0.202999
      vertex 0.368321 0.129019 0
      vertex 0.368321 0.129019 0.202999
    endloop
  endfacet
  facet normal -0.81758 -0.575815 0
    outer loop
      vertex 0.374211 0.120656 0
      vertex 0.368321 0.129019 0.202999
      vertex 0.368321 0.129019 0
    endloop
  endfacet
  facet normal -0.81758 -0.575815 0
    outer loop
      vertex 0.368321 0.129019 0.202999
      vertex 0.374211 0.120656 0
      vertex 0.374211 0.120656 0.202999
    endloop
  endfacet
  facet normal -0.893251 -0.449559 0
    outer loop
      vertex 0.357807 0.146561 0
      vertex 0.353209 0.155697 0.202999
      vertex 0.353209 0.155697 0
    endloop
  endfacet
  facet normal -0.893251 -0.449559 0
    outer loop
      vertex 0.353209 0.155697 0.202999
      vertex 0.357807 0.146561 0
      vertex 0.357807 0.146561 0.202999
    endloop
  endfacet
  facet normal -0.724256 -0.689531 0
    outer loop
      vertex 0.394238 0.0974388 0
      vertex 0.387185 0.104847 0.202999
      vertex 0.387185 0.104847 0
    endloop
  endfacet
  facet normal -0.724256 -0.689531 0
    outer loop
      vertex 0.387185 0.104847 0.202999
      vertex 0.394238 0.0974388 0
      vertex 0.394238 0.0974388 0.202999
    endloop
  endfacet
  facet normal -0.788309 -0.61528 0
    outer loop
      vertex 0.380505 0.112592 0
      vertex 0.374211 0.120656 0.202999
      vertex 0.374211 0.120656 0
    endloop
  endfacet
  facet normal -0.788309 -0.61528 0
    outer loop
      vertex 0.374211 0.120656 0.202999
      vertex 0.380505 0.112592 0
      vertex 0.380505 0.112592 0.202999
    endloop
  endfacet
  facet normal -0.689512 -0.724274 0
    outer loop
      vertex 0.394238 0.0974388 0
      vertex 0.401647 0.0903854 0.202999
      vertex 0.394238 0.0974388 0.202999
    endloop
  endfacet
  facet normal -0.689512 -0.724274 -0
    outer loop
      vertex 0.401647 0.0903854 0.202999
      vertex 0.394238 0.0974388 0
      vertex 0.401647 0.0903854 0
    endloop
  endfacet
  facet normal 0.0244378 0.999701 -0
    outer loop
      vertex 0.551826 0.452949 0
      vertex 0.541599 0.453199 0.202999
      vertex 0.551826 0.452949 0.202999
    endloop
  endfacet
  facet normal 0.0244378 0.999701 0
    outer loop
      vertex 0.541599 0.453199 0.202999
      vertex 0.551826 0.452949 0
      vertex 0.541599 0.453199 0
    endloop
  endfacet
  facet normal -0 0 1
    outer loop
      vertex 0.303421 0.274799 0.202999
      vertex 0.335199 0.273306 0.202999
      vertex 0.335199 0.274799 0.202999
    endloop
  endfacet
  facet normal 0 0 1
    outer loop
      vertex 0.335199 0.273306 0.202999
      vertex 0.303421 0.274799 0.202999
      vertex 0.335199 0.216293 0.202999
    endloop
  endfacet
  facet normal 0 0 1
    outer loop
      vertex 0.303421 0.2148 0.202999
      vertex 0.335199 0.216293 0.202999
      vertex 0.303421 0.274799 0.202999
    endloop
  endfacet
  facet normal 0 0 1
    outer loop
      vertex 0.335199 0.216293 0.202999
      vertex 0.303421 0.2148 0.202999
      vertex 0.335199 0.2148 0.202999
    endloop
  endfacet
  facet normal 0 0 1
    outer loop
      vertex 0.5962 0.2448 0.202999
      vertex 0.75 0.2448 0.202999
      vertex 0.749748 0.255025 0.202999
    endloop
  endfacet
  facet normal 0 0 1
    outer loop
      vertex 0.596134 0.247478 0.202999
      vertex 0.749748 0.255025 0.202999
      vertex 0.748996 0.265226 0.202999
    endloop
  endfacet
  facet normal 0 0 1
    outer loop
      vertex 0.75 0.2448 0.202999
      vertex 0.5962 0.2448 0.202999
      vertex 0.749748 0.234573 0.202999
    endloop
  endfacet
  facet normal 0 0 1
    outer loop
      vertex 0.595937 0.250152 0.202999
      vertex 0.748996 0.265226 0.202999
      vertex 0.747744 0.275378 0.202999
    endloop
  endfacet
  facet normal -0 0 1
    outer loop
      vertex 0.596134 0.242121 0.202999
      vertex 0.749748 0.234573 0.202999
      vertex 0.5962 0.2448 0.202999
    endloop
  endfacet
  facet normal 0 0 1
    outer loop
      vertex 0.595609 0.252811 0.202999
      vertex 0.747744 0.275378 0.202999
      vertex 0.745996 0.285457 0.202999
    endloop
  endfacet
  facet normal 0 0 1
    outer loop
      vertex 0.749748 0.234573 0.202999
      vertex 0.596134 0.242121 0.202999
      vertex 0.748996 0.224373 0.202999
    endloop
  endfacet
  facet normal 0 0 1
    outer loop
      vertex 0.59515 0.255451 0.202999
      vertex 0.745996 0.285457 0.202999
      vertex 0.743754 0.295437 0.202999
    endloop
  endfacet
  facet normal -0 0 1
    outer loop
      vertex 0.595937 0.239448 0.202999
      vertex 0.748996 0.224373 0.202999
      vertex 0.596134 0.242121 0.202999
    endloop
  endfacet
  facet normal 0 0 1
    outer loop
      vertex 0.594563 0.258066 0.202999
      vertex 0.743754 0.295437 0.202999
      vertex 0.741026 0.305295 0.202999
    endloop
  endfacet
  facet normal 0 0 1
    outer loop
      vertex 0.748996 0.224373 0.202999
      vertex 0.595937 0.239448 0.202999
      vertex 0.747744 0.214221 0.202999
    endloop
  endfacet
  facet normal 0 0 1
    outer loop
      vertex 0.593848 0.260649 0.202999
      vertex 0.741026 0.305295 0.202999
      vertex 0.737818 0.315007 0.202999
    endloop
  endfacet
  facet normal -0 0 1
    outer loop
      vertex 0.595609 0.236788 0.202999
      vertex 0.747744 0.214221 0.202999
      vertex 0.595937 0.239448 0.202999
    endloop
  endfacet
  facet normal 0 0 1
    outer loop
      vertex 0.593008 0.263194 0.202999
      vertex 0.737818 0.315007 0.202999
      vertex 0.734136 0.324551 0.202999
    endloop
  endfacet
  facet normal 0 0 1
    outer loop
      vertex 0.747744 0.214221 0.202999
      vertex 0.595609 0.236788 0.202999
      vertex 0.745996 0.204143 0.202999
    endloop
  endfacet
  facet normal 0 0 1
    outer loop
      vertex 0.592043 0.265694 0.202999
      vertex 0.734136 0.324551 0.202999
      vertex 0.729991 0.333902 0.202999
    endloop
  endfacet
  facet normal -0 0 1
    outer loop
      vertex 0.59515 0.234148 0.202999
      vertex 0.745996 0.204143 0.202999
      vertex 0.595609 0.236788 0.202999
    endloop
  endfacet
  facet normal 0 0 1
    outer loop
      vertex 0.590958 0.268144 0.202999
      vertex 0.729991 0.333902 0.202999
      vertex 0.725392 0.343039 0.202999
    endloop
  endfacet
  facet normal 0 0 1
    outer loop
      vertex 0.745996 0.204143 0.202999
      vertex 0.59515 0.234148 0.202999
      vertex 0.743754 0.194162 0.202999
    endloop
  endfacet
  facet normal 0 0 1
    outer loop
      vertex 0.589752 0.270537 0.202999
      vertex 0.725392 0.343039 0.202999
      vertex 0.72035 0.351938 0.202999
    endloop
  endfacet
  facet normal -0 0 1
    outer loop
      vertex 0.594563 0.231533 0.202999
      vertex 0.743754 0.194162 0.202999
      vertex 0.59515 0.234148 0.202999
    endloop
  endfacet
  facet normal 0 0 1
    outer loop
      vertex 0.588431 0.272869 0.202999
      vertex 0.72035 0.351938 0.202999
      vertex 0.714878 0.36058 0.202999
    endloop
  endfacet
  facet normal 0 0 1
    outer loop
      vertex 0.743754 0.194162 0.202999
      vertex 0.594563 0.231533 0.202999
      vertex 0.741026 0.184304 0.202999
    endloop
  endfacet
  facet normal 0 0 1
    outer loop
      vertex 0.586998 0.275134 0.202999
      vertex 0.714878 0.36058 0.202999
      vertex 0.708988 0.368943 0.202999
    endloop
  endfacet
  facet normal -0 0 1
    outer loop
      vertex 0.593848 0.22895 0.202999
      vertex 0.741026 0.184304 0.202999
      vertex 0.594563 0.231533 0.202999
    endloop
  endfacet
  facet normal 0 0 1
    outer loop
      vertex 0.585455 0.277325 0.202999
      vertex 0.708988 0.368943 0.202999
      vertex 0.702695 0.377007 0.202999
    endloop
  endfacet
  facet normal 0 0 1
    outer loop
      vertex 0.741026 0.184304 0.202999
      vertex 0.593848 0.22895 0.202999
      vertex 0.737818 0.174592 0.202999
    endloop
  endfacet
  facet normal 0 0 1
    outer loop
      vertex 0.583806 0.279437 0.202999
      vertex 0.702695 0.377007 0.202999
      vertex 0.696013 0.384752 0.202999
    endloop
  endfacet
  facet normal -0 0 1
    outer loop
      vertex 0.593008 0.226405 0.202999
      vertex 0.737818 0.174592 0.202999
      vertex 0.593848 0.22895 0.202999
    endloop
  endfacet
  facet normal 0 0 1
    outer loop
      vertex 0.582055 0.281466 0.202999
      vertex 0.696013 0.384752 0.202999
      vertex 0.688961 0.39216 0.202999
    endloop
  endfacet
  facet normal 0 0 1
    outer loop
      vertex 0.737818 0.174592 0.202999
      vertex 0.593008 0.226405 0.202999
      vertex 0.734136 0.165049 0.202999
    endloop
  endfacet
  facet normal 0 0 1
    outer loop
      vertex 0.580208 0.283407 0.202999
      vertex 0.688961 0.39216 0.202999
      vertex 0.681552 0.399214 0.202999
    endloop
  endfacet
  facet normal -0 0 1
    outer loop
      vertex 0.592043 0.223905 0.202999
      vertex 0.734136 0.165049 0.202999
      vertex 0.593008 0.226405 0.202999
    endloop
  endfacet
  facet normal 0 0 1
    outer loop
      vertex 0.578267 0.285255 0.202999
      vertex 0.681552 0.399214 0.202999
      vertex 0.673807 0.405895 0.202999
    endloop
  endfacet
  facet normal 0 0 1
    outer loop
      vertex 0.734136 0.165049 0.202999
      vertex 0.592043 0.223905 0.202999
      vertex 0.729991 0.155697 0.202999
    endloop
  endfacet
  facet normal 0 0 1
    outer loop
      vertex 0.576238 0.287005 0.202999
      vertex 0.673807 0.405895 0.202999
      vertex 0.665743 0.412188 0.202999
    endloop
  endfacet
  facet normal -0 0 1
    outer loop
      vertex 0.590958 0.221455 0.202999
      vertex 0.729991 0.155697 0.202999
      vertex 0.592043 0.223905 0.202999
    endloop
  endfacet
  facet normal 0 0 1
    outer loop
      vertex 0.574124 0.288654 0.202999
      vertex 0.665743 0.412188 0.202999
      vertex 0.65738 0.418077 0.202999
    endloop
  endfacet
  facet normal 0 0 1
    outer loop
      vertex 0.729991 0.155697 0.202999
      vertex 0.590958 0.221455 0.202999
      vertex 0.725392 0.146561 0.202999
    endloop
  endfacet
  facet normal 0 0 1
    outer loop
      vertex 0.571934 0.290197 0.202999
      vertex 0.65738 0.418077 0.202999
      vertex 0.648739 0.423551 0.202999
    endloop
  endfacet
  facet normal -0 0 1
    outer loop
      vertex 0.589752 0.219061 0.202999
      vertex 0.725392 0.146561 0.202999
      vertex 0.590958 0.221455 0.202999
    endloop
  endfacet
  facet normal 0 0 1
    outer loop
      vertex 0.56967 0.291632 0.202999
      vertex 0.648739 0.423551 0.202999
      vertex 0.639838 0.428592 0.202999
    endloop
  endfacet
  facet normal 0 0 1
    outer loop
      vertex 0.725392 0.146561 0.202999
      vertex 0.589752 0.219061 0.202999
      vertex 0.72035 0.137661 0.202999
    endloop
  endfacet
  facet normal 0 0 1
    outer loop
      vertex 0.567338 0.292953 0.202999
      vertex 0.639838 0.428592 0.202999
      vertex 0.630702 0.433191 0.202999
    endloop
  endfacet
  facet normal -0 0 1
    outer loop
      vertex 0.588431 0.216729 0.202999
      vertex 0.72035 0.137661 0.202999
      vertex 0.589752 0.219061 0.202999
    endloop
  endfacet
  facet normal 0 0 1
    outer loop
      vertex 0.564944 0.294157 0.202999
      vertex 0.630702 0.433191 0.202999
      vertex 0.62135 0.437336 0.202999
    endloop
  endfacet
  facet normal 0 0 1
    outer loop
      vertex 0.72035 0.137661 0.202999
      vertex 0.588431 0.216729 0.202999
      vertex 0.714878 0.129019 0.202999
    endloop
  endfacet
  facet normal 0 0 1
    outer loop
      vertex 0.562494 0.295243 0.202999
      vertex 0.62135 0.437336 0.202999
      vertex 0.611808 0.441017 0.202999
    endloop
  endfacet
  facet normal -0 0 1
    outer loop
      vertex 0.586998 0.214465 0.202999
      vertex 0.714878 0.129019 0.202999
      vertex 0.588431 0.216729 0.202999
    endloop
  endfacet
  facet normal 0 0 1
    outer loop
      vertex 0.559994 0.296207 0.202999
      vertex 0.611808 0.441017 0.202999
      vertex 0.602095 0.444226 0.202999
    endloop
  endfacet
  facet normal 0 0 1
    outer loop
      vertex 0.714878 0.129019 0.202999
      vertex 0.586998 0.214465 0.202999
      vertex 0.708988 0.120656 0.202999
    endloop
  endfacet
  facet normal -0 0 1
    outer loop
      vertex 0.585455 0.212275 0.202999
      vertex 0.708988 0.120656 0.202999
      vertex 0.586998 0.214465 0.202999
    endloop
  endfacet
  facet normal 0 0 1
    outer loop
      vertex 0.749748 0.255025 0.202999
      vertex 0.596134 0.247478 0.202999
      vertex 0.5962 0.2448 0.202999
    endloop
  endfacet
  facet normal 0 0 1
    outer loop
      vertex 0.748996 0.265226 0.202999
      vertex 0.595937 0.250152 0.202999
      vertex 0.596134 0.247478 0.202999
    endloop
  endfacet
  facet normal 0 0 1
    outer loop
      vertex 0.747744 0.275378 0.202999
      vertex 0.595609 0.252811 0.202999
      vertex 0.595937 0.250152 0.202999
    endloop
  endfacet
  facet normal 0 0 1
    outer loop
      vertex 0.745996 0.285457 0.202999
      vertex 0.59515 0.255451 0.202999
      vertex 0.595609 0.252811 0.202999
    endloop
  endfacet
  facet normal 0 0 1
    outer loop
      vertex 0.743754 0.295437 0.202999
      vertex 0.594563 0.258066 0.202999
      vertex 0.59515 0.255451 0.202999
    endloop
  endfacet
  facet normal 0 0 1
    outer loop
      vertex 0.741026 0.305295 0.202999
      vertex 0.593848 0.260649 0.202999
      vertex 0.594563 0.258066 0.202999
    endloop
  endfacet
  facet normal 0 0 1
    outer loop
      vertex 0.737818 0.315007 0.202999
      vertex 0.593008 0.263194 0.202999
      vertex 0.593848 0.260649 0.202999
    endloop
  endfacet
  facet normal 0 0 1
    outer loop
      vertex 0.557449 0.297049 0.202999
      vertex 0.602095 0.444226 0.202999
      vertex 0.592237 0.446954 0.202999
    endloop
  endfacet
  facet normal 0 0 1
    outer loop
      vertex 0.734136 0.324551 0.202999
      vertex 0.592043 0.265694 0.202999
      vertex 0.593008 0.263194 0.202999
    endloop
  endfacet
  facet normal 0 0 1
    outer loop
      vertex 0.729991 0.333902 0.202999
      vertex 0.590958 0.268144 0.202999
      vertex 0.592043 0.265694 0.202999
    endloop
  endfacet
  facet normal 0 0 1
    outer loop
      vertex 0.725392 0.343039 0.202999
      vertex 0.589752 0.270537 0.202999
      vertex 0.590958 0.268144 0.202999
    endloop
  endfacet
  facet normal 0 0 1
    outer loop
      vertex 0.72035 0.351938 0.202999
      vertex 0.588431 0.272869 0.202999
      vertex 0.589752 0.270537 0.202999
    endloop
  endfacet
  facet normal 0 0 1
    outer loop
      vertex 0.714878 0.36058 0.202999
      vertex 0.586998 0.275134 0.202999
      vertex 0.588431 0.272869 0.202999
    endloop
  endfacet
  facet normal 0 0 1
    outer loop
      vertex 0.708988 0.368943 0.202999
      vertex 0.585455 0.277325 0.202999
      vertex 0.586998 0.275134 0.202999
    endloop
  endfacet
  facet normal 0 0 1
    outer loop
      vertex 0.702695 0.377007 0.202999
      vertex 0.583806 0.279437 0.202999
      vertex 0.585455 0.277325 0.202999
    endloop
  endfacet
  facet normal 0 0 1
    outer loop
      vertex 0.554866 0.297763 0.202999
      vertex 0.592237 0.446954 0.202999
      vertex 0.582256 0.449195 0.202999
    endloop
  endfacet
  facet normal 0 0 1
    outer loop
      vertex 0.696013 0.384752 0.202999
      vertex 0.582055 0.281466 0.202999
      vertex 0.583806 0.279437 0.202999
    endloop
  endfacet
  facet normal 0 0 1
    outer loop
      vertex 0.688961 0.39216 0.202999
      vertex 0.580208 0.283407 0.202999
      vertex 0.582055 0.281466 0.202999
    endloop
  endfacet
  facet normal 0 0 1
    outer loop
      vertex 0.681552 0.399214 0.202999
      vertex 0.578267 0.285255 0.202999
      vertex 0.580208 0.283407 0.202999
    endloop
  endfacet
  facet normal 0 0 1
    outer loop
      vertex 0.673807 0.405895 0.202999
      vertex 0.576238 0.287005 0.202999
      vertex 0.578267 0.285255 0.202999
    endloop
  endfacet
  facet normal 0 0 1
    outer loop
      vertex 0.665743 0.412188 0.202999
      vertex 0.574124 0.288654 0.202999
      vertex 0.576238 0.287005 0.202999
    endloop
  endfacet
  facet normal 0 0 1
    outer loop
      vertex 0.552252 0.29835 0.202999
      vertex 0.582256 0.449195 0.202999
      vertex 0.572178 0.450944 0.202999
    endloop
  endfacet
  facet normal 0 0 1
    outer loop
      vertex 0.65738 0.418077 0.202999
      vertex 0.571934 0.290197 0.202999
      vertex 0.574124 0.288654 0.202999
    endloop
  endfacet
  facet normal 0 0 1
    outer loop
      vertex 0.648739 0.423551 0.202999
      vertex 0.56967 0.291632 0.202999
      vertex 0.571934 0.290197 0.202999
    endloop
  endfacet
  facet normal 0 0 1
    outer loop
      vertex 0.639838 0.428592 0.202999
      vertex 0.567338 0.292953 0.202999
      vertex 0.56967 0.291632 0.202999
    endloop
  endfacet
  facet normal 0 0 1
    outer loop
      vertex 0.630702 0.433191 0.202999
      vertex 0.564944 0.294157 0.202999
      vertex 0.567338 0.292953 0.202999
    endloop
  endfacet
  facet normal 0 0 1
    outer loop
      vertex 0.62135 0.437336 0.202999
      vertex 0.562494 0.295243 0.202999
      vertex 0.564944 0.294157 0.202999
    endloop
  endfacet
  facet normal 0 0 1
    outer loop
      vertex 0.549611 0.298808 0.202999
      vertex 0.572178 0.450944 0.202999
      vertex 0.562026 0.452196 0.202999
    endloop
  endfacet
  facet normal 0 0 1
    outer loop
      vertex 0.611808 0.441017 0.202999
      vertex 0.559994 0.296207 0.202999
      vertex 0.562494 0.295243 0.202999
    endloop
  endfacet
  facet normal 0 0 1
    outer loop
      vertex 0.602095 0.444226 0.202999
      vertex 0.557449 0.297049 0.202999
      vertex 0.559994 0.296207 0.202999
    endloop
  endfacet
  facet normal 0 0 1
    outer loop
      vertex 0.592237 0.446954 0.202999
      vertex 0.554866 0.297763 0.202999
      vertex 0.557449 0.297049 0.202999
    endloop
  endfacet
  facet normal 0 0 1
    outer loop
      vertex 0.582256 0.449195 0.202999
      vertex 0.552252 0.29835 0.202999
      vertex 0.554866 0.297763 0.202999
    endloop
  endfacet
  facet normal 0 0 1
    outer loop
      vertex 0.546951 0.299136 0.202999
      vertex 0.562026 0.452196 0.202999
      vertex 0.551826 0.452949 0.202999
    endloop
  endfacet
  facet normal 0 0 1
    outer loop
      vertex 0.572178 0.450944 0.202999
      vertex 0.549611 0.298808 0.202999
      vertex 0.552252 0.29835 0.202999
    endloop
  endfacet
  facet normal 0 0 1
    outer loop
      vertex 0.562026 0.452196 0.202999
      vertex 0.546951 0.299136 0.202999
      vertex 0.549611 0.298808 0.202999
    endloop
  endfacet
  facet normal 0 0 1
    outer loop
      vertex 0.551826 0.452949 0.202999
      vertex 0.544278 0.299334 0.202999
      vertex 0.546951 0.299136 0.202999
    endloop
  endfacet
  facet normal 0 0 1
    outer loop
      vertex 0.541599 0.453199 0.202999
      vertex 0.544278 0.299334 0.202999
      vertex 0.551826 0.452949 0.202999
    endloop
  endfacet
  facet normal 0 0 1
    outer loop
      vertex 0.541599 0.453199 0.202999
      vertex 0.541599 0.299399 0.202999
      vertex 0.544278 0.299334 0.202999
    endloop
  endfacet
  facet normal 0 0 1
    outer loop
      vertex 0.541599 0.453199 0.202999
      vertex 0.53892 0.299334 0.202999
      vertex 0.541599 0.299399 0.202999
    endloop
  endfacet
  facet normal -0 0 1
    outer loop
      vertex 0.531374 0.452949 0.202999
      vertex 0.53892 0.299334 0.202999
      vertex 0.541599 0.453199 0.202999
    endloop
  endfacet
  facet normal 0 0 1
    outer loop
      vertex 0.53892 0.299334 0.202999
      vertex 0.531374 0.452949 0.202999
      vertex 0.536248 0.299136 0.202999
    endloop
  endfacet
  facet normal -0 0 1
    outer loop
      vertex 0.521173 0.452196 0.202999
      vertex 0.536248 0.299136 0.202999
      vertex 0.531374 0.452949 0.202999
    endloop
  endfacet
  facet normal 0 0 1
    outer loop
      vertex 0.536248 0.299136 0.202999
      vertex 0.521173 0.452196 0.202999
      vertex 0.533588 0.298808 0.202999
    endloop
  endfacet
  facet normal -0 0 1
    outer loop
      vertex 0.511021 0.450944 0.202999
      vertex 0.533588 0.298808 0.202999
      vertex 0.521173 0.452196 0.202999
    endloop
  endfacet
  facet normal 0 0 1
    outer loop
      vertex 0.533588 0.298808 0.202999
      vertex 0.511021 0.450944 0.202999
      vertex 0.530948 0.29835 0.202999
    endloop
  endfacet
  facet normal -0 0 1
    outer loop
      vertex 0.500942 0.449195 0.202999
      vertex 0.530948 0.29835 0.202999
      vertex 0.511021 0.450944 0.202999
    endloop
  endfacet
  facet normal 0 0 1
    outer loop
      vertex 0.530948 0.29835 0.202999
      vertex 0.500942 0.449195 0.202999
      vertex 0.528333 0.297763 0.202999
    endloop
  endfacet
  facet normal -0 0 1
    outer loop
      vertex 0.490962 0.446954 0.202999
      vertex 0.528333 0.297763 0.202999
      vertex 0.500942 0.449195 0.202999
    endloop
  endfacet
  facet normal 0 0 1
    outer loop
      vertex 0.528333 0.297763 0.202999
      vertex 0.490962 0.446954 0.202999
      vertex 0.52575 0.297049 0.202999
    endloop
  endfacet
  facet normal -0 0 1
    outer loop
      vertex 0.481104 0.444226 0.202999
      vertex 0.52575 0.297049 0.202999
      vertex 0.490962 0.446954 0.202999
    endloop
  endfacet
  facet normal 0 0 1
    outer loop
      vertex 0.52575 0.297049 0.202999
      vertex 0.481104 0.444226 0.202999
      vertex 0.523206 0.296207 0.202999
    endloop
  endfacet
  facet normal -0 0 1
    outer loop
      vertex 0.471392 0.441017 0.202999
      vertex 0.523206 0.296207 0.202999
      vertex 0.481104 0.444226 0.202999
    endloop
  endfacet
  facet normal 0 0 1
    outer loop
      vertex 0.523206 0.296207 0.202999
      vertex 0.471392 0.441017 0.202999
      vertex 0.520705 0.295243 0.202999
    endloop
  endfacet
  facet normal -0 0 1
    outer loop
      vertex 0.461848 0.437336 0.202999
      vertex 0.520705 0.295243 0.202999
      vertex 0.471392 0.441017 0.202999
    endloop
  endfacet
  facet normal 0 0 1
    outer loop
      vertex 0.520705 0.295243 0.202999
      vertex 0.461848 0.437336 0.202999
      vertex 0.518255 0.294157 0.202999
    endloop
  endfacet
  facet normal -0 0 1
    outer loop
      vertex 0.452497 0.433191 0.202999
      vertex 0.518255 0.294157 0.202999
      vertex 0.461848 0.437336 0.202999
    endloop
  endfacet
  facet normal 0 0 1
    outer loop
      vertex 0.518255 0.294157 0.202999
      vertex 0.452497 0.433191 0.202999
      vertex 0.515862 0.292953 0.202999
    endloop
  endfacet
  facet normal -0 0 1
    outer loop
      vertex 0.44336 0.428592 0.202999
      vertex 0.515862 0.292953 0.202999
      vertex 0.452497 0.433191 0.202999
    endloop
  endfacet
  facet normal 0 0 1
    outer loop
      vertex 0.515862 0.292953 0.202999
      vertex 0.44336 0.428592 0.202999
      vertex 0.51353 0.291632 0.202999
    endloop
  endfacet
  facet normal -0 0 1
    outer loop
      vertex 0.434461 0.423551 0.202999
      vertex 0.51353 0.291632 0.202999
      vertex 0.44336 0.428592 0.202999
    endloop
  endfacet
  facet normal 0 0 1
    outer loop
      vertex 0.51353 0.291632 0.202999
      vertex 0.434461 0.423551 0.202999
      vertex 0.511266 0.290197 0.202999
    endloop
  endfacet
  facet normal -0 0 1
    outer loop
      vertex 0.425818 0.418077 0.202999
      vertex 0.511266 0.290197 0.202999
      vertex 0.434461 0.423551 0.202999
    endloop
  endfacet
  facet normal 0 0 1
    outer loop
      vertex 0.511266 0.290197 0.202999
      vertex 0.425818 0.418077 0.202999
      vertex 0.509074 0.288654 0.202999
    endloop
  endfacet
  facet normal -0 0 1
    outer loop
      vertex 0.417456 0.412188 0.202999
      vertex 0.509074 0.288654 0.202999
      vertex 0.425818 0.418077 0.202999
    endloop
  endfacet
  facet normal 0 0 1
    outer loop
      vertex 0.509074 0.288654 0.202999
      vertex 0.417456 0.412188 0.202999
      vertex 0.506962 0.287005 0.202999
    endloop
  endfacet
  facet normal -0 0 1
    outer loop
      vertex 0.409392 0.405895 0.202999
      vertex 0.506962 0.287005 0.202999
      vertex 0.417456 0.412188 0.202999
    endloop
  endfacet
  facet normal 0 0 1
    outer loop
      vertex 0.506962 0.287005 0.202999
      vertex 0.409392 0.405895 0.202999
      vertex 0.504932 0.285255 0.202999
    endloop
  endfacet
  facet normal -0 0 1
    outer loop
      vertex 0.401647 0.399214 0.202999
      vertex 0.504932 0.285255 0.202999
      vertex 0.409392 0.405895 0.202999
    endloop
  endfacet
  facet normal 0 0 1
    outer loop
      vertex 0.504932 0.285255 0.202999
      vertex 0.401647 0.399214 0.202999
      vertex 0.502992 0.283407 0.202999
    endloop
  endfacet
  facet normal -0 0 1
    outer loop
      vertex 0.394238 0.39216 0.202999
      vertex 0.502992 0.283407 0.202999
      vertex 0.401647 0.399214 0.202999
    endloop
  endfacet
  facet normal 0 0 1
    outer loop
      vertex 0.502992 0.283407 0.202999
      vertex 0.394238 0.39216 0.202999
      vertex 0.501143 0.281466 0.202999
    endloop
  endfacet
  facet normal -0 0 1
    outer loop
      vertex 0.387185 0.384752 0.202999
      vertex 0.501143 0.281466 0.202999
      vertex 0.394238 0.39216 0.202999
    endloop
  endfacet
  facet normal 0 0 1
    outer loop
      vertex 0.501143 0.281466 0.202999
      vertex 0.387185 0.384752 0.202999
      vertex 0.499393 0.279437 0.202999
    endloop
  endfacet
  facet normal -0 0 1
    outer loop
      vertex 0.380505 0.377007 0.202999
      vertex 0.499393 0.279437 0.202999
      vertex 0.387185 0.384752 0.202999
    endloop
  endfacet
  facet normal 0 0 1
    outer loop
      vertex 0.499393 0.279437 0.202999
      vertex 0.380505 0.377007 0.202999
      vertex 0.497745 0.277325 0.202999
    endloop
  endfacet
  facet normal -0 0 1
    outer loop
      vertex 0.374211 0.368943 0.202999
      vertex 0.497745 0.277325 0.202999
      vertex 0.380505 0.377007 0.202999
    endloop
  endfacet
  facet normal 0 0 1
    outer loop
      vertex 0.708988 0.120656 0.202999
      vertex 0.585455 0.212275 0.202999
      vertex 0.702695 0.112592 0.202999
    endloop
  endfacet
  facet normal -0 0 1
    outer loop
      vertex 0.583806 0.210161 0.202999
      vertex 0.702695 0.112592 0.202999
      vertex 0.585455 0.212275 0.202999
    endloop
  endfacet
  facet normal 0 0 1
    outer loop
      vertex 0.702695 0.112592 0.202999
      vertex 0.583806 0.210161 0.202999
      vertex 0.696013 0.104847 0.202999
    endloop
  endfacet
  facet normal -0 0 1
    outer loop
      vertex 0.582055 0.208133 0.202999
      vertex 0.696013 0.104847 0.202999
      vertex 0.583806 0.210161 0.202999
    endloop
  endfacet
  facet normal 0 0 1
    outer loop
      vertex 0.696013 0.104847 0.202999
      vertex 0.582055 0.208133 0.202999
      vertex 0.688961 0.0974388 0.202999
    endloop
  endfacet
  facet normal -0 0 1
    outer loop
      vertex 0.580208 0.206191 0.202999
      vertex 0.688961 0.0974388 0.202999
      vertex 0.582055 0.208133 0.202999
    endloop
  endfacet
  facet normal 0 0 1
    outer loop
      vertex 0.688961 0.0974388 0.202999
      vertex 0.580208 0.206191 0.202999
      vertex 0.681552 0.0903854 0.202999
    endloop
  endfacet
  facet normal -0 0 1
    outer loop
      vertex 0.578267 0.204344 0.202999
      vertex 0.681552 0.0903854 0.202999
      vertex 0.580208 0.206191 0.202999
    endloop
  endfacet
  facet normal 0 0 1
    outer loop
      vertex 0.681552 0.0903854 0.202999
      vertex 0.578267 0.204344 0.202999
      vertex 0.673807 0.083704 0.202999
    endloop
  endfacet
  facet normal -0 0 1
    outer loop
      vertex 0.576238 0.202593 0.202999
      vertex 0.673807 0.083704 0.202999
      vertex 0.578267 0.204344 0.202999
    endloop
  endfacet
  facet normal 0 0 1
    outer loop
      vertex 0.673807 0.083704 0.202999
      vertex 0.576238 0.202593 0.202999
      vertex 0.665743 0.0774107 0.202999
    endloop
  endfacet
  facet normal -0 0 1
    outer loop
      vertex 0.574124 0.200944 0.202999
      vertex 0.665743 0.0774107 0.202999
      vertex 0.576238 0.202593 0.202999
    endloop
  endfacet
  facet normal 0 0 1
    outer loop
      vertex 0.665743 0.0774107 0.202999
      vertex 0.574124 0.200944 0.202999
      vertex 0.65738 0.0715208 0.202999
    endloop
  endfacet
  facet normal -0 0 1
    outer loop
      vertex 0.571934 0.199401 0.202999
      vertex 0.65738 0.0715208 0.202999
      vertex 0.574124 0.200944 0.202999
    endloop
  endfacet
  facet normal 0 0 1
    outer loop
      vertex 0.65738 0.0715208 0.202999
      vertex 0.571934 0.199401 0.202999
      vertex 0.648739 0.0660486 0.202999
    endloop
  endfacet
  facet normal -0 0 1
    outer loop
      vertex 0.56967 0.197968 0.202999
      vertex 0.648739 0.0660486 0.202999
      vertex 0.571934 0.199401 0.202999
    endloop
  endfacet
  facet normal 0 0 1
    outer loop
      vertex 0.648739 0.0660486 0.202999
      vertex 0.56967 0.197968 0.202999
      vertex 0.639838 0.0610075 0.202999
    endloop
  endfacet
  facet normal -0 0 1
    outer loop
      vertex 0.567338 0.196647 0.202999
      vertex 0.639838 0.0610075 0.202999
      vertex 0.56967 0.197968 0.202999
    endloop
  endfacet
  facet normal 0 0 1
    outer loop
      vertex 0.639838 0.0610075 0.202999
      vertex 0.567338 0.196647 0.202999
      vertex 0.630702 0.0564079 0.202999
    endloop
  endfacet
  facet normal -0 0 1
    outer loop
      vertex 0.564944 0.195441 0.202999
      vertex 0.630702 0.0564079 0.202999
      vertex 0.567338 0.196647 0.202999
    endloop
  endfacet
  facet normal 0 0 1
    outer loop
      vertex 0.630702 0.0564079 0.202999
      vertex 0.564944 0.195441 0.202999
      vertex 0.62135 0.0522633 0.202999
    endloop
  endfacet
  facet normal -0 0 1
    outer loop
      vertex 0.562494 0.194356 0.202999
      vertex 0.62135 0.0522633 0.202999
      vertex 0.564944 0.195441 0.202999
    endloop
  endfacet
  facet normal 0 0 1
    outer loop
      vertex 0.62135 0.0522633 0.202999
      vertex 0.562494 0.194356 0.202999
      vertex 0.611808 0.0485821 0.202999
    endloop
  endfacet
  facet normal -0 0 1
    outer loop
      vertex 0.559994 0.193391 0.202999
      vertex 0.611808 0.0485821 0.202999
      vertex 0.562494 0.194356 0.202999
    endloop
  endfacet
  facet normal 0 0 1
    outer loop
      vertex 0.611808 0.0485821 0.202999
      vertex 0.559994 0.193391 0.202999
      vertex 0.602095 0.045373 0.202999
    endloop
  endfacet
  facet normal -0 0 1
    outer loop
      vertex 0.557449 0.192551 0.202999
      vertex 0.602095 0.045373 0.202999
      vertex 0.559994 0.193391 0.202999
    endloop
  endfacet
  facet normal 0 0 1
    outer loop
      vertex 0.602095 0.045373 0.202999
      vertex 0.557449 0.192551 0.202999
      vertex 0.592237 0.0426455 0.202999
    endloop
  endfacet
  facet normal -0 0 1
    outer loop
      vertex 0.554866 0.191835 0.202999
      vertex 0.592237 0.0426455 0.202999
      vertex 0.557449 0.192551 0.202999
    endloop
  endfacet
  facet normal 0 0 1
    outer loop
      vertex 0.592237 0.0426455 0.202999
      vertex 0.554866 0.191835 0.202999
      vertex 0.582256 0.0404043 0.202999
    endloop
  endfacet
  facet normal -0 0 1
    outer loop
      vertex 0.552252 0.191249 0.202999
      vertex 0.582256 0.0404043 0.202999
      vertex 0.554866 0.191835 0.202999
    endloop
  endfacet
  facet normal 0 0 1
    outer loop
      vertex 0.582256 0.0404043 0.202999
      vertex 0.552252 0.191249 0.202999
      vertex 0.572178 0.0386553 0.202999
    endloop
  endfacet
  facet normal -0 0 1
    outer loop
      vertex 0.549611 0.19079 0.202999
      vertex 0.572178 0.0386553 0.202999
      vertex 0.552252 0.191249 0.202999
    endloop
  endfacet
  facet normal 0 0 1
    outer loop
      vertex 0.572178 0.0386553 0.202999
      vertex 0.549611 0.19079 0.202999
      vertex 0.562026 0.0374031 0.202999
    endloop
  endfacet
  facet normal -0 0 1
    outer loop
      vertex 0.546951 0.190462 0.202999
      vertex 0.562026 0.0374031 0.202999
      vertex 0.549611 0.19079 0.202999
    endloop
  endfacet
  facet normal 0 0 1
    outer loop
      vertex 0.562026 0.0374031 0.202999
      vertex 0.546951 0.190462 0.202999
      vertex 0.551826 0.0366507 0.202999
    endloop
  endfacet
  facet normal -0 0 1
    outer loop
      vertex 0.544278 0.190266 0.202999
      vertex 0.551826 0.0366507 0.202999
      vertex 0.546951 0.190462 0.202999
    endloop
  endfacet
  facet normal -0 0 1
    outer loop
      vertex 0.541599 0.1902 0.202999
      vertex 0.551826 0.0366507 0.202999
      vertex 0.544278 0.190266 0.202999
    endloop
  endfacet
  facet normal 0 0 1
    outer loop
      vertex 0.541599 0.1902 0.202999
      vertex 0.541599 0.0363998 0.202999
      vertex 0.551826 0.0366507 0.202999
    endloop
  endfacet
  facet normal 0 0 1
    outer loop
      vertex 0.53892 0.190266 0.202999
      vertex 0.541599 0.0363998 0.202999
      vertex 0.541599 0.1902 0.202999
    endloop
  endfacet
  facet normal 0 0 1
    outer loop
      vertex 0.531374 0.0366507 0.202999
      vertex 0.53892 0.190266 0.202999
      vertex 0.536248 0.190462 0.202999
    endloop
  endfacet
  facet normal 0 0 1
    outer loop
      vertex 0.521173 0.0374031 0.202999
      vertex 0.536248 0.190462 0.202999
      vertex 0.533588 0.19079 0.202999
    endloop
  endfacet
  facet normal 0 0 1
    outer loop
      vertex 0.53892 0.190266 0.202999
      vertex 0.531374 0.0366507 0.202999
      vertex 0.541599 0.0363998 0.202999
    endloop
  endfacet
  facet normal 0 0 1
    outer loop
      vertex 0.511021 0.0386553 0.202999
      vertex 0.533588 0.19079 0.202999
      vertex 0.530948 0.191249 0.202999
    endloop
  endfacet
  facet normal 0 0 1
    outer loop
      vertex 0.500942 0.0404043 0.202999
      vertex 0.530948 0.191249 0.202999
      vertex 0.528333 0.191835 0.202999
    endloop
  endfacet
  facet normal 0 0 1
    outer loop
      vertex 0.490962 0.0426455 0.202999
      vertex 0.528333 0.191835 0.202999
      vertex 0.52575 0.192551 0.202999
    endloop
  endfacet
  facet normal 0 0 1
    outer loop
      vertex 0.481104 0.045373 0.202999
      vertex 0.52575 0.192551 0.202999
      vertex 0.523206 0.193391 0.202999
    endloop
  endfacet
  facet normal 0 0 1
    outer loop
      vertex 0.536248 0.190462 0.202999
      vertex 0.521173 0.0374031 0.202999
      vertex 0.531374 0.0366507 0.202999
    endloop
  endfacet
  facet normal 0 0 1
    outer loop
      vertex 0.471392 0.0485821 0.202999
      vertex 0.523206 0.193391 0.202999
      vertex 0.520705 0.194356 0.202999
    endloop
  endfacet
  facet normal 0 0 1
    outer loop
      vertex 0.461848 0.0522633 0.202999
      vertex 0.520705 0.194356 0.202999
      vertex 0.518255 0.195441 0.202999
    endloop
  endfacet
  facet normal 0 0 1
    outer loop
      vertex 0.452497 0.0564079 0.202999
      vertex 0.518255 0.195441 0.202999
      vertex 0.515862 0.196647 0.202999
    endloop
  endfacet
  facet normal 0 0 1
    outer loop
      vertex 0.44336 0.0610075 0.202999
      vertex 0.515862 0.196647 0.202999
      vertex 0.51353 0.197968 0.202999
    endloop
  endfacet
  facet normal 0 0 1
    outer loop
      vertex 0.434461 0.0660486 0.202999
      vertex 0.51353 0.197968 0.202999
      vertex 0.511266 0.199401 0.202999
    endloop
  endfacet
  facet normal 0 0 1
    outer loop
      vertex 0.533588 0.19079 0.202999
      vertex 0.511021 0.0386553 0.202999
      vertex 0.521173 0.0374031 0.202999
    endloop
  endfacet
  facet normal 0 0 1
    outer loop
      vertex 0.425818 0.0715208 0.202999
      vertex 0.511266 0.199401 0.202999
      vertex 0.509074 0.200944 0.202999
    endloop
  endfacet
  facet normal 0 0 1
    outer loop
      vertex 0.417456 0.0774107 0.202999
      vertex 0.509074 0.200944 0.202999
      vertex 0.506962 0.202593 0.202999
    endloop
  endfacet
  facet normal 0 0 1
    outer loop
      vertex 0.409392 0.083704 0.202999
      vertex 0.506962 0.202593 0.202999
      vertex 0.504932 0.204344 0.202999
    endloop
  endfacet
  facet normal 0 0 1
    outer loop
      vertex 0.401647 0.0903854 0.202999
      vertex 0.504932 0.204344 0.202999
      vertex 0.502992 0.206191 0.202999
    endloop
  endfacet
  facet normal 0 0 1
    outer loop
      vertex 0.394238 0.0974388 0.202999
      vertex 0.502992 0.206191 0.202999
      vertex 0.501143 0.208133 0.202999
    endloop
  endfacet
  facet normal 0 0 1
    outer loop
      vertex 0.530948 0.191249 0.202999
      vertex 0.500942 0.0404043 0.202999
      vertex 0.511021 0.0386553 0.202999
    endloop
  endfacet
  facet normal 0 0 1
    outer loop
      vertex 0.387185 0.104847 0.202999
      vertex 0.501143 0.208133 0.202999
      vertex 0.499393 0.210161 0.202999
    endloop
  endfacet
  facet normal 0 0 1
    outer loop
      vertex 0.380505 0.112592 0.202999
      vertex 0.499393 0.210161 0.202999
      vertex 0.497745 0.212275 0.202999
    endloop
  endfacet
  facet normal 0 0 1
    outer loop
      vertex 0.374211 0.120656 0.202999
      vertex 0.497745 0.212275 0.202999
      vertex 0.496202 0.214465 0.202999
    endloop
  endfacet
  facet normal 0 0 1
    outer loop
      vertex 0.368321 0.129019 0.202999
      vertex 0.496202 0.214465 0.202999
      vertex 0.494767 0.216729 0.202999
    endloop
  endfacet
  facet normal 0 0 1
    outer loop
      vertex 0.362849 0.137661 0.202999
      vertex 0.494767 0.216729 0.202999
      vertex 0.493446 0.219061 0.202999
    endloop
  endfacet
  facet normal 0 0 1
    outer loop
      vertex 0.357807 0.146561 0.202999
      vertex 0.493446 0.219061 0.202999
      vertex 0.492242 0.221455 0.202999
    endloop
  endfacet
  facet normal 0 0 1
    outer loop
      vertex 0.353209 0.155697 0.202999
      vertex 0.492242 0.221455 0.202999
      vertex 0.491156 0.223905 0.202999
    endloop
  endfacet
  facet normal 0 0 1
    outer loop
      vertex 0.528333 0.191835 0.202999
      vertex 0.490962 0.0426455 0.202999
      vertex 0.500942 0.0404043 0.202999
    endloop
  endfacet
  facet normal 0 0 1
    outer loop
      vertex 0.349063 0.165049 0.202999
      vertex 0.491156 0.223905 0.202999
      vertex 0.490191 0.226405 0.202999
    endloop
  endfacet
  facet normal 0 0 1
    outer loop
      vertex 0.345382 0.174592 0.202999
      vertex 0.490191 0.226405 0.202999
      vertex 0.48935 0.22895 0.202999
    endloop
  endfacet
  facet normal 0 0 1
    outer loop
      vertex 0.342174 0.184304 0.202999
      vertex 0.48935 0.22895 0.202999
      vertex 0.488636 0.231533 0.202999
    endloop
  endfacet
  facet normal 0 0 1
    outer loop
      vertex 0.339445 0.194162 0.202999
      vertex 0.488636 0.231533 0.202999
      vertex 0.488049 0.234148 0.202999
    endloop
  endfacet
  facet normal 0 0 1
    outer loop
      vertex 0.337204 0.204143 0.202999
      vertex 0.488049 0.234148 0.202999
      vertex 0.487591 0.236788 0.202999
    endloop
  endfacet
  facet normal 0 0 1
    outer loop
      vertex 0.335199 0.216293 0.202999
      vertex 0.487591 0.236788 0.202999
      vertex 0.487263 0.239448 0.202999
    endloop
  endfacet
  facet normal 0 0 1
    outer loop
      vertex 0.335199 0.216293 0.202999
      vertex 0.487263 0.239448 0.202999
      vertex 0.487065 0.242121 0.202999
    endloop
  endfacet
  facet normal 0 0 1
    outer loop
      vertex 0.335199 0.216293 0.202999
      vertex 0.487065 0.242121 0.202999
      vertex 0.487 0.2448 0.202999
    endloop
  endfacet
  facet normal 0 0 1
    outer loop
      vertex 0.497745 0.277325 0.202999
      vertex 0.374211 0.368943 0.202999
      vertex 0.496202 0.275134 0.202999
    endloop
  endfacet
  facet normal 0 0 1
    outer loop
      vertex 0.52575 0.192551 0.202999
      vertex 0.481104 0.045373 0.202999
      vertex 0.490962 0.0426455 0.202999
    endloop
  endfacet
  facet normal -0 0 1
    outer loop
      vertex 0.368321 0.36058 0.202999
      vertex 0.496202 0.275134 0.202999
      vertex 0.374211 0.368943 0.202999
    endloop
  endfacet
  facet normal 0 0 1
    outer loop
      vertex 0.523206 0.193391 0.202999
      vertex 0.471392 0.0485821 0.202999
      vertex 0.481104 0.045373 0.202999
    endloop
  endfacet
  facet normal 0 0 1
    outer loop
      vertex 0.496202 0.275134 0.202999
      vertex 0.368321 0.36058 0.202999
      vertex 0.494767 0.272869 0.202999
    endloop
  endfacet
  facet normal 0 0 1
    outer loop
      vertex 0.520705 0.194356 0.202999
      vertex 0.461848 0.0522633 0.202999
      vertex 0.471392 0.0485821 0.202999
    endloop
  endfacet
  facet normal -0 0 1
    outer loop
      vertex 0.362849 0.351938 0.202999
      vertex 0.494767 0.272869 0.202999
      vertex 0.368321 0.36058 0.202999
    endloop
  endfacet
  facet normal 0 0 1
    outer loop
      vertex 0.518255 0.195441 0.202999
      vertex 0.452497 0.0564079 0.202999
      vertex 0.461848 0.0522633 0.202999
    endloop
  endfacet
  facet normal 0 0 1
    outer loop
      vertex 0.494767 0.272869 0.202999
      vertex 0.362849 0.351938 0.202999
      vertex 0.493446 0.270537 0.202999
    endloop
  endfacet
  facet normal 0 0 1
    outer loop
      vertex 0.515862 0.196647 0.202999
      vertex 0.44336 0.0610075 0.202999
      vertex 0.452497 0.0564079 0.202999
    endloop
  endfacet
  facet normal -0 0 1
    outer loop
      vertex 0.357807 0.343039 0.202999
      vertex 0.493446 0.270537 0.202999
      vertex 0.362849 0.351938 0.202999
    endloop
  endfacet
  facet normal 0 0 1
    outer loop
      vertex 0.51353 0.197968 0.202999
      vertex 0.434461 0.0660486 0.202999
      vertex 0.44336 0.0610075 0.202999
    endloop
  endfacet
  facet normal 0 0 1
    outer loop
      vertex 0.493446 0.270537 0.202999
      vertex 0.357807 0.343039 0.202999
      vertex 0.492242 0.268144 0.202999
    endloop
  endfacet
  facet normal 0 0 1
    outer loop
      vertex 0.511266 0.199401 0.202999
      vertex 0.425818 0.0715208 0.202999
      vertex 0.434461 0.0660486 0.202999
    endloop
  endfacet
  facet normal -0 0 1
    outer loop
      vertex 0.353209 0.333902 0.202999
      vertex 0.492242 0.268144 0.202999
      vertex 0.357807 0.343039 0.202999
    endloop
  endfacet
  facet normal 0 0 1
    outer loop
      vertex 0.509074 0.200944 0.202999
      vertex 0.417456 0.0774107 0.202999
      vertex 0.425818 0.0715208 0.202999
    endloop
  endfacet
  facet normal 0 0 1
    outer loop
      vertex 0.492242 0.268144 0.202999
      vertex 0.353209 0.333902 0.202999
      vertex 0.491156 0.265694 0.202999
    endloop
  endfacet
  facet normal 0 0 1
    outer loop
      vertex 0.506962 0.202593 0.202999
      vertex 0.409392 0.083704 0.202999
      vertex 0.417456 0.0774107 0.202999
    endloop
  endfacet
  facet normal -0 0 1
    outer loop
      vertex 0.349063 0.324551 0.202999
      vertex 0.491156 0.265694 0.202999
      vertex 0.353209 0.333902 0.202999
    endloop
  endfacet
  facet normal 0 0 1
    outer loop
      vertex 0.504932 0.204344 0.202999
      vertex 0.401647 0.0903854 0.202999
      vertex 0.409392 0.083704 0.202999
    endloop
  endfacet
  facet normal 0 0 1
    outer loop
      vertex 0.491156 0.265694 0.202999
      vertex 0.349063 0.324551 0.202999
      vertex 0.490191 0.263194 0.202999
    endloop
  endfacet
  facet normal 0 0 1
    outer loop
      vertex 0.502992 0.206191 0.202999
      vertex 0.394238 0.0974388 0.202999
      vertex 0.401647 0.0903854 0.202999
    endloop
  endfacet
  facet normal -0 0 1
    outer loop
      vertex 0.345382 0.315007 0.202999
      vertex 0.490191 0.263194 0.202999
      vertex 0.349063 0.324551 0.202999
    endloop
  endfacet
  facet normal 0 0 1
    outer loop
      vertex 0.501143 0.208133 0.202999
      vertex 0.387185 0.104847 0.202999
      vertex 0.394238 0.0974388 0.202999
    endloop
  endfacet
  facet normal 0 0 1
    outer loop
      vertex 0.490191 0.263194 0.202999
      vertex 0.345382 0.315007 0.202999
      vertex 0.48935 0.260649 0.202999
    endloop
  endfacet
  facet normal 0 0 1
    outer loop
      vertex 0.499393 0.210161 0.202999
      vertex 0.380505 0.112592 0.202999
      vertex 0.387185 0.104847 0.202999
    endloop
  endfacet
  facet normal -0 0 1
    outer loop
      vertex 0.342174 0.305295 0.202999
      vertex 0.48935 0.260649 0.202999
      vertex 0.345382 0.315007 0.202999
    endloop
  endfacet
  facet normal 0 0 1
    outer loop
      vertex 0.497745 0.212275 0.202999
      vertex 0.374211 0.120656 0.202999
      vertex 0.380505 0.112592 0.202999
    endloop
  endfacet
  facet normal 0 0 1
    outer loop
      vertex 0.48935 0.260649 0.202999
      vertex 0.342174 0.305295 0.202999
      vertex 0.488636 0.258066 0.202999
    endloop
  endfacet
  facet normal 0 0 1
    outer loop
      vertex 0.496202 0.214465 0.202999
      vertex 0.368321 0.129019 0.202999
      vertex 0.374211 0.120656 0.202999
    endloop
  endfacet
  facet normal -0 0 1
    outer loop
      vertex 0.339445 0.295437 0.202999
      vertex 0.488636 0.258066 0.202999
      vertex 0.342174 0.305295 0.202999
    endloop
  endfacet
  facet normal 0 0 1
    outer loop
      vertex 0.494767 0.216729 0.202999
      vertex 0.362849 0.137661 0.202999
      vertex 0.368321 0.129019 0.202999
    endloop
  endfacet
  facet normal 0 0 1
    outer loop
      vertex 0.488636 0.258066 0.202999
      vertex 0.339445 0.295437 0.202999
      vertex 0.488049 0.255451 0.202999
    endloop
  endfacet
  facet normal 0 0 1
    outer loop
      vertex 0.493446 0.219061 0.202999
      vertex 0.357807 0.146561 0.202999
      vertex 0.362849 0.137661 0.202999
    endloop
  endfacet
  facet normal -0 0 1
    outer loop
      vertex 0.337204 0.285457 0.202999
      vertex 0.488049 0.255451 0.202999
      vertex 0.339445 0.295437 0.202999
    endloop
  endfacet
  facet normal 0 0 1
    outer loop
      vertex 0.492242 0.221455 0.202999
      vertex 0.353209 0.155697 0.202999
      vertex 0.357807 0.146561 0.202999
    endloop
  endfacet
  facet normal 0 0 1
    outer loop
      vertex 0.488049 0.255451 0.202999
      vertex 0.337204 0.285457 0.202999
      vertex 0.487591 0.252811 0.202999
    endloop
  endfacet
  facet normal 0 0 1
    outer loop
      vertex 0.491156 0.223905 0.202999
      vertex 0.349063 0.165049 0.202999
      vertex 0.353209 0.155697 0.202999
    endloop
  endfacet
  facet normal -0 0 1
    outer loop
      vertex 0.335455 0.275378 0.202999
      vertex 0.487591 0.252811 0.202999
      vertex 0.337204 0.285457 0.202999
    endloop
  endfacet
  facet normal 0 0 1
    outer loop
      vertex 0.490191 0.226405 0.202999
      vertex 0.345382 0.174592 0.202999
      vertex 0.349063 0.165049 0.202999
    endloop
  endfacet
  facet normal -0 0 1
    outer loop
      vertex 0.335199 0.273306 0.202999
      vertex 0.487591 0.252811 0.202999
      vertex 0.335455 0.275378 0.202999
    endloop
  endfacet
  facet normal 0 0 1
    outer loop
      vertex 0.48935 0.22895 0.202999
      vertex 0.342174 0.184304 0.202999
      vertex 0.345382 0.174592 0.202999
    endloop
  endfacet
  facet normal 0 0 1
    outer loop
      vertex 0.487591 0.252811 0.202999
      vertex 0.335199 0.273306 0.202999
      vertex 0.487263 0.250152 0.202999
    endloop
  endfacet
  facet normal 0 0 1
    outer loop
      vertex 0.488636 0.231533 0.202999
      vertex 0.339445 0.194162 0.202999
      vertex 0.342174 0.184304 0.202999
    endloop
  endfacet
  facet normal 0 0 1
    outer loop
      vertex 0.487263 0.250152 0.202999
      vertex 0.335199 0.273306 0.202999
      vertex 0.487065 0.247478 0.202999
    endloop
  endfacet
  facet normal 0 0 1
    outer loop
      vertex 0.488049 0.234148 0.202999
      vertex 0.337204 0.204143 0.202999
      vertex 0.339445 0.194162 0.202999
    endloop
  endfacet
  facet normal 0 0 1
    outer loop
      vertex 0.487065 0.247478 0.202999
      vertex 0.335199 0.273306 0.202999
      vertex 0.487 0.2448 0.202999
    endloop
  endfacet
  facet normal 0 0 1
    outer loop
      vertex 0.335199 0.216293 0.202999
      vertex 0.487 0.2448 0.202999
      vertex 0.335199 0.273306 0.202999
    endloop
  endfacet
  facet normal 0 0 1
    outer loop
      vertex 0.487591 0.236788 0.202999
      vertex 0.335199 0.216293 0.202999
      vertex 0.335455 0.214221 0.202999
    endloop
  endfacet
  facet normal 0 0 1
    outer loop
      vertex 0.487591 0.236788 0.202999
      vertex 0.335455 0.214221 0.202999
      vertex 0.337204 0.204143 0.202999
    endloop
  endfacet
  facet normal 0.997293 -0.0735259 0
    outer loop
      vertex 0.748996 0.224373 0.202999
      vertex 0.749748 0.234573 0
      vertex 0.749748 0.234573 0.202999
    endloop
  endfacet
  facet normal 0.997293 -0.0735259 0
    outer loop
      vertex 0.749748 0.234573 0
      vertex 0.748996 0.224373 0.202999
      vertex 0.748996 0.224373 0
    endloop
  endfacet
  facet normal 0.963778 -0.266706 0
    outer loop
      vertex 0.741026 0.184304 0.202999
      vertex 0.743754 0.194162 0
      vertex 0.743754 0.194162 0.202999
    endloop
  endfacet
  facet normal 0.963778 -0.266706 0
    outer loop
      vertex 0.743754 0.194162 0
      vertex 0.741026 0.184304 0.202999
      vertex 0.741026 0.184304 0
    endloop
  endfacet
  facet normal 0.219091 -0.975704 0
    outer loop
      vertex 0.582256 0.0404043 0
      vertex 0.592237 0.0426455 0.202999
      vertex 0.582256 0.0404043 0.202999
    endloop
  endfacet
  facet normal 0.219091 -0.975704 0
    outer loop
      vertex 0.592237 0.0426455 0.202999
      vertex 0.582256 0.0404043 0
      vertex 0.592237 0.0426455 0
    endloop
  endfacet
  facet normal 0.405171 -0.914241 0
    outer loop
      vertex 0.62135 0.0522633 0
      vertex 0.630702 0.0564079 0.202999
      vertex 0.62135 0.0522633 0.202999
    endloop
  endfacet
  facet normal 0.405171 -0.914241 0
    outer loop
      vertex 0.630702 0.0564079 0.202999
      vertex 0.62135 0.0522633 0
      vertex 0.630702 0.0564079 0
    endloop
  endfacet
  facet normal 0.313713 -0.949518 0
    outer loop
      vertex 0.602095 0.045373 0
      vertex 0.611808 0.0485821 0.202999
      vertex 0.602095 0.045373 0.202999
    endloop
  endfacet
  facet normal 0.313713 -0.949518 0
    outer loop
      vertex 0.611808 0.0485821 0.202999
      vertex 0.602095 0.045373 0
      vertex 0.611808 0.0485821 0
    endloop
  endfacet
  facet normal 0.653202 -0.757184 0
    outer loop
      vertex 0.673807 0.083704 0
      vertex 0.681552 0.0903854 0.202999
      vertex 0.673807 0.083704 0.202999
    endloop
  endfacet
  facet normal 0.653202 -0.757184 0
    outer loop
      vertex 0.681552 0.0903854 0.202999
      vertex 0.673807 0.083704 0
      vertex 0.681552 0.0903854 0
    endloop
  endfacet
  facet normal 0.724305 -0.689479 0
    outer loop
      vertex 0.688961 0.0974388 0.202999
      vertex 0.696013 0.104847 0
      vertex 0.696013 0.104847 0.202999
    endloop
  endfacet
  facet normal 0.724305 -0.689479 0
    outer loop
      vertex 0.696013 0.104847 0
      vertex 0.688961 0.0974388 0.202999
      vertex 0.688961 0.0974388 0
    endloop
  endfacet
  facet normal 0.492805 -0.87014 0
    outer loop
      vertex 0.639838 0.0610075 0
      vertex 0.648739 0.0660486 0.202999
      vertex 0.639838 0.0610075 0.202999
    endloop
  endfacet
  facet normal 0.492805 -0.87014 0
    outer loop
      vertex 0.648739 0.0660486 0.202999
      vertex 0.639838 0.0610075 0
      vertex 0.648739 0.0660486 0
    endloop
  endfacet
  facet normal 0.893212 -0.449637 0
    outer loop
      vertex 0.725392 0.146561 0.202999
      vertex 0.729991 0.155697 0
      vertex 0.729991 0.155697 0.202999
    endloop
  endfacet
  facet normal 0.893212 -0.449637 0
    outer loop
      vertex 0.729991 0.155697 0
      vertex 0.725392 0.146561 0.202999
      vertex 0.725392 0.146561 0
    endloop
  endfacet
  facet normal 0.788356 -0.615219 0
    outer loop
      vertex 0.702695 0.112592 0.202999
      vertex 0.708988 0.120656 0
      vertex 0.708988 0.120656 0.202999
    endloop
  endfacet
  facet normal 0.788356 -0.615219 0
    outer loop
      vertex 0.708988 0.120656 0
      vertex 0.702695 0.112592 0.202999
      vertex 0.702695 0.112592 0
    endloop
  endfacet
  facet normal -0.0735577 -0.997291 0
    outer loop
      vertex 0.521173 0.0374031 0
      vertex 0.531374 0.0366507 0.202999
      vertex 0.521173 0.0374031 0.202999
    endloop
  endfacet
  facet normal -0.0735577 -0.997291 -0
    outer loop
      vertex 0.531374 0.0366507 0.202999
      vertex 0.521173 0.0374031 0
      vertex 0.531374 0.0366507 0
    endloop
  endfacet
  facet normal -0.26666 -0.963791 0
    outer loop
      vertex 0.481104 0.045373 0
      vertex 0.490962 0.0426455 0.202999
      vertex 0.481104 0.045373 0.202999
    endloop
  endfacet
  facet normal -0.26666 -0.963791 -0
    outer loop
      vertex 0.490962 0.0426455 0.202999
      vertex 0.481104 0.045373 0
      vertex 0.490962 0.0426455 0
    endloop
  endfacet
  facet normal -0.449644 -0.893208 0
    outer loop
      vertex 0.44336 0.0610075 0
      vertex 0.452497 0.0564079 0.202999
      vertex 0.44336 0.0610075 0.202999
    endloop
  endfacet
  facet normal -0.449644 -0.893208 -0
    outer loop
      vertex 0.452497 0.0564079 0.202999
      vertex 0.44336 0.0610075 0
      vertex 0.452497 0.0564079 0
    endloop
  endfacet
  facet normal -0.615237 -0.788342 0
    outer loop
      vertex 0.409392 0.083704 0
      vertex 0.417456 0.0774107 0.202999
      vertex 0.409392 0.083704 0.202999
    endloop
  endfacet
  facet normal -0.615237 -0.788342 -0
    outer loop
      vertex 0.417456 0.0774107 0.202999
      vertex 0.409392 0.083704 0
      vertex 0.417456 0.0774107 0
    endloop
  endfacet
  facet normal -0.91419 -0.405286 0
    outer loop
      vertex 0.353209 0.155697 0
      vertex 0.349063 0.165049 0.202999
      vertex 0.349063 0.165049 0
    endloop
  endfacet
  facet normal -0.91419 -0.405286 0
    outer loop
      vertex 0.349063 0.165049 0.202999
      vertex 0.353209 0.155697 0
      vertex 0.353209 0.155697 0.202999
    endloop
  endfacet
  facet normal -0.870078 -0.492914 0
    outer loop
      vertex 0.362849 0.137661 0
      vertex 0.357807 0.146561 0.202999
      vertex 0.357807 0.146561 0
    endloop
  endfacet
  facet normal -0.870078 -0.492914 0
    outer loop
      vertex 0.357807 0.146561 0.202999
      vertex 0.362849 0.137661 0
      vertex 0.362849 0.137661 0.202999
    endloop
  endfacet
  facet normal -0.757252 -0.653123 0
    outer loop
      vertex 0.387185 0.104847 0
      vertex 0.380505 0.112592 0.202999
      vertex 0.380505 0.112592 0
    endloop
  endfacet
  facet normal -0.757252 -0.653123 0
    outer loop
      vertex 0.380505 0.112592 0.202999
      vertex 0.387185 0.104847 0
      vertex 0.387185 0.104847 0.202999
    endloop
  endfacet
  facet normal 1 -0 0
    outer loop
      vertex 0.335199 0.2148 0.202999
      vertex 0.335199 0.216293 0
      vertex 0.335199 0.216293 0.202999
    endloop
  endfacet
  facet normal 1 0 0
    outer loop
      vertex 0.335199 0.216293 0
      vertex 0.335199 0.2148 0.202999
      vertex 0.335199 0.2148 0
    endloop
  endfacet
  facet normal 1 -0 0
    outer loop
      vertex 0.335199 0.273306 0.202999
      vertex 0.335199 0.274799 0
      vertex 0.335199 0.274799 0.202999
    endloop
  endfacet
  facet normal 1 0 0
    outer loop
      vertex 0.335199 0.274799 0
      vertex 0.335199 0.273306 0.202999
      vertex 0.335199 0.273306 0
    endloop
  endfacet
  facet normal 0 1 -0
    outer loop
      vertex 0.335199 0.274799 0
      vertex 0.303421 0.274799 0.202999
      vertex 0.335199 0.274799 0.202999
    endloop
  endfacet
  facet normal 0 1 0
    outer loop
      vertex 0.303421 0.274799 0.202999
      vertex 0.335199 0.274799 0
      vertex 0.303421 0.274799 0
    endloop
  endfacet
  facet normal 0 -1 0
    outer loop
      vertex 0.303421 0.2148 0
      vertex 0.335199 0.2148 0.202999
      vertex 0.303421 0.2148 0.202999
    endloop
  endfacet
  facet normal 0 -1 -0
    outer loop
      vertex 0.335199 0.2148 0.202999
      vertex 0.303421 0.2148 0
      vertex 0.335199 0.2148 0
    endloop
  endfacet
  facet normal -0.992479 -0.122419 0
    outer loop
      vertex 0.225256 0.430198 0
      vertex 0.224827 0.433676 0.1769
      vertex 0.224827 0.433676 0
    endloop
  endfacet
  facet normal -0.992479 -0.122419 0
    outer loop
      vertex 0.224827 0.433676 0.1769
      vertex 0.225256 0.430198 0
      vertex 0.225256 0.430198 0.1769
    endloop
  endfacet
  facet normal -0.999699 -0.02455 0
    outer loop
      vertex 0.225599 0.4232 0
      vertex 0.225513 0.426702 0.1769
      vertex 0.225513 0.426702 0
    endloop
  endfacet
  facet normal -0.999699 -0.02455 0
    outer loop
      vertex 0.225513 0.426702 0.1769
      vertex 0.225599 0.4232 0
      vertex 0.225599 0.4232 0.1769
    endloop
  endfacet
  facet normal 0.0242509 -0.999706 0
    outer loop
      vertex 0.150696 0.494514 0
      vertex 0.1542 0.494599 0.1769
      vertex 0.150696 0.494514 0.1769
    endloop
  endfacet
  facet normal 0.0242509 -0.999706 0
    outer loop
      vertex 0.1542 0.494599 0.1769
      vertex 0.150696 0.494514 0
      vertex 0.1542 0.494599 0
    endloop
  endfacet
  facet normal -0.689491 -0.724294 0
    outer loop
      vertex 0.202148 0.476104 0
      vertex 0.204687 0.473687 0.1769
      vertex 0.202148 0.476104 0.1769
    endloop
  endfacet
  facet normal -0.689491 -0.724294 -0
    outer loop
      vertex 0.204687 0.473687 0.1769
      vertex 0.202148 0.476104 0
      vertex 0.204687 0.473687 0
    endloop
  endfacet
  facet normal 0.724294 -0.689491 0
    outer loop
      vertex 0.101295 0.471148 0.1769
      vertex 0.103712 0.473687 0
      vertex 0.103712 0.473687 0.1769
    endloop
  endfacet
  facet normal 0.724294 -0.689491 0
    outer loop
      vertex 0.103712 0.473687 0
      vertex 0.101295 0.471148 0.1769
      vertex 0.101295 0.471148 0
    endloop
  endfacet
  facet normal -0.914235 -0.405185 0
    outer loop
      vertex 0.220164 0.450523 0
      vertex 0.218744 0.453727 0.1769
      vertex 0.218744 0.453727 0
    endloop
  endfacet
  facet normal -0.914235 -0.405185 0
    outer loop
      vertex 0.218744 0.453727 0.1769
      vertex 0.220164 0.450523 0
      vertex 0.220164 0.450523 0.1769
    endloop
  endfacet
  facet normal 0.817647 -0.57572 0
    outer loop
      vertex 0.0948324 0.462867 0.1769
      vertex 0.0968504 0.465733 0
      vertex 0.0968504 0.465733 0.1769
    endloop
  endfacet
  facet normal 0.817647 -0.57572 0
    outer loop
      vertex 0.0968504 0.465733 0
      vertex 0.0948324 0.462867 0.1769
      vertex 0.0948324 0.462867 0
    endloop
  endfacet
  facet normal -0.870116 0.492847 0
    outer loop
      vertex 0.215442 0.386493 0
      vertex 0.217169 0.389542 0.1769
      vertex 0.217169 0.389542 0
    endloop
  endfacet
  facet normal -0.870116 0.492847 0
    outer loop
      vertex 0.217169 0.389542 0.1769
      vertex 0.215442 0.386493 0
      vertex 0.215442 0.386493 0.1769
    endloop
  endfacet
  facet normal 0.932925 0.360071 0
    outer loop
      vertex 0.0882349 0.395876 0.1769
      vertex 0.0869732 0.399145 0
      vertex 0.0869732 0.399145 0.1769
    endloop
  endfacet
  facet normal 0.932925 0.360071 0
    outer loop
      vertex 0.0869732 0.399145 0
      vertex 0.0882349 0.395876 0.1769
      vertex 0.0882349 0.395876 0
    endloop
  endfacet
  facet normal -0.985285 -0.17092 0
    outer loop
      vertex 0.224827 0.433676 0
      vertex 0.224228 0.437129 0.1769
      vertex 0.224228 0.437129 0
    endloop
  endfacet
  facet normal -0.985285 -0.17092 0
    outer loop
      vertex 0.224228 0.437129 0.1769
      vertex 0.224827 0.433676 0
      vertex 0.224827 0.433676 0.1769
    endloop
  endfacet
  facet normal -0.219438 -0.975627 0
    outer loop
      vertex 0.168129 0.493228 0
      vertex 0.171548 0.492459 0.1769
      vertex 0.168129 0.493228 0.1769
    endloop
  endfacet
  facet normal -0.219438 -0.975627 -0
    outer loop
      vertex 0.171548 0.492459 0.1769
      vertex 0.168129 0.493228 0
      vertex 0.171548 0.492459 0
    endloop
  endfacet
  facet normal -0.266496 -0.963836 0
    outer loop
      vertex 0.171548 0.492459 0
      vertex 0.174926 0.491525 0.1769
      vertex 0.171548 0.492459 0.1769
    endloop
  endfacet
  facet normal -0.266496 -0.963836 -0
    outer loop
      vertex 0.174926 0.491525 0.1769
      vertex 0.171548 0.492459 0
      vertex 0.174926 0.491525 0
    endloop
  endfacet
  facet normal 0.975706 -0.219084 0
    outer loop
      vertex 0.0841713 0.437129 0.1769
      vertex 0.084939 0.440548 0
      vertex 0.084939 0.440548 0.1769
    endloop
  endfacet
  facet normal 0.975706 -0.219084 0
    outer loop
      vertex 0.084939 0.440548 0
      vertex 0.0841713 0.437129 0.1769
      vertex 0.0841713 0.437129 0
    endloop
  endfacet
  facet normal 0.893283 -0.449495 0
    outer loop
      vertex 0.0896549 0.453727 0.1769
      vertex 0.0912304 0.456858 0
      vertex 0.0912304 0.456858 0.1769
    endloop
  endfacet
  facet normal 0.893283 -0.449495 0
    outer loop
      vertex 0.0912304 0.456858 0
      vertex 0.0896549 0.453727 0.1769
      vertex 0.0896549 0.453727 0
    endloop
  endfacet
  facet normal 0.963792 -0.266655 0
    outer loop
      vertex 0.084939 0.440548 0.1769
      vertex 0.0858736 0.443926 0
      vertex 0.0858736 0.443926 0.1769
    endloop
  endfacet
  facet normal 0.963792 -0.266655 0
    outer loop
      vertex 0.0858736 0.443926 0
      vertex 0.084939 0.440548 0.1769
      vertex 0.084939 0.440548 0
    endloop
  endfacet
  facet normal 0.9997 0.024479 0
    outer loop
      vertex 0.0828857 0.419696 0.1769
      vertex 0.0827999 0.4232 0
      vertex 0.0827999 0.4232 0.1769
    endloop
  endfacet
  facet normal 0.9997 0.024479 0
    outer loop
      vertex 0.0827999 0.4232 0
      vertex 0.0828857 0.419696 0.1769
      vertex 0.0828857 0.419696 0
    endloop
  endfacet
  facet normal 0.492847 -0.870116 0
    outer loop
      vertex 0.117493 0.484442 0
      vertex 0.120542 0.486169 0.1769
      vertex 0.117493 0.484442 0.1769
    endloop
  endfacet
  facet normal 0.492847 -0.870116 0
    outer loop
      vertex 0.120542 0.486169 0.1769
      vertex 0.117493 0.484442 0
      vertex 0.120542 0.486169 0
    endloop
  endfacet
  facet normal 0.534991 -0.844858 0
    outer loop
      vertex 0.114532 0.482567 0
      vertex 0.117493 0.484442 0.1769
      vertex 0.114532 0.482567 0.1769
    endloop
  endfacet
  facet normal 0.534991 -0.844858 0
    outer loop
      vertex 0.117493 0.484442 0.1769
      vertex 0.114532 0.482567 0
      vertex 0.117493 0.484442 0
    endloop
  endfacet
  facet normal -0.992479 0.122419 0
    outer loop
      vertex 0.224827 0.412723 0
      vertex 0.225256 0.416201 0.1769
      vertex 0.225256 0.416201 0
    endloop
  endfacet
  facet normal -0.992479 0.122419 0
    outer loop
      vertex 0.225256 0.416201 0.1769
      vertex 0.224827 0.412723 0
      vertex 0.224827 0.412723 0.1769
    endloop
  endfacet
  facet normal -0.975688 -0.219166 0
    outer loop
      vertex 0.224228 0.437129 0
      vertex 0.22346 0.440548 0.1769
      vertex 0.22346 0.440548 0
    endloop
  endfacet
  facet normal -0.975688 -0.219166 0
    outer loop
      vertex 0.22346 0.440548 0.1769
      vertex 0.224228 0.437129 0
      vertex 0.224228 0.437129 0.1769
    endloop
  endfacet
  facet normal -0.963763 -0.266761 0
    outer loop
      vertex 0.22346 0.440548 0
      vertex 0.222525 0.443926 0.1769
      vertex 0.222525 0.443926 0
    endloop
  endfacet
  facet normal -0.963763 -0.266761 0
    outer loop
      vertex 0.222525 0.443926 0.1769
      vertex 0.22346 0.440548 0
      vertex 0.22346 0.440548 0.1769
    endloop
  endfacet
  facet normal -0.932933 -0.360049 0
    outer loop
      vertex 0.221426 0.447253 0
      vertex 0.220164 0.450523 0.1769
      vertex 0.220164 0.450523 0
    endloop
  endfacet
  facet normal -0.932933 -0.360049 0
    outer loop
      vertex 0.220164 0.450523 0.1769
      vertex 0.221426 0.447253 0
      vertex 0.221426 0.447253 0.1769
    endloop
  endfacet
  facet normal -0.949536 -0.313658 0
    outer loop
      vertex 0.222525 0.443926 0
      vertex 0.221426 0.447253 0.1769
      vertex 0.221426 0.447253 0
    endloop
  endfacet
  facet normal -0.949536 -0.313658 0
    outer loop
      vertex 0.221426 0.447253 0.1769
      vertex 0.222525 0.443926 0
      vertex 0.222525 0.443926 0.1769
    endloop
  endfacet
  facet normal -0.788275 -0.615323 0
    outer loop
      vertex 0.211549 0.465733 0
      vertex 0.209393 0.468495 0.1769
      vertex 0.209393 0.468495 0
    endloop
  endfacet
  facet normal -0.788275 -0.615323 0
    outer loop
      vertex 0.209393 0.468495 0.1769
      vertex 0.211549 0.465733 0
      vertex 0.211549 0.465733 0.1769
    endloop
  endfacet
  facet normal -0.724294 -0.689491 0
    outer loop
      vertex 0.207104 0.471148 0
      vertex 0.204687 0.473687 0.1769
      vertex 0.204687 0.473687 0
    endloop
  endfacet
  facet normal -0.724294 -0.689491 0
    outer loop
      vertex 0.204687 0.473687 0.1769
      vertex 0.207104 0.471148 0
      vertex 0.207104 0.471148 0.1769
    endloop
  endfacet
  facet normal -0.757137 -0.653256 0
    outer loop
      vertex 0.209393 0.468495 0
      vertex 0.207104 0.471148 0.1769
      vertex 0.207104 0.471148 0
    endloop
  endfacet
  facet normal -0.757137 -0.653256 0
    outer loop
      vertex 0.207104 0.471148 0.1769
      vertex 0.209393 0.468495 0
      vertex 0.209393 0.468495 0.1769
    endloop
  endfacet
  facet normal -0.817647 -0.57572 0
    outer loop
      vertex 0.213567 0.462867 0
      vertex 0.211549 0.465733 0.1769
      vertex 0.211549 0.465733 0
    endloop
  endfacet
  facet normal -0.817647 -0.57572 0
    outer loop
      vertex 0.211549 0.465733 0.1769
      vertex 0.213567 0.462867 0
      vertex 0.213567 0.462867 0.1769
    endloop
  endfacet
  facet normal -0.89334 -0.449381 0
    outer loop
      vertex 0.218744 0.453727 0
      vertex 0.217169 0.456858 0.1769
      vertex 0.217169 0.456858 0
    endloop
  endfacet
  facet normal -0.89334 -0.449381 0
    outer loop
      vertex 0.217169 0.456858 0.1769
      vertex 0.218744 0.453727 0
      vertex 0.218744 0.453727 0.1769
    endloop
  endfacet
  facet normal -0.844776 -0.53512 0
    outer loop
      vertex 0.215442 0.459907 0
      vertex 0.213567 0.462867 0.1769
      vertex 0.213567 0.462867 0
    endloop
  endfacet
  facet normal -0.844776 -0.53512 0
    outer loop
      vertex 0.213567 0.462867 0.1769
      vertex 0.215442 0.459907 0
      vertex 0.215442 0.459907 0.1769
    endloop
  endfacet
  facet normal -0.870116 -0.492847 0
    outer loop
      vertex 0.217169 0.456858 0
      vertex 0.215442 0.459907 0.1769
      vertex 0.215442 0.459907 0
    endloop
  endfacet
  facet normal -0.870116 -0.492847 0
    outer loop
      vertex 0.215442 0.459907 0.1769
      vertex 0.217169 0.456858 0
      vertex 0.217169 0.456858 0.1769
    endloop
  endfacet
  facet normal -0.313658 -0.949536 0
    outer loop
      vertex 0.174926 0.491525 0
      vertex 0.178253 0.490426 0.1769
      vertex 0.174926 0.491525 0.1769
    endloop
  endfacet
  facet normal -0.313658 -0.949536 -0
    outer loop
      vertex 0.178253 0.490426 0.1769
      vertex 0.174926 0.491525 0
      vertex 0.178253 0.490426 0
    endloop
  endfacet
  facet normal -0.17092 -0.985285 0
    outer loop
      vertex 0.164676 0.493827 0
      vertex 0.168129 0.493228 0.1769
      vertex 0.164676 0.493827 0.1769
    endloop
  endfacet
  facet normal -0.17092 -0.985285 -0
    outer loop
      vertex 0.168129 0.493228 0.1769
      vertex 0.164676 0.493827 0
      vertex 0.168129 0.493228 0
    endloop
  endfacet
  facet normal -0.122419 -0.992479 0
    outer loop
      vertex 0.161198 0.494256 0
      vertex 0.164676 0.493827 0.1769
      vertex 0.161198 0.494256 0.1769
    endloop
  endfacet
  facet normal -0.122419 -0.992479 -0
    outer loop
      vertex 0.164676 0.493827 0.1769
      vertex 0.161198 0.494256 0
      vertex 0.164676 0.493827 0
    endloop
  endfacet
  facet normal -0.0736194 -0.997286 0
    outer loop
      vertex 0.157703 0.494514 0
      vertex 0.161198 0.494256 0.1769
      vertex 0.157703 0.494514 0.1769
    endloop
  endfacet
  facet normal -0.0736194 -0.997286 -0
    outer loop
      vertex 0.161198 0.494256 0.1769
      vertex 0.157703 0.494514 0
      vertex 0.161198 0.494256 0
    endloop
  endfacet
  facet normal -0.360049 -0.932933 0
    outer loop
      vertex 0.178253 0.490426 0
      vertex 0.181523 0.489164 0.1769
      vertex 0.178253 0.490426 0.1769
    endloop
  endfacet
  facet normal -0.360049 -0.932933 -0
    outer loop
      vertex 0.181523 0.489164 0.1769
      vertex 0.178253 0.490426 0
      vertex 0.181523 0.489164 0
    endloop
  endfacet
  facet normal -0.492847 -0.870116 0
    outer loop
      vertex 0.187858 0.486169 0
      vertex 0.190907 0.484442 0.1769
      vertex 0.187858 0.486169 0.1769
    endloop
  endfacet
  facet normal -0.492847 -0.870116 -0
    outer loop
      vertex 0.190907 0.484442 0.1769
      vertex 0.187858 0.486169 0
      vertex 0.190907 0.484442 0
    endloop
  endfacet
  facet normal -0.449381 -0.89334 0
    outer loop
      vertex 0.184727 0.487744 0
      vertex 0.187858 0.486169 0.1769
      vertex 0.184727 0.487744 0.1769
    endloop
  endfacet
  facet normal -0.449381 -0.89334 -0
    outer loop
      vertex 0.187858 0.486169 0.1769
      vertex 0.184727 0.487744 0
      vertex 0.187858 0.486169 0
    endloop
  endfacet
  facet normal -0.534991 -0.844858 0
    outer loop
      vertex 0.190907 0.484442 0
      vertex 0.193868 0.482567 0.1769
      vertex 0.190907 0.484442 0.1769
    endloop
  endfacet
  facet normal -0.534991 -0.844858 -0
    outer loop
      vertex 0.193868 0.482567 0.1769
      vertex 0.190907 0.484442 0
      vertex 0.193868 0.482567 0
    endloop
  endfacet
  facet normal -0.653256 -0.757137 0
    outer loop
      vertex 0.199495 0.478393 0
      vertex 0.202148 0.476104 0.1769
      vertex 0.199495 0.478393 0.1769
    endloop
  endfacet
  facet normal -0.653256 -0.757137 -0
    outer loop
      vertex 0.202148 0.476104 0.1769
      vertex 0.199495 0.478393 0
      vertex 0.202148 0.476104 0
    endloop
  endfacet
  facet normal -0.575854 -0.817553 0
    outer loop
      vertex 0.193868 0.482567 0
      vertex 0.196733 0.480549 0.1769
      vertex 0.193868 0.482567 0.1769
    endloop
  endfacet
  facet normal -0.575854 -0.817553 -0
    outer loop
      vertex 0.196733 0.480549 0.1769
      vertex 0.193868 0.482567 0
      vertex 0.196733 0.480549 0
    endloop
  endfacet
  facet normal -0.615323 -0.788275 0
    outer loop
      vertex 0.196733 0.480549 0
      vertex 0.199495 0.478393 0.1769
      vertex 0.196733 0.480549 0.1769
    endloop
  endfacet
  facet normal -0.615323 -0.788275 -0
    outer loop
      vertex 0.199495 0.478393 0.1769
      vertex 0.196733 0.480549 0
      vertex 0.199495 0.478393 0
    endloop
  endfacet
  facet normal 0.757236 -0.653141 0
    outer loop
      vertex 0.0990067 0.468495 0.1769
      vertex 0.101295 0.471148 0
      vertex 0.101295 0.471148 0.1769
    endloop
  endfacet
  facet normal 0.757236 -0.653141 0
    outer loop
      vertex 0.101295 0.471148 0
      vertex 0.0990067 0.468495 0.1769
      vertex 0.0990067 0.468495 0
    endloop
  endfacet
  facet normal 0.788234 -0.615376 0
    outer loop
      vertex 0.0968504 0.465733 0.1769
      vertex 0.0990067 0.468495 0
      vertex 0.0990067 0.468495 0.1769
    endloop
  endfacet
  facet normal 0.788234 -0.615376 0
    outer loop
      vertex 0.0990067 0.468495 0
      vertex 0.0968504 0.465733 0.1769
      vertex 0.0968504 0.465733 0
    endloop
  endfacet
  facet normal 0.932962 -0.359975 0
    outer loop
      vertex 0.0869732 0.447253 0.1769
      vertex 0.0882349 0.450523 0
      vertex 0.0882349 0.450523 0.1769
    endloop
  endfacet
  facet normal 0.932962 -0.359975 0
    outer loop
      vertex 0.0882349 0.450523 0
      vertex 0.0869732 0.447253 0.1769
      vertex 0.0869732 0.447253 0
    endloop
  endfacet
  facet normal 0.949485 -0.313812 0
    outer loop
      vertex 0.0858736 0.443926 0.1769
      vertex 0.0869732 0.447253 0
      vertex 0.0869732 0.447253 0.1769
    endloop
  endfacet
  facet normal 0.949485 -0.313812 0
    outer loop
      vertex 0.0869732 0.447253 0
      vertex 0.0858736 0.443926 0.1769
      vertex 0.0858736 0.443926 0
    endloop
  endfacet
  facet normal 0.98529 -0.170892 0
    outer loop
      vertex 0.0835724 0.433676 0.1769
      vertex 0.0841713 0.437129 0
      vertex 0.0841713 0.437129 0.1769
    endloop
  endfacet
  facet normal 0.98529 -0.170892 0
    outer loop
      vertex 0.0841713 0.437129 0
      vertex 0.0835724 0.433676 0.1769
      vertex 0.0835724 0.433676 0
    endloop
  endfacet
  facet normal 0.992472 -0.122475 0
    outer loop
      vertex 0.0831432 0.430198 0.1769
      vertex 0.0835724 0.433676 0
      vertex 0.0835724 0.433676 0.1769
    endloop
  endfacet
  facet normal 0.992472 -0.122475 0
    outer loop
      vertex 0.0835724 0.433676 0
      vertex 0.0831432 0.430198 0.1769
      vertex 0.0831432 0.430198 0
    endloop
  endfacet
  facet normal 0.997298 -0.0734566 0
    outer loop
      vertex 0.0828857 0.426702 0.1769
      vertex 0.0831432 0.430198 0
      vertex 0.0831432 0.430198 0.1769
    endloop
  endfacet
  facet normal 0.997298 -0.0734566 0
    outer loop
      vertex 0.0831432 0.430198 0
      vertex 0.0828857 0.426702 0.1769
      vertex 0.0828857 0.426702 0
    endloop
  endfacet
  facet normal 0.615184 -0.788383 0
    outer loop
      vertex 0.108904 0.478393 0
      vertex 0.111667 0.480549 0.1769
      vertex 0.108904 0.478393 0.1769
    endloop
  endfacet
  facet normal 0.615184 -0.788383 0
    outer loop
      vertex 0.111667 0.480549 0.1769
      vertex 0.108904 0.478393 0
      vertex 0.111667 0.480549 0
    endloop
  endfacet
  facet normal 0.575854 -0.817553 0
    outer loop
      vertex 0.111667 0.480549 0
      vertex 0.114532 0.482567 0.1769
      vertex 0.111667 0.480549 0.1769
    endloop
  endfacet
  facet normal 0.575854 -0.817553 0
    outer loop
      vertex 0.114532 0.482567 0.1769
      vertex 0.111667 0.480549 0
      vertex 0.114532 0.482567 0
    endloop
  endfacet
  facet normal 0.653115 -0.757259 0
    outer loop
      vertex 0.10625 0.476104 0
      vertex 0.108904 0.478393 0.1769
      vertex 0.10625 0.476104 0.1769
    endloop
  endfacet
  facet normal 0.653115 -0.757259 0
    outer loop
      vertex 0.108904 0.478393 0.1769
      vertex 0.10625 0.476104 0
      vertex 0.108904 0.478393 0
    endloop
  endfacet
  facet normal 0.405185 -0.914235 0
    outer loop
      vertex 0.123672 0.487744 0
      vertex 0.126876 0.489164 0.1769
      vertex 0.123672 0.487744 0.1769
    endloop
  endfacet
  facet normal 0.405185 -0.914235 0
    outer loop
      vertex 0.126876 0.489164 0.1769
      vertex 0.123672 0.487744 0
      vertex 0.126876 0.489164 0
    endloop
  endfacet
  facet normal 0.266569 -0.963816 0
    outer loop
      vertex 0.133473 0.491525 0
      vertex 0.13685 0.492459 0.1769
      vertex 0.133473 0.491525 0.1769
    endloop
  endfacet
  facet normal 0.266569 -0.963816 0
    outer loop
      vertex 0.13685 0.492459 0.1769
      vertex 0.133473 0.491525 0
      vertex 0.13685 0.492459 0
    endloop
  endfacet
  facet normal 0.313658 -0.949536 0
    outer loop
      vertex 0.130146 0.490426 0
      vertex 0.133473 0.491525 0.1769
      vertex 0.130146 0.490426 0.1769
    endloop
  endfacet
  facet normal 0.313658 -0.949536 0
    outer loop
      vertex 0.133473 0.491525 0.1769
      vertex 0.130146 0.490426 0
      vertex 0.133473 0.491525 0
    endloop
  endfacet
  facet normal 0.360049 -0.932933 0
    outer loop
      vertex 0.126876 0.489164 0
      vertex 0.130146 0.490426 0.1769
      vertex 0.126876 0.489164 0.1769
    endloop
  endfacet
  facet normal 0.360049 -0.932933 0
    outer loop
      vertex 0.130146 0.490426 0.1769
      vertex 0.126876 0.489164 0
      vertex 0.130146 0.490426 0
    endloop
  endfacet
  facet normal 0.219376 -0.97564 0
    outer loop
      vertex 0.13685 0.492459 0
      vertex 0.14027 0.493228 0.1769
      vertex 0.13685 0.492459 0.1769
    endloop
  endfacet
  facet normal 0.219376 -0.97564 0
    outer loop
      vertex 0.14027 0.493228 0.1769
      vertex 0.13685 0.492459 0
      vertex 0.14027 0.493228 0
    endloop
  endfacet
  facet normal 0.0736404 -0.997285 0
    outer loop
      vertex 0.147202 0.494256 0
      vertex 0.150696 0.494514 0.1769
      vertex 0.147202 0.494256 0.1769
    endloop
  endfacet
  facet normal 0.0736404 -0.997285 0
    outer loop
      vertex 0.150696 0.494514 0.1769
      vertex 0.147202 0.494256 0
      vertex 0.150696 0.494514 0
    endloop
  endfacet
  facet normal 0.122384 -0.992483 0
    outer loop
      vertex 0.143723 0.493827 0
      vertex 0.147202 0.494256 0.1769
      vertex 0.143723 0.493827 0.1769
    endloop
  endfacet
  facet normal 0.122384 -0.992483 0
    outer loop
      vertex 0.147202 0.494256 0.1769
      vertex 0.143723 0.493827 0
      vertex 0.147202 0.494256 0
    endloop
  endfacet
  facet normal -0.999699 0.024536 0
    outer loop
      vertex 0.225513 0.419696 0
      vertex 0.225599 0.4232 0.1769
      vertex 0.225599 0.4232 0
    endloop
  endfacet
  facet normal -0.999699 0.024536 0
    outer loop
      vertex 0.225599 0.4232 0.1769
      vertex 0.225513 0.419696 0
      vertex 0.225513 0.419696 0.1769
    endloop
  endfacet
  facet normal -0.817553 0.575854 0
    outer loop
      vertex 0.211549 0.380667 0
      vertex 0.213567 0.383532 0.1769
      vertex 0.213567 0.383532 0
    endloop
  endfacet
  facet normal -0.817553 0.575854 0
    outer loop
      vertex 0.213567 0.383532 0.1769
      vertex 0.211549 0.380667 0
      vertex 0.211549 0.380667 0.1769
    endloop
  endfacet
  facet normal -0.914188 0.405291 0
    outer loop
      vertex 0.218744 0.392673 0
      vertex 0.220164 0.395876 0.1769
      vertex 0.220164 0.395876 0
    endloop
  endfacet
  facet normal -0.914188 0.405291 0
    outer loop
      vertex 0.220164 0.395876 0.1769
      vertex 0.218744 0.392673 0
      vertex 0.218744 0.392673 0.1769
    endloop
  endfacet
  facet normal -0.932896 0.360145 0
    outer loop
      vertex 0.220164 0.395876 0
      vertex 0.221426 0.399145 0.1769
      vertex 0.221426 0.399145 0
    endloop
  endfacet
  facet normal -0.932896 0.360145 0
    outer loop
      vertex 0.221426 0.399145 0.1769
      vertex 0.220164 0.395876 0
      vertex 0.220164 0.395876 0.1769
    endloop
  endfacet
  facet normal -0.949564 0.313573 0
    outer loop
      vertex 0.221426 0.399145 0
      vertex 0.222525 0.402473 0.1769
      vertex 0.222525 0.402473 0
    endloop
  endfacet
  facet normal -0.949564 0.313573 0
    outer loop
      vertex 0.222525 0.402473 0.1769
      vertex 0.221426 0.399145 0
      vertex 0.221426 0.399145 0.1769
    endloop
  endfacet
  facet normal -0.963742 0.266834 0
    outer loop
      vertex 0.222525 0.402473 0
      vertex 0.22346 0.40585 0.1769
      vertex 0.22346 0.40585 0
    endloop
  endfacet
  facet normal -0.963742 0.266834 0
    outer loop
      vertex 0.22346 0.40585 0.1769
      vertex 0.222525 0.402473 0
      vertex 0.222525 0.402473 0.1769
    endloop
  endfacet
  facet normal -0.975701 0.219105 0
    outer loop
      vertex 0.22346 0.40585 0
      vertex 0.224228 0.40927 0.1769
      vertex 0.224228 0.40927 0
    endloop
  endfacet
  facet normal -0.975701 0.219105 0
    outer loop
      vertex 0.224228 0.40927 0.1769
      vertex 0.22346 0.40585 0
      vertex 0.22346 0.40585 0.1769
    endloop
  endfacet
  facet normal 0.893283 0.449495 0
    outer loop
      vertex 0.0912304 0.389542 0.1769
      vertex 0.0896549 0.392673 0
      vertex 0.0896549 0.392673 0.1769
    endloop
  endfacet
  facet normal 0.893283 0.449495 0
    outer loop
      vertex 0.0896549 0.392673 0
      vertex 0.0912304 0.389542 0.1769
      vertex 0.0912304 0.389542 0
    endloop
  endfacet
  facet normal 0.844871 0.534971 0
    outer loop
      vertex 0.0948324 0.383532 0.1769
      vertex 0.0929575 0.386493 0
      vertex 0.0929575 0.386493 0.1769
    endloop
  endfacet
  facet normal 0.844871 0.534971 0
    outer loop
      vertex 0.0929575 0.386493 0
      vertex 0.0948324 0.383532 0.1769
      vertex 0.0948324 0.383532 0
    endloop
  endfacet
  facet normal 0.914188 0.405291 0
    outer loop
      vertex 0.0896549 0.392673 0.1769
      vertex 0.0882349 0.395876 0
      vertex 0.0882349 0.395876 0.1769
    endloop
  endfacet
  facet normal 0.914188 0.405291 0
    outer loop
      vertex 0.0882349 0.395876 0
      vertex 0.0896549 0.392673 0.1769
      vertex 0.0896549 0.392673 0
    endloop
  endfacet
  facet normal 0.963772 0.266728 0
    outer loop
      vertex 0.0858736 0.402473 0.1769
      vertex 0.084939 0.40585 0
      vertex 0.084939 0.40585 0.1769
    endloop
  endfacet
  facet normal 0.963772 0.266728 0
    outer loop
      vertex 0.084939 0.40585 0
      vertex 0.0858736 0.402473 0.1769
      vertex 0.0858736 0.402473 0
    endloop
  endfacet
  facet normal 0.98529 0.170892 0
    outer loop
      vertex 0.0841713 0.40927 0.1769
      vertex 0.0835724 0.412723 0
      vertex 0.0835724 0.412723 0.1769
    endloop
  endfacet
  facet normal 0.98529 0.170892 0
    outer loop
      vertex 0.0835724 0.412723 0
      vertex 0.0841713 0.40927 0.1769
      vertex 0.0841713 0.40927 0
    endloop
  endfacet
  facet normal 0.997297 0.0734775 0
    outer loop
      vertex 0.0831432 0.416201 0.1769
      vertex 0.0828857 0.419696 0
      vertex 0.0828857 0.419696 0.1769
    endloop
  endfacet
  facet normal 0.997297 0.0734775 0
    outer loop
      vertex 0.0828857 0.419696 0
      vertex 0.0831432 0.416201 0.1769
      vertex 0.0831432 0.416201 0
    endloop
  endfacet
  facet normal 0.97572 0.219023 0
    outer loop
      vertex 0.084939 0.40585 0.1769
      vertex 0.0841713 0.40927 0
      vertex 0.0841713 0.40927 0.1769
    endloop
  endfacet
  facet normal 0.97572 0.219023 0
    outer loop
      vertex 0.0841713 0.40927 0
      vertex 0.084939 0.40585 0.1769
      vertex 0.084939 0.40585 0
    endloop
  endfacet
  facet normal -0.997309 -0.0733148 0
    outer loop
      vertex 0.225513 0.426702 0
      vertex 0.225256 0.430198 0.1769
      vertex 0.225256 0.430198 0
    endloop
  endfacet
  facet normal -0.997309 -0.0733148 0
    outer loop
      vertex 0.225256 0.430198 0.1769
      vertex 0.225513 0.426702 0
      vertex 0.225513 0.426702 0.1769
    endloop
  endfacet
  facet normal -0.0242578 -0.999706 0
    outer loop
      vertex 0.1542 0.494599 0
      vertex 0.157703 0.494514 0.1769
      vertex 0.1542 0.494599 0.1769
    endloop
  endfacet
  facet normal -0.0242578 -0.999706 -0
    outer loop
      vertex 0.157703 0.494514 0.1769
      vertex 0.1542 0.494599 0
      vertex 0.157703 0.494514 0
    endloop
  endfacet
  facet normal -0.405185 -0.914235 0
    outer loop
      vertex 0.181523 0.489164 0
      vertex 0.184727 0.487744 0.1769
      vertex 0.181523 0.489164 0.1769
    endloop
  endfacet
  facet normal -0.405185 -0.914235 -0
    outer loop
      vertex 0.184727 0.487744 0.1769
      vertex 0.181523 0.489164 0
      vertex 0.184727 0.487744 0
    endloop
  endfacet
  facet normal 0.844789 -0.5351 0
    outer loop
      vertex 0.0929575 0.459907 0.1769
      vertex 0.0948324 0.462867 0
      vertex 0.0948324 0.462867 0.1769
    endloop
  endfacet
  facet normal 0.844789 -0.5351 0
    outer loop
      vertex 0.0948324 0.462867 0
      vertex 0.0929575 0.459907 0.1769
      vertex 0.0929575 0.459907 0
    endloop
  endfacet
  facet normal 0.914235 -0.405185 0
    outer loop
      vertex 0.0882349 0.450523 0.1769
      vertex 0.0896549 0.453727 0
      vertex 0.0896549 0.453727 0.1769
    endloop
  endfacet
  facet normal 0.914235 -0.405185 0
    outer loop
      vertex 0.0896549 0.453727 0
      vertex 0.0882349 0.450523 0.1769
      vertex 0.0882349 0.450523 0
    endloop
  endfacet
  facet normal 0.870104 -0.492869 0
    outer loop
      vertex 0.0912304 0.456858 0.1769
      vertex 0.0929575 0.459907 0
      vertex 0.0929575 0.459907 0.1769
    endloop
  endfacet
  facet normal 0.870104 -0.492869 0
    outer loop
      vertex 0.0929575 0.459907 0
      vertex 0.0912304 0.456858 0.1769
      vertex 0.0912304 0.456858 0
    endloop
  endfacet
  facet normal 0 0 -1
    outer loop
      vertex 0.179199 0.4232 0.1769
      vertex 0.225599 0.4232 0.1769
      vertex 0.225513 0.419696 0.1769
    endloop
  endfacet
  facet normal 0 0 -1
    outer loop
      vertex 0.17917 0.421973 0.1769
      vertex 0.225513 0.419696 0.1769
      vertex 0.225256 0.416201 0.1769
    endloop
  endfacet
  facet normal 0 0 -1
    outer loop
      vertex 0.225599 0.4232 0.1769
      vertex 0.179199 0.4232 0.1769
      vertex 0.225513 0.426702 0.1769
    endloop
  endfacet
  facet normal 0 0 -1
    outer loop
      vertex 0.179079 0.420749 0.1769
      vertex 0.225256 0.416201 0.1769
      vertex 0.224827 0.412723 0.1769
    endloop
  endfacet
  facet normal 0 0 -1
    outer loop
      vertex 0.17917 0.424426 0.1769
      vertex 0.225513 0.426702 0.1769
      vertex 0.179199 0.4232 0.1769
    endloop
  endfacet
  facet normal 0 0 -1
    outer loop
      vertex 0.178929 0.419531 0.1769
      vertex 0.224827 0.412723 0.1769
      vertex 0.224228 0.40927 0.1769
    endloop
  endfacet
  facet normal -0 0 -1
    outer loop
      vertex 0.225513 0.426702 0.1769
      vertex 0.17917 0.424426 0.1769
      vertex 0.225256 0.430198 0.1769
    endloop
  endfacet
  facet normal 0 0 -1
    outer loop
      vertex 0.17872 0.418323 0.1769
      vertex 0.224228 0.40927 0.1769
      vertex 0.22346 0.40585 0.1769
    endloop
  endfacet
  facet normal 0 0 -1
    outer loop
      vertex 0.179079 0.42565 0.1769
      vertex 0.225256 0.430198 0.1769
      vertex 0.17917 0.424426 0.1769
    endloop
  endfacet
  facet normal 0 0 -1
    outer loop
      vertex 0.178451 0.417125 0.1769
      vertex 0.22346 0.40585 0.1769
      vertex 0.222525 0.402473 0.1769
    endloop
  endfacet
  facet normal -0 0 -1
    outer loop
      vertex 0.225256 0.430198 0.1769
      vertex 0.179079 0.42565 0.1769
      vertex 0.224827 0.433676 0.1769
    endloop
  endfacet
  facet normal 0 0 -1
    outer loop
      vertex 0.178123 0.415942 0.1769
      vertex 0.222525 0.402473 0.1769
      vertex 0.221426 0.399145 0.1769
    endloop
  endfacet
  facet normal 0 0 -1
    outer loop
      vertex 0.178929 0.426867 0.1769
      vertex 0.224827 0.433676 0.1769
      vertex 0.179079 0.42565 0.1769
    endloop
  endfacet
  facet normal 0 0 -1
    outer loop
      vertex 0.177738 0.414777 0.1769
      vertex 0.221426 0.399145 0.1769
      vertex 0.220164 0.395876 0.1769
    endloop
  endfacet
  facet normal -0 0 -1
    outer loop
      vertex 0.224827 0.433676 0.1769
      vertex 0.178929 0.426867 0.1769
      vertex 0.224228 0.437129 0.1769
    endloop
  endfacet
  facet normal 0 0 -1
    outer loop
      vertex 0.177297 0.413632 0.1769
      vertex 0.220164 0.395876 0.1769
      vertex 0.218744 0.392673 0.1769
    endloop
  endfacet
  facet normal 0 0 -1
    outer loop
      vertex 0.17872 0.428077 0.1769
      vertex 0.224228 0.437129 0.1769
      vertex 0.178929 0.426867 0.1769
    endloop
  endfacet
  facet normal 0 0 -1
    outer loop
      vertex 0.176799 0.412511 0.1769
      vertex 0.218744 0.392673 0.1769
      vertex 0.217169 0.389542 0.1769
    endloop
  endfacet
  facet normal -0 0 -1
    outer loop
      vertex 0.224228 0.437129 0.1769
      vertex 0.17872 0.428077 0.1769
      vertex 0.22346 0.440548 0.1769
    endloop
  endfacet
  facet normal 0 0 -1
    outer loop
      vertex 0.176248 0.411414 0.1769
      vertex 0.217169 0.389542 0.1769
      vertex 0.215442 0.386493 0.1769
    endloop
  endfacet
  facet normal 0 0 -1
    outer loop
      vertex 0.178451 0.429274 0.1769
      vertex 0.22346 0.440548 0.1769
      vertex 0.17872 0.428077 0.1769
    endloop
  endfacet
  facet normal 0 0 -1
    outer loop
      vertex 0.175643 0.410347 0.1769
      vertex 0.215442 0.386493 0.1769
      vertex 0.213567 0.383532 0.1769
    endloop
  endfacet
  facet normal -0 0 -1
    outer loop
      vertex 0.22346 0.440548 0.1769
      vertex 0.178451 0.429274 0.1769
      vertex 0.222525 0.443926 0.1769
    endloop
  endfacet
  facet normal 0 0 -1
    outer loop
      vertex 0.174986 0.40931 0.1769
      vertex 0.213567 0.383532 0.1769
      vertex 0.211549 0.380667 0.1769
    endloop
  endfacet
  facet normal 0 0 -1
    outer loop
      vertex 0.178123 0.430457 0.1769
      vertex 0.222525 0.443926 0.1769
      vertex 0.178451 0.429274 0.1769
    endloop
  endfacet
  facet normal 0 0 -1
    outer loop
      vertex 0.17428 0.408307 0.1769
      vertex 0.211549 0.380667 0.1769
      vertex 0.209393 0.377904 0.1769
    endloop
  endfacet
  facet normal -0 0 -1
    outer loop
      vertex 0.222525 0.443926 0.1769
      vertex 0.178123 0.430457 0.1769
      vertex 0.221426 0.447253 0.1769
    endloop
  endfacet
  facet normal 0 0 -1
    outer loop
      vertex 0.173525 0.40734 0.1769
      vertex 0.209393 0.377904 0.1769
      vertex 0.208962 0.377404 0.1769
    endloop
  endfacet
  facet normal 0 0 -1
    outer loop
      vertex 0.172724 0.40641 0.1769
      vertex 0.208962 0.377404 0.1769
      vertex 0.207104 0.37525 0.1769
    endloop
  endfacet
  facet normal 0 0 -1
    outer loop
      vertex 0.177738 0.431622 0.1769
      vertex 0.221426 0.447253 0.1769
      vertex 0.178123 0.430457 0.1769
    endloop
  endfacet
  facet normal 0 0 -1
    outer loop
      vertex 0.172724 0.40641 0.1769
      vertex 0.207104 0.37525 0.1769
      vertex 0.204687 0.372712 0.1769
    endloop
  endfacet
  facet normal -0 0 -1
    outer loop
      vertex 0.221426 0.447253 0.1769
      vertex 0.177738 0.431622 0.1769
      vertex 0.220164 0.450523 0.1769
    endloop
  endfacet
  facet normal 0 0 -1
    outer loop
      vertex 0.171877 0.405521 0.1769
      vertex 0.204687 0.372712 0.1769
      vertex 0.202148 0.370296 0.1769
    endloop
  endfacet
  facet normal 0 0 -1
    outer loop
      vertex 0.177297 0.432767 0.1769
      vertex 0.220164 0.450523 0.1769
      vertex 0.177738 0.431622 0.1769
    endloop
  endfacet
  facet normal 0 0 -1
    outer loop
      vertex 0.170988 0.404675 0.1769
      vertex 0.202148 0.370296 0.1769
      vertex 0.199495 0.368007 0.1769
    endloop
  endfacet
  facet normal -0 0 -1
    outer loop
      vertex 0.220164 0.450523 0.1769
      vertex 0.177297 0.432767 0.1769
      vertex 0.218744 0.453727 0.1769
    endloop
  endfacet
  facet normal 0 0 -1
    outer loop
      vertex 0.170059 0.403874 0.1769
      vertex 0.199495 0.368007 0.1769
      vertex 0.196733 0.36585 0.1769
    endloop
  endfacet
  facet normal 0 0 -1
    outer loop
      vertex 0.176799 0.433888 0.1769
      vertex 0.218744 0.453727 0.1769
      vertex 0.177297 0.432767 0.1769
    endloop
  endfacet
  facet normal 0 0 -1
    outer loop
      vertex 0.169092 0.403119 0.1769
      vertex 0.196733 0.36585 0.1769
      vertex 0.193868 0.363832 0.1769
    endloop
  endfacet
  facet normal -0 0 -1
    outer loop
      vertex 0.218744 0.453727 0.1769
      vertex 0.176799 0.433888 0.1769
      vertex 0.217169 0.456858 0.1769
    endloop
  endfacet
  facet normal 0 0 -1
    outer loop
      vertex 0.168089 0.402412 0.1769
      vertex 0.193868 0.363832 0.1769
      vertex 0.190907 0.361958 0.1769
    endloop
  endfacet
  facet normal 0 0 -1
    outer loop
      vertex 0.176248 0.434984 0.1769
      vertex 0.217169 0.456858 0.1769
      vertex 0.176799 0.433888 0.1769
    endloop
  endfacet
  facet normal 0 0 -1
    outer loop
      vertex 0.167052 0.401756 0.1769
      vertex 0.190907 0.361958 0.1769
      vertex 0.187858 0.36023 0.1769
    endloop
  endfacet
  facet normal -0 0 -1
    outer loop
      vertex 0.217169 0.456858 0.1769
      vertex 0.176248 0.434984 0.1769
      vertex 0.215442 0.459907 0.1769
    endloop
  endfacet
  facet normal 0 0 -1
    outer loop
      vertex 0.165984 0.401152 0.1769
      vertex 0.187858 0.36023 0.1769
      vertex 0.184727 0.358655 0.1769
    endloop
  endfacet
  facet normal 0 0 -1
    outer loop
      vertex 0.175643 0.436052 0.1769
      vertex 0.215442 0.459907 0.1769
      vertex 0.176248 0.434984 0.1769
    endloop
  endfacet
  facet normal 0 0 -1
    outer loop
      vertex 0.164888 0.400599 0.1769
      vertex 0.184727 0.358655 0.1769
      vertex 0.181523 0.357235 0.1769
    endloop
  endfacet
  facet normal -0 0 -1
    outer loop
      vertex 0.215442 0.459907 0.1769
      vertex 0.175643 0.436052 0.1769
      vertex 0.213567 0.462867 0.1769
    endloop
  endfacet
  facet normal 0 0 -1
    outer loop
      vertex 0.174986 0.437089 0.1769
      vertex 0.213567 0.462867 0.1769
      vertex 0.175643 0.436052 0.1769
    endloop
  endfacet
  facet normal 0 0 -1
    outer loop
      vertex 0.225513 0.419696 0.1769
      vertex 0.17917 0.421973 0.1769
      vertex 0.179199 0.4232 0.1769
    endloop
  endfacet
  facet normal 0 0 -1
    outer loop
      vertex 0.225256 0.416201 0.1769
      vertex 0.179079 0.420749 0.1769
      vertex 0.17917 0.421973 0.1769
    endloop
  endfacet
  facet normal 0 0 -1
    outer loop
      vertex 0.224827 0.412723 0.1769
      vertex 0.178929 0.419531 0.1769
      vertex 0.179079 0.420749 0.1769
    endloop
  endfacet
  facet normal 0 0 -1
    outer loop
      vertex 0.224228 0.40927 0.1769
      vertex 0.17872 0.418323 0.1769
      vertex 0.178929 0.419531 0.1769
    endloop
  endfacet
  facet normal 0 0 -1
    outer loop
      vertex 0.22346 0.40585 0.1769
      vertex 0.178451 0.417125 0.1769
      vertex 0.17872 0.418323 0.1769
    endloop
  endfacet
  facet normal 0 0 -1
    outer loop
      vertex 0.163767 0.400103 0.1769
      vertex 0.181523 0.357235 0.1769
      vertex 0.178253 0.355973 0.1769
    endloop
  endfacet
  facet normal 0 0 -1
    outer loop
      vertex 0.222525 0.402473 0.1769
      vertex 0.178123 0.415942 0.1769
      vertex 0.178451 0.417125 0.1769
    endloop
  endfacet
  facet normal 0 0 -1
    outer loop
      vertex 0.221426 0.399145 0.1769
      vertex 0.177738 0.414777 0.1769
      vertex 0.178123 0.415942 0.1769
    endloop
  endfacet
  facet normal 0 0 -1
    outer loop
      vertex 0.220164 0.395876 0.1769
      vertex 0.177297 0.413632 0.1769
      vertex 0.177738 0.414777 0.1769
    endloop
  endfacet
  facet normal 0 0 -1
    outer loop
      vertex 0.218744 0.392673 0.1769
      vertex 0.176799 0.412511 0.1769
      vertex 0.177297 0.413632 0.1769
    endloop
  endfacet
  facet normal 0 0 -1
    outer loop
      vertex 0.217169 0.389542 0.1769
      vertex 0.176248 0.411414 0.1769
      vertex 0.176799 0.412511 0.1769
    endloop
  endfacet
  facet normal 0 0 -1
    outer loop
      vertex 0.215442 0.386493 0.1769
      vertex 0.175643 0.410347 0.1769
      vertex 0.176248 0.411414 0.1769
    endloop
  endfacet
  facet normal 0 0 -1
    outer loop
      vertex 0.213567 0.383532 0.1769
      vertex 0.174986 0.40931 0.1769
      vertex 0.175643 0.410347 0.1769
    endloop
  endfacet
  facet normal 0 0 -1
    outer loop
      vertex 0.162621 0.399661 0.1769
      vertex 0.178253 0.355973 0.1769
      vertex 0.174926 0.354874 0.1769
    endloop
  endfacet
  facet normal 0 0 -1
    outer loop
      vertex 0.211549 0.380667 0.1769
      vertex 0.17428 0.408307 0.1769
      vertex 0.174986 0.40931 0.1769
    endloop
  endfacet
  facet normal 0 0 -1
    outer loop
      vertex 0.209393 0.377904 0.1769
      vertex 0.173525 0.40734 0.1769
      vertex 0.17428 0.408307 0.1769
    endloop
  endfacet
  facet normal 0 0 -1
    outer loop
      vertex 0.208962 0.377404 0.1769
      vertex 0.172724 0.40641 0.1769
      vertex 0.173525 0.40734 0.1769
    endloop
  endfacet
  facet normal 0 0 -1
    outer loop
      vertex 0.204687 0.372712 0.1769
      vertex 0.171877 0.405521 0.1769
      vertex 0.172724 0.40641 0.1769
    endloop
  endfacet
  facet normal 0 0 -1
    outer loop
      vertex 0.161457 0.399276 0.1769
      vertex 0.174926 0.354874 0.1769
      vertex 0.171548 0.353939 0.1769
    endloop
  endfacet
  facet normal 0 0 -1
    outer loop
      vertex 0.202148 0.370296 0.1769
      vertex 0.170988 0.404675 0.1769
      vertex 0.171877 0.405521 0.1769
    endloop
  endfacet
  facet normal 0 0 -1
    outer loop
      vertex 0.199495 0.368007 0.1769
      vertex 0.170059 0.403874 0.1769
      vertex 0.170988 0.404675 0.1769
    endloop
  endfacet
  facet normal 0 0 -1
    outer loop
      vertex 0.196733 0.36585 0.1769
      vertex 0.169092 0.403119 0.1769
      vertex 0.170059 0.403874 0.1769
    endloop
  endfacet
  facet normal 0 0 -1
    outer loop
      vertex 0.160274 0.398949 0.1769
      vertex 0.171548 0.353939 0.1769
      vertex 0.168129 0.353171 0.1769
    endloop
  endfacet
  facet normal 0 0 -1
    outer loop
      vertex 0.193868 0.363832 0.1769
      vertex 0.168089 0.402412 0.1769
      vertex 0.169092 0.403119 0.1769
    endloop
  endfacet
  facet normal 0 0 -1
    outer loop
      vertex 0.190907 0.361958 0.1769
      vertex 0.167052 0.401756 0.1769
      vertex 0.168089 0.402412 0.1769
    endloop
  endfacet
  facet normal 0 0 -1
    outer loop
      vertex 0.187858 0.36023 0.1769
      vertex 0.165984 0.401152 0.1769
      vertex 0.167052 0.401756 0.1769
    endloop
  endfacet
  facet normal 0 0 -1
    outer loop
      vertex 0.184727 0.358655 0.1769
      vertex 0.164888 0.400599 0.1769
      vertex 0.165984 0.401152 0.1769
    endloop
  endfacet
  facet normal 0 0 -1
    outer loop
      vertex 0.159077 0.39868 0.1769
      vertex 0.168129 0.353171 0.1769
      vertex 0.164676 0.352572 0.1769
    endloop
  endfacet
  facet normal 0 0 -1
    outer loop
      vertex 0.181523 0.357235 0.1769
      vertex 0.163767 0.400103 0.1769
      vertex 0.164888 0.400599 0.1769
    endloop
  endfacet
  facet normal 0 0 -1
    outer loop
      vertex 0.178253 0.355973 0.1769
      vertex 0.162621 0.399661 0.1769
      vertex 0.163767 0.400103 0.1769
    endloop
  endfacet
  facet normal 0 0 -1
    outer loop
      vertex 0.174926 0.354874 0.1769
      vertex 0.161457 0.399276 0.1769
      vertex 0.162621 0.399661 0.1769
    endloop
  endfacet
  facet normal 0 0 -1
    outer loop
      vertex 0.157867 0.39847 0.1769
      vertex 0.164676 0.352572 0.1769
      vertex 0.161198 0.352143 0.1769
    endloop
  endfacet
  facet normal 0 0 -1
    outer loop
      vertex 0.171548 0.353939 0.1769
      vertex 0.160274 0.398949 0.1769
      vertex 0.161457 0.399276 0.1769
    endloop
  endfacet
  facet normal 0 0 -1
    outer loop
      vertex 0.168129 0.353171 0.1769
      vertex 0.159077 0.39868 0.1769
      vertex 0.160274 0.398949 0.1769
    endloop
  endfacet
  facet normal 0 0 -1
    outer loop
      vertex 0.164676 0.352572 0.1769
      vertex 0.157867 0.39847 0.1769
      vertex 0.159077 0.39868 0.1769
    endloop
  endfacet
  facet normal 0 0 -1
    outer loop
      vertex 0.15665 0.39832 0.1769
      vertex 0.161198 0.352143 0.1769
      vertex 0.157703 0.351886 0.1769
    endloop
  endfacet
  facet normal 0 0 -1
    outer loop
      vertex 0.161198 0.352143 0.1769
      vertex 0.15665 0.39832 0.1769
      vertex 0.157867 0.39847 0.1769
    endloop
  endfacet
  facet normal 0 0 -1
    outer loop
      vertex 0.157703 0.351886 0.1769
      vertex 0.155426 0.39823 0.1769
      vertex 0.15665 0.39832 0.1769
    endloop
  endfacet
  facet normal 0 0 -1
    outer loop
      vertex 0.1542 0.3518 0.1769
      vertex 0.155426 0.39823 0.1769
      vertex 0.157703 0.351886 0.1769
    endloop
  endfacet
  facet normal 0 0 -1
    outer loop
      vertex 0.1542 0.3518 0.1769
      vertex 0.1542 0.398199 0.1769
      vertex 0.155426 0.39823 0.1769
    endloop
  endfacet
  facet normal 0 0 -1
    outer loop
      vertex 0.1542 0.3518 0.1769
      vertex 0.152973 0.39823 0.1769
      vertex 0.1542 0.398199 0.1769
    endloop
  endfacet
  facet normal 0 0 -1
    outer loop
      vertex 0.150696 0.351886 0.1769
      vertex 0.152973 0.39823 0.1769
      vertex 0.1542 0.3518 0.1769
    endloop
  endfacet
  facet normal -0 0 -1
    outer loop
      vertex 0.152973 0.39823 0.1769
      vertex 0.150696 0.351886 0.1769
      vertex 0.151749 0.39832 0.1769
    endloop
  endfacet
  facet normal 0 0 -1
    outer loop
      vertex 0.147202 0.352143 0.1769
      vertex 0.151749 0.39832 0.1769
      vertex 0.150696 0.351886 0.1769
    endloop
  endfacet
  facet normal -0 0 -1
    outer loop
      vertex 0.151749 0.39832 0.1769
      vertex 0.147202 0.352143 0.1769
      vertex 0.150531 0.39847 0.1769
    endloop
  endfacet
  facet normal 0 0 -1
    outer loop
      vertex 0.143723 0.352572 0.1769
      vertex 0.150531 0.39847 0.1769
      vertex 0.147202 0.352143 0.1769
    endloop
  endfacet
  facet normal -0 0 -1
    outer loop
      vertex 0.150531 0.39847 0.1769
      vertex 0.143723 0.352572 0.1769
      vertex 0.149323 0.39868 0.1769
    endloop
  endfacet
  facet normal 0 0 -1
    outer loop
      vertex 0.14027 0.353171 0.1769
      vertex 0.149323 0.39868 0.1769
      vertex 0.143723 0.352572 0.1769
    endloop
  endfacet
  facet normal -0 0 -1
    outer loop
      vertex 0.149323 0.39868 0.1769
      vertex 0.14027 0.353171 0.1769
      vertex 0.148125 0.398949 0.1769
    endloop
  endfacet
  facet normal 0 0 -1
    outer loop
      vertex 0.13685 0.353939 0.1769
      vertex 0.148125 0.398949 0.1769
      vertex 0.14027 0.353171 0.1769
    endloop
  endfacet
  facet normal -0 0 -1
    outer loop
      vertex 0.148125 0.398949 0.1769
      vertex 0.13685 0.353939 0.1769
      vertex 0.146942 0.399276 0.1769
    endloop
  endfacet
  facet normal 0 0 -1
    outer loop
      vertex 0.133473 0.354874 0.1769
      vertex 0.146942 0.399276 0.1769
      vertex 0.13685 0.353939 0.1769
    endloop
  endfacet
  facet normal -0 0 -1
    outer loop
      vertex 0.146942 0.399276 0.1769
      vertex 0.133473 0.354874 0.1769
      vertex 0.145778 0.399661 0.1769
    endloop
  endfacet
  facet normal 0 0 -1
    outer loop
      vertex 0.130146 0.355973 0.1769
      vertex 0.145778 0.399661 0.1769
      vertex 0.133473 0.354874 0.1769
    endloop
  endfacet
  facet normal -0 0 -1
    outer loop
      vertex 0.145778 0.399661 0.1769
      vertex 0.130146 0.355973 0.1769
      vertex 0.144632 0.400103 0.1769
    endloop
  endfacet
  facet normal 0 0 -1
    outer loop
      vertex 0.126876 0.357235 0.1769
      vertex 0.144632 0.400103 0.1769
      vertex 0.130146 0.355973 0.1769
    endloop
  endfacet
  facet normal -0 0 -1
    outer loop
      vertex 0.144632 0.400103 0.1769
      vertex 0.126876 0.357235 0.1769
      vertex 0.143511 0.400599 0.1769
    endloop
  endfacet
  facet normal 0 0 -1
    outer loop
      vertex 0.123672 0.358655 0.1769
      vertex 0.143511 0.400599 0.1769
      vertex 0.126876 0.357235 0.1769
    endloop
  endfacet
  facet normal -0 0 -1
    outer loop
      vertex 0.143511 0.400599 0.1769
      vertex 0.123672 0.358655 0.1769
      vertex 0.142415 0.401152 0.1769
    endloop
  endfacet
  facet normal 0 0 -1
    outer loop
      vertex 0.120542 0.36023 0.1769
      vertex 0.142415 0.401152 0.1769
      vertex 0.123672 0.358655 0.1769
    endloop
  endfacet
  facet normal -0 0 -1
    outer loop
      vertex 0.142415 0.401152 0.1769
      vertex 0.120542 0.36023 0.1769
      vertex 0.141347 0.401756 0.1769
    endloop
  endfacet
  facet normal 0 0 -1
    outer loop
      vertex 0.117493 0.361958 0.1769
      vertex 0.141347 0.401756 0.1769
      vertex 0.120542 0.36023 0.1769
    endloop
  endfacet
  facet normal -0 0 -1
    outer loop
      vertex 0.141347 0.401756 0.1769
      vertex 0.117493 0.361958 0.1769
      vertex 0.14031 0.402412 0.1769
    endloop
  endfacet
  facet normal 0 0 -1
    outer loop
      vertex 0.114532 0.363832 0.1769
      vertex 0.14031 0.402412 0.1769
      vertex 0.117493 0.361958 0.1769
    endloop
  endfacet
  facet normal -0 0 -1
    outer loop
      vertex 0.14031 0.402412 0.1769
      vertex 0.114532 0.363832 0.1769
      vertex 0.139307 0.403119 0.1769
    endloop
  endfacet
  facet normal 0 0 -1
    outer loop
      vertex 0.111667 0.36585 0.1769
      vertex 0.139307 0.403119 0.1769
      vertex 0.114532 0.363832 0.1769
    endloop
  endfacet
  facet normal -0 0 -1
    outer loop
      vertex 0.139307 0.403119 0.1769
      vertex 0.111667 0.36585 0.1769
      vertex 0.13834 0.403874 0.1769
    endloop
  endfacet
  facet normal 0 0 -1
    outer loop
      vertex 0.108904 0.368007 0.1769
      vertex 0.13834 0.403874 0.1769
      vertex 0.111667 0.36585 0.1769
    endloop
  endfacet
  facet normal -0 0 -1
    outer loop
      vertex 0.13834 0.403874 0.1769
      vertex 0.108904 0.368007 0.1769
      vertex 0.13741 0.404675 0.1769
    endloop
  endfacet
  facet normal 0 0 -1
    outer loop
      vertex 0.10625 0.370296 0.1769
      vertex 0.13741 0.404675 0.1769
      vertex 0.108904 0.368007 0.1769
    endloop
  endfacet
  facet normal -0 0 -1
    outer loop
      vertex 0.13741 0.404675 0.1769
      vertex 0.10625 0.370296 0.1769
      vertex 0.136522 0.405521 0.1769
    endloop
  endfacet
  facet normal 0 0 -1
    outer loop
      vertex 0.103712 0.372712 0.1769
      vertex 0.136522 0.405521 0.1769
      vertex 0.10625 0.370296 0.1769
    endloop
  endfacet
  facet normal -0 0 -1
    outer loop
      vertex 0.136522 0.405521 0.1769
      vertex 0.103712 0.372712 0.1769
      vertex 0.135675 0.40641 0.1769
    endloop
  endfacet
  facet normal 0 0 -1
    outer loop
      vertex 0.101295 0.37525 0.1769
      vertex 0.135675 0.40641 0.1769
      vertex 0.103712 0.372712 0.1769
    endloop
  endfacet
  facet normal -0 0 -1
    outer loop
      vertex 0.135675 0.40641 0.1769
      vertex 0.101295 0.37525 0.1769
      vertex 0.134874 0.40734 0.1769
    endloop
  endfacet
  facet normal 0 0 -1
    outer loop
      vertex 0.0990067 0.377904 0.1769
      vertex 0.134874 0.40734 0.1769
      vertex 0.101295 0.37525 0.1769
    endloop
  endfacet
  facet normal 0 0 -1
    outer loop
      vertex 0.0976448 0.379649 0.1769
      vertex 0.134874 0.40734 0.1769
      vertex 0.0990067 0.377904 0.1769
    endloop
  endfacet
  facet normal -0 0 -1
    outer loop
      vertex 0.134874 0.40734 0.1769
      vertex 0.0976448 0.379649 0.1769
      vertex 0.134119 0.408307 0.1769
    endloop
  endfacet
  facet normal 0 0 -1
    outer loop
      vertex 0.0968504 0.380667 0.1769
      vertex 0.134119 0.408307 0.1769
      vertex 0.0976448 0.379649 0.1769
    endloop
  endfacet
  facet normal -0 0 -1
    outer loop
      vertex 0.134119 0.408307 0.1769
      vertex 0.0968504 0.380667 0.1769
      vertex 0.133412 0.40931 0.1769
    endloop
  endfacet
  facet normal -0 0 -1
    outer loop
      vertex 0.213567 0.462867 0.1769
      vertex 0.174986 0.437089 0.1769
      vertex 0.211549 0.465733 0.1769
    endloop
  endfacet
  facet normal 0 0 -1
    outer loop
      vertex 0.17428 0.438092 0.1769
      vertex 0.211549 0.465733 0.1769
      vertex 0.174986 0.437089 0.1769
    endloop
  endfacet
  facet normal -0 0 -1
    outer loop
      vertex 0.211549 0.465733 0.1769
      vertex 0.17428 0.438092 0.1769
      vertex 0.209393 0.468495 0.1769
    endloop
  endfacet
  facet normal 0 0 -1
    outer loop
      vertex 0.173525 0.439059 0.1769
      vertex 0.209393 0.468495 0.1769
      vertex 0.17428 0.438092 0.1769
    endloop
  endfacet
  facet normal -0 0 -1
    outer loop
      vertex 0.209393 0.468495 0.1769
      vertex 0.173525 0.439059 0.1769
      vertex 0.207104 0.471148 0.1769
    endloop
  endfacet
  facet normal 0 0 -1
    outer loop
      vertex 0.172724 0.439988 0.1769
      vertex 0.207104 0.471148 0.1769
      vertex 0.173525 0.439059 0.1769
    endloop
  endfacet
  facet normal -0 0 -1
    outer loop
      vertex 0.207104 0.471148 0.1769
      vertex 0.172724 0.439988 0.1769
      vertex 0.204687 0.473687 0.1769
    endloop
  endfacet
  facet normal 0 0 -1
    outer loop
      vertex 0.171877 0.440877 0.1769
      vertex 0.204687 0.473687 0.1769
      vertex 0.172724 0.439988 0.1769
    endloop
  endfacet
  facet normal -0 0 -1
    outer loop
      vertex 0.204687 0.473687 0.1769
      vertex 0.171877 0.440877 0.1769
      vertex 0.202148 0.476104 0.1769
    endloop
  endfacet
  facet normal 0 0 -1
    outer loop
      vertex 0.170988 0.441723 0.1769
      vertex 0.202148 0.476104 0.1769
      vertex 0.171877 0.440877 0.1769
    endloop
  endfacet
  facet normal -0 0 -1
    outer loop
      vertex 0.202148 0.476104 0.1769
      vertex 0.170988 0.441723 0.1769
      vertex 0.199495 0.478393 0.1769
    endloop
  endfacet
  facet normal 0 0 -1
    outer loop
      vertex 0.170059 0.442525 0.1769
      vertex 0.199495 0.478393 0.1769
      vertex 0.170988 0.441723 0.1769
    endloop
  endfacet
  facet normal -0 0 -1
    outer loop
      vertex 0.199495 0.478393 0.1769
      vertex 0.170059 0.442525 0.1769
      vertex 0.196733 0.480549 0.1769
    endloop
  endfacet
  facet normal 0 0 -1
    outer loop
      vertex 0.169092 0.443279 0.1769
      vertex 0.196733 0.480549 0.1769
      vertex 0.170059 0.442525 0.1769
    endloop
  endfacet
  facet normal -0 0 -1
    outer loop
      vertex 0.196733 0.480549 0.1769
      vertex 0.169092 0.443279 0.1769
      vertex 0.193868 0.482567 0.1769
    endloop
  endfacet
  facet normal 0 0 -1
    outer loop
      vertex 0.168089 0.443986 0.1769
      vertex 0.193868 0.482567 0.1769
      vertex 0.169092 0.443279 0.1769
    endloop
  endfacet
  facet normal -0 0 -1
    outer loop
      vertex 0.193868 0.482567 0.1769
      vertex 0.168089 0.443986 0.1769
      vertex 0.190907 0.484442 0.1769
    endloop
  endfacet
  facet normal 0 0 -1
    outer loop
      vertex 0.167052 0.444643 0.1769
      vertex 0.190907 0.484442 0.1769
      vertex 0.168089 0.443986 0.1769
    endloop
  endfacet
  facet normal -0 0 -1
    outer loop
      vertex 0.190907 0.484442 0.1769
      vertex 0.167052 0.444643 0.1769
      vertex 0.187858 0.486169 0.1769
    endloop
  endfacet
  facet normal 0 0 -1
    outer loop
      vertex 0.165984 0.445248 0.1769
      vertex 0.187858 0.486169 0.1769
      vertex 0.167052 0.444643 0.1769
    endloop
  endfacet
  facet normal -0 0 -1
    outer loop
      vertex 0.187858 0.486169 0.1769
      vertex 0.165984 0.445248 0.1769
      vertex 0.184727 0.487744 0.1769
    endloop
  endfacet
  facet normal 0 0 -1
    outer loop
      vertex 0.164888 0.445799 0.1769
      vertex 0.184727 0.487744 0.1769
      vertex 0.165984 0.445248 0.1769
    endloop
  endfacet
  facet normal -0 0 -1
    outer loop
      vertex 0.184727 0.487744 0.1769
      vertex 0.164888 0.445799 0.1769
      vertex 0.181523 0.489164 0.1769
    endloop
  endfacet
  facet normal 0 0 -1
    outer loop
      vertex 0.163767 0.446297 0.1769
      vertex 0.181523 0.489164 0.1769
      vertex 0.164888 0.445799 0.1769
    endloop
  endfacet
  facet normal -0 0 -1
    outer loop
      vertex 0.181523 0.489164 0.1769
      vertex 0.163767 0.446297 0.1769
      vertex 0.178253 0.490426 0.1769
    endloop
  endfacet
  facet normal 0 0 -1
    outer loop
      vertex 0.162621 0.446738 0.1769
      vertex 0.178253 0.490426 0.1769
      vertex 0.163767 0.446297 0.1769
    endloop
  endfacet
  facet normal -0 0 -1
    outer loop
      vertex 0.178253 0.490426 0.1769
      vertex 0.162621 0.446738 0.1769
      vertex 0.174926 0.491525 0.1769
    endloop
  endfacet
  facet normal 0 0 -1
    outer loop
      vertex 0.161457 0.447123 0.1769
      vertex 0.174926 0.491525 0.1769
      vertex 0.162621 0.446738 0.1769
    endloop
  endfacet
  facet normal -0 0 -1
    outer loop
      vertex 0.174926 0.491525 0.1769
      vertex 0.161457 0.447123 0.1769
      vertex 0.171548 0.492459 0.1769
    endloop
  endfacet
  facet normal 0 0 -1
    outer loop
      vertex 0.160274 0.447451 0.1769
      vertex 0.171548 0.492459 0.1769
      vertex 0.161457 0.447123 0.1769
    endloop
  endfacet
  facet normal -0 0 -1
    outer loop
      vertex 0.171548 0.492459 0.1769
      vertex 0.160274 0.447451 0.1769
      vertex 0.168129 0.493228 0.1769
    endloop
  endfacet
  facet normal 0 0 -1
    outer loop
      vertex 0.159077 0.44772 0.1769
      vertex 0.168129 0.493228 0.1769
      vertex 0.160274 0.447451 0.1769
    endloop
  endfacet
  facet normal -0 0 -1
    outer loop
      vertex 0.168129 0.493228 0.1769
      vertex 0.159077 0.44772 0.1769
      vertex 0.164676 0.493827 0.1769
    endloop
  endfacet
  facet normal 0 0 -1
    outer loop
      vertex 0.157867 0.447929 0.1769
      vertex 0.164676 0.493827 0.1769
      vertex 0.159077 0.44772 0.1769
    endloop
  endfacet
  facet normal -0 0 -1
    outer loop
      vertex 0.164676 0.493827 0.1769
      vertex 0.157867 0.447929 0.1769
      vertex 0.161198 0.494256 0.1769
    endloop
  endfacet
  facet normal 0 0 -1
    outer loop
      vertex 0.15665 0.448079 0.1769
      vertex 0.161198 0.494256 0.1769
      vertex 0.157867 0.447929 0.1769
    endloop
  endfacet
  facet normal -0 0 -1
    outer loop
      vertex 0.161198 0.494256 0.1769
      vertex 0.15665 0.448079 0.1769
      vertex 0.157703 0.494514 0.1769
    endloop
  endfacet
  facet normal 0 0 -1
    outer loop
      vertex 0.155426 0.44817 0.1769
      vertex 0.157703 0.494514 0.1769
      vertex 0.15665 0.448079 0.1769
    endloop
  endfacet
  facet normal 0 0 -1
    outer loop
      vertex 0.1542 0.448199 0.1769
      vertex 0.157703 0.494514 0.1769
      vertex 0.155426 0.44817 0.1769
    endloop
  endfacet
  facet normal 0 0 -1
    outer loop
      vertex 0.1542 0.448199 0.1769
      vertex 0.1542 0.494599 0.1769
      vertex 0.157703 0.494514 0.1769
    endloop
  endfacet
  facet normal 0 0 -1
    outer loop
      vertex 0.152973 0.44817 0.1769
      vertex 0.1542 0.494599 0.1769
      vertex 0.1542 0.448199 0.1769
    endloop
  endfacet
  facet normal 0 0 -1
    outer loop
      vertex 0.150696 0.494514 0.1769
      vertex 0.152973 0.44817 0.1769
      vertex 0.151749 0.448079 0.1769
    endloop
  endfacet
  facet normal 0 0 -1
    outer loop
      vertex 0.152973 0.44817 0.1769
      vertex 0.150696 0.494514 0.1769
      vertex 0.1542 0.494599 0.1769
    endloop
  endfacet
  facet normal 0 0 -1
    outer loop
      vertex 0.147202 0.494256 0.1769
      vertex 0.151749 0.448079 0.1769
      vertex 0.150531 0.447929 0.1769
    endloop
  endfacet
  facet normal 0 0 -1
    outer loop
      vertex 0.143723 0.493827 0.1769
      vertex 0.150531 0.447929 0.1769
      vertex 0.149323 0.44772 0.1769
    endloop
  endfacet
  facet normal 0 0 -1
    outer loop
      vertex 0.14027 0.493228 0.1769
      vertex 0.149323 0.44772 0.1769
      vertex 0.148125 0.447451 0.1769
    endloop
  endfacet
  facet normal 0 0 -1
    outer loop
      vertex 0.151749 0.448079 0.1769
      vertex 0.147202 0.494256 0.1769
      vertex 0.150696 0.494514 0.1769
    endloop
  endfacet
  facet normal 0 0 -1
    outer loop
      vertex 0.13685 0.492459 0.1769
      vertex 0.148125 0.447451 0.1769
      vertex 0.146942 0.447123 0.1769
    endloop
  endfacet
  facet normal 0 0 -1
    outer loop
      vertex 0.133473 0.491525 0.1769
      vertex 0.146942 0.447123 0.1769
      vertex 0.145778 0.446738 0.1769
    endloop
  endfacet
  facet normal 0 0 -1
    outer loop
      vertex 0.130146 0.490426 0.1769
      vertex 0.145778 0.446738 0.1769
      vertex 0.144632 0.446297 0.1769
    endloop
  endfacet
  facet normal 0 0 -1
    outer loop
      vertex 0.150531 0.447929 0.1769
      vertex 0.143723 0.493827 0.1769
      vertex 0.147202 0.494256 0.1769
    endloop
  endfacet
  facet normal 0 0 -1
    outer loop
      vertex 0.126876 0.489164 0.1769
      vertex 0.144632 0.446297 0.1769
      vertex 0.143511 0.445799 0.1769
    endloop
  endfacet
  facet normal 0 0 -1
    outer loop
      vertex 0.123672 0.487744 0.1769
      vertex 0.143511 0.445799 0.1769
      vertex 0.142415 0.445248 0.1769
    endloop
  endfacet
  facet normal 0 0 -1
    outer loop
      vertex 0.120542 0.486169 0.1769
      vertex 0.142415 0.445248 0.1769
      vertex 0.141347 0.444643 0.1769
    endloop
  endfacet
  facet normal 0 0 -1
    outer loop
      vertex 0.117493 0.484442 0.1769
      vertex 0.141347 0.444643 0.1769
      vertex 0.14031 0.443986 0.1769
    endloop
  endfacet
  facet normal 0 0 -1
    outer loop
      vertex 0.149323 0.44772 0.1769
      vertex 0.14027 0.493228 0.1769
      vertex 0.143723 0.493827 0.1769
    endloop
  endfacet
  facet normal 0 0 -1
    outer loop
      vertex 0.114532 0.482567 0.1769
      vertex 0.14031 0.443986 0.1769
      vertex 0.139307 0.443279 0.1769
    endloop
  endfacet
  facet normal 0 0 -1
    outer loop
      vertex 0.111667 0.480549 0.1769
      vertex 0.139307 0.443279 0.1769
      vertex 0.13834 0.442525 0.1769
    endloop
  endfacet
  facet normal 0 0 -1
    outer loop
      vertex 0.108904 0.478393 0.1769
      vertex 0.13834 0.442525 0.1769
      vertex 0.13741 0.441723 0.1769
    endloop
  endfacet
  facet normal 0 0 -1
    outer loop
      vertex 0.148125 0.447451 0.1769
      vertex 0.13685 0.492459 0.1769
      vertex 0.14027 0.493228 0.1769
    endloop
  endfacet
  facet normal 0 0 -1
    outer loop
      vertex 0.10625 0.476104 0.1769
      vertex 0.13741 0.441723 0.1769
      vertex 0.136522 0.440877 0.1769
    endloop
  endfacet
  facet normal 0 0 -1
    outer loop
      vertex 0.103712 0.473687 0.1769
      vertex 0.136522 0.440877 0.1769
      vertex 0.135675 0.439988 0.1769
    endloop
  endfacet
  facet normal 0 0 -1
    outer loop
      vertex 0.101295 0.471148 0.1769
      vertex 0.135675 0.439988 0.1769
      vertex 0.134874 0.439059 0.1769
    endloop
  endfacet
  facet normal 0 0 -1
    outer loop
      vertex 0.0990067 0.468495 0.1769
      vertex 0.134874 0.439059 0.1769
      vertex 0.134119 0.438092 0.1769
    endloop
  endfacet
  facet normal 0 0 -1
    outer loop
      vertex 0.146942 0.447123 0.1769
      vertex 0.133473 0.491525 0.1769
      vertex 0.13685 0.492459 0.1769
    endloop
  endfacet
  facet normal 0 0 -1
    outer loop
      vertex 0.0968504 0.465733 0.1769
      vertex 0.134119 0.438092 0.1769
      vertex 0.133412 0.437089 0.1769
    endloop
  endfacet
  facet normal 0 0 -1
    outer loop
      vertex 0.0948324 0.462867 0.1769
      vertex 0.133412 0.437089 0.1769
      vertex 0.132756 0.436052 0.1769
    endloop
  endfacet
  facet normal 0 0 -1
    outer loop
      vertex 0.0929575 0.459907 0.1769
      vertex 0.132756 0.436052 0.1769
      vertex 0.132152 0.434984 0.1769
    endloop
  endfacet
  facet normal 0 0 -1
    outer loop
      vertex 0.0912304 0.456858 0.1769
      vertex 0.132152 0.434984 0.1769
      vertex 0.131599 0.433888 0.1769
    endloop
  endfacet
  facet normal 0 0 -1
    outer loop
      vertex 0.0896549 0.453727 0.1769
      vertex 0.131599 0.433888 0.1769
      vertex 0.131103 0.432767 0.1769
    endloop
  endfacet
  facet normal 0 0 -1
    outer loop
      vertex 0.0882349 0.450523 0.1769
      vertex 0.131103 0.432767 0.1769
      vertex 0.130661 0.431622 0.1769
    endloop
  endfacet
  facet normal 0 0 -1
    outer loop
      vertex 0.0869732 0.447253 0.1769
      vertex 0.130661 0.431622 0.1769
      vertex 0.130276 0.430457 0.1769
    endloop
  endfacet
  facet normal 0 0 -1
    outer loop
      vertex 0.145778 0.446738 0.1769
      vertex 0.130146 0.490426 0.1769
      vertex 0.133473 0.491525 0.1769
    endloop
  endfacet
  facet normal 0 0 -1
    outer loop
      vertex 0.0858736 0.443926 0.1769
      vertex 0.130276 0.430457 0.1769
      vertex 0.129949 0.429274 0.1769
    endloop
  endfacet
  facet normal 0 0 -1
    outer loop
      vertex 0.084939 0.440548 0.1769
      vertex 0.129949 0.429274 0.1769
      vertex 0.12968 0.428077 0.1769
    endloop
  endfacet
  facet normal 0 0 -1
    outer loop
      vertex 0.0841713 0.437129 0.1769
      vertex 0.12968 0.428077 0.1769
      vertex 0.12947 0.426867 0.1769
    endloop
  endfacet
  facet normal 0 0 -1
    outer loop
      vertex 0.0835724 0.433676 0.1769
      vertex 0.12947 0.426867 0.1769
      vertex 0.12932 0.42565 0.1769
    endloop
  endfacet
  facet normal 0 0 -1
    outer loop
      vertex 0.0831432 0.430198 0.1769
      vertex 0.12932 0.42565 0.1769
      vertex 0.12923 0.424426 0.1769
    endloop
  endfacet
  facet normal 0 0 -1
    outer loop
      vertex 0.0828857 0.426702 0.1769
      vertex 0.12923 0.424426 0.1769
      vertex 0.1292 0.4232 0.1769
    endloop
  endfacet
  facet normal 0 0 -1
    outer loop
      vertex 0.0948324 0.383532 0.1769
      vertex 0.133412 0.40931 0.1769
      vertex 0.0968504 0.380667 0.1769
    endloop
  endfacet
  facet normal 0 0 -1
    outer loop
      vertex 0.144632 0.446297 0.1769
      vertex 0.126876 0.489164 0.1769
      vertex 0.130146 0.490426 0.1769
    endloop
  endfacet
  facet normal -0 0 -1
    outer loop
      vertex 0.133412 0.40931 0.1769
      vertex 0.0948324 0.383532 0.1769
      vertex 0.132756 0.410347 0.1769
    endloop
  endfacet
  facet normal 0 0 -1
    outer loop
      vertex 0.143511 0.445799 0.1769
      vertex 0.123672 0.487744 0.1769
      vertex 0.126876 0.489164 0.1769
    endloop
  endfacet
  facet normal 0 0 -1
    outer loop
      vertex 0.0929575 0.386493 0.1769
      vertex 0.132756 0.410347 0.1769
      vertex 0.0948324 0.383532 0.1769
    endloop
  endfacet
  facet normal 0 0 -1
    outer loop
      vertex 0.142415 0.445248 0.1769
      vertex 0.120542 0.486169 0.1769
      vertex 0.123672 0.487744 0.1769
    endloop
  endfacet
  facet normal -0 0 -1
    outer loop
      vertex 0.132756 0.410347 0.1769
      vertex 0.0929575 0.386493 0.1769
      vertex 0.132152 0.411414 0.1769
    endloop
  endfacet
  facet normal 0 0 -1
    outer loop
      vertex 0.141347 0.444643 0.1769
      vertex 0.117493 0.484442 0.1769
      vertex 0.120542 0.486169 0.1769
    endloop
  endfacet
  facet normal 0 0 -1
    outer loop
      vertex 0.0912304 0.389542 0.1769
      vertex 0.132152 0.411414 0.1769
      vertex 0.0929575 0.386493 0.1769
    endloop
  endfacet
  facet normal 0 0 -1
    outer loop
      vertex 0.14031 0.443986 0.1769
      vertex 0.114532 0.482567 0.1769
      vertex 0.117493 0.484442 0.1769
    endloop
  endfacet
  facet normal -0 0 -1
    outer loop
      vertex 0.132152 0.411414 0.1769
      vertex 0.0912304 0.389542 0.1769
      vertex 0.131599 0.412511 0.1769
    endloop
  endfacet
  facet normal 0 0 -1
    outer loop
      vertex 0.139307 0.443279 0.1769
      vertex 0.111667 0.480549 0.1769
      vertex 0.114532 0.482567 0.1769
    endloop
  endfacet
  facet normal 0 0 -1
    outer loop
      vertex 0.0896549 0.392673 0.1769
      vertex 0.131599 0.412511 0.1769
      vertex 0.0912304 0.389542 0.1769
    endloop
  endfacet
  facet normal 0 0 -1
    outer loop
      vertex 0.13834 0.442525 0.1769
      vertex 0.108904 0.478393 0.1769
      vertex 0.111667 0.480549 0.1769
    endloop
  endfacet
  facet normal -0 0 -1
    outer loop
      vertex 0.131599 0.412511 0.1769
      vertex 0.0896549 0.392673 0.1769
      vertex 0.131103 0.413632 0.1769
    endloop
  endfacet
  facet normal 0 0 -1
    outer loop
      vertex 0.13741 0.441723 0.1769
      vertex 0.10625 0.476104 0.1769
      vertex 0.108904 0.478393 0.1769
    endloop
  endfacet
  facet normal 0 0 -1
    outer loop
      vertex 0.0882349 0.395876 0.1769
      vertex 0.131103 0.413632 0.1769
      vertex 0.0896549 0.392673 0.1769
    endloop
  endfacet
  facet normal 0 0 -1
    outer loop
      vertex 0.136522 0.440877 0.1769
      vertex 0.103712 0.473687 0.1769
      vertex 0.10625 0.476104 0.1769
    endloop
  endfacet
  facet normal -0 0 -1
    outer loop
      vertex 0.131103 0.413632 0.1769
      vertex 0.0882349 0.395876 0.1769
      vertex 0.130661 0.414777 0.1769
    endloop
  endfacet
  facet normal 0 0 -1
    outer loop
      vertex 0.135675 0.439988 0.1769
      vertex 0.101295 0.471148 0.1769
      vertex 0.103712 0.473687 0.1769
    endloop
  endfacet
  facet normal 0 0 -1
    outer loop
      vertex 0.0869732 0.399145 0.1769
      vertex 0.130661 0.414777 0.1769
      vertex 0.0882349 0.395876 0.1769
    endloop
  endfacet
  facet normal 0 0 -1
    outer loop
      vertex 0.134874 0.439059 0.1769
      vertex 0.0990067 0.468495 0.1769
      vertex 0.101295 0.471148 0.1769
    endloop
  endfacet
  facet normal -0 0 -1
    outer loop
      vertex 0.130661 0.414777 0.1769
      vertex 0.0869732 0.399145 0.1769
      vertex 0.130276 0.415942 0.1769
    endloop
  endfacet
  facet normal 0 0 -1
    outer loop
      vertex 0.0858736 0.402473 0.1769
      vertex 0.130276 0.415942 0.1769
      vertex 0.0869732 0.399145 0.1769
    endloop
  endfacet
  facet normal 0 0 -1
    outer loop
      vertex 0.134119 0.438092 0.1769
      vertex 0.0968504 0.465733 0.1769
      vertex 0.0990067 0.468495 0.1769
    endloop
  endfacet
  facet normal -0 0 -1
    outer loop
      vertex 0.130276 0.415942 0.1769
      vertex 0.0858736 0.402473 0.1769
      vertex 0.129949 0.417125 0.1769
    endloop
  endfacet
  facet normal 0 0 -1
    outer loop
      vertex 0.133412 0.437089 0.1769
      vertex 0.0948324 0.462867 0.1769
      vertex 0.0968504 0.465733 0.1769
    endloop
  endfacet
  facet normal 0 0 -1
    outer loop
      vertex 0.084939 0.40585 0.1769
      vertex 0.129949 0.417125 0.1769
      vertex 0.0858736 0.402473 0.1769
    endloop
  endfacet
  facet normal 0 0 -1
    outer loop
      vertex 0.132756 0.436052 0.1769
      vertex 0.0929575 0.459907 0.1769
      vertex 0.0948324 0.462867 0.1769
    endloop
  endfacet
  facet normal -0 0 -1
    outer loop
      vertex 0.129949 0.417125 0.1769
      vertex 0.084939 0.40585 0.1769
      vertex 0.12968 0.418323 0.1769
    endloop
  endfacet
  facet normal 0 0 -1
    outer loop
      vertex 0.132152 0.434984 0.1769
      vertex 0.0912304 0.456858 0.1769
      vertex 0.0929575 0.459907 0.1769
    endloop
  endfacet
  facet normal 0 0 -1
    outer loop
      vertex 0.0841713 0.40927 0.1769
      vertex 0.12968 0.418323 0.1769
      vertex 0.084939 0.40585 0.1769
    endloop
  endfacet
  facet normal 0 0 -1
    outer loop
      vertex 0.131599 0.433888 0.1769
      vertex 0.0896549 0.453727 0.1769
      vertex 0.0912304 0.456858 0.1769
    endloop
  endfacet
  facet normal -0 0 -1
    outer loop
      vertex 0.12968 0.418323 0.1769
      vertex 0.0841713 0.40927 0.1769
      vertex 0.12947 0.419531 0.1769
    endloop
  endfacet
  facet normal 0 0 -1
    outer loop
      vertex 0.131103 0.432767 0.1769
      vertex 0.0882349 0.450523 0.1769
      vertex 0.0896549 0.453727 0.1769
    endloop
  endfacet
  facet normal 0 0 -1
    outer loop
      vertex 0.0835724 0.412723 0.1769
      vertex 0.12947 0.419531 0.1769
      vertex 0.0841713 0.40927 0.1769
    endloop
  endfacet
  facet normal 0 0 -1
    outer loop
      vertex 0.130661 0.431622 0.1769
      vertex 0.0869732 0.447253 0.1769
      vertex 0.0882349 0.450523 0.1769
    endloop
  endfacet
  facet normal -0 0 -1
    outer loop
      vertex 0.12947 0.419531 0.1769
      vertex 0.0835724 0.412723 0.1769
      vertex 0.12932 0.420749 0.1769
    endloop
  endfacet
  facet normal 0 0 -1
    outer loop
      vertex 0.130276 0.430457 0.1769
      vertex 0.0858736 0.443926 0.1769
      vertex 0.0869732 0.447253 0.1769
    endloop
  endfacet
  facet normal 0 0 -1
    outer loop
      vertex 0.0831432 0.416201 0.1769
      vertex 0.12932 0.420749 0.1769
      vertex 0.0835724 0.412723 0.1769
    endloop
  endfacet
  facet normal 0 0 -1
    outer loop
      vertex 0.129949 0.429274 0.1769
      vertex 0.084939 0.440548 0.1769
      vertex 0.0858736 0.443926 0.1769
    endloop
  endfacet
  facet normal -0 0 -1
    outer loop
      vertex 0.12932 0.420749 0.1769
      vertex 0.0831432 0.416201 0.1769
      vertex 0.12923 0.421973 0.1769
    endloop
  endfacet
  facet normal 0 0 -1
    outer loop
      vertex 0.12968 0.428077 0.1769
      vertex 0.0841713 0.437129 0.1769
      vertex 0.084939 0.440548 0.1769
    endloop
  endfacet
  facet normal 0 0 -1
    outer loop
      vertex 0.0828857 0.419696 0.1769
      vertex 0.12923 0.421973 0.1769
      vertex 0.0831432 0.416201 0.1769
    endloop
  endfacet
  facet normal 0 0 -1
    outer loop
      vertex 0.12947 0.426867 0.1769
      vertex 0.0835724 0.433676 0.1769
      vertex 0.0841713 0.437129 0.1769
    endloop
  endfacet
  facet normal -0 0 -1
    outer loop
      vertex 0.12923 0.421973 0.1769
      vertex 0.0828857 0.419696 0.1769
      vertex 0.1292 0.4232 0.1769
    endloop
  endfacet
  facet normal 0 0 -1
    outer loop
      vertex 0.12932 0.42565 0.1769
      vertex 0.0831432 0.430198 0.1769
      vertex 0.0835724 0.433676 0.1769
    endloop
  endfacet
  facet normal 0 0 -1
    outer loop
      vertex 0.0827999 0.4232 0.1769
      vertex 0.1292 0.4232 0.1769
      vertex 0.0828857 0.419696 0.1769
    endloop
  endfacet
  facet normal 0 0 -1
    outer loop
      vertex 0.12923 0.424426 0.1769
      vertex 0.0828857 0.426702 0.1769
      vertex 0.0831432 0.430198 0.1769
    endloop
  endfacet
  facet normal 0 0 -1
    outer loop
      vertex 0.1292 0.4232 0.1769
      vertex 0.0827999 0.4232 0.1769
      vertex 0.0828857 0.426702 0.1769
    endloop
  endfacet
  facet normal 0.9997 -0.0244929 0
    outer loop
      vertex 0.0827999 0.4232 0.1769
      vertex 0.0828857 0.426702 0
      vertex 0.0828857 0.426702 0.1769
    endloop
  endfacet
  facet normal 0.9997 -0.0244929 0
    outer loop
      vertex 0.0828857 0.426702 0
      vertex 0.0827999 0.4232 0.1769
      vertex 0.0827999 0.4232 0
    endloop
  endfacet
  facet normal 0.689634 -0.724158 0
    outer loop
      vertex 0.103712 0.473687 0
      vertex 0.10625 0.476104 0.1769
      vertex 0.103712 0.473687 0.1769
    endloop
  endfacet
  facet normal 0.689634 -0.724158 0
    outer loop
      vertex 0.10625 0.476104 0.1769
      vertex 0.103712 0.473687 0
      vertex 0.10625 0.476104 0
    endloop
  endfacet
  facet normal 0.449495 -0.893283 0
    outer loop
      vertex 0.120542 0.486169 0
      vertex 0.123672 0.487744 0.1769
      vertex 0.120542 0.486169 0.1769
    endloop
  endfacet
  facet normal 0.449495 -0.893283 0
    outer loop
      vertex 0.123672 0.487744 0.1769
      vertex 0.120542 0.486169 0
      vertex 0.123672 0.487744 0
    endloop
  endfacet
  facet normal 0.17092 -0.985285 0
    outer loop
      vertex 0.14027 0.493228 0
      vertex 0.143723 0.493827 0.1769
      vertex 0.14027 0.493228 0.1769
    endloop
  endfacet
  facet normal 0.17092 -0.985285 0
    outer loop
      vertex 0.143723 0.493827 0.1769
      vertex 0.14027 0.493228 0
      vertex 0.143723 0.493827 0
    endloop
  endfacet
  facet normal -0.844858 0.534991 0
    outer loop
      vertex 0.213567 0.383532 0
      vertex 0.215442 0.386493 0.1769
      vertex 0.215442 0.386493 0
    endloop
  endfacet
  facet normal -0.844858 0.534991 0
    outer loop
      vertex 0.215442 0.386493 0.1769
      vertex 0.213567 0.383532 0
      vertex 0.213567 0.383532 0.1769
    endloop
  endfacet
  facet normal -0.788383 0.615184 0
    outer loop
      vertex 0.209393 0.377904 0
      vertex 0.211549 0.380667 0.1769
      vertex 0.211549 0.380667 0
    endloop
  endfacet
  facet normal -0.788383 0.615184 0
    outer loop
      vertex 0.211549 0.380667 0.1769
      vertex 0.209393 0.377904 0
      vertex 0.209393 0.377904 0.1769
    endloop
  endfacet
  facet normal -0.89334 0.449381 0
    outer loop
      vertex 0.217169 0.389542 0
      vertex 0.218744 0.392673 0.1769
      vertex 0.218744 0.392673 0
    endloop
  endfacet
  facet normal -0.89334 0.449381 0
    outer loop
      vertex 0.218744 0.392673 0.1769
      vertex 0.217169 0.389542 0
      vertex 0.217169 0.389542 0.1769
    endloop
  endfacet
  facet normal -0.985285 0.17092 0
    outer loop
      vertex 0.224228 0.40927 0
      vertex 0.224827 0.412723 0.1769
      vertex 0.224827 0.412723 0
    endloop
  endfacet
  facet normal -0.985285 0.17092 0
    outer loop
      vertex 0.224827 0.412723 0.1769
      vertex 0.224228 0.40927 0
      vertex 0.224228 0.40927 0.1769
    endloop
  endfacet
  facet normal -0.997307 0.0733356 0
    outer loop
      vertex 0.225256 0.416201 0
      vertex 0.225513 0.419696 0.1769
      vertex 0.225513 0.419696 0
    endloop
  endfacet
  facet normal -0.997307 0.0733356 0
    outer loop
      vertex 0.225513 0.419696 0.1769
      vertex 0.225256 0.416201 0
      vertex 0.225256 0.416201 0.1769
    endloop
  endfacet
  facet normal 0.870104 0.492869 0
    outer loop
      vertex 0.0929575 0.386493 0.1769
      vertex 0.0912304 0.389542 0
      vertex 0.0912304 0.389542 0.1769
    endloop
  endfacet
  facet normal 0.870104 0.492869 0
    outer loop
      vertex 0.0912304 0.389542 0
      vertex 0.0929575 0.386493 0.1769
      vertex 0.0929575 0.386493 0
    endloop
  endfacet
  facet normal 0.817553 0.575854 0
    outer loop
      vertex 0.0968504 0.380667 0.1769
      vertex 0.0948324 0.383532 0
      vertex 0.0948324 0.383532 0.1769
    endloop
  endfacet
  facet normal 0.817553 0.575854 0
    outer loop
      vertex 0.0948324 0.383532 0
      vertex 0.0968504 0.380667 0.1769
      vertex 0.0968504 0.380667 0
    endloop
  endfacet
  facet normal 0.949513 0.313727 0
    outer loop
      vertex 0.0869732 0.399145 0.1769
      vertex 0.0858736 0.402473 0
      vertex 0.0858736 0.402473 0.1769
    endloop
  endfacet
  facet normal 0.949513 0.313727 0
    outer loop
      vertex 0.0858736 0.402473 0
      vertex 0.0869732 0.399145 0.1769
      vertex 0.0869732 0.399145 0
    endloop
  endfacet
  facet normal 0.992472 0.122475 0
    outer loop
      vertex 0.0835724 0.412723 0.1769
      vertex 0.0831432 0.416201 0
      vertex 0.0831432 0.416201 0.1769
    endloop
  endfacet
  facet normal 0.992472 0.122475 0
    outer loop
      vertex 0.0831432 0.416201 0
      vertex 0.0835724 0.412723 0.1769
      vertex 0.0835724 0.412723 0
    endloop
  endfacet
  facet normal -0.963646 -0.267182 0
    outer loop
      vertex 0.178451 0.429274 0.1769
      vertex 0.178123 0.430457 0.468399
      vertex 0.178123 0.430457 0.1769
    endloop
  endfacet
  facet normal -0.963646 -0.267182 0
    outer loop
      vertex 0.178123 0.430457 0.468399
      vertex 0.178451 0.429274 0.1769
      vertex 0.178451 0.429274 0.468399
    endloop
  endfacet
  facet normal -0.405987 -0.913879 0
    outer loop
      vertex 0.163767 0.446297 0.1769
      vertex 0.164888 0.445799 0.468399
      vertex 0.163767 0.446297 0.468399
    endloop
  endfacet
  facet normal -0.405987 -0.913879 -0
    outer loop
      vertex 0.164888 0.445799 0.468399
      vertex 0.163767 0.446297 0.1769
      vertex 0.164888 0.445799 0.1769
    endloop
  endfacet
  facet normal 0.845101 -0.534606 0
    outer loop
      vertex 0.132756 0.436052 0.468399
      vertex 0.133412 0.437089 0.1769
      vertex 0.133412 0.437089 0.468399
    endloop
  endfacet
  facet normal 0.845101 -0.534606 0
    outer loop
      vertex 0.133412 0.437089 0.1769
      vertex 0.132756 0.436052 0.468399
      vertex 0.132756 0.436052 0.1769
    endloop
  endfacet
  facet normal 0.817352 -0.576139 0
    outer loop
      vertex 0.133412 0.437089 0.468399
      vertex 0.134119 0.438092 0.1769
      vertex 0.134119 0.438092 0.468399
    endloop
  endfacet
  facet normal 0.817352 -0.576139 0
    outer loop
      vertex 0.134119 0.438092 0.1769
      vertex 0.133412 0.437089 0.468399
      vertex 0.133412 0.437089 0.1769
    endloop
  endfacet
  facet normal 0.689777 -0.724022 0
    outer loop
      vertex 0.136522 0.440877 0.1769
      vertex 0.13741 0.441723 0.468399
      vertex 0.136522 0.440877 0.468399
    endloop
  endfacet
  facet normal 0.689777 -0.724022 0
    outer loop
      vertex 0.13741 0.441723 0.468399
      vertex 0.136522 0.440877 0.1769
      vertex 0.13741 0.441723 0.1769
    endloop
  endfacet
  facet normal 0.359143 -0.933283 0
    outer loop
      vertex 0.144632 0.446297 0.1769
      vertex 0.145778 0.446738 0.468399
      vertex 0.144632 0.446297 0.468399
    endloop
  endfacet
  facet normal 0.359143 -0.933283 0
    outer loop
      vertex 0.145778 0.446738 0.468399
      vertex 0.144632 0.446297 0.1769
      vertex 0.145778 0.446738 0.1769
    endloop
  endfacet
  facet normal -0.869894 0.493239 0
    outer loop
      vertex 0.175643 0.410347 0.1769
      vertex 0.176248 0.411414 0.468399
      vertex 0.176248 0.411414 0.1769
    endloop
  endfacet
  facet normal -0.869894 0.493239 0
    outer loop
      vertex 0.176248 0.411414 0.468399
      vertex 0.175643 0.410347 0.1769
      vertex 0.175643 0.410347 0.468399
    endloop
  endfacet
  facet normal -0.21926 0.975666 0
    outer loop
      vertex 0.160274 0.398949 0.1769
      vertex 0.159077 0.39868 0.468399
      vertex 0.160274 0.398949 0.468399
    endloop
  endfacet
  facet normal -0.21926 0.975666 0
    outer loop
      vertex 0.159077 0.39868 0.468399
      vertex 0.160274 0.398949 0.1769
      vertex 0.159077 0.39868 0.1769
    endloop
  endfacet
  facet normal -0.68937 0.724409 0
    outer loop
      vertex 0.171877 0.405521 0.1769
      vertex 0.170988 0.404675 0.468399
      vertex 0.171877 0.405521 0.468399
    endloop
  endfacet
  facet normal -0.68937 0.724409 0
    outer loop
      vertex 0.170988 0.404675 0.468399
      vertex 0.171877 0.405521 0.1769
      vertex 0.170988 0.404675 0.1769
    endloop
  endfacet
  facet normal -0.999721 0.0236283 0
    outer loop
      vertex 0.17917 0.421973 0.1769
      vertex 0.179199 0.4232 0.468399
      vertex 0.179199 0.4232 0.1769
    endloop
  endfacet
  facet normal -0.999721 0.0236283 0
    outer loop
      vertex 0.179199 0.4232 0.468399
      vertex 0.17917 0.421973 0.1769
      vertex 0.17917 0.421973 0.468399
    endloop
  endfacet
  facet normal 0.359852 0.933009 -0
    outer loop
      vertex 0.145778 0.399661 0.1769
      vertex 0.144632 0.400103 0.468399
      vertex 0.145778 0.399661 0.468399
    endloop
  endfacet
  facet normal 0.359852 0.933009 0
    outer loop
      vertex 0.144632 0.400103 0.468399
      vertex 0.145778 0.399661 0.1769
      vertex 0.144632 0.400103 0.1769
    endloop
  endfacet
  facet normal 0.845101 0.534606 0
    outer loop
      vertex 0.133412 0.40931 0.468399
      vertex 0.132756 0.410347 0.1769
      vertex 0.132756 0.410347 0.468399
    endloop
  endfacet
  facet normal 0.845101 0.534606 0
    outer loop
      vertex 0.132756 0.410347 0.1769
      vertex 0.133412 0.40931 0.468399
      vertex 0.133412 0.40931 0.1769
    endloop
  endfacet
  facet normal -0.870092 -0.492889 0
    outer loop
      vertex 0.176248 0.434984 0.1769
      vertex 0.175643 0.436052 0.468399
      vertex 0.175643 0.436052 0.1769
    endloop
  endfacet
  facet normal -0.870092 -0.492889 0
    outer loop
      vertex 0.175643 0.436052 0.468399
      vertex 0.176248 0.434984 0.1769
      vertex 0.176248 0.434984 0.468399
    endloop
  endfacet
  facet normal -0.757354 -0.653004 0
    outer loop
      vertex 0.173525 0.439059 0.1769
      vertex 0.172724 0.439988 0.468399
      vertex 0.172724 0.439988 0.1769
    endloop
  endfacet
  facet normal -0.757354 -0.653004 0
    outer loop
      vertex 0.172724 0.439988 0.468399
      vertex 0.173525 0.439059 0.1769
      vertex 0.173525 0.439059 0.468399
    endloop
  endfacet
  facet normal -0.170207 -0.985408 0
    outer loop
      vertex 0.157867 0.447929 0.1769
      vertex 0.159077 0.44772 0.468399
      vertex 0.157867 0.447929 0.468399
    endloop
  endfacet
  facet normal -0.170207 -0.985408 -0
    outer loop
      vertex 0.159077 0.44772 0.468399
      vertex 0.157867 0.447929 0.1769
      vertex 0.159077 0.44772 0.1769
    endloop
  endfacet
  facet normal -0.0741418 -0.997248 0
    outer loop
      vertex 0.155426 0.44817 0.1769
      vertex 0.15665 0.448079 0.468399
      vertex 0.155426 0.44817 0.468399
    endloop
  endfacet
  facet normal -0.0741418 -0.997248 -0
    outer loop
      vertex 0.15665 0.448079 0.468399
      vertex 0.155426 0.44817 0.1769
      vertex 0.15665 0.448079 0.1769
    endloop
  endfacet
  facet normal -0.6149 -0.788605 0
    outer loop
      vertex 0.169092 0.443279 0.1769
      vertex 0.170059 0.442525 0.468399
      vertex 0.169092 0.443279 0.468399
    endloop
  endfacet
  facet normal -0.6149 -0.788605 -0
    outer loop
      vertex 0.170059 0.442525 0.468399
      vertex 0.169092 0.443279 0.1769
      vertex 0.170059 0.442525 0.1769
    endloop
  endfacet
  facet normal -0.449169 -0.893447 0
    outer loop
      vertex 0.164888 0.445799 0.1769
      vertex 0.165984 0.445248 0.468399
      vertex 0.164888 0.445799 0.468399
    endloop
  endfacet
  facet normal -0.449169 -0.893447 -0
    outer loop
      vertex 0.165984 0.445248 0.468399
      vertex 0.164888 0.445799 0.1769
      vertex 0.165984 0.445248 0.1769
    endloop
  endfacet
  facet normal 0.975666 -0.21926 0
    outer loop
      vertex 0.12968 0.428077 0.468399
      vertex 0.129949 0.429274 0.1769
      vertex 0.129949 0.429274 0.468399
    endloop
  endfacet
  facet normal 0.975666 -0.21926 0
    outer loop
      vertex 0.129949 0.429274 0.1769
      vertex 0.12968 0.428077 0.468399
      vertex 0.12968 0.428077 0.1769
    endloop
  endfacet
  facet normal 0.99249 -0.122328 0
    outer loop
      vertex 0.12932 0.42565 0.468399
      vertex 0.12947 0.426867 0.1769
      vertex 0.12947 0.426867 0.468399
    endloop
  endfacet
  facet normal 0.99249 -0.122328 0
    outer loop
      vertex 0.12947 0.426867 0.1769
      vertex 0.12932 0.42565 0.468399
      vertex 0.12932 0.42565 0.1769
    endloop
  endfacet
  facet normal 0.576139 -0.817352 0
    outer loop
      vertex 0.139307 0.443279 0.1769
      vertex 0.14031 0.443986 0.468399
      vertex 0.139307 0.443279 0.468399
    endloop
  endfacet
  facet normal 0.576139 -0.817352 0
    outer loop
      vertex 0.14031 0.443986 0.468399
      vertex 0.139307 0.443279 0.1769
      vertex 0.14031 0.443986 0.1769
    endloop
  endfacet
  facet normal 0.653068 -0.757299 0
    outer loop
      vertex 0.13741 0.441723 0.1769
      vertex 0.13834 0.442525 0.468399
      vertex 0.13741 0.441723 0.468399
    endloop
  endfacet
  facet normal 0.653068 -0.757299 0
    outer loop
      vertex 0.13834 0.442525 0.468399
      vertex 0.13741 0.441723 0.1769
      vertex 0.13834 0.442525 0.1769
    endloop
  endfacet
  facet normal 0.122229 -0.992502 0
    outer loop
      vertex 0.150531 0.447929 0.1769
      vertex 0.151749 0.448079 0.468399
      vertex 0.150531 0.447929 0.468399
    endloop
  endfacet
  facet normal 0.122229 -0.992502 0
    outer loop
      vertex 0.151749 0.448079 0.468399
      vertex 0.150531 0.447929 0.1769
      vertex 0.151749 0.448079 0.1769
    endloop
  endfacet
  facet normal 0.314025 -0.949415 0
    outer loop
      vertex 0.145778 0.446738 0.1769
      vertex 0.146942 0.447123 0.468399
      vertex 0.145778 0.446738 0.468399
    endloop
  endfacet
  facet normal 0.314025 -0.949415 0
    outer loop
      vertex 0.146942 0.447123 0.468399
      vertex 0.145778 0.446738 0.1769
      vertex 0.146942 0.447123 0.1769
    endloop
  endfacet
  facet normal 0.0733314 0.997308 -0
    outer loop
      vertex 0.152973 0.39823 0.1769
      vertex 0.151749 0.39832 0.468399
      vertex 0.152973 0.39823 0.468399
    endloop
  endfacet
  facet normal 0.0733314 0.997308 0
    outer loop
      vertex 0.151749 0.39832 0.468399
      vertex 0.152973 0.39823 0.1769
      vertex 0.151749 0.39832 0.1769
    endloop
  endfacet
  facet normal 0.576139 0.817352 -0
    outer loop
      vertex 0.14031 0.402412 0.1769
      vertex 0.139307 0.403119 0.468399
      vertex 0.14031 0.402412 0.468399
    endloop
  endfacet
  facet normal 0.576139 0.817352 0
    outer loop
      vertex 0.139307 0.403119 0.468399
      vertex 0.14031 0.402412 0.1769
      vertex 0.139307 0.403119 0.1769
    endloop
  endfacet
  facet normal 0.757702 0.652601 0
    outer loop
      vertex 0.135675 0.40641 0.468399
      vertex 0.134874 0.40734 0.1769
      vertex 0.134874 0.40734 0.468399
    endloop
  endfacet
  facet normal 0.757702 0.652601 0
    outer loop
      vertex 0.134874 0.40734 0.1769
      vertex 0.135675 0.40641 0.468399
      vertex 0.135675 0.40641 0.1769
    endloop
  endfacet
  facet normal 0.914483 0.404624 0
    outer loop
      vertex 0.131599 0.412511 0.468399
      vertex 0.131103 0.413632 0.1769
      vertex 0.131103 0.413632 0.468399
    endloop
  endfacet
  facet normal 0.914483 0.404624 0
    outer loop
      vertex 0.131103 0.413632 0.1769
      vertex 0.131599 0.412511 0.468399
      vertex 0.131599 0.412511 0.1769
    endloop
  endfacet
  facet normal -0.949495 -0.313782 0
    outer loop
      vertex 0.178123 0.430457 0.1769
      vertex 0.177738 0.431622 0.468399
      vertex 0.177738 0.431622 0.1769
    endloop
  endfacet
  facet normal -0.949495 -0.313782 0
    outer loop
      vertex 0.177738 0.431622 0.468399
      vertex 0.178123 0.430457 0.1769
      vertex 0.178123 0.430457 0.468399
    endloop
  endfacet
  facet normal -0.913879 -0.405987 0
    outer loop
      vertex 0.177297 0.432767 0.1769
      vertex 0.176799 0.433888 0.468399
      vertex 0.176799 0.433888 0.1769
    endloop
  endfacet
  facet normal -0.913879 -0.405987 0
    outer loop
      vertex 0.176799 0.433888 0.468399
      vertex 0.177297 0.432767 0.1769
      vertex 0.177297 0.432767 0.468399
    endloop
  endfacet
  facet normal -0.933177 -0.359416 0
    outer loop
      vertex 0.177738 0.431622 0.1769
      vertex 0.177297 0.432767 0.468399
      vertex 0.177297 0.432767 0.1769
    endloop
  endfacet
  facet normal -0.933177 -0.359416 0
    outer loop
      vertex 0.177297 0.432767 0.468399
      vertex 0.177738 0.431622 0.1769
      vertex 0.177738 0.431622 0.468399
    endloop
  endfacet
  facet normal -0.68937 -0.724409 0
    outer loop
      vertex 0.170988 0.441723 0.1769
      vertex 0.171877 0.440877 0.468399
      vertex 0.170988 0.441723 0.468399
    endloop
  endfacet
  facet normal -0.68937 -0.724409 -0
    outer loop
      vertex 0.171877 0.440877 0.468399
      vertex 0.170988 0.441723 0.1769
      vertex 0.171877 0.440877 0.1769
    endloop
  endfacet
  facet normal -0.78821 -0.615407 0
    outer loop
      vertex 0.17428 0.438092 0.1769
      vertex 0.173525 0.439059 0.468399
      vertex 0.173525 0.439059 0.1769
    endloop
  endfacet
  facet normal -0.78821 -0.615407 0
    outer loop
      vertex 0.173525 0.439059 0.468399
      vertex 0.17428 0.438092 0.1769
      vertex 0.17428 0.438092 0.468399
    endloop
  endfacet
  facet normal -0.844733 -0.535188 0
    outer loop
      vertex 0.175643 0.436052 0.1769
      vertex 0.174986 0.437089 0.468399
      vertex 0.174986 0.437089 0.1769
    endloop
  endfacet
  facet normal -0.844733 -0.535188 0
    outer loop
      vertex 0.174986 0.437089 0.468399
      vertex 0.175643 0.436052 0.1769
      vertex 0.175643 0.436052 0.468399
    endloop
  endfacet
  facet normal -0.893447 -0.449169 0
    outer loop
      vertex 0.176799 0.433888 0.1769
      vertex 0.176248 0.434984 0.468399
      vertex 0.176248 0.434984 0.1769
    endloop
  endfacet
  facet normal -0.893447 -0.449169 0
    outer loop
      vertex 0.176248 0.434984 0.468399
      vertex 0.176799 0.433888 0.1769
      vertex 0.176799 0.433888 0.468399
    endloop
  endfacet
  facet normal -0.817735 -0.575594 0
    outer loop
      vertex 0.174986 0.437089 0.1769
      vertex 0.17428 0.438092 0.468399
      vertex 0.17428 0.438092 0.1769
    endloop
  endfacet
  facet normal -0.817735 -0.575594 0
    outer loop
      vertex 0.17428 0.438092 0.468399
      vertex 0.174986 0.437089 0.1769
      vertex 0.174986 0.437089 0.468399
    endloop
  endfacet
  facet normal 0.0236283 -0.999721 0
    outer loop
      vertex 0.152973 0.44817 0.1769
      vertex 0.1542 0.448199 0.468399
      vertex 0.152973 0.44817 0.468399
    endloop
  endfacet
  facet normal 0.0236283 -0.999721 0
    outer loop
      vertex 0.1542 0.448199 0.468399
      vertex 0.152973 0.44817 0.1769
      vertex 0.1542 0.448199 0.1769
    endloop
  endfacet
  facet normal -0.267182 -0.963646 0
    outer loop
      vertex 0.160274 0.447451 0.1769
      vertex 0.161457 0.447123 0.468399
      vertex 0.160274 0.447451 0.468399
    endloop
  endfacet
  facet normal -0.267182 -0.963646 -0
    outer loop
      vertex 0.161457 0.447123 0.468399
      vertex 0.160274 0.447451 0.1769
      vertex 0.161457 0.447123 0.1769
    endloop
  endfacet
  facet normal -0.21926 -0.975666 0
    outer loop
      vertex 0.159077 0.44772 0.1769
      vertex 0.160274 0.447451 0.468399
      vertex 0.159077 0.44772 0.468399
    endloop
  endfacet
  facet normal -0.21926 -0.975666 -0
    outer loop
      vertex 0.160274 0.447451 0.468399
      vertex 0.159077 0.44772 0.1769
      vertex 0.160274 0.447451 0.1769
    endloop
  endfacet
  facet normal -0.122328 -0.99249 0
    outer loop
      vertex 0.15665 0.448079 0.1769
      vertex 0.157867 0.447929 0.468399
      vertex 0.15665 0.448079 0.468399
    endloop
  endfacet
  facet normal -0.122328 -0.99249 -0
    outer loop
      vertex 0.157867 0.447929 0.468399
      vertex 0.15665 0.448079 0.1769
      vertex 0.157867 0.447929 0.1769
    endloop
  endfacet
  facet normal -0.359143 -0.933283 0
    outer loop
      vertex 0.162621 0.446738 0.1769
      vertex 0.163767 0.446297 0.468399
      vertex 0.162621 0.446738 0.468399
    endloop
  endfacet
  facet normal -0.359143 -0.933283 -0
    outer loop
      vertex 0.163767 0.446297 0.468399
      vertex 0.162621 0.446738 0.1769
      vertex 0.163767 0.446297 0.1769
    endloop
  endfacet
  facet normal -0.492889 -0.870092 0
    outer loop
      vertex 0.165984 0.445248 0.1769
      vertex 0.167052 0.444643 0.468399
      vertex 0.165984 0.445248 0.468399
    endloop
  endfacet
  facet normal -0.492889 -0.870092 -0
    outer loop
      vertex 0.167052 0.444643 0.468399
      vertex 0.165984 0.445248 0.1769
      vertex 0.167052 0.444643 0.1769
    endloop
  endfacet
  facet normal -0.576139 -0.817352 0
    outer loop
      vertex 0.168089 0.443986 0.1769
      vertex 0.169092 0.443279 0.468399
      vertex 0.168089 0.443986 0.468399
    endloop
  endfacet
  facet normal -0.576139 -0.817352 -0
    outer loop
      vertex 0.169092 0.443279 0.468399
      vertex 0.168089 0.443986 0.1769
      vertex 0.169092 0.443279 0.1769
    endloop
  endfacet
  facet normal -0.653471 -0.756951 0
    outer loop
      vertex 0.170059 0.442525 0.1769
      vertex 0.170988 0.441723 0.468399
      vertex 0.170059 0.442525 0.468399
    endloop
  endfacet
  facet normal -0.653471 -0.756951 -0
    outer loop
      vertex 0.170988 0.441723 0.468399
      vertex 0.170059 0.442525 0.1769
      vertex 0.170988 0.441723 0.1769
    endloop
  endfacet
  facet normal -0.535188 -0.844733 0
    outer loop
      vertex 0.167052 0.444643 0.1769
      vertex 0.168089 0.443986 0.468399
      vertex 0.167052 0.444643 0.468399
    endloop
  endfacet
  facet normal -0.535188 -0.844733 -0
    outer loop
      vertex 0.168089 0.443986 0.468399
      vertex 0.167052 0.444643 0.1769
      vertex 0.168089 0.443986 0.1769
    endloop
  endfacet
  facet normal 0.999701 -0.0244625 0
    outer loop
      vertex 0.1292 0.4232 0.468399
      vertex 0.12923 0.424426 0.1769
      vertex 0.12923 0.424426 0.468399
    endloop
  endfacet
  facet normal 0.999701 -0.0244625 0
    outer loop
      vertex 0.12923 0.424426 0.1769
      vertex 0.1292 0.4232 0.468399
      vertex 0.1292 0.4232 0.1769
    endloop
  endfacet
  facet normal 0.78821 -0.615407 0
    outer loop
      vertex 0.134119 0.438092 0.468399
      vertex 0.134874 0.439059 0.1769
      vertex 0.134874 0.439059 0.468399
    endloop
  endfacet
  facet normal 0.78821 -0.615407 0
    outer loop
      vertex 0.134874 0.439059 0.1769
      vertex 0.134119 0.438092 0.468399
      vertex 0.134119 0.438092 0.1769
    endloop
  endfacet
  facet normal 0.870441 -0.492272 0
    outer loop
      vertex 0.132152 0.434984 0.468399
      vertex 0.132756 0.436052 0.1769
      vertex 0.132756 0.436052 0.468399
    endloop
  endfacet
  facet normal 0.870441 -0.492272 0
    outer loop
      vertex 0.132756 0.436052 0.1769
      vertex 0.132152 0.434984 0.468399
      vertex 0.132152 0.434984 0.1769
    endloop
  endfacet
  facet normal 0.914483 -0.404624 0
    outer loop
      vertex 0.131103 0.432767 0.468399
      vertex 0.131599 0.433888 0.1769
      vertex 0.131599 0.433888 0.468399
    endloop
  endfacet
  facet normal 0.914483 -0.404624 0
    outer loop
      vertex 0.131599 0.433888 0.1769
      vertex 0.131103 0.432767 0.468399
      vertex 0.131103 0.432767 0.1769
    endloop
  endfacet
  facet normal 0.932904 -0.360125 0
    outer loop
      vertex 0.130661 0.431622 0.468399
      vertex 0.131103 0.432767 0.1769
      vertex 0.131103 0.432767 0.468399
    endloop
  endfacet
  facet normal 0.932904 -0.360125 0
    outer loop
      vertex 0.131103 0.432767 0.1769
      vertex 0.130661 0.431622 0.468399
      vertex 0.130661 0.431622 0.1769
    endloop
  endfacet
  facet normal 0.949495 -0.313782 0
    outer loop
      vertex 0.130276 0.430457 0.468399
      vertex 0.130661 0.431622 0.1769
      vertex 0.130661 0.431622 0.468399
    endloop
  endfacet
  facet normal 0.949495 -0.313782 0
    outer loop
      vertex 0.130661 0.431622 0.1769
      vertex 0.130276 0.430457 0.468399
      vertex 0.130276 0.430457 0.1769
    endloop
  endfacet
  facet normal 0.963856 -0.266425 0
    outer loop
      vertex 0.129949 0.429274 0.468399
      vertex 0.130276 0.430457 0.1769
      vertex 0.130276 0.430457 0.468399
    endloop
  endfacet
  facet normal 0.963856 -0.266425 0
    outer loop
      vertex 0.130276 0.430457 0.1769
      vertex 0.129949 0.429274 0.468399
      vertex 0.129949 0.429274 0.1769
    endloop
  endfacet
  facet normal 0.985271 -0.170998 0
    outer loop
      vertex 0.12947 0.426867 0.468399
      vertex 0.12968 0.428077 0.1769
      vertex 0.12968 0.428077 0.468399
    endloop
  endfacet
  facet normal 0.985271 -0.170998 0
    outer loop
      vertex 0.12968 0.428077 0.1769
      vertex 0.12947 0.426867 0.468399
      vertex 0.12947 0.426867 0.1769
    endloop
  endfacet
  facet normal 0.724002 -0.689798 0
    outer loop
      vertex 0.135675 0.439988 0.468399
      vertex 0.136522 0.440877 0.1769
      vertex 0.136522 0.440877 0.468399
    endloop
  endfacet
  facet normal 0.724002 -0.689798 0
    outer loop
      vertex 0.136522 0.440877 0.1769
      vertex 0.135675 0.439988 0.468399
      vertex 0.135675 0.439988 0.1769
    endloop
  endfacet
  facet normal 0.449169 -0.893447 0
    outer loop
      vertex 0.142415 0.445248 0.1769
      vertex 0.143511 0.445799 0.468399
      vertex 0.142415 0.445248 0.468399
    endloop
  endfacet
  facet normal 0.449169 -0.893447 0
    outer loop
      vertex 0.143511 0.445799 0.468399
      vertex 0.142415 0.445248 0.1769
      vertex 0.143511 0.445799 0.1769
    endloop
  endfacet
  facet normal 0.492889 -0.870092 0
    outer loop
      vertex 0.141347 0.444643 0.1769
      vertex 0.142415 0.445248 0.468399
      vertex 0.141347 0.444643 0.468399
    endloop
  endfacet
  facet normal 0.492889 -0.870092 0
    outer loop
      vertex 0.142415 0.445248 0.468399
      vertex 0.141347 0.444643 0.1769
      vertex 0.142415 0.445248 0.1769
    endloop
  endfacet
  facet normal 0.535188 -0.844733 0
    outer loop
      vertex 0.14031 0.443986 0.1769
      vertex 0.141347 0.444643 0.468399
      vertex 0.14031 0.443986 0.468399
    endloop
  endfacet
  facet normal 0.535188 -0.844733 0
    outer loop
      vertex 0.141347 0.444643 0.468399
      vertex 0.14031 0.443986 0.1769
      vertex 0.141347 0.444643 0.1769
    endloop
  endfacet
  facet normal 0.6149 -0.788605 0
    outer loop
      vertex 0.13834 0.442525 0.1769
      vertex 0.139307 0.443279 0.468399
      vertex 0.13834 0.442525 0.468399
    endloop
  endfacet
  facet normal 0.6149 -0.788605 0
    outer loop
      vertex 0.139307 0.443279 0.468399
      vertex 0.13834 0.442525 0.1769
      vertex 0.139307 0.443279 0.1769
    endloop
  endfacet
  facet normal 0.405987 -0.913879 0
    outer loop
      vertex 0.143511 0.445799 0.1769
      vertex 0.144632 0.446297 0.468399
      vertex 0.143511 0.445799 0.468399
    endloop
  endfacet
  facet normal 0.405987 -0.913879 0
    outer loop
      vertex 0.144632 0.446297 0.468399
      vertex 0.143511 0.445799 0.1769
      vertex 0.144632 0.446297 0.1769
    endloop
  endfacet
  facet normal 0.267182 -0.963646 0
    outer loop
      vertex 0.146942 0.447123 0.1769
      vertex 0.148125 0.447451 0.468399
      vertex 0.146942 0.447123 0.468399
    endloop
  endfacet
  facet normal 0.267182 -0.963646 0
    outer loop
      vertex 0.148125 0.447451 0.468399
      vertex 0.146942 0.447123 0.1769
      vertex 0.148125 0.447451 0.1769
    endloop
  endfacet
  facet normal 0.170481 -0.985361 0
    outer loop
      vertex 0.149323 0.44772 0.1769
      vertex 0.150531 0.447929 0.468399
      vertex 0.149323 0.44772 0.468399
    endloop
  endfacet
  facet normal 0.170481 -0.985361 0
    outer loop
      vertex 0.150531 0.447929 0.468399
      vertex 0.149323 0.44772 0.1769
      vertex 0.150531 0.447929 0.1769
    endloop
  endfacet
  facet normal 0.0741418 -0.997248 0
    outer loop
      vertex 0.151749 0.448079 0.1769
      vertex 0.152973 0.44817 0.468399
      vertex 0.151749 0.448079 0.468399
    endloop
  endfacet
  facet normal 0.0741418 -0.997248 0
    outer loop
      vertex 0.152973 0.44817 0.468399
      vertex 0.151749 0.448079 0.1769
      vertex 0.152973 0.44817 0.1769
    endloop
  endfacet
  facet normal 0.219086 -0.975706 0
    outer loop
      vertex 0.148125 0.447451 0.1769
      vertex 0.149323 0.44772 0.468399
      vertex 0.148125 0.447451 0.468399
    endloop
  endfacet
  facet normal 0.219086 -0.975706 0
    outer loop
      vertex 0.149323 0.44772 0.468399
      vertex 0.148125 0.447451 0.1769
      vertex 0.149323 0.44772 0.1769
    endloop
  endfacet
  facet normal -0.99972 -0.0236475 0
    outer loop
      vertex 0.179199 0.4232 0.1769
      vertex 0.17917 0.424426 0.468399
      vertex 0.17917 0.424426 0.1769
    endloop
  endfacet
  facet normal -0.99972 -0.0236475 0
    outer loop
      vertex 0.17917 0.424426 0.468399
      vertex 0.179199 0.4232 0.1769
      vertex 0.179199 0.4232 0.468399
    endloop
  endfacet
  facet normal -0.0252774 0.99968 0
    outer loop
      vertex 0.155426 0.39823 0.1769
      vertex 0.1542 0.398199 0.468399
      vertex 0.155426 0.39823 0.468399
    endloop
  endfacet
  facet normal -0.0252774 0.99968 0
    outer loop
      vertex 0.1542 0.398199 0.468399
      vertex 0.155426 0.39823 0.1769
      vertex 0.1542 0.398199 0.1769
    endloop
  endfacet
  facet normal -0.122328 0.99249 0
    outer loop
      vertex 0.157867 0.39847 0.1769
      vertex 0.15665 0.39832 0.468399
      vertex 0.157867 0.39847 0.468399
    endloop
  endfacet
  facet normal -0.122328 0.99249 0
    outer loop
      vertex 0.15665 0.39832 0.468399
      vertex 0.157867 0.39847 0.1769
      vertex 0.15665 0.39832 0.1769
    endloop
  endfacet
  facet normal -0.404624 0.914483 0
    outer loop
      vertex 0.164888 0.400599 0.1769
      vertex 0.163767 0.400103 0.468399
      vertex 0.164888 0.400599 0.468399
    endloop
  endfacet
  facet normal -0.404624 0.914483 0
    outer loop
      vertex 0.163767 0.400103 0.468399
      vertex 0.164888 0.400599 0.1769
      vertex 0.163767 0.400103 0.1769
    endloop
  endfacet
  facet normal -0.724002 0.689798 0
    outer loop
      vertex 0.171877 0.405521 0.1769
      vertex 0.172724 0.40641 0.468399
      vertex 0.172724 0.40641 0.1769
    endloop
  endfacet
  facet normal -0.724002 0.689798 0
    outer loop
      vertex 0.172724 0.40641 0.468399
      vertex 0.171877 0.405521 0.1769
      vertex 0.171877 0.405521 0.468399
    endloop
  endfacet
  facet normal -0.615407 0.78821 0
    outer loop
      vertex 0.170059 0.403874 0.1769
      vertex 0.169092 0.403119 0.468399
      vertex 0.170059 0.403874 0.468399
    endloop
  endfacet
  facet normal -0.615407 0.78821 0
    outer loop
      vertex 0.169092 0.403119 0.468399
      vertex 0.170059 0.403874 0.1769
      vertex 0.169092 0.403119 0.1769
    endloop
  endfacet
  facet normal -0.534606 0.845101 0
    outer loop
      vertex 0.168089 0.402412 0.1769
      vertex 0.167052 0.401756 0.468399
      vertex 0.168089 0.402412 0.468399
    endloop
  endfacet
  facet normal -0.534606 0.845101 0
    outer loop
      vertex 0.167052 0.401756 0.468399
      vertex 0.168089 0.402412 0.1769
      vertex 0.167052 0.401756 0.1769
    endloop
  endfacet
  facet normal -0.450469 0.892792 0
    outer loop
      vertex 0.165984 0.401152 0.1769
      vertex 0.164888 0.400599 0.468399
      vertex 0.165984 0.401152 0.468399
    endloop
  endfacet
  facet normal -0.450469 0.892792 0
    outer loop
      vertex 0.164888 0.400599 0.468399
      vertex 0.165984 0.401152 0.1769
      vertex 0.164888 0.400599 0.1769
    endloop
  endfacet
  facet normal -0.757702 0.652601 0
    outer loop
      vertex 0.172724 0.40641 0.1769
      vertex 0.173525 0.40734 0.468399
      vertex 0.173525 0.40734 0.1769
    endloop
  endfacet
  facet normal -0.757702 0.652601 0
    outer loop
      vertex 0.173525 0.40734 0.468399
      vertex 0.172724 0.40641 0.1769
      vertex 0.172724 0.40641 0.468399
    endloop
  endfacet
  facet normal -0.817735 0.575594 0
    outer loop
      vertex 0.17428 0.408307 0.1769
      vertex 0.174986 0.40931 0.468399
      vertex 0.174986 0.40931 0.1769
    endloop
  endfacet
  facet normal -0.817735 0.575594 0
    outer loop
      vertex 0.174986 0.40931 0.468399
      vertex 0.17428 0.408307 0.1769
      vertex 0.17428 0.408307 0.468399
    endloop
  endfacet
  facet normal -0.913879 0.405987 0
    outer loop
      vertex 0.176799 0.412511 0.1769
      vertex 0.177297 0.413632 0.468399
      vertex 0.177297 0.413632 0.1769
    endloop
  endfacet
  facet normal -0.913879 0.405987 0
    outer loop
      vertex 0.177297 0.413632 0.468399
      vertex 0.176799 0.412511 0.1769
      vertex 0.176799 0.412511 0.468399
    endloop
  endfacet
  facet normal -0.949495 0.313782 0
    outer loop
      vertex 0.177738 0.414777 0.1769
      vertex 0.178123 0.415942 0.468399
      vertex 0.178123 0.415942 0.1769
    endloop
  endfacet
  facet normal -0.949495 0.313782 0
    outer loop
      vertex 0.178123 0.415942 0.468399
      vertex 0.177738 0.414777 0.1769
      vertex 0.177738 0.414777 0.468399
    endloop
  endfacet
  facet normal -0.975706 0.219086 0
    outer loop
      vertex 0.178451 0.417125 0.1769
      vertex 0.17872 0.418323 0.468399
      vertex 0.17872 0.418323 0.1769
    endloop
  endfacet
  facet normal -0.975706 0.219086 0
    outer loop
      vertex 0.17872 0.418323 0.468399
      vertex 0.178451 0.417125 0.1769
      vertex 0.178451 0.417125 0.468399
    endloop
  endfacet
  facet normal -0.992502 0.122229 0
    outer loop
      vertex 0.178929 0.419531 0.1769
      vertex 0.179079 0.420749 0.468399
      vertex 0.179079 0.420749 0.1769
    endloop
  endfacet
  facet normal -0.992502 0.122229 0
    outer loop
      vertex 0.179079 0.420749 0.468399
      vertex 0.178929 0.419531 0.1769
      vertex 0.178929 0.419531 0.468399
    endloop
  endfacet
  facet normal 0.0252568 0.999681 -0
    outer loop
      vertex 0.1542 0.398199 0.1769
      vertex 0.152973 0.39823 0.468399
      vertex 0.1542 0.398199 0.468399
    endloop
  endfacet
  facet normal 0.0252568 0.999681 0
    outer loop
      vertex 0.152973 0.39823 0.468399
      vertex 0.1542 0.398199 0.1769
      vertex 0.152973 0.39823 0.1769
    endloop
  endfacet
  facet normal 0.689777 0.724022 -0
    outer loop
      vertex 0.13741 0.404675 0.1769
      vertex 0.136522 0.405521 0.468399
      vertex 0.13741 0.404675 0.468399
    endloop
  endfacet
  facet normal 0.689777 0.724022 0
    outer loop
      vertex 0.136522 0.405521 0.468399
      vertex 0.13741 0.404675 0.1769
      vertex 0.136522 0.405521 0.1769
    endloop
  endfacet
  facet normal 0.404624 0.914483 -0
    outer loop
      vertex 0.144632 0.400103 0.1769
      vertex 0.143511 0.400599 0.468399
      vertex 0.144632 0.400103 0.468399
    endloop
  endfacet
  facet normal 0.404624 0.914483 0
    outer loop
      vertex 0.143511 0.400599 0.468399
      vertex 0.144632 0.400103 0.1769
      vertex 0.143511 0.400599 0.1769
    endloop
  endfacet
  facet normal 0.266425 0.963856 -0
    outer loop
      vertex 0.148125 0.398949 0.1769
      vertex 0.146942 0.399276 0.468399
      vertex 0.148125 0.398949 0.468399
    endloop
  endfacet
  facet normal 0.266425 0.963856 0
    outer loop
      vertex 0.146942 0.399276 0.468399
      vertex 0.148125 0.398949 0.1769
      vertex 0.146942 0.399276 0.1769
    endloop
  endfacet
  facet normal 0.171272 0.985224 -0
    outer loop
      vertex 0.150531 0.39847 0.1769
      vertex 0.149323 0.39868 0.468399
      vertex 0.150531 0.39847 0.468399
    endloop
  endfacet
  facet normal 0.171272 0.985224 0
    outer loop
      vertex 0.149323 0.39868 0.468399
      vertex 0.150531 0.39847 0.1769
      vertex 0.149323 0.39868 0.1769
    endloop
  endfacet
  facet normal 0.534606 0.845101 -0
    outer loop
      vertex 0.141347 0.401756 0.1769
      vertex 0.14031 0.402412 0.468399
      vertex 0.141347 0.401756 0.468399
    endloop
  endfacet
  facet normal 0.534606 0.845101 0
    outer loop
      vertex 0.14031 0.402412 0.468399
      vertex 0.141347 0.401756 0.1769
      vertex 0.14031 0.402412 0.1769
    endloop
  endfacet
  facet normal 0.450469 0.892792 -0
    outer loop
      vertex 0.143511 0.400599 0.1769
      vertex 0.142415 0.401152 0.468399
      vertex 0.143511 0.400599 0.468399
    endloop
  endfacet
  facet normal 0.450469 0.892792 0
    outer loop
      vertex 0.142415 0.401152 0.468399
      vertex 0.143511 0.400599 0.1769
      vertex 0.142415 0.401152 0.1769
    endloop
  endfacet
  facet normal 0.615407 0.78821 -0
    outer loop
      vertex 0.139307 0.403119 0.1769
      vertex 0.13834 0.403874 0.468399
      vertex 0.139307 0.403119 0.468399
    endloop
  endfacet
  facet normal 0.615407 0.78821 0
    outer loop
      vertex 0.13834 0.403874 0.468399
      vertex 0.139307 0.403119 0.1769
      vertex 0.13834 0.403874 0.1769
    endloop
  endfacet
  facet normal 0.724002 0.689798 0
    outer loop
      vertex 0.136522 0.405521 0.468399
      vertex 0.135675 0.40641 0.1769
      vertex 0.135675 0.40641 0.468399
    endloop
  endfacet
  facet normal 0.724002 0.689798 0
    outer loop
      vertex 0.135675 0.40641 0.1769
      vertex 0.136522 0.405521 0.468399
      vertex 0.136522 0.405521 0.1769
    endloop
  endfacet
  facet normal 0.817352 0.576139 0
    outer loop
      vertex 0.134119 0.408307 0.468399
      vertex 0.133412 0.40931 0.1769
      vertex 0.133412 0.40931 0.468399
    endloop
  endfacet
  facet normal 0.817352 0.576139 0
    outer loop
      vertex 0.133412 0.40931 0.1769
      vertex 0.134119 0.408307 0.468399
      vertex 0.134119 0.408307 0.1769
    endloop
  endfacet
  facet normal 0.870244 0.492622 0
    outer loop
      vertex 0.132756 0.410347 0.468399
      vertex 0.132152 0.411414 0.1769
      vertex 0.132152 0.411414 0.468399
    endloop
  endfacet
  facet normal 0.870244 0.492622 0
    outer loop
      vertex 0.132152 0.411414 0.1769
      vertex 0.132756 0.410347 0.468399
      vertex 0.132756 0.410347 0.1769
    endloop
  endfacet
  facet normal 0.992502 0.122229 0
    outer loop
      vertex 0.12947 0.419531 0.468399
      vertex 0.12932 0.420749 0.1769
      vertex 0.12932 0.420749 0.468399
    endloop
  endfacet
  facet normal 0.992502 0.122229 0
    outer loop
      vertex 0.12932 0.420749 0.1769
      vertex 0.12947 0.419531 0.468399
      vertex 0.12947 0.419531 0.1769
    endloop
  endfacet
  facet normal 0.999701 0.0244426 0
    outer loop
      vertex 0.12923 0.421973 0.468399
      vertex 0.1292 0.4232 0.1769
      vertex 0.1292 0.4232 0.468399
    endloop
  endfacet
  facet normal 0.999701 0.0244426 0
    outer loop
      vertex 0.1292 0.4232 0.1769
      vertex 0.12923 0.421973 0.468399
      vertex 0.12923 0.421973 0.1769
    endloop
  endfacet
  facet normal 0.949495 0.313782 0
    outer loop
      vertex 0.130661 0.414777 0.468399
      vertex 0.130276 0.415942 0.1769
      vertex 0.130276 0.415942 0.468399
    endloop
  endfacet
  facet normal 0.949495 0.313782 0
    outer loop
      vertex 0.130276 0.415942 0.1769
      vertex 0.130661 0.414777 0.468399
      vertex 0.130661 0.414777 0.1769
    endloop
  endfacet
  facet normal 0.975706 0.219086 0
    outer loop
      vertex 0.129949 0.417125 0.468399
      vertex 0.12968 0.418323 0.1769
      vertex 0.12968 0.418323 0.468399
    endloop
  endfacet
  facet normal 0.975706 0.219086 0
    outer loop
      vertex 0.12968 0.418323 0.1769
      vertex 0.129949 0.417125 0.468399
      vertex 0.129949 0.417125 0.1769
    endloop
  endfacet
  facet normal 0.932904 0.360125 0
    outer loop
      vertex 0.131103 0.413632 0.468399
      vertex 0.130661 0.414777 0.1769
      vertex 0.130661 0.414777 0.468399
    endloop
  endfacet
  facet normal 0.932904 0.360125 0
    outer loop
      vertex 0.130661 0.414777 0.1769
      vertex 0.131103 0.413632 0.468399
      vertex 0.131103 0.413632 0.1769
    endloop
  endfacet
  facet normal -0.975666 -0.21926 0
    outer loop
      vertex 0.17872 0.428077 0.1769
      vertex 0.178451 0.429274 0.468399
      vertex 0.178451 0.429274 0.1769
    endloop
  endfacet
  facet normal -0.975666 -0.21926 0
    outer loop
      vertex 0.178451 0.429274 0.468399
      vertex 0.17872 0.428077 0.1769
      vertex 0.17872 0.428077 0.468399
    endloop
  endfacet
  facet normal -0.985408 -0.170207 0
    outer loop
      vertex 0.178929 0.426867 0.1769
      vertex 0.17872 0.428077 0.468399
      vertex 0.17872 0.428077 0.1769
    endloop
  endfacet
  facet normal -0.985408 -0.170207 0
    outer loop
      vertex 0.17872 0.428077 0.468399
      vertex 0.178929 0.426867 0.1769
      vertex 0.178929 0.426867 0.468399
    endloop
  endfacet
  facet normal -0.99249 -0.122328 0
    outer loop
      vertex 0.179079 0.42565 0.1769
      vertex 0.178929 0.426867 0.468399
      vertex 0.178929 0.426867 0.1769
    endloop
  endfacet
  facet normal -0.99249 -0.122328 0
    outer loop
      vertex 0.178929 0.426867 0.468399
      vertex 0.179079 0.42565 0.1769
      vertex 0.179079 0.42565 0.468399
    endloop
  endfacet
  facet normal -0.724002 -0.689798 0
    outer loop
      vertex 0.172724 0.439988 0.1769
      vertex 0.171877 0.440877 0.468399
      vertex 0.171877 0.440877 0.1769
    endloop
  endfacet
  facet normal -0.724002 -0.689798 0
    outer loop
      vertex 0.171877 0.440877 0.468399
      vertex 0.172724 0.439988 0.1769
      vertex 0.172724 0.439988 0.468399
    endloop
  endfacet
  facet normal -0.0236475 -0.99972 0
    outer loop
      vertex 0.1542 0.448199 0.1769
      vertex 0.155426 0.44817 0.468399
      vertex 0.1542 0.448199 0.468399
    endloop
  endfacet
  facet normal -0.0236475 -0.99972 -0
    outer loop
      vertex 0.155426 0.44817 0.468399
      vertex 0.1542 0.448199 0.1769
      vertex 0.155426 0.44817 0.1769
    endloop
  endfacet
  facet normal -0.314025 -0.949415 0
    outer loop
      vertex 0.161457 0.447123 0.1769
      vertex 0.162621 0.446738 0.468399
      vertex 0.161457 0.447123 0.468399
    endloop
  endfacet
  facet normal -0.314025 -0.949415 -0
    outer loop
      vertex 0.162621 0.446738 0.468399
      vertex 0.161457 0.447123 0.1769
      vertex 0.162621 0.446738 0.1769
    endloop
  endfacet
  facet normal 0.757354 -0.653004 0
    outer loop
      vertex 0.134874 0.439059 0.468399
      vertex 0.135675 0.439988 0.1769
      vertex 0.135675 0.439988 0.468399
    endloop
  endfacet
  facet normal 0.757354 -0.653004 0
    outer loop
      vertex 0.135675 0.439988 0.1769
      vertex 0.134874 0.439059 0.468399
      vertex 0.134874 0.439059 0.1769
    endloop
  endfacet
  facet normal 0.892792 -0.450469 0
    outer loop
      vertex 0.131599 0.433888 0.468399
      vertex 0.132152 0.434984 0.1769
      vertex 0.132152 0.434984 0.468399
    endloop
  endfacet
  facet normal 0.892792 -0.450469 0
    outer loop
      vertex 0.132152 0.434984 0.1769
      vertex 0.131599 0.433888 0.468399
      vertex 0.131599 0.433888 0.1769
    endloop
  endfacet
  facet normal 0.997308 -0.0733314 0
    outer loop
      vertex 0.12923 0.424426 0.468399
      vertex 0.12932 0.42565 0.1769
      vertex 0.12932 0.42565 0.468399
    endloop
  endfacet
  facet normal 0.997308 -0.0733314 0
    outer loop
      vertex 0.12932 0.42565 0.1769
      vertex 0.12923 0.424426 0.468399
      vertex 0.12923 0.424426 0.1769
    endloop
  endfacet
  facet normal -0.170998 0.985271 0
    outer loop
      vertex 0.159077 0.39868 0.1769
      vertex 0.157867 0.39847 0.468399
      vertex 0.159077 0.39868 0.468399
    endloop
  endfacet
  facet normal -0.170998 0.985271 0
    outer loop
      vertex 0.157867 0.39847 0.468399
      vertex 0.159077 0.39868 0.1769
      vertex 0.157867 0.39847 0.1769
    endloop
  endfacet
  facet normal -0.0733314 0.997308 0
    outer loop
      vertex 0.15665 0.39832 0.1769
      vertex 0.155426 0.39823 0.468399
      vertex 0.15665 0.39832 0.468399
    endloop
  endfacet
  facet normal -0.0733314 0.997308 0
    outer loop
      vertex 0.155426 0.39823 0.468399
      vertex 0.15665 0.39832 0.1769
      vertex 0.155426 0.39823 0.1769
    endloop
  endfacet
  facet normal -0.266425 0.963856 0
    outer loop
      vertex 0.161457 0.399276 0.1769
      vertex 0.160274 0.398949 0.468399
      vertex 0.161457 0.399276 0.468399
    endloop
  endfacet
  facet normal -0.266425 0.963856 0
    outer loop
      vertex 0.160274 0.398949 0.468399
      vertex 0.161457 0.399276 0.1769
      vertex 0.160274 0.398949 0.1769
    endloop
  endfacet
  facet normal -0.314025 0.949415 0
    outer loop
      vertex 0.162621 0.399661 0.1769
      vertex 0.161457 0.399276 0.468399
      vertex 0.162621 0.399661 0.468399
    endloop
  endfacet
  facet normal -0.314025 0.949415 0
    outer loop
      vertex 0.161457 0.399276 0.468399
      vertex 0.162621 0.399661 0.1769
      vertex 0.161457 0.399276 0.1769
    endloop
  endfacet
  facet normal -0.653004 0.757354 0
    outer loop
      vertex 0.170988 0.404675 0.1769
      vertex 0.170059 0.403874 0.468399
      vertex 0.170988 0.404675 0.468399
    endloop
  endfacet
  facet normal -0.653004 0.757354 0
    outer loop
      vertex 0.170059 0.403874 0.468399
      vertex 0.170988 0.404675 0.1769
      vertex 0.170059 0.403874 0.1769
    endloop
  endfacet
  facet normal -0.492272 0.870441 0
    outer loop
      vertex 0.167052 0.401756 0.1769
      vertex 0.165984 0.401152 0.468399
      vertex 0.167052 0.401756 0.468399
    endloop
  endfacet
  facet normal -0.492272 0.870441 0
    outer loop
      vertex 0.165984 0.401152 0.468399
      vertex 0.167052 0.401756 0.1769
      vertex 0.165984 0.401152 0.1769
    endloop
  endfacet
  facet normal -0.576139 0.817352 0
    outer loop
      vertex 0.169092 0.403119 0.1769
      vertex 0.168089 0.402412 0.468399
      vertex 0.169092 0.403119 0.468399
    endloop
  endfacet
  facet normal -0.576139 0.817352 0
    outer loop
      vertex 0.168089 0.402412 0.468399
      vertex 0.169092 0.403119 0.1769
      vertex 0.168089 0.402412 0.1769
    endloop
  endfacet
  facet normal -0.844733 0.535188 0
    outer loop
      vertex 0.174986 0.40931 0.1769
      vertex 0.175643 0.410347 0.468399
      vertex 0.175643 0.410347 0.1769
    endloop
  endfacet
  facet normal -0.844733 0.535188 0
    outer loop
      vertex 0.175643 0.410347 0.468399
      vertex 0.174986 0.40931 0.1769
      vertex 0.174986 0.40931 0.468399
    endloop
  endfacet
  facet normal -0.893611 0.448842 0
    outer loop
      vertex 0.176248 0.411414 0.1769
      vertex 0.176799 0.412511 0.468399
      vertex 0.176799 0.412511 0.1769
    endloop
  endfacet
  facet normal -0.893611 0.448842 0
    outer loop
      vertex 0.176799 0.412511 0.468399
      vertex 0.176248 0.411414 0.1769
      vertex 0.176248 0.411414 0.468399
    endloop
  endfacet
  facet normal -0.933177 0.359416 0
    outer loop
      vertex 0.177297 0.413632 0.1769
      vertex 0.177738 0.414777 0.468399
      vertex 0.177738 0.414777 0.1769
    endloop
  endfacet
  facet normal -0.933177 0.359416 0
    outer loop
      vertex 0.177738 0.414777 0.468399
      vertex 0.177297 0.413632 0.1769
      vertex 0.177297 0.413632 0.468399
    endloop
  endfacet
  facet normal -0.963646 0.267182 0
    outer loop
      vertex 0.178123 0.415942 0.1769
      vertex 0.178451 0.417125 0.468399
      vertex 0.178451 0.417125 0.1769
    endloop
  endfacet
  facet normal -0.963646 0.267182 0
    outer loop
      vertex 0.178451 0.417125 0.468399
      vertex 0.178123 0.415942 0.1769
      vertex 0.178123 0.415942 0.468399
    endloop
  endfacet
  facet normal -0.985361 0.170481 0
    outer loop
      vertex 0.17872 0.418323 0.1769
      vertex 0.178929 0.419531 0.468399
      vertex 0.178929 0.419531 0.1769
    endloop
  endfacet
  facet normal -0.985361 0.170481 0
    outer loop
      vertex 0.178929 0.419531 0.468399
      vertex 0.17872 0.418323 0.1769
      vertex 0.17872 0.418323 0.468399
    endloop
  endfacet
  facet normal -0.997248 0.0741418 0
    outer loop
      vertex 0.179079 0.420749 0.1769
      vertex 0.17917 0.421973 0.468399
      vertex 0.17917 0.421973 0.1769
    endloop
  endfacet
  facet normal -0.997248 0.0741418 0
    outer loop
      vertex 0.17917 0.421973 0.468399
      vertex 0.179079 0.420749 0.1769
      vertex 0.179079 0.420749 0.468399
    endloop
  endfacet
  facet normal 0.314025 0.949415 -0
    outer loop
      vertex 0.146942 0.399276 0.1769
      vertex 0.145778 0.399661 0.468399
      vertex 0.146942 0.399276 0.468399
    endloop
  endfacet
  facet normal 0.314025 0.949415 0
    outer loop
      vertex 0.145778 0.399661 0.468399
      vertex 0.146942 0.399276 0.1769
      vertex 0.145778 0.399661 0.1769
    endloop
  endfacet
  facet normal 0.219086 0.975706 -0
    outer loop
      vertex 0.149323 0.39868 0.1769
      vertex 0.148125 0.398949 0.468399
      vertex 0.149323 0.39868 0.468399
    endloop
  endfacet
  facet normal 0.219086 0.975706 0
    outer loop
      vertex 0.148125 0.398949 0.468399
      vertex 0.149323 0.39868 0.1769
      vertex 0.148125 0.398949 0.1769
    endloop
  endfacet
  facet normal 0.122229 0.992502 -0
    outer loop
      vertex 0.151749 0.39832 0.1769
      vertex 0.150531 0.39847 0.468399
      vertex 0.151749 0.39832 0.468399
    endloop
  endfacet
  facet normal 0.122229 0.992502 0
    outer loop
      vertex 0.150531 0.39847 0.468399
      vertex 0.151749 0.39832 0.1769
      vertex 0.150531 0.39847 0.1769
    endloop
  endfacet
  facet normal 0.492272 0.870441 -0
    outer loop
      vertex 0.142415 0.401152 0.1769
      vertex 0.141347 0.401756 0.468399
      vertex 0.142415 0.401152 0.468399
    endloop
  endfacet
  facet normal 0.492272 0.870441 0
    outer loop
      vertex 0.141347 0.401756 0.468399
      vertex 0.142415 0.401152 0.1769
      vertex 0.141347 0.401756 0.1769
    endloop
  endfacet
  facet normal 0.652601 0.757702 -0
    outer loop
      vertex 0.13834 0.403874 0.1769
      vertex 0.13741 0.404675 0.468399
      vertex 0.13834 0.403874 0.468399
    endloop
  endfacet
  facet normal 0.652601 0.757702 0
    outer loop
      vertex 0.13741 0.404675 0.468399
      vertex 0.13834 0.403874 0.1769
      vertex 0.13741 0.404675 0.1769
    endloop
  endfacet
  facet normal 0.78821 0.615407 0
    outer loop
      vertex 0.134874 0.40734 0.468399
      vertex 0.134119 0.408307 0.1769
      vertex 0.134119 0.408307 0.468399
    endloop
  endfacet
  facet normal 0.78821 0.615407 0
    outer loop
      vertex 0.134119 0.408307 0.1769
      vertex 0.134874 0.40734 0.468399
      vertex 0.134874 0.40734 0.1769
    endloop
  endfacet
  facet normal 0.892957 0.450142 0
    outer loop
      vertex 0.132152 0.411414 0.468399
      vertex 0.131599 0.412511 0.1769
      vertex 0.131599 0.412511 0.468399
    endloop
  endfacet
  facet normal 0.892957 0.450142 0
    outer loop
      vertex 0.131599 0.412511 0.1769
      vertex 0.132152 0.411414 0.468399
      vertex 0.132152 0.411414 0.1769
    endloop
  endfacet
  facet normal 0.985224 0.171272 0
    outer loop
      vertex 0.12968 0.418323 0.468399
      vertex 0.12947 0.419531 0.1769
      vertex 0.12947 0.419531 0.468399
    endloop
  endfacet
  facet normal 0.985224 0.171272 0
    outer loop
      vertex 0.12947 0.419531 0.1769
      vertex 0.12968 0.418323 0.468399
      vertex 0.12968 0.418323 0.1769
    endloop
  endfacet
  facet normal 0.997308 0.0733314 0
    outer loop
      vertex 0.12932 0.420749 0.468399
      vertex 0.12923 0.421973 0.1769
      vertex 0.12923 0.421973 0.468399
    endloop
  endfacet
  facet normal 0.997308 0.0733314 0
    outer loop
      vertex 0.12923 0.421973 0.1769
      vertex 0.12932 0.420749 0.468399
      vertex 0.12932 0.420749 0.1769
    endloop
  endfacet
  facet normal 0.963856 0.266425 0
    outer loop
      vertex 0.130276 0.415942 0.468399
      vertex 0.129949 0.417125 0.1769
      vertex 0.129949 0.417125 0.468399
    endloop
  endfacet
  facet normal 0.963856 0.266425 0
    outer loop
      vertex 0.129949 0.417125 0.1769
      vertex 0.130276 0.415942 0.468399
      vertex 0.130276 0.415942 0.1769
    endloop
  endfacet
  facet normal -0.997248 -0.0741418 0
    outer loop
      vertex 0.17917 0.424426 0.1769
      vertex 0.179079 0.42565 0.468399
      vertex 0.179079 0.42565 0.1769
    endloop
  endfacet
  facet normal -0.997248 -0.0741418 0
    outer loop
      vertex 0.179079 0.42565 0.468399
      vertex 0.17917 0.424426 0.1769
      vertex 0.17917 0.424426 0.468399
    endloop
  endfacet
  facet normal -0.359852 0.933009 0
    outer loop
      vertex 0.163767 0.400103 0.1769
      vertex 0.162621 0.399661 0.468399
      vertex 0.163767 0.400103 0.468399
    endloop
  endfacet
  facet normal -0.359852 0.933009 0
    outer loop
      vertex 0.162621 0.399661 0.468399
      vertex 0.163767 0.400103 0.1769
      vertex 0.162621 0.399661 0.1769
    endloop
  endfacet
  facet normal -0.78821 0.615407 0
    outer loop
      vertex 0.173525 0.40734 0.1769
      vertex 0.17428 0.408307 0.468399
      vertex 0.17428 0.408307 0.1769
    endloop
  endfacet
  facet normal -0.78821 0.615407 0
    outer loop
      vertex 0.17428 0.408307 0.468399
      vertex 0.173525 0.40734 0.1769
      vertex 0.173525 0.40734 0.468399
    endloop
  endfacet
  facet normal -0.68949 -0.724295 0
    outer loop
      vertex 0.659525 0.37491 0
      vertex 0.665768 0.368967 0.1285
      vertex 0.659525 0.37491 0.1285
    endloop
  endfacet
  facet normal -0.68949 -0.724295 -0
    outer loop
      vertex 0.665768 0.368967 0.1285
      vertex 0.659525 0.37491 0
      vertex 0.665768 0.368967 0
    endloop
  endfacet
  facet normal 0.359819 -0.933022 0
    outer loop
      vertex 0.474401 0.407033 0
      vertex 0.482442 0.410134 0.1285
      vertex 0.474401 0.407033 0.1285
    endloop
  endfacet
  facet normal 0.359819 -0.933022 0
    outer loop
      vertex 0.482442 0.410134 0.1285
      vertex 0.474401 0.407033 0
      vertex 0.482442 0.410134 0
    endloop
  endfacet
  facet normal 0.914227 -0.405202 0
    outer loop
      vertex 0.379366 0.311998 0.1285
      vertex 0.382859 0.319879 0
      vertex 0.382859 0.319879 0.1285
    endloop
  endfacet
  facet normal 0.914227 -0.405202 0
    outer loop
      vertex 0.382859 0.319879 0
      vertex 0.379366 0.311998 0.1285
      vertex 0.379366 0.311998 0
    endloop
  endfacet
  facet normal 0.405177 0.914238 -0
    outer loop
      vertex 0.474401 0.0825663 0
      vertex 0.466521 0.0860586 0.1285
      vertex 0.474401 0.0825663 0.1285
    endloop
  endfacet
  facet normal 0.405177 0.914238 0
    outer loop
      vertex 0.466521 0.0860586 0.1285
      vertex 0.474401 0.0825663 0
      vertex 0.466521 0.0860586 0
    endloop
  endfacet
  facet normal -0.949504 -0.313755 0
    outer loop
      vertex 0.709639 0.295774 0
      vertex 0.706935 0.303957 0.1285
      vertex 0.706935 0.303957 0
    endloop
  endfacet
  facet normal -0.949504 -0.313755 0
    outer loop
      vertex 0.706935 0.303957 0.1285
      vertex 0.709639 0.295774 0
      vertex 0.709639 0.295774 0.1285
    endloop
  endfacet
  facet normal -0.893217 -0.449625 0
    outer loop
      vertex 0.70034 0.319879 0
      vertex 0.696465 0.327577 0.1285
      vertex 0.696465 0.327577 0
    endloop
  endfacet
  facet normal -0.893217 -0.449625 0
    outer loop
      vertex 0.696465 0.327577 0.1285
      vertex 0.70034 0.319879 0
      vertex 0.70034 0.319879 0.1285
    endloop
  endfacet
  facet normal -0.405288 -0.914189 0
    outer loop
      vertex 0.608799 0.407033 0
      vertex 0.616678 0.40354 0.1285
      vertex 0.608799 0.407033 0.1285
    endloop
  endfacet
  facet normal -0.405288 -0.914189 -0
    outer loop
      vertex 0.616678 0.40354 0.1285
      vertex 0.608799 0.407033 0
      vertex 0.616678 0.40354 0
    endloop
  endfacet
  facet normal 0.72424 -0.689548 0
    outer loop
      vertex 0.411489 0.362725 0.1285
      vertex 0.417432 0.368967 0
      vertex 0.417432 0.368967 0.1285
    endloop
  endfacet
  facet normal 0.72424 -0.689548 0
    outer loop
      vertex 0.417432 0.368967 0
      vertex 0.411489 0.362725 0.1285
      vertex 0.411489 0.362725 0
    endloop
  endfacet
  facet normal 0.170886 -0.985291 0
    outer loop
      vertex 0.507341 0.417026 0
      vertex 0.515834 0.418499 0.1285
      vertex 0.507341 0.417026 0.1285
    endloop
  endfacet
  facet normal 0.170886 -0.985291 0
    outer loop
      vertex 0.515834 0.418499 0.1285
      vertex 0.507341 0.417026 0
      vertex 0.515834 0.418499 0
    endloop
  endfacet
  facet normal -0.932983 0.35992 0
    outer loop
      vertex 0.703833 0.1776 0
      vertex 0.706935 0.185641 0.1285
      vertex 0.706935 0.185641 0
    endloop
  endfacet
  facet normal -0.932983 0.35992 0
    outer loop
      vertex 0.706935 0.185641 0.1285
      vertex 0.703833 0.1776 0
      vertex 0.703833 0.1776 0.1285
    endloop
  endfacet
  facet normal 0.689487 0.724298 -0
    outer loop
      vertex 0.423674 0.114689 0
      vertex 0.417432 0.120631 0.1285
      vertex 0.423674 0.114689 0.1285
    endloop
  endfacet
  facet normal 0.689487 0.724298 0
    outer loop
      vertex 0.417432 0.120631 0.1285
      vertex 0.423674 0.114689 0
      vertex 0.417432 0.120631 0
    endloop
  endfacet
  facet normal -0.97571 -0.219068 0
    outer loop
      vertex 0.713825 0.279058 0
      vertex 0.711937 0.287467 0.1285
      vertex 0.711937 0.287467 0
    endloop
  endfacet
  facet normal -0.97571 -0.219068 0
    outer loop
      vertex 0.711937 0.287467 0.1285
      vertex 0.713825 0.279058 0
      vertex 0.713825 0.279058 0.1285
    endloop
  endfacet
  facet normal -0.788395 -0.615169 0
    outer loop
      vertex 0.682643 0.349404 0
      vertex 0.677341 0.356199 0.1285
      vertex 0.677341 0.356199 0
    endloop
  endfacet
  facet normal -0.788395 -0.615169 0
    outer loop
      vertex 0.677341 0.356199 0.1285
      vertex 0.682643 0.349404 0
      vertex 0.682643 0.349404 0.1285
    endloop
  endfacet
  facet normal -0.817549 -0.575858 0
    outer loop
      vertex 0.687606 0.342358 0
      vertex 0.682643 0.349404 0.1285
      vertex 0.682643 0.349404 0
    endloop
  endfacet
  facet normal -0.817549 -0.575858 0
    outer loop
      vertex 0.682643 0.349404 0.1285
      vertex 0.687606 0.342358 0
      vertex 0.687606 0.342358 0.1285
    endloop
  endfacet
  facet normal -0.575804 -0.817588 0
    outer loop
      vertex 0.639157 0.390805 0
      vertex 0.646204 0.385842 0.1285
      vertex 0.639157 0.390805 0.1285
    endloop
  endfacet
  facet normal -0.575804 -0.817588 -0
    outer loop
      vertex 0.646204 0.385842 0.1285
      vertex 0.639157 0.390805 0
      vertex 0.646204 0.385842 0
    endloop
  endfacet
  facet normal -0.0245951 -0.999697 0
    outer loop
      vertex 0.541599 0.4204 0
      vertex 0.550216 0.420188 0.1285
      vertex 0.541599 0.4204 0.1285
    endloop
  endfacet
  facet normal -0.0245951 -0.999697 -0
    outer loop
      vertex 0.550216 0.420188 0.1285
      vertex 0.541599 0.4204 0
      vertex 0.550216 0.420188 0
    endloop
  endfacet
  facet normal -0.219153 -0.97569 0
    outer loop
      vertex 0.575857 0.417026 0
      vertex 0.584267 0.415137 0.1285
      vertex 0.575857 0.417026 0.1285
    endloop
  endfacet
  facet normal -0.219153 -0.97569 -0
    outer loop
      vertex 0.584267 0.415137 0.1285
      vertex 0.575857 0.417026 0
      vertex 0.584267 0.415137 0
    endloop
  endfacet
  facet normal 0.999697 -0.0245979 0
    outer loop
      vertex 0.365999 0.2448 0.1285
      vertex 0.366211 0.253416 0
      vertex 0.366211 0.253416 0.1285
    endloop
  endfacet
  facet normal 0.999697 -0.0245979 0
    outer loop
      vertex 0.366211 0.253416 0
      vertex 0.365999 0.2448 0.1285
      vertex 0.365999 0.2448 0
    endloop
  endfacet
  facet normal 0.975685 -0.219178 0
    outer loop
      vertex 0.369373 0.279058 0.1285
      vertex 0.371262 0.287467 0
      vertex 0.371262 0.287467 0.1285
    endloop
  endfacet
  facet normal 0.975685 -0.219178 0
    outer loop
      vertex 0.371262 0.287467 0
      vertex 0.369373 0.279058 0.1285
      vertex 0.369373 0.279058 0
    endloop
  endfacet
  facet normal 0.817549 -0.575858 0
    outer loop
      vertex 0.395594 0.342358 0.1285
      vertex 0.400557 0.349404 0
      vertex 0.400557 0.349404 0.1285
    endloop
  endfacet
  facet normal 0.817549 -0.575858 0
    outer loop
      vertex 0.400557 0.349404 0
      vertex 0.395594 0.342358 0.1285
      vertex 0.395594 0.342358 0
    endloop
  endfacet
  facet normal 0.0735554 -0.997291 0
    outer loop
      vertex 0.524387 0.419554 0
      vertex 0.532983 0.420188 0.1285
      vertex 0.524387 0.419554 0.1285
    endloop
  endfacet
  facet normal 0.0735554 -0.997291 0
    outer loop
      vertex 0.532983 0.420188 0.1285
      vertex 0.524387 0.419554 0
      vertex 0.532983 0.420188 0
    endloop
  endfacet
  facet normal 0.534922 -0.844901 0
    outer loop
      vertex 0.444041 0.390805 0
      vertex 0.451324 0.395416 0.1285
      vertex 0.444041 0.390805 0.1285
    endloop
  endfacet
  facet normal 0.534922 -0.844901 0
    outer loop
      vertex 0.451324 0.395416 0.1285
      vertex 0.444041 0.390805 0
      vertex 0.451324 0.395416 0
    endloop
  endfacet
  facet normal 0.449579 -0.893241 0
    outer loop
      vertex 0.458822 0.399665 0
      vertex 0.466521 0.40354 0.1285
      vertex 0.458822 0.399665 0.1285
    endloop
  endfacet
  facet normal 0.449579 -0.893241 0
    outer loop
      vertex 0.466521 0.40354 0.1285
      vertex 0.458822 0.399665 0
      vertex 0.466521 0.40354 0
    endloop
  endfacet
  facet normal -0.9997 -0.024482 0
    outer loop
      vertex 0.717199 0.2448 0
      vertex 0.716988 0.253416 0.1285
      vertex 0.716988 0.253416 0
    endloop
  endfacet
  facet normal -0.9997 -0.024482 0
    outer loop
      vertex 0.716988 0.253416 0.1285
      vertex 0.717199 0.2448 0
      vertex 0.717199 0.2448 0.1285
    endloop
  endfacet
  facet normal -0.724295 0.68949 0
    outer loop
      vertex 0.665768 0.120631 0
      vertex 0.671711 0.126874 0.1285
      vertex 0.671711 0.126874 0
    endloop
  endfacet
  facet normal -0.724295 0.68949 0
    outer loop
      vertex 0.671711 0.126874 0.1285
      vertex 0.665768 0.120631 0
      vertex 0.665768 0.120631 0.1285
    endloop
  endfacet
  facet normal 0.0245632 0.999698 -0
    outer loop
      vertex 0.541599 0.0691996 0
      vertex 0.532983 0.0694113 0.1285
      vertex 0.541599 0.0691996 0.1285
    endloop
  endfacet
  facet normal 0.0245632 0.999698 0
    outer loop
      vertex 0.532983 0.0694113 0.1285
      vertex 0.541599 0.0691996 0
      vertex 0.532983 0.0694113 0
    endloop
  endfacet
  facet normal 0.933022 0.359819 0
    outer loop
      vertex 0.379366 0.1776 0.1285
      vertex 0.376265 0.185641 0
      vertex 0.376265 0.185641 0.1285
    endloop
  endfacet
  facet normal 0.933022 0.359819 0
    outer loop
      vertex 0.376265 0.185641 0
      vertex 0.379366 0.1776 0.1285
      vertex 0.379366 0.1776 0
    endloop
  endfacet
  facet normal 0.844835 0.535027 0
    outer loop
      vertex 0.395594 0.147242 0.1285
      vertex 0.390983 0.154523 0
      vertex 0.390983 0.154523 0.1285
    endloop
  endfacet
  facet normal 0.844835 0.535027 0
    outer loop
      vertex 0.390983 0.154523 0
      vertex 0.395594 0.147242 0.1285
      vertex 0.395594 0.147242 0
    endloop
  endfacet
  facet normal -0.992478 -0.122421 0
    outer loop
      vertex 0.716354 0.262012 0
      vertex 0.715299 0.270565 0.1285
      vertex 0.715299 0.270565 0
    endloop
  endfacet
  facet normal -0.992478 -0.122421 0
    outer loop
      vertex 0.715299 0.270565 0.1285
      vertex 0.716354 0.262012 0
      vertex 0.716354 0.262012 0.1285
    endloop
  endfacet
  facet normal -0.997291 -0.0735554 0
    outer loop
      vertex 0.716988 0.253416 0
      vertex 0.716354 0.262012 0.1285
      vertex 0.716354 0.262012 0
    endloop
  endfacet
  facet normal -0.997291 -0.0735554 0
    outer loop
      vertex 0.716354 0.262012 0.1285
      vertex 0.716988 0.253416 0
      vertex 0.716988 0.253416 0.1285
    endloop
  endfacet
  facet normal -0.985271 -0.170998 0
    outer loop
      vertex 0.715299 0.270565 0
      vertex 0.713825 0.279058 0.1285
      vertex 0.713825 0.279058 0
    endloop
  endfacet
  facet normal -0.985271 -0.170998 0
    outer loop
      vertex 0.713825 0.279058 0.1285
      vertex 0.715299 0.270565 0
      vertex 0.715299 0.270565 0.1285
    endloop
  endfacet
  facet normal -0.914227 -0.405202 0
    outer loop
      vertex 0.703833 0.311998 0
      vertex 0.70034 0.319879 0.1285
      vertex 0.70034 0.319879 0
    endloop
  endfacet
  facet normal -0.914227 -0.405202 0
    outer loop
      vertex 0.70034 0.319879 0.1285
      vertex 0.703833 0.311998 0
      vertex 0.703833 0.311998 0.1285
    endloop
  endfacet
  facet normal -0.932983 -0.35992 0
    outer loop
      vertex 0.706935 0.303957 0
      vertex 0.703833 0.311998 0.1285
      vertex 0.703833 0.311998 0
    endloop
  endfacet
  facet normal -0.932983 -0.35992 0
    outer loop
      vertex 0.703833 0.311998 0.1285
      vertex 0.706935 0.303957 0
      vertex 0.706935 0.303957 0.1285
    endloop
  endfacet
  facet normal -0.963802 -0.26662 0
    outer loop
      vertex 0.711937 0.287467 0
      vertex 0.709639 0.295774 0.1285
      vertex 0.709639 0.295774 0
    endloop
  endfacet
  facet normal -0.963802 -0.26662 0
    outer loop
      vertex 0.709639 0.295774 0.1285
      vertex 0.711937 0.287467 0
      vertex 0.711937 0.287467 0.1285
    endloop
  endfacet
  facet normal -0.870094 -0.492887 0
    outer loop
      vertex 0.696465 0.327577 0
      vertex 0.692217 0.335076 0.1285
      vertex 0.692217 0.335076 0
    endloop
  endfacet
  facet normal -0.870094 -0.492887 0
    outer loop
      vertex 0.692217 0.335076 0.1285
      vertex 0.696465 0.327577 0
      vertex 0.696465 0.327577 0.1285
    endloop
  endfacet
  facet normal -0.844868 -0.534975 0
    outer loop
      vertex 0.692217 0.335076 0
      vertex 0.687606 0.342358 0.1285
      vertex 0.687606 0.342358 0
    endloop
  endfacet
  facet normal -0.844868 -0.534975 0
    outer loop
      vertex 0.687606 0.342358 0.1285
      vertex 0.692217 0.335076 0
      vertex 0.692217 0.335076 0.1285
    endloop
  endfacet
  facet normal -0.757172 -0.653215 0
    outer loop
      vertex 0.677341 0.356199 0
      vertex 0.671711 0.362725 0.1285
      vertex 0.671711 0.362725 0
    endloop
  endfacet
  facet normal -0.757172 -0.653215 0
    outer loop
      vertex 0.671711 0.362725 0.1285
      vertex 0.677341 0.356199 0
      vertex 0.677341 0.356199 0.1285
    endloop
  endfacet
  facet normal -0.72424 -0.689548 0
    outer loop
      vertex 0.671711 0.362725 0
      vertex 0.665768 0.368967 0.1285
      vertex 0.665768 0.368967 0
    endloop
  endfacet
  facet normal -0.72424 -0.689548 0
    outer loop
      vertex 0.665768 0.368967 0.1285
      vertex 0.671711 0.362725 0
      vertex 0.671711 0.362725 0.1285
    endloop
  endfacet
  facet normal -0.653215 -0.757172 0
    outer loop
      vertex 0.652999 0.38054 0
      vertex 0.659525 0.37491 0.1285
      vertex 0.652999 0.38054 0.1285
    endloop
  endfacet
  facet normal -0.653215 -0.757172 -0
    outer loop
      vertex 0.659525 0.37491 0.1285
      vertex 0.652999 0.38054 0
      vertex 0.659525 0.37491 0
    endloop
  endfacet
  facet normal -0.122393 -0.992482 0
    outer loop
      vertex 0.558811 0.419554 0
      vertex 0.567366 0.418499 0.1285
      vertex 0.558811 0.419554 0.1285
    endloop
  endfacet
  facet normal -0.122393 -0.992482 -0
    outer loop
      vertex 0.567366 0.418499 0.1285
      vertex 0.558811 0.419554 0
      vertex 0.567366 0.418499 0
    endloop
  endfacet
  facet normal -0.615169 -0.788395 0
    outer loop
      vertex 0.646204 0.385842 0
      vertex 0.652999 0.38054 0.1285
      vertex 0.646204 0.385842 0.1285
    endloop
  endfacet
  facet normal -0.615169 -0.788395 -0
    outer loop
      vertex 0.652999 0.38054 0.1285
      vertex 0.646204 0.385842 0
      vertex 0.652999 0.38054 0
    endloop
  endfacet
  facet normal -0.492975 -0.870044 0
    outer loop
      vertex 0.624377 0.399665 0
      vertex 0.631876 0.395416 0.1285
      vertex 0.624377 0.399665 0.1285
    endloop
  endfacet
  facet normal -0.492975 -0.870044 -0
    outer loop
      vertex 0.631876 0.395416 0.1285
      vertex 0.624377 0.399665 0
      vertex 0.631876 0.395416 0
    endloop
  endfacet
  facet normal -0.449579 -0.893241 0
    outer loop
      vertex 0.616678 0.40354 0
      vertex 0.624377 0.399665 0.1285
      vertex 0.616678 0.40354 0.1285
    endloop
  endfacet
  facet normal -0.449579 -0.893241 -0
    outer loop
      vertex 0.624377 0.399665 0.1285
      vertex 0.616678 0.40354 0
      vertex 0.624377 0.399665 0
    endloop
  endfacet
  facet normal -0.535027 -0.844835 0
    outer loop
      vertex 0.631876 0.395416 0
      vertex 0.639157 0.390805 0.1285
      vertex 0.631876 0.395416 0.1285
    endloop
  endfacet
  facet normal -0.535027 -0.844835 -0
    outer loop
      vertex 0.639157 0.390805 0.1285
      vertex 0.631876 0.395416 0
      vertex 0.639157 0.390805 0
    endloop
  endfacet
  facet normal -0.313686 -0.949527 0
    outer loop
      vertex 0.592573 0.412838 0
      vertex 0.600758 0.410134 0.1285
      vertex 0.592573 0.412838 0.1285
    endloop
  endfacet
  facet normal -0.313686 -0.949527 -0
    outer loop
      vertex 0.600758 0.410134 0.1285
      vertex 0.592573 0.412838 0
      vertex 0.600758 0.410134 0
    endloop
  endfacet
  facet normal -0.359819 -0.933022 0
    outer loop
      vertex 0.600758 0.410134 0
      vertex 0.608799 0.407033 0.1285
      vertex 0.600758 0.410134 0.1285
    endloop
  endfacet
  facet normal -0.359819 -0.933022 -0
    outer loop
      vertex 0.608799 0.407033 0.1285
      vertex 0.600758 0.410134 0
      vertex 0.608799 0.407033 0
    endloop
  endfacet
  facet normal -0.073564 -0.997291 0
    outer loop
      vertex 0.550216 0.420188 0
      vertex 0.558811 0.419554 0.1285
      vertex 0.550216 0.420188 0.1285
    endloop
  endfacet
  facet normal -0.073564 -0.997291 -0
    outer loop
      vertex 0.558811 0.419554 0.1285
      vertex 0.550216 0.420188 0
      vertex 0.558811 0.419554 0
    endloop
  endfacet
  facet normal -0.266758 -0.963764 0
    outer loop
      vertex 0.584267 0.415137 0
      vertex 0.592573 0.412838 0.1285
      vertex 0.584267 0.415137 0.1285
    endloop
  endfacet
  facet normal -0.266758 -0.963764 -0
    outer loop
      vertex 0.592573 0.412838 0.1285
      vertex 0.584267 0.415137 0
      vertex 0.592573 0.412838 0
    endloop
  endfacet
  facet normal 0.992478 -0.122421 0
    outer loop
      vertex 0.366845 0.262012 0.1285
      vertex 0.3679 0.270565 0
      vertex 0.3679 0.270565 0.1285
    endloop
  endfacet
  facet normal 0.992478 -0.122421 0
    outer loop
      vertex 0.3679 0.270565 0
      vertex 0.366845 0.262012 0.1285
      vertex 0.366845 0.262012 0
    endloop
  endfacet
  facet normal 0.949504 -0.313755 0
    outer loop
      vertex 0.373561 0.295774 0.1285
      vertex 0.376265 0.303957 0
      vertex 0.376265 0.303957 0.1285
    endloop
  endfacet
  facet normal 0.949504 -0.313755 0
    outer loop
      vertex 0.376265 0.303957 0
      vertex 0.373561 0.295774 0.1285
      vertex 0.373561 0.295774 0
    endloop
  endfacet
  facet normal 0.933022 -0.359819 0
    outer loop
      vertex 0.376265 0.303957 0.1285
      vertex 0.379366 0.311998 0
      vertex 0.379366 0.311998 0.1285
    endloop
  endfacet
  facet normal 0.933022 -0.359819 0
    outer loop
      vertex 0.379366 0.311998 0
      vertex 0.376265 0.303957 0.1285
      vertex 0.376265 0.303957 0
    endloop
  endfacet
  facet normal 0.985291 -0.170886 0
    outer loop
      vertex 0.3679 0.270565 0.1285
      vertex 0.369373 0.279058 0
      vertex 0.369373 0.279058 0.1285
    endloop
  endfacet
  facet normal 0.985291 -0.170886 0
    outer loop
      vertex 0.369373 0.279058 0
      vertex 0.3679 0.270565 0.1285
      vertex 0.3679 0.270565 0
    endloop
  endfacet
  facet normal 0.997291 -0.0735554 0
    outer loop
      vertex 0.366211 0.253416 0.1285
      vertex 0.366845 0.262012 0
      vertex 0.366845 0.262012 0.1285
    endloop
  endfacet
  facet normal 0.997291 -0.0735554 0
    outer loop
      vertex 0.366845 0.262012 0
      vertex 0.366211 0.253416 0.1285
      vertex 0.366211 0.253416 0
    endloop
  endfacet
  facet normal 0 0 -1
    outer loop
      vertex 0.5962 0.2448 0.1285
      vertex 0.717199 0.2448 0.1285
      vertex 0.716988 0.236183 0.1285
    endloop
  endfacet
  facet normal 0 0 -1
    outer loop
      vertex 0.596134 0.242121 0.1285
      vertex 0.716988 0.236183 0.1285
      vertex 0.716354 0.227588 0.1285
    endloop
  endfacet
  facet normal 0 0 -1
    outer loop
      vertex 0.717199 0.2448 0.1285
      vertex 0.5962 0.2448 0.1285
      vertex 0.716988 0.253416 0.1285
    endloop
  endfacet
  facet normal 0 0 -1
    outer loop
      vertex 0.595937 0.239448 0.1285
      vertex 0.716354 0.227588 0.1285
      vertex 0.715299 0.219033 0.1285
    endloop
  endfacet
  facet normal 0 0 -1
    outer loop
      vertex 0.596134 0.247478 0.1285
      vertex 0.716988 0.253416 0.1285
      vertex 0.5962 0.2448 0.1285
    endloop
  endfacet
  facet normal 0 0 -1
    outer loop
      vertex 0.595609 0.236788 0.1285
      vertex 0.715299 0.219033 0.1285
      vertex 0.713825 0.210542 0.1285
    endloop
  endfacet
  facet normal -0 0 -1
    outer loop
      vertex 0.716988 0.253416 0.1285
      vertex 0.596134 0.247478 0.1285
      vertex 0.716354 0.262012 0.1285
    endloop
  endfacet
  facet normal 0 0 -1
    outer loop
      vertex 0.59515 0.234148 0.1285
      vertex 0.713825 0.210542 0.1285
      vertex 0.711937 0.202132 0.1285
    endloop
  endfacet
  facet normal 0 0 -1
    outer loop
      vertex 0.595937 0.250152 0.1285
      vertex 0.716354 0.262012 0.1285
      vertex 0.596134 0.247478 0.1285
    endloop
  endfacet
  facet normal 0 0 -1
    outer loop
      vertex 0.594563 0.231533 0.1285
      vertex 0.711937 0.202132 0.1285
      vertex 0.709639 0.193826 0.1285
    endloop
  endfacet
  facet normal -0 0 -1
    outer loop
      vertex 0.716354 0.262012 0.1285
      vertex 0.595937 0.250152 0.1285
      vertex 0.715299 0.270565 0.1285
    endloop
  endfacet
  facet normal 0 0 -1
    outer loop
      vertex 0.593848 0.22895 0.1285
      vertex 0.709639 0.193826 0.1285
      vertex 0.706935 0.185641 0.1285
    endloop
  endfacet
  facet normal 0 0 -1
    outer loop
      vertex 0.595609 0.252811 0.1285
      vertex 0.715299 0.270565 0.1285
      vertex 0.595937 0.250152 0.1285
    endloop
  endfacet
  facet normal 0 0 -1
    outer loop
      vertex 0.593008 0.226405 0.1285
      vertex 0.706935 0.185641 0.1285
      vertex 0.703833 0.1776 0.1285
    endloop
  endfacet
  facet normal -0 0 -1
    outer loop
      vertex 0.715299 0.270565 0.1285
      vertex 0.595609 0.252811 0.1285
      vertex 0.713825 0.279058 0.1285
    endloop
  endfacet
  facet normal 0 0 -1
    outer loop
      vertex 0.592043 0.223905 0.1285
      vertex 0.703833 0.1776 0.1285
      vertex 0.70034 0.169721 0.1285
    endloop
  endfacet
  facet normal 0 0 -1
    outer loop
      vertex 0.59515 0.255451 0.1285
      vertex 0.713825 0.279058 0.1285
      vertex 0.595609 0.252811 0.1285
    endloop
  endfacet
  facet normal 0 0 -1
    outer loop
      vertex 0.590958 0.221455 0.1285
      vertex 0.70034 0.169721 0.1285
      vertex 0.696465 0.162023 0.1285
    endloop
  endfacet
  facet normal -0 0 -1
    outer loop
      vertex 0.713825 0.279058 0.1285
      vertex 0.59515 0.255451 0.1285
      vertex 0.711937 0.287467 0.1285
    endloop
  endfacet
  facet normal 0 0 -1
    outer loop
      vertex 0.589752 0.219061 0.1285
      vertex 0.696465 0.162023 0.1285
      vertex 0.692217 0.154523 0.1285
    endloop
  endfacet
  facet normal 0 0 -1
    outer loop
      vertex 0.594563 0.258066 0.1285
      vertex 0.711937 0.287467 0.1285
      vertex 0.59515 0.255451 0.1285
    endloop
  endfacet
  facet normal 0 0 -1
    outer loop
      vertex 0.588431 0.216729 0.1285
      vertex 0.692217 0.154523 0.1285
      vertex 0.687606 0.147242 0.1285
    endloop
  endfacet
  facet normal -0 0 -1
    outer loop
      vertex 0.711937 0.287467 0.1285
      vertex 0.594563 0.258066 0.1285
      vertex 0.709639 0.295774 0.1285
    endloop
  endfacet
  facet normal 0 0 -1
    outer loop
      vertex 0.586998 0.214465 0.1285
      vertex 0.687606 0.147242 0.1285
      vertex 0.682643 0.140195 0.1285
    endloop
  endfacet
  facet normal 0 0 -1
    outer loop
      vertex 0.593848 0.260649 0.1285
      vertex 0.709639 0.295774 0.1285
      vertex 0.594563 0.258066 0.1285
    endloop
  endfacet
  facet normal 0 0 -1
    outer loop
      vertex 0.585455 0.212275 0.1285
      vertex 0.682643 0.140195 0.1285
      vertex 0.677341 0.1334 0.1285
    endloop
  endfacet
  facet normal -0 0 -1
    outer loop
      vertex 0.709639 0.295774 0.1285
      vertex 0.593848 0.260649 0.1285
      vertex 0.706935 0.303957 0.1285
    endloop
  endfacet
  facet normal 0 0 -1
    outer loop
      vertex 0.583806 0.210161 0.1285
      vertex 0.677341 0.1334 0.1285
      vertex 0.671711 0.126874 0.1285
    endloop
  endfacet
  facet normal 0 0 -1
    outer loop
      vertex 0.593008 0.263194 0.1285
      vertex 0.706935 0.303957 0.1285
      vertex 0.593848 0.260649 0.1285
    endloop
  endfacet
  facet normal 0 0 -1
    outer loop
      vertex 0.582055 0.208133 0.1285
      vertex 0.671711 0.126874 0.1285
      vertex 0.665768 0.120631 0.1285
    endloop
  endfacet
  facet normal -0 0 -1
    outer loop
      vertex 0.706935 0.303957 0.1285
      vertex 0.593008 0.263194 0.1285
      vertex 0.703833 0.311998 0.1285
    endloop
  endfacet
  facet normal 0 0 -1
    outer loop
      vertex 0.580208 0.206191 0.1285
      vertex 0.665768 0.120631 0.1285
      vertex 0.659525 0.114689 0.1285
    endloop
  endfacet
  facet normal 0 0 -1
    outer loop
      vertex 0.592043 0.265694 0.1285
      vertex 0.703833 0.311998 0.1285
      vertex 0.593008 0.263194 0.1285
    endloop
  endfacet
  facet normal 0 0 -1
    outer loop
      vertex 0.578267 0.204344 0.1285
      vertex 0.659525 0.114689 0.1285
      vertex 0.652999 0.109059 0.1285
    endloop
  endfacet
  facet normal -0 0 -1
    outer loop
      vertex 0.703833 0.311998 0.1285
      vertex 0.592043 0.265694 0.1285
      vertex 0.70034 0.319879 0.1285
    endloop
  endfacet
  facet normal 0 0 -1
    outer loop
      vertex 0.576238 0.202593 0.1285
      vertex 0.652999 0.109059 0.1285
      vertex 0.646204 0.103756 0.1285
    endloop
  endfacet
  facet normal 0 0 -1
    outer loop
      vertex 0.590958 0.268144 0.1285
      vertex 0.70034 0.319879 0.1285
      vertex 0.592043 0.265694 0.1285
    endloop
  endfacet
  facet normal 0 0 -1
    outer loop
      vertex 0.574124 0.200944 0.1285
      vertex 0.646204 0.103756 0.1285
      vertex 0.639157 0.098793 0.1285
    endloop
  endfacet
  facet normal -0 0 -1
    outer loop
      vertex 0.70034 0.319879 0.1285
      vertex 0.590958 0.268144 0.1285
      vertex 0.696465 0.327577 0.1285
    endloop
  endfacet
  facet normal 0 0 -1
    outer loop
      vertex 0.571934 0.199401 0.1285
      vertex 0.639157 0.098793 0.1285
      vertex 0.631876 0.094182 0.1285
    endloop
  endfacet
  facet normal 0 0 -1
    outer loop
      vertex 0.589752 0.270537 0.1285
      vertex 0.696465 0.327577 0.1285
      vertex 0.590958 0.268144 0.1285
    endloop
  endfacet
  facet normal 0 0 -1
    outer loop
      vertex 0.56967 0.197968 0.1285
      vertex 0.631876 0.094182 0.1285
      vertex 0.624377 0.0899343 0.1285
    endloop
  endfacet
  facet normal -0 0 -1
    outer loop
      vertex 0.696465 0.327577 0.1285
      vertex 0.589752 0.270537 0.1285
      vertex 0.692217 0.335076 0.1285
    endloop
  endfacet
  facet normal 0 0 -1
    outer loop
      vertex 0.567338 0.196647 0.1285
      vertex 0.624377 0.0899343 0.1285
      vertex 0.616678 0.0860586 0.1285
    endloop
  endfacet
  facet normal 0 0 -1
    outer loop
      vertex 0.588431 0.272869 0.1285
      vertex 0.692217 0.335076 0.1285
      vertex 0.589752 0.270537 0.1285
    endloop
  endfacet
  facet normal 0 0 -1
    outer loop
      vertex 0.564944 0.195441 0.1285
      vertex 0.616678 0.0860586 0.1285
      vertex 0.608799 0.0825663 0.1285
    endloop
  endfacet
  facet normal -0 0 -1
    outer loop
      vertex 0.692217 0.335076 0.1285
      vertex 0.588431 0.272869 0.1285
      vertex 0.687606 0.342358 0.1285
    endloop
  endfacet
  facet normal 0 0 -1
    outer loop
      vertex 0.562494 0.194356 0.1285
      vertex 0.608799 0.0825663 0.1285
      vertex 0.600758 0.079464 0.1285
    endloop
  endfacet
  facet normal 0 0 -1
    outer loop
      vertex 0.586998 0.275134 0.1285
      vertex 0.687606 0.342358 0.1285
      vertex 0.588431 0.272869 0.1285
    endloop
  endfacet
  facet normal -0 0 -1
    outer loop
      vertex 0.687606 0.342358 0.1285
      vertex 0.586998 0.275134 0.1285
      vertex 0.682643 0.349404 0.1285
    endloop
  endfacet
  facet normal 0 0 -1
    outer loop
      vertex 0.716988 0.236183 0.1285
      vertex 0.596134 0.242121 0.1285
      vertex 0.5962 0.2448 0.1285
    endloop
  endfacet
  facet normal 0 0 -1
    outer loop
      vertex 0.716354 0.227588 0.1285
      vertex 0.595937 0.239448 0.1285
      vertex 0.596134 0.242121 0.1285
    endloop
  endfacet
  facet normal 0 0 -1
    outer loop
      vertex 0.715299 0.219033 0.1285
      vertex 0.595609 0.236788 0.1285
      vertex 0.595937 0.239448 0.1285
    endloop
  endfacet
  facet normal 0 0 -1
    outer loop
      vertex 0.713825 0.210542 0.1285
      vertex 0.59515 0.234148 0.1285
      vertex 0.595609 0.236788 0.1285
    endloop
  endfacet
  facet normal 0 0 -1
    outer loop
      vertex 0.711937 0.202132 0.1285
      vertex 0.594563 0.231533 0.1285
      vertex 0.59515 0.234148 0.1285
    endloop
  endfacet
  facet normal 0 0 -1
    outer loop
      vertex 0.709639 0.193826 0.1285
      vertex 0.593848 0.22895 0.1285
      vertex 0.594563 0.231533 0.1285
    endloop
  endfacet
  facet normal 0 0 -1
    outer loop
      vertex 0.706935 0.185641 0.1285
      vertex 0.593008 0.226405 0.1285
      vertex 0.593848 0.22895 0.1285
    endloop
  endfacet
  facet normal 0 0 -1
    outer loop
      vertex 0.559994 0.193391 0.1285
      vertex 0.600758 0.079464 0.1285
      vertex 0.592573 0.0767612 0.1285
    endloop
  endfacet
  facet normal 0 0 -1
    outer loop
      vertex 0.703833 0.1776 0.1285
      vertex 0.592043 0.223905 0.1285
      vertex 0.593008 0.226405 0.1285
    endloop
  endfacet
  facet normal 0 0 -1
    outer loop
      vertex 0.70034 0.169721 0.1285
      vertex 0.590958 0.221455 0.1285
      vertex 0.592043 0.223905 0.1285
    endloop
  endfacet
  facet normal 0 0 -1
    outer loop
      vertex 0.696465 0.162023 0.1285
      vertex 0.589752 0.219061 0.1285
      vertex 0.590958 0.221455 0.1285
    endloop
  endfacet
  facet normal 0 0 -1
    outer loop
      vertex 0.692217 0.154523 0.1285
      vertex 0.588431 0.216729 0.1285
      vertex 0.589752 0.219061 0.1285
    endloop
  endfacet
  facet normal 0 0 -1
    outer loop
      vertex 0.687606 0.147242 0.1285
      vertex 0.586998 0.214465 0.1285
      vertex 0.588431 0.216729 0.1285
    endloop
  endfacet
  facet normal 0 0 -1
    outer loop
      vertex 0.682643 0.140195 0.1285
      vertex 0.585455 0.212275 0.1285
      vertex 0.586998 0.214465 0.1285
    endloop
  endfacet
  facet normal 0 0 -1
    outer loop
      vertex 0.557449 0.192551 0.1285
      vertex 0.592573 0.0767612 0.1285
      vertex 0.584267 0.0744619 0.1285
    endloop
  endfacet
  facet normal 0 0 -1
    outer loop
      vertex 0.677341 0.1334 0.1285
      vertex 0.583806 0.210161 0.1285
      vertex 0.585455 0.212275 0.1285
    endloop
  endfacet
  facet normal 0 0 -1
    outer loop
      vertex 0.671711 0.126874 0.1285
      vertex 0.582055 0.208133 0.1285
      vertex 0.583806 0.210161 0.1285
    endloop
  endfacet
  facet normal 0 0 -1
    outer loop
      vertex 0.665768 0.120631 0.1285
      vertex 0.580208 0.206191 0.1285
      vertex 0.582055 0.208133 0.1285
    endloop
  endfacet
  facet normal 0 0 -1
    outer loop
      vertex 0.659525 0.114689 0.1285
      vertex 0.578267 0.204344 0.1285
      vertex 0.580208 0.206191 0.1285
    endloop
  endfacet
  facet normal 0 0 -1
    outer loop
      vertex 0.652999 0.109059 0.1285
      vertex 0.576238 0.202593 0.1285
      vertex 0.578267 0.204344 0.1285
    endloop
  endfacet
  facet normal 0 0 -1
    outer loop
      vertex 0.554866 0.191835 0.1285
      vertex 0.584267 0.0744619 0.1285
      vertex 0.575857 0.0725737 0.1285
    endloop
  endfacet
  facet normal 0 0 -1
    outer loop
      vertex 0.646204 0.103756 0.1285
      vertex 0.574124 0.200944 0.1285
      vertex 0.576238 0.202593 0.1285
    endloop
  endfacet
  facet normal 0 0 -1
    outer loop
      vertex 0.639157 0.098793 0.1285
      vertex 0.571934 0.199401 0.1285
      vertex 0.574124 0.200944 0.1285
    endloop
  endfacet
  facet normal 0 0 -1
    outer loop
      vertex 0.631876 0.094182 0.1285
      vertex 0.56967 0.197968 0.1285
      vertex 0.571934 0.199401 0.1285
    endloop
  endfacet
  facet normal 0 0 -1
    outer loop
      vertex 0.552252 0.191249 0.1285
      vertex 0.575857 0.0725737 0.1285
      vertex 0.567366 0.0711002 0.1285
    endloop
  endfacet
  facet normal 0 0 -1
    outer loop
      vertex 0.624377 0.0899343 0.1285
      vertex 0.567338 0.196647 0.1285
      vertex 0.56967 0.197968 0.1285
    endloop
  endfacet
  facet normal 0 0 -1
    outer loop
      vertex 0.616678 0.0860586 0.1285
      vertex 0.564944 0.195441 0.1285
      vertex 0.567338 0.196647 0.1285
    endloop
  endfacet
  facet normal 0 0 -1
    outer loop
      vertex 0.608799 0.0825663 0.1285
      vertex 0.562494 0.194356 0.1285
      vertex 0.564944 0.195441 0.1285
    endloop
  endfacet
  facet normal 0 0 -1
    outer loop
      vertex 0.600758 0.079464 0.1285
      vertex 0.559994 0.193391 0.1285
      vertex 0.562494 0.194356 0.1285
    endloop
  endfacet
  facet normal 0 0 -1
    outer loop
      vertex 0.549611 0.19079 0.1285
      vertex 0.567366 0.0711002 0.1285
      vertex 0.558811 0.0700455 0.1285
    endloop
  endfacet
  facet normal 0 0 -1
    outer loop
      vertex 0.592573 0.0767612 0.1285
      vertex 0.557449 0.192551 0.1285
      vertex 0.559994 0.193391 0.1285
    endloop
  endfacet
  facet normal 0 0 -1
    outer loop
      vertex 0.584267 0.0744619 0.1285
      vertex 0.554866 0.191835 0.1285
      vertex 0.557449 0.192551 0.1285
    endloop
  endfacet
  facet normal 0 0 -1
    outer loop
      vertex 0.575857 0.0725737 0.1285
      vertex 0.552252 0.191249 0.1285
      vertex 0.554866 0.191835 0.1285
    endloop
  endfacet
  facet normal 0 0 -1
    outer loop
      vertex 0.546951 0.190462 0.1285
      vertex 0.558811 0.0700455 0.1285
      vertex 0.550216 0.0694113 0.1285
    endloop
  endfacet
  facet normal 0 0 -1
    outer loop
      vertex 0.567366 0.0711002 0.1285
      vertex 0.549611 0.19079 0.1285
      vertex 0.552252 0.191249 0.1285
    endloop
  endfacet
  facet normal 0 0 -1
    outer loop
      vertex 0.558811 0.0700455 0.1285
      vertex 0.546951 0.190462 0.1285
      vertex 0.549611 0.19079 0.1285
    endloop
  endfacet
  facet normal 0 0 -1
    outer loop
      vertex 0.550216 0.0694113 0.1285
      vertex 0.544278 0.190266 0.1285
      vertex 0.546951 0.190462 0.1285
    endloop
  endfacet
  facet normal 0 0 -1
    outer loop
      vertex 0.541599 0.0691996 0.1285
      vertex 0.544278 0.190266 0.1285
      vertex 0.550216 0.0694113 0.1285
    endloop
  endfacet
  facet normal 0 0 -1
    outer loop
      vertex 0.541599 0.0691996 0.1285
      vertex 0.541599 0.1902 0.1285
      vertex 0.544278 0.190266 0.1285
    endloop
  endfacet
  facet normal 0 0 -1
    outer loop
      vertex 0.541599 0.0691996 0.1285
      vertex 0.53892 0.190266 0.1285
      vertex 0.541599 0.1902 0.1285
    endloop
  endfacet
  facet normal 0 0 -1
    outer loop
      vertex 0.532983 0.0694113 0.1285
      vertex 0.53892 0.190266 0.1285
      vertex 0.541599 0.0691996 0.1285
    endloop
  endfacet
  facet normal -0 0 -1
    outer loop
      vertex 0.53892 0.190266 0.1285
      vertex 0.532983 0.0694113 0.1285
      vertex 0.536248 0.190462 0.1285
    endloop
  endfacet
  facet normal 0 0 -1
    outer loop
      vertex 0.524387 0.0700455 0.1285
      vertex 0.536248 0.190462 0.1285
      vertex 0.532983 0.0694113 0.1285
    endloop
  endfacet
  facet normal -0 0 -1
    outer loop
      vertex 0.536248 0.190462 0.1285
      vertex 0.524387 0.0700455 0.1285
      vertex 0.533588 0.19079 0.1285
    endloop
  endfacet
  facet normal 0 0 -1
    outer loop
      vertex 0.515834 0.0711002 0.1285
      vertex 0.533588 0.19079 0.1285
      vertex 0.524387 0.0700455 0.1285
    endloop
  endfacet
  facet normal -0 0 -1
    outer loop
      vertex 0.533588 0.19079 0.1285
      vertex 0.515834 0.0711002 0.1285
      vertex 0.530948 0.191249 0.1285
    endloop
  endfacet
  facet normal 0 0 -1
    outer loop
      vertex 0.507341 0.0725737 0.1285
      vertex 0.530948 0.191249 0.1285
      vertex 0.515834 0.0711002 0.1285
    endloop
  endfacet
  facet normal -0 0 -1
    outer loop
      vertex 0.530948 0.191249 0.1285
      vertex 0.507341 0.0725737 0.1285
      vertex 0.528333 0.191835 0.1285
    endloop
  endfacet
  facet normal 0 0 -1
    outer loop
      vertex 0.498932 0.0744619 0.1285
      vertex 0.528333 0.191835 0.1285
      vertex 0.507341 0.0725737 0.1285
    endloop
  endfacet
  facet normal -0 0 -1
    outer loop
      vertex 0.528333 0.191835 0.1285
      vertex 0.498932 0.0744619 0.1285
      vertex 0.52575 0.192551 0.1285
    endloop
  endfacet
  facet normal 0 0 -1
    outer loop
      vertex 0.490625 0.0767612 0.1285
      vertex 0.52575 0.192551 0.1285
      vertex 0.498932 0.0744619 0.1285
    endloop
  endfacet
  facet normal -0 0 -1
    outer loop
      vertex 0.52575 0.192551 0.1285
      vertex 0.490625 0.0767612 0.1285
      vertex 0.523206 0.193391 0.1285
    endloop
  endfacet
  facet normal 0 0 -1
    outer loop
      vertex 0.482442 0.079464 0.1285
      vertex 0.523206 0.193391 0.1285
      vertex 0.490625 0.0767612 0.1285
    endloop
  endfacet
  facet normal -0 0 -1
    outer loop
      vertex 0.523206 0.193391 0.1285
      vertex 0.482442 0.079464 0.1285
      vertex 0.520705 0.194356 0.1285
    endloop
  endfacet
  facet normal 0 0 -1
    outer loop
      vertex 0.474401 0.0825663 0.1285
      vertex 0.520705 0.194356 0.1285
      vertex 0.482442 0.079464 0.1285
    endloop
  endfacet
  facet normal -0 0 -1
    outer loop
      vertex 0.520705 0.194356 0.1285
      vertex 0.474401 0.0825663 0.1285
      vertex 0.518255 0.195441 0.1285
    endloop
  endfacet
  facet normal 0 0 -1
    outer loop
      vertex 0.466521 0.0860586 0.1285
      vertex 0.518255 0.195441 0.1285
      vertex 0.474401 0.0825663 0.1285
    endloop
  endfacet
  facet normal -0 0 -1
    outer loop
      vertex 0.518255 0.195441 0.1285
      vertex 0.466521 0.0860586 0.1285
      vertex 0.515862 0.196647 0.1285
    endloop
  endfacet
  facet normal 0 0 -1
    outer loop
      vertex 0.458822 0.0899343 0.1285
      vertex 0.515862 0.196647 0.1285
      vertex 0.466521 0.0860586 0.1285
    endloop
  endfacet
  facet normal -0 0 -1
    outer loop
      vertex 0.515862 0.196647 0.1285
      vertex 0.458822 0.0899343 0.1285
      vertex 0.51353 0.197968 0.1285
    endloop
  endfacet
  facet normal 0 0 -1
    outer loop
      vertex 0.451324 0.094182 0.1285
      vertex 0.51353 0.197968 0.1285
      vertex 0.458822 0.0899343 0.1285
    endloop
  endfacet
  facet normal -0 0 -1
    outer loop
      vertex 0.51353 0.197968 0.1285
      vertex 0.451324 0.094182 0.1285
      vertex 0.511266 0.199401 0.1285
    endloop
  endfacet
  facet normal 0 0 -1
    outer loop
      vertex 0.444041 0.098793 0.1285
      vertex 0.511266 0.199401 0.1285
      vertex 0.451324 0.094182 0.1285
    endloop
  endfacet
  facet normal -0 0 -1
    outer loop
      vertex 0.511266 0.199401 0.1285
      vertex 0.444041 0.098793 0.1285
      vertex 0.509074 0.200944 0.1285
    endloop
  endfacet
  facet normal 0 0 -1
    outer loop
      vertex 0.436995 0.103756 0.1285
      vertex 0.509074 0.200944 0.1285
      vertex 0.444041 0.098793 0.1285
    endloop
  endfacet
  facet normal -0 0 -1
    outer loop
      vertex 0.509074 0.200944 0.1285
      vertex 0.436995 0.103756 0.1285
      vertex 0.506962 0.202593 0.1285
    endloop
  endfacet
  facet normal 0 0 -1
    outer loop
      vertex 0.4302 0.109059 0.1285
      vertex 0.506962 0.202593 0.1285
      vertex 0.436995 0.103756 0.1285
    endloop
  endfacet
  facet normal -0 0 -1
    outer loop
      vertex 0.506962 0.202593 0.1285
      vertex 0.4302 0.109059 0.1285
      vertex 0.504932 0.204344 0.1285
    endloop
  endfacet
  facet normal 0 0 -1
    outer loop
      vertex 0.423674 0.114689 0.1285
      vertex 0.504932 0.204344 0.1285
      vertex 0.4302 0.109059 0.1285
    endloop
  endfacet
  facet normal -0 0 -1
    outer loop
      vertex 0.504932 0.204344 0.1285
      vertex 0.423674 0.114689 0.1285
      vertex 0.502992 0.206191 0.1285
    endloop
  endfacet
  facet normal 0 0 -1
    outer loop
      vertex 0.417432 0.120631 0.1285
      vertex 0.502992 0.206191 0.1285
      vertex 0.423674 0.114689 0.1285
    endloop
  endfacet
  facet normal -0 0 -1
    outer loop
      vertex 0.502992 0.206191 0.1285
      vertex 0.417432 0.120631 0.1285
      vertex 0.501143 0.208133 0.1285
    endloop
  endfacet
  facet normal 0 0 -1
    outer loop
      vertex 0.411489 0.126874 0.1285
      vertex 0.501143 0.208133 0.1285
      vertex 0.417432 0.120631 0.1285
    endloop
  endfacet
  facet normal -0 0 -1
    outer loop
      vertex 0.501143 0.208133 0.1285
      vertex 0.411489 0.126874 0.1285
      vertex 0.499393 0.210161 0.1285
    endloop
  endfacet
  facet normal 0 0 -1
    outer loop
      vertex 0.405859 0.1334 0.1285
      vertex 0.499393 0.210161 0.1285
      vertex 0.411489 0.126874 0.1285
    endloop
  endfacet
  facet normal -0 0 -1
    outer loop
      vertex 0.499393 0.210161 0.1285
      vertex 0.405859 0.1334 0.1285
      vertex 0.497745 0.212275 0.1285
    endloop
  endfacet
  facet normal 0 0 -1
    outer loop
      vertex 0.400557 0.140195 0.1285
      vertex 0.497745 0.212275 0.1285
      vertex 0.405859 0.1334 0.1285
    endloop
  endfacet
  facet normal -0 0 -1
    outer loop
      vertex 0.497745 0.212275 0.1285
      vertex 0.400557 0.140195 0.1285
      vertex 0.496202 0.214465 0.1285
    endloop
  endfacet
  facet normal 0 0 -1
    outer loop
      vertex 0.585455 0.277325 0.1285
      vertex 0.682643 0.349404 0.1285
      vertex 0.586998 0.275134 0.1285
    endloop
  endfacet
  facet normal -0 0 -1
    outer loop
      vertex 0.682643 0.349404 0.1285
      vertex 0.585455 0.277325 0.1285
      vertex 0.677341 0.356199 0.1285
    endloop
  endfacet
  facet normal 0 0 -1
    outer loop
      vertex 0.583806 0.279437 0.1285
      vertex 0.677341 0.356199 0.1285
      vertex 0.585455 0.277325 0.1285
    endloop
  endfacet
  facet normal -0 0 -1
    outer loop
      vertex 0.677341 0.356199 0.1285
      vertex 0.583806 0.279437 0.1285
      vertex 0.671711 0.362725 0.1285
    endloop
  endfacet
  facet normal 0 0 -1
    outer loop
      vertex 0.582055 0.281466 0.1285
      vertex 0.671711 0.362725 0.1285
      vertex 0.583806 0.279437 0.1285
    endloop
  endfacet
  facet normal -0 0 -1
    outer loop
      vertex 0.671711 0.362725 0.1285
      vertex 0.582055 0.281466 0.1285
      vertex 0.665768 0.368967 0.1285
    endloop
  endfacet
  facet normal 0 0 -1
    outer loop
      vertex 0.580208 0.283407 0.1285
      vertex 0.665768 0.368967 0.1285
      vertex 0.582055 0.281466 0.1285
    endloop
  endfacet
  facet normal -0 0 -1
    outer loop
      vertex 0.665768 0.368967 0.1285
      vertex 0.580208 0.283407 0.1285
      vertex 0.659525 0.37491 0.1285
    endloop
  endfacet
  facet normal 0 0 -1
    outer loop
      vertex 0.578267 0.285255 0.1285
      vertex 0.659525 0.37491 0.1285
      vertex 0.580208 0.283407 0.1285
    endloop
  endfacet
  facet normal -0 0 -1
    outer loop
      vertex 0.659525 0.37491 0.1285
      vertex 0.578267 0.285255 0.1285
      vertex 0.652999 0.38054 0.1285
    endloop
  endfacet
  facet normal 0 0 -1
    outer loop
      vertex 0.576238 0.287005 0.1285
      vertex 0.652999 0.38054 0.1285
      vertex 0.578267 0.285255 0.1285
    endloop
  endfacet
  facet normal -0 0 -1
    outer loop
      vertex 0.652999 0.38054 0.1285
      vertex 0.576238 0.287005 0.1285
      vertex 0.646204 0.385842 0.1285
    endloop
  endfacet
  facet normal 0 0 -1
    outer loop
      vertex 0.574124 0.288654 0.1285
      vertex 0.646204 0.385842 0.1285
      vertex 0.576238 0.287005 0.1285
    endloop
  endfacet
  facet normal -0 0 -1
    outer loop
      vertex 0.646204 0.385842 0.1285
      vertex 0.574124 0.288654 0.1285
      vertex 0.639157 0.390805 0.1285
    endloop
  endfacet
  facet normal 0 0 -1
    outer loop
      vertex 0.571934 0.290197 0.1285
      vertex 0.639157 0.390805 0.1285
      vertex 0.574124 0.288654 0.1285
    endloop
  endfacet
  facet normal -0 0 -1
    outer loop
      vertex 0.639157 0.390805 0.1285
      vertex 0.571934 0.290197 0.1285
      vertex 0.631876 0.395416 0.1285
    endloop
  endfacet
  facet normal 0 0 -1
    outer loop
      vertex 0.56967 0.291632 0.1285
      vertex 0.631876 0.395416 0.1285
      vertex 0.571934 0.290197 0.1285
    endloop
  endfacet
  facet normal -0 0 -1
    outer loop
      vertex 0.631876 0.395416 0.1285
      vertex 0.56967 0.291632 0.1285
      vertex 0.624377 0.399665 0.1285
    endloop
  endfacet
  facet normal 0 0 -1
    outer loop
      vertex 0.567338 0.292953 0.1285
      vertex 0.624377 0.399665 0.1285
      vertex 0.56967 0.291632 0.1285
    endloop
  endfacet
  facet normal -0 0 -1
    outer loop
      vertex 0.624377 0.399665 0.1285
      vertex 0.567338 0.292953 0.1285
      vertex 0.616678 0.40354 0.1285
    endloop
  endfacet
  facet normal 0 0 -1
    outer loop
      vertex 0.564944 0.294157 0.1285
      vertex 0.616678 0.40354 0.1285
      vertex 0.567338 0.292953 0.1285
    endloop
  endfacet
  facet normal -0 0 -1
    outer loop
      vertex 0.616678 0.40354 0.1285
      vertex 0.564944 0.294157 0.1285
      vertex 0.608799 0.407033 0.1285
    endloop
  endfacet
  facet normal 0 0 -1
    outer loop
      vertex 0.562494 0.295243 0.1285
      vertex 0.608799 0.407033 0.1285
      vertex 0.564944 0.294157 0.1285
    endloop
  endfacet
  facet normal -0 0 -1
    outer loop
      vertex 0.608799 0.407033 0.1285
      vertex 0.562494 0.295243 0.1285
      vertex 0.600758 0.410134 0.1285
    endloop
  endfacet
  facet normal 0 0 -1
    outer loop
      vertex 0.559994 0.296207 0.1285
      vertex 0.600758 0.410134 0.1285
      vertex 0.562494 0.295243 0.1285
    endloop
  endfacet
  facet normal -0 0 -1
    outer loop
      vertex 0.600758 0.410134 0.1285
      vertex 0.559994 0.296207 0.1285
      vertex 0.592573 0.412838 0.1285
    endloop
  endfacet
  facet normal 0 0 -1
    outer loop
      vertex 0.557449 0.297049 0.1285
      vertex 0.592573 0.412838 0.1285
      vertex 0.559994 0.296207 0.1285
    endloop
  endfacet
  facet normal -0 0 -1
    outer loop
      vertex 0.592573 0.412838 0.1285
      vertex 0.557449 0.297049 0.1285
      vertex 0.584267 0.415137 0.1285
    endloop
  endfacet
  facet normal 0 0 -1
    outer loop
      vertex 0.554866 0.297763 0.1285
      vertex 0.584267 0.415137 0.1285
      vertex 0.557449 0.297049 0.1285
    endloop
  endfacet
  facet normal -0 0 -1
    outer loop
      vertex 0.584267 0.415137 0.1285
      vertex 0.554866 0.297763 0.1285
      vertex 0.575857 0.417026 0.1285
    endloop
  endfacet
  facet normal 0 0 -1
    outer loop
      vertex 0.552252 0.29835 0.1285
      vertex 0.575857 0.417026 0.1285
      vertex 0.554866 0.297763 0.1285
    endloop
  endfacet
  facet normal -0 0 -1
    outer loop
      vertex 0.575857 0.417026 0.1285
      vertex 0.552252 0.29835 0.1285
      vertex 0.567366 0.418499 0.1285
    endloop
  endfacet
  facet normal 0 0 -1
    outer loop
      vertex 0.549611 0.298808 0.1285
      vertex 0.567366 0.418499 0.1285
      vertex 0.552252 0.29835 0.1285
    endloop
  endfacet
  facet normal -0 0 -1
    outer loop
      vertex 0.567366 0.418499 0.1285
      vertex 0.549611 0.298808 0.1285
      vertex 0.558811 0.419554 0.1285
    endloop
  endfacet
  facet normal 0 0 -1
    outer loop
      vertex 0.546951 0.299136 0.1285
      vertex 0.558811 0.419554 0.1285
      vertex 0.549611 0.298808 0.1285
    endloop
  endfacet
  facet normal -0 0 -1
    outer loop
      vertex 0.558811 0.419554 0.1285
      vertex 0.546951 0.299136 0.1285
      vertex 0.550216 0.420188 0.1285
    endloop
  endfacet
  facet normal 0 0 -1
    outer loop
      vertex 0.544278 0.299334 0.1285
      vertex 0.550216 0.420188 0.1285
      vertex 0.546951 0.299136 0.1285
    endloop
  endfacet
  facet normal 0 0 -1
    outer loop
      vertex 0.541599 0.299399 0.1285
      vertex 0.550216 0.420188 0.1285
      vertex 0.544278 0.299334 0.1285
    endloop
  endfacet
  facet normal 0 0 -1
    outer loop
      vertex 0.541599 0.299399 0.1285
      vertex 0.541599 0.4204 0.1285
      vertex 0.550216 0.420188 0.1285
    endloop
  endfacet
  facet normal 0 0 -1
    outer loop
      vertex 0.53892 0.299334 0.1285
      vertex 0.541599 0.4204 0.1285
      vertex 0.541599 0.299399 0.1285
    endloop
  endfacet
  facet normal 0 0 -1
    outer loop
      vertex 0.532983 0.420188 0.1285
      vertex 0.53892 0.299334 0.1285
      vertex 0.536248 0.299136 0.1285
    endloop
  endfacet
  facet normal 0 0 -1
    outer loop
      vertex 0.524387 0.419554 0.1285
      vertex 0.536248 0.299136 0.1285
      vertex 0.533588 0.298808 0.1285
    endloop
  endfacet
  facet normal 0 0 -1
    outer loop
      vertex 0.53892 0.299334 0.1285
      vertex 0.532983 0.420188 0.1285
      vertex 0.541599 0.4204 0.1285
    endloop
  endfacet
  facet normal 0 0 -1
    outer loop
      vertex 0.515834 0.418499 0.1285
      vertex 0.533588 0.298808 0.1285
      vertex 0.530948 0.29835 0.1285
    endloop
  endfacet
  facet normal 0 0 -1
    outer loop
      vertex 0.507341 0.417026 0.1285
      vertex 0.530948 0.29835 0.1285
      vertex 0.528333 0.297763 0.1285
    endloop
  endfacet
  facet normal 0 0 -1
    outer loop
      vertex 0.498932 0.415137 0.1285
      vertex 0.528333 0.297763 0.1285
      vertex 0.52575 0.297049 0.1285
    endloop
  endfacet
  facet normal 0 0 -1
    outer loop
      vertex 0.536248 0.299136 0.1285
      vertex 0.524387 0.419554 0.1285
      vertex 0.532983 0.420188 0.1285
    endloop
  endfacet
  facet normal 0 0 -1
    outer loop
      vertex 0.490625 0.412838 0.1285
      vertex 0.52575 0.297049 0.1285
      vertex 0.523206 0.296207 0.1285
    endloop
  endfacet
  facet normal 0 0 -1
    outer loop
      vertex 0.482442 0.410134 0.1285
      vertex 0.523206 0.296207 0.1285
      vertex 0.520705 0.295243 0.1285
    endloop
  endfacet
  facet normal 0 0 -1
    outer loop
      vertex 0.474401 0.407033 0.1285
      vertex 0.520705 0.295243 0.1285
      vertex 0.518255 0.294157 0.1285
    endloop
  endfacet
  facet normal 0 0 -1
    outer loop
      vertex 0.466521 0.40354 0.1285
      vertex 0.518255 0.294157 0.1285
      vertex 0.515862 0.292953 0.1285
    endloop
  endfacet
  facet normal 0 0 -1
    outer loop
      vertex 0.533588 0.298808 0.1285
      vertex 0.515834 0.418499 0.1285
      vertex 0.524387 0.419554 0.1285
    endloop
  endfacet
  facet normal 0 0 -1
    outer loop
      vertex 0.458822 0.399665 0.1285
      vertex 0.515862 0.292953 0.1285
      vertex 0.51353 0.291632 0.1285
    endloop
  endfacet
  facet normal 0 0 -1
    outer loop
      vertex 0.451324 0.395416 0.1285
      vertex 0.51353 0.291632 0.1285
      vertex 0.511266 0.290197 0.1285
    endloop
  endfacet
  facet normal 0 0 -1
    outer loop
      vertex 0.444041 0.390805 0.1285
      vertex 0.511266 0.290197 0.1285
      vertex 0.509074 0.288654 0.1285
    endloop
  endfacet
  facet normal 0 0 -1
    outer loop
      vertex 0.530948 0.29835 0.1285
      vertex 0.507341 0.417026 0.1285
      vertex 0.515834 0.418499 0.1285
    endloop
  endfacet
  facet normal 0 0 -1
    outer loop
      vertex 0.436995 0.385842 0.1285
      vertex 0.509074 0.288654 0.1285
      vertex 0.506962 0.287005 0.1285
    endloop
  endfacet
  facet normal 0 0 -1
    outer loop
      vertex 0.4302 0.38054 0.1285
      vertex 0.506962 0.287005 0.1285
      vertex 0.504932 0.285255 0.1285
    endloop
  endfacet
  facet normal 0 0 -1
    outer loop
      vertex 0.423674 0.37491 0.1285
      vertex 0.504932 0.285255 0.1285
      vertex 0.502992 0.283407 0.1285
    endloop
  endfacet
  facet normal 0 0 -1
    outer loop
      vertex 0.417432 0.368967 0.1285
      vertex 0.502992 0.283407 0.1285
      vertex 0.501143 0.281466 0.1285
    endloop
  endfacet
  facet normal 0 0 -1
    outer loop
      vertex 0.411489 0.362725 0.1285
      vertex 0.501143 0.281466 0.1285
      vertex 0.499393 0.279437 0.1285
    endloop
  endfacet
  facet normal 0 0 -1
    outer loop
      vertex 0.528333 0.297763 0.1285
      vertex 0.498932 0.415137 0.1285
      vertex 0.507341 0.417026 0.1285
    endloop
  endfacet
  facet normal 0 0 -1
    outer loop
      vertex 0.405859 0.356199 0.1285
      vertex 0.499393 0.279437 0.1285
      vertex 0.497745 0.277325 0.1285
    endloop
  endfacet
  facet normal 0 0 -1
    outer loop
      vertex 0.400557 0.349404 0.1285
      vertex 0.497745 0.277325 0.1285
      vertex 0.496202 0.275134 0.1285
    endloop
  endfacet
  facet normal 0 0 -1
    outer loop
      vertex 0.395594 0.342358 0.1285
      vertex 0.496202 0.275134 0.1285
      vertex 0.494767 0.272869 0.1285
    endloop
  endfacet
  facet normal 0 0 -1
    outer loop
      vertex 0.390983 0.335076 0.1285
      vertex 0.494767 0.272869 0.1285
      vertex 0.493446 0.270537 0.1285
    endloop
  endfacet
  facet normal 0 0 -1
    outer loop
      vertex 0.386734 0.327577 0.1285
      vertex 0.493446 0.270537 0.1285
      vertex 0.492242 0.268144 0.1285
    endloop
  endfacet
  facet normal 0 0 -1
    outer loop
      vertex 0.382859 0.319879 0.1285
      vertex 0.492242 0.268144 0.1285
      vertex 0.491156 0.265694 0.1285
    endloop
  endfacet
  facet normal 0 0 -1
    outer loop
      vertex 0.52575 0.297049 0.1285
      vertex 0.490625 0.412838 0.1285
      vertex 0.498932 0.415137 0.1285
    endloop
  endfacet
  facet normal 0 0 -1
    outer loop
      vertex 0.379366 0.311998 0.1285
      vertex 0.491156 0.265694 0.1285
      vertex 0.490191 0.263194 0.1285
    endloop
  endfacet
  facet normal 0 0 -1
    outer loop
      vertex 0.376265 0.303957 0.1285
      vertex 0.490191 0.263194 0.1285
      vertex 0.48935 0.260649 0.1285
    endloop
  endfacet
  facet normal 0 0 -1
    outer loop
      vertex 0.373561 0.295774 0.1285
      vertex 0.48935 0.260649 0.1285
      vertex 0.488636 0.258066 0.1285
    endloop
  endfacet
  facet normal 0 0 -1
    outer loop
      vertex 0.371262 0.287467 0.1285
      vertex 0.488636 0.258066 0.1285
      vertex 0.488049 0.255451 0.1285
    endloop
  endfacet
  facet normal 0 0 -1
    outer loop
      vertex 0.369373 0.279058 0.1285
      vertex 0.488049 0.255451 0.1285
      vertex 0.487591 0.252811 0.1285
    endloop
  endfacet
  facet normal 0 0 -1
    outer loop
      vertex 0.3679 0.270565 0.1285
      vertex 0.487591 0.252811 0.1285
      vertex 0.487263 0.250152 0.1285
    endloop
  endfacet
  facet normal 0 0 -1
    outer loop
      vertex 0.366845 0.262012 0.1285
      vertex 0.487263 0.250152 0.1285
      vertex 0.487065 0.247478 0.1285
    endloop
  endfacet
  facet normal 0 0 -1
    outer loop
      vertex 0.366211 0.253416 0.1285
      vertex 0.487065 0.247478 0.1285
      vertex 0.487 0.2448 0.1285
    endloop
  endfacet
  facet normal 0 0 -1
    outer loop
      vertex 0.395594 0.147242 0.1285
      vertex 0.496202 0.214465 0.1285
      vertex 0.400557 0.140195 0.1285
    endloop
  endfacet
  facet normal 0 0 -1
    outer loop
      vertex 0.523206 0.296207 0.1285
      vertex 0.482442 0.410134 0.1285
      vertex 0.490625 0.412838 0.1285
    endloop
  endfacet
  facet normal -0 0 -1
    outer loop
      vertex 0.496202 0.214465 0.1285
      vertex 0.395594 0.147242 0.1285
      vertex 0.494767 0.216729 0.1285
    endloop
  endfacet
  facet normal 0 0 -1
    outer loop
      vertex 0.520705 0.295243 0.1285
      vertex 0.474401 0.407033 0.1285
      vertex 0.482442 0.410134 0.1285
    endloop
  endfacet
  facet normal 0 0 -1
    outer loop
      vertex 0.390983 0.154523 0.1285
      vertex 0.494767 0.216729 0.1285
      vertex 0.395594 0.147242 0.1285
    endloop
  endfacet
  facet normal 0 0 -1
    outer loop
      vertex 0.518255 0.294157 0.1285
      vertex 0.466521 0.40354 0.1285
      vertex 0.474401 0.407033 0.1285
    endloop
  endfacet
  facet normal -0 0 -1
    outer loop
      vertex 0.494767 0.216729 0.1285
      vertex 0.390983 0.154523 0.1285
      vertex 0.493446 0.219061 0.1285
    endloop
  endfacet
  facet normal 0 0 -1
    outer loop
      vertex 0.515862 0.292953 0.1285
      vertex 0.458822 0.399665 0.1285
      vertex 0.466521 0.40354 0.1285
    endloop
  endfacet
  facet normal 0 0 -1
    outer loop
      vertex 0.386734 0.162023 0.1285
      vertex 0.493446 0.219061 0.1285
      vertex 0.390983 0.154523 0.1285
    endloop
  endfacet
  facet normal 0 0 -1
    outer loop
      vertex 0.51353 0.291632 0.1285
      vertex 0.451324 0.395416 0.1285
      vertex 0.458822 0.399665 0.1285
    endloop
  endfacet
  facet normal -0 0 -1
    outer loop
      vertex 0.493446 0.219061 0.1285
      vertex 0.386734 0.162023 0.1285
      vertex 0.492242 0.221455 0.1285
    endloop
  endfacet
  facet normal 0 0 -1
    outer loop
      vertex 0.511266 0.290197 0.1285
      vertex 0.444041 0.390805 0.1285
      vertex 0.451324 0.395416 0.1285
    endloop
  endfacet
  facet normal 0 0 -1
    outer loop
      vertex 0.382859 0.169721 0.1285
      vertex 0.492242 0.221455 0.1285
      vertex 0.386734 0.162023 0.1285
    endloop
  endfacet
  facet normal 0 0 -1
    outer loop
      vertex 0.509074 0.288654 0.1285
      vertex 0.436995 0.385842 0.1285
      vertex 0.444041 0.390805 0.1285
    endloop
  endfacet
  facet normal -0 0 -1
    outer loop
      vertex 0.492242 0.221455 0.1285
      vertex 0.382859 0.169721 0.1285
      vertex 0.491156 0.223905 0.1285
    endloop
  endfacet
  facet normal 0 0 -1
    outer loop
      vertex 0.506962 0.287005 0.1285
      vertex 0.4302 0.38054 0.1285
      vertex 0.436995 0.385842 0.1285
    endloop
  endfacet
  facet normal 0 0 -1
    outer loop
      vertex 0.379366 0.1776 0.1285
      vertex 0.491156 0.223905 0.1285
      vertex 0.382859 0.169721 0.1285
    endloop
  endfacet
  facet normal 0 0 -1
    outer loop
      vertex 0.504932 0.285255 0.1285
      vertex 0.423674 0.37491 0.1285
      vertex 0.4302 0.38054 0.1285
    endloop
  endfacet
  facet normal -0 0 -1
    outer loop
      vertex 0.491156 0.223905 0.1285
      vertex 0.379366 0.1776 0.1285
      vertex 0.490191 0.226405 0.1285
    endloop
  endfacet
  facet normal 0 0 -1
    outer loop
      vertex 0.502992 0.283407 0.1285
      vertex 0.417432 0.368967 0.1285
      vertex 0.423674 0.37491 0.1285
    endloop
  endfacet
  facet normal 0 0 -1
    outer loop
      vertex 0.376265 0.185641 0.1285
      vertex 0.490191 0.226405 0.1285
      vertex 0.379366 0.1776 0.1285
    endloop
  endfacet
  facet normal 0 0 -1
    outer loop
      vertex 0.501143 0.281466 0.1285
      vertex 0.411489 0.362725 0.1285
      vertex 0.417432 0.368967 0.1285
    endloop
  endfacet
  facet normal -0 0 -1
    outer loop
      vertex 0.490191 0.226405 0.1285
      vertex 0.376265 0.185641 0.1285
      vertex 0.48935 0.22895 0.1285
    endloop
  endfacet
  facet normal 0 0 -1
    outer loop
      vertex 0.499393 0.279437 0.1285
      vertex 0.405859 0.356199 0.1285
      vertex 0.411489 0.362725 0.1285
    endloop
  endfacet
  facet normal 0 0 -1
    outer loop
      vertex 0.373561 0.193826 0.1285
      vertex 0.48935 0.22895 0.1285
      vertex 0.376265 0.185641 0.1285
    endloop
  endfacet
  facet normal 0 0 -1
    outer loop
      vertex 0.497745 0.277325 0.1285
      vertex 0.400557 0.349404 0.1285
      vertex 0.405859 0.356199 0.1285
    endloop
  endfacet
  facet normal -0 0 -1
    outer loop
      vertex 0.48935 0.22895 0.1285
      vertex 0.373561 0.193826 0.1285
      vertex 0.488636 0.231533 0.1285
    endloop
  endfacet
  facet normal 0 0 -1
    outer loop
      vertex 0.496202 0.275134 0.1285
      vertex 0.395594 0.342358 0.1285
      vertex 0.400557 0.349404 0.1285
    endloop
  endfacet
  facet normal 0 0 -1
    outer loop
      vertex 0.371262 0.202132 0.1285
      vertex 0.488636 0.231533 0.1285
      vertex 0.373561 0.193826 0.1285
    endloop
  endfacet
  facet normal 0 0 -1
    outer loop
      vertex 0.494767 0.272869 0.1285
      vertex 0.390983 0.335076 0.1285
      vertex 0.395594 0.342358 0.1285
    endloop
  endfacet
  facet normal -0 0 -1
    outer loop
      vertex 0.488636 0.231533 0.1285
      vertex 0.371262 0.202132 0.1285
      vertex 0.488049 0.234148 0.1285
    endloop
  endfacet
  facet normal 0 0 -1
    outer loop
      vertex 0.493446 0.270537 0.1285
      vertex 0.386734 0.327577 0.1285
      vertex 0.390983 0.335076 0.1285
    endloop
  endfacet
  facet normal 0 0 -1
    outer loop
      vertex 0.369373 0.210542 0.1285
      vertex 0.488049 0.234148 0.1285
      vertex 0.371262 0.202132 0.1285
    endloop
  endfacet
  facet normal 0 0 -1
    outer loop
      vertex 0.492242 0.268144 0.1285
      vertex 0.382859 0.319879 0.1285
      vertex 0.386734 0.327577 0.1285
    endloop
  endfacet
  facet normal -0 0 -1
    outer loop
      vertex 0.488049 0.234148 0.1285
      vertex 0.369373 0.210542 0.1285
      vertex 0.487591 0.236788 0.1285
    endloop
  endfacet
  facet normal 0 0 -1
    outer loop
      vertex 0.491156 0.265694 0.1285
      vertex 0.379366 0.311998 0.1285
      vertex 0.382859 0.319879 0.1285
    endloop
  endfacet
  facet normal 0 0 -1
    outer loop
      vertex 0.3679 0.219033 0.1285
      vertex 0.487591 0.236788 0.1285
      vertex 0.369373 0.210542 0.1285
    endloop
  endfacet
  facet normal 0 0 -1
    outer loop
      vertex 0.490191 0.263194 0.1285
      vertex 0.376265 0.303957 0.1285
      vertex 0.379366 0.311998 0.1285
    endloop
  endfacet
  facet normal -0 0 -1
    outer loop
      vertex 0.487591 0.236788 0.1285
      vertex 0.3679 0.219033 0.1285
      vertex 0.487263 0.239448 0.1285
    endloop
  endfacet
  facet normal 0 0 -1
    outer loop
      vertex 0.48935 0.260649 0.1285
      vertex 0.373561 0.295774 0.1285
      vertex 0.376265 0.303957 0.1285
    endloop
  endfacet
  facet normal 0 0 -1
    outer loop
      vertex 0.366845 0.227588 0.1285
      vertex 0.487263 0.239448 0.1285
      vertex 0.3679 0.219033 0.1285
    endloop
  endfacet
  facet normal 0 0 -1
    outer loop
      vertex 0.488636 0.258066 0.1285
      vertex 0.371262 0.287467 0.1285
      vertex 0.373561 0.295774 0.1285
    endloop
  endfacet
  facet normal -0 0 -1
    outer loop
      vertex 0.487263 0.239448 0.1285
      vertex 0.366845 0.227588 0.1285
      vertex 0.487065 0.242121 0.1285
    endloop
  endfacet
  facet normal 0 0 -1
    outer loop
      vertex 0.488049 0.255451 0.1285
      vertex 0.369373 0.279058 0.1285
      vertex 0.371262 0.287467 0.1285
    endloop
  endfacet
  facet normal 0 0 -1
    outer loop
      vertex 0.366211 0.236183 0.1285
      vertex 0.487065 0.242121 0.1285
      vertex 0.366845 0.227588 0.1285
    endloop
  endfacet
  facet normal 0 0 -1
    outer loop
      vertex 0.487591 0.252811 0.1285
      vertex 0.3679 0.270565 0.1285
      vertex 0.369373 0.279058 0.1285
    endloop
  endfacet
  facet normal -0 0 -1
    outer loop
      vertex 0.487065 0.242121 0.1285
      vertex 0.366211 0.236183 0.1285
      vertex 0.487 0.2448 0.1285
    endloop
  endfacet
  facet normal 0 0 -1
    outer loop
      vertex 0.487263 0.250152 0.1285
      vertex 0.366845 0.262012 0.1285
      vertex 0.3679 0.270565 0.1285
    endloop
  endfacet
  facet normal 0 0 -1
    outer loop
      vertex 0.365999 0.2448 0.1285
      vertex 0.487 0.2448 0.1285
      vertex 0.366211 0.236183 0.1285
    endloop
  endfacet
  facet normal 0 0 -1
    outer loop
      vertex 0.487065 0.247478 0.1285
      vertex 0.366211 0.253416 0.1285
      vertex 0.366845 0.262012 0.1285
    endloop
  endfacet
  facet normal 0 0 -1
    outer loop
      vertex 0.487 0.2448 0.1285
      vertex 0.365999 0.2448 0.1285
      vertex 0.366211 0.253416 0.1285
    endloop
  endfacet
  facet normal 0.963772 -0.266728 0
    outer loop
      vertex 0.371262 0.287467 0.1285
      vertex 0.373561 0.295774 0
      vertex 0.373561 0.295774 0.1285
    endloop
  endfacet
  facet normal 0.963772 -0.266728 0
    outer loop
      vertex 0.373561 0.295774 0
      vertex 0.371262 0.287467 0.1285
      vertex 0.371262 0.287467 0
    endloop
  endfacet
  facet normal 0.870044 -0.492975 0
    outer loop
      vertex 0.386734 0.327577 0.1285
      vertex 0.390983 0.335076 0
      vertex 0.390983 0.335076 0.1285
    endloop
  endfacet
  facet normal 0.870044 -0.492975 0
    outer loop
      vertex 0.390983 0.335076 0
      vertex 0.386734 0.327577 0.1285
      vertex 0.386734 0.327577 0
    endloop
  endfacet
  facet normal 0.893217 -0.449625 0
    outer loop
      vertex 0.382859 0.319879 0.1285
      vertex 0.386734 0.327577 0
      vertex 0.386734 0.327577 0.1285
    endloop
  endfacet
  facet normal 0.893217 -0.449625 0
    outer loop
      vertex 0.386734 0.327577 0
      vertex 0.382859 0.319879 0.1285
      vertex 0.382859 0.319879 0
    endloop
  endfacet
  facet normal 0.757172 -0.653215 0
    outer loop
      vertex 0.405859 0.356199 0.1285
      vertex 0.411489 0.362725 0
      vertex 0.411489 0.362725 0.1285
    endloop
  endfacet
  facet normal 0.757172 -0.653215 0
    outer loop
      vertex 0.411489 0.362725 0
      vertex 0.405859 0.356199 0.1285
      vertex 0.405859 0.356199 0
    endloop
  endfacet
  facet normal 0.266728 -0.963772 0
    outer loop
      vertex 0.490625 0.412838 0
      vertex 0.498932 0.415137 0.1285
      vertex 0.490625 0.412838 0.1285
    endloop
  endfacet
  facet normal 0.266728 -0.963772 0
    outer loop
      vertex 0.498932 0.415137 0.1285
      vertex 0.490625 0.412838 0
      vertex 0.498932 0.415137 0
    endloop
  endfacet
  facet normal 0.313755 -0.949504 0
    outer loop
      vertex 0.482442 0.410134 0
      vertex 0.490625 0.412838 0.1285
      vertex 0.482442 0.410134 0.1285
    endloop
  endfacet
  facet normal 0.313755 -0.949504 0
    outer loop
      vertex 0.490625 0.412838 0.1285
      vertex 0.482442 0.410134 0
      vertex 0.490625 0.412838 0
    endloop
  endfacet
  facet normal 0.0245979 -0.999697 0
    outer loop
      vertex 0.532983 0.420188 0
      vertex 0.541599 0.4204 0.1285
      vertex 0.532983 0.420188 0.1285
    endloop
  endfacet
  facet normal 0.0245979 -0.999697 0
    outer loop
      vertex 0.541599 0.4204 0.1285
      vertex 0.532983 0.420188 0
      vertex 0.541599 0.4204 0
    endloop
  endfacet
  facet normal 0.493024 -0.870016 0
    outer loop
      vertex 0.451324 0.395416 0
      vertex 0.458822 0.399665 0.1285
      vertex 0.451324 0.395416 0.1285
    endloop
  endfacet
  facet normal 0.493024 -0.870016 0
    outer loop
      vertex 0.458822 0.399665 0.1285
      vertex 0.451324 0.395416 0
      vertex 0.458822 0.399665 0
    endloop
  endfacet
  facet normal 0.405245 -0.914208 0
    outer loop
      vertex 0.466521 0.40354 0
      vertex 0.474401 0.407033 0.1285
      vertex 0.466521 0.40354 0.1285
    endloop
  endfacet
  facet normal 0.405245 -0.914208 0
    outer loop
      vertex 0.474401 0.407033 0.1285
      vertex 0.466521 0.40354 0
      vertex 0.474401 0.407033 0
    endloop
  endfacet
  facet normal 0.615169 -0.788395 0
    outer loop
      vertex 0.4302 0.38054 0
      vertex 0.436995 0.385842 0.1285
      vertex 0.4302 0.38054 0.1285
    endloop
  endfacet
  facet normal 0.615169 -0.788395 0
    outer loop
      vertex 0.436995 0.385842 0.1285
      vertex 0.4302 0.38054 0
      vertex 0.436995 0.385842 0
    endloop
  endfacet
  facet normal 0.653215 -0.757172 0
    outer loop
      vertex 0.423674 0.37491 0
      vertex 0.4302 0.38054 0.1285
      vertex 0.423674 0.37491 0.1285
    endloop
  endfacet
  facet normal 0.653215 -0.757172 0
    outer loop
      vertex 0.4302 0.38054 0.1285
      vertex 0.423674 0.37491 0
      vertex 0.4302 0.38054 0
    endloop
  endfacet
  facet normal 0.575858 -0.817549 0
    outer loop
      vertex 0.436995 0.385842 0
      vertex 0.444041 0.390805 0.1285
      vertex 0.436995 0.385842 0.1285
    endloop
  endfacet
  facet normal 0.575858 -0.817549 0
    outer loop
      vertex 0.444041 0.390805 0.1285
      vertex 0.436995 0.385842 0
      vertex 0.444041 0.390805 0
    endloop
  endfacet
  facet normal 0.689548 -0.72424 0
    outer loop
      vertex 0.417432 0.368967 0
      vertex 0.423674 0.37491 0.1285
      vertex 0.417432 0.368967 0.1285
    endloop
  endfacet
  facet normal 0.689548 -0.72424 0
    outer loop
      vertex 0.423674 0.37491 0.1285
      vertex 0.417432 0.368967 0
      vertex 0.423674 0.37491 0
    endloop
  endfacet
  facet normal -0.9997 0.0244791 0
    outer loop
      vertex 0.716988 0.236183 0
      vertex 0.717199 0.2448 0.1285
      vertex 0.717199 0.2448 0
    endloop
  endfacet
  facet normal -0.9997 0.0244791 0
    outer loop
      vertex 0.717199 0.2448 0.1285
      vertex 0.716988 0.236183 0
      vertex 0.716988 0.236183 0.1285
    endloop
  endfacet
  facet normal -0.992482 0.122393 0
    outer loop
      vertex 0.715299 0.219033 0
      vertex 0.716354 0.227588 0.1285
      vertex 0.716354 0.227588 0
    endloop
  endfacet
  facet normal -0.992482 0.122393 0
    outer loop
      vertex 0.716354 0.227588 0.1285
      vertex 0.715299 0.219033 0
      vertex 0.715299 0.219033 0.1285
    endloop
  endfacet
  facet normal -0.0245603 0.999698 0
    outer loop
      vertex 0.550216 0.0694113 0
      vertex 0.541599 0.0691996 0.1285
      vertex 0.550216 0.0694113 0.1285
    endloop
  endfacet
  facet normal -0.0245603 0.999698 0
    outer loop
      vertex 0.541599 0.0691996 0.1285
      vertex 0.550216 0.0694113 0
      vertex 0.541599 0.0691996 0
    endloop
  endfacet
  facet normal -0.844835 0.535027 0
    outer loop
      vertex 0.687606 0.147242 0
      vertex 0.692217 0.154523 0.1285
      vertex 0.692217 0.154523 0
    endloop
  endfacet
  facet normal -0.844835 0.535027 0
    outer loop
      vertex 0.692217 0.154523 0.1285
      vertex 0.687606 0.147242 0
      vertex 0.687606 0.147242 0.1285
    endloop
  endfacet
  facet normal -0.122358 0.992486 0
    outer loop
      vertex 0.567366 0.0711002 0
      vertex 0.558811 0.0700455 0.1285
      vertex 0.567366 0.0711002 0.1285
    endloop
  endfacet
  facet normal -0.122358 0.992486 0
    outer loop
      vertex 0.558811 0.0700455 0.1285
      vertex 0.567366 0.0711002 0
      vertex 0.558811 0.0700455 0
    endloop
  endfacet
  facet normal -0.26679 0.963755 0
    outer loop
      vertex 0.592573 0.0767612 0
      vertex 0.584267 0.0744619 0.1285
      vertex 0.592573 0.0767612 0.1285
    endloop
  endfacet
  facet normal -0.26679 0.963755 0
    outer loop
      vertex 0.584267 0.0744619 0.1285
      vertex 0.592573 0.0767612 0
      vertex 0.584267 0.0744619 0
    endloop
  endfacet
  facet normal -0.313561 0.949568 0
    outer loop
      vertex 0.600758 0.079464 0
      vertex 0.592573 0.0767612 0.1285
      vertex 0.600758 0.079464 0.1285
    endloop
  endfacet
  facet normal -0.313561 0.949568 0
    outer loop
      vertex 0.592573 0.0767612 0.1285
      vertex 0.600758 0.079464 0
      vertex 0.592573 0.0767612 0
    endloop
  endfacet
  facet normal -0.219065 0.97571 0
    outer loop
      vertex 0.584267 0.0744619 0
      vertex 0.575857 0.0725737 0.1285
      vertex 0.584267 0.0744619 0.1285
    endloop
  endfacet
  facet normal -0.219065 0.97571 0
    outer loop
      vertex 0.575857 0.0725737 0.1285
      vertex 0.584267 0.0744619 0
      vertex 0.575857 0.0725737 0
    endloop
  endfacet
  facet normal -0.615241 0.788339 0
    outer loop
      vertex 0.652999 0.109059 0
      vertex 0.646204 0.103756 0.1285
      vertex 0.652999 0.109059 0.1285
    endloop
  endfacet
  facet normal -0.615241 0.788339 0
    outer loop
      vertex 0.646204 0.103756 0.1285
      vertex 0.652999 0.109059 0
      vertex 0.646204 0.103756 0
    endloop
  endfacet
  facet normal -0.575804 0.817588 0
    outer loop
      vertex 0.646204 0.103756 0
      vertex 0.639157 0.098793 0.1285
      vertex 0.646204 0.103756 0.1285
    endloop
  endfacet
  facet normal -0.575804 0.817588 0
    outer loop
      vertex 0.639157 0.098793 0.1285
      vertex 0.646204 0.103756 0
      vertex 0.639157 0.098793 0
    endloop
  endfacet
  facet normal -0.653215 0.757172 0
    outer loop
      vertex 0.659525 0.114689 0
      vertex 0.652999 0.109059 0.1285
      vertex 0.659525 0.114689 0.1285
    endloop
  endfacet
  facet normal -0.653215 0.757172 0
    outer loop
      vertex 0.652999 0.109059 0.1285
      vertex 0.659525 0.114689 0
      vertex 0.652999 0.109059 0
    endloop
  endfacet
  facet normal -0.49286 0.870108 0
    outer loop
      vertex 0.631876 0.094182 0
      vertex 0.624377 0.0899343 0.1285
      vertex 0.631876 0.094182 0.1285
    endloop
  endfacet
  facet normal -0.49286 0.870108 0
    outer loop
      vertex 0.624377 0.0899343 0.1285
      vertex 0.631876 0.094182 0
      vertex 0.624377 0.0899343 0
    endloop
  endfacet
  facet normal -0.535027 0.844835 0
    outer loop
      vertex 0.639157 0.098793 0
      vertex 0.631876 0.094182 0.1285
      vertex 0.639157 0.098793 0.1285
    endloop
  endfacet
  facet normal -0.535027 0.844835 0
    outer loop
      vertex 0.631876 0.094182 0.1285
      vertex 0.639157 0.098793 0
      vertex 0.631876 0.094182 0
    endloop
  endfacet
  facet normal -0.40522 0.914219 0
    outer loop
      vertex 0.616678 0.0860586 0
      vertex 0.608799 0.0825663 0.1285
      vertex 0.616678 0.0860586 0.1285
    endloop
  endfacet
  facet normal -0.40522 0.914219 0
    outer loop
      vertex 0.608799 0.0825663 0.1285
      vertex 0.616678 0.0860586 0
      vertex 0.608799 0.0825663 0
    endloop
  endfacet
  facet normal 0.35995 0.932972 -0
    outer loop
      vertex 0.482442 0.079464 0
      vertex 0.474401 0.0825663 0.1285
      vertex 0.482442 0.079464 0.1285
    endloop
  endfacet
  facet normal 0.35995 0.932972 0
    outer loop
      vertex 0.474401 0.0825663 0.1285
      vertex 0.482442 0.079464 0
      vertex 0.474401 0.0825663 0
    endloop
  endfacet
  facet normal 0.122386 0.992483 -0
    outer loop
      vertex 0.524387 0.0700455 0
      vertex 0.515834 0.0711002 0.1285
      vertex 0.524387 0.0700455 0.1285
    endloop
  endfacet
  facet normal 0.122386 0.992483 0
    outer loop
      vertex 0.515834 0.0711002 0.1285
      vertex 0.524387 0.0700455 0
      vertex 0.515834 0.0711002 0
    endloop
  endfacet
  facet normal 0.170942 0.985281 -0
    outer loop
      vertex 0.515834 0.0711002 0
      vertex 0.507341 0.0725737 0.1285
      vertex 0.515834 0.0711002 0.1285
    endloop
  endfacet
  facet normal 0.170942 0.985281 0
    outer loop
      vertex 0.507341 0.0725737 0.1285
      vertex 0.515834 0.0711002 0
      vertex 0.507341 0.0725737 0
    endloop
  endfacet
  facet normal 0.0735785 0.997289 -0
    outer loop
      vertex 0.532983 0.0694113 0
      vertex 0.524387 0.0700455 0.1285
      vertex 0.532983 0.0694113 0.1285
    endloop
  endfacet
  facet normal 0.0735785 0.997289 0
    outer loop
      vertex 0.524387 0.0700455 0.1285
      vertex 0.532983 0.0694113 0
      vertex 0.524387 0.0700455 0
    endloop
  endfacet
  facet normal 0.266761 0.963763 -0
    outer loop
      vertex 0.498932 0.0744619 0
      vertex 0.490625 0.0767612 0.1285
      vertex 0.498932 0.0744619 0.1285
    endloop
  endfacet
  facet normal 0.266761 0.963763 0
    outer loop
      vertex 0.490625 0.0767612 0.1285
      vertex 0.498932 0.0744619 0
      vertex 0.490625 0.0767612 0
    endloop
  endfacet
  facet normal 0.49291 0.87008 -0
    outer loop
      vertex 0.458822 0.0899343 0
      vertex 0.451324 0.094182 0.1285
      vertex 0.458822 0.0899343 0.1285
    endloop
  endfacet
  facet normal 0.49291 0.87008 0
    outer loop
      vertex 0.451324 0.094182 0.1285
      vertex 0.458822 0.0899343 0
      vertex 0.451324 0.094182 0
    endloop
  endfacet
  facet normal 0.534922 0.844901 -0
    outer loop
      vertex 0.451324 0.094182 0
      vertex 0.444041 0.098793 0.1285
      vertex 0.451324 0.094182 0.1285
    endloop
  endfacet
  facet normal 0.534922 0.844901 0
    outer loop
      vertex 0.444041 0.098793 0.1285
      vertex 0.451324 0.094182 0
      vertex 0.444041 0.098793 0
    endloop
  endfacet
  facet normal 0.449644 0.893208 -0
    outer loop
      vertex 0.466521 0.0860586 0
      vertex 0.458822 0.0899343 0.1285
      vertex 0.466521 0.0860586 0.1285
    endloop
  endfacet
  facet normal 0.449644 0.893208 0
    outer loop
      vertex 0.458822 0.0899343 0.1285
      vertex 0.466521 0.0860586 0
      vertex 0.458822 0.0899343 0
    endloop
  endfacet
  facet normal 0.615241 0.788339 -0
    outer loop
      vertex 0.436995 0.103756 0
      vertex 0.4302 0.109059 0.1285
      vertex 0.436995 0.103756 0.1285
    endloop
  endfacet
  facet normal 0.615241 0.788339 0
    outer loop
      vertex 0.4302 0.109059 0.1285
      vertex 0.436995 0.103756 0
      vertex 0.4302 0.109059 0
    endloop
  endfacet
  facet normal 0.575858 0.817549 -0
    outer loop
      vertex 0.444041 0.098793 0
      vertex 0.436995 0.103756 0.1285
      vertex 0.444041 0.098793 0.1285
    endloop
  endfacet
  facet normal 0.575858 0.817549 0
    outer loop
      vertex 0.436995 0.103756 0.1285
      vertex 0.444041 0.098793 0
      vertex 0.436995 0.103756 0
    endloop
  endfacet
  facet normal 0.963764 0.266758 0
    outer loop
      vertex 0.373561 0.193826 0.1285
      vertex 0.371262 0.202132 0
      vertex 0.371262 0.202132 0.1285
    endloop
  endfacet
  facet normal 0.963764 0.266758 0
    outer loop
      vertex 0.371262 0.202132 0
      vertex 0.373561 0.193826 0.1285
      vertex 0.373561 0.193826 0
    endloop
  endfacet
  facet normal 0.97569 0.219153 0
    outer loop
      vertex 0.371262 0.202132 0.1285
      vertex 0.369373 0.210542 0
      vertex 0.369373 0.210542 0.1285
    endloop
  endfacet
  facet normal 0.97569 0.219153 0
    outer loop
      vertex 0.369373 0.210542 0
      vertex 0.371262 0.202132 0.1285
      vertex 0.371262 0.202132 0
    endloop
  endfacet
  facet normal 0.949527 0.313686 0
    outer loop
      vertex 0.376265 0.185641 0.1285
      vertex 0.373561 0.193826 0
      vertex 0.373561 0.193826 0.1285
    endloop
  endfacet
  facet normal 0.949527 0.313686 0
    outer loop
      vertex 0.373561 0.193826 0
      vertex 0.376265 0.185641 0.1285
      vertex 0.376265 0.185641 0
    endloop
  endfacet
  facet normal 0.992482 0.122393 0
    outer loop
      vertex 0.3679 0.219033 0.1285
      vertex 0.366845 0.227588 0
      vertex 0.366845 0.227588 0.1285
    endloop
  endfacet
  facet normal 0.992482 0.122393 0
    outer loop
      vertex 0.366845 0.227588 0
      vertex 0.3679 0.219033 0.1285
      vertex 0.3679 0.219033 0
    endloop
  endfacet
  facet normal 0.985284 0.170925 0
    outer loop
      vertex 0.369373 0.210542 0.1285
      vertex 0.3679 0.219033 0
      vertex 0.3679 0.219033 0.1285
    endloop
  endfacet
  facet normal 0.985284 0.170925 0
    outer loop
      vertex 0.3679 0.219033 0
      vertex 0.369373 0.210542 0.1285
      vertex 0.369373 0.210542 0
    endloop
  endfacet
  facet normal 0.999697 0.0245951 0
    outer loop
      vertex 0.366211 0.236183 0.1285
      vertex 0.365999 0.2448 0
      vertex 0.365999 0.2448 0.1285
    endloop
  endfacet
  facet normal 0.999697 0.0245951 0
    outer loop
      vertex 0.365999 0.2448 0
      vertex 0.366211 0.236183 0.1285
      vertex 0.366211 0.236183 0
    endloop
  endfacet
  facet normal 0.893217 0.449625 0
    outer loop
      vertex 0.386734 0.162023 0.1285
      vertex 0.382859 0.169721 0
      vertex 0.382859 0.169721 0.1285
    endloop
  endfacet
  facet normal 0.893217 0.449625 0
    outer loop
      vertex 0.382859 0.169721 0
      vertex 0.386734 0.162023 0.1285
      vertex 0.386734 0.162023 0
    endloop
  endfacet
  facet normal 0.870072 0.492925 0
    outer loop
      vertex 0.390983 0.154523 0.1285
      vertex 0.386734 0.162023 0
      vertex 0.386734 0.162023 0.1285
    endloop
  endfacet
  facet normal 0.870072 0.492925 0
    outer loop
      vertex 0.386734 0.162023 0
      vertex 0.390983 0.154523 0.1285
      vertex 0.390983 0.154523 0
    endloop
  endfacet
  facet normal 0.914189 0.405288 0
    outer loop
      vertex 0.382859 0.169721 0.1285
      vertex 0.379366 0.1776 0
      vertex 0.379366 0.1776 0.1285
    endloop
  endfacet
  facet normal 0.914189 0.405288 0
    outer loop
      vertex 0.379366 0.1776 0
      vertex 0.382859 0.169721 0.1285
      vertex 0.382859 0.169721 0
    endloop
  endfacet
  facet normal 0.817588 0.575804 0
    outer loop
      vertex 0.400557 0.140195 0.1285
      vertex 0.395594 0.147242 0
      vertex 0.395594 0.147242 0.1285
    endloop
  endfacet
  facet normal 0.817588 0.575804 0
    outer loop
      vertex 0.395594 0.147242 0
      vertex 0.400557 0.140195 0.1285
      vertex 0.400557 0.140195 0
    endloop
  endfacet
  facet normal 0.757172 0.653215 0
    outer loop
      vertex 0.411489 0.126874 0.1285
      vertex 0.405859 0.1334 0
      vertex 0.405859 0.1334 0.1285
    endloop
  endfacet
  facet normal 0.757172 0.653215 0
    outer loop
      vertex 0.405859 0.1334 0
      vertex 0.411489 0.126874 0.1285
      vertex 0.411489 0.126874 0
    endloop
  endfacet
  facet normal 0.724295 0.68949 0
    outer loop
      vertex 0.417432 0.120631 0.1285
      vertex 0.411489 0.126874 0
      vertex 0.411489 0.126874 0.1285
    endloop
  endfacet
  facet normal 0.724295 0.68949 0
    outer loop
      vertex 0.411489 0.126874 0
      vertex 0.417432 0.120631 0.1285
      vertex 0.417432 0.120631 0
    endloop
  endfacet
  facet normal -0.170925 -0.985284 0
    outer loop
      vertex 0.567366 0.418499 0
      vertex 0.575857 0.417026 0.1285
      vertex 0.567366 0.418499 0.1285
    endloop
  endfacet
  facet normal -0.170925 -0.985284 -0
    outer loop
      vertex 0.575857 0.417026 0.1285
      vertex 0.567366 0.418499 0
      vertex 0.575857 0.417026 0
    endloop
  endfacet
  facet normal 0.844868 -0.534975 0
    outer loop
      vertex 0.390983 0.335076 0.1285
      vertex 0.395594 0.342358 0
      vertex 0.395594 0.342358 0.1285
    endloop
  endfacet
  facet normal 0.844868 -0.534975 0
    outer loop
      vertex 0.395594 0.342358 0
      vertex 0.390983 0.335076 0.1285
      vertex 0.390983 0.335076 0
    endloop
  endfacet
  facet normal 0.788395 -0.615169 0
    outer loop
      vertex 0.400557 0.349404 0.1285
      vertex 0.405859 0.356199 0
      vertex 0.405859 0.356199 0.1285
    endloop
  endfacet
  facet normal 0.788395 -0.615169 0
    outer loop
      vertex 0.405859 0.356199 0
      vertex 0.400557 0.349404 0.1285
      vertex 0.400557 0.349404 0
    endloop
  endfacet
  facet normal 0.219178 -0.975685 0
    outer loop
      vertex 0.498932 0.415137 0
      vertex 0.507341 0.417026 0.1285
      vertex 0.498932 0.415137 0.1285
    endloop
  endfacet
  facet normal 0.219178 -0.975685 0
    outer loop
      vertex 0.507341 0.417026 0.1285
      vertex 0.498932 0.415137 0
      vertex 0.507341 0.417026 0
    endloop
  endfacet
  facet normal 0.122421 -0.992478 0
    outer loop
      vertex 0.515834 0.418499 0
      vertex 0.524387 0.419554 0.1285
      vertex 0.515834 0.418499 0.1285
    endloop
  endfacet
  facet normal 0.122421 -0.992478 0
    outer loop
      vertex 0.524387 0.419554 0.1285
      vertex 0.515834 0.418499 0
      vertex 0.524387 0.419554 0
    endloop
  endfacet
  facet normal -0.997291 0.073564 0
    outer loop
      vertex 0.716354 0.227588 0
      vertex 0.716988 0.236183 0.1285
      vertex 0.716988 0.236183 0
    endloop
  endfacet
  facet normal -0.997291 0.073564 0
    outer loop
      vertex 0.716988 0.236183 0.1285
      vertex 0.716354 0.227588 0
      vertex 0.716354 0.227588 0.1285
    endloop
  endfacet
  facet normal -0.975715 0.219043 0
    outer loop
      vertex 0.711937 0.202132 0
      vertex 0.713825 0.210542 0.1285
      vertex 0.713825 0.210542 0
    endloop
  endfacet
  facet normal -0.975715 0.219043 0
    outer loop
      vertex 0.713825 0.210542 0.1285
      vertex 0.711937 0.202132 0
      vertex 0.711937 0.202132 0.1285
    endloop
  endfacet
  facet normal -0.985265 0.171038 0
    outer loop
      vertex 0.713825 0.210542 0
      vertex 0.715299 0.219033 0.1285
      vertex 0.715299 0.219033 0
    endloop
  endfacet
  facet normal -0.985265 0.171038 0
    outer loop
      vertex 0.715299 0.219033 0.1285
      vertex 0.713825 0.210542 0
      vertex 0.713825 0.210542 0.1285
    endloop
  endfacet
  facet normal -0.963793 0.26665 0
    outer loop
      vertex 0.709639 0.193826 0
      vertex 0.711937 0.202132 0.1285
      vertex 0.711937 0.202132 0
    endloop
  endfacet
  facet normal -0.963793 0.26665 0
    outer loop
      vertex 0.711937 0.202132 0.1285
      vertex 0.709639 0.193826 0
      vertex 0.709639 0.193826 0.1285
    endloop
  endfacet
  facet normal -0.949527 0.313686 0
    outer loop
      vertex 0.706935 0.185641 0
      vertex 0.709639 0.193826 0.1285
      vertex 0.709639 0.193826 0
    endloop
  endfacet
  facet normal -0.949527 0.313686 0
    outer loop
      vertex 0.709639 0.193826 0.1285
      vertex 0.706935 0.185641 0
      vertex 0.706935 0.185641 0.1285
    endloop
  endfacet
  facet normal -0.893217 0.449625 0
    outer loop
      vertex 0.696465 0.162023 0
      vertex 0.70034 0.169721 0.1285
      vertex 0.70034 0.169721 0
    endloop
  endfacet
  facet normal -0.893217 0.449625 0
    outer loop
      vertex 0.70034 0.169721 0.1285
      vertex 0.696465 0.162023 0
      vertex 0.696465 0.162023 0.1285
    endloop
  endfacet
  facet normal -0.788395 0.615169 0
    outer loop
      vertex 0.677341 0.1334 0
      vertex 0.682643 0.140195 0.1285
      vertex 0.682643 0.140195 0
    endloop
  endfacet
  facet normal -0.788395 0.615169 0
    outer loop
      vertex 0.682643 0.140195 0.1285
      vertex 0.677341 0.1334 0
      vertex 0.677341 0.1334 0.1285
    endloop
  endfacet
  facet normal -0.073587 0.997289 0
    outer loop
      vertex 0.558811 0.0700455 0
      vertex 0.550216 0.0694113 0.1285
      vertex 0.558811 0.0700455 0.1285
    endloop
  endfacet
  facet normal -0.073587 0.997289 0
    outer loop
      vertex 0.550216 0.0694113 0.1285
      vertex 0.558811 0.0700455 0
      vertex 0.550216 0.0694113 0
    endloop
  endfacet
  facet normal -0.170981 0.985274 0
    outer loop
      vertex 0.575857 0.0725737 0
      vertex 0.567366 0.0711002 0.1285
      vertex 0.575857 0.0725737 0.1285
    endloop
  endfacet
  facet normal -0.170981 0.985274 0
    outer loop
      vertex 0.567366 0.0711002 0.1285
      vertex 0.575857 0.0725737 0
      vertex 0.567366 0.0711002 0
    endloop
  endfacet
  facet normal -0.35995 0.932972 0
    outer loop
      vertex 0.608799 0.0825663 0
      vertex 0.600758 0.079464 0.1285
      vertex 0.608799 0.0825663 0.1285
    endloop
  endfacet
  facet normal -0.35995 0.932972 0
    outer loop
      vertex 0.600758 0.079464 0.1285
      vertex 0.608799 0.0825663 0
      vertex 0.600758 0.079464 0
    endloop
  endfacet
  facet normal -0.689429 0.724353 0
    outer loop
      vertex 0.665768 0.120631 0
      vertex 0.659525 0.114689 0.1285
      vertex 0.665768 0.120631 0.1285
    endloop
  endfacet
  facet normal -0.689429 0.724353 0
    outer loop
      vertex 0.659525 0.114689 0.1285
      vertex 0.665768 0.120631 0
      vertex 0.659525 0.114689 0
    endloop
  endfacet
  facet normal -0.449644 0.893208 0
    outer loop
      vertex 0.624377 0.0899343 0
      vertex 0.616678 0.0860586 0.1285
      vertex 0.624377 0.0899343 0.1285
    endloop
  endfacet
  facet normal -0.449644 0.893208 0
    outer loop
      vertex 0.616678 0.0860586 0.1285
      vertex 0.624377 0.0899343 0
      vertex 0.616678 0.0860586 0
    endloop
  endfacet
  facet normal 0.31363 0.949545 -0
    outer loop
      vertex 0.490625 0.0767612 0
      vertex 0.482442 0.079464 0.1285
      vertex 0.490625 0.0767612 0.1285
    endloop
  endfacet
  facet normal 0.31363 0.949545 0
    outer loop
      vertex 0.482442 0.079464 0.1285
      vertex 0.490625 0.0767612 0
      vertex 0.482442 0.079464 0
    endloop
  endfacet
  facet normal 0.21909 0.975705 -0
    outer loop
      vertex 0.507341 0.0725737 0
      vertex 0.498932 0.0744619 0.1285
      vertex 0.507341 0.0725737 0.1285
    endloop
  endfacet
  facet normal 0.21909 0.975705 0
    outer loop
      vertex 0.498932 0.0744619 0.1285
      vertex 0.507341 0.0725737 0
      vertex 0.498932 0.0744619 0
    endloop
  endfacet
  facet normal 0.653215 0.757172 -0
    outer loop
      vertex 0.4302 0.109059 0
      vertex 0.423674 0.114689 0.1285
      vertex 0.4302 0.109059 0.1285
    endloop
  endfacet
  facet normal 0.653215 0.757172 0
    outer loop
      vertex 0.423674 0.114689 0.1285
      vertex 0.4302 0.109059 0
      vertex 0.423674 0.114689 0
    endloop
  endfacet
  facet normal 0.997291 0.073564 0
    outer loop
      vertex 0.366845 0.227588 0.1285
      vertex 0.366211 0.236183 0
      vertex 0.366211 0.236183 0.1285
    endloop
  endfacet
  facet normal 0.997291 0.073564 0
    outer loop
      vertex 0.366211 0.236183 0
      vertex 0.366845 0.227588 0.1285
      vertex 0.366845 0.227588 0
    endloop
  endfacet
  facet normal 0.788395 0.615169 0
    outer loop
      vertex 0.405859 0.1334 0.1285
      vertex 0.400557 0.140195 0
      vertex 0.400557 0.140195 0.1285
    endloop
  endfacet
  facet normal 0.788395 0.615169 0
    outer loop
      vertex 0.400557 0.140195 0
      vertex 0.405859 0.1334 0.1285
      vertex 0.405859 0.1334 0
    endloop
  endfacet
  facet normal -0.914189 0.405288 0
    outer loop
      vertex 0.70034 0.169721 0
      vertex 0.703833 0.1776 0.1285
      vertex 0.703833 0.1776 0
    endloop
  endfacet
  facet normal -0.914189 0.405288 0
    outer loop
      vertex 0.703833 0.1776 0.1285
      vertex 0.70034 0.169721 0
      vertex 0.70034 0.169721 0.1285
    endloop
  endfacet
  facet normal -0.817588 0.575804 0
    outer loop
      vertex 0.682643 0.140195 0
      vertex 0.687606 0.147242 0.1285
      vertex 0.687606 0.147242 0
    endloop
  endfacet
  facet normal -0.817588 0.575804 0
    outer loop
      vertex 0.687606 0.147242 0.1285
      vertex 0.682643 0.140195 0
      vertex 0.682643 0.140195 0.1285
    endloop
  endfacet
  facet normal -0.870122 0.492837 0
    outer loop
      vertex 0.692217 0.154523 0
      vertex 0.696465 0.162023 0.1285
      vertex 0.696465 0.162023 0
    endloop
  endfacet
  facet normal -0.870122 0.492837 0
    outer loop
      vertex 0.696465 0.162023 0.1285
      vertex 0.692217 0.154523 0
      vertex 0.692217 0.154523 0.1285
    endloop
  endfacet
  facet normal -0.757172 0.653215 0
    outer loop
      vertex 0.671711 0.126874 0
      vertex 0.677341 0.1334 0.1285
      vertex 0.677341 0.1334 0
    endloop
  endfacet
  facet normal -0.757172 0.653215 0
    outer loop
      vertex 0.677341 0.1334 0.1285
      vertex 0.671711 0.126874 0
      vertex 0.671711 0.126874 0.1285
    endloop
  endfacet
  facet normal -0.999696 -0.0246378 0
    outer loop
      vertex 0.5962 0.2448 0.1285
      vertex 0.596134 0.247478 0.202999
      vertex 0.596134 0.247478 0.1285
    endloop
  endfacet
  facet normal -0.999696 -0.0246378 0
    outer loop
      vertex 0.596134 0.247478 0.202999
      vertex 0.5962 0.2448 0.1285
      vertex 0.5962 0.2448 0.202999
    endloop
  endfacet
  facet normal 0.999706 -0.0242647 0
    outer loop
      vertex 0.487 0.2448 0.202999
      vertex 0.487065 0.247478 0.1285
      vertex 0.487065 0.247478 0.202999
    endloop
  endfacet
  facet normal 0.999706 -0.0242647 0
    outer loop
      vertex 0.487065 0.247478 0.1285
      vertex 0.487 0.2448 0.202999
      vertex 0.487 0.2448 0.1285
    endloop
  endfacet
  facet normal -0.0242556 -0.999706 0
    outer loop
      vertex 0.541599 0.299399 0.1285
      vertex 0.544278 0.299334 0.202999
      vertex 0.541599 0.299399 0.202999
    endloop
  endfacet
  facet normal -0.0242556 -0.999706 -0
    outer loop
      vertex 0.544278 0.299334 0.202999
      vertex 0.541599 0.299399 0.1285
      vertex 0.544278 0.299334 0.1285
    endloop
  endfacet
  facet normal -0.689543 -0.724244 0
    outer loop
      vertex 0.578267 0.285255 0.1285
      vertex 0.580208 0.283407 0.202999
      vertex 0.578267 0.285255 0.202999
    endloop
  endfacet
  facet normal -0.689543 -0.724244 -0
    outer loop
      vertex 0.580208 0.283407 0.202999
      vertex 0.578267 0.285255 0.1285
      vertex 0.580208 0.283407 0.1285
    endloop
  endfacet
  facet normal 0.68973 -0.724067 0
    outer loop
      vertex 0.502992 0.283407 0.1285
      vertex 0.504932 0.285255 0.202999
      vertex 0.502992 0.283407 0.202999
    endloop
  endfacet
  facet normal 0.68973 -0.724067 0
    outer loop
      vertex 0.504932 0.285255 0.202999
      vertex 0.502992 0.283407 0.1285
      vertex 0.504932 0.285255 0.1285
    endloop
  endfacet
  facet normal -0.914349 -0.404926 0
    outer loop
      vertex 0.592043 0.265694 0.1285
      vertex 0.590958 0.268144 0.202999
      vertex 0.590958 0.268144 0.1285
    endloop
  endfacet
  facet normal -0.914349 -0.404926 0
    outer loop
      vertex 0.590958 0.268144 0.202999
      vertex 0.592043 0.265694 0.1285
      vertex 0.592043 0.265694 0.202999
    endloop
  endfacet
  facet normal -0.724431 -0.689348 0
    outer loop
      vertex 0.582055 0.281466 0.1285
      vertex 0.580208 0.283407 0.202999
      vertex 0.580208 0.283407 0.1285
    endloop
  endfacet
  facet normal -0.724431 -0.689348 0
    outer loop
      vertex 0.580208 0.283407 0.202999
      vertex 0.582055 0.281466 0.1285
      vertex 0.582055 0.281466 0.202999
    endloop
  endfacet
  facet normal -0.449302 -0.89338 0
    outer loop
      vertex 0.564944 0.294157 0.1285
      vertex 0.567338 0.292953 0.202999
      vertex 0.564944 0.294157 0.202999
    endloop
  endfacet
  facet normal -0.449302 -0.89338 -0
    outer loop
      vertex 0.567338 0.292953 0.202999
      vertex 0.564944 0.294157 0.1285
      vertex 0.567338 0.292953 0.1285
    endloop
  endfacet
  facet normal 0.844735 -0.535185 0
    outer loop
      vertex 0.494767 0.272869 0.202999
      vertex 0.496202 0.275134 0.1285
      vertex 0.496202 0.275134 0.202999
    endloop
  endfacet
  facet normal 0.844735 -0.535185 0
    outer loop
      vertex 0.496202 0.275134 0.1285
      vertex 0.494767 0.272869 0.202999
      vertex 0.494767 0.272869 0.1285
    endloop
  endfacet
  facet normal 0.65294 -0.75741 0
    outer loop
      vertex 0.504932 0.285255 0.1285
      vertex 0.506962 0.287005 0.202999
      vertex 0.504932 0.285255 0.202999
    endloop
  endfacet
  facet normal 0.65294 -0.75741 0
    outer loop
      vertex 0.506962 0.287005 0.202999
      vertex 0.504932 0.285255 0.1285
      vertex 0.506962 0.287005 0.1285
    endloop
  endfacet
  facet normal 0.122381 -0.992483 0
    outer loop
      vertex 0.533588 0.298808 0.1285
      vertex 0.536248 0.299136 0.202999
      vertex 0.533588 0.298808 0.202999
    endloop
  endfacet
  facet normal 0.122381 -0.992483 0
    outer loop
      vertex 0.536248 0.299136 0.202999
      vertex 0.533588 0.298808 0.1285
      vertex 0.536248 0.299136 0.1285
    endloop
  endfacet
  facet normal -0.844965 0.534821 0
    outer loop
      vertex 0.586998 0.214465 0.1285
      vertex 0.588431 0.216729 0.202999
      vertex 0.588431 0.216729 0.1285
    endloop
  endfacet
  facet normal -0.844965 0.534821 0
    outer loop
      vertex 0.588431 0.216729 0.202999
      vertex 0.586998 0.214465 0.1285
      vertex 0.586998 0.214465 0.202999
    endloop
  endfacet
  facet normal -0.218748 0.975781 0
    outer loop
      vertex 0.554866 0.191835 0.1285
      vertex 0.552252 0.191249 0.202999
      vertex 0.554866 0.191835 0.202999
    endloop
  endfacet
  facet normal -0.218748 0.975781 0
    outer loop
      vertex 0.552252 0.191249 0.202999
      vertex 0.554866 0.191835 0.1285
      vertex 0.552252 0.191249 0.1285
    endloop
  endfacet
  facet normal -0.653338 0.757066 0
    outer loop
      vertex 0.578267 0.204344 0.1285
      vertex 0.576238 0.202593 0.202999
      vertex 0.578267 0.204344 0.202999
    endloop
  endfacet
  facet normal -0.653338 0.757066 0
    outer loop
      vertex 0.576238 0.202593 0.202999
      vertex 0.578267 0.204344 0.1285
      vertex 0.576238 0.202593 0.1285
    endloop
  endfacet
  facet normal 0.359979 0.93296 -0
    outer loop
      vertex 0.523206 0.193391 0.1285
      vertex 0.520705 0.194356 0.202999
      vertex 0.523206 0.193391 0.202999
    endloop
  endfacet
  facet normal 0.359979 0.93296 0
    outer loop
      vertex 0.520705 0.194356 0.202999
      vertex 0.523206 0.193391 0.1285
      vertex 0.520705 0.194356 0.1285
    endloop
  endfacet
  facet normal -0.963758 -0.266778 0
    outer loop
      vertex 0.594563 0.258066 0.1285
      vertex 0.593848 0.260649 0.202999
      vertex 0.593848 0.260649 0.1285
    endloop
  endfacet
  facet normal -0.963758 -0.266778 0
    outer loop
      vertex 0.593848 0.260649 0.202999
      vertex 0.594563 0.258066 0.1285
      vertex 0.594563 0.258066 0.202999
    endloop
  endfacet
  facet normal -0.870097 -0.492881 0
    outer loop
      vertex 0.589752 0.270537 0.1285
      vertex 0.588431 0.272869 0.202999
      vertex 0.588431 0.272869 0.1285
    endloop
  endfacet
  facet normal -0.870097 -0.492881 0
    outer loop
      vertex 0.588431 0.272869 0.202999
      vertex 0.589752 0.270537 0.1285
      vertex 0.589752 0.270537 0.202999
    endloop
  endfacet
  facet normal -0.757066 -0.653338 0
    outer loop
      vertex 0.583806 0.279437 0.1285
      vertex 0.582055 0.281466 0.202999
      vertex 0.582055 0.281466 0.1285
    endloop
  endfacet
  facet normal -0.757066 -0.653338 0
    outer loop
      vertex 0.582055 0.281466 0.202999
      vertex 0.583806 0.279437 0.1285
      vertex 0.583806 0.279437 0.202999
    endloop
  endfacet
  facet normal -0.219104 -0.975702 0
    outer loop
      vertex 0.552252 0.29835 0.1285
      vertex 0.554866 0.297763 0.202999
      vertex 0.552252 0.29835 0.202999
    endloop
  endfacet
  facet normal -0.219104 -0.975702 -0
    outer loop
      vertex 0.554866 0.297763 0.202999
      vertex 0.552252 0.29835 0.1285
      vertex 0.554866 0.297763 0.1285
    endloop
  endfacet
  facet normal -0.61505 -0.788488 0
    outer loop
      vertex 0.574124 0.288654 0.1285
      vertex 0.576238 0.287005 0.202999
      vertex 0.574124 0.288654 0.202999
    endloop
  endfacet
  facet normal -0.61505 -0.788488 -0
    outer loop
      vertex 0.576238 0.287005 0.202999
      vertex 0.574124 0.288654 0.1285
      vertex 0.576238 0.287005 0.1285
    endloop
  endfacet
  facet normal 0.97572 -0.219024 0
    outer loop
      vertex 0.488049 0.255451 0.202999
      vertex 0.488636 0.258066 0.1285
      vertex 0.488636 0.258066 0.202999
    endloop
  endfacet
  facet normal 0.97572 -0.219024 0
    outer loop
      vertex 0.488636 0.258066 0.1285
      vertex 0.488049 0.255451 0.202999
      vertex 0.488049 0.255451 0.1285
    endloop
  endfacet
  facet normal 0.535354 -0.844628 0
    outer loop
      vertex 0.511266 0.290197 0.1285
      vertex 0.51353 0.291632 0.202999
      vertex 0.511266 0.290197 0.202999
    endloop
  endfacet
  facet normal 0.535354 -0.844628 0
    outer loop
      vertex 0.51353 0.291632 0.202999
      vertex 0.511266 0.290197 0.1285
      vertex 0.51353 0.291632 0.1285
    endloop
  endfacet
  facet normal 0.615412 -0.788205 0
    outer loop
      vertex 0.506962 0.287005 0.1285
      vertex 0.509074 0.288654 0.202999
      vertex 0.506962 0.287005 0.202999
    endloop
  endfacet
  facet normal 0.615412 -0.788205 0
    outer loop
      vertex 0.509074 0.288654 0.202999
      vertex 0.506962 0.287005 0.1285
      vertex 0.509074 0.288654 0.1285
    endloop
  endfacet
  facet normal 0.314212 -0.949353 0
    outer loop
      vertex 0.523206 0.296207 0.1285
      vertex 0.52575 0.297049 0.202999
      vertex 0.523206 0.296207 0.202999
    endloop
  endfacet
  facet normal 0.314212 -0.949353 0
    outer loop
      vertex 0.52575 0.297049 0.202999
      vertex 0.523206 0.296207 0.1285
      vertex 0.52575 0.297049 0.1285
    endloop
  endfacet
  facet normal 0.0738992 -0.997266 0
    outer loop
      vertex 0.536248 0.299136 0.1285
      vertex 0.53892 0.299334 0.202999
      vertex 0.536248 0.299136 0.202999
    endloop
  endfacet
  facet normal 0.0738992 -0.997266 0
    outer loop
      vertex 0.53892 0.299334 0.202999
      vertex 0.536248 0.299136 0.1285
      vertex 0.53892 0.299334 0.1285
    endloop
  endfacet
  facet normal -0.98522 0.171294 0
    outer loop
      vertex 0.59515 0.234148 0.1285
      vertex 0.595609 0.236788 0.202999
      vertex 0.595609 0.236788 0.1285
    endloop
  endfacet
  facet normal -0.98522 0.171294 0
    outer loop
      vertex 0.595609 0.236788 0.202999
      vertex 0.59515 0.234148 0.1285
      vertex 0.59515 0.234148 0.202999
    endloop
  endfacet
  facet normal -0.992483 0.122381 0
    outer loop
      vertex 0.595609 0.236788 0.1285
      vertex 0.595937 0.239448 0.202999
      vertex 0.595937 0.239448 0.1285
    endloop
  endfacet
  facet normal -0.992483 0.122381 0
    outer loop
      vertex 0.595937 0.239448 0.202999
      vertex 0.595609 0.236788 0.1285
      vertex 0.595609 0.236788 0.202999
    endloop
  endfacet
  facet normal 0.914211 0.405238 0
    outer loop
      vertex 0.492242 0.221455 0.202999
      vertex 0.491156 0.223905 0.1285
      vertex 0.491156 0.223905 0.202999
    endloop
  endfacet
  facet normal 0.914211 0.405238 0
    outer loop
      vertex 0.491156 0.223905 0.1285
      vertex 0.492242 0.221455 0.202999
      vertex 0.492242 0.221455 0.1285
    endloop
  endfacet
  facet normal 0.844628 0.535354 0
    outer loop
      vertex 0.496202 0.214465 0.202999
      vertex 0.494767 0.216729 0.1285
      vertex 0.494767 0.216729 0.202999
    endloop
  endfacet
  facet normal 0.844628 0.535354 0
    outer loop
      vertex 0.494767 0.216729 0.1285
      vertex 0.496202 0.214465 0.202999
      vertex 0.496202 0.214465 0.1285
    endloop
  endfacet
  facet normal -0.992478 -0.122427 0
    outer loop
      vertex 0.595937 0.250152 0.1285
      vertex 0.595609 0.252811 0.202999
      vertex 0.595609 0.252811 0.1285
    endloop
  endfacet
  facet normal -0.992478 -0.122427 0
    outer loop
      vertex 0.595609 0.252811 0.202999
      vertex 0.595937 0.250152 0.1285
      vertex 0.595937 0.250152 0.202999
    endloop
  endfacet
  facet normal -0.997297 -0.0734733 0
    outer loop
      vertex 0.596134 0.247478 0.1285
      vertex 0.595937 0.250152 0.202999
      vertex 0.595937 0.250152 0.1285
    endloop
  endfacet
  facet normal -0.997297 -0.0734733 0
    outer loop
      vertex 0.595937 0.250152 0.202999
      vertex 0.596134 0.247478 0.1285
      vertex 0.596134 0.247478 0.202999
    endloop
  endfacet
  facet normal -0.97572 -0.219024 0
    outer loop
      vertex 0.59515 0.255451 0.1285
      vertex 0.594563 0.258066 0.202999
      vertex 0.594563 0.258066 0.1285
    endloop
  endfacet
  facet normal -0.97572 -0.219024 0
    outer loop
      vertex 0.594563 0.258066 0.202999
      vertex 0.59515 0.255451 0.1285
      vertex 0.59515 0.255451 0.202999
    endloop
  endfacet
  facet normal -0.98522 -0.171294 0
    outer loop
      vertex 0.595609 0.252811 0.1285
      vertex 0.59515 0.255451 0.202999
      vertex 0.59515 0.255451 0.1285
    endloop
  endfacet
  facet normal -0.98522 -0.171294 0
    outer loop
      vertex 0.59515 0.255451 0.202999
      vertex 0.595609 0.252811 0.1285
      vertex 0.595609 0.252811 0.202999
    endloop
  endfacet
  facet normal -0.932912 -0.360104 0
    outer loop
      vertex 0.593008 0.263194 0.1285
      vertex 0.592043 0.265694 0.202999
      vertex 0.592043 0.265694 0.1285
    endloop
  endfacet
  facet normal -0.932912 -0.360104 0
    outer loop
      vertex 0.592043 0.265694 0.202999
      vertex 0.593008 0.263194 0.1285
      vertex 0.593008 0.263194 0.202999
    endloop
  endfacet
  facet normal -0.949612 -0.313428 0
    outer loop
      vertex 0.593848 0.260649 0.1285
      vertex 0.593008 0.263194 0.202999
      vertex 0.593008 0.263194 0.1285
    endloop
  endfacet
  facet normal -0.949612 -0.313428 0
    outer loop
      vertex 0.593008 0.263194 0.202999
      vertex 0.593848 0.260649 0.1285
      vertex 0.593848 0.260649 0.202999
    endloop
  endfacet
  facet normal -0.788205 -0.615412 0
    outer loop
      vertex 0.585455 0.277325 0.1285
      vertex 0.583806 0.279437 0.202999
      vertex 0.583806 0.279437 0.1285
    endloop
  endfacet
  facet normal -0.788205 -0.615412 0
    outer loop
      vertex 0.583806 0.279437 0.202999
      vertex 0.585455 0.277325 0.1285
      vertex 0.585455 0.277325 0.202999
    endloop
  endfacet
  facet normal -0.817598 -0.575789 0
    outer loop
      vertex 0.586998 0.275134 0.1285
      vertex 0.585455 0.277325 0.202999
      vertex 0.585455 0.277325 0.1285
    endloop
  endfacet
  facet normal -0.817598 -0.575789 0
    outer loop
      vertex 0.585455 0.277325 0.202999
      vertex 0.586998 0.275134 0.1285
      vertex 0.586998 0.275134 0.202999
    endloop
  endfacet
  facet normal -0.845072 -0.534653 0
    outer loop
      vertex 0.588431 0.272869 0.1285
      vertex 0.586998 0.275134 0.202999
      vertex 0.586998 0.275134 0.1285
    endloop
  endfacet
  facet normal -0.845072 -0.534653 0
    outer loop
      vertex 0.586998 0.275134 0.202999
      vertex 0.588431 0.272869 0.1285
      vertex 0.588431 0.272869 0.202999
    endloop
  endfacet
  facet normal -0.893005 -0.450047 0
    outer loop
      vertex 0.590958 0.268144 0.1285
      vertex 0.589752 0.270537 0.202999
      vertex 0.589752 0.270537 0.1285
    endloop
  endfacet
  facet normal -0.893005 -0.450047 0
    outer loop
      vertex 0.589752 0.270537 0.202999
      vertex 0.590958 0.268144 0.1285
      vertex 0.590958 0.268144 0.202999
    endloop
  endfacet
  facet normal -0.122381 -0.992483 0
    outer loop
      vertex 0.546951 0.299136 0.1285
      vertex 0.549611 0.298808 0.202999
      vertex 0.546951 0.299136 0.202999
    endloop
  endfacet
  facet normal -0.122381 -0.992483 -0
    outer loop
      vertex 0.549611 0.298808 0.202999
      vertex 0.546951 0.299136 0.1285
      vertex 0.549611 0.298808 0.1285
    endloop
  endfacet
  facet normal -0.359779 -0.933037 0
    outer loop
      vertex 0.559994 0.296207 0.1285
      vertex 0.562494 0.295243 0.202999
      vertex 0.559994 0.296207 0.202999
    endloop
  endfacet
  facet normal -0.359779 -0.933037 -0
    outer loop
      vertex 0.562494 0.295243 0.202999
      vertex 0.559994 0.296207 0.1285
      vertex 0.562494 0.295243 0.1285
    endloop
  endfacet
  facet normal -0.314101 -0.94939 0
    outer loop
      vertex 0.557449 0.297049 0.1285
      vertex 0.559994 0.296207 0.202999
      vertex 0.557449 0.297049 0.202999
    endloop
  endfacet
  facet normal -0.314101 -0.94939 -0
    outer loop
      vertex 0.559994 0.296207 0.202999
      vertex 0.557449 0.297049 0.1285
      vertex 0.559994 0.296207 0.1285
    endloop
  endfacet
  facet normal -0.266431 -0.963854 0
    outer loop
      vertex 0.554866 0.297763 0.1285
      vertex 0.557449 0.297049 0.202999
      vertex 0.554866 0.297763 0.202999
    endloop
  endfacet
  facet normal -0.266431 -0.963854 -0
    outer loop
      vertex 0.557449 0.297049 0.202999
      vertex 0.554866 0.297763 0.1285
      vertex 0.557449 0.297049 0.1285
    endloop
  endfacet
  facet normal -0.170869 -0.985294 0
    outer loop
      vertex 0.549611 0.298808 0.1285
      vertex 0.552252 0.29835 0.202999
      vertex 0.549611 0.298808 0.202999
    endloop
  endfacet
  facet normal -0.170869 -0.985294 -0
    outer loop
      vertex 0.552252 0.29835 0.202999
      vertex 0.549611 0.298808 0.1285
      vertex 0.552252 0.29835 0.1285
    endloop
  endfacet
  facet normal -0.0738717 -0.997268 0
    outer loop
      vertex 0.544278 0.299334 0.1285
      vertex 0.546951 0.299136 0.202999
      vertex 0.544278 0.299334 0.202999
    endloop
  endfacet
  facet normal -0.0738717 -0.997268 -0
    outer loop
      vertex 0.546951 0.299136 0.202999
      vertex 0.544278 0.299334 0.1285
      vertex 0.546951 0.299136 0.1285
    endloop
  endfacet
  facet normal -0.405238 -0.914211 0
    outer loop
      vertex 0.562494 0.295243 0.1285
      vertex 0.564944 0.294157 0.202999
      vertex 0.562494 0.295243 0.202999
    endloop
  endfacet
  facet normal -0.405238 -0.914211 -0
    outer loop
      vertex 0.564944 0.294157 0.202999
      vertex 0.562494 0.295243 0.1285
      vertex 0.564944 0.294157 0.1285
    endloop
  endfacet
  facet normal -0.492881 -0.870097 0
    outer loop
      vertex 0.567338 0.292953 0.1285
      vertex 0.56967 0.291632 0.202999
      vertex 0.567338 0.292953 0.202999
    endloop
  endfacet
  facet normal -0.492881 -0.870097 -0
    outer loop
      vertex 0.56967 0.291632 0.202999
      vertex 0.567338 0.292953 0.1285
      vertex 0.56967 0.291632 0.1285
    endloop
  endfacet
  facet normal -0.535354 -0.844628 0
    outer loop
      vertex 0.56967 0.291632 0.1285
      vertex 0.571934 0.290197 0.202999
      vertex 0.56967 0.291632 0.202999
    endloop
  endfacet
  facet normal -0.535354 -0.844628 -0
    outer loop
      vertex 0.571934 0.290197 0.202999
      vertex 0.56967 0.291632 0.1285
      vertex 0.571934 0.290197 0.1285
    endloop
  endfacet
  facet normal -0.575965 -0.817474 0
    outer loop
      vertex 0.571934 0.290197 0.1285
      vertex 0.574124 0.288654 0.202999
      vertex 0.571934 0.290197 0.202999
    endloop
  endfacet
  facet normal -0.575965 -0.817474 -0
    outer loop
      vertex 0.574124 0.288654 0.202999
      vertex 0.571934 0.290197 0.1285
      vertex 0.574124 0.288654 0.1285
    endloop
  endfacet
  facet normal -0.653124 -0.757251 0
    outer loop
      vertex 0.576238 0.287005 0.1285
      vertex 0.578267 0.285255 0.202999
      vertex 0.576238 0.287005 0.202999
    endloop
  endfacet
  facet normal -0.653124 -0.757251 -0
    outer loop
      vertex 0.578267 0.285255 0.202999
      vertex 0.576238 0.287005 0.1285
      vertex 0.578267 0.285255 0.1285
    endloop
  endfacet
  facet normal 0.992478 -0.122427 0
    outer loop
      vertex 0.487263 0.250152 0.202999
      vertex 0.487591 0.252811 0.1285
      vertex 0.487591 0.252811 0.202999
    endloop
  endfacet
  facet normal 0.992478 -0.122427 0
    outer loop
      vertex 0.487591 0.252811 0.1285
      vertex 0.487263 0.250152 0.202999
      vertex 0.487263 0.250152 0.1285
    endloop
  endfacet
  facet normal 0.724058 -0.689739 0
    outer loop
      vertex 0.501143 0.281466 0.202999
      vertex 0.502992 0.283407 0.1285
      vertex 0.502992 0.283407 0.202999
    endloop
  endfacet
  facet normal 0.724058 -0.689739 0
    outer loop
      vertex 0.502992 0.283407 0.1285
      vertex 0.501143 0.281466 0.202999
      vertex 0.501143 0.281466 0.1285
    endloop
  endfacet
  facet normal 0.870097 -0.492881 0
    outer loop
      vertex 0.493446 0.270537 0.202999
      vertex 0.494767 0.272869 0.1285
      vertex 0.494767 0.272869 0.202999
    endloop
  endfacet
  facet normal 0.870097 -0.492881 0
    outer loop
      vertex 0.494767 0.272869 0.1285
      vertex 0.493446 0.270537 0.202999
      vertex 0.493446 0.270537 0.1285
    endloop
  endfacet
  facet normal 0.914211 -0.405238 0
    outer loop
      vertex 0.491156 0.265694 0.202999
      vertex 0.492242 0.268144 0.1285
      vertex 0.492242 0.268144 0.202999
    endloop
  endfacet
  facet normal 0.914211 -0.405238 0
    outer loop
      vertex 0.492242 0.268144 0.1285
      vertex 0.491156 0.265694 0.202999
      vertex 0.491156 0.265694 0.1285
    endloop
  endfacet
  facet normal 0.893304 -0.449452 0
    outer loop
      vertex 0.492242 0.268144 0.202999
      vertex 0.493446 0.270537 0.1285
      vertex 0.493446 0.270537 0.202999
    endloop
  endfacet
  facet normal 0.893304 -0.449452 0
    outer loop
      vertex 0.493446 0.270537 0.1285
      vertex 0.492242 0.268144 0.202999
      vertex 0.492242 0.268144 0.1285
    endloop
  endfacet
  facet normal 0.932912 -0.360104 0
    outer loop
      vertex 0.490191 0.263194 0.202999
      vertex 0.491156 0.265694 0.1285
      vertex 0.491156 0.265694 0.202999
    endloop
  endfacet
  facet normal 0.932912 -0.360104 0
    outer loop
      vertex 0.491156 0.265694 0.1285
      vertex 0.490191 0.263194 0.202999
      vertex 0.490191 0.263194 0.1285
    endloop
  endfacet
  facet normal 0.949501 -0.313764 0
    outer loop
      vertex 0.48935 0.260649 0.202999
      vertex 0.490191 0.263194 0.1285
      vertex 0.490191 0.263194 0.202999
    endloop
  endfacet
  facet normal 0.949501 -0.313764 0
    outer loop
      vertex 0.490191 0.263194 0.1285
      vertex 0.48935 0.260649 0.202999
      vertex 0.48935 0.260649 0.1285
    endloop
  endfacet
  facet normal 0.963854 -0.266431 0
    outer loop
      vertex 0.488636 0.258066 0.202999
      vertex 0.48935 0.260649 0.1285
      vertex 0.48935 0.260649 0.202999
    endloop
  endfacet
  facet normal 0.963854 -0.266431 0
    outer loop
      vertex 0.48935 0.260649 0.1285
      vertex 0.488636 0.258066 0.202999
      vertex 0.488636 0.258066 0.1285
    endloop
  endfacet
  facet normal 0.985283 -0.170932 0
    outer loop
      vertex 0.487591 0.252811 0.202999
      vertex 0.488049 0.255451 0.1285
      vertex 0.488049 0.255451 0.202999
    endloop
  endfacet
  facet normal 0.985283 -0.170932 0
    outer loop
      vertex 0.488049 0.255451 0.1285
      vertex 0.487591 0.252811 0.202999
      vertex 0.487591 0.252811 0.1285
    endloop
  endfacet
  facet normal 0.99727 -0.0738442 0
    outer loop
      vertex 0.487065 0.247478 0.202999
      vertex 0.487263 0.250152 0.1285
      vertex 0.487263 0.250152 0.202999
    endloop
  endfacet
  facet normal 0.99727 -0.0738442 0
    outer loop
      vertex 0.487263 0.250152 0.1285
      vertex 0.487065 0.247478 0.202999
      vertex 0.487065 0.247478 0.1285
    endloop
  endfacet
  facet normal 0.405238 -0.914211 0
    outer loop
      vertex 0.518255 0.294157 0.1285
      vertex 0.520705 0.295243 0.202999
      vertex 0.518255 0.294157 0.202999
    endloop
  endfacet
  facet normal 0.405238 -0.914211 0
    outer loop
      vertex 0.520705 0.295243 0.202999
      vertex 0.518255 0.294157 0.1285
      vertex 0.520705 0.295243 0.1285
    endloop
  endfacet
  facet normal 0.449452 -0.893304 0
    outer loop
      vertex 0.515862 0.292953 0.1285
      vertex 0.518255 0.294157 0.202999
      vertex 0.515862 0.292953 0.202999
    endloop
  endfacet
  facet normal 0.449452 -0.893304 0
    outer loop
      vertex 0.518255 0.294157 0.202999
      vertex 0.515862 0.292953 0.1285
      vertex 0.518255 0.294157 0.1285
    endloop
  endfacet
  facet normal 0.492881 -0.870097 0
    outer loop
      vertex 0.51353 0.291632 0.1285
      vertex 0.515862 0.292953 0.202999
      vertex 0.51353 0.291632 0.202999
    endloop
  endfacet
  facet normal 0.492881 -0.870097 0
    outer loop
      vertex 0.515862 0.292953 0.202999
      vertex 0.51353 0.291632 0.1285
      vertex 0.515862 0.292953 0.1285
    endloop
  endfacet
  facet normal 0.575614 -0.817722 0
    outer loop
      vertex 0.509074 0.288654 0.1285
      vertex 0.511266 0.290197 0.202999
      vertex 0.509074 0.288654 0.202999
    endloop
  endfacet
  facet normal 0.575614 -0.817722 0
    outer loop
      vertex 0.511266 0.290197 0.202999
      vertex 0.509074 0.288654 0.1285
      vertex 0.511266 0.290197 0.1285
    endloop
  endfacet
  facet normal 0.359654 -0.933086 0
    outer loop
      vertex 0.520705 0.295243 0.1285
      vertex 0.523206 0.296207 0.202999
      vertex 0.520705 0.295243 0.202999
    endloop
  endfacet
  facet normal 0.359654 -0.933086 0
    outer loop
      vertex 0.523206 0.296207 0.202999
      vertex 0.520705 0.295243 0.1285
      vertex 0.523206 0.296207 0.1285
    endloop
  endfacet
  facet normal 0.219024 -0.97572 0
    outer loop
      vertex 0.528333 0.297763 0.1285
      vertex 0.530948 0.29835 0.202999
      vertex 0.528333 0.297763 0.202999
    endloop
  endfacet
  facet normal 0.219024 -0.97572 0
    outer loop
      vertex 0.530948 0.29835 0.202999
      vertex 0.528333 0.297763 0.1285
      vertex 0.530948 0.29835 0.1285
    endloop
  endfacet
  facet normal 0.266431 -0.963854 0
    outer loop
      vertex 0.52575 0.297049 0.1285
      vertex 0.528333 0.297763 0.202999
      vertex 0.52575 0.297049 0.202999
    endloop
  endfacet
  facet normal 0.266431 -0.963854 0
    outer loop
      vertex 0.528333 0.297763 0.202999
      vertex 0.52575 0.297049 0.1285
      vertex 0.528333 0.297763 0.1285
    endloop
  endfacet
  facet normal 0.170932 -0.985283 0
    outer loop
      vertex 0.530948 0.29835 0.1285
      vertex 0.533588 0.298808 0.202999
      vertex 0.530948 0.29835 0.202999
    endloop
  endfacet
  facet normal 0.170932 -0.985283 0
    outer loop
      vertex 0.533588 0.298808 0.202999
      vertex 0.530948 0.29835 0.1285
      vertex 0.533588 0.298808 0.1285
    endloop
  endfacet
  facet normal 0.0242556 -0.999706 0
    outer loop
      vertex 0.53892 0.299334 0.1285
      vertex 0.541599 0.299399 0.202999
      vertex 0.53892 0.299334 0.202999
    endloop
  endfacet
  facet normal 0.0242556 -0.999706 0
    outer loop
      vertex 0.541599 0.299399 0.202999
      vertex 0.53892 0.299334 0.1285
      vertex 0.541599 0.299399 0.1285
    endloop
  endfacet
  facet normal -0.999697 0.0246286 0
    outer loop
      vertex 0.596134 0.242121 0.1285
      vertex 0.5962 0.2448 0.202999
      vertex 0.5962 0.2448 0.1285
    endloop
  endfacet
  facet normal -0.999697 0.0246286 0
    outer loop
      vertex 0.5962 0.2448 0.202999
      vertex 0.596134 0.242121 0.1285
      vertex 0.596134 0.242121 0.202999
    endloop
  endfacet
  facet normal -0.0246286 0.999697 0
    outer loop
      vertex 0.544278 0.190266 0.1285
      vertex 0.541599 0.1902 0.202999
      vertex 0.544278 0.190266 0.202999
    endloop
  endfacet
  facet normal -0.0246286 0.999697 0
    outer loop
      vertex 0.541599 0.1902 0.202999
      vertex 0.544278 0.190266 0.1285
      vertex 0.541599 0.1902 0.1285
    endloop
  endfacet
  facet normal -0.122381 0.992483 0
    outer loop
      vertex 0.549611 0.19079 0.1285
      vertex 0.546951 0.190462 0.202999
      vertex 0.549611 0.19079 0.202999
    endloop
  endfacet
  facet normal -0.122381 0.992483 0
    outer loop
      vertex 0.546951 0.190462 0.202999
      vertex 0.549611 0.19079 0.1285
      vertex 0.546951 0.190462 0.1285
    endloop
  endfacet
  facet normal -0.313428 0.949612 0
    outer loop
      vertex 0.559994 0.193391 0.1285
      vertex 0.557449 0.192551 0.202999
      vertex 0.559994 0.193391 0.202999
    endloop
  endfacet
  facet normal -0.313428 0.949612 0
    outer loop
      vertex 0.557449 0.192551 0.202999
      vertex 0.559994 0.193391 0.1285
      vertex 0.557449 0.192551 0.1285
    endloop
  endfacet
  facet normal -0.575965 0.817474 0
    outer loop
      vertex 0.574124 0.200944 0.1285
      vertex 0.571934 0.199401 0.202999
      vertex 0.574124 0.200944 0.202999
    endloop
  endfacet
  facet normal -0.575965 0.817474 0
    outer loop
      vertex 0.571934 0.199401 0.202999
      vertex 0.574124 0.200944 0.1285
      vertex 0.571934 0.199401 0.1285
    endloop
  endfacet
  facet normal -0.492881 0.870097 0
    outer loop
      vertex 0.56967 0.197968 0.1285
      vertex 0.567338 0.196647 0.202999
      vertex 0.56967 0.197968 0.202999
    endloop
  endfacet
  facet normal -0.492881 0.870097 0
    outer loop
      vertex 0.567338 0.196647 0.202999
      vertex 0.56967 0.197968 0.1285
      vertex 0.567338 0.196647 0.1285
    endloop
  endfacet
  facet normal -0.404926 0.914349 0
    outer loop
      vertex 0.564944 0.195441 0.1285
      vertex 0.562494 0.194356 0.202999
      vertex 0.564944 0.195441 0.202999
    endloop
  endfacet
  facet normal -0.404926 0.914349 0
    outer loop
      vertex 0.562494 0.194356 0.202999
      vertex 0.564944 0.195441 0.1285
      vertex 0.562494 0.194356 0.1285
    endloop
  endfacet
  facet normal -0.534821 0.844965 0
    outer loop
      vertex 0.571934 0.199401 0.1285
      vertex 0.56967 0.197968 0.202999
      vertex 0.571934 0.199401 0.202999
    endloop
  endfacet
  facet normal -0.534821 0.844965 0
    outer loop
      vertex 0.56967 0.197968 0.202999
      vertex 0.571934 0.199401 0.1285
      vertex 0.56967 0.197968 0.1285
    endloop
  endfacet
  facet normal -0.724608 0.689161 0
    outer loop
      vertex 0.580208 0.206191 0.1285
      vertex 0.582055 0.208133 0.202999
      vertex 0.582055 0.208133 0.1285
    endloop
  endfacet
  facet normal -0.724608 0.689161 0
    outer loop
      vertex 0.582055 0.208133 0.202999
      vertex 0.580208 0.206191 0.1285
      vertex 0.580208 0.206191 0.202999
    endloop
  endfacet
  facet normal -0.788488 0.61505 0
    outer loop
      vertex 0.583806 0.210161 0.1285
      vertex 0.585455 0.212275 0.202999
      vertex 0.585455 0.212275 0.1285
    endloop
  endfacet
  facet normal -0.788488 0.61505 0
    outer loop
      vertex 0.585455 0.212275 0.202999
      vertex 0.583806 0.210161 0.1285
      vertex 0.583806 0.210161 0.202999
    endloop
  endfacet
  facet normal -0.914349 0.404926 0
    outer loop
      vertex 0.590958 0.221455 0.1285
      vertex 0.592043 0.223905 0.202999
      vertex 0.592043 0.223905 0.1285
    endloop
  endfacet
  facet normal -0.914349 0.404926 0
    outer loop
      vertex 0.592043 0.223905 0.202999
      vertex 0.590958 0.221455 0.1285
      vertex 0.590958 0.221455 0.202999
    endloop
  endfacet
  facet normal -0.949612 0.313428 0
    outer loop
      vertex 0.593008 0.226405 0.1285
      vertex 0.593848 0.22895 0.202999
      vertex 0.593848 0.22895 0.1285
    endloop
  endfacet
  facet normal -0.949612 0.313428 0
    outer loop
      vertex 0.593848 0.22895 0.202999
      vertex 0.593008 0.226405 0.1285
      vertex 0.593008 0.226405 0.202999
    endloop
  endfacet
  facet normal -0.97572 0.219024 0
    outer loop
      vertex 0.594563 0.231533 0.1285
      vertex 0.59515 0.234148 0.202999
      vertex 0.59515 0.234148 0.1285
    endloop
  endfacet
  facet normal -0.97572 0.219024 0
    outer loop
      vertex 0.59515 0.234148 0.202999
      vertex 0.594563 0.231533 0.1285
      vertex 0.594563 0.231533 0.202999
    endloop
  endfacet
  facet normal -0.997295 0.0735006 0
    outer loop
      vertex 0.595937 0.239448 0.1285
      vertex 0.596134 0.242121 0.202999
      vertex 0.596134 0.242121 0.1285
    endloop
  endfacet
  facet normal -0.997295 0.0735006 0
    outer loop
      vertex 0.596134 0.242121 0.202999
      vertex 0.595937 0.239448 0.1285
      vertex 0.595937 0.239448 0.202999
    endloop
  endfacet
  facet normal 0.689534 0.724253 -0
    outer loop
      vertex 0.504932 0.204344 0.1285
      vertex 0.502992 0.206191 0.202999
      vertex 0.504932 0.204344 0.202999
    endloop
  endfacet
  facet normal 0.689534 0.724253 0
    outer loop
      vertex 0.502992 0.206191 0.202999
      vertex 0.504932 0.204344 0.1285
      vertex 0.502992 0.206191 0.1285
    endloop
  endfacet
  facet normal 0.615412 0.788205 -0
    outer loop
      vertex 0.509074 0.200944 0.1285
      vertex 0.506962 0.202593 0.202999
      vertex 0.509074 0.200944 0.202999
    endloop
  endfacet
  facet normal 0.615412 0.788205 0
    outer loop
      vertex 0.506962 0.202593 0.202999
      vertex 0.509074 0.200944 0.1285
      vertex 0.506962 0.202593 0.1285
    endloop
  endfacet
  facet normal 0.450047 0.893005 -0
    outer loop
      vertex 0.518255 0.195441 0.1285
      vertex 0.515862 0.196647 0.202999
      vertex 0.518255 0.195441 0.202999
    endloop
  endfacet
  facet normal 0.450047 0.893005 0
    outer loop
      vertex 0.515862 0.196647 0.202999
      vertex 0.518255 0.195441 0.1285
      vertex 0.515862 0.196647 0.1285
    endloop
  endfacet
  facet normal 0.534821 0.844965 -0
    outer loop
      vertex 0.51353 0.197968 0.1285
      vertex 0.511266 0.199401 0.202999
      vertex 0.51353 0.197968 0.202999
    endloop
  endfacet
  facet normal 0.534821 0.844965 0
    outer loop
      vertex 0.511266 0.199401 0.202999
      vertex 0.51353 0.197968 0.1285
      vertex 0.511266 0.199401 0.1285
    endloop
  endfacet
  facet normal 0.267124 0.963662 -0
    outer loop
      vertex 0.528333 0.191835 0.1285
      vertex 0.52575 0.192551 0.202999
      vertex 0.528333 0.191835 0.202999
    endloop
  endfacet
  facet normal 0.267124 0.963662 0
    outer loop
      vertex 0.52575 0.192551 0.202999
      vertex 0.528333 0.191835 0.1285
      vertex 0.52575 0.192551 0.1285
    endloop
  endfacet
  facet normal 0.171294 0.98522 -0
    outer loop
      vertex 0.533588 0.19079 0.1285
      vertex 0.530948 0.191249 0.202999
      vertex 0.533588 0.19079 0.202999
    endloop
  endfacet
  facet normal 0.171294 0.98522 0
    outer loop
      vertex 0.530948 0.191249 0.202999
      vertex 0.533588 0.19079 0.1285
      vertex 0.530948 0.191249 0.1285
    endloop
  endfacet
  facet normal 0.0731567 0.99732 -0
    outer loop
      vertex 0.53892 0.190266 0.1285
      vertex 0.536248 0.190462 0.202999
      vertex 0.53892 0.190266 0.202999
    endloop
  endfacet
  facet normal 0.0731567 0.99732 0
    outer loop
      vertex 0.536248 0.190462 0.202999
      vertex 0.53892 0.190266 0.1285
      vertex 0.536248 0.190462 0.1285
    endloop
  endfacet
  facet normal 0.817474 0.575965 0
    outer loop
      vertex 0.497745 0.212275 0.202999
      vertex 0.496202 0.214465 0.1285
      vertex 0.496202 0.214465 0.202999
    endloop
  endfacet
  facet normal 0.817474 0.575965 0
    outer loop
      vertex 0.496202 0.214465 0.1285
      vertex 0.497745 0.212275 0.202999
      vertex 0.497745 0.212275 0.1285
    endloop
  endfacet
  facet normal 0.757092 0.653309 0
    outer loop
      vertex 0.501143 0.208133 0.202999
      vertex 0.499393 0.210161 0.1285
      vertex 0.499393 0.210161 0.202999
    endloop
  endfacet
  facet normal 0.757092 0.653309 0
    outer loop
      vertex 0.499393 0.210161 0.1285
      vertex 0.501143 0.208133 0.202999
      vertex 0.501143 0.208133 0.1285
    endloop
  endfacet
  facet normal 0.870097 0.492881 0
    outer loop
      vertex 0.494767 0.216729 0.202999
      vertex 0.493446 0.219061 0.1285
      vertex 0.493446 0.219061 0.202999
    endloop
  endfacet
  facet normal 0.870097 0.492881 0
    outer loop
      vertex 0.493446 0.219061 0.1285
      vertex 0.494767 0.216729 0.202999
      vertex 0.494767 0.216729 0.1285
    endloop
  endfacet
  facet normal 0.97572 0.219024 0
    outer loop
      vertex 0.488636 0.231533 0.202999
      vertex 0.488049 0.234148 0.1285
      vertex 0.488049 0.234148 0.202999
    endloop
  endfacet
  facet normal 0.97572 0.219024 0
    outer loop
      vertex 0.488049 0.234148 0.1285
      vertex 0.488636 0.231533 0.202999
      vertex 0.488636 0.231533 0.1285
    endloop
  endfacet
  facet normal 0.949501 0.313764 0
    outer loop
      vertex 0.490191 0.226405 0.202999
      vertex 0.48935 0.22895 0.1285
      vertex 0.48935 0.22895 0.202999
    endloop
  endfacet
  facet normal 0.949501 0.313764 0
    outer loop
      vertex 0.48935 0.22895 0.1285
      vertex 0.490191 0.226405 0.202999
      vertex 0.490191 0.226405 0.1285
    endloop
  endfacet
  facet normal 0.992483 0.122381 0
    outer loop
      vertex 0.487591 0.236788 0.202999
      vertex 0.487263 0.239448 0.1285
      vertex 0.487263 0.239448 0.202999
    endloop
  endfacet
  facet normal 0.992483 0.122381 0
    outer loop
      vertex 0.487263 0.239448 0.1285
      vertex 0.487591 0.236788 0.202999
      vertex 0.487591 0.236788 0.1285
    endloop
  endfacet
  facet normal 0.999706 0.0242556 0
    outer loop
      vertex 0.487065 0.242121 0.202999
      vertex 0.487 0.2448 0.1285
      vertex 0.487 0.2448 0.202999
    endloop
  endfacet
  facet normal 0.999706 0.0242556 0
    outer loop
      vertex 0.487 0.2448 0.1285
      vertex 0.487065 0.242121 0.202999
      vertex 0.487065 0.242121 0.1285
    endloop
  endfacet
  facet normal 0.817598 -0.575789 0
    outer loop
      vertex 0.496202 0.275134 0.202999
      vertex 0.497745 0.277325 0.1285
      vertex 0.497745 0.277325 0.202999
    endloop
  endfacet
  facet normal 0.817598 -0.575789 0
    outer loop
      vertex 0.497745 0.277325 0.1285
      vertex 0.496202 0.275134 0.202999
      vertex 0.496202 0.275134 0.1285
    endloop
  endfacet
  facet normal 0.788386 -0.61518 0
    outer loop
      vertex 0.497745 0.277325 0.202999
      vertex 0.499393 0.279437 0.1285
      vertex 0.499393 0.279437 0.202999
    endloop
  endfacet
  facet normal 0.788386 -0.61518 0
    outer loop
      vertex 0.499393 0.279437 0.1285
      vertex 0.497745 0.277325 0.202999
      vertex 0.497745 0.277325 0.1285
    endloop
  endfacet
  facet normal 0.757251 -0.653124 0
    outer loop
      vertex 0.499393 0.279437 0.202999
      vertex 0.501143 0.281466 0.1285
      vertex 0.501143 0.281466 0.202999
    endloop
  endfacet
  facet normal 0.757251 -0.653124 0
    outer loop
      vertex 0.501143 0.281466 0.1285
      vertex 0.499393 0.279437 0.202999
      vertex 0.499393 0.279437 0.1285
    endloop
  endfacet
  facet normal -0.0731295 0.997322 0
    outer loop
      vertex 0.546951 0.190462 0.1285
      vertex 0.544278 0.190266 0.202999
      vertex 0.546951 0.190462 0.202999
    endloop
  endfacet
  facet normal -0.0731295 0.997322 0
    outer loop
      vertex 0.544278 0.190266 0.202999
      vertex 0.546951 0.190462 0.1285
      vertex 0.544278 0.190266 0.1285
    endloop
  endfacet
  facet normal -0.171231 0.985231 0
    outer loop
      vertex 0.552252 0.191249 0.1285
      vertex 0.549611 0.19079 0.202999
      vertex 0.552252 0.191249 0.202999
    endloop
  endfacet
  facet normal -0.171231 0.985231 0
    outer loop
      vertex 0.549611 0.19079 0.202999
      vertex 0.552252 0.191249 0.1285
      vertex 0.549611 0.19079 0.1285
    endloop
  endfacet
  facet normal -0.267124 0.963662 0
    outer loop
      vertex 0.557449 0.192551 0.1285
      vertex 0.554866 0.191835 0.202999
      vertex 0.557449 0.192551 0.202999
    endloop
  endfacet
  facet normal -0.267124 0.963662 0
    outer loop
      vertex 0.554866 0.191835 0.202999
      vertex 0.557449 0.192551 0.1285
      vertex 0.554866 0.191835 0.1285
    endloop
  endfacet
  facet normal -0.360104 0.932912 0
    outer loop
      vertex 0.562494 0.194356 0.1285
      vertex 0.559994 0.193391 0.202999
      vertex 0.562494 0.194356 0.202999
    endloop
  endfacet
  facet normal -0.360104 0.932912 0
    outer loop
      vertex 0.559994 0.193391 0.202999
      vertex 0.562494 0.194356 0.1285
      vertex 0.559994 0.193391 0.1285
    endloop
  endfacet
  facet normal -0.689348 0.724431 0
    outer loop
      vertex 0.580208 0.206191 0.1285
      vertex 0.578267 0.204344 0.202999
      vertex 0.580208 0.206191 0.202999
    endloop
  endfacet
  facet normal -0.689348 0.724431 0
    outer loop
      vertex 0.578267 0.204344 0.202999
      vertex 0.580208 0.206191 0.1285
      vertex 0.578267 0.204344 0.1285
    endloop
  endfacet
  facet normal -0.61505 0.788488 0
    outer loop
      vertex 0.576238 0.202593 0.1285
      vertex 0.574124 0.200944 0.202999
      vertex 0.576238 0.202593 0.202999
    endloop
  endfacet
  facet normal -0.61505 0.788488 0
    outer loop
      vertex 0.574124 0.200944 0.202999
      vertex 0.576238 0.202593 0.1285
      vertex 0.574124 0.200944 0.1285
    endloop
  endfacet
  facet normal -0.449898 0.89308 0
    outer loop
      vertex 0.567338 0.196647 0.1285
      vertex 0.564944 0.195441 0.202999
      vertex 0.567338 0.196647 0.202999
    endloop
  endfacet
  facet normal -0.449898 0.89308 0
    outer loop
      vertex 0.564944 0.195441 0.202999
      vertex 0.567338 0.196647 0.1285
      vertex 0.564944 0.195441 0.1285
    endloop
  endfacet
  facet normal -0.817474 0.575965 0
    outer loop
      vertex 0.585455 0.212275 0.1285
      vertex 0.586998 0.214465 0.202999
      vertex 0.586998 0.214465 0.1285
    endloop
  endfacet
  facet normal -0.817474 0.575965 0
    outer loop
      vertex 0.586998 0.214465 0.202999
      vertex 0.585455 0.212275 0.1285
      vertex 0.585455 0.212275 0.202999
    endloop
  endfacet
  facet normal -0.870097 0.492881 0
    outer loop
      vertex 0.588431 0.216729 0.1285
      vertex 0.589752 0.219061 0.202999
      vertex 0.589752 0.219061 0.1285
    endloop
  endfacet
  facet normal -0.870097 0.492881 0
    outer loop
      vertex 0.589752 0.219061 0.202999
      vertex 0.588431 0.216729 0.1285
      vertex 0.588431 0.216729 0.202999
    endloop
  endfacet
  facet normal -0.932912 0.360104 0
    outer loop
      vertex 0.592043 0.223905 0.1285
      vertex 0.593008 0.226405 0.202999
      vertex 0.593008 0.226405 0.1285
    endloop
  endfacet
  facet normal -0.932912 0.360104 0
    outer loop
      vertex 0.593008 0.226405 0.202999
      vertex 0.592043 0.223905 0.1285
      vertex 0.592043 0.223905 0.202999
    endloop
  endfacet
  facet normal -0.963758 0.266778 0
    outer loop
      vertex 0.593848 0.22895 0.1285
      vertex 0.594563 0.231533 0.202999
      vertex 0.594563 0.231533 0.1285
    endloop
  endfacet
  facet normal -0.963758 0.266778 0
    outer loop
      vertex 0.594563 0.231533 0.202999
      vertex 0.593848 0.22895 0.1285
      vertex 0.593848 0.22895 0.202999
    endloop
  endfacet
  facet normal 0.653154 0.757225 -0
    outer loop
      vertex 0.506962 0.202593 0.1285
      vertex 0.504932 0.204344 0.202999
      vertex 0.506962 0.202593 0.202999
    endloop
  endfacet
  facet normal 0.653154 0.757225 0
    outer loop
      vertex 0.504932 0.204344 0.202999
      vertex 0.506962 0.202593 0.1285
      vertex 0.504932 0.204344 0.1285
    endloop
  endfacet
  facet normal 0.575614 0.817722 -0
    outer loop
      vertex 0.511266 0.199401 0.1285
      vertex 0.509074 0.200944 0.202999
      vertex 0.511266 0.199401 0.202999
    endloop
  endfacet
  facet normal 0.575614 0.817722 0
    outer loop
      vertex 0.509074 0.200944 0.202999
      vertex 0.511266 0.199401 0.1285
      vertex 0.509074 0.200944 0.1285
    endloop
  endfacet
  facet normal 0.404926 0.914349 -0
    outer loop
      vertex 0.520705 0.194356 0.1285
      vertex 0.518255 0.195441 0.202999
      vertex 0.520705 0.194356 0.202999
    endloop
  endfacet
  facet normal 0.404926 0.914349 0
    outer loop
      vertex 0.518255 0.195441 0.202999
      vertex 0.520705 0.194356 0.1285
      vertex 0.518255 0.195441 0.1285
    endloop
  endfacet
  facet normal 0.492881 0.870097 -0
    outer loop
      vertex 0.515862 0.196647 0.1285
      vertex 0.51353 0.197968 0.202999
      vertex 0.515862 0.196647 0.202999
    endloop
  endfacet
  facet normal 0.492881 0.870097 0
    outer loop
      vertex 0.51353 0.197968 0.202999
      vertex 0.515862 0.196647 0.1285
      vertex 0.51353 0.197968 0.1285
    endloop
  endfacet
  facet normal 0.313539 0.949575 -0
    outer loop
      vertex 0.52575 0.192551 0.1285
      vertex 0.523206 0.193391 0.202999
      vertex 0.52575 0.192551 0.202999
    endloop
  endfacet
  facet normal 0.313539 0.949575 0
    outer loop
      vertex 0.523206 0.193391 0.202999
      vertex 0.52575 0.192551 0.1285
      vertex 0.523206 0.193391 0.1285
    endloop
  endfacet
  facet normal 0.218669 0.975799 -0
    outer loop
      vertex 0.530948 0.191249 0.1285
      vertex 0.528333 0.191835 0.202999
      vertex 0.530948 0.191249 0.202999
    endloop
  endfacet
  facet normal 0.218669 0.975799 0
    outer loop
      vertex 0.528333 0.191835 0.202999
      vertex 0.530948 0.191249 0.1285
      vertex 0.528333 0.191835 0.1285
    endloop
  endfacet
  facet normal 0.122381 0.992483 -0
    outer loop
      vertex 0.536248 0.190462 0.1285
      vertex 0.533588 0.19079 0.202999
      vertex 0.536248 0.190462 0.202999
    endloop
  endfacet
  facet normal 0.122381 0.992483 0
    outer loop
      vertex 0.533588 0.19079 0.202999
      vertex 0.536248 0.190462 0.1285
      vertex 0.533588 0.19079 0.1285
    endloop
  endfacet
  facet normal 0.0246286 0.999697 -0
    outer loop
      vertex 0.541599 0.1902 0.1285
      vertex 0.53892 0.190266 0.202999
      vertex 0.541599 0.1902 0.202999
    endloop
  endfacet
  facet normal 0.0246286 0.999697 0
    outer loop
      vertex 0.53892 0.190266 0.202999
      vertex 0.541599 0.1902 0.1285
      vertex 0.53892 0.190266 0.1285
    endloop
  endfacet
  facet normal 0.788669 0.614818 0
    outer loop
      vertex 0.499393 0.210161 0.202999
      vertex 0.497745 0.212275 0.1285
      vertex 0.497745 0.212275 0.202999
    endloop
  endfacet
  facet normal 0.788669 0.614818 0
    outer loop
      vertex 0.497745 0.212275 0.1285
      vertex 0.499393 0.210161 0.202999
      vertex 0.499393 0.210161 0.1285
    endloop
  endfacet
  facet normal 0.724235 0.689553 0
    outer loop
      vertex 0.502992 0.206191 0.202999
      vertex 0.501143 0.208133 0.1285
      vertex 0.501143 0.208133 0.202999
    endloop
  endfacet
  facet normal 0.724235 0.689553 0
    outer loop
      vertex 0.501143 0.208133 0.1285
      vertex 0.502992 0.206191 0.202999
      vertex 0.502992 0.206191 0.1285
    endloop
  endfacet
  facet normal 0.89338 0.449302 0
    outer loop
      vertex 0.493446 0.219061 0.202999
      vertex 0.492242 0.221455 0.1285
      vertex 0.492242 0.221455 0.202999
    endloop
  endfacet
  facet normal 0.89338 0.449302 0
    outer loop
      vertex 0.492242 0.221455 0.1285
      vertex 0.493446 0.219061 0.202999
      vertex 0.493446 0.219061 0.1285
    endloop
  endfacet
  facet normal 0.963854 0.266431 0
    outer loop
      vertex 0.48935 0.22895 0.202999
      vertex 0.488636 0.231533 0.1285
      vertex 0.488636 0.231533 0.202999
    endloop
  endfacet
  facet normal 0.963854 0.266431 0
    outer loop
      vertex 0.488636 0.231533 0.1285
      vertex 0.48935 0.22895 0.202999
      vertex 0.48935 0.22895 0.1285
    endloop
  endfacet
  facet normal 0.932912 0.360104 0
    outer loop
      vertex 0.491156 0.223905 0.202999
      vertex 0.490191 0.226405 0.1285
      vertex 0.490191 0.226405 0.202999
    endloop
  endfacet
  facet normal 0.932912 0.360104 0
    outer loop
      vertex 0.490191 0.226405 0.1285
      vertex 0.491156 0.223905 0.202999
      vertex 0.491156 0.223905 0.1285
    endloop
  endfacet
  facet normal 0.985283 0.170932 0
    outer loop
      vertex 0.488049 0.234148 0.202999
      vertex 0.487591 0.236788 0.1285
      vertex 0.487591 0.236788 0.202999
    endloop
  endfacet
  facet normal 0.985283 0.170932 0
    outer loop
      vertex 0.487591 0.236788 0.1285
      vertex 0.488049 0.234148 0.202999
      vertex 0.488049 0.234148 0.1285
    endloop
  endfacet
  facet normal 0.997268 0.0738717 0
    outer loop
      vertex 0.487263 0.239448 0.202999
      vertex 0.487065 0.242121 0.1285
      vertex 0.487065 0.242121 0.202999
    endloop
  endfacet
  facet normal 0.997268 0.0738717 0
    outer loop
      vertex 0.487065 0.242121 0.1285
      vertex 0.487263 0.239448 0.202999
      vertex 0.487263 0.239448 0.1285
    endloop
  endfacet
  facet normal -0.756907 0.653523 0
    outer loop
      vertex 0.582055 0.208133 0.1285
      vertex 0.583806 0.210161 0.202999
      vertex 0.583806 0.210161 0.1285
    endloop
  endfacet
  facet normal -0.756907 0.653523 0
    outer loop
      vertex 0.583806 0.210161 0.202999
      vertex 0.582055 0.208133 0.1285
      vertex 0.582055 0.208133 0.202999
    endloop
  endfacet
  facet normal -0.89308 0.449898 0
    outer loop
      vertex 0.589752 0.219061 0.1285
      vertex 0.590958 0.221455 0.202999
      vertex 0.590958 0.221455 0.1285
    endloop
  endfacet
  facet normal -0.89308 0.449898 0
    outer loop
      vertex 0.590958 0.221455 0.202999
      vertex 0.589752 0.219061 0.1285
      vertex 0.589752 0.219061 0.202999
    endloop
  endfacet
endsolid OpenSCAD_Model
