solid OpenSCAD_Model
  facet normal 0.195402 -0.980723 0
    outer loop
      vertex 51.9742 -49.3365 -7
      vertex 52.7135 -49.1892 7
      vertex 51.9742 -49.3365 7
    endloop
  endfacet
  facet normal 0.195402 -0.980723 0
    outer loop
      vertex 52.7135 -49.1892 7
      vertex 51.9742 -49.3365 -7
      vertex 52.7135 -49.1892 -7
    endloop
  endfacet
  facet normal -0.872311 0.488951 0
    outer loop
      vertex -60.6471 28.0353 -7
      vertex -60.2785 28.6929 7
      vertex -60.2785 28.6929 -7
    endloop
  endfacet
  facet normal -0.872311 0.488951 0
    outer loop
      vertex -60.2785 28.6929 7
      vertex -60.6471 28.0353 -7
      vertex -60.6471 28.0353 7
    endloop
  endfacet
  facet normal -0.179352 0.983785 0
    outer loop
      vertex -51.7801 34.3672 -7
      vertex -52.5217 34.232 7
      vertex -51.7801 34.3672 7
    endloop
  endfacet
  facet normal -0.179352 0.983785 0
    outer loop
      vertex -52.5217 34.232 7
      vertex -51.7801 34.3672 -7
      vertex -52.5217 34.232 -7
    endloop
  endfacet
  facet normal 0.13345 -0.991056 0
    outer loop
      vertex 51.2271 -49.4371 -7
      vertex 51.9742 -49.3365 7
      vertex 51.2271 -49.4371 7
    endloop
  endfacet
  facet normal 0.13345 -0.991056 0
    outer loop
      vertex 51.9742 -49.3365 7
      vertex 51.2271 -49.4371 -7
      vertex 51.9742 -49.3365 -7
    endloop
  endfacet
  facet normal -0.0546545 -0.998505 0
    outer loop
      vertex 48.9686 -49.4556 -7
      vertex 49.7213 -49.4968 7
      vertex 48.9686 -49.4556 7
    endloop
  endfacet
  facet normal -0.0546545 -0.998505 -0
    outer loop
      vertex 49.7213 -49.4968 7
      vertex 48.9686 -49.4556 -7
      vertex 49.7213 -49.4968 -7
    endloop
  endfacet
  facet normal -0.14834 -0.988936 0
    outer loop
      vertex -51.7801 -34.3672 -7
      vertex 48.2199 -49.3672 7
      vertex -51.7801 -34.3672 7
    endloop
  endfacet
  facet normal -0.14834 -0.988936 -0
    outer loop
      vertex 48.2199 -49.3672 7
      vertex -51.7801 -34.3672 -7
      vertex 48.2199 -49.3672 -7
    endloop
  endfacet
  facet normal -0.999506 -0.0314377 0
    outer loop
      vertex -61.9763 -23.2535 -7
      vertex -62 -22.5 7
      vertex -62 -22.5 -7
    endloop
  endfacet
  facet normal -0.999506 -0.0314377 0
    outer loop
      vertex -62 -22.5 7
      vertex -61.9763 -23.2535 -7
      vertex -61.9763 -23.2535 7
    endloop
  endfacet
  facet normal 0.999075 -0.0430085 0
    outer loop
      vertex 61.9556 -38.5314 7
      vertex 62 -37.5 -7
      vertex 62 -37.5 7
    endloop
  endfacet
  facet normal 0.999075 -0.0430085 0
    outer loop
      vertex 62 -37.5 -7
      vertex 61.9556 -38.5314 7
      vertex 61.9556 -38.5314 -7
    endloop
  endfacet
  facet normal 0.594361 -0.804198 0
    outer loop
      vertex 56.826 -47.3694 -7
      vertex 57.4323 -46.9213 7
      vertex 56.826 -47.3694 7
    endloop
  endfacet
  facet normal 0.594361 -0.804198 0
    outer loop
      vertex 57.4323 -46.9213 7
      vertex 56.826 -47.3694 -7
      vertex 57.4323 -46.9213 -7
    endloop
  endfacet
  facet normal -0.338781 -0.940865 0
    outer loop
      vertex -54.4175 -33.6573 -7
      vertex -53.7082 -33.9127 7
      vertex -54.4175 -33.6573 7
    endloop
  endfacet
  facet normal -0.338781 -0.940865 -0
    outer loop
      vertex -53.7082 -33.9127 7
      vertex -54.4175 -33.6573 -7
      vertex -53.7082 -33.9127 -7
    endloop
  endfacet
  facet normal 0.983785 -0.179352 0
    outer loop
      vertex 61.732 -40.0217 7
      vertex 61.8672 -39.2801 -7
      vertex 61.8672 -39.2801 7
    endloop
  endfacet
  facet normal 0.983785 -0.179352 0
    outer loop
      vertex 61.8672 -39.2801 -7
      vertex 61.732 -40.0217 7
      vertex 61.732 -40.0217 -7
    endloop
  endfacet
  facet normal 0.218082 0.97593 -0
    outer loop
      vertex 52.9843 49.123 -7
      vertex 52.2486 49.2874 7
      vertex 52.9843 49.123 7
    endloop
  endfacet
  facet normal 0.218082 0.97593 0
    outer loop
      vertex 52.2486 49.2874 7
      vertex 52.9843 49.123 -7
      vertex 52.2486 49.2874 -7
    endloop
  endfacet
  facet normal -0.14834 0.988936 0
    outer loop
      vertex 48.2199 49.3672 -7
      vertex -51.7801 34.3672 7
      vertex 48.2199 49.3672 7
    endloop
  endfacet
  facet normal -0.14834 0.988936 0
    outer loop
      vertex -51.7801 34.3672 7
      vertex 48.2199 49.3672 -7
      vertex -51.7801 34.3672 -7
    endloop
  endfacet
  facet normal 0.0709643 -0.997479 0
    outer loop
      vertex 50.4751 -49.4906 -7
      vertex 51.2271 -49.4371 7
      vertex 50.4751 -49.4906 7
    endloop
  endfacet
  facet normal 0.0709643 -0.997479 0
    outer loop
      vertex 51.2271 -49.4371 7
      vertex 50.4751 -49.4906 -7
      vertex 51.2271 -49.4371 -7
    endloop
  endfacet
  facet normal 0.993102 -0.117257 0
    outer loop
      vertex 61.8672 -39.2801 7
      vertex 61.9556 -38.5314 -7
      vertex 61.9556 -38.5314 7
    endloop
  endfacet
  facet normal 0.993102 -0.117257 0
    outer loop
      vertex 61.9556 -38.5314 -7
      vertex 61.8672 -39.2801 7
      vertex 61.8672 -39.2801 -7
    endloop
  endfacet
  facet normal 0.790201 0.612847 0
    outer loop
      vertex 59.7082 44.5534 7
      vertex 59.2462 45.1491 -7
      vertex 59.2462 45.1491 7
    endloop
  endfacet
  facet normal 0.790201 0.612847 0
    outer loop
      vertex 59.2462 45.1491 -7
      vertex 59.7082 44.5534 7
      vertex 59.7082 44.5534 -7
    endloop
  endfacet
  facet normal 0.338781 0.940865 -0
    outer loop
      vertex 54.4175 48.6573 -7
      vertex 53.7082 48.9127 7
      vertex 54.4175 48.6573 7
    endloop
  endfacet
  facet normal 0.338781 0.940865 0
    outer loop
      vertex 53.7082 48.9127 7
      vertex 54.4175 48.6573 -7
      vertex 53.7082 48.9127 -7
    endloop
  endfacet
  facet normal -0.997479 0.0709643 0
    outer loop
      vertex -61.9906 22.9751 -7
      vertex -61.9371 23.7271 7
      vertex -61.9371 23.7271 -7
    endloop
  endfacet
  facet normal -0.997479 0.0709643 0
    outer loop
      vertex -61.9371 23.7271 7
      vertex -61.9906 22.9751 -7
      vertex -61.9906 22.9751 7
    endloop
  endfacet
  facet normal 0.734544 -0.678561 0
    outer loop
      vertex 58.5545 -45.9155 7
      vertex 59.066 -45.3618 -7
      vertex 59.066 -45.3618 7
    endloop
  endfacet
  facet normal 0.734544 -0.678561 0
    outer loop
      vertex 59.066 -45.3618 -7
      vertex 58.5545 -45.9155 7
      vertex 58.5545 -45.9155 -7
    endloop
  endfacet
  facet normal 0.999506 0.0314377 0
    outer loop
      vertex 62 37.5 7
      vertex 61.9763 38.2535 -7
      vertex 61.9763 38.2535 7
    endloop
  endfacet
  facet normal 0.999506 0.0314377 0
    outer loop
      vertex 61.9763 38.2535 -7
      vertex 62 37.5 7
      vertex 62 37.5 -7
    endloop
  endfacet
  facet normal -0.999804 0.0197814 0
    outer loop
      vertex -62 22.5 -7
      vertex -61.9906 22.9751 7
      vertex -61.9906 22.9751 -7
    endloop
  endfacet
  facet normal -0.999804 0.0197814 0
    outer loop
      vertex -61.9906 22.9751 7
      vertex -62 22.5 -7
      vertex -62 22.5 7
    endloop
  endfacet
  facet normal -0.960298 -0.278976 0
    outer loop
      vertex -61.4127 -26.2082 -7
      vertex -61.623 -25.4843 7
      vertex -61.623 -25.4843 -7
    endloop
  endfacet
  facet normal -0.960298 -0.278976 0
    outer loop
      vertex -61.623 -25.4843 7
      vertex -61.4127 -26.2082 -7
      vertex -61.4127 -26.2082 7
    endloop
  endfacet
  facet normal 0.97593 0.218082 0
    outer loop
      vertex 61.7874 39.7486 7
      vertex 61.623 40.4843 -7
      vertex 61.623 40.4843 7
    endloop
  endfacet
  facet normal 0.97593 0.218082 0
    outer loop
      vertex 61.623 40.4843 -7
      vertex 61.7874 39.7486 7
      vertex 61.7874 39.7486 -7
    endloop
  endfacet
  facet normal 0.256647 -0.966505 0
    outer loop
      vertex 52.7135 -49.1892 -7
      vertex 53.4422 -48.9957 7
      vertex 52.7135 -49.1892 7
    endloop
  endfacet
  facet normal 0.256647 -0.966505 0
    outer loop
      vertex 53.4422 -48.9957 7
      vertex 52.7135 -49.1892 -7
      vertex 53.4422 -48.9957 -7
    endloop
  endfacet
  facet normal -0.723365 0.690466 0
    outer loop
      vertex -58.936 30.5092 -7
      vertex -58.4155 31.0545 7
      vertex -58.4155 31.0545 -7
    endloop
  endfacet
  facet normal -0.723365 0.690466 0
    outer loop
      vertex -58.4155 31.0545 7
      vertex -58.936 30.5092 -7
      vertex -58.936 30.5092 7
    endloop
  endfacet
  facet normal 0.375687 -0.926747 0
    outer loop
      vertex 54.1572 -48.7569 -7
      vertex 54.8558 -48.4737 7
      vertex 54.1572 -48.7569 7
    endloop
  endfacet
  facet normal 0.375687 -0.926747 0
    outer loop
      vertex 54.8558 -48.4737 7
      vertex 54.1572 -48.7569 -7
      vertex 54.8558 -48.4737 -7
    endloop
  endfacet
  facet normal -0.860683 -0.50914 0
    outer loop
      vertex -60.1319 -28.9299 -7
      vertex -60.5157 -28.2811 7
      vertex -60.5157 -28.2811 -7
    endloop
  endfacet
  facet normal -0.860683 -0.50914 0
    outer loop
      vertex -60.5157 -28.2811 7
      vertex -60.1319 -28.9299 -7
      vertex -60.1319 -28.9299 7
    endloop
  endfacet
  facet normal -0.612847 -0.790201 0
    outer loop
      vertex -57.6491 -31.7462 -7
      vertex -57.0534 -32.2082 7
      vertex -57.6491 -31.7462 7
    endloop
  endfacet
  facet normal -0.612847 -0.790201 -0
    outer loop
      vertex -57.0534 -32.2082 7
      vertex -57.6491 -31.7462 -7
      vertex -57.0534 -32.2082 -7
    endloop
  endfacet
  facet normal 1 -0 0
    outer loop
      vertex 62 -37.5 7
      vertex 62 37.5 -7
      vertex 62 37.5 7
    endloop
  endfacet
  facet normal 1 0 0
    outer loop
      vertex 62 37.5 -7
      vertex 62 -37.5 7
      vertex 62 -37.5 -7
    endloop
  endfacet
  facet normal 0.89106 0.453886 0
    outer loop
      vertex 60.8579 42.6093 7
      vertex 60.5157 43.2811 -7
      vertex 60.5157 43.2811 7
    endloop
  endfacet
  facet normal 0.89106 0.453886 0
    outer loop
      vertex 60.5157 43.2811 -7
      vertex 60.8579 42.6093 7
      vertex 60.8579 42.6093 -7
    endloop
  endfacet
  facet normal 0.397183 0.917739 -0
    outer loop
      vertex 55.1093 48.3579 -7
      vertex 54.4175 48.6573 7
      vertex 55.1093 48.3579 7
    endloop
  endfacet
  facet normal 0.397183 0.917739 0
    outer loop
      vertex 54.4175 48.6573 7
      vertex 55.1093 48.3579 -7
      vertex 54.4175 48.6573 -7
    endloop
  endfacet
  facet normal 0.00822472 -0.999966 0
    outer loop
      vertex 49.7213 -49.4968 -7
      vertex 50.4751 -49.4906 7
      vertex 49.7213 -49.4968 7
    endloop
  endfacet
  facet normal 0.00822472 -0.999966 0
    outer loop
      vertex 50.4751 -49.4906 7
      vertex 49.7213 -49.4968 -7
      vertex 50.4751 -49.4906 -7
    endloop
  endfacet
  facet normal -0.528878 0.848698 0
    outer loop
      vertex -56.0237 32.8786 -7
      vertex -56.6635 32.4799 7
      vertex -56.0237 32.8786 7
    endloop
  endfacet
  facet normal -0.528878 0.848698 0
    outer loop
      vertex -56.6635 32.4799 7
      vertex -56.0237 32.8786 -7
      vertex -56.6635 32.4799 -7
    endloop
  endfacet
  facet normal 0.987675 0.156521 0
    outer loop
      vertex 61.9054 39.004 7
      vertex 61.7874 39.7486 -7
      vertex 61.7874 39.7486 7
    endloop
  endfacet
  facet normal 0.987675 0.156521 0
    outer loop
      vertex 61.7874 39.7486 -7
      vertex 61.9054 39.004 7
      vertex 61.9054 39.004 -7
    endloop
  endfacet
  facet normal 0.278976 0.960298 -0
    outer loop
      vertex 53.7082 48.9127 -7
      vertex 52.9843 49.123 7
      vertex 53.7082 48.9127 7
    endloop
  endfacet
  facet normal 0.278976 0.960298 0
    outer loop
      vertex 52.9843 49.123 7
      vertex 53.7082 48.9127 -7
      vertex 52.9843 49.123 -7
    endloop
  endfacet
  facet normal 0.542734 -0.839905 0
    outer loop
      vertex 56.1929 -47.7785 -7
      vertex 56.826 -47.3694 7
      vertex 56.1929 -47.7785 7
    endloop
  endfacet
  facet normal 0.542734 -0.839905 0
    outer loop
      vertex 56.826 -47.3694 7
      vertex 56.1929 -47.7785 -7
      vertex 56.826 -47.3694 -7
    endloop
  endfacet
  facet normal 0.970617 -0.240631 0
    outer loop
      vertex 61.5506 -40.7534 7
      vertex 61.732 -40.0217 -7
      vertex 61.732 -40.0217 7
    endloop
  endfacet
  facet normal 0.970617 -0.240631 0
    outer loop
      vertex 61.732 -40.0217 -7
      vertex 61.5506 -40.7534 7
      vertex 61.5506 -40.7534 -7
    endloop
  endfacet
  facet normal -0.50914 -0.860683 0
    outer loop
      vertex -56.4299 -32.6319 -7
      vertex -55.7811 -33.0157 7
      vertex -56.4299 -32.6319 7
    endloop
  endfacet
  facet normal -0.50914 -0.860683 -0
    outer loop
      vertex -55.7811 -33.0157 7
      vertex -56.4299 -32.6319 -7
      vertex -55.7811 -33.0157 -7
    endloop
  endfacet
  facet normal -0.278976 -0.960298 0
    outer loop
      vertex -53.7082 -33.9127 -7
      vertex -52.9843 -34.123 7
      vertex -53.7082 -33.9127 7
    endloop
  endfacet
  facet normal -0.278976 -0.960298 -0
    outer loop
      vertex -52.9843 -34.123 7
      vertex -53.7082 -33.9127 -7
      vertex -52.9843 -34.123 -7
    endloop
  endfacet
  facet normal -0.562056 -0.827099 0
    outer loop
      vertex -57.0534 -32.2082 -7
      vertex -56.4299 -32.6319 7
      vertex -57.0534 -32.2082 7
    endloop
  endfacet
  facet normal -0.562056 -0.827099 -0
    outer loop
      vertex -56.4299 -32.6319 7
      vertex -57.0534 -32.2082 -7
      vertex -56.4299 -32.6319 -7
    endloop
  endfacet
  facet normal 0.860683 0.50914 0
    outer loop
      vertex 60.5157 43.2811 7
      vertex 60.1319 43.9299 -7
      vertex 60.1319 43.9299 7
    endloop
  endfacet
  facet normal 0.860683 0.50914 0
    outer loop
      vertex 60.1319 43.9299 -7
      vertex 60.5157 43.2811 7
      vertex 60.5157 43.2811 -7
    endloop
  endfacet
  facet normal 0.813805 -0.581138 0
    outer loop
      vertex 59.5418 -44.777 7
      vertex 59.9799 -44.1635 -7
      vertex 59.9799 -44.1635 7
    endloop
  endfacet
  facet normal 0.813805 -0.581138 0
    outer loop
      vertex 59.9799 -44.1635 -7
      vertex 59.5418 -44.777 7
      vertex 59.5418 -44.777 -7
    endloop
  endfacet
  facet normal -0.966505 0.256647 0
    outer loop
      vertex -61.6892 25.2135 -7
      vertex -61.4957 25.9422 7
      vertex -61.4957 25.9422 -7
    endloop
  endfacet
  facet normal -0.966505 0.256647 0
    outer loop
      vertex -61.4957 25.9422 7
      vertex -61.6892 25.2135 -7
      vertex -61.6892 25.2135 7
    endloop
  endfacet
  facet normal -0.117257 -0.993102 0
    outer loop
      vertex 48.2199 -49.3672 -7
      vertex 48.9686 -49.4556 7
      vertex 48.2199 -49.3672 7
    endloop
  endfacet
  facet normal -0.117257 -0.993102 -0
    outer loop
      vertex 48.9686 -49.4556 7
      vertex 48.2199 -49.3672 -7
      vertex 48.9686 -49.4556 -7
    endloop
  endfacet
  facet normal -0.105678 0.9944 0
    outer loop
      vertex 49.2465 49.4763 -7
      vertex 48.2199 49.3672 7
      vertex 49.2465 49.4763 7
    endloop
  endfacet
  facet normal -0.105678 0.9944 0
    outer loop
      vertex 48.2199 49.3672 7
      vertex 49.2465 49.4763 -7
      vertex 48.2199 49.3672 -7
    endloop
  endfacet
  facet normal -0.790201 -0.612847 0
    outer loop
      vertex -59.2462 -30.1491 -7
      vertex -59.7082 -29.5534 7
      vertex -59.7082 -29.5534 -7
    endloop
  endfacet
  facet normal -0.790201 -0.612847 0
    outer loop
      vertex -59.7082 -29.5534 7
      vertex -59.2462 -30.1491 -7
      vertex -59.2462 -30.1491 7
    endloop
  endfacet
  facet normal 0.932732 -0.36057 0
    outer loop
      vertex 61.0517 -42.1754 7
      vertex 61.3235 -41.4723 -7
      vertex 61.3235 -41.4723 7
    endloop
  endfacet
  facet normal 0.932732 -0.36057 0
    outer loop
      vertex 61.3235 -41.4723 -7
      vertex 61.0517 -42.1754 7
      vertex 61.0517 -42.1754 -7
    endloop
  endfacet
  facet normal 0.612847 0.790201 -0
    outer loop
      vertex 57.6491 46.7462 -7
      vertex 57.0534 47.2082 7
      vertex 57.6491 46.7462 7
    endloop
  endfacet
  facet normal 0.612847 0.790201 0
    outer loop
      vertex 57.0534 47.2082 7
      vertex 57.6491 46.7462 -7
      vertex 57.0534 47.2082 -7
    endloop
  endfacet
  facet normal -0.397183 -0.917739 0
    outer loop
      vertex -55.1093 -33.3579 -7
      vertex -54.4175 -33.6573 7
      vertex -55.1093 -33.3579 7
    endloop
  endfacet
  facet normal -0.397183 -0.917739 -0
    outer loop
      vertex -54.4175 -33.6573 7
      vertex -55.1093 -33.3579 -7
      vertex -54.4175 -33.6573 -7
    endloop
  endfacet
  facet normal -1 0 0
    outer loop
      vertex -62 -22.5 -7
      vertex -62 22.5 7
      vertex -62 22.5 -7
    endloop
  endfacet
  facet normal -1 -0 0
    outer loop
      vertex -62 22.5 7
      vertex -62 -22.5 -7
      vertex -62 -22.5 7
    endloop
  endfacet
  facet normal -0.36057 0.932732 0
    outer loop
      vertex -53.9723 33.8235 -7
      vertex -54.6754 33.5517 7
      vertex -53.9723 33.8235 7
    endloop
  endfacet
  facet normal -0.36057 0.932732 0
    outer loop
      vertex -54.6754 33.5517 7
      vertex -53.9723 33.8235 -7
      vertex -54.6754 33.5517 -7
    endloop
  endfacet
  facet normal 0.453886 0.89106 -0
    outer loop
      vertex 55.7811 48.0157 -7
      vertex 55.1093 48.3579 7
      vertex 55.7811 48.0157 7
    endloop
  endfacet
  facet normal 0.453886 0.89106 0
    outer loop
      vertex 55.1093 48.3579 7
      vertex 55.7811 48.0157 -7
      vertex 55.1093 48.3579 -7
    endloop
  endfacet
  facet normal -0.453886 -0.89106 0
    outer loop
      vertex -55.7811 -33.0157 -7
      vertex -55.1093 -33.3579 7
      vertex -55.7811 -33.0157 7
    endloop
  endfacet
  facet normal -0.453886 -0.89106 -0
    outer loop
      vertex -55.1093 -33.3579 7
      vertex -55.7811 -33.0157 -7
      vertex -55.1093 -33.3579 -7
    endloop
  endfacet
  facet normal -0.97593 -0.218082 0
    outer loop
      vertex -61.623 -25.4843 -7
      vertex -61.7874 -24.7486 7
      vertex -61.7874 -24.7486 -7
    endloop
  endfacet
  facet normal -0.97593 -0.218082 0
    outer loop
      vertex -61.7874 -24.7486 7
      vertex -61.623 -25.4843 -7
      vertex -61.623 -25.4843 7
    endloop
  endfacet
  facet normal 0.156521 0.987675 -0
    outer loop
      vertex 52.2486 49.2874 -7
      vertex 51.504 49.4054 7
      vertex 52.2486 49.2874 7
    endloop
  endfacet
  facet normal 0.156521 0.987675 0
    outer loop
      vertex 51.504 49.4054 7
      vertex 52.2486 49.2874 -7
      vertex 51.504 49.4054 -7
    endloop
  endfacet
  facet normal -0.995567 -0.0940516 0
    outer loop
      vertex -61.9054 -24.004 -7
      vertex -61.9763 -23.2535 7
      vertex -61.9763 -23.2535 -7
    endloop
  endfacet
  facet normal -0.995567 -0.0940516 0
    outer loop
      vertex -61.9763 -23.2535 7
      vertex -61.9054 -24.004 -7
      vertex -61.9054 -24.004 7
    endloop
  endfacet
  facet normal 0.690466 -0.723365 0
    outer loop
      vertex 58.0092 -46.436 -7
      vertex 58.5545 -45.9155 7
      vertex 58.0092 -46.436 7
    endloop
  endfacet
  facet normal 0.690466 -0.723365 0
    outer loop
      vertex 58.5545 -45.9155 7
      vertex 58.0092 -46.436 -7
      vertex 58.5545 -45.9155 -7
    endloop
  endfacet
  facet normal 0.960298 0.278976 0
    outer loop
      vertex 61.623 40.4843 7
      vertex 61.4127 41.2082 -7
      vertex 61.4127 41.2082 7
    endloop
  endfacet
  facet normal 0.960298 0.278976 0
    outer loop
      vertex 61.4127 41.2082 -7
      vertex 61.623 40.4843 7
      vertex 61.623 40.4843 -7
    endloop
  endfacet
  facet normal 0.0940516 0.995567 -0
    outer loop
      vertex 51.504 49.4054 -7
      vertex 50.7535 49.4763 7
      vertex 51.504 49.4054 7
    endloop
  endfacet
  facet normal 0.0940516 0.995567 0
    outer loop
      vertex 50.7535 49.4763 7
      vertex 51.504 49.4054 -7
      vertex 50.7535 49.4763 -7
    endloop
  endfacet
  facet normal -0.661345 -0.750082 0
    outer loop
      vertex -58.2146 -31.2476 -7
      vertex -57.6491 -31.7462 7
      vertex -58.2146 -31.2476 7
    endloop
  endfacet
  facet normal -0.661345 -0.750082 -0
    outer loop
      vertex -57.6491 -31.7462 7
      vertex -58.2146 -31.2476 -7
      vertex -57.6491 -31.7462 -7
    endloop
  endfacet
  facet normal -0.240631 0.970617 0
    outer loop
      vertex -52.5217 34.232 -7
      vertex -53.2534 34.0506 7
      vertex -52.5217 34.232 7
    endloop
  endfacet
  facet normal -0.240631 0.970617 0
    outer loop
      vertex -53.2534 34.0506 7
      vertex -52.5217 34.232 -7
      vertex -53.2534 34.0506 -7
    endloop
  endfacet
  facet normal -0.581138 0.813805 0
    outer loop
      vertex -56.6635 32.4799 -7
      vertex -57.277 32.0418 7
      vertex -56.6635 32.4799 7
    endloop
  endfacet
  facet normal -0.581138 0.813805 0
    outer loop
      vertex -57.277 32.0418 7
      vertex -56.6635 32.4799 -7
      vertex -57.277 32.0418 -7
    endloop
  endfacet
  facet normal 0.488951 -0.872311 0
    outer loop
      vertex 55.5353 -48.1471 -7
      vertex 56.1929 -47.7785 7
      vertex 55.5353 -48.1471 7
    endloop
  endfacet
  facet normal 0.488951 -0.872311 0
    outer loop
      vertex 56.1929 -47.7785 7
      vertex 55.5353 -48.1471 -7
      vertex 56.1929 -47.7785 -7
    endloop
  endfacet
  facet normal -0.301227 0.953553 0
    outer loop
      vertex -53.2534 34.0506 -7
      vertex -53.9723 33.8235 7
      vertex -53.2534 34.0506 7
    endloop
  endfacet
  facet normal -0.301227 0.953553 0
    outer loop
      vertex -53.9723 33.8235 7
      vertex -53.2534 34.0506 -7
      vertex -53.9723 33.8235 -7
    endloop
  endfacet
  facet normal -0.474487 0.880262 0
    outer loop
      vertex -55.3601 33.2363 -7
      vertex -56.0237 32.8786 7
      vertex -55.3601 33.2363 7
    endloop
  endfacet
  facet normal -0.474487 0.880262 0
    outer loop
      vertex -56.0237 32.8786 7
      vertex -55.3601 33.2363 -7
      vertex -56.0237 32.8786 -7
    endloop
  endfacet
  facet normal 0.0314377 0.999506 -0
    outer loop
      vertex 50.7535 49.4763 -7
      vertex 50 49.5 7
      vertex 50.7535 49.4763 7
    endloop
  endfacet
  facet normal 0.0314377 0.999506 0
    outer loop
      vertex 50 49.5 7
      vertex 50.7535 49.4763 -7
      vertex 50 49.5 -7
    endloop
  endfacet
  facet normal 0.953553 -0.301227 0
    outer loop
      vertex 61.3235 -41.4723 7
      vertex 61.5506 -40.7534 -7
      vertex 61.5506 -40.7534 7
    endloop
  endfacet
  facet normal 0.953553 -0.301227 0
    outer loop
      vertex 61.5506 -40.7534 -7
      vertex 61.3235 -41.4723 7
      vertex 61.3235 -41.4723 -7
    endloop
  endfacet
  facet normal -0.827099 -0.562056 0
    outer loop
      vertex -59.7082 -29.5534 -7
      vertex -60.1319 -28.9299 7
      vertex -60.1319 -28.9299 -7
    endloop
  endfacet
  facet normal -0.827099 -0.562056 0
    outer loop
      vertex -60.1319 -28.9299 7
      vertex -59.7082 -29.5534 -7
      vertex -59.7082 -29.5534 7
    endloop
  endfacet
  facet normal -0.167912 -0.985802 0
    outer loop
      vertex -52.2486 -34.2874 -7
      vertex -51.7801 -34.3672 7
      vertex -52.2486 -34.2874 7
    endloop
  endfacet
  facet normal -0.167912 -0.985802 -0
    outer loop
      vertex -51.7801 -34.3672 7
      vertex -52.2486 -34.2874 -7
      vertex -51.7801 -34.3672 -7
    endloop
  endfacet
  facet normal 0.940865 0.338781 0
    outer loop
      vertex 61.4127 41.2082 7
      vertex 61.1573 41.9175 -7
      vertex 61.1573 41.9175 7
    endloop
  endfacet
  facet normal 0.940865 0.338781 0
    outer loop
      vertex 61.1573 41.9175 -7
      vertex 61.4127 41.2082 7
      vertex 61.4127 41.2082 -7
    endloop
  endfacet
  facet normal -0.678561 0.734544 0
    outer loop
      vertex -57.8618 31.566 -7
      vertex -58.4155 31.0545 7
      vertex -57.8618 31.566 7
    endloop
  endfacet
  facet normal -0.678561 0.734544 0
    outer loop
      vertex -58.4155 31.0545 7
      vertex -57.8618 31.566 -7
      vertex -58.4155 31.0545 -7
    endloop
  endfacet
  facet normal -0.765245 0.643739 0
    outer loop
      vertex -59.4213 29.9323 -7
      vertex -58.936 30.5092 7
      vertex -58.936 30.5092 -7
    endloop
  endfacet
  facet normal -0.765245 0.643739 0
    outer loop
      vertex -58.936 30.5092 7
      vertex -59.4213 29.9323 -7
      vertex -59.4213 29.9323 7
    endloop
  endfacet
  facet normal -0.987675 -0.156521 0
    outer loop
      vertex -61.7874 -24.7486 -7
      vertex -61.9054 -24.004 7
      vertex -61.9054 -24.004 -7
    endloop
  endfacet
  facet normal -0.987675 -0.156521 0
    outer loop
      vertex -61.9054 -24.004 7
      vertex -61.7874 -24.7486 -7
      vertex -61.7874 -24.7486 7
    endloop
  endfacet
  facet normal -0.750082 -0.661345 0
    outer loop
      vertex -58.7476 -30.7146 -7
      vertex -59.2462 -30.1491 7
      vertex -59.2462 -30.1491 -7
    endloop
  endfacet
  facet normal -0.750082 -0.661345 0
    outer loop
      vertex -59.2462 -30.1491 7
      vertex -58.7476 -30.7146 -7
      vertex -58.7476 -30.7146 7
    endloop
  endfacet
  facet normal -0.707107 -0.707107 0
    outer loop
      vertex -58.2146 -31.2476 -7
      vertex -58.7476 -30.7146 7
      vertex -58.7476 -30.7146 -7
    endloop
  endfacet
  facet normal -0.707107 -0.707107 0
    outer loop
      vertex -58.7476 -30.7146 7
      vertex -58.2146 -31.2476 -7
      vertex -58.2146 -31.2476 7
    endloop
  endfacet
  facet normal 0.562056 0.827099 -0
    outer loop
      vertex 57.0534 47.2082 -7
      vertex 56.4299 47.6319 7
      vertex 57.0534 47.2082 7
    endloop
  endfacet
  facet normal 0.562056 0.827099 0
    outer loop
      vertex 56.4299 47.6319 7
      vertex 57.0534 47.2082 -7
      vertex 56.4299 47.6319 -7
    endloop
  endfacet
  facet normal -0.218082 -0.97593 0
    outer loop
      vertex -52.9843 -34.123 -7
      vertex -52.2486 -34.2874 7
      vertex -52.9843 -34.123 7
    endloop
  endfacet
  facet normal -0.218082 -0.97593 -0
    outer loop
      vertex -52.2486 -34.2874 7
      vertex -52.9843 -34.123 -7
      vertex -52.2486 -34.2874 -7
    endloop
  endfacet
  facet normal -0.804198 0.594361 0
    outer loop
      vertex -59.8694 29.326 -7
      vertex -59.4213 29.9323 7
      vertex -59.4213 29.9323 -7
    endloop
  endfacet
  facet normal -0.804198 0.594361 0
    outer loop
      vertex -59.4213 29.9323 7
      vertex -59.8694 29.326 -7
      vertex -59.8694 29.326 7
    endloop
  endfacet
  facet normal 0.750082 0.661345 0
    outer loop
      vertex 59.2462 45.1491 7
      vertex 58.7476 45.7146 -7
      vertex 58.7476 45.7146 7
    endloop
  endfacet
  facet normal 0.750082 0.661345 0
    outer loop
      vertex 58.7476 45.7146 -7
      vertex 59.2462 45.1491 7
      vertex 59.2462 45.1491 -7
    endloop
  endfacet
  facet normal -0.926747 0.375687 0
    outer loop
      vertex -61.2569 26.6572 -7
      vertex -60.9737 27.3558 7
      vertex -60.9737 27.3558 -7
    endloop
  endfacet
  facet normal -0.926747 0.375687 0
    outer loop
      vertex -60.9737 27.3558 7
      vertex -61.2569 26.6572 -7
      vertex -61.2569 26.6572 7
    endloop
  endfacet
  facet normal -0.948497 0.316785 0
    outer loop
      vertex -61.4957 25.9422 -7
      vertex -61.2569 26.6572 7
      vertex -61.2569 26.6572 -7
    endloop
  endfacet
  facet normal -0.948497 0.316785 0
    outer loop
      vertex -61.2569 26.6572 7
      vertex -61.4957 25.9422 -7
      vertex -61.4957 25.9422 7
    endloop
  endfacet
  facet normal 0.995567 0.0940516 0
    outer loop
      vertex 61.9763 38.2535 7
      vertex 61.9054 39.004 -7
      vertex 61.9054 39.004 7
    endloop
  endfacet
  facet normal 0.995567 0.0940516 0
    outer loop
      vertex 61.9054 39.004 -7
      vertex 61.9763 38.2535 7
      vertex 61.9763 38.2535 -7
    endloop
  endfacet
  facet normal -0.0314377 0.999506 0
    outer loop
      vertex 50 49.5 -7
      vertex 49.2465 49.4763 7
      vertex 50 49.5 7
    endloop
  endfacet
  facet normal -0.0314377 0.999506 0
    outer loop
      vertex 49.2465 49.4763 7
      vertex 50 49.5 -7
      vertex 49.2465 49.4763 -7
    endloop
  endfacet
  facet normal 0.848698 -0.528878 0
    outer loop
      vertex 59.9799 -44.1635 7
      vertex 60.3786 -43.5237 -7
      vertex 60.3786 -43.5237 7
    endloop
  endfacet
  facet normal 0.848698 -0.528878 0
    outer loop
      vertex 60.3786 -43.5237 -7
      vertex 59.9799 -44.1635 7
      vertex 59.9799 -44.1635 -7
    endloop
  endfacet
  facet normal 0.917739 0.397183 0
    outer loop
      vertex 61.1573 41.9175 7
      vertex 60.8579 42.6093 -7
      vertex 60.8579 42.6093 7
    endloop
  endfacet
  facet normal 0.917739 0.397183 0
    outer loop
      vertex 60.8579 42.6093 -7
      vertex 61.1573 41.9175 7
      vertex 61.1573 41.9175 -7
    endloop
  endfacet
  facet normal 0.90827 -0.418385 0
    outer loop
      vertex 60.7363 -42.8601 7
      vertex 61.0517 -42.1754 -7
      vertex 61.0517 -42.1754 7
    endloop
  endfacet
  facet normal 0.90827 -0.418385 0
    outer loop
      vertex 61.0517 -42.1754 -7
      vertex 60.7363 -42.8601 7
      vertex 60.7363 -42.8601 -7
    endloop
  endfacet
  facet normal -0.940865 -0.338781 0
    outer loop
      vertex -61.1573 -26.9175 -7
      vertex -61.4127 -26.2082 7
      vertex -61.4127 -26.2082 -7
    endloop
  endfacet
  facet normal -0.940865 -0.338781 0
    outer loop
      vertex -61.4127 -26.2082 7
      vertex -61.1573 -26.9175 -7
      vertex -61.1573 -26.9175 7
    endloop
  endfacet
  facet normal -0.631112 0.775692 0
    outer loop
      vertex -57.277 32.0418 -7
      vertex -57.8618 31.566 7
      vertex -57.277 32.0418 7
    endloop
  endfacet
  facet normal -0.631112 0.775692 0
    outer loop
      vertex -57.8618 31.566 7
      vertex -57.277 32.0418 -7
      vertex -57.8618 31.566 -7
    endloop
  endfacet
  facet normal -0.839905 0.542734 0
    outer loop
      vertex -60.2785 28.6929 -7
      vertex -59.8694 29.326 7
      vertex -59.8694 29.326 -7
    endloop
  endfacet
  facet normal -0.839905 0.542734 0
    outer loop
      vertex -59.8694 29.326 7
      vertex -60.2785 28.6929 -7
      vertex -60.2785 28.6929 7
    endloop
  endfacet
  facet normal 0.775692 -0.631112 0
    outer loop
      vertex 59.066 -45.3618 7
      vertex 59.5418 -44.777 -7
      vertex 59.5418 -44.777 7
    endloop
  endfacet
  facet normal 0.775692 -0.631112 0
    outer loop
      vertex 59.5418 -44.777 -7
      vertex 59.066 -45.3618 7
      vertex 59.066 -45.3618 -7
    endloop
  endfacet
  facet normal 0.661345 0.750082 -0
    outer loop
      vertex 58.2146 46.2476 -7
      vertex 57.6491 46.7462 7
      vertex 58.2146 46.2476 7
    endloop
  endfacet
  facet normal 0.661345 0.750082 0
    outer loop
      vertex 57.6491 46.7462 7
      vertex 58.2146 46.2476 -7
      vertex 57.6491 46.7462 -7
    endloop
  endfacet
  facet normal 0.827099 0.562056 0
    outer loop
      vertex 60.1319 43.9299 7
      vertex 59.7082 44.5534 -7
      vertex 59.7082 44.5534 7
    endloop
  endfacet
  facet normal 0.827099 0.562056 0
    outer loop
      vertex 59.7082 44.5534 -7
      vertex 60.1319 43.9299 7
      vertex 60.1319 43.9299 -7
    endloop
  endfacet
  facet normal -0.901295 0.433205 0
    outer loop
      vertex -60.9737 27.3558 -7
      vertex -60.6471 28.0353 7
      vertex -60.6471 28.0353 -7
    endloop
  endfacet
  facet normal -0.901295 0.433205 0
    outer loop
      vertex -60.6471 28.0353 7
      vertex -60.9737 27.3558 -7
      vertex -60.9737 27.3558 7
    endloop
  endfacet
  facet normal -0.418385 0.90827 0
    outer loop
      vertex -54.6754 33.5517 -7
      vertex -55.3601 33.2363 7
      vertex -54.6754 33.5517 7
    endloop
  endfacet
  facet normal -0.418385 0.90827 0
    outer loop
      vertex -55.3601 33.2363 7
      vertex -54.6754 33.5517 -7
      vertex -55.3601 33.2363 -7
    endloop
  endfacet
  facet normal -0.991056 0.13345 0
    outer loop
      vertex -61.9371 23.7271 -7
      vertex -61.8365 24.4742 7
      vertex -61.8365 24.4742 -7
    endloop
  endfacet
  facet normal -0.991056 0.13345 0
    outer loop
      vertex -61.8365 24.4742 7
      vertex -61.9371 23.7271 -7
      vertex -61.9371 23.7271 7
    endloop
  endfacet
  facet normal -0.980723 0.195402 0
    outer loop
      vertex -61.8365 24.4742 -7
      vertex -61.6892 25.2135 7
      vertex -61.6892 25.2135 -7
    endloop
  endfacet
  facet normal -0.980723 0.195402 0
    outer loop
      vertex -61.6892 25.2135 7
      vertex -61.8365 24.4742 -7
      vertex -61.8365 24.4742 7
    endloop
  endfacet
  facet normal 0.880262 -0.474487 0
    outer loop
      vertex 60.3786 -43.5237 7
      vertex 60.7363 -42.8601 -7
      vertex 60.7363 -42.8601 7
    endloop
  endfacet
  facet normal 0.880262 -0.474487 0
    outer loop
      vertex 60.7363 -42.8601 -7
      vertex 60.3786 -43.5237 7
      vertex 60.3786 -43.5237 -7
    endloop
  endfacet
  facet normal 0.707107 0.707107 0
    outer loop
      vertex 58.7476 45.7146 7
      vertex 58.2146 46.2476 -7
      vertex 58.2146 46.2476 7
    endloop
  endfacet
  facet normal 0.707107 0.707107 0
    outer loop
      vertex 58.2146 46.2476 -7
      vertex 58.7476 45.7146 7
      vertex 58.7476 45.7146 -7
    endloop
  endfacet
  facet normal -0.89106 -0.453886 0
    outer loop
      vertex -60.5157 -28.2811 -7
      vertex -60.8579 -27.6093 7
      vertex -60.8579 -27.6093 -7
    endloop
  endfacet
  facet normal -0.89106 -0.453886 0
    outer loop
      vertex -60.8579 -27.6093 7
      vertex -60.5157 -28.2811 -7
      vertex -60.5157 -28.2811 7
    endloop
  endfacet
  facet normal -0.917739 -0.397183 0
    outer loop
      vertex -60.8579 -27.6093 -7
      vertex -61.1573 -26.9175 7
      vertex -61.1573 -26.9175 -7
    endloop
  endfacet
  facet normal -0.917739 -0.397183 0
    outer loop
      vertex -61.1573 -26.9175 7
      vertex -60.8579 -27.6093 -7
      vertex -60.8579 -27.6093 7
    endloop
  endfacet
  facet normal 0.50914 0.860683 -0
    outer loop
      vertex 56.4299 47.6319 -7
      vertex 55.7811 48.0157 7
      vertex 56.4299 47.6319 7
    endloop
  endfacet
  facet normal 0.50914 0.860683 0
    outer loop
      vertex 55.7811 48.0157 7
      vertex 56.4299 47.6319 -7
      vertex 55.7811 48.0157 -7
    endloop
  endfacet
  facet normal 0.433205 -0.901295 0
    outer loop
      vertex 54.8558 -48.4737 -7
      vertex 55.5353 -48.1471 7
      vertex 54.8558 -48.4737 7
    endloop
  endfacet
  facet normal 0.433205 -0.901295 0
    outer loop
      vertex 55.5353 -48.1471 7
      vertex 54.8558 -48.4737 -7
      vertex 55.5353 -48.1471 -7
    endloop
  endfacet
  facet normal 0 0 -1
    outer loop
      vertex 46.5065 -27.5297 -7
      vertex 62 -37.5 -7
      vertex 46.5333 -27.7479 -7
    endloop
  endfacet
  facet normal 0 0 -1
    outer loop
      vertex 62 -37.5 -7
      vertex 46.5333 27.7479 -7
      vertex 46.5463 27.9674 -7
    endloop
  endfacet
  facet normal 0 0 -1
    outer loop
      vertex 46.466 -27.3136 -7
      vertex 62 -37.5 -7
      vertex 46.5065 -27.5297 -7
    endloop
  endfacet
  facet normal 0 0 -1
    outer loop
      vertex 62 -37.5 -7
      vertex 46.5065 27.5297 -7
      vertex 46.5333 27.7479 -7
    endloop
  endfacet
  facet normal 0 0 -1
    outer loop
      vertex 46.4121 -27.1004 -7
      vertex 62 -37.5 -7
      vertex 46.466 -27.3136 -7
    endloop
  endfacet
  facet normal 0 0 -1
    outer loop
      vertex 62 -37.5 -7
      vertex 46.466 27.3136 -7
      vertex 46.5065 27.5297 -7
    endloop
  endfacet
  facet normal 0 0 -1
    outer loop
      vertex 46.3449 -26.8911 -7
      vertex 62 -37.5 -7
      vertex 46.4121 -27.1004 -7
    endloop
  endfacet
  facet normal 0 0 -1
    outer loop
      vertex 62 -37.5 -7
      vertex 46.4121 27.1004 -7
      vertex 46.466 27.3136 -7
    endloop
  endfacet
  facet normal 0 0 -1
    outer loop
      vertex 46.2647 -26.6864 -7
      vertex 62 -37.5 -7
      vertex 46.3449 -26.8911 -7
    endloop
  endfacet
  facet normal 0 0 -1
    outer loop
      vertex 62 -37.5 -7
      vertex 46.3449 26.8911 -7
      vertex 46.4121 27.1004 -7
    endloop
  endfacet
  facet normal 0 0 -1
    outer loop
      vertex 46.1717 -26.4871 -7
      vertex 62 -37.5 -7
      vertex 46.2647 -26.6864 -7
    endloop
  endfacet
  facet normal 0 0 -1
    outer loop
      vertex 62 -37.5 -7
      vertex 46.2647 26.6864 -7
      vertex 46.3449 26.8911 -7
    endloop
  endfacet
  facet normal 0 0 -1
    outer loop
      vertex 46.0665 -26.294 -7
      vertex 62 -37.5 -7
      vertex 46.1717 -26.4871 -7
    endloop
  endfacet
  facet normal 0 0 -1
    outer loop
      vertex 40.9822 0.565114 -7
      vertex 62 -37.5 -7
      vertex 41 0 -7
    endloop
  endfacet
  facet normal 0 0 -1
    outer loop
      vertex 45.9493 -26.108 -7
      vertex 62 -37.5 -7
      vertex 46.0665 -26.294 -7
    endloop
  endfacet
  facet normal 0 -0 -1
    outer loop
      vertex 46.1717 26.4871 -7
      vertex 62 -37.5 -7
      vertex 40.9822 0.565114 -7
    endloop
  endfacet
  facet normal 0 0 -1
    outer loop
      vertex 40.8406 -1.68643 -7
      vertex 62 -37.5 -7
      vertex 45.9493 -26.108 -7
    endloop
  endfacet
  facet normal 0 0 -1
    outer loop
      vertex 62 -37.5 -7
      vertex 46.1717 26.4871 -7
      vertex 46.2647 26.6864 -7
    endloop
  endfacet
  facet normal 0 0 -1
    outer loop
      vertex 40.8406 -1.68643 -7
      vertex 45.9493 -26.108 -7
      vertex 45.8207 -25.9296 -7
    endloop
  endfacet
  facet normal 0 0 -1
    outer loop
      vertex 46.1717 26.4871 -7
      vertex 40.9822 0.565114 -7
      vertex 46.0665 26.294 -7
    endloop
  endfacet
  facet normal 0 0 -1
    outer loop
      vertex 40.7172 -2.23821 -7
      vertex 45.8207 -25.9296 -7
      vertex 45.6811 -25.7597 -7
    endloop
  endfacet
  facet normal 0 0 -1
    outer loop
      vertex 40.929 1.128 -7
      vertex 46.0665 26.294 -7
      vertex 40.9822 0.565114 -7
    endloop
  endfacet
  facet normal 0 0 -1
    outer loop
      vertex 40.5595 -2.78115 -7
      vertex 45.6811 -25.7597 -7
      vertex 45.5312 -25.5989 -7
    endloop
  endfacet
  facet normal 0 0 -1
    outer loop
      vertex 46.0665 26.294 -7
      vertex 40.929 1.128 -7
      vertex 45.9493 26.108 -7
    endloop
  endfacet
  facet normal 0 0 -1
    outer loop
      vertex 40.368 -3.31312 -7
      vertex 45.5312 -25.5989 -7
      vertex 45.3714 -25.4479 -7
    endloop
  endfacet
  facet normal 0 0 -1
    outer loop
      vertex 40.8406 1.68643 -7
      vertex 45.9493 26.108 -7
      vertex 40.929 1.128 -7
    endloop
  endfacet
  facet normal 0 0 -1
    outer loop
      vertex 40.1434 -3.83201 -7
      vertex 45.3714 -25.4479 -7
      vertex 45.2025 -25.3071 -7
    endloop
  endfacet
  facet normal 0 0 -1
    outer loop
      vertex 45.9493 26.108 -7
      vertex 40.8406 1.68643 -7
      vertex 45.8207 25.9296 -7
    endloop
  endfacet
  facet normal 0 0 -1
    outer loop
      vertex 40.1434 -3.83201 -7
      vertex 45.2025 -25.3071 -7
      vertex 45.0251 -25.1773 -7
    endloop
  endfacet
  facet normal 0 0 -1
    outer loop
      vertex 40.7172 2.23821 -7
      vertex 45.8207 25.9296 -7
      vertex 40.8406 1.68643 -7
    endloop
  endfacet
  facet normal 0 0 -1
    outer loop
      vertex 39.8868 -4.33578 -7
      vertex 45.0251 -25.1773 -7
      vertex 44.8398 -25.0588 -7
    endloop
  endfacet
  facet normal 0 0 -1
    outer loop
      vertex 45.8207 25.9296 -7
      vertex 40.7172 2.23821 -7
      vertex 45.6811 25.7597 -7
    endloop
  endfacet
  facet normal 0 0 -1
    outer loop
      vertex 39.5989 -4.82244 -7
      vertex 44.8398 -25.0588 -7
      vertex 44.6475 -24.9522 -7
    endloop
  endfacet
  facet normal 0 0 -1
    outer loop
      vertex 40.5595 2.78115 -7
      vertex 45.6811 25.7597 -7
      vertex 40.7172 2.23821 -7
    endloop
  endfacet
  facet normal 0 0 -1
    outer loop
      vertex 39.2812 -5.29007 -7
      vertex 44.6475 -24.9522 -7
      vertex 44.4489 -24.8579 -7
    endloop
  endfacet
  facet normal 0 0 -1
    outer loop
      vertex 45.6811 25.7597 -7
      vertex 40.5595 2.78115 -7
      vertex 45.5312 25.5989 -7
    endloop
  endfacet
  facet normal 0 0 -1
    outer loop
      vertex 39.2812 -5.29007 -7
      vertex 44.4489 -24.8579 -7
      vertex 44.2448 -24.7762 -7
    endloop
  endfacet
  facet normal 0 0 -1
    outer loop
      vertex 40.368 3.31312 -7
      vertex 45.5312 25.5989 -7
      vertex 40.5595 2.78115 -7
    endloop
  endfacet
  facet normal 0 0 -1
    outer loop
      vertex 45.5312 25.5989 -7
      vertex 40.368 3.31312 -7
      vertex 45.3714 25.4479 -7
    endloop
  endfacet
  facet normal 0 0 -1
    outer loop
      vertex 62 -37.5 -7
      vertex 40.9822 -0.565114 -7
      vertex 41 0 -7
    endloop
  endfacet
  facet normal 0 0 -1
    outer loop
      vertex 62 -37.5 -7
      vertex 40.929 -1.128 -7
      vertex 40.9822 -0.565114 -7
    endloop
  endfacet
  facet normal 0 0 -1
    outer loop
      vertex 62 -37.5 -7
      vertex 40.8406 -1.68643 -7
      vertex 40.929 -1.128 -7
    endloop
  endfacet
  facet normal 0 0 -1
    outer loop
      vertex 45.8207 -25.9296 -7
      vertex 40.7172 -2.23821 -7
      vertex 40.8406 -1.68643 -7
    endloop
  endfacet
  facet normal 0 0 -1
    outer loop
      vertex 45.6811 -25.7597 -7
      vertex 40.5595 -2.78115 -7
      vertex 40.7172 -2.23821 -7
    endloop
  endfacet
  facet normal 0 0 -1
    outer loop
      vertex 45.5312 -25.5989 -7
      vertex 40.368 -3.31312 -7
      vertex 40.5595 -2.78115 -7
    endloop
  endfacet
  facet normal 0 0 -1
    outer loop
      vertex 45.3714 -25.4479 -7
      vertex 40.1434 -3.83201 -7
      vertex 40.368 -3.31312 -7
    endloop
  endfacet
  facet normal 0 0 -1
    outer loop
      vertex 45.0251 -25.1773 -7
      vertex 39.8868 -4.33578 -7
      vertex 40.1434 -3.83201 -7
    endloop
  endfacet
  facet normal 0 0 -1
    outer loop
      vertex 44.8398 -25.0588 -7
      vertex 39.5989 -4.82244 -7
      vertex 39.8868 -4.33578 -7
    endloop
  endfacet
  facet normal 0 0 -1
    outer loop
      vertex 44.6475 -24.9522 -7
      vertex 39.2812 -5.29007 -7
      vertex 39.5989 -4.82244 -7
    endloop
  endfacet
  facet normal 0 0 -1
    outer loop
      vertex 44.2448 -24.7762 -7
      vertex 38.9346 -5.73682 -7
      vertex 39.2812 -5.29007 -7
    endloop
  endfacet
  facet normal 0 0 -1
    outer loop
      vertex 44.2448 -24.7762 -7
      vertex 38.5607 -6.16092 -7
      vertex 38.9346 -5.73682 -7
    endloop
  endfacet
  facet normal 0 0 -1
    outer loop
      vertex 44.2448 -24.7762 -7
      vertex 38.1609 -6.56072 -7
      vertex 38.5607 -6.16092 -7
    endloop
  endfacet
  facet normal 0 0 -1
    outer loop
      vertex 44.2448 -24.7762 -7
      vertex 37.7368 -6.93462 -7
      vertex 38.1609 -6.56072 -7
    endloop
  endfacet
  facet normal 0 0 -1
    outer loop
      vertex 44.2448 -24.7762 -7
      vertex 37.2901 -7.28115 -7
      vertex 37.7368 -6.93462 -7
    endloop
  endfacet
  facet normal 0 0 -1
    outer loop
      vertex 44.2448 -24.7762 -7
      vertex 36.8224 -7.59895 -7
      vertex 37.2901 -7.28115 -7
    endloop
  endfacet
  facet normal 0 0 -1
    outer loop
      vertex 44.2448 -24.7762 -7
      vertex 36.3358 -7.88676 -7
      vertex 36.8224 -7.59895 -7
    endloop
  endfacet
  facet normal 0 0 -1
    outer loop
      vertex 44.2448 -24.7762 -7
      vertex 35.832 -8.14344 -7
      vertex 36.3358 -7.88676 -7
    endloop
  endfacet
  facet normal 0 0 -1
    outer loop
      vertex 44.2448 -24.7762 -7
      vertex 35.3131 -8.36799 -7
      vertex 35.832 -8.14344 -7
    endloop
  endfacet
  facet normal 0 0 -1
    outer loop
      vertex 30.1494 -19.6459 -7
      vertex 35.3131 -8.36799 -7
      vertex 44.2448 -24.7762 -7
    endloop
  endfacet
  facet normal 0 0 -1
    outer loop
      vertex 35.3131 -8.36799 -7
      vertex 30.1494 -19.6459 -7
      vertex 34.7812 -8.55951 -7
    endloop
  endfacet
  facet normal 0 0 -1
    outer loop
      vertex 34.7812 -8.55951 -7
      vertex 30.1494 -19.6459 -7
      vertex 34.2382 -8.71725 -7
    endloop
  endfacet
  facet normal 0 0 -1
    outer loop
      vertex 34.2382 -8.71725 -7
      vertex 30.1494 -19.6459 -7
      vertex 33.6864 -8.84058 -7
    endloop
  endfacet
  facet normal 0 0 -1
    outer loop
      vertex 33.6864 -8.84058 -7
      vertex 30.1494 -19.6459 -7
      vertex 33.128 -8.92903 -7
    endloop
  endfacet
  facet normal 0 0 -1
    outer loop
      vertex 33.128 -8.92903 -7
      vertex 30.1494 -19.6459 -7
      vertex 32.5651 -8.98224 -7
    endloop
  endfacet
  facet normal 0 0 -1
    outer loop
      vertex 32.5651 -8.98224 -7
      vertex 30.1494 -19.6459 -7
      vertex 32 -9 -7
    endloop
  endfacet
  facet normal 0 0 -1
    outer loop
      vertex 29.9405 -19.5772 -7
      vertex 32 -9 -7
      vertex 30.1494 -19.6459 -7
    endloop
  endfacet
  facet normal -0 0 -1
    outer loop
      vertex 32 -9 -7
      vertex 29.9405 -19.5772 -7
      vertex 31.4349 -8.98224 -7
    endloop
  endfacet
  facet normal 0 0 -1
    outer loop
      vertex 29.7277 -19.5218 -7
      vertex 31.4349 -8.98224 -7
      vertex 29.9405 -19.5772 -7
    endloop
  endfacet
  facet normal -0 0 -1
    outer loop
      vertex 31.4349 -8.98224 -7
      vertex 29.7277 -19.5218 -7
      vertex 30.872 -8.92903 -7
    endloop
  endfacet
  facet normal 0 0 -1
    outer loop
      vertex 29.5119 -19.4799 -7
      vertex 30.872 -8.92903 -7
      vertex 29.7277 -19.5218 -7
    endloop
  endfacet
  facet normal 0 0 -1
    outer loop
      vertex 29.2938 -19.4516 -7
      vertex 30.872 -8.92903 -7
      vertex 29.5119 -19.4799 -7
    endloop
  endfacet
  facet normal -0 0 -1
    outer loop
      vertex 30.872 -8.92903 -7
      vertex 29.2938 -19.4516 -7
      vertex 30.3136 -8.84058 -7
    endloop
  endfacet
  facet normal 0 0 -1
    outer loop
      vertex 29.0745 -19.437 -7
      vertex 30.3136 -8.84058 -7
      vertex 29.2938 -19.4516 -7
    endloop
  endfacet
  facet normal 0 0 -1
    outer loop
      vertex 28.8546 -19.4362 -7
      vertex 30.3136 -8.84058 -7
      vertex 29.0745 -19.437 -7
    endloop
  endfacet
  facet normal -0 0 -1
    outer loop
      vertex 30.3136 -8.84058 -7
      vertex 28.8546 -19.4362 -7
      vertex 29.7618 -8.71725 -7
    endloop
  endfacet
  facet normal 0 0 -1
    outer loop
      vertex 28.6351 -19.4493 -7
      vertex 29.7618 -8.71725 -7
      vertex 28.8546 -19.4362 -7
    endloop
  endfacet
  facet normal -0 0 -1
    outer loop
      vertex 29.7618 -8.71725 -7
      vertex 28.6351 -19.4493 -7
      vertex 29.2188 -8.55951 -7
    endloop
  endfacet
  facet normal 0 0 -1
    outer loop
      vertex 28.4169 -19.476 -7
      vertex 29.2188 -8.55951 -7
      vertex 28.6351 -19.4493 -7
    endloop
  endfacet
  facet normal 0 0 -1
    outer loop
      vertex 28.2007 -19.5165 -7
      vertex 29.2188 -8.55951 -7
      vertex 28.4169 -19.476 -7
    endloop
  endfacet
  facet normal -0 0 -1
    outer loop
      vertex 29.2188 -8.55951 -7
      vertex 28.2007 -19.5165 -7
      vertex 28.6869 -8.36799 -7
    endloop
  endfacet
  facet normal 0 0 -1
    outer loop
      vertex 27.9876 -19.5704 -7
      vertex 28.6869 -8.36799 -7
      vertex 28.2007 -19.5165 -7
    endloop
  endfacet
  facet normal -0 0 -1
    outer loop
      vertex 28.6869 -8.36799 -7
      vertex 27.9876 -19.5704 -7
      vertex 28.168 -8.14344 -7
    endloop
  endfacet
  facet normal 0 0 -1
    outer loop
      vertex 27.7782 -19.6376 -7
      vertex 28.168 -8.14344 -7
      vertex 27.9876 -19.5704 -7
    endloop
  endfacet
  facet normal 0 0 -1
    outer loop
      vertex 27.5735 -19.7179 -7
      vertex 28.168 -8.14344 -7
      vertex 27.7782 -19.6376 -7
    endloop
  endfacet
  facet normal -0 0 -1
    outer loop
      vertex 28.168 -8.14344 -7
      vertex 27.5735 -19.7179 -7
      vertex 27.6642 -7.88676 -7
    endloop
  endfacet
  facet normal 0 0 -1
    outer loop
      vertex 27.3742 -19.8108 -7
      vertex 27.6642 -7.88676 -7
      vertex 27.5735 -19.7179 -7
    endloop
  endfacet
  facet normal 0 0 -1
    outer loop
      vertex 27.1812 -19.916 -7
      vertex 27.6642 -7.88676 -7
      vertex 27.3742 -19.8108 -7
    endloop
  endfacet
  facet normal 0 0 -1
    outer loop
      vertex 27.1812 -19.916 -7
      vertex 27.1776 -7.59895 -7
      vertex 27.6642 -7.88676 -7
    endloop
  endfacet
  facet normal 0 0 -1
    outer loop
      vertex 16.8866 -10.7165 -7
      vertex 27.1812 -19.916 -7
      vertex 26.9951 -20.0332 -7
    endloop
  endfacet
  facet normal 0 0 -1
    outer loop
      vertex 16.8866 -10.7165 -7
      vertex 26.9951 -20.0332 -7
      vertex 26.8168 -20.1618 -7
    endloop
  endfacet
  facet normal 0 0 -1
    outer loop
      vertex 27.1812 -19.916 -7
      vertex 17.5261 -9.63507 -7
      vertex 27.1776 -7.59895 -7
    endloop
  endfacet
  facet normal 0 0 -1
    outer loop
      vertex 16.8866 -10.7165 -7
      vertex 26.8168 -20.1618 -7
      vertex 26.6469 -20.3014 -7
    endloop
  endfacet
  facet normal 0 0 -1
    outer loop
      vertex 16.1803 -11.7557 -7
      vertex 26.6469 -20.3014 -7
      vertex 26.4861 -20.4514 -7
    endloop
  endfacet
  facet normal 0 0 -1
    outer loop
      vertex 16.1803 -11.7557 -7
      vertex 26.4861 -20.4514 -7
      vertex 26.335 -20.6111 -7
    endloop
  endfacet
  facet normal -0 0 -1
    outer loop
      vertex 27.1776 -7.59895 -7
      vertex 17.5261 -9.63507 -7
      vertex 26.7099 -7.28115 -7
    endloop
  endfacet
  facet normal 0 0 -1
    outer loop
      vertex 16.1803 -11.7557 -7
      vertex 26.335 -20.6111 -7
      vertex 26.1943 -20.78 -7
    endloop
  endfacet
  facet normal 0 0 -1
    outer loop
      vertex 15.4103 -12.7485 -7
      vertex 26.1943 -20.78 -7
      vertex 26.0644 -20.9575 -7
    endloop
  endfacet
  facet normal 0 0 -1
    outer loop
      vertex 15.4103 -12.7485 -7
      vertex 26.0644 -20.9575 -7
      vertex 25.9459 -21.1427 -7
    endloop
  endfacet
  facet normal 0 0 -1
    outer loop
      vertex 14.5794 -13.6909 -7
      vertex 25.9459 -21.1427 -7
      vertex 25.8393 -21.335 -7
    endloop
  endfacet
  facet normal -0 0 -1
    outer loop
      vertex 26.7099 -7.28115 -7
      vertex 17.5261 -9.63507 -7
      vertex 26.2632 -6.93462 -7
    endloop
  endfacet
  facet normal 0 0 -1
    outer loop
      vertex 14.5794 -13.6909 -7
      vertex 25.8393 -21.335 -7
      vertex 25.745 -21.5336 -7
    endloop
  endfacet
  facet normal 0 0 -1
    outer loop
      vertex 14.5794 -13.6909 -7
      vertex 25.745 -21.5336 -7
      vertex 25.6634 -21.7378 -7
    endloop
  endfacet
  facet normal 0 0 -1
    outer loop
      vertex 13.6909 -14.5794 -7
      vertex 25.6634 -21.7378 -7
      vertex 25.5947 -21.9467 -7
    endloop
  endfacet
  facet normal 0 0 -1
    outer loop
      vertex 13.6909 -14.5794 -7
      vertex 25.5947 -21.9467 -7
      vertex 25.5393 -22.1594 -7
    endloop
  endfacet
  facet normal 0 0 -1
    outer loop
      vertex 12.7485 -15.4103 -7
      vertex 25.5393 -22.1594 -7
      vertex 25.4973 -22.3753 -7
    endloop
  endfacet
  facet normal 0 0 -1
    outer loop
      vertex 12.7485 -15.4103 -7
      vertex 25.4973 -22.3753 -7
      vertex 25.469 -22.5933 -7
    endloop
  endfacet
  facet normal 0 0 -1
    outer loop
      vertex 12.7485 -15.4103 -7
      vertex 25.469 -22.5933 -7
      vertex 25.4544 -22.8127 -7
    endloop
  endfacet
  facet normal 0 0 -1
    outer loop
      vertex 27.1812 -19.916 -7
      vertex 16.8866 -10.7165 -7
      vertex 17.5261 -9.63507 -7
    endloop
  endfacet
  facet normal 0 0 -1
    outer loop
      vertex 11.7557 -16.1803 -7
      vertex 25.4544 -22.8127 -7
      vertex 25.4537 -23.0326 -7
    endloop
  endfacet
  facet normal 0 0 -1
    outer loop
      vertex 46.5463 27.9674 -7
      vertex 62 37.5 -7
      vertex 62 -37.5 -7
    endloop
  endfacet
  facet normal 0 0 -1
    outer loop
      vertex 45.5139 -30.5486 -7
      vertex 62 -37.5 -7
      vertex 61.9556 -38.5314 -7
    endloop
  endfacet
  facet normal 0 0 -1
    outer loop
      vertex 46.5333 -27.7479 -7
      vertex 62 -37.5 -7
      vertex 46.5463 -27.9674 -7
    endloop
  endfacet
  facet normal 0 0 -1
    outer loop
      vertex 45.5139 -30.5486 -7
      vertex 61.9556 -38.5314 -7
      vertex 61.8672 -39.2801 -7
    endloop
  endfacet
  facet normal 0 0 -1
    outer loop
      vertex 46.5456 28.1873 -7
      vertex 62 37.5 -7
      vertex 46.5463 27.9674 -7
    endloop
  endfacet
  facet normal 0 0 -1
    outer loop
      vertex 45.5139 -30.5486 -7
      vertex 61.8672 -39.2801 -7
      vertex 61.732 -40.0217 -7
    endloop
  endfacet
  facet normal 0 0 -1
    outer loop
      vertex 46.531 28.4067 -7
      vertex 62 37.5 -7
      vertex 46.5456 28.1873 -7
    endloop
  endfacet
  facet normal 0 0 -1
    outer loop
      vertex 45.3531 -30.6986 -7
      vertex 61.732 -40.0217 -7
      vertex 61.5506 -40.7534 -7
    endloop
  endfacet
  facet normal 0 0 -1
    outer loop
      vertex 46.5027 28.6247 -7
      vertex 62 37.5 -7
      vertex 46.531 28.4067 -7
    endloop
  endfacet
  facet normal 0 0 -1
    outer loop
      vertex 45.3531 -30.6986 -7
      vertex 61.5506 -40.7534 -7
      vertex 61.3235 -41.4723 -7
    endloop
  endfacet
  facet normal 0 0 -1
    outer loop
      vertex 46.4607 28.8406 -7
      vertex 62 37.5 -7
      vertex 46.5027 28.6247 -7
    endloop
  endfacet
  facet normal 0 0 -1
    outer loop
      vertex 45.3531 -30.6986 -7
      vertex 61.3235 -41.4723 -7
      vertex 61.0517 -42.1754 -7
    endloop
  endfacet
  facet normal 0 0 -1
    outer loop
      vertex 46.4053 29.0533 -7
      vertex 62 37.5 -7
      vertex 46.4607 28.8406 -7
    endloop
  endfacet
  facet normal 0 0 -1
    outer loop
      vertex 45.3531 -30.6986 -7
      vertex 61.0517 -42.1754 -7
      vertex 60.7363 -42.8601 -7
    endloop
  endfacet
  facet normal 0 0 -1
    outer loop
      vertex 46.3366 29.2622 -7
      vertex 62 37.5 -7
      vertex 46.4053 29.0533 -7
    endloop
  endfacet
  facet normal 0 0 -1
    outer loop
      vertex 45.3531 -30.6986 -7
      vertex 60.7363 -42.8601 -7
      vertex 60.3786 -43.5237 -7
    endloop
  endfacet
  facet normal 0 0 -1
    outer loop
      vertex 46.255 29.4664 -7
      vertex 62 37.5 -7
      vertex 46.3366 29.2622 -7
    endloop
  endfacet
  facet normal 0 0 -1
    outer loop
      vertex 45.3531 -30.6986 -7
      vertex 60.3786 -43.5237 -7
      vertex 59.9799 -44.1635 -7
    endloop
  endfacet
  facet normal 0 0 -1
    outer loop
      vertex 46.1607 29.665 -7
      vertex 62 37.5 -7
      vertex 46.255 29.4664 -7
    endloop
  endfacet
  facet normal 0 0 -1
    outer loop
      vertex 45.1832 -30.8382 -7
      vertex 59.9799 -44.1635 -7
      vertex 59.5418 -44.777 -7
    endloop
  endfacet
  facet normal 0 0 -1
    outer loop
      vertex 46.0541 29.8573 -7
      vertex 62 37.5 -7
      vertex 46.1607 29.665 -7
    endloop
  endfacet
  facet normal 0 0 -1
    outer loop
      vertex 45.1832 -30.8382 -7
      vertex 59.5418 -44.777 -7
      vertex 59.066 -45.3618 -7
    endloop
  endfacet
  facet normal 0 0 -1
    outer loop
      vertex 45.9356 30.0425 -7
      vertex 62 37.5 -7
      vertex 46.0541 29.8573 -7
    endloop
  endfacet
  facet normal 0 0 -1
    outer loop
      vertex 45.1832 -30.8382 -7
      vertex 59.066 -45.3618 -7
      vertex 58.5545 -45.9155 -7
    endloop
  endfacet
  facet normal 0 0 -1
    outer loop
      vertex 45.8057 30.22 -7
      vertex 62 37.5 -7
      vertex 45.9356 30.0425 -7
    endloop
  endfacet
  facet normal 0 0 -1
    outer loop
      vertex 45.1832 -30.8382 -7
      vertex 58.5545 -45.9155 -7
      vertex 58.0092 -46.436 -7
    endloop
  endfacet
  facet normal 0 0 -1
    outer loop
      vertex 45.665 30.3889 -7
      vertex 62 37.5 -7
      vertex 45.8057 30.22 -7
    endloop
  endfacet
  facet normal 0 0 -1
    outer loop
      vertex 45.1832 -30.8382 -7
      vertex 58.0092 -46.436 -7
      vertex 57.4323 -46.9213 -7
    endloop
  endfacet
  facet normal 0 0 -1
    outer loop
      vertex 45.5139 30.5486 -7
      vertex 62 37.5 -7
      vertex 45.665 30.3889 -7
    endloop
  endfacet
  facet normal 0 0 -1
    outer loop
      vertex 45.1832 -30.8382 -7
      vertex 57.4323 -46.9213 -7
      vertex 56.826 -47.3694 -7
    endloop
  endfacet
  facet normal -0 0 -1
    outer loop
      vertex 62 37.5 -7
      vertex 45.5139 30.5486 -7
      vertex 61.9763 38.2535 -7
    endloop
  endfacet
  facet normal 0 0 -1
    outer loop
      vertex 45.1832 -30.8382 -7
      vertex 56.826 -47.3694 -7
      vertex 56.1929 -47.7785 -7
    endloop
  endfacet
  facet normal -0 0 -1
    outer loop
      vertex 61.9763 38.2535 -7
      vertex 45.5139 30.5486 -7
      vertex 61.9054 39.004 -7
    endloop
  endfacet
  facet normal 0 0 -1
    outer loop
      vertex 45.1832 -30.8382 -7
      vertex 56.1929 -47.7785 -7
      vertex 55.5353 -48.1471 -7
    endloop
  endfacet
  facet normal -0 0 -1
    outer loop
      vertex 61.9054 39.004 -7
      vertex 45.5139 30.5486 -7
      vertex 61.7874 39.7486 -7
    endloop
  endfacet
  facet normal 0 0 -1
    outer loop
      vertex 45.0049 -30.9668 -7
      vertex 55.5353 -48.1471 -7
      vertex 54.8558 -48.4737 -7
    endloop
  endfacet
  facet normal -0 0 -1
    outer loop
      vertex 61.7874 39.7486 -7
      vertex 45.3531 30.6986 -7
      vertex 61.623 40.4843 -7
    endloop
  endfacet
  facet normal 0 0 -1
    outer loop
      vertex 45.0049 -30.9668 -7
      vertex 54.8558 -48.4737 -7
      vertex 54.1572 -48.7569 -7
    endloop
  endfacet
  facet normal -0 0 -1
    outer loop
      vertex 61.623 40.4843 -7
      vertex 45.3531 30.6986 -7
      vertex 61.4127 41.2082 -7
    endloop
  endfacet
  facet normal 0 0 -1
    outer loop
      vertex 45.0049 -30.9668 -7
      vertex 54.1572 -48.7569 -7
      vertex 53.4422 -48.9957 -7
    endloop
  endfacet
  facet normal -0 0 -1
    outer loop
      vertex 61.4127 41.2082 -7
      vertex 45.3531 30.6986 -7
      vertex 61.1573 41.9175 -7
    endloop
  endfacet
  facet normal 0 0 -1
    outer loop
      vertex 45.0049 -30.9668 -7
      vertex 53.4422 -48.9957 -7
      vertex 52.7135 -49.1892 -7
    endloop
  endfacet
  facet normal -0 0 -1
    outer loop
      vertex 61.1573 41.9175 -7
      vertex 45.3531 30.6986 -7
      vertex 60.8579 42.6093 -7
    endloop
  endfacet
  facet normal 0 0 -1
    outer loop
      vertex 45.0049 -30.9668 -7
      vertex 52.7135 -49.1892 -7
      vertex 51.9742 -49.3365 -7
    endloop
  endfacet
  facet normal -0 0 -1
    outer loop
      vertex 60.8579 42.6093 -7
      vertex 45.3531 30.6986 -7
      vertex 60.5157 43.2811 -7
    endloop
  endfacet
  facet normal 0 0 -1
    outer loop
      vertex 45.0049 -30.9668 -7
      vertex 51.9742 -49.3365 -7
      vertex 51.2271 -49.4371 -7
    endloop
  endfacet
  facet normal -0 0 -1
    outer loop
      vertex 60.5157 43.2811 -7
      vertex 45.3531 30.6986 -7
      vertex 60.1319 43.9299 -7
    endloop
  endfacet
  facet normal 0 0 -1
    outer loop
      vertex 45.0049 -30.9668 -7
      vertex 51.2271 -49.4371 -7
      vertex 50.4751 -49.4906 -7
    endloop
  endfacet
  facet normal -0 0 -1
    outer loop
      vertex 60.1319 43.9299 -7
      vertex 45.3531 30.6986 -7
      vertex 59.7082 44.5534 -7
    endloop
  endfacet
  facet normal 0 0 -1
    outer loop
      vertex 44.8188 -31.0839 -7
      vertex 50.4751 -49.4906 -7
      vertex 49.7213 -49.4968 -7
    endloop
  endfacet
  facet normal 0 0 -1
    outer loop
      vertex 45.1832 30.8382 -7
      vertex 59.7082 44.5534 -7
      vertex 45.3531 30.6986 -7
    endloop
  endfacet
  facet normal 0 0 -1
    outer loop
      vertex 44.8188 -31.0839 -7
      vertex 49.7213 -49.4968 -7
      vertex 48.9686 -49.4556 -7
    endloop
  endfacet
  facet normal 0 0 -1
    outer loop
      vertex 44.8188 -31.0839 -7
      vertex 48.9686 -49.4556 -7
      vertex 48.2199 -49.3672 -7
    endloop
  endfacet
  facet normal 0 0 -1
    outer loop
      vertex 45.3531 30.6986 -7
      vertex 61.7874 39.7486 -7
      vertex 45.5139 30.5486 -7
    endloop
  endfacet
  facet normal -0 0 -1
    outer loop
      vertex 59.7082 44.5534 -7
      vertex 45.1832 30.8382 -7
      vertex 59.2462 45.1491 -7
    endloop
  endfacet
  facet normal 0 0 -1
    outer loop
      vertex 62 -37.5 -7
      vertex 46.5456 -28.1873 -7
      vertex 46.5463 -27.9674 -7
    endloop
  endfacet
  facet normal 0 0 -1
    outer loop
      vertex 62 -37.5 -7
      vertex 46.531 -28.4067 -7
      vertex 46.5456 -28.1873 -7
    endloop
  endfacet
  facet normal 0 0 -1
    outer loop
      vertex 62 -37.5 -7
      vertex 46.5027 -28.6247 -7
      vertex 46.531 -28.4067 -7
    endloop
  endfacet
  facet normal 0 0 -1
    outer loop
      vertex 62 -37.5 -7
      vertex 46.4607 -28.8406 -7
      vertex 46.5027 -28.6247 -7
    endloop
  endfacet
  facet normal 0 0 -1
    outer loop
      vertex 62 -37.5 -7
      vertex 46.4053 -29.0533 -7
      vertex 46.4607 -28.8406 -7
    endloop
  endfacet
  facet normal 0 0 -1
    outer loop
      vertex 62 -37.5 -7
      vertex 46.3366 -29.2622 -7
      vertex 46.4053 -29.0533 -7
    endloop
  endfacet
  facet normal 0 0 -1
    outer loop
      vertex 62 -37.5 -7
      vertex 46.255 -29.4664 -7
      vertex 46.3366 -29.2622 -7
    endloop
  endfacet
  facet normal 0 0 -1
    outer loop
      vertex 62 -37.5 -7
      vertex 46.1607 -29.665 -7
      vertex 46.255 -29.4664 -7
    endloop
  endfacet
  facet normal 0 0 -1
    outer loop
      vertex 62 -37.5 -7
      vertex 46.0541 -29.8573 -7
      vertex 46.1607 -29.665 -7
    endloop
  endfacet
  facet normal 0 0 -1
    outer loop
      vertex 62 -37.5 -7
      vertex 45.9356 -30.0425 -7
      vertex 46.0541 -29.8573 -7
    endloop
  endfacet
  facet normal 0 0 -1
    outer loop
      vertex 62 -37.5 -7
      vertex 45.8057 -30.22 -7
      vertex 45.9356 -30.0425 -7
    endloop
  endfacet
  facet normal 0 0 -1
    outer loop
      vertex 62 -37.5 -7
      vertex 45.665 -30.3889 -7
      vertex 45.8057 -30.22 -7
    endloop
  endfacet
  facet normal 0 0 -1
    outer loop
      vertex 62 -37.5 -7
      vertex 45.5139 -30.5486 -7
      vertex 45.665 -30.3889 -7
    endloop
  endfacet
  facet normal 0 0 -1
    outer loop
      vertex 61.732 -40.0217 -7
      vertex 45.3531 -30.6986 -7
      vertex 45.5139 -30.5486 -7
    endloop
  endfacet
  facet normal 0 0 -1
    outer loop
      vertex 59.9799 -44.1635 -7
      vertex 45.1832 -30.8382 -7
      vertex 45.3531 -30.6986 -7
    endloop
  endfacet
  facet normal 0 0 -1
    outer loop
      vertex 55.5353 -48.1471 -7
      vertex 45.0049 -30.9668 -7
      vertex 45.1832 -30.8382 -7
    endloop
  endfacet
  facet normal 0 0 -1
    outer loop
      vertex 50.4751 -49.4906 -7
      vertex 44.8188 -31.0839 -7
      vertex 45.0049 -30.9668 -7
    endloop
  endfacet
  facet normal 0 0 -1
    outer loop
      vertex 48.2199 -49.3672 -7
      vertex 44.6258 -31.1892 -7
      vertex 44.8188 -31.0839 -7
    endloop
  endfacet
  facet normal 0 0 -1
    outer loop
      vertex 48.2199 -49.3672 -7
      vertex 44.4265 -31.2821 -7
      vertex 44.6258 -31.1892 -7
    endloop
  endfacet
  facet normal 0 0 -1
    outer loop
      vertex 48.2199 -49.3672 -7
      vertex 44.2218 -31.3624 -7
      vertex 44.4265 -31.2821 -7
    endloop
  endfacet
  facet normal 0 0 -1
    outer loop
      vertex 48.2199 -49.3672 -7
      vertex 44.0124 -31.4296 -7
      vertex 44.2218 -31.3624 -7
    endloop
  endfacet
  facet normal 0 0 -1
    outer loop
      vertex 48.2199 -49.3672 -7
      vertex 43.7993 -31.4835 -7
      vertex 44.0124 -31.4296 -7
    endloop
  endfacet
  facet normal 0 0 -1
    outer loop
      vertex 48.2199 -49.3672 -7
      vertex 43.5831 -31.5239 -7
      vertex 43.7993 -31.4835 -7
    endloop
  endfacet
  facet normal 0 0 -1
    outer loop
      vertex 48.2199 -49.3672 -7
      vertex 43.3649 -31.5507 -7
      vertex 43.5831 -31.5239 -7
    endloop
  endfacet
  facet normal 0 0 -1
    outer loop
      vertex 48.2199 -49.3672 -7
      vertex 43.1454 -31.5638 -7
      vertex 43.3649 -31.5507 -7
    endloop
  endfacet
  facet normal 0 0 -1
    outer loop
      vertex 48.2199 -49.3672 -7
      vertex 42.9255 -31.563 -7
      vertex 43.1454 -31.5638 -7
    endloop
  endfacet
  facet normal 0 0 -1
    outer loop
      vertex 48.2199 -49.3672 -7
      vertex 42.7062 -31.5484 -7
      vertex 42.9255 -31.563 -7
    endloop
  endfacet
  facet normal 0 0 -1
    outer loop
      vertex 48.2199 -49.3672 -7
      vertex 42.4881 -31.5201 -7
      vertex 42.7062 -31.5484 -7
    endloop
  endfacet
  facet normal 0 0 -1
    outer loop
      vertex 48.2199 -49.3672 -7
      vertex 42.2723 -31.4782 -7
      vertex 42.4881 -31.5201 -7
    endloop
  endfacet
  facet normal 0 0 -1
    outer loop
      vertex 48.2199 -49.3672 -7
      vertex 42.0595 -31.4227 -7
      vertex 42.2723 -31.4782 -7
    endloop
  endfacet
  facet normal 0 0 -1
    outer loop
      vertex 48.2199 -49.3672 -7
      vertex 41.8506 -31.3541 -7
      vertex 42.0595 -31.4227 -7
    endloop
  endfacet
  facet normal 0 0 -1
    outer loop
      vertex 48.2199 -49.3672 -7
      vertex 27.7552 -26.2238 -7
      vertex 41.8506 -31.3541 -7
    endloop
  endfacet
  facet normal 0 0 -1
    outer loop
      vertex 48.2199 -49.3672 -7
      vertex 27.5511 -26.1421 -7
      vertex 27.7552 -26.2238 -7
    endloop
  endfacet
  facet normal 0 0 -1
    outer loop
      vertex 48.2199 -49.3672 -7
      vertex 27.3525 -26.0478 -7
      vertex 27.5511 -26.1421 -7
    endloop
  endfacet
  facet normal 0 0 -1
    outer loop
      vertex 48.2199 -49.3672 -7
      vertex 27.1602 -25.9412 -7
      vertex 27.3525 -26.0478 -7
    endloop
  endfacet
  facet normal 0 0 -1
    outer loop
      vertex 1.25581 -19.9605 -7
      vertex 27.1602 -25.9412 -7
      vertex 48.2199 -49.3672 -7
    endloop
  endfacet
  facet normal 0 0 -1
    outer loop
      vertex 27.1602 -25.9412 -7
      vertex 1.25581 -19.9605 -7
      vertex 26.9749 -25.8227 -7
    endloop
  endfacet
  facet normal 0 -0 -1
    outer loop
      vertex 2.50666 -19.8423 -7
      vertex 26.9749 -25.8227 -7
      vertex 1.25581 -19.9605 -7
    endloop
  endfacet
  facet normal 0 0 -1
    outer loop
      vertex 26.9749 -25.8227 -7
      vertex 2.50666 -19.8423 -7
      vertex 26.7975 -25.6929 -7
    endloop
  endfacet
  facet normal 0 -0 -1
    outer loop
      vertex 3.74763 -19.6457 -7
      vertex 26.7975 -25.6929 -7
      vertex 2.50666 -19.8423 -7
    endloop
  endfacet
  facet normal 0 -0 -1
    outer loop
      vertex 18.0965 -8.51558 -7
      vertex 26.2632 -6.93462 -7
      vertex 17.5261 -9.63507 -7
    endloop
  endfacet
  facet normal 0 -0 -1
    outer loop
      vertex 18.5955 -7.36249 -7
      vertex 25.8391 -6.56072 -7
      vertex 18.0965 -8.51558 -7
    endloop
  endfacet
  facet normal -0 0 -1
    outer loop
      vertex 25.8391 -6.56072 -7
      vertex 18.5955 -7.36249 -7
      vertex 25.4393 -6.16092 -7
    endloop
  endfacet
  facet normal -0 0 -1
    outer loop
      vertex 25.4393 -6.16092 -7
      vertex 18.5955 -7.36249 -7
      vertex 25.0654 -5.73682 -7
    endloop
  endfacet
  facet normal 0 0 -1
    outer loop
      vertex 11.7557 -16.1803 -7
      vertex 25.4537 -23.0326 -7
      vertex 25.4667 -23.2521 -7
    endloop
  endfacet
  facet normal 0 -0 -1
    outer loop
      vertex 19.0211 -6.18034 -7
      vertex 25.0654 -5.73682 -7
      vertex 18.5955 -7.36249 -7
    endloop
  endfacet
  facet normal -0 0 -1
    outer loop
      vertex 24.7188 -5.29007 -7
      vertex 19.0211 -6.18034 -7
      vertex 24.401 -4.82244 -7
    endloop
  endfacet
  facet normal 0 -0 -1
    outer loop
      vertex 19.3717 -4.9738 -7
      vertex 24.401 -4.82244 -7
      vertex 19.0211 -6.18034 -7
    endloop
  endfacet
  facet normal -0 0 -1
    outer loop
      vertex 24.401 -4.82244 -7
      vertex 19.3717 -4.9738 -7
      vertex 24.1132 -4.33578 -7
    endloop
  endfacet
  facet normal 0 -0 -1
    outer loop
      vertex 19.6457 -3.74763 -7
      vertex 23.8566 -3.83201 -7
      vertex 19.3717 -4.9738 -7
    endloop
  endfacet
  facet normal 0 0 -1
    outer loop
      vertex 23.8566 -3.83201 -7
      vertex 19.6457 -3.74763 -7
      vertex 23.632 -3.31312 -7
    endloop
  endfacet
  facet normal 0 0 -1
    outer loop
      vertex 23.0178 -0.565114 -7
      vertex 20 0 -7
      vertex 23 0 -7
    endloop
  endfacet
  facet normal 0 0 -1
    outer loop
      vertex 19.9605 -1.25581 -7
      vertex 23.0178 -0.565114 -7
      vertex 23.071 -1.128 -7
    endloop
  endfacet
  facet normal -0 0 -1
    outer loop
      vertex 23.632 -3.31312 -7
      vertex 19.6457 -3.74763 -7
      vertex 23.4405 -2.78115 -7
    endloop
  endfacet
  facet normal 0 0 -1
    outer loop
      vertex 10.7165 -16.8866 -7
      vertex 25.4667 -23.2521 -7
      vertex 25.4935 -23.4703 -7
    endloop
  endfacet
  facet normal 0 0 -1
    outer loop
      vertex 10.7165 -16.8866 -7
      vertex 25.4935 -23.4703 -7
      vertex 25.534 -23.6864 -7
    endloop
  endfacet
  facet normal -0 0 -1
    outer loop
      vertex 23.0178 -0.565114 -7
      vertex 19.9605 -1.25581 -7
      vertex 20 0 -7
    endloop
  endfacet
  facet normal 0 0 -1
    outer loop
      vertex 23.1594 -1.68643 -7
      vertex 19.9605 -1.25581 -7
      vertex 23.071 -1.128 -7
    endloop
  endfacet
  facet normal 0 0 -1
    outer loop
      vertex 9.63507 -17.5261 -7
      vertex 25.534 -23.6864 -7
      vertex 25.5879 -23.8996 -7
    endloop
  endfacet
  facet normal 0 -0 -1
    outer loop
      vertex 19.9605 -1.25581 -7
      vertex 23.1594 -1.68643 -7
      vertex 19.8423 -2.50666 -7
    endloop
  endfacet
  facet normal -0 0 -1
    outer loop
      vertex 23.2828 -2.23821 -7
      vertex 19.8423 -2.50666 -7
      vertex 23.1594 -1.68643 -7
    endloop
  endfacet
  facet normal 0 0 -1
    outer loop
      vertex 9.63507 -17.5261 -7
      vertex 25.5879 -23.8996 -7
      vertex 25.6551 -24.1089 -7
    endloop
  endfacet
  facet normal 0 0 -1
    outer loop
      vertex 23.4405 -2.78115 -7
      vertex 19.8423 -2.50666 -7
      vertex 23.2828 -2.23821 -7
    endloop
  endfacet
  facet normal 0 -0 -1
    outer loop
      vertex 19.8423 -2.50666 -7
      vertex 23.4405 -2.78115 -7
      vertex 19.6457 -3.74763 -7
    endloop
  endfacet
  facet normal 0 0 -1
    outer loop
      vertex 8.51558 -18.0965 -7
      vertex 25.6551 -24.1089 -7
      vertex 25.7353 -24.3136 -7
    endloop
  endfacet
  facet normal -0 0 -1
    outer loop
      vertex 24.1132 -4.33578 -7
      vertex 19.3717 -4.9738 -7
      vertex 23.8566 -3.83201 -7
    endloop
  endfacet
  facet normal 0 0 -1
    outer loop
      vertex 8.51558 -18.0965 -7
      vertex 25.7353 -24.3136 -7
      vertex 25.8283 -24.5129 -7
    endloop
  endfacet
  facet normal -0 0 -1
    outer loop
      vertex 25.0654 -5.73682 -7
      vertex 19.0211 -6.18034 -7
      vertex 24.7188 -5.29007 -7
    endloop
  endfacet
  facet normal 0 0 -1
    outer loop
      vertex 8.51558 -18.0965 -7
      vertex 25.8283 -24.5129 -7
      vertex 25.9335 -24.706 -7
    endloop
  endfacet
  facet normal -0 0 -1
    outer loop
      vertex 26.2632 -6.93462 -7
      vertex 18.0965 -8.51558 -7
      vertex 25.8391 -6.56072 -7
    endloop
  endfacet
  facet normal 0 0 -1
    outer loop
      vertex 7.36249 -18.5955 -7
      vertex 25.9335 -24.706 -7
      vertex 26.0507 -24.892 -7
    endloop
  endfacet
  facet normal 0 0 -1
    outer loop
      vertex 26.6469 -20.3014 -7
      vertex 16.1803 -11.7557 -7
      vertex 16.8866 -10.7165 -7
    endloop
  endfacet
  facet normal 0 0 -1
    outer loop
      vertex 6.18034 -19.0211 -7
      vertex 26.0507 -24.892 -7
      vertex 26.1793 -25.0704 -7
    endloop
  endfacet
  facet normal 0 0 -1
    outer loop
      vertex 26.1943 -20.78 -7
      vertex 15.4103 -12.7485 -7
      vertex 16.1803 -11.7557 -7
    endloop
  endfacet
  facet normal 0 0 -1
    outer loop
      vertex 6.18034 -19.0211 -7
      vertex 26.1793 -25.0704 -7
      vertex 26.3189 -25.2403 -7
    endloop
  endfacet
  facet normal 0 0 -1
    outer loop
      vertex 25.9459 -21.1427 -7
      vertex 14.5794 -13.6909 -7
      vertex 15.4103 -12.7485 -7
    endloop
  endfacet
  facet normal 0 0 -1
    outer loop
      vertex 26.7975 -25.6929 -7
      vertex 3.74763 -19.6457 -7
      vertex 26.6286 -25.5521 -7
    endloop
  endfacet
  facet normal 0 0 -1
    outer loop
      vertex 25.6634 -21.7378 -7
      vertex 13.6909 -14.5794 -7
      vertex 14.5794 -13.6909 -7
    endloop
  endfacet
  facet normal 0 0 -1
    outer loop
      vertex 25.5393 -22.1594 -7
      vertex 12.7485 -15.4103 -7
      vertex 13.6909 -14.5794 -7
    endloop
  endfacet
  facet normal 0 0 -1
    outer loop
      vertex 25.4544 -22.8127 -7
      vertex 11.7557 -16.1803 -7
      vertex 12.7485 -15.4103 -7
    endloop
  endfacet
  facet normal 0 0 -1
    outer loop
      vertex 25.4667 -23.2521 -7
      vertex 10.7165 -16.8866 -7
      vertex 11.7557 -16.1803 -7
    endloop
  endfacet
  facet normal 0 0 -1
    outer loop
      vertex 25.534 -23.6864 -7
      vertex 9.63507 -17.5261 -7
      vertex 10.7165 -16.8866 -7
    endloop
  endfacet
  facet normal 0 0 -1
    outer loop
      vertex 25.6551 -24.1089 -7
      vertex 8.51558 -18.0965 -7
      vertex 9.63507 -17.5261 -7
    endloop
  endfacet
  facet normal 0 0 -1
    outer loop
      vertex 25.9335 -24.706 -7
      vertex 7.36249 -18.5955 -7
      vertex 8.51558 -18.0965 -7
    endloop
  endfacet
  facet normal 0 0 -1
    outer loop
      vertex 26.0507 -24.892 -7
      vertex 6.18034 -19.0211 -7
      vertex 7.36249 -18.5955 -7
    endloop
  endfacet
  facet normal 0 0 -1
    outer loop
      vertex 26.3189 -25.2403 -7
      vertex 4.9738 -19.3717 -7
      vertex 6.18034 -19.0211 -7
    endloop
  endfacet
  facet normal 0 0 -1
    outer loop
      vertex 26.4688 -25.4011 -7
      vertex 4.9738 -19.3717 -7
      vertex 26.3189 -25.2403 -7
    endloop
  endfacet
  facet normal 0 0 -1
    outer loop
      vertex 26.6286 -25.5521 -7
      vertex 4.9738 -19.3717 -7
      vertex 26.4688 -25.4011 -7
    endloop
  endfacet
  facet normal 0 -0 -1
    outer loop
      vertex 4.9738 -19.3717 -7
      vertex 26.6286 -25.5521 -7
      vertex 3.74763 -19.6457 -7
    endloop
  endfacet
  facet normal 0 0 -1
    outer loop
      vertex 48.2199 -49.3672 -7
      vertex 0 -20 -7
      vertex 1.25581 -19.9605 -7
    endloop
  endfacet
  facet normal 0 0 -1
    outer loop
      vertex 48.2199 -49.3672 -7
      vertex -1.25581 -19.9605 -7
      vertex 0 -20 -7
    endloop
  endfacet
  facet normal 0 0 -1
    outer loop
      vertex 48.2199 -49.3672 -7
      vertex -2.50666 -19.8423 -7
      vertex -1.25581 -19.9605 -7
    endloop
  endfacet
  facet normal 0 0 -1
    outer loop
      vertex -51.7801 -34.3672 -7
      vertex -2.50666 -19.8423 -7
      vertex 48.2199 -49.3672 -7
    endloop
  endfacet
  facet normal -0 0 -1
    outer loop
      vertex -2.50666 -19.8423 -7
      vertex -51.7801 -34.3672 -7
      vertex -3.74763 -19.6457 -7
    endloop
  endfacet
  facet normal -0 0 -1
    outer loop
      vertex -3.74763 -19.6457 -7
      vertex -51.7801 -34.3672 -7
      vertex -4.9738 -19.3717 -7
    endloop
  endfacet
  facet normal -0 0 -1
    outer loop
      vertex -4.9738 -19.3717 -7
      vertex -51.7801 -34.3672 -7
      vertex -6.18034 -19.0211 -7
    endloop
  endfacet
  facet normal -0 0 -1
    outer loop
      vertex -6.18034 -19.0211 -7
      vertex -51.7801 -34.3672 -7
      vertex -7.36249 -18.5955 -7
    endloop
  endfacet
  facet normal -0 0 -1
    outer loop
      vertex -7.36249 -18.5955 -7
      vertex -51.7801 -34.3672 -7
      vertex -8.51558 -18.0965 -7
    endloop
  endfacet
  facet normal -0 0 -1
    outer loop
      vertex -19.8423 -2.50666 -7
      vertex -62 -22.5 -7
      vertex -19.9605 -1.25581 -7
    endloop
  endfacet
  facet normal -0 0 -1
    outer loop
      vertex -19.6457 -3.74763 -7
      vertex -62 -22.5 -7
      vertex -19.8423 -2.50666 -7
    endloop
  endfacet
  facet normal -0 0 -1
    outer loop
      vertex -19.3717 -4.9738 -7
      vertex -62 -22.5 -7
      vertex -19.6457 -3.74763 -7
    endloop
  endfacet
  facet normal -0 0 -1
    outer loop
      vertex -19.0211 -6.18034 -7
      vertex -62 -22.5 -7
      vertex -19.3717 -4.9738 -7
    endloop
  endfacet
  facet normal 0 0 -1
    outer loop
      vertex -62 -22.5 -7
      vertex -19.0211 -6.18034 -7
      vertex -51.7801 -34.3672 -7
    endloop
  endfacet
  facet normal -0 0 -1
    outer loop
      vertex -18.5955 -7.36249 -7
      vertex -51.7801 -34.3672 -7
      vertex -19.0211 -6.18034 -7
    endloop
  endfacet
  facet normal -0 0 -1
    outer loop
      vertex -18.0965 -8.51558 -7
      vertex -51.7801 -34.3672 -7
      vertex -18.5955 -7.36249 -7
    endloop
  endfacet
  facet normal -0 0 -1
    outer loop
      vertex -17.5261 -9.63507 -7
      vertex -51.7801 -34.3672 -7
      vertex -18.0965 -8.51558 -7
    endloop
  endfacet
  facet normal -0 0 -1
    outer loop
      vertex -16.8866 -10.7165 -7
      vertex -51.7801 -34.3672 -7
      vertex -17.5261 -9.63507 -7
    endloop
  endfacet
  facet normal -0 0 -1
    outer loop
      vertex -16.1803 -11.7557 -7
      vertex -51.7801 -34.3672 -7
      vertex -16.8866 -10.7165 -7
    endloop
  endfacet
  facet normal -0 0 -1
    outer loop
      vertex -15.4103 -12.7485 -7
      vertex -51.7801 -34.3672 -7
      vertex -16.1803 -11.7557 -7
    endloop
  endfacet
  facet normal -0 0 -1
    outer loop
      vertex -14.5794 -13.6909 -7
      vertex -51.7801 -34.3672 -7
      vertex -15.4103 -12.7485 -7
    endloop
  endfacet
  facet normal -0 0 -1
    outer loop
      vertex -13.6909 -14.5794 -7
      vertex -51.7801 -34.3672 -7
      vertex -14.5794 -13.6909 -7
    endloop
  endfacet
  facet normal -0 0 -1
    outer loop
      vertex -12.7485 -15.4103 -7
      vertex -51.7801 -34.3672 -7
      vertex -13.6909 -14.5794 -7
    endloop
  endfacet
  facet normal -0 0 -1
    outer loop
      vertex -11.7557 -16.1803 -7
      vertex -51.7801 -34.3672 -7
      vertex -12.7485 -15.4103 -7
    endloop
  endfacet
  facet normal -0 0 -1
    outer loop
      vertex -10.7165 -16.8866 -7
      vertex -51.7801 -34.3672 -7
      vertex -11.7557 -16.1803 -7
    endloop
  endfacet
  facet normal -0 0 -1
    outer loop
      vertex -9.63507 -17.5261 -7
      vertex -51.7801 -34.3672 -7
      vertex -10.7165 -16.8866 -7
    endloop
  endfacet
  facet normal -0 0 -1
    outer loop
      vertex -8.51558 -18.0965 -7
      vertex -51.7801 -34.3672 -7
      vertex -9.63507 -17.5261 -7
    endloop
  endfacet
  facet normal -0 0 -1
    outer loop
      vertex 59.2462 45.1491 -7
      vertex 45.1832 30.8382 -7
      vertex 58.7476 45.7146 -7
    endloop
  endfacet
  facet normal -0 0 -1
    outer loop
      vertex 58.7476 45.7146 -7
      vertex 45.1832 30.8382 -7
      vertex 58.2146 46.2476 -7
    endloop
  endfacet
  facet normal -0 0 -1
    outer loop
      vertex 58.2146 46.2476 -7
      vertex 45.1832 30.8382 -7
      vertex 57.6491 46.7462 -7
    endloop
  endfacet
  facet normal -0 0 -1
    outer loop
      vertex 57.6491 46.7462 -7
      vertex 45.1832 30.8382 -7
      vertex 57.0534 47.2082 -7
    endloop
  endfacet
  facet normal -0 0 -1
    outer loop
      vertex 57.0534 47.2082 -7
      vertex 45.1832 30.8382 -7
      vertex 56.4299 47.6319 -7
    endloop
  endfacet
  facet normal -0 0 -1
    outer loop
      vertex 56.4299 47.6319 -7
      vertex 45.1832 30.8382 -7
      vertex 55.7811 48.0157 -7
    endloop
  endfacet
  facet normal 0 0 -1
    outer loop
      vertex 45.0049 30.9668 -7
      vertex 55.7811 48.0157 -7
      vertex 45.1832 30.8382 -7
    endloop
  endfacet
  facet normal -0 0 -1
    outer loop
      vertex 55.7811 48.0157 -7
      vertex 45.0049 30.9668 -7
      vertex 55.1093 48.3579 -7
    endloop
  endfacet
  facet normal -0 0 -1
    outer loop
      vertex 55.1093 48.3579 -7
      vertex 45.0049 30.9668 -7
      vertex 54.4175 48.6573 -7
    endloop
  endfacet
  facet normal -0 0 -1
    outer loop
      vertex 54.4175 48.6573 -7
      vertex 45.0049 30.9668 -7
      vertex 53.7082 48.9127 -7
    endloop
  endfacet
  facet normal -0 0 -1
    outer loop
      vertex 53.7082 48.9127 -7
      vertex 45.0049 30.9668 -7
      vertex 52.9843 49.123 -7
    endloop
  endfacet
  facet normal -0 0 -1
    outer loop
      vertex 52.9843 49.123 -7
      vertex 45.0049 30.9668 -7
      vertex 52.2486 49.2874 -7
    endloop
  endfacet
  facet normal -0 0 -1
    outer loop
      vertex 52.2486 49.2874 -7
      vertex 45.0049 30.9668 -7
      vertex 51.504 49.4054 -7
    endloop
  endfacet
  facet normal -0 0 -1
    outer loop
      vertex 51.504 49.4054 -7
      vertex 45.0049 30.9668 -7
      vertex 50.7535 49.4763 -7
    endloop
  endfacet
  facet normal 0 0 -1
    outer loop
      vertex 44.8188 31.0839 -7
      vertex 50.7535 49.4763 -7
      vertex 45.0049 30.9668 -7
    endloop
  endfacet
  facet normal -0 0 -1
    outer loop
      vertex 50.7535 49.4763 -7
      vertex 44.8188 31.0839 -7
      vertex 50 49.5 -7
    endloop
  endfacet
  facet normal 0 0 -1
    outer loop
      vertex 50 49.5 -7
      vertex 44.8188 31.0839 -7
      vertex 49.2465 49.4763 -7
    endloop
  endfacet
  facet normal 0 0 -1
    outer loop
      vertex 49.2465 49.4763 -7
      vertex 44.8188 31.0839 -7
      vertex 48.2199 49.3672 -7
    endloop
  endfacet
  facet normal 0 0 -1
    outer loop
      vertex 44.6258 31.1892 -7
      vertex 48.2199 49.3672 -7
      vertex 44.8188 31.0839 -7
    endloop
  endfacet
  facet normal 0 0 -1
    outer loop
      vertex 44.4265 31.2821 -7
      vertex 48.2199 49.3672 -7
      vertex 44.6258 31.1892 -7
    endloop
  endfacet
  facet normal 0 0 -1
    outer loop
      vertex 44.2218 31.3624 -7
      vertex 48.2199 49.3672 -7
      vertex 44.4265 31.2821 -7
    endloop
  endfacet
  facet normal 0 0 -1
    outer loop
      vertex 44.0124 31.4296 -7
      vertex 48.2199 49.3672 -7
      vertex 44.2218 31.3624 -7
    endloop
  endfacet
  facet normal 0 0 -1
    outer loop
      vertex 43.7993 31.4835 -7
      vertex 48.2199 49.3672 -7
      vertex 44.0124 31.4296 -7
    endloop
  endfacet
  facet normal 0 0 -1
    outer loop
      vertex 43.5831 31.5239 -7
      vertex 48.2199 49.3672 -7
      vertex 43.7993 31.4835 -7
    endloop
  endfacet
  facet normal 0 0 -1
    outer loop
      vertex 43.3649 31.5507 -7
      vertex 48.2199 49.3672 -7
      vertex 43.5831 31.5239 -7
    endloop
  endfacet
  facet normal 0 0 -1
    outer loop
      vertex 43.1454 31.5638 -7
      vertex 48.2199 49.3672 -7
      vertex 43.3649 31.5507 -7
    endloop
  endfacet
  facet normal 0 0 -1
    outer loop
      vertex 42.9255 31.563 -7
      vertex 48.2199 49.3672 -7
      vertex 43.1454 31.5638 -7
    endloop
  endfacet
  facet normal 0 0 -1
    outer loop
      vertex 42.7062 31.5484 -7
      vertex 48.2199 49.3672 -7
      vertex 42.9255 31.563 -7
    endloop
  endfacet
  facet normal 0 0 -1
    outer loop
      vertex 42.4881 31.5201 -7
      vertex 48.2199 49.3672 -7
      vertex 42.7062 31.5484 -7
    endloop
  endfacet
  facet normal 0 0 -1
    outer loop
      vertex 42.2723 31.4782 -7
      vertex 48.2199 49.3672 -7
      vertex 42.4881 31.5201 -7
    endloop
  endfacet
  facet normal 0 0 -1
    outer loop
      vertex 42.0595 31.4227 -7
      vertex 48.2199 49.3672 -7
      vertex 42.2723 31.4782 -7
    endloop
  endfacet
  facet normal 0 0 -1
    outer loop
      vertex 41.8506 31.3541 -7
      vertex 48.2199 49.3672 -7
      vertex 42.0595 31.4227 -7
    endloop
  endfacet
  facet normal 0 0 -1
    outer loop
      vertex 27.7552 26.2238 -7
      vertex 48.2199 49.3672 -7
      vertex 41.8506 31.3541 -7
    endloop
  endfacet
  facet normal 0 0 -1
    outer loop
      vertex 27.5511 26.1421 -7
      vertex 48.2199 49.3672 -7
      vertex 27.7552 26.2238 -7
    endloop
  endfacet
  facet normal 0 0 -1
    outer loop
      vertex 27.3525 26.0478 -7
      vertex 48.2199 49.3672 -7
      vertex 27.5511 26.1421 -7
    endloop
  endfacet
  facet normal 0 0 -1
    outer loop
      vertex 27.1602 25.9412 -7
      vertex 48.2199 49.3672 -7
      vertex 27.3525 26.0478 -7
    endloop
  endfacet
  facet normal 0 0 -1
    outer loop
      vertex 1.25581 19.9605 -7
      vertex 27.1602 25.9412 -7
      vertex 26.9749 25.8227 -7
    endloop
  endfacet
  facet normal 0 0 -1
    outer loop
      vertex 2.50666 19.8423 -7
      vertex 26.9749 25.8227 -7
      vertex 26.7975 25.6929 -7
    endloop
  endfacet
  facet normal 0 0 -1
    outer loop
      vertex 3.74763 19.6457 -7
      vertex 26.7975 25.6929 -7
      vertex 26.6286 25.5521 -7
    endloop
  endfacet
  facet normal 0 0 -1
    outer loop
      vertex 4.9738 19.3717 -7
      vertex 26.6286 25.5521 -7
      vertex 26.4688 25.4011 -7
    endloop
  endfacet
  facet normal 0 0 -1
    outer loop
      vertex 4.9738 19.3717 -7
      vertex 26.4688 25.4011 -7
      vertex 26.3189 25.2403 -7
    endloop
  endfacet
  facet normal 0 0 -1
    outer loop
      vertex 13.6909 14.5794 -7
      vertex 25.6634 21.7378 -7
      vertex 14.5794 13.6909 -7
    endloop
  endfacet
  facet normal 0 0 -1
    outer loop
      vertex 19.0211 6.18034 -7
      vertex 25.0654 5.73682 -7
      vertex 24.7188 5.29007 -7
    endloop
  endfacet
  facet normal 0 0 -1
    outer loop
      vertex 19.0211 6.18034 -7
      vertex 24.7188 5.29007 -7
      vertex 24.401 4.82244 -7
    endloop
  endfacet
  facet normal 0 0 -1
    outer loop
      vertex 19.3717 4.9738 -7
      vertex 24.401 4.82244 -7
      vertex 24.1132 4.33578 -7
    endloop
  endfacet
  facet normal -0 0 -1
    outer loop
      vertex 25.6634 21.7378 -7
      vertex 13.6909 14.5794 -7
      vertex 25.5947 21.9467 -7
    endloop
  endfacet
  facet normal 0 0 -1
    outer loop
      vertex 19.3717 4.9738 -7
      vertex 24.1132 4.33578 -7
      vertex 23.8566 3.83201 -7
    endloop
  endfacet
  facet normal 0 0 -1
    outer loop
      vertex 19.6457 3.74763 -7
      vertex 23.8566 3.83201 -7
      vertex 23.632 3.31312 -7
    endloop
  endfacet
  facet normal 0 0 -1
    outer loop
      vertex 19.6457 3.74763 -7
      vertex 23.632 3.31312 -7
      vertex 23.4405 2.78115 -7
    endloop
  endfacet
  facet normal 0 0 -1
    outer loop
      vertex 19.8423 2.50666 -7
      vertex 23.4405 2.78115 -7
      vertex 23.2828 2.23821 -7
    endloop
  endfacet
  facet normal 0 0 -1
    outer loop
      vertex 19.8423 2.50666 -7
      vertex 23.2828 2.23821 -7
      vertex 23.1594 1.68643 -7
    endloop
  endfacet
  facet normal 0 0 -1
    outer loop
      vertex 19.9605 1.25581 -7
      vertex 23.1594 1.68643 -7
      vertex 23.071 1.128 -7
    endloop
  endfacet
  facet normal 0 0 -1
    outer loop
      vertex 20 0 -7
      vertex 23.0178 0.565114 -7
      vertex 23 0 -7
    endloop
  endfacet
  facet normal 0 0 -1
    outer loop
      vertex 19.9605 1.25581 -7
      vertex 23.0178 0.565114 -7
      vertex 20 0 -7
    endloop
  endfacet
  facet normal 0 0 -1
    outer loop
      vertex 23.0178 0.565114 -7
      vertex 19.9605 1.25581 -7
      vertex 23.071 1.128 -7
    endloop
  endfacet
  facet normal -0 0 -1
    outer loop
      vertex 23.1594 1.68643 -7
      vertex 19.9605 1.25581 -7
      vertex 19.8423 2.50666 -7
    endloop
  endfacet
  facet normal -0 0 -1
    outer loop
      vertex 23.4405 2.78115 -7
      vertex 19.8423 2.50666 -7
      vertex 19.6457 3.74763 -7
    endloop
  endfacet
  facet normal -0 0 -1
    outer loop
      vertex 23.8566 3.83201 -7
      vertex 19.6457 3.74763 -7
      vertex 19.3717 4.9738 -7
    endloop
  endfacet
  facet normal 0 0 -1
    outer loop
      vertex 24.401 4.82244 -7
      vertex 19.3717 4.9738 -7
      vertex 19.0211 6.18034 -7
    endloop
  endfacet
  facet normal 0 0 -1
    outer loop
      vertex 25.0654 5.73682 -7
      vertex 19.0211 6.18034 -7
      vertex 18.5955 7.36249 -7
    endloop
  endfacet
  facet normal 0 0 -1
    outer loop
      vertex 25.0654 5.73682 -7
      vertex 18.5955 7.36249 -7
      vertex 18.0965 8.51558 -7
    endloop
  endfacet
  facet normal 0 0 -1
    outer loop
      vertex 25.0654 5.73682 -7
      vertex 18.0965 8.51558 -7
      vertex 17.5261 9.63507 -7
    endloop
  endfacet
  facet normal -0 0 -1
    outer loop
      vertex 25.5947 21.9467 -7
      vertex 13.6909 14.5794 -7
      vertex 25.5393 22.1594 -7
    endloop
  endfacet
  facet normal 0 0 -1
    outer loop
      vertex 12.7485 15.4103 -7
      vertex 25.5393 22.1594 -7
      vertex 13.6909 14.5794 -7
    endloop
  endfacet
  facet normal -0 0 -1
    outer loop
      vertex 25.5393 22.1594 -7
      vertex 12.7485 15.4103 -7
      vertex 25.4973 22.3753 -7
    endloop
  endfacet
  facet normal -0 0 -1
    outer loop
      vertex 25.4973 22.3753 -7
      vertex 12.7485 15.4103 -7
      vertex 25.469 22.5933 -7
    endloop
  endfacet
  facet normal -0 0 -1
    outer loop
      vertex 25.469 22.5933 -7
      vertex 12.7485 15.4103 -7
      vertex 25.4544 22.8127 -7
    endloop
  endfacet
  facet normal 0 0 -1
    outer loop
      vertex 11.7557 16.1803 -7
      vertex 25.4544 22.8127 -7
      vertex 12.7485 15.4103 -7
    endloop
  endfacet
  facet normal -0 0 -1
    outer loop
      vertex 25.4544 22.8127 -7
      vertex 11.7557 16.1803 -7
      vertex 25.4537 23.0326 -7
    endloop
  endfacet
  facet normal -0 0 -1
    outer loop
      vertex 25.4537 23.0326 -7
      vertex 11.7557 16.1803 -7
      vertex 25.4667 23.2521 -7
    endloop
  endfacet
  facet normal 0 0 -1
    outer loop
      vertex 10.7165 16.8866 -7
      vertex 25.4667 23.2521 -7
      vertex 11.7557 16.1803 -7
    endloop
  endfacet
  facet normal -0 0 -1
    outer loop
      vertex 25.4667 23.2521 -7
      vertex 10.7165 16.8866 -7
      vertex 25.4935 23.4703 -7
    endloop
  endfacet
  facet normal -0 0 -1
    outer loop
      vertex 25.4935 23.4703 -7
      vertex 10.7165 16.8866 -7
      vertex 25.534 23.6864 -7
    endloop
  endfacet
  facet normal 0 0 -1
    outer loop
      vertex 9.63507 17.5261 -7
      vertex 25.534 23.6864 -7
      vertex 10.7165 16.8866 -7
    endloop
  endfacet
  facet normal -0 0 -1
    outer loop
      vertex 25.534 23.6864 -7
      vertex 9.63507 17.5261 -7
      vertex 25.5879 23.8996 -7
    endloop
  endfacet
  facet normal -0 0 -1
    outer loop
      vertex 25.5879 23.8996 -7
      vertex 9.63507 17.5261 -7
      vertex 25.6551 24.1089 -7
    endloop
  endfacet
  facet normal 0 0 -1
    outer loop
      vertex 8.51558 18.0965 -7
      vertex 25.6551 24.1089 -7
      vertex 9.63507 17.5261 -7
    endloop
  endfacet
  facet normal -0 0 -1
    outer loop
      vertex 25.6551 24.1089 -7
      vertex 8.51558 18.0965 -7
      vertex 25.7353 24.3136 -7
    endloop
  endfacet
  facet normal -0 0 -1
    outer loop
      vertex 25.7353 24.3136 -7
      vertex 8.51558 18.0965 -7
      vertex 25.8283 24.5129 -7
    endloop
  endfacet
  facet normal -0 0 -1
    outer loop
      vertex 25.8283 24.5129 -7
      vertex 8.51558 18.0965 -7
      vertex 25.9335 24.706 -7
    endloop
  endfacet
  facet normal 0 0 -1
    outer loop
      vertex 7.36249 18.5955 -7
      vertex 25.9335 24.706 -7
      vertex 8.51558 18.0965 -7
    endloop
  endfacet
  facet normal -0 0 -1
    outer loop
      vertex 25.9335 24.706 -7
      vertex 7.36249 18.5955 -7
      vertex 26.0507 24.892 -7
    endloop
  endfacet
  facet normal 0 0 -1
    outer loop
      vertex 6.18034 19.0211 -7
      vertex 26.0507 24.892 -7
      vertex 7.36249 18.5955 -7
    endloop
  endfacet
  facet normal -0 0 -1
    outer loop
      vertex 26.0507 24.892 -7
      vertex 6.18034 19.0211 -7
      vertex 26.1793 25.0704 -7
    endloop
  endfacet
  facet normal -0 0 -1
    outer loop
      vertex 26.1793 25.0704 -7
      vertex 6.18034 19.0211 -7
      vertex 26.3189 25.2403 -7
    endloop
  endfacet
  facet normal 0 0 -1
    outer loop
      vertex 4.9738 19.3717 -7
      vertex 26.3189 25.2403 -7
      vertex 6.18034 19.0211 -7
    endloop
  endfacet
  facet normal 0 0 -1
    outer loop
      vertex 26.6286 25.5521 -7
      vertex 4.9738 19.3717 -7
      vertex 3.74763 19.6457 -7
    endloop
  endfacet
  facet normal 0 0 -1
    outer loop
      vertex 26.7975 25.6929 -7
      vertex 3.74763 19.6457 -7
      vertex 2.50666 19.8423 -7
    endloop
  endfacet
  facet normal 0 0 -1
    outer loop
      vertex 26.9749 25.8227 -7
      vertex 2.50666 19.8423 -7
      vertex 1.25581 19.9605 -7
    endloop
  endfacet
  facet normal -0 0 -1
    outer loop
      vertex 27.1602 25.9412 -7
      vertex 1.25581 19.9605 -7
      vertex 48.2199 49.3672 -7
    endloop
  endfacet
  facet normal 0 0 -1
    outer loop
      vertex 0 20 -7
      vertex 48.2199 49.3672 -7
      vertex 1.25581 19.9605 -7
    endloop
  endfacet
  facet normal 0 0 -1
    outer loop
      vertex -1.25581 19.9605 -7
      vertex 48.2199 49.3672 -7
      vertex 0 20 -7
    endloop
  endfacet
  facet normal 0 0 -1
    outer loop
      vertex -2.50666 19.8423 -7
      vertex 48.2199 49.3672 -7
      vertex -1.25581 19.9605 -7
    endloop
  endfacet
  facet normal 0 0 -1
    outer loop
      vertex -51.7801 34.3672 -7
      vertex -2.50666 19.8423 -7
      vertex -3.74763 19.6457 -7
    endloop
  endfacet
  facet normal 0 0 -1
    outer loop
      vertex -51.7801 34.3672 -7
      vertex -3.74763 19.6457 -7
      vertex -4.9738 19.3717 -7
    endloop
  endfacet
  facet normal 0 0 -1
    outer loop
      vertex -51.7801 34.3672 -7
      vertex -4.9738 19.3717 -7
      vertex -6.18034 19.0211 -7
    endloop
  endfacet
  facet normal 0 0 -1
    outer loop
      vertex -51.7801 34.3672 -7
      vertex -6.18034 19.0211 -7
      vertex -7.36249 18.5955 -7
    endloop
  endfacet
  facet normal 0 0 -1
    outer loop
      vertex -51.7801 34.3672 -7
      vertex -7.36249 18.5955 -7
      vertex -8.51558 18.0965 -7
    endloop
  endfacet
  facet normal 0 0 -1
    outer loop
      vertex -51.7801 34.3672 -7
      vertex -8.51558 18.0965 -7
      vertex -9.63507 17.5261 -7
    endloop
  endfacet
  facet normal -0 0 -1
    outer loop
      vertex -19.9605 -1.25581 -7
      vertex -62 -22.5 -7
      vertex -20 0 -7
    endloop
  endfacet
  facet normal 0 0 -1
    outer loop
      vertex -62 22.5 -7
      vertex -20 0 -7
      vertex -62 -22.5 -7
    endloop
  endfacet
  facet normal 0 0 -1
    outer loop
      vertex -20 0 -7
      vertex -62 22.5 -7
      vertex -19.9605 1.25581 -7
    endloop
  endfacet
  facet normal 0 0 -1
    outer loop
      vertex -19.9605 1.25581 -7
      vertex -62 22.5 -7
      vertex -19.8423 2.50666 -7
    endloop
  endfacet
  facet normal 0 0 -1
    outer loop
      vertex -19.8423 2.50666 -7
      vertex -62 22.5 -7
      vertex -19.6457 3.74763 -7
    endloop
  endfacet
  facet normal 0 0 -1
    outer loop
      vertex -19.6457 3.74763 -7
      vertex -62 22.5 -7
      vertex -19.3717 4.9738 -7
    endloop
  endfacet
  facet normal 0 0 -1
    outer loop
      vertex -19.3717 4.9738 -7
      vertex -62 22.5 -7
      vertex -19.0211 6.18034 -7
    endloop
  endfacet
  facet normal 0 -0 -1
    outer loop
      vertex -51.7801 34.3672 -7
      vertex -19.0211 6.18034 -7
      vertex -62 22.5 -7
    endloop
  endfacet
  facet normal 0 0 -1
    outer loop
      vertex -19.0211 6.18034 -7
      vertex -51.7801 34.3672 -7
      vertex -18.5955 7.36249 -7
    endloop
  endfacet
  facet normal 0 0 -1
    outer loop
      vertex -18.5955 7.36249 -7
      vertex -51.7801 34.3672 -7
      vertex -18.0965 8.51558 -7
    endloop
  endfacet
  facet normal 0 0 -1
    outer loop
      vertex -2.50666 19.8423 -7
      vertex -51.7801 34.3672 -7
      vertex 48.2199 49.3672 -7
    endloop
  endfacet
  facet normal 0 0 -1
    outer loop
      vertex -10.7165 16.8866 -7
      vertex -51.7801 34.3672 -7
      vertex -9.63507 17.5261 -7
    endloop
  endfacet
  facet normal 0 0 -1
    outer loop
      vertex -11.7557 16.1803 -7
      vertex -51.7801 34.3672 -7
      vertex -10.7165 16.8866 -7
    endloop
  endfacet
  facet normal 0 0 -1
    outer loop
      vertex -12.7485 15.4103 -7
      vertex -51.7801 34.3672 -7
      vertex -11.7557 16.1803 -7
    endloop
  endfacet
  facet normal 0 0 -1
    outer loop
      vertex -13.6909 14.5794 -7
      vertex -51.7801 34.3672 -7
      vertex -12.7485 15.4103 -7
    endloop
  endfacet
  facet normal 0 0 -1
    outer loop
      vertex -14.5794 13.6909 -7
      vertex -51.7801 34.3672 -7
      vertex -13.6909 14.5794 -7
    endloop
  endfacet
  facet normal 0 0 -1
    outer loop
      vertex -15.4103 12.7485 -7
      vertex -51.7801 34.3672 -7
      vertex -14.5794 13.6909 -7
    endloop
  endfacet
  facet normal 0 0 -1
    outer loop
      vertex -16.1803 11.7557 -7
      vertex -51.7801 34.3672 -7
      vertex -15.4103 12.7485 -7
    endloop
  endfacet
  facet normal 0 0 -1
    outer loop
      vertex -18.0965 8.51558 -7
      vertex -51.7801 34.3672 -7
      vertex -17.5261 9.63507 -7
    endloop
  endfacet
  facet normal 0 0 -1
    outer loop
      vertex -62 -22.5 -7
      vertex -51.7801 -34.3672 -7
      vertex -52.2486 -34.2874 -7
    endloop
  endfacet
  facet normal 0 0 -1
    outer loop
      vertex -17.5261 9.63507 -7
      vertex -51.7801 34.3672 -7
      vertex -16.8866 10.7165 -7
    endloop
  endfacet
  facet normal 0 0 -1
    outer loop
      vertex -62 -22.5 -7
      vertex -52.2486 -34.2874 -7
      vertex -52.9843 -34.123 -7
    endloop
  endfacet
  facet normal 0 0 -1
    outer loop
      vertex -16.8866 10.7165 -7
      vertex -51.7801 34.3672 -7
      vertex -16.1803 11.7557 -7
    endloop
  endfacet
  facet normal 0 0 -1
    outer loop
      vertex -62 -22.5 -7
      vertex -52.9843 -34.123 -7
      vertex -53.7082 -33.9127 -7
    endloop
  endfacet
  facet normal 0 0 -1
    outer loop
      vertex -51.7801 34.3672 -7
      vertex -62 22.5 -7
      vertex -52.5217 34.232 -7
    endloop
  endfacet
  facet normal 0 0 -1
    outer loop
      vertex -62 -22.5 -7
      vertex -53.7082 -33.9127 -7
      vertex -54.4175 -33.6573 -7
    endloop
  endfacet
  facet normal 0 0 -1
    outer loop
      vertex -52.5217 34.232 -7
      vertex -62 22.5 -7
      vertex -53.2534 34.0506 -7
    endloop
  endfacet
  facet normal 0 0 -1
    outer loop
      vertex -62 -22.5 -7
      vertex -54.4175 -33.6573 -7
      vertex -55.1093 -33.3579 -7
    endloop
  endfacet
  facet normal 0 0 -1
    outer loop
      vertex -53.2534 34.0506 -7
      vertex -62 22.5 -7
      vertex -53.9723 33.8235 -7
    endloop
  endfacet
  facet normal 0 0 -1
    outer loop
      vertex -62 -22.5 -7
      vertex -55.1093 -33.3579 -7
      vertex -55.7811 -33.0157 -7
    endloop
  endfacet
  facet normal 0 0 -1
    outer loop
      vertex -53.9723 33.8235 -7
      vertex -62 22.5 -7
      vertex -54.6754 33.5517 -7
    endloop
  endfacet
  facet normal 0 0 -1
    outer loop
      vertex -62 -22.5 -7
      vertex -55.7811 -33.0157 -7
      vertex -56.4299 -32.6319 -7
    endloop
  endfacet
  facet normal 0 0 -1
    outer loop
      vertex -54.6754 33.5517 -7
      vertex -62 22.5 -7
      vertex -55.3601 33.2363 -7
    endloop
  endfacet
  facet normal 0 0 -1
    outer loop
      vertex -62 -22.5 -7
      vertex -56.4299 -32.6319 -7
      vertex -57.0534 -32.2082 -7
    endloop
  endfacet
  facet normal 0 0 -1
    outer loop
      vertex -55.3601 33.2363 -7
      vertex -62 22.5 -7
      vertex -56.0237 32.8786 -7
    endloop
  endfacet
  facet normal 0 0 -1
    outer loop
      vertex -62 -22.5 -7
      vertex -57.0534 -32.2082 -7
      vertex -57.6491 -31.7462 -7
    endloop
  endfacet
  facet normal 0 0 -1
    outer loop
      vertex -56.0237 32.8786 -7
      vertex -62 22.5 -7
      vertex -56.6635 32.4799 -7
    endloop
  endfacet
  facet normal 0 0 -1
    outer loop
      vertex -62 -22.5 -7
      vertex -57.6491 -31.7462 -7
      vertex -58.2146 -31.2476 -7
    endloop
  endfacet
  facet normal 0 0 -1
    outer loop
      vertex -56.6635 32.4799 -7
      vertex -62 22.5 -7
      vertex -57.277 32.0418 -7
    endloop
  endfacet
  facet normal 0 0 -1
    outer loop
      vertex -62 -22.5 -7
      vertex -58.2146 -31.2476 -7
      vertex -58.7476 -30.7146 -7
    endloop
  endfacet
  facet normal 0 0 -1
    outer loop
      vertex -57.277 32.0418 -7
      vertex -62 22.5 -7
      vertex -57.8618 31.566 -7
    endloop
  endfacet
  facet normal 0 0 -1
    outer loop
      vertex -62 -22.5 -7
      vertex -58.7476 -30.7146 -7
      vertex -59.2462 -30.1491 -7
    endloop
  endfacet
  facet normal 0 0 -1
    outer loop
      vertex -57.8618 31.566 -7
      vertex -62 22.5 -7
      vertex -58.4155 31.0545 -7
    endloop
  endfacet
  facet normal 0 0 -1
    outer loop
      vertex -62 -22.5 -7
      vertex -59.2462 -30.1491 -7
      vertex -59.7082 -29.5534 -7
    endloop
  endfacet
  facet normal 0 0 -1
    outer loop
      vertex -58.4155 31.0545 -7
      vertex -62 22.5 -7
      vertex -58.936 30.5092 -7
    endloop
  endfacet
  facet normal 0 0 -1
    outer loop
      vertex -62 -22.5 -7
      vertex -59.7082 -29.5534 -7
      vertex -60.1319 -28.9299 -7
    endloop
  endfacet
  facet normal 0 0 -1
    outer loop
      vertex -58.936 30.5092 -7
      vertex -62 22.5 -7
      vertex -59.4213 29.9323 -7
    endloop
  endfacet
  facet normal 0 0 -1
    outer loop
      vertex -62 -22.5 -7
      vertex -60.1319 -28.9299 -7
      vertex -60.5157 -28.2811 -7
    endloop
  endfacet
  facet normal 0 0 -1
    outer loop
      vertex -59.4213 29.9323 -7
      vertex -62 22.5 -7
      vertex -59.8694 29.326 -7
    endloop
  endfacet
  facet normal 0 0 -1
    outer loop
      vertex -62 -22.5 -7
      vertex -60.5157 -28.2811 -7
      vertex -60.8579 -27.6093 -7
    endloop
  endfacet
  facet normal 0 0 -1
    outer loop
      vertex -59.8694 29.326 -7
      vertex -62 22.5 -7
      vertex -60.2785 28.6929 -7
    endloop
  endfacet
  facet normal 0 0 -1
    outer loop
      vertex -62 -22.5 -7
      vertex -60.8579 -27.6093 -7
      vertex -61.1573 -26.9175 -7
    endloop
  endfacet
  facet normal 0 0 -1
    outer loop
      vertex -60.2785 28.6929 -7
      vertex -62 22.5 -7
      vertex -60.6471 28.0353 -7
    endloop
  endfacet
  facet normal 0 0 -1
    outer loop
      vertex -62 -22.5 -7
      vertex -61.1573 -26.9175 -7
      vertex -61.4127 -26.2082 -7
    endloop
  endfacet
  facet normal 0 0 -1
    outer loop
      vertex -60.6471 28.0353 -7
      vertex -62 22.5 -7
      vertex -60.9737 27.3558 -7
    endloop
  endfacet
  facet normal 0 0 -1
    outer loop
      vertex -62 -22.5 -7
      vertex -61.4127 -26.2082 -7
      vertex -61.623 -25.4843 -7
    endloop
  endfacet
  facet normal 0 0 -1
    outer loop
      vertex -60.9737 27.3558 -7
      vertex -62 22.5 -7
      vertex -61.2569 26.6572 -7
    endloop
  endfacet
  facet normal 0 0 -1
    outer loop
      vertex -62 -22.5 -7
      vertex -61.623 -25.4843 -7
      vertex -61.7874 -24.7486 -7
    endloop
  endfacet
  facet normal 0 0 -1
    outer loop
      vertex -61.2569 26.6572 -7
      vertex -62 22.5 -7
      vertex -61.4957 25.9422 -7
    endloop
  endfacet
  facet normal 0 0 -1
    outer loop
      vertex -62 -22.5 -7
      vertex -61.7874 -24.7486 -7
      vertex -61.9054 -24.004 -7
    endloop
  endfacet
  facet normal 0 0 -1
    outer loop
      vertex -61.4957 25.9422 -7
      vertex -62 22.5 -7
      vertex -61.6892 25.2135 -7
    endloop
  endfacet
  facet normal 0 0 -1
    outer loop
      vertex -62 -22.5 -7
      vertex -61.9054 -24.004 -7
      vertex -61.9763 -23.2535 -7
    endloop
  endfacet
  facet normal 0 0 -1
    outer loop
      vertex -61.6892 25.2135 -7
      vertex -62 22.5 -7
      vertex -61.8365 24.4742 -7
    endloop
  endfacet
  facet normal 0 0 -1
    outer loop
      vertex -61.8365 24.4742 -7
      vertex -62 22.5 -7
      vertex -61.9371 23.7271 -7
    endloop
  endfacet
  facet normal 0 0 -1
    outer loop
      vertex -61.9371 23.7271 -7
      vertex -62 22.5 -7
      vertex -61.9906 22.9751 -7
    endloop
  endfacet
  facet normal 0 0 -1
    outer loop
      vertex 40.1434 3.83201 -7
      vertex 45.3714 25.4479 -7
      vertex 40.368 3.31312 -7
    endloop
  endfacet
  facet normal 0 0 -1
    outer loop
      vertex 45.3714 25.4479 -7
      vertex 40.1434 3.83201 -7
      vertex 45.2025 25.3071 -7
    endloop
  endfacet
  facet normal 0 0 -1
    outer loop
      vertex 45.2025 25.3071 -7
      vertex 40.1434 3.83201 -7
      vertex 45.0251 25.1773 -7
    endloop
  endfacet
  facet normal 0 0 -1
    outer loop
      vertex 39.8868 4.33578 -7
      vertex 45.0251 25.1773 -7
      vertex 40.1434 3.83201 -7
    endloop
  endfacet
  facet normal 0 0 -1
    outer loop
      vertex 45.0251 25.1773 -7
      vertex 39.8868 4.33578 -7
      vertex 44.8398 25.0588 -7
    endloop
  endfacet
  facet normal 0 0 -1
    outer loop
      vertex 39.5989 4.82244 -7
      vertex 44.8398 25.0588 -7
      vertex 39.8868 4.33578 -7
    endloop
  endfacet
  facet normal 0 0 -1
    outer loop
      vertex 44.8398 25.0588 -7
      vertex 39.5989 4.82244 -7
      vertex 44.6475 24.9522 -7
    endloop
  endfacet
  facet normal 0 0 -1
    outer loop
      vertex 39.2812 5.29007 -7
      vertex 44.6475 24.9522 -7
      vertex 39.5989 4.82244 -7
    endloop
  endfacet
  facet normal 0 0 -1
    outer loop
      vertex 44.6475 24.9522 -7
      vertex 39.2812 5.29007 -7
      vertex 44.4489 24.8579 -7
    endloop
  endfacet
  facet normal 0 0 -1
    outer loop
      vertex 44.4489 24.8579 -7
      vertex 39.2812 5.29007 -7
      vertex 44.2448 24.7762 -7
    endloop
  endfacet
  facet normal 0 0 -1
    outer loop
      vertex 38.9346 5.73682 -7
      vertex 44.2448 24.7762 -7
      vertex 39.2812 5.29007 -7
    endloop
  endfacet
  facet normal 0 0 -1
    outer loop
      vertex 38.5607 6.16092 -7
      vertex 44.2448 24.7762 -7
      vertex 38.9346 5.73682 -7
    endloop
  endfacet
  facet normal 0 0 -1
    outer loop
      vertex 38.1609 6.56072 -7
      vertex 44.2448 24.7762 -7
      vertex 38.5607 6.16092 -7
    endloop
  endfacet
  facet normal 0 0 -1
    outer loop
      vertex 37.7368 6.93462 -7
      vertex 44.2448 24.7762 -7
      vertex 38.1609 6.56072 -7
    endloop
  endfacet
  facet normal 0 0 -1
    outer loop
      vertex 37.2901 7.28115 -7
      vertex 44.2448 24.7762 -7
      vertex 37.7368 6.93462 -7
    endloop
  endfacet
  facet normal 0 0 -1
    outer loop
      vertex 36.8224 7.59895 -7
      vertex 44.2448 24.7762 -7
      vertex 37.2901 7.28115 -7
    endloop
  endfacet
  facet normal 0 0 -1
    outer loop
      vertex 36.3358 7.88676 -7
      vertex 44.2448 24.7762 -7
      vertex 36.8224 7.59895 -7
    endloop
  endfacet
  facet normal 0 0 -1
    outer loop
      vertex 35.832 8.14344 -7
      vertex 44.2448 24.7762 -7
      vertex 36.3358 7.88676 -7
    endloop
  endfacet
  facet normal 0 0 -1
    outer loop
      vertex 35.3131 8.36799 -7
      vertex 44.2448 24.7762 -7
      vertex 35.832 8.14344 -7
    endloop
  endfacet
  facet normal 0 0 -1
    outer loop
      vertex 30.1494 19.6459 -7
      vertex 35.3131 8.36799 -7
      vertex 34.7812 8.55951 -7
    endloop
  endfacet
  facet normal 0 0 -1
    outer loop
      vertex 30.1494 19.6459 -7
      vertex 34.7812 8.55951 -7
      vertex 34.2382 8.71725 -7
    endloop
  endfacet
  facet normal 0 0 -1
    outer loop
      vertex 30.1494 19.6459 -7
      vertex 34.2382 8.71725 -7
      vertex 33.6864 8.84058 -7
    endloop
  endfacet
  facet normal 0 0 -1
    outer loop
      vertex 30.1494 19.6459 -7
      vertex 33.6864 8.84058 -7
      vertex 33.128 8.92903 -7
    endloop
  endfacet
  facet normal 0 0 -1
    outer loop
      vertex 30.1494 19.6459 -7
      vertex 33.128 8.92903 -7
      vertex 32.5651 8.98224 -7
    endloop
  endfacet
  facet normal 0 0 -1
    outer loop
      vertex 30.1494 19.6459 -7
      vertex 32.5651 8.98224 -7
      vertex 32 9 -7
    endloop
  endfacet
  facet normal 0 0 -1
    outer loop
      vertex 29.9405 19.5772 -7
      vertex 32 9 -7
      vertex 31.4349 8.98224 -7
    endloop
  endfacet
  facet normal 0 0 -1
    outer loop
      vertex 29.7277 19.5218 -7
      vertex 31.4349 8.98224 -7
      vertex 30.872 8.92903 -7
    endloop
  endfacet
  facet normal 0 0 -1
    outer loop
      vertex 29.2938 19.4516 -7
      vertex 30.872 8.92903 -7
      vertex 30.3136 8.84058 -7
    endloop
  endfacet
  facet normal 0 0 -1
    outer loop
      vertex 35.3131 8.36799 -7
      vertex 30.1494 19.6459 -7
      vertex 44.2448 24.7762 -7
    endloop
  endfacet
  facet normal 0 0 -1
    outer loop
      vertex 32 9 -7
      vertex 29.9405 19.5772 -7
      vertex 30.1494 19.6459 -7
    endloop
  endfacet
  facet normal 0 0 -1
    outer loop
      vertex 28.8546 19.4362 -7
      vertex 30.3136 8.84058 -7
      vertex 29.7618 8.71725 -7
    endloop
  endfacet
  facet normal 0 0 -1
    outer loop
      vertex 31.4349 8.98224 -7
      vertex 29.7277 19.5218 -7
      vertex 29.9405 19.5772 -7
    endloop
  endfacet
  facet normal 0 0 -1
    outer loop
      vertex 30.872 8.92903 -7
      vertex 29.5119 19.4799 -7
      vertex 29.7277 19.5218 -7
    endloop
  endfacet
  facet normal 0 0 -1
    outer loop
      vertex 30.872 8.92903 -7
      vertex 29.2938 19.4516 -7
      vertex 29.5119 19.4799 -7
    endloop
  endfacet
  facet normal 0 0 -1
    outer loop
      vertex 28.6351 19.4493 -7
      vertex 29.7618 8.71725 -7
      vertex 29.2188 8.55951 -7
    endloop
  endfacet
  facet normal 0 0 -1
    outer loop
      vertex 30.3136 8.84058 -7
      vertex 29.0745 19.437 -7
      vertex 29.2938 19.4516 -7
    endloop
  endfacet
  facet normal 0 0 -1
    outer loop
      vertex 30.3136 8.84058 -7
      vertex 28.8546 19.4362 -7
      vertex 29.0745 19.437 -7
    endloop
  endfacet
  facet normal 0 0 -1
    outer loop
      vertex 28.2007 19.5165 -7
      vertex 29.2188 8.55951 -7
      vertex 28.6869 8.36799 -7
    endloop
  endfacet
  facet normal 0 0 -1
    outer loop
      vertex 29.7618 8.71725 -7
      vertex 28.6351 19.4493 -7
      vertex 28.8546 19.4362 -7
    endloop
  endfacet
  facet normal 0 0 -1
    outer loop
      vertex 29.2188 8.55951 -7
      vertex 28.4169 19.476 -7
      vertex 28.6351 19.4493 -7
    endloop
  endfacet
  facet normal 0 0 -1
    outer loop
      vertex 29.2188 8.55951 -7
      vertex 28.2007 19.5165 -7
      vertex 28.4169 19.476 -7
    endloop
  endfacet
  facet normal 0 0 -1
    outer loop
      vertex 27.9876 19.5704 -7
      vertex 28.6869 8.36799 -7
      vertex 28.168 8.14344 -7
    endloop
  endfacet
  facet normal 0 0 -1
    outer loop
      vertex 28.6869 8.36799 -7
      vertex 27.9876 19.5704 -7
      vertex 28.2007 19.5165 -7
    endloop
  endfacet
  facet normal 0 0 -1
    outer loop
      vertex 28.168 8.14344 -7
      vertex 27.7782 19.6376 -7
      vertex 27.9876 19.5704 -7
    endloop
  endfacet
  facet normal 0 0 -1
    outer loop
      vertex 27.5735 19.7179 -7
      vertex 28.168 8.14344 -7
      vertex 27.6642 7.88676 -7
    endloop
  endfacet
  facet normal 0 0 -1
    outer loop
      vertex 28.168 8.14344 -7
      vertex 27.5735 19.7179 -7
      vertex 27.7782 19.6376 -7
    endloop
  endfacet
  facet normal 0 0 -1
    outer loop
      vertex 27.6642 7.88676 -7
      vertex 27.3742 19.8108 -7
      vertex 27.5735 19.7179 -7
    endloop
  endfacet
  facet normal 0 0 -1
    outer loop
      vertex 27.6642 7.88676 -7
      vertex 27.1812 19.916 -7
      vertex 27.3742 19.8108 -7
    endloop
  endfacet
  facet normal 0 0 -1
    outer loop
      vertex 27.1776 7.59895 -7
      vertex 27.1812 19.916 -7
      vertex 27.6642 7.88676 -7
    endloop
  endfacet
  facet normal 0 0 -1
    outer loop
      vertex 17.5261 9.63507 -7
      vertex 27.1812 19.916 -7
      vertex 27.1776 7.59895 -7
    endloop
  endfacet
  facet normal 0 0 -1
    outer loop
      vertex 17.5261 9.63507 -7
      vertex 27.1776 7.59895 -7
      vertex 26.7099 7.28115 -7
    endloop
  endfacet
  facet normal 0 0 -1
    outer loop
      vertex 16.8866 10.7165 -7
      vertex 27.1812 19.916 -7
      vertex 17.5261 9.63507 -7
    endloop
  endfacet
  facet normal -0 0 -1
    outer loop
      vertex 27.1812 19.916 -7
      vertex 16.8866 10.7165 -7
      vertex 26.9951 20.0332 -7
    endloop
  endfacet
  facet normal 0 0 -1
    outer loop
      vertex 17.5261 9.63507 -7
      vertex 26.7099 7.28115 -7
      vertex 26.2632 6.93462 -7
    endloop
  endfacet
  facet normal -0 0 -1
    outer loop
      vertex 26.9951 20.0332 -7
      vertex 16.8866 10.7165 -7
      vertex 26.8168 20.1618 -7
    endloop
  endfacet
  facet normal 0 0 -1
    outer loop
      vertex 17.5261 9.63507 -7
      vertex 26.2632 6.93462 -7
      vertex 25.8391 6.56072 -7
    endloop
  endfacet
  facet normal -0 0 -1
    outer loop
      vertex 26.8168 20.1618 -7
      vertex 16.8866 10.7165 -7
      vertex 26.6469 20.3014 -7
    endloop
  endfacet
  facet normal 0 0 -1
    outer loop
      vertex 16.1803 11.7557 -7
      vertex 26.6469 20.3014 -7
      vertex 16.8866 10.7165 -7
    endloop
  endfacet
  facet normal 0 0 -1
    outer loop
      vertex 17.5261 9.63507 -7
      vertex 25.8391 6.56072 -7
      vertex 25.4393 6.16092 -7
    endloop
  endfacet
  facet normal -0 0 -1
    outer loop
      vertex 26.6469 20.3014 -7
      vertex 16.1803 11.7557 -7
      vertex 26.4861 20.4514 -7
    endloop
  endfacet
  facet normal 0 0 -1
    outer loop
      vertex 17.5261 9.63507 -7
      vertex 25.4393 6.16092 -7
      vertex 25.0654 5.73682 -7
    endloop
  endfacet
  facet normal -0 0 -1
    outer loop
      vertex 26.4861 20.4514 -7
      vertex 16.1803 11.7557 -7
      vertex 26.335 20.6111 -7
    endloop
  endfacet
  facet normal -0 0 -1
    outer loop
      vertex 26.335 20.6111 -7
      vertex 16.1803 11.7557 -7
      vertex 26.1943 20.78 -7
    endloop
  endfacet
  facet normal 0 0 -1
    outer loop
      vertex 15.4103 12.7485 -7
      vertex 26.1943 20.78 -7
      vertex 16.1803 11.7557 -7
    endloop
  endfacet
  facet normal -0 0 -1
    outer loop
      vertex 26.1943 20.78 -7
      vertex 15.4103 12.7485 -7
      vertex 26.0644 20.9575 -7
    endloop
  endfacet
  facet normal -0 0 -1
    outer loop
      vertex 26.0644 20.9575 -7
      vertex 15.4103 12.7485 -7
      vertex 25.9459 21.1427 -7
    endloop
  endfacet
  facet normal 0 0 -1
    outer loop
      vertex 14.5794 13.6909 -7
      vertex 25.9459 21.1427 -7
      vertex 15.4103 12.7485 -7
    endloop
  endfacet
  facet normal -0 0 -1
    outer loop
      vertex 25.9459 21.1427 -7
      vertex 14.5794 13.6909 -7
      vertex 25.8393 21.335 -7
    endloop
  endfacet
  facet normal -0 0 -1
    outer loop
      vertex 25.745 21.5336 -7
      vertex 14.5794 13.6909 -7
      vertex 25.6634 21.7378 -7
    endloop
  endfacet
  facet normal -0 0 -1
    outer loop
      vertex 25.8393 21.335 -7
      vertex 14.5794 13.6909 -7
      vertex 25.745 21.5336 -7
    endloop
  endfacet
  facet normal 0.316785 -0.948497 0
    outer loop
      vertex 53.4422 -48.9957 -7
      vertex 54.1572 -48.7569 7
      vertex 53.4422 -48.9957 7
    endloop
  endfacet
  facet normal 0.316785 -0.948497 0
    outer loop
      vertex 54.1572 -48.7569 7
      vertex 53.4422 -48.9957 -7
      vertex 54.1572 -48.7569 -7
    endloop
  endfacet
  facet normal 0.643739 -0.765245 0
    outer loop
      vertex 57.4323 -46.9213 -7
      vertex 58.0092 -46.436 7
      vertex 57.4323 -46.9213 7
    endloop
  endfacet
  facet normal 0.643739 -0.765245 0
    outer loop
      vertex 58.0092 -46.436 7
      vertex 57.4323 -46.9213 -7
      vertex 58.0092 -46.436 -7
    endloop
  endfacet
  facet normal 0 0 1
    outer loop
      vertex -4.5 -24.5864 7
      vertex -4.68453 -24.5572 7
      vertex -4.5 -28 7
    endloop
  endfacet
  facet normal 0 0 1
    outer loop
      vertex 4.68453 24.5572 7
      vertex 4.5 28 7
      vertex 4.5 24.5864 7
    endloop
  endfacet
  facet normal 0 0 1
    outer loop
      vertex 46.466 27.3136 7
      vertex 62 37.5 7
      vertex 46.5065 27.5297 7
    endloop
  endfacet
  facet normal 0 0 1
    outer loop
      vertex 62 -37.5 7
      vertex 46.5333 -27.7479 7
      vertex 46.5463 -27.9674 7
    endloop
  endfacet
  facet normal 0 0 1
    outer loop
      vertex 46.4121 27.1004 7
      vertex 62 37.5 7
      vertex 46.466 27.3136 7
    endloop
  endfacet
  facet normal -0 0 1
    outer loop
      vertex 44.9743 -0.816277 7
      vertex 62 -37.5 7
      vertex 45 0 7
    endloop
  endfacet
  facet normal 0 -0 1
    outer loop
      vertex 44.9743 0.816277 7
      vertex 62 37.5 7
      vertex 44.8975 1.62933 7
    endloop
  endfacet
  facet normal 0 0 1
    outer loop
      vertex 62 -37.5 7
      vertex 46.5065 -27.5297 7
      vertex 46.5333 -27.7479 7
    endloop
  endfacet
  facet normal 0 0 1
    outer loop
      vertex 46.3449 26.8911 7
      vertex 62 37.5 7
      vertex 46.4121 27.1004 7
    endloop
  endfacet
  facet normal -0 0 1
    outer loop
      vertex 44.8975 -1.62933 7
      vertex 62 -37.5 7
      vertex 44.9743 -0.816277 7
    endloop
  endfacet
  facet normal 0 0 1
    outer loop
      vertex 46.2647 26.6864 7
      vertex 62 37.5 7
      vertex 46.3449 26.8911 7
    endloop
  endfacet
  facet normal 0 0 1
    outer loop
      vertex 62 -37.5 7
      vertex 46.466 -27.3136 7
      vertex 46.5065 -27.5297 7
    endloop
  endfacet
  facet normal 0 0 1
    outer loop
      vertex 46.1717 26.4871 7
      vertex 62 37.5 7
      vertex 46.2647 26.6864 7
    endloop
  endfacet
  facet normal -0 0 1
    outer loop
      vertex 44.7697 -2.43596 7
      vertex 62 -37.5 7
      vertex 44.8975 -1.62933 7
    endloop
  endfacet
  facet normal 0 0 1
    outer loop
      vertex 46.0665 26.294 7
      vertex 62 37.5 7
      vertex 46.1717 26.4871 7
    endloop
  endfacet
  facet normal 0 0 1
    outer loop
      vertex 62 -37.5 7
      vertex 46.4121 -27.1004 7
      vertex 46.466 -27.3136 7
    endloop
  endfacet
  facet normal 0 0 1
    outer loop
      vertex 44.0871 4.78562 7
      vertex 62 37.5 7
      vertex 46.0665 26.294 7
    endloop
  endfacet
  facet normal -0 0 1
    outer loop
      vertex 44.5916 -3.23297 7
      vertex 62 -37.5 7
      vertex 44.7697 -2.43596 7
    endloop
  endfacet
  facet normal 0 0 1
    outer loop
      vertex 44.0871 4.78562 7
      vertex 46.0665 26.294 7
      vertex 45.9493 26.108 7
    endloop
  endfacet
  facet normal 0 0 1
    outer loop
      vertex 62 -37.5 7
      vertex 46.3449 -26.8911 7
      vertex 46.4121 -27.1004 7
    endloop
  endfacet
  facet normal 0 0 1
    outer loop
      vertex 43.7628 5.53513 7
      vertex 45.9493 26.108 7
      vertex 45.8207 25.9296 7
    endloop
  endfacet
  facet normal -0 0 1
    outer loop
      vertex 44.3637 -4.01722 7
      vertex 62 -37.5 7
      vertex 44.5916 -3.23297 7
    endloop
  endfacet
  facet normal 0 0 1
    outer loop
      vertex 43.7628 5.53513 7
      vertex 45.8207 25.9296 7
      vertex 45.6811 25.7597 7
    endloop
  endfacet
  facet normal 0 0 1
    outer loop
      vertex 62 -37.5 7
      vertex 46.2647 -26.6864 7
      vertex 46.3449 -26.8911 7
    endloop
  endfacet
  facet normal 0 0 1
    outer loop
      vertex 43.392 6.2628 7
      vertex 45.6811 25.7597 7
      vertex 45.5312 25.5989 7
    endloop
  endfacet
  facet normal 0 0 1
    outer loop
      vertex 62 -37.5 7
      vertex 46.1717 -26.4871 7
      vertex 46.2647 -26.6864 7
    endloop
  endfacet
  facet normal 0 0 1
    outer loop
      vertex 42.9763 6.96575 7
      vertex 45.5312 25.5989 7
      vertex 45.3714 25.4479 7
    endloop
  endfacet
  facet normal -0 0 1
    outer loop
      vertex 44.0871 -4.78562 7
      vertex 62 -37.5 7
      vertex 44.3637 -4.01722 7
    endloop
  endfacet
  facet normal 0 0 1
    outer loop
      vertex 42.9763 6.96575 7
      vertex 45.3714 25.4479 7
      vertex 45.2025 25.3071 7
    endloop
  endfacet
  facet normal 0 0 1
    outer loop
      vertex 62 -37.5 7
      vertex 46.0665 -26.294 7
      vertex 46.1717 -26.4871 7
    endloop
  endfacet
  facet normal 0 0 1
    outer loop
      vertex 42.5172 7.64121 7
      vertex 45.2025 25.3071 7
      vertex 45.0251 25.1773 7
    endloop
  endfacet
  facet normal 0 0 1
    outer loop
      vertex 62 -37.5 7
      vertex 44.0871 -4.78562 7
      vertex 46.0665 -26.294 7
    endloop
  endfacet
  facet normal 0 0 1
    outer loop
      vertex 46.0665 -26.294 7
      vertex 44.0871 -4.78562 7
      vertex 45.9493 -26.108 7
    endloop
  endfacet
  facet normal 0 0 1
    outer loop
      vertex 62 37.5 7
      vertex 45 0 7
      vertex 62 -37.5 7
    endloop
  endfacet
  facet normal 0 -0 1
    outer loop
      vertex 45 0 7
      vertex 62 37.5 7
      vertex 44.9743 0.816277 7
    endloop
  endfacet
  facet normal 0 0 1
    outer loop
      vertex 42.0167 8.28651 7
      vertex 45.0251 25.1773 7
      vertex 44.8398 25.0588 7
    endloop
  endfacet
  facet normal 0 0 1
    outer loop
      vertex 62 37.5 7
      vertex 44.7697 2.43596 7
      vertex 44.8975 1.62933 7
    endloop
  endfacet
  facet normal 0 0 1
    outer loop
      vertex 42.0167 8.28651 7
      vertex 44.8398 25.0588 7
      vertex 44.6475 24.9522 7
    endloop
  endfacet
  facet normal 0 0 1
    outer loop
      vertex 62 37.5 7
      vertex 44.5916 3.23297 7
      vertex 44.7697 2.43596 7
    endloop
  endfacet
  facet normal 0 0 1
    outer loop
      vertex 41.4766 8.89911 7
      vertex 44.6475 24.9522 7
      vertex 44.4489 24.8579 7
    endloop
  endfacet
  facet normal 0 0 1
    outer loop
      vertex 62 37.5 7
      vertex 44.3637 4.01722 7
      vertex 44.5916 3.23297 7
    endloop
  endfacet
  facet normal 0 0 1
    outer loop
      vertex 41.4766 8.89911 7
      vertex 44.4489 24.8579 7
      vertex 44.2448 24.7762 7
    endloop
  endfacet
  facet normal 0 0 1
    outer loop
      vertex 62 37.5 7
      vertex 44.0871 4.78562 7
      vertex 44.3637 4.01722 7
    endloop
  endfacet
  facet normal 0 0 1
    outer loop
      vertex 45.9493 26.108 7
      vertex 43.7628 5.53513 7
      vertex 44.0871 4.78562 7
    endloop
  endfacet
  facet normal 0 0 1
    outer loop
      vertex 45.6811 25.7597 7
      vertex 43.392 6.2628 7
      vertex 43.7628 5.53513 7
    endloop
  endfacet
  facet normal 0 0 1
    outer loop
      vertex 45.5312 25.5989 7
      vertex 42.9763 6.96575 7
      vertex 43.392 6.2628 7
    endloop
  endfacet
  facet normal 0 0 1
    outer loop
      vertex 45.2025 25.3071 7
      vertex 42.5172 7.64121 7
      vertex 42.9763 6.96575 7
    endloop
  endfacet
  facet normal 0 0 1
    outer loop
      vertex 45.0251 25.1773 7
      vertex 42.0167 8.28651 7
      vertex 42.5172 7.64121 7
    endloop
  endfacet
  facet normal 0 0 1
    outer loop
      vertex 44.6475 24.9522 7
      vertex 41.4766 8.89911 7
      vertex 42.0167 8.28651 7
    endloop
  endfacet
  facet normal 0 0 1
    outer loop
      vertex 44.2448 24.7762 7
      vertex 40.8991 9.47659 7
      vertex 41.4766 8.89911 7
    endloop
  endfacet
  facet normal 0 0 1
    outer loop
      vertex 44.2448 24.7762 7
      vertex 40.2865 10.0167 7
      vertex 40.8991 9.47659 7
    endloop
  endfacet
  facet normal 0 0 1
    outer loop
      vertex 44.2448 24.7762 7
      vertex 39.6412 10.5172 7
      vertex 40.2865 10.0167 7
    endloop
  endfacet
  facet normal 0 0 1
    outer loop
      vertex 44.2448 24.7762 7
      vertex 38.9657 10.9763 7
      vertex 39.6412 10.5172 7
    endloop
  endfacet
  facet normal 0 0 1
    outer loop
      vertex 44.2448 24.7762 7
      vertex 38.2628 11.392 7
      vertex 38.9657 10.9763 7
    endloop
  endfacet
  facet normal 0 0 1
    outer loop
      vertex 44.2448 24.7762 7
      vertex 37.5351 11.7628 7
      vertex 38.2628 11.392 7
    endloop
  endfacet
  facet normal 0 0 1
    outer loop
      vertex 44.2448 24.7762 7
      vertex 36.7856 12.0871 7
      vertex 37.5351 11.7628 7
    endloop
  endfacet
  facet normal 0 0 1
    outer loop
      vertex 44.2448 24.7762 7
      vertex 36.0172 12.3637 7
      vertex 36.7856 12.0871 7
    endloop
  endfacet
  facet normal -0 0 1
    outer loop
      vertex 30.1494 19.6459 7
      vertex 36.0172 12.3637 7
      vertex 44.2448 24.7762 7
    endloop
  endfacet
  facet normal 0 0 1
    outer loop
      vertex 36.0172 12.3637 7
      vertex 30.1494 19.6459 7
      vertex 35.233 12.5916 7
    endloop
  endfacet
  facet normal 0 0 1
    outer loop
      vertex 35.233 12.5916 7
      vertex 30.1494 19.6459 7
      vertex 34.436 12.7697 7
    endloop
  endfacet
  facet normal 0 0 1
    outer loop
      vertex 34.436 12.7697 7
      vertex 30.1494 19.6459 7
      vertex 33.6293 12.8975 7
    endloop
  endfacet
  facet normal 0 0 1
    outer loop
      vertex 33.6293 12.8975 7
      vertex 30.1494 19.6459 7
      vertex 32.8163 12.9743 7
    endloop
  endfacet
  facet normal 0 0 1
    outer loop
      vertex 32.8163 12.9743 7
      vertex 30.1494 19.6459 7
      vertex 32 13 7
    endloop
  endfacet
  facet normal 0 0 1
    outer loop
      vertex 32 13 7
      vertex 30.1494 19.6459 7
      vertex 31.1837 12.9743 7
    endloop
  endfacet
  facet normal -0 0 1
    outer loop
      vertex 29.9405 19.5772 7
      vertex 31.1837 12.9743 7
      vertex 30.1494 19.6459 7
    endloop
  endfacet
  facet normal -0 0 1
    outer loop
      vertex 29.7277 19.5218 7
      vertex 31.1837 12.9743 7
      vertex 29.9405 19.5772 7
    endloop
  endfacet
  facet normal 0 0 1
    outer loop
      vertex 31.1837 12.9743 7
      vertex 29.7277 19.5218 7
      vertex 30.3707 12.8975 7
    endloop
  endfacet
  facet normal -0 0 1
    outer loop
      vertex 29.5119 19.4799 7
      vertex 30.3707 12.8975 7
      vertex 29.7277 19.5218 7
    endloop
  endfacet
  facet normal -0 0 1
    outer loop
      vertex 29.2938 19.4516 7
      vertex 30.3707 12.8975 7
      vertex 29.5119 19.4799 7
    endloop
  endfacet
  facet normal 0 0 1
    outer loop
      vertex 30.3707 12.8975 7
      vertex 29.2938 19.4516 7
      vertex 29.564 12.7697 7
    endloop
  endfacet
  facet normal -0 0 1
    outer loop
      vertex 29.0745 19.437 7
      vertex 29.564 12.7697 7
      vertex 29.2938 19.4516 7
    endloop
  endfacet
  facet normal -0 0 1
    outer loop
      vertex 28.8546 19.4362 7
      vertex 29.564 12.7697 7
      vertex 29.0745 19.437 7
    endloop
  endfacet
  facet normal 0 0 1
    outer loop
      vertex 28.6351 19.4493 7
      vertex 29.564 12.7697 7
      vertex 28.8546 19.4362 7
    endloop
  endfacet
  facet normal 0 0 1
    outer loop
      vertex 29.564 12.7697 7
      vertex 28.6351 19.4493 7
      vertex 28.767 12.5916 7
    endloop
  endfacet
  facet normal 0 0 1
    outer loop
      vertex 28.4169 19.476 7
      vertex 28.767 12.5916 7
      vertex 28.6351 19.4493 7
    endloop
  endfacet
  facet normal 0 0 1
    outer loop
      vertex 28.2007 19.5165 7
      vertex 28.767 12.5916 7
      vertex 28.4169 19.476 7
    endloop
  endfacet
  facet normal 0 0 1
    outer loop
      vertex 27.9828 12.3637 7
      vertex 28.2007 19.5165 7
      vertex 27.9876 19.5704 7
    endloop
  endfacet
  facet normal 0 0 1
    outer loop
      vertex 28.2007 19.5165 7
      vertex 27.9828 12.3637 7
      vertex 28.767 12.5916 7
    endloop
  endfacet
  facet normal 0 0 1
    outer loop
      vertex 27.7782 19.6376 7
      vertex 27.9828 12.3637 7
      vertex 27.9876 19.5704 7
    endloop
  endfacet
  facet normal 0 0 1
    outer loop
      vertex 27.5735 19.7179 7
      vertex 27.9828 12.3637 7
      vertex 27.7782 19.6376 7
    endloop
  endfacet
  facet normal 0 0 1
    outer loop
      vertex 27.2144 12.0871 7
      vertex 27.5735 19.7179 7
      vertex 27.3742 19.8108 7
    endloop
  endfacet
  facet normal 0 0 1
    outer loop
      vertex 27.5735 19.7179 7
      vertex 27.2144 12.0871 7
      vertex 27.9828 12.3637 7
    endloop
  endfacet
  facet normal 0 0 1
    outer loop
      vertex 27.1812 19.916 7
      vertex 27.2144 12.0871 7
      vertex 27.3742 19.8108 7
    endloop
  endfacet
  facet normal 0 0 1
    outer loop
      vertex 21.1082 13.3957 7
      vertex 27.1812 19.916 7
      vertex 26.9951 20.0332 7
    endloop
  endfacet
  facet normal 0 0 1
    outer loop
      vertex 21.1082 13.3957 7
      vertex 26.9951 20.0332 7
      vertex 26.8168 20.1618 7
    endloop
  endfacet
  facet normal 0 0 1
    outer loop
      vertex 20.2254 14.6946 7
      vertex 26.8168 20.1618 7
      vertex 26.6469 20.3014 7
    endloop
  endfacet
  facet normal 0 0 1
    outer loop
      vertex 20.2254 14.6946 7
      vertex 26.6469 20.3014 7
      vertex 26.4861 20.4514 7
    endloop
  endfacet
  facet normal 0 0 1
    outer loop
      vertex 27.1812 19.916 7
      vertex 26.4649 11.7628 7
      vertex 27.2144 12.0871 7
    endloop
  endfacet
  facet normal 0 0 1
    outer loop
      vertex 20.2254 14.6946 7
      vertex 26.4861 20.4514 7
      vertex 26.335 20.6111 7
    endloop
  endfacet
  facet normal 0 0 1
    outer loop
      vertex 19.2628 15.9356 7
      vertex 26.335 20.6111 7
      vertex 26.1943 20.78 7
    endloop
  endfacet
  facet normal 0 0 1
    outer loop
      vertex 19.2628 15.9356 7
      vertex 26.1943 20.78 7
      vertex 26.0644 20.9575 7
    endloop
  endfacet
  facet normal 0 0 1
    outer loop
      vertex 19.2628 15.9356 7
      vertex 26.0644 20.9575 7
      vertex 25.9459 21.1427 7
    endloop
  endfacet
  facet normal 0 0 1
    outer loop
      vertex 19.2628 15.9356 7
      vertex 25.9459 21.1427 7
      vertex 25.8393 21.335 7
    endloop
  endfacet
  facet normal 0 0 1
    outer loop
      vertex 18.2242 17.1137 7
      vertex 25.8393 21.335 7
      vertex 25.745 21.5336 7
    endloop
  endfacet
  facet normal 0 0 1
    outer loop
      vertex 27.1812 19.916 7
      vertex 21.1082 13.3957 7
      vertex 26.4649 11.7628 7
    endloop
  endfacet
  facet normal 0 0 1
    outer loop
      vertex 18.2242 17.1137 7
      vertex 25.745 21.5336 7
      vertex 25.6634 21.7378 7
    endloop
  endfacet
  facet normal 0 0 1
    outer loop
      vertex 18.2242 17.1137 7
      vertex 25.6634 21.7378 7
      vertex 25.5947 21.9467 7
    endloop
  endfacet
  facet normal 0 0 1
    outer loop
      vertex 18.2242 17.1137 7
      vertex 25.5947 21.9467 7
      vertex 25.5393 22.1594 7
    endloop
  endfacet
  facet normal 0 0 1
    outer loop
      vertex 17.1137 18.2242 7
      vertex 25.5393 22.1594 7
      vertex 25.4973 22.3753 7
    endloop
  endfacet
  facet normal 0 0 1
    outer loop
      vertex 17.1137 18.2242 7
      vertex 25.4973 22.3753 7
      vertex 25.469 22.5933 7
    endloop
  endfacet
  facet normal 0 0 1
    outer loop
      vertex 17.1137 18.2242 7
      vertex 25.469 22.5933 7
      vertex 25.4544 22.8127 7
    endloop
  endfacet
  facet normal 0 0 1
    outer loop
      vertex 26.4649 11.7628 7
      vertex 21.1082 13.3957 7
      vertex 25.7372 11.392 7
    endloop
  endfacet
  facet normal 0 0 1
    outer loop
      vertex 15.9356 19.2628 7
      vertex 25.4544 22.8127 7
      vertex 25.4537 23.0326 7
    endloop
  endfacet
  facet normal 0 0 1
    outer loop
      vertex 45.5139 30.5486 7
      vertex 62 37.5 7
      vertex 61.9763 38.2535 7
    endloop
  endfacet
  facet normal 0 0 1
    outer loop
      vertex 46.5333 27.7479 7
      vertex 62 37.5 7
      vertex 46.5463 27.9674 7
    endloop
  endfacet
  facet normal 0 0 1
    outer loop
      vertex 45.5139 30.5486 7
      vertex 61.9763 38.2535 7
      vertex 61.9054 39.004 7
    endloop
  endfacet
  facet normal 0 0 1
    outer loop
      vertex 46.5065 27.5297 7
      vertex 62 37.5 7
      vertex 46.5333 27.7479 7
    endloop
  endfacet
  facet normal 0 0 1
    outer loop
      vertex 45.5139 30.5486 7
      vertex 61.9054 39.004 7
      vertex 61.7874 39.7486 7
    endloop
  endfacet
  facet normal -0 0 1
    outer loop
      vertex 46.5456 -28.1873 7
      vertex 62 -37.5 7
      vertex 46.5463 -27.9674 7
    endloop
  endfacet
  facet normal 0 0 1
    outer loop
      vertex 45.3531 30.6986 7
      vertex 61.7874 39.7486 7
      vertex 61.623 40.4843 7
    endloop
  endfacet
  facet normal -0 0 1
    outer loop
      vertex 46.531 -28.4067 7
      vertex 62 -37.5 7
      vertex 46.5456 -28.1873 7
    endloop
  endfacet
  facet normal 0 0 1
    outer loop
      vertex 45.3531 30.6986 7
      vertex 61.623 40.4843 7
      vertex 61.4127 41.2082 7
    endloop
  endfacet
  facet normal -0 0 1
    outer loop
      vertex 46.5027 -28.6247 7
      vertex 62 -37.5 7
      vertex 46.531 -28.4067 7
    endloop
  endfacet
  facet normal 0 0 1
    outer loop
      vertex 45.3531 30.6986 7
      vertex 61.4127 41.2082 7
      vertex 61.1573 41.9175 7
    endloop
  endfacet
  facet normal -0 0 1
    outer loop
      vertex 46.4607 -28.8406 7
      vertex 62 -37.5 7
      vertex 46.5027 -28.6247 7
    endloop
  endfacet
  facet normal 0 0 1
    outer loop
      vertex 45.3531 30.6986 7
      vertex 61.1573 41.9175 7
      vertex 60.8579 42.6093 7
    endloop
  endfacet
  facet normal -0 0 1
    outer loop
      vertex 46.4053 -29.0533 7
      vertex 62 -37.5 7
      vertex 46.4607 -28.8406 7
    endloop
  endfacet
  facet normal 0 0 1
    outer loop
      vertex 45.3531 30.6986 7
      vertex 60.8579 42.6093 7
      vertex 60.5157 43.2811 7
    endloop
  endfacet
  facet normal -0 0 1
    outer loop
      vertex 46.3366 -29.2622 7
      vertex 62 -37.5 7
      vertex 46.4053 -29.0533 7
    endloop
  endfacet
  facet normal 0 0 1
    outer loop
      vertex 45.3531 30.6986 7
      vertex 60.5157 43.2811 7
      vertex 60.1319 43.9299 7
    endloop
  endfacet
  facet normal -0 0 1
    outer loop
      vertex 46.255 -29.4664 7
      vertex 62 -37.5 7
      vertex 46.3366 -29.2622 7
    endloop
  endfacet
  facet normal 0 0 1
    outer loop
      vertex 45.3531 30.6986 7
      vertex 60.1319 43.9299 7
      vertex 59.7082 44.5534 7
    endloop
  endfacet
  facet normal -0 0 1
    outer loop
      vertex 46.1607 -29.665 7
      vertex 62 -37.5 7
      vertex 46.255 -29.4664 7
    endloop
  endfacet
  facet normal 0 0 1
    outer loop
      vertex 45.1832 30.8382 7
      vertex 59.7082 44.5534 7
      vertex 59.2462 45.1491 7
    endloop
  endfacet
  facet normal -0 0 1
    outer loop
      vertex 46.0541 -29.8573 7
      vertex 62 -37.5 7
      vertex 46.1607 -29.665 7
    endloop
  endfacet
  facet normal 0 0 1
    outer loop
      vertex 45.1832 30.8382 7
      vertex 59.2462 45.1491 7
      vertex 58.7476 45.7146 7
    endloop
  endfacet
  facet normal -0 0 1
    outer loop
      vertex 45.9356 -30.0425 7
      vertex 62 -37.5 7
      vertex 46.0541 -29.8573 7
    endloop
  endfacet
  facet normal 0 0 1
    outer loop
      vertex 45.1832 30.8382 7
      vertex 58.7476 45.7146 7
      vertex 58.2146 46.2476 7
    endloop
  endfacet
  facet normal -0 0 1
    outer loop
      vertex 45.8057 -30.22 7
      vertex 62 -37.5 7
      vertex 45.9356 -30.0425 7
    endloop
  endfacet
  facet normal 0 0 1
    outer loop
      vertex 45.1832 30.8382 7
      vertex 58.2146 46.2476 7
      vertex 57.6491 46.7462 7
    endloop
  endfacet
  facet normal -0 0 1
    outer loop
      vertex 45.665 -30.3889 7
      vertex 62 -37.5 7
      vertex 45.8057 -30.22 7
    endloop
  endfacet
  facet normal 0 0 1
    outer loop
      vertex 45.1832 30.8382 7
      vertex 57.6491 46.7462 7
      vertex 57.0534 47.2082 7
    endloop
  endfacet
  facet normal -0 0 1
    outer loop
      vertex 45.5139 -30.5486 7
      vertex 62 -37.5 7
      vertex 45.665 -30.3889 7
    endloop
  endfacet
  facet normal 0 0 1
    outer loop
      vertex 45.1832 30.8382 7
      vertex 57.0534 47.2082 7
      vertex 56.4299 47.6319 7
    endloop
  endfacet
  facet normal 0 0 1
    outer loop
      vertex 62 -37.5 7
      vertex 45.5139 -30.5486 7
      vertex 61.9556 -38.5314 7
    endloop
  endfacet
  facet normal 0 0 1
    outer loop
      vertex 45.1832 30.8382 7
      vertex 56.4299 47.6319 7
      vertex 55.7811 48.0157 7
    endloop
  endfacet
  facet normal 0 0 1
    outer loop
      vertex 61.9556 -38.5314 7
      vertex 45.5139 -30.5486 7
      vertex 61.8672 -39.2801 7
    endloop
  endfacet
  facet normal 0 0 1
    outer loop
      vertex 45.0049 30.9668 7
      vertex 55.7811 48.0157 7
      vertex 55.1093 48.3579 7
    endloop
  endfacet
  facet normal 0 0 1
    outer loop
      vertex 61.8672 -39.2801 7
      vertex 45.5139 -30.5486 7
      vertex 61.732 -40.0217 7
    endloop
  endfacet
  facet normal 0 0 1
    outer loop
      vertex 45.0049 30.9668 7
      vertex 55.1093 48.3579 7
      vertex 54.4175 48.6573 7
    endloop
  endfacet
  facet normal -0 0 1
    outer loop
      vertex 45.3531 -30.6986 7
      vertex 61.732 -40.0217 7
      vertex 45.5139 -30.5486 7
    endloop
  endfacet
  facet normal 0 0 1
    outer loop
      vertex 45.0049 30.9668 7
      vertex 54.4175 48.6573 7
      vertex 53.7082 48.9127 7
    endloop
  endfacet
  facet normal 0 0 1
    outer loop
      vertex 61.732 -40.0217 7
      vertex 45.3531 -30.6986 7
      vertex 61.5506 -40.7534 7
    endloop
  endfacet
  facet normal 0 0 1
    outer loop
      vertex 45.0049 30.9668 7
      vertex 53.7082 48.9127 7
      vertex 52.9843 49.123 7
    endloop
  endfacet
  facet normal 0 0 1
    outer loop
      vertex 61.5506 -40.7534 7
      vertex 45.3531 -30.6986 7
      vertex 61.3235 -41.4723 7
    endloop
  endfacet
  facet normal 0 0 1
    outer loop
      vertex 45.0049 30.9668 7
      vertex 52.9843 49.123 7
      vertex 52.2486 49.2874 7
    endloop
  endfacet
  facet normal 0 0 1
    outer loop
      vertex 61.3235 -41.4723 7
      vertex 45.3531 -30.6986 7
      vertex 61.0517 -42.1754 7
    endloop
  endfacet
  facet normal 0 0 1
    outer loop
      vertex 45.0049 30.9668 7
      vertex 52.2486 49.2874 7
      vertex 51.504 49.4054 7
    endloop
  endfacet
  facet normal 0 0 1
    outer loop
      vertex 61.0517 -42.1754 7
      vertex 45.3531 -30.6986 7
      vertex 60.7363 -42.8601 7
    endloop
  endfacet
  facet normal 0 0 1
    outer loop
      vertex 45.0049 30.9668 7
      vertex 51.504 49.4054 7
      vertex 50.7535 49.4763 7
    endloop
  endfacet
  facet normal 0 0 1
    outer loop
      vertex 60.7363 -42.8601 7
      vertex 45.3531 -30.6986 7
      vertex 60.3786 -43.5237 7
    endloop
  endfacet
  facet normal 0 0 1
    outer loop
      vertex 44.8188 31.0839 7
      vertex 50.7535 49.4763 7
      vertex 50 49.5 7
    endloop
  endfacet
  facet normal 0 0 1
    outer loop
      vertex 60.3786 -43.5237 7
      vertex 45.3531 -30.6986 7
      vertex 59.9799 -44.1635 7
    endloop
  endfacet
  facet normal 0 0 1
    outer loop
      vertex 44.8188 31.0839 7
      vertex 50 49.5 7
      vertex 49.2465 49.4763 7
    endloop
  endfacet
  facet normal -0 0 1
    outer loop
      vertex 45.1832 -30.8382 7
      vertex 59.9799 -44.1635 7
      vertex 45.3531 -30.6986 7
    endloop
  endfacet
  facet normal 0 0 1
    outer loop
      vertex 44.8188 31.0839 7
      vertex 49.2465 49.4763 7
      vertex 48.2199 49.3672 7
    endloop
  endfacet
  facet normal 0 0 1
    outer loop
      vertex 59.9799 -44.1635 7
      vertex 45.1832 -30.8382 7
      vertex 59.5418 -44.777 7
    endloop
  endfacet
  facet normal 0 0 1
    outer loop
      vertex 59.5418 -44.777 7
      vertex 45.1832 -30.8382 7
      vertex 59.066 -45.3618 7
    endloop
  endfacet
  facet normal 0 0 1
    outer loop
      vertex 62 37.5 7
      vertex 46.5456 28.1873 7
      vertex 46.5463 27.9674 7
    endloop
  endfacet
  facet normal 0 0 1
    outer loop
      vertex 62 37.5 7
      vertex 46.531 28.4067 7
      vertex 46.5456 28.1873 7
    endloop
  endfacet
  facet normal 0 0 1
    outer loop
      vertex 62 37.5 7
      vertex 46.5027 28.6247 7
      vertex 46.531 28.4067 7
    endloop
  endfacet
  facet normal 0 0 1
    outer loop
      vertex 62 37.5 7
      vertex 46.4607 28.8406 7
      vertex 46.5027 28.6247 7
    endloop
  endfacet
  facet normal 0 0 1
    outer loop
      vertex 62 37.5 7
      vertex 46.4053 29.0533 7
      vertex 46.4607 28.8406 7
    endloop
  endfacet
  facet normal 0 0 1
    outer loop
      vertex 62 37.5 7
      vertex 46.3366 29.2622 7
      vertex 46.4053 29.0533 7
    endloop
  endfacet
  facet normal 0 0 1
    outer loop
      vertex 62 37.5 7
      vertex 46.255 29.4664 7
      vertex 46.3366 29.2622 7
    endloop
  endfacet
  facet normal 0 0 1
    outer loop
      vertex 62 37.5 7
      vertex 46.1607 29.665 7
      vertex 46.255 29.4664 7
    endloop
  endfacet
  facet normal 0 0 1
    outer loop
      vertex 62 37.5 7
      vertex 46.0541 29.8573 7
      vertex 46.1607 29.665 7
    endloop
  endfacet
  facet normal 0 0 1
    outer loop
      vertex 62 37.5 7
      vertex 45.9356 30.0425 7
      vertex 46.0541 29.8573 7
    endloop
  endfacet
  facet normal 0 0 1
    outer loop
      vertex 62 37.5 7
      vertex 45.8057 30.22 7
      vertex 45.9356 30.0425 7
    endloop
  endfacet
  facet normal 0 0 1
    outer loop
      vertex 62 37.5 7
      vertex 45.665 30.3889 7
      vertex 45.8057 30.22 7
    endloop
  endfacet
  facet normal 0 0 1
    outer loop
      vertex 62 37.5 7
      vertex 45.5139 30.5486 7
      vertex 45.665 30.3889 7
    endloop
  endfacet
  facet normal 0 0 1
    outer loop
      vertex 61.7874 39.7486 7
      vertex 45.3531 30.6986 7
      vertex 45.5139 30.5486 7
    endloop
  endfacet
  facet normal 0 0 1
    outer loop
      vertex 59.7082 44.5534 7
      vertex 45.1832 30.8382 7
      vertex 45.3531 30.6986 7
    endloop
  endfacet
  facet normal 0 0 1
    outer loop
      vertex 55.7811 48.0157 7
      vertex 45.0049 30.9668 7
      vertex 45.1832 30.8382 7
    endloop
  endfacet
  facet normal 0 0 1
    outer loop
      vertex 50.7535 49.4763 7
      vertex 44.8188 31.0839 7
      vertex 45.0049 30.9668 7
    endloop
  endfacet
  facet normal 0 0 1
    outer loop
      vertex 48.2199 49.3672 7
      vertex 44.6258 31.1892 7
      vertex 44.8188 31.0839 7
    endloop
  endfacet
  facet normal 0 0 1
    outer loop
      vertex 48.2199 49.3672 7
      vertex 44.4265 31.2821 7
      vertex 44.6258 31.1892 7
    endloop
  endfacet
  facet normal 0 0 1
    outer loop
      vertex 48.2199 49.3672 7
      vertex 44.2218 31.3624 7
      vertex 44.4265 31.2821 7
    endloop
  endfacet
  facet normal 0 0 1
    outer loop
      vertex 48.2199 49.3672 7
      vertex 44.0124 31.4296 7
      vertex 44.2218 31.3624 7
    endloop
  endfacet
  facet normal 0 0 1
    outer loop
      vertex 48.2199 49.3672 7
      vertex 43.7993 31.4835 7
      vertex 44.0124 31.4296 7
    endloop
  endfacet
  facet normal 0 0 1
    outer loop
      vertex 48.2199 49.3672 7
      vertex 43.5831 31.5239 7
      vertex 43.7993 31.4835 7
    endloop
  endfacet
  facet normal 0 0 1
    outer loop
      vertex 48.2199 49.3672 7
      vertex 43.3649 31.5507 7
      vertex 43.5831 31.5239 7
    endloop
  endfacet
  facet normal 0 0 1
    outer loop
      vertex 48.2199 49.3672 7
      vertex 43.1454 31.5638 7
      vertex 43.3649 31.5507 7
    endloop
  endfacet
  facet normal 0 0 1
    outer loop
      vertex 48.2199 49.3672 7
      vertex 42.9255 31.563 7
      vertex 43.1454 31.5638 7
    endloop
  endfacet
  facet normal 0 0 1
    outer loop
      vertex 48.2199 49.3672 7
      vertex 42.7062 31.5484 7
      vertex 42.9255 31.563 7
    endloop
  endfacet
  facet normal 0 0 1
    outer loop
      vertex 48.2199 49.3672 7
      vertex 42.4881 31.5201 7
      vertex 42.7062 31.5484 7
    endloop
  endfacet
  facet normal 0 0 1
    outer loop
      vertex 48.2199 49.3672 7
      vertex 42.2723 31.4782 7
      vertex 42.4881 31.5201 7
    endloop
  endfacet
  facet normal 0 0 1
    outer loop
      vertex 48.2199 49.3672 7
      vertex 42.0595 31.4227 7
      vertex 42.2723 31.4782 7
    endloop
  endfacet
  facet normal 0 0 1
    outer loop
      vertex 48.2199 49.3672 7
      vertex 41.8506 31.3541 7
      vertex 42.0595 31.4227 7
    endloop
  endfacet
  facet normal 0 0 1
    outer loop
      vertex 48.2199 49.3672 7
      vertex 27.7552 26.2238 7
      vertex 41.8506 31.3541 7
    endloop
  endfacet
  facet normal -0 0 1
    outer loop
      vertex 4.5 28 7
      vertex 27.7552 26.2238 7
      vertex 48.2199 49.3672 7
    endloop
  endfacet
  facet normal 0 0 1
    outer loop
      vertex 27.7552 26.2238 7
      vertex 4.5 28 7
      vertex 27.5511 26.1421 7
    endloop
  endfacet
  facet normal 0 0 1
    outer loop
      vertex 27.5511 26.1421 7
      vertex 4.5 28 7
      vertex 27.3525 26.0478 7
    endloop
  endfacet
  facet normal 0 0 1
    outer loop
      vertex 27.3525 26.0478 7
      vertex 4.5 28 7
      vertex 27.1602 25.9412 7
    endloop
  endfacet
  facet normal 0 0 1
    outer loop
      vertex 27.1602 25.9412 7
      vertex 4.5 28 7
      vertex 26.9749 25.8227 7
    endloop
  endfacet
  facet normal 0 0 1
    outer loop
      vertex 26.9749 25.8227 7
      vertex 4.5 28 7
      vertex 26.7975 25.6929 7
    endloop
  endfacet
  facet normal 0 0 1
    outer loop
      vertex 26.7975 25.6929 7
      vertex 4.5 28 7
      vertex 26.6286 25.5521 7
    endloop
  endfacet
  facet normal 0 0 1
    outer loop
      vertex 26.6286 25.5521 7
      vertex 4.5 28 7
      vertex 26.4688 25.4011 7
    endloop
  endfacet
  facet normal -0 -0 1
    outer loop
      vertex 21.9077 12.0438 7
      vertex 25.7372 11.392 7
      vertex 21.1082 13.3957 7
    endloop
  endfacet
  facet normal 0 0 1
    outer loop
      vertex 15.9356 19.2628 7
      vertex 25.4537 23.0326 7
      vertex 25.4667 23.2521 7
    endloop
  endfacet
  facet normal 0 0 1
    outer loop
      vertex 25.7372 11.392 7
      vertex 21.9077 12.0438 7
      vertex 25.0343 10.9763 7
    endloop
  endfacet
  facet normal 0 0 1
    outer loop
      vertex 15.9356 19.2628 7
      vertex 25.4667 23.2521 7
      vertex 25.4935 23.4703 7
    endloop
  endfacet
  facet normal -0 -0 1
    outer loop
      vertex 22.6207 10.6445 7
      vertex 24.3588 10.5172 7
      vertex 21.9077 12.0438 7
    endloop
  endfacet
  facet normal 0 0 1
    outer loop
      vertex 23.7135 10.0167 7
      vertex 22.6207 10.6445 7
      vertex 23.1191 9.49266 7
    endloop
  endfacet
  facet normal 0 0 1
    outer loop
      vertex 15.9356 19.2628 7
      vertex 25.4935 23.4703 7
      vertex 25.534 23.6864 7
    endloop
  endfacet
  facet normal 0 0 1
    outer loop
      vertex 24.3588 10.5172 7
      vertex 22.6207 10.6445 7
      vertex 23.7135 10.0167 7
    endloop
  endfacet
  facet normal 0 0 1
    outer loop
      vertex 14.6946 20.2254 7
      vertex 25.534 23.6864 7
      vertex 25.5879 23.8996 7
    endloop
  endfacet
  facet normal 0 0 1
    outer loop
      vertex 25.0343 10.9763 7
      vertex 21.9077 12.0438 7
      vertex 24.3588 10.5172 7
    endloop
  endfacet
  facet normal 0 0 1
    outer loop
      vertex 14.6946 20.2254 7
      vertex 25.5879 23.8996 7
      vertex 25.6551 24.1089 7
    endloop
  endfacet
  facet normal 0 0 1
    outer loop
      vertex 14.6946 20.2254 7
      vertex 25.6551 24.1089 7
      vertex 25.7353 24.3136 7
    endloop
  endfacet
  facet normal 0 0 1
    outer loop
      vertex 26.8168 20.1618 7
      vertex 20.2254 14.6946 7
      vertex 21.1082 13.3957 7
    endloop
  endfacet
  facet normal 0 0 1
    outer loop
      vertex 13.3957 21.1082 7
      vertex 25.7353 24.3136 7
      vertex 25.8283 24.5129 7
    endloop
  endfacet
  facet normal 0 0 1
    outer loop
      vertex 13.3957 21.1082 7
      vertex 25.8283 24.5129 7
      vertex 25.9335 24.706 7
    endloop
  endfacet
  facet normal 0 0 1
    outer loop
      vertex 26.335 20.6111 7
      vertex 19.2628 15.9356 7
      vertex 20.2254 14.6946 7
    endloop
  endfacet
  facet normal 0 0 1
    outer loop
      vertex 12.0438 21.9077 7
      vertex 25.9335 24.706 7
      vertex 26.0507 24.892 7
    endloop
  endfacet
  facet normal 0 0 1
    outer loop
      vertex 12.0438 21.9077 7
      vertex 26.0507 24.892 7
      vertex 26.1793 25.0704 7
    endloop
  endfacet
  facet normal 0 0 1
    outer loop
      vertex 25.8393 21.335 7
      vertex 18.2242 17.1137 7
      vertex 19.2628 15.9356 7
    endloop
  endfacet
  facet normal 0 0 1
    outer loop
      vertex 12.0438 21.9077 7
      vertex 26.1793 25.0704 7
      vertex 26.3189 25.2403 7
    endloop
  endfacet
  facet normal 0 -0 1
    outer loop
      vertex 10.6445 22.6207 7
      vertex 26.4688 25.4011 7
      vertex 4.5 28 7
    endloop
  endfacet
  facet normal 0 0 1
    outer loop
      vertex 25.5393 22.1594 7
      vertex 17.1137 18.2242 7
      vertex 18.2242 17.1137 7
    endloop
  endfacet
  facet normal 0 0 1
    outer loop
      vertex 25.4544 22.8127 7
      vertex 15.9356 19.2628 7
      vertex 17.1137 18.2242 7
    endloop
  endfacet
  facet normal 0 0 1
    outer loop
      vertex 25.534 23.6864 7
      vertex 14.6946 20.2254 7
      vertex 15.9356 19.2628 7
    endloop
  endfacet
  facet normal 0 0 1
    outer loop
      vertex 25.7353 24.3136 7
      vertex 13.3957 21.1082 7
      vertex 14.6946 20.2254 7
    endloop
  endfacet
  facet normal 0 0 1
    outer loop
      vertex 25.9335 24.706 7
      vertex 12.0438 21.9077 7
      vertex 13.3957 21.1082 7
    endloop
  endfacet
  facet normal 0 0 1
    outer loop
      vertex 26.4688 25.4011 7
      vertex 10.6445 22.6207 7
      vertex 26.3189 25.2403 7
    endloop
  endfacet
  facet normal 0 0 1
    outer loop
      vertex 26.3189 25.2403 7
      vertex 10.6445 22.6207 7
      vertex 12.0438 21.9077 7
    endloop
  endfacet
  facet normal 0 0 1
    outer loop
      vertex 10.6445 22.6207 7
      vertex 4.5 28 7
      vertex 9.20311 23.2444 7
    endloop
  endfacet
  facet normal 0 0 1
    outer loop
      vertex 9.20311 23.2444 7
      vertex 4.5 28 7
      vertex 7.72542 23.7764 7
    endloop
  endfacet
  facet normal 0 0 1
    outer loop
      vertex 7.72542 23.7764 7
      vertex 4.5 28 7
      vertex 6.21725 24.2146 7
    endloop
  endfacet
  facet normal 0 0 1
    outer loop
      vertex 6.21725 24.2146 7
      vertex 4.5 28 7
      vertex 4.68453 24.5572 7
    endloop
  endfacet
  facet normal 0 0 1
    outer loop
      vertex 48.2199 49.3672 7
      vertex -4.5 28 7
      vertex 4.5 28 7
    endloop
  endfacet
  facet normal 0 0 1
    outer loop
      vertex -4.5 28 7
      vertex -4.68453 24.5572 7
      vertex -4.5 24.5864 7
    endloop
  endfacet
  facet normal 0 0 1
    outer loop
      vertex -4.5 28 7
      vertex -6.21725 24.2146 7
      vertex -4.68453 24.5572 7
    endloop
  endfacet
  facet normal 0 0 1
    outer loop
      vertex -4.5 28 7
      vertex -7.72542 23.7764 7
      vertex -6.21725 24.2146 7
    endloop
  endfacet
  facet normal 0 0 1
    outer loop
      vertex -4.5 28 7
      vertex -9.20311 23.2444 7
      vertex -7.72542 23.7764 7
    endloop
  endfacet
  facet normal 0 0 1
    outer loop
      vertex -4.5 28 7
      vertex -10.6445 22.6207 7
      vertex -9.20311 23.2444 7
    endloop
  endfacet
  facet normal 0 0 1
    outer loop
      vertex -4.5 28 7
      vertex -12.0438 21.9077 7
      vertex -10.6445 22.6207 7
    endloop
  endfacet
  facet normal 0 0 1
    outer loop
      vertex -51.7801 34.3672 7
      vertex -12.0438 21.9077 7
      vertex -4.5 28 7
    endloop
  endfacet
  facet normal 0 0 1
    outer loop
      vertex -12.0438 21.9077 7
      vertex -51.7801 34.3672 7
      vertex -13.3957 21.1082 7
    endloop
  endfacet
  facet normal 0 0 1
    outer loop
      vertex -24.8029 3.13333 7
      vertex -62 22.5 7
      vertex -24.9507 1.56976 7
    endloop
  endfacet
  facet normal 0 0 1
    outer loop
      vertex -24.5572 4.68453 7
      vertex -62 22.5 7
      vertex -24.8029 3.13333 7
    endloop
  endfacet
  facet normal 0 0 1
    outer loop
      vertex -24.2146 6.21725 7
      vertex -62 22.5 7
      vertex -24.5572 4.68453 7
    endloop
  endfacet
  facet normal 0 0 1
    outer loop
      vertex -23.7764 7.72542 7
      vertex -62 22.5 7
      vertex -24.2146 6.21725 7
    endloop
  endfacet
  facet normal 0 0 1
    outer loop
      vertex -23.2444 9.20311 7
      vertex -62 22.5 7
      vertex -23.7764 7.72542 7
    endloop
  endfacet
  facet normal -0 0 1
    outer loop
      vertex -62 22.5 7
      vertex -23.2444 9.20311 7
      vertex -51.7801 34.3672 7
    endloop
  endfacet
  facet normal 0 0 1
    outer loop
      vertex -22.6207 10.6445 7
      vertex -51.7801 34.3672 7
      vertex -23.2444 9.20311 7
    endloop
  endfacet
  facet normal 0 0 1
    outer loop
      vertex -21.9077 12.0438 7
      vertex -51.7801 34.3672 7
      vertex -22.6207 10.6445 7
    endloop
  endfacet
  facet normal 0 0 1
    outer loop
      vertex -21.1082 13.3957 7
      vertex -51.7801 34.3672 7
      vertex -21.9077 12.0438 7
    endloop
  endfacet
  facet normal 0 0 1
    outer loop
      vertex -20.2254 14.6946 7
      vertex -51.7801 34.3672 7
      vertex -21.1082 13.3957 7
    endloop
  endfacet
  facet normal 0 0 1
    outer loop
      vertex -19.2628 15.9356 7
      vertex -51.7801 34.3672 7
      vertex -20.2254 14.6946 7
    endloop
  endfacet
  facet normal 0 0 1
    outer loop
      vertex -18.2242 17.1137 7
      vertex -51.7801 34.3672 7
      vertex -19.2628 15.9356 7
    endloop
  endfacet
  facet normal 0 0 1
    outer loop
      vertex -17.1137 18.2242 7
      vertex -51.7801 34.3672 7
      vertex -18.2242 17.1137 7
    endloop
  endfacet
  facet normal 0 0 1
    outer loop
      vertex -15.9356 19.2628 7
      vertex -51.7801 34.3672 7
      vertex -17.1137 18.2242 7
    endloop
  endfacet
  facet normal 0 0 1
    outer loop
      vertex -14.6946 20.2254 7
      vertex -51.7801 34.3672 7
      vertex -15.9356 19.2628 7
    endloop
  endfacet
  facet normal 0 0 1
    outer loop
      vertex -13.3957 21.1082 7
      vertex -51.7801 34.3672 7
      vertex -14.6946 20.2254 7
    endloop
  endfacet
  facet normal -0 0 1
    outer loop
      vertex -51.7801 34.3672 7
      vertex -4.5 28 7
      vertex 48.2199 49.3672 7
    endloop
  endfacet
  facet normal 0 0 1
    outer loop
      vertex 59.066 -45.3618 7
      vertex 45.1832 -30.8382 7
      vertex 58.5545 -45.9155 7
    endloop
  endfacet
  facet normal 0 0 1
    outer loop
      vertex 58.5545 -45.9155 7
      vertex 45.1832 -30.8382 7
      vertex 58.0092 -46.436 7
    endloop
  endfacet
  facet normal 0 0 1
    outer loop
      vertex 58.0092 -46.436 7
      vertex 45.1832 -30.8382 7
      vertex 57.4323 -46.9213 7
    endloop
  endfacet
  facet normal 0 0 1
    outer loop
      vertex 57.4323 -46.9213 7
      vertex 45.1832 -30.8382 7
      vertex 56.826 -47.3694 7
    endloop
  endfacet
  facet normal 0 0 1
    outer loop
      vertex 56.826 -47.3694 7
      vertex 45.1832 -30.8382 7
      vertex 56.1929 -47.7785 7
    endloop
  endfacet
  facet normal 0 0 1
    outer loop
      vertex 56.1929 -47.7785 7
      vertex 45.1832 -30.8382 7
      vertex 55.5353 -48.1471 7
    endloop
  endfacet
  facet normal -0 0 1
    outer loop
      vertex 45.0049 -30.9668 7
      vertex 55.5353 -48.1471 7
      vertex 45.1832 -30.8382 7
    endloop
  endfacet
  facet normal 0 0 1
    outer loop
      vertex 55.5353 -48.1471 7
      vertex 45.0049 -30.9668 7
      vertex 54.8558 -48.4737 7
    endloop
  endfacet
  facet normal 0 0 1
    outer loop
      vertex 54.8558 -48.4737 7
      vertex 45.0049 -30.9668 7
      vertex 54.1572 -48.7569 7
    endloop
  endfacet
  facet normal 0 0 1
    outer loop
      vertex 54.1572 -48.7569 7
      vertex 45.0049 -30.9668 7
      vertex 53.4422 -48.9957 7
    endloop
  endfacet
  facet normal 0 0 1
    outer loop
      vertex 53.4422 -48.9957 7
      vertex 45.0049 -30.9668 7
      vertex 52.7135 -49.1892 7
    endloop
  endfacet
  facet normal 0 0 1
    outer loop
      vertex 52.7135 -49.1892 7
      vertex 45.0049 -30.9668 7
      vertex 51.9742 -49.3365 7
    endloop
  endfacet
  facet normal 0 0 1
    outer loop
      vertex 51.9742 -49.3365 7
      vertex 45.0049 -30.9668 7
      vertex 51.2271 -49.4371 7
    endloop
  endfacet
  facet normal 0 0 1
    outer loop
      vertex 51.2271 -49.4371 7
      vertex 45.0049 -30.9668 7
      vertex 50.4751 -49.4906 7
    endloop
  endfacet
  facet normal -0 0 1
    outer loop
      vertex 44.8188 -31.0839 7
      vertex 50.4751 -49.4906 7
      vertex 45.0049 -30.9668 7
    endloop
  endfacet
  facet normal 0 0 1
    outer loop
      vertex 50.4751 -49.4906 7
      vertex 44.8188 -31.0839 7
      vertex 49.7213 -49.4968 7
    endloop
  endfacet
  facet normal 0 0 1
    outer loop
      vertex 49.7213 -49.4968 7
      vertex 44.8188 -31.0839 7
      vertex 48.9686 -49.4556 7
    endloop
  endfacet
  facet normal 0 0 1
    outer loop
      vertex 48.9686 -49.4556 7
      vertex 44.8188 -31.0839 7
      vertex 48.2199 -49.3672 7
    endloop
  endfacet
  facet normal -0 0 1
    outer loop
      vertex 44.6258 -31.1892 7
      vertex 48.2199 -49.3672 7
      vertex 44.8188 -31.0839 7
    endloop
  endfacet
  facet normal -0 0 1
    outer loop
      vertex 44.4265 -31.2821 7
      vertex 48.2199 -49.3672 7
      vertex 44.6258 -31.1892 7
    endloop
  endfacet
  facet normal -0 0 1
    outer loop
      vertex 44.2218 -31.3624 7
      vertex 48.2199 -49.3672 7
      vertex 44.4265 -31.2821 7
    endloop
  endfacet
  facet normal -0 0 1
    outer loop
      vertex 44.0124 -31.4296 7
      vertex 48.2199 -49.3672 7
      vertex 44.2218 -31.3624 7
    endloop
  endfacet
  facet normal -0 0 1
    outer loop
      vertex 43.7993 -31.4835 7
      vertex 48.2199 -49.3672 7
      vertex 44.0124 -31.4296 7
    endloop
  endfacet
  facet normal -0 0 1
    outer loop
      vertex 43.5831 -31.5239 7
      vertex 48.2199 -49.3672 7
      vertex 43.7993 -31.4835 7
    endloop
  endfacet
  facet normal -0 0 1
    outer loop
      vertex 43.3649 -31.5507 7
      vertex 48.2199 -49.3672 7
      vertex 43.5831 -31.5239 7
    endloop
  endfacet
  facet normal -0 0 1
    outer loop
      vertex 43.1454 -31.5638 7
      vertex 48.2199 -49.3672 7
      vertex 43.3649 -31.5507 7
    endloop
  endfacet
  facet normal 0 0 1
    outer loop
      vertex 42.9255 -31.563 7
      vertex 48.2199 -49.3672 7
      vertex 43.1454 -31.5638 7
    endloop
  endfacet
  facet normal 0 0 1
    outer loop
      vertex 42.7062 -31.5484 7
      vertex 48.2199 -49.3672 7
      vertex 42.9255 -31.563 7
    endloop
  endfacet
  facet normal 0 0 1
    outer loop
      vertex 42.4881 -31.5201 7
      vertex 48.2199 -49.3672 7
      vertex 42.7062 -31.5484 7
    endloop
  endfacet
  facet normal 0 0 1
    outer loop
      vertex 42.2723 -31.4782 7
      vertex 48.2199 -49.3672 7
      vertex 42.4881 -31.5201 7
    endloop
  endfacet
  facet normal 0 0 1
    outer loop
      vertex 42.0595 -31.4227 7
      vertex 48.2199 -49.3672 7
      vertex 42.2723 -31.4782 7
    endloop
  endfacet
  facet normal 0 0 1
    outer loop
      vertex 41.8506 -31.3541 7
      vertex 48.2199 -49.3672 7
      vertex 42.0595 -31.4227 7
    endloop
  endfacet
  facet normal 0 0 1
    outer loop
      vertex 27.7552 -26.2238 7
      vertex 48.2199 -49.3672 7
      vertex 41.8506 -31.3541 7
    endloop
  endfacet
  facet normal 0 0 1
    outer loop
      vertex 4.5 -28 7
      vertex 27.7552 -26.2238 7
      vertex 27.5511 -26.1421 7
    endloop
  endfacet
  facet normal 0 0 1
    outer loop
      vertex 4.5 -28 7
      vertex 27.5511 -26.1421 7
      vertex 27.3525 -26.0478 7
    endloop
  endfacet
  facet normal 0 0 1
    outer loop
      vertex 4.5 -28 7
      vertex 27.3525 -26.0478 7
      vertex 27.1602 -25.9412 7
    endloop
  endfacet
  facet normal 0 0 1
    outer loop
      vertex 4.5 -28 7
      vertex 27.1602 -25.9412 7
      vertex 26.9749 -25.8227 7
    endloop
  endfacet
  facet normal 0 0 1
    outer loop
      vertex 4.5 -28 7
      vertex 26.9749 -25.8227 7
      vertex 26.7975 -25.6929 7
    endloop
  endfacet
  facet normal 0 0 1
    outer loop
      vertex 4.5 -28 7
      vertex 26.7975 -25.6929 7
      vertex 26.6286 -25.5521 7
    endloop
  endfacet
  facet normal 0 0 1
    outer loop
      vertex 4.5 -28 7
      vertex 26.6286 -25.5521 7
      vertex 26.4688 -25.4011 7
    endloop
  endfacet
  facet normal 0 0 1
    outer loop
      vertex 10.6445 -22.6207 7
      vertex 26.4688 -25.4011 7
      vertex 26.3189 -25.2403 7
    endloop
  endfacet
  facet normal 0 0 1
    outer loop
      vertex 25.5947 -21.9467 7
      vertex 18.2242 -17.1137 7
      vertex 25.5393 -22.1594 7
    endloop
  endfacet
  facet normal -0 0 1
    outer loop
      vertex 17.1137 -18.2242 7
      vertex 25.5393 -22.1594 7
      vertex 18.2242 -17.1137 7
    endloop
  endfacet
  facet normal 0 0 1
    outer loop
      vertex 22.6207 -10.6445 7
      vertex 24.3588 -10.5172 7
      vertex 23.7135 -10.0167 7
    endloop
  endfacet
  facet normal 0 0 1
    outer loop
      vertex 21.1082 -13.3957 7
      vertex 24.3588 -10.5172 7
      vertex 21.9077 -12.0438 7
    endloop
  endfacet
  facet normal 0 0 1
    outer loop
      vertex 22.6207 -10.6445 7
      vertex 23.7135 -10.0167 7
      vertex 23.1191 -9.49266 7
    endloop
  endfacet
  facet normal 0 0 1
    outer loop
      vertex 24.3588 -10.5172 7
      vertex 22.6207 -10.6445 7
      vertex 21.9077 -12.0438 7
    endloop
  endfacet
  facet normal 0 0 1
    outer loop
      vertex 25.5393 -22.1594 7
      vertex 17.1137 -18.2242 7
      vertex 25.4973 -22.3753 7
    endloop
  endfacet
  facet normal 0 0 1
    outer loop
      vertex 25.4973 -22.3753 7
      vertex 17.1137 -18.2242 7
      vertex 25.469 -22.5933 7
    endloop
  endfacet
  facet normal 0 0 1
    outer loop
      vertex 25.469 -22.5933 7
      vertex 17.1137 -18.2242 7
      vertex 25.4544 -22.8127 7
    endloop
  endfacet
  facet normal -0 0 1
    outer loop
      vertex 15.9356 -19.2628 7
      vertex 25.4544 -22.8127 7
      vertex 17.1137 -18.2242 7
    endloop
  endfacet
  facet normal 0 0 1
    outer loop
      vertex 25.4544 -22.8127 7
      vertex 15.9356 -19.2628 7
      vertex 25.4537 -23.0326 7
    endloop
  endfacet
  facet normal 0 0 1
    outer loop
      vertex 25.4537 -23.0326 7
      vertex 15.9356 -19.2628 7
      vertex 25.4667 -23.2521 7
    endloop
  endfacet
  facet normal 0 0 1
    outer loop
      vertex 25.4667 -23.2521 7
      vertex 15.9356 -19.2628 7
      vertex 25.4935 -23.4703 7
    endloop
  endfacet
  facet normal 0 0 1
    outer loop
      vertex 25.4935 -23.4703 7
      vertex 15.9356 -19.2628 7
      vertex 25.534 -23.6864 7
    endloop
  endfacet
  facet normal -0 0 1
    outer loop
      vertex 14.6946 -20.2254 7
      vertex 25.534 -23.6864 7
      vertex 15.9356 -19.2628 7
    endloop
  endfacet
  facet normal 0 0 1
    outer loop
      vertex 25.534 -23.6864 7
      vertex 14.6946 -20.2254 7
      vertex 25.5879 -23.8996 7
    endloop
  endfacet
  facet normal 0 0 1
    outer loop
      vertex 25.5879 -23.8996 7
      vertex 14.6946 -20.2254 7
      vertex 25.6551 -24.1089 7
    endloop
  endfacet
  facet normal 0 0 1
    outer loop
      vertex 25.6551 -24.1089 7
      vertex 14.6946 -20.2254 7
      vertex 25.7353 -24.3136 7
    endloop
  endfacet
  facet normal -0 0 1
    outer loop
      vertex 13.3957 -21.1082 7
      vertex 25.7353 -24.3136 7
      vertex 14.6946 -20.2254 7
    endloop
  endfacet
  facet normal 0 0 1
    outer loop
      vertex 25.7353 -24.3136 7
      vertex 13.3957 -21.1082 7
      vertex 25.8283 -24.5129 7
    endloop
  endfacet
  facet normal 0 0 1
    outer loop
      vertex 25.8283 -24.5129 7
      vertex 13.3957 -21.1082 7
      vertex 25.9335 -24.706 7
    endloop
  endfacet
  facet normal -0 0 1
    outer loop
      vertex 12.0438 -21.9077 7
      vertex 25.9335 -24.706 7
      vertex 13.3957 -21.1082 7
    endloop
  endfacet
  facet normal 0 0 1
    outer loop
      vertex 25.9335 -24.706 7
      vertex 12.0438 -21.9077 7
      vertex 26.0507 -24.892 7
    endloop
  endfacet
  facet normal 0 0 1
    outer loop
      vertex 26.0507 -24.892 7
      vertex 12.0438 -21.9077 7
      vertex 26.1793 -25.0704 7
    endloop
  endfacet
  facet normal 0 0 1
    outer loop
      vertex 26.1793 -25.0704 7
      vertex 12.0438 -21.9077 7
      vertex 26.3189 -25.2403 7
    endloop
  endfacet
  facet normal -0 0 1
    outer loop
      vertex 10.6445 -22.6207 7
      vertex 26.3189 -25.2403 7
      vertex 12.0438 -21.9077 7
    endloop
  endfacet
  facet normal 0 0 1
    outer loop
      vertex 26.4688 -25.4011 7
      vertex 10.6445 -22.6207 7
      vertex 4.5 -28 7
    endloop
  endfacet
  facet normal 0 0 1
    outer loop
      vertex 4.5 -28 7
      vertex 10.6445 -22.6207 7
      vertex 9.20311 -23.2444 7
    endloop
  endfacet
  facet normal 0 0 1
    outer loop
      vertex 4.5 -28 7
      vertex 9.20311 -23.2444 7
      vertex 7.72542 -23.7764 7
    endloop
  endfacet
  facet normal 0 0 1
    outer loop
      vertex 4.5 -28 7
      vertex 7.72542 -23.7764 7
      vertex 6.21725 -24.2146 7
    endloop
  endfacet
  facet normal 0 0 1
    outer loop
      vertex 4.5 -28 7
      vertex 6.21725 -24.2146 7
      vertex 4.68453 -24.5572 7
    endloop
  endfacet
  facet normal 0 0 1
    outer loop
      vertex 4.5 -28 7
      vertex 4.68453 -24.5572 7
      vertex 4.5 -24.5864 7
    endloop
  endfacet
  facet normal 0 0 1
    outer loop
      vertex 27.7552 -26.2238 7
      vertex 4.5 -28 7
      vertex 48.2199 -49.3672 7
    endloop
  endfacet
  facet normal -0 0 1
    outer loop
      vertex -4.5 -28 7
      vertex 48.2199 -49.3672 7
      vertex 4.5 -28 7
    endloop
  endfacet
  facet normal 0 0 1
    outer loop
      vertex -6.21725 -24.2146 7
      vertex -4.5 -28 7
      vertex -4.68453 -24.5572 7
    endloop
  endfacet
  facet normal 0 0 1
    outer loop
      vertex -7.72542 -23.7764 7
      vertex -4.5 -28 7
      vertex -6.21725 -24.2146 7
    endloop
  endfacet
  facet normal 0 0 1
    outer loop
      vertex -9.20311 -23.2444 7
      vertex -4.5 -28 7
      vertex -7.72542 -23.7764 7
    endloop
  endfacet
  facet normal 0 0 1
    outer loop
      vertex -10.6445 -22.6207 7
      vertex -4.5 -28 7
      vertex -9.20311 -23.2444 7
    endloop
  endfacet
  facet normal 0 0 1
    outer loop
      vertex -12.0438 -21.9077 7
      vertex -4.5 -28 7
      vertex -10.6445 -22.6207 7
    endloop
  endfacet
  facet normal 0 0 1
    outer loop
      vertex -51.7801 -34.3672 7
      vertex -12.0438 -21.9077 7
      vertex -13.3957 -21.1082 7
    endloop
  endfacet
  facet normal 0 0 1
    outer loop
      vertex -51.7801 -34.3672 7
      vertex -13.3957 -21.1082 7
      vertex -14.6946 -20.2254 7
    endloop
  endfacet
  facet normal 0 0 1
    outer loop
      vertex -24.9507 1.56976 7
      vertex -62 22.5 7
      vertex -25 0 7
    endloop
  endfacet
  facet normal 0 0 1
    outer loop
      vertex -62 -22.5 7
      vertex -25 0 7
      vertex -62 22.5 7
    endloop
  endfacet
  facet normal 0 0 1
    outer loop
      vertex -25 0 7
      vertex -62 -22.5 7
      vertex -24.9507 -1.56976 7
    endloop
  endfacet
  facet normal 0 0 1
    outer loop
      vertex -24.9507 -1.56976 7
      vertex -62 -22.5 7
      vertex -24.8029 -3.13333 7
    endloop
  endfacet
  facet normal 0 0 1
    outer loop
      vertex -24.8029 -3.13333 7
      vertex -62 -22.5 7
      vertex -24.5572 -4.68453 7
    endloop
  endfacet
  facet normal 0 0 1
    outer loop
      vertex -24.5572 -4.68453 7
      vertex -62 -22.5 7
      vertex -24.2146 -6.21725 7
    endloop
  endfacet
  facet normal 0 0 1
    outer loop
      vertex -24.2146 -6.21725 7
      vertex -62 -22.5 7
      vertex -23.7764 -7.72542 7
    endloop
  endfacet
  facet normal 0 0 1
    outer loop
      vertex -23.7764 -7.72542 7
      vertex -62 -22.5 7
      vertex -23.2444 -9.20311 7
    endloop
  endfacet
  facet normal 0 -0 1
    outer loop
      vertex -51.7801 -34.3672 7
      vertex -23.2444 -9.20311 7
      vertex -62 -22.5 7
    endloop
  endfacet
  facet normal 0 0 1
    outer loop
      vertex -4.5 -28 7
      vertex -51.7801 -34.3672 7
      vertex 48.2199 -49.3672 7
    endloop
  endfacet
  facet normal 0 0 1
    outer loop
      vertex -12.0438 -21.9077 7
      vertex -51.7801 -34.3672 7
      vertex -4.5 -28 7
    endloop
  endfacet
  facet normal 0 0 1
    outer loop
      vertex -15.9356 -19.2628 7
      vertex -51.7801 -34.3672 7
      vertex -14.6946 -20.2254 7
    endloop
  endfacet
  facet normal 0 0 1
    outer loop
      vertex -17.1137 -18.2242 7
      vertex -51.7801 -34.3672 7
      vertex -15.9356 -19.2628 7
    endloop
  endfacet
  facet normal 0 0 1
    outer loop
      vertex -18.2242 -17.1137 7
      vertex -51.7801 -34.3672 7
      vertex -17.1137 -18.2242 7
    endloop
  endfacet
  facet normal 0 0 1
    outer loop
      vertex -19.2628 -15.9356 7
      vertex -51.7801 -34.3672 7
      vertex -18.2242 -17.1137 7
    endloop
  endfacet
  facet normal 0 0 1
    outer loop
      vertex -20.2254 -14.6946 7
      vertex -51.7801 -34.3672 7
      vertex -19.2628 -15.9356 7
    endloop
  endfacet
  facet normal 0 0 1
    outer loop
      vertex -21.1082 -13.3957 7
      vertex -51.7801 -34.3672 7
      vertex -20.2254 -14.6946 7
    endloop
  endfacet
  facet normal 0 0 1
    outer loop
      vertex -23.2444 -9.20311 7
      vertex -51.7801 -34.3672 7
      vertex -22.6207 -10.6445 7
    endloop
  endfacet
  facet normal 0 0 1
    outer loop
      vertex -21.9077 -12.0438 7
      vertex -51.7801 -34.3672 7
      vertex -21.1082 -13.3957 7
    endloop
  endfacet
  facet normal 0 0 1
    outer loop
      vertex -62 22.5 7
      vertex -51.7801 34.3672 7
      vertex -52.5217 34.232 7
    endloop
  endfacet
  facet normal 0 0 1
    outer loop
      vertex -51.7801 -34.3672 7
      vertex -62 -22.5 7
      vertex -52.2486 -34.2874 7
    endloop
  endfacet
  facet normal 0 0 1
    outer loop
      vertex -62 22.5 7
      vertex -52.5217 34.232 7
      vertex -53.2534 34.0506 7
    endloop
  endfacet
  facet normal 0 0 1
    outer loop
      vertex -52.2486 -34.2874 7
      vertex -62 -22.5 7
      vertex -52.9843 -34.123 7
    endloop
  endfacet
  facet normal 0 0 1
    outer loop
      vertex -62 22.5 7
      vertex -53.2534 34.0506 7
      vertex -53.9723 33.8235 7
    endloop
  endfacet
  facet normal 0 0 1
    outer loop
      vertex -52.9843 -34.123 7
      vertex -62 -22.5 7
      vertex -53.7082 -33.9127 7
    endloop
  endfacet
  facet normal 0 0 1
    outer loop
      vertex -62 22.5 7
      vertex -53.9723 33.8235 7
      vertex -54.6754 33.5517 7
    endloop
  endfacet
  facet normal 0 0 1
    outer loop
      vertex -53.7082 -33.9127 7
      vertex -62 -22.5 7
      vertex -54.4175 -33.6573 7
    endloop
  endfacet
  facet normal 0 0 1
    outer loop
      vertex -62 22.5 7
      vertex -54.6754 33.5517 7
      vertex -55.3601 33.2363 7
    endloop
  endfacet
  facet normal 0 0 1
    outer loop
      vertex -54.4175 -33.6573 7
      vertex -62 -22.5 7
      vertex -55.1093 -33.3579 7
    endloop
  endfacet
  facet normal 0 0 1
    outer loop
      vertex -62 22.5 7
      vertex -55.3601 33.2363 7
      vertex -56.0237 32.8786 7
    endloop
  endfacet
  facet normal 0 0 1
    outer loop
      vertex -55.1093 -33.3579 7
      vertex -62 -22.5 7
      vertex -55.7811 -33.0157 7
    endloop
  endfacet
  facet normal 0 0 1
    outer loop
      vertex -62 22.5 7
      vertex -56.0237 32.8786 7
      vertex -56.6635 32.4799 7
    endloop
  endfacet
  facet normal 0 0 1
    outer loop
      vertex -55.7811 -33.0157 7
      vertex -62 -22.5 7
      vertex -56.4299 -32.6319 7
    endloop
  endfacet
  facet normal 0 0 1
    outer loop
      vertex -62 22.5 7
      vertex -56.6635 32.4799 7
      vertex -57.277 32.0418 7
    endloop
  endfacet
  facet normal 0 0 1
    outer loop
      vertex -56.4299 -32.6319 7
      vertex -62 -22.5 7
      vertex -57.0534 -32.2082 7
    endloop
  endfacet
  facet normal 0 0 1
    outer loop
      vertex -62 22.5 7
      vertex -57.277 32.0418 7
      vertex -57.8618 31.566 7
    endloop
  endfacet
  facet normal 0 0 1
    outer loop
      vertex -57.0534 -32.2082 7
      vertex -62 -22.5 7
      vertex -57.6491 -31.7462 7
    endloop
  endfacet
  facet normal 0 0 1
    outer loop
      vertex -62 22.5 7
      vertex -57.8618 31.566 7
      vertex -58.4155 31.0545 7
    endloop
  endfacet
  facet normal 0 0 1
    outer loop
      vertex -57.6491 -31.7462 7
      vertex -62 -22.5 7
      vertex -58.2146 -31.2476 7
    endloop
  endfacet
  facet normal 0 0 1
    outer loop
      vertex -62 22.5 7
      vertex -58.4155 31.0545 7
      vertex -58.936 30.5092 7
    endloop
  endfacet
  facet normal 0 0 1
    outer loop
      vertex -58.2146 -31.2476 7
      vertex -62 -22.5 7
      vertex -58.7476 -30.7146 7
    endloop
  endfacet
  facet normal 0 0 1
    outer loop
      vertex -62 22.5 7
      vertex -58.936 30.5092 7
      vertex -59.4213 29.9323 7
    endloop
  endfacet
  facet normal 0 0 1
    outer loop
      vertex -58.7476 -30.7146 7
      vertex -62 -22.5 7
      vertex -59.2462 -30.1491 7
    endloop
  endfacet
  facet normal 0 0 1
    outer loop
      vertex -62 22.5 7
      vertex -59.4213 29.9323 7
      vertex -59.8694 29.326 7
    endloop
  endfacet
  facet normal 0 0 1
    outer loop
      vertex -59.2462 -30.1491 7
      vertex -62 -22.5 7
      vertex -59.7082 -29.5534 7
    endloop
  endfacet
  facet normal 0 0 1
    outer loop
      vertex -62 22.5 7
      vertex -59.8694 29.326 7
      vertex -60.2785 28.6929 7
    endloop
  endfacet
  facet normal 0 0 1
    outer loop
      vertex -59.7082 -29.5534 7
      vertex -62 -22.5 7
      vertex -60.1319 -28.9299 7
    endloop
  endfacet
  facet normal 0 0 1
    outer loop
      vertex -62 22.5 7
      vertex -60.2785 28.6929 7
      vertex -60.6471 28.0353 7
    endloop
  endfacet
  facet normal 0 0 1
    outer loop
      vertex -60.1319 -28.9299 7
      vertex -62 -22.5 7
      vertex -60.5157 -28.2811 7
    endloop
  endfacet
  facet normal 0 0 1
    outer loop
      vertex -62 22.5 7
      vertex -60.6471 28.0353 7
      vertex -60.9737 27.3558 7
    endloop
  endfacet
  facet normal 0 0 1
    outer loop
      vertex -60.5157 -28.2811 7
      vertex -62 -22.5 7
      vertex -60.8579 -27.6093 7
    endloop
  endfacet
  facet normal 0 0 1
    outer loop
      vertex -62 22.5 7
      vertex -60.9737 27.3558 7
      vertex -61.2569 26.6572 7
    endloop
  endfacet
  facet normal 0 0 1
    outer loop
      vertex -60.8579 -27.6093 7
      vertex -62 -22.5 7
      vertex -61.1573 -26.9175 7
    endloop
  endfacet
  facet normal 0 0 1
    outer loop
      vertex -62 22.5 7
      vertex -61.2569 26.6572 7
      vertex -61.4957 25.9422 7
    endloop
  endfacet
  facet normal 0 0 1
    outer loop
      vertex -22.6207 -10.6445 7
      vertex -51.7801 -34.3672 7
      vertex -21.9077 -12.0438 7
    endloop
  endfacet
  facet normal 0 0 1
    outer loop
      vertex -62 22.5 7
      vertex -61.4957 25.9422 7
      vertex -61.6892 25.2135 7
    endloop
  endfacet
  facet normal 0 0 1
    outer loop
      vertex -61.1573 -26.9175 7
      vertex -62 -22.5 7
      vertex -61.4127 -26.2082 7
    endloop
  endfacet
  facet normal 0 0 1
    outer loop
      vertex -62 22.5 7
      vertex -61.6892 25.2135 7
      vertex -61.8365 24.4742 7
    endloop
  endfacet
  facet normal 0 0 1
    outer loop
      vertex -61.4127 -26.2082 7
      vertex -62 -22.5 7
      vertex -61.623 -25.4843 7
    endloop
  endfacet
  facet normal 0 0 1
    outer loop
      vertex -62 22.5 7
      vertex -61.8365 24.4742 7
      vertex -61.9371 23.7271 7
    endloop
  endfacet
  facet normal 0 0 1
    outer loop
      vertex -61.623 -25.4843 7
      vertex -62 -22.5 7
      vertex -61.7874 -24.7486 7
    endloop
  endfacet
  facet normal 0 0 1
    outer loop
      vertex -62 22.5 7
      vertex -61.9371 23.7271 7
      vertex -61.9906 22.9751 7
    endloop
  endfacet
  facet normal 0 0 1
    outer loop
      vertex -61.7874 -24.7486 7
      vertex -62 -22.5 7
      vertex -61.9054 -24.004 7
    endloop
  endfacet
  facet normal 0 0 1
    outer loop
      vertex -61.9054 -24.004 7
      vertex -62 -22.5 7
      vertex -61.9763 -23.2535 7
    endloop
  endfacet
  facet normal -0 0 1
    outer loop
      vertex 43.7628 -5.53513 7
      vertex 45.9493 -26.108 7
      vertex 44.0871 -4.78562 7
    endloop
  endfacet
  facet normal 0 0 1
    outer loop
      vertex 45.9493 -26.108 7
      vertex 43.7628 -5.53513 7
      vertex 45.8207 -25.9296 7
    endloop
  endfacet
  facet normal 0 0 1
    outer loop
      vertex 45.8207 -25.9296 7
      vertex 43.7628 -5.53513 7
      vertex 45.6811 -25.7597 7
    endloop
  endfacet
  facet normal -0 0 1
    outer loop
      vertex 43.392 -6.2628 7
      vertex 45.6811 -25.7597 7
      vertex 43.7628 -5.53513 7
    endloop
  endfacet
  facet normal 0 0 1
    outer loop
      vertex 45.6811 -25.7597 7
      vertex 43.392 -6.2628 7
      vertex 45.5312 -25.5989 7
    endloop
  endfacet
  facet normal -0 0 1
    outer loop
      vertex 42.9763 -6.96575 7
      vertex 45.5312 -25.5989 7
      vertex 43.392 -6.2628 7
    endloop
  endfacet
  facet normal 0 0 1
    outer loop
      vertex 45.5312 -25.5989 7
      vertex 42.9763 -6.96575 7
      vertex 45.3714 -25.4479 7
    endloop
  endfacet
  facet normal 0 0 1
    outer loop
      vertex 45.3714 -25.4479 7
      vertex 42.9763 -6.96575 7
      vertex 45.2025 -25.3071 7
    endloop
  endfacet
  facet normal -0 0 1
    outer loop
      vertex 42.5172 -7.64121 7
      vertex 45.2025 -25.3071 7
      vertex 42.9763 -6.96575 7
    endloop
  endfacet
  facet normal 0 0 1
    outer loop
      vertex 45.2025 -25.3071 7
      vertex 42.5172 -7.64121 7
      vertex 45.0251 -25.1773 7
    endloop
  endfacet
  facet normal -0 0 1
    outer loop
      vertex 42.0167 -8.28651 7
      vertex 45.0251 -25.1773 7
      vertex 42.5172 -7.64121 7
    endloop
  endfacet
  facet normal 0 0 1
    outer loop
      vertex 45.0251 -25.1773 7
      vertex 42.0167 -8.28651 7
      vertex 44.8398 -25.0588 7
    endloop
  endfacet
  facet normal 0 0 1
    outer loop
      vertex 44.8398 -25.0588 7
      vertex 42.0167 -8.28651 7
      vertex 44.6475 -24.9522 7
    endloop
  endfacet
  facet normal -0 0 1
    outer loop
      vertex 41.4766 -8.89911 7
      vertex 44.6475 -24.9522 7
      vertex 42.0167 -8.28651 7
    endloop
  endfacet
  facet normal 0 0 1
    outer loop
      vertex 44.6475 -24.9522 7
      vertex 41.4766 -8.89911 7
      vertex 44.4489 -24.8579 7
    endloop
  endfacet
  facet normal 0 0 1
    outer loop
      vertex 44.4489 -24.8579 7
      vertex 41.4766 -8.89911 7
      vertex 44.2448 -24.7762 7
    endloop
  endfacet
  facet normal -0 0 1
    outer loop
      vertex 40.8991 -9.47659 7
      vertex 44.2448 -24.7762 7
      vertex 41.4766 -8.89911 7
    endloop
  endfacet
  facet normal -0 0 1
    outer loop
      vertex 40.2865 -10.0167 7
      vertex 44.2448 -24.7762 7
      vertex 40.8991 -9.47659 7
    endloop
  endfacet
  facet normal -0 0 1
    outer loop
      vertex 39.6412 -10.5172 7
      vertex 44.2448 -24.7762 7
      vertex 40.2865 -10.0167 7
    endloop
  endfacet
  facet normal -0 0 1
    outer loop
      vertex 38.9657 -10.9763 7
      vertex 44.2448 -24.7762 7
      vertex 39.6412 -10.5172 7
    endloop
  endfacet
  facet normal -0 0 1
    outer loop
      vertex 38.2628 -11.392 7
      vertex 44.2448 -24.7762 7
      vertex 38.9657 -10.9763 7
    endloop
  endfacet
  facet normal -0 0 1
    outer loop
      vertex 37.5351 -11.7628 7
      vertex 44.2448 -24.7762 7
      vertex 38.2628 -11.392 7
    endloop
  endfacet
  facet normal -0 0 1
    outer loop
      vertex 36.7856 -12.0871 7
      vertex 44.2448 -24.7762 7
      vertex 37.5351 -11.7628 7
    endloop
  endfacet
  facet normal -0 0 1
    outer loop
      vertex 36.0172 -12.3637 7
      vertex 44.2448 -24.7762 7
      vertex 36.7856 -12.0871 7
    endloop
  endfacet
  facet normal 0 0 1
    outer loop
      vertex 30.1494 -19.6459 7
      vertex 36.0172 -12.3637 7
      vertex 35.233 -12.5916 7
    endloop
  endfacet
  facet normal 0 0 1
    outer loop
      vertex 30.1494 -19.6459 7
      vertex 35.233 -12.5916 7
      vertex 34.436 -12.7697 7
    endloop
  endfacet
  facet normal 0 0 1
    outer loop
      vertex 30.1494 -19.6459 7
      vertex 34.436 -12.7697 7
      vertex 33.6293 -12.8975 7
    endloop
  endfacet
  facet normal 0 0 1
    outer loop
      vertex 30.1494 -19.6459 7
      vertex 33.6293 -12.8975 7
      vertex 32.8163 -12.9743 7
    endloop
  endfacet
  facet normal 0 0 1
    outer loop
      vertex 30.1494 -19.6459 7
      vertex 32.8163 -12.9743 7
      vertex 32 -13 7
    endloop
  endfacet
  facet normal 0 0 1
    outer loop
      vertex 30.1494 -19.6459 7
      vertex 32 -13 7
      vertex 31.1837 -12.9743 7
    endloop
  endfacet
  facet normal 0 0 1
    outer loop
      vertex 29.7277 -19.5218 7
      vertex 31.1837 -12.9743 7
      vertex 30.3707 -12.8975 7
    endloop
  endfacet
  facet normal 0 0 1
    outer loop
      vertex 36.0172 -12.3637 7
      vertex 30.1494 -19.6459 7
      vertex 44.2448 -24.7762 7
    endloop
  endfacet
  facet normal 0 0 1
    outer loop
      vertex 31.1837 -12.9743 7
      vertex 29.9405 -19.5772 7
      vertex 30.1494 -19.6459 7
    endloop
  endfacet
  facet normal 0 0 1
    outer loop
      vertex 31.1837 -12.9743 7
      vertex 29.7277 -19.5218 7
      vertex 29.9405 -19.5772 7
    endloop
  endfacet
  facet normal 0 0 1
    outer loop
      vertex 29.2938 -19.4516 7
      vertex 30.3707 -12.8975 7
      vertex 29.564 -12.7697 7
    endloop
  endfacet
  facet normal 0 0 1
    outer loop
      vertex 30.3707 -12.8975 7
      vertex 29.5119 -19.4799 7
      vertex 29.7277 -19.5218 7
    endloop
  endfacet
  facet normal 0 0 1
    outer loop
      vertex 30.3707 -12.8975 7
      vertex 29.2938 -19.4516 7
      vertex 29.5119 -19.4799 7
    endloop
  endfacet
  facet normal 0 0 1
    outer loop
      vertex 29.564 -12.7697 7
      vertex 29.0745 -19.437 7
      vertex 29.2938 -19.4516 7
    endloop
  endfacet
  facet normal 0 0 1
    outer loop
      vertex 29.564 -12.7697 7
      vertex 28.8546 -19.4362 7
      vertex 29.0745 -19.437 7
    endloop
  endfacet
  facet normal 0 0 1
    outer loop
      vertex 28.6351 -19.4493 7
      vertex 29.564 -12.7697 7
      vertex 28.767 -12.5916 7
    endloop
  endfacet
  facet normal 0 0 1
    outer loop
      vertex 29.564 -12.7697 7
      vertex 28.6351 -19.4493 7
      vertex 28.8546 -19.4362 7
    endloop
  endfacet
  facet normal 0 0 1
    outer loop
      vertex 28.767 -12.5916 7
      vertex 28.4169 -19.476 7
      vertex 28.6351 -19.4493 7
    endloop
  endfacet
  facet normal 0 0 1
    outer loop
      vertex 28.767 -12.5916 7
      vertex 28.2007 -19.5165 7
      vertex 28.4169 -19.476 7
    endloop
  endfacet
  facet normal 0 0 1
    outer loop
      vertex 27.9828 -12.3637 7
      vertex 28.2007 -19.5165 7
      vertex 28.767 -12.5916 7
    endloop
  endfacet
  facet normal 0 0 1
    outer loop
      vertex 28.2007 -19.5165 7
      vertex 27.9828 -12.3637 7
      vertex 27.9876 -19.5704 7
    endloop
  endfacet
  facet normal 0 0 1
    outer loop
      vertex 27.9828 -12.3637 7
      vertex 27.7782 -19.6376 7
      vertex 27.9876 -19.5704 7
    endloop
  endfacet
  facet normal 0 0 1
    outer loop
      vertex 27.9828 -12.3637 7
      vertex 27.5735 -19.7179 7
      vertex 27.7782 -19.6376 7
    endloop
  endfacet
  facet normal 0 0 1
    outer loop
      vertex 27.2144 -12.0871 7
      vertex 27.5735 -19.7179 7
      vertex 27.9828 -12.3637 7
    endloop
  endfacet
  facet normal 0 0 1
    outer loop
      vertex 27.5735 -19.7179 7
      vertex 27.2144 -12.0871 7
      vertex 27.3742 -19.8108 7
    endloop
  endfacet
  facet normal 0 0 1
    outer loop
      vertex 27.2144 -12.0871 7
      vertex 27.1812 -19.916 7
      vertex 27.3742 -19.8108 7
    endloop
  endfacet
  facet normal 0 0 1
    outer loop
      vertex 26.4649 -11.7628 7
      vertex 27.1812 -19.916 7
      vertex 27.2144 -12.0871 7
    endloop
  endfacet
  facet normal -0 0 1
    outer loop
      vertex 21.1082 -13.3957 7
      vertex 27.1812 -19.916 7
      vertex 26.4649 -11.7628 7
    endloop
  endfacet
  facet normal 0 0 1
    outer loop
      vertex 27.1812 -19.916 7
      vertex 21.1082 -13.3957 7
      vertex 26.9951 -20.0332 7
    endloop
  endfacet
  facet normal 0 0 1
    outer loop
      vertex 21.1082 -13.3957 7
      vertex 26.4649 -11.7628 7
      vertex 25.7372 -11.392 7
    endloop
  endfacet
  facet normal 0 0 1
    outer loop
      vertex 26.9951 -20.0332 7
      vertex 21.1082 -13.3957 7
      vertex 26.8168 -20.1618 7
    endloop
  endfacet
  facet normal -0 0 1
    outer loop
      vertex 20.2254 -14.6946 7
      vertex 26.8168 -20.1618 7
      vertex 21.1082 -13.3957 7
    endloop
  endfacet
  facet normal 0 0 1
    outer loop
      vertex 21.1082 -13.3957 7
      vertex 25.7372 -11.392 7
      vertex 25.0343 -10.9763 7
    endloop
  endfacet
  facet normal 0 0 1
    outer loop
      vertex 26.8168 -20.1618 7
      vertex 20.2254 -14.6946 7
      vertex 26.6469 -20.3014 7
    endloop
  endfacet
  facet normal 0 0 1
    outer loop
      vertex 26.6469 -20.3014 7
      vertex 20.2254 -14.6946 7
      vertex 26.4861 -20.4514 7
    endloop
  endfacet
  facet normal 0 0 1
    outer loop
      vertex 21.1082 -13.3957 7
      vertex 25.0343 -10.9763 7
      vertex 24.3588 -10.5172 7
    endloop
  endfacet
  facet normal 0 0 1
    outer loop
      vertex 26.4861 -20.4514 7
      vertex 20.2254 -14.6946 7
      vertex 26.335 -20.6111 7
    endloop
  endfacet
  facet normal -0 0 1
    outer loop
      vertex 19.2628 -15.9356 7
      vertex 26.335 -20.6111 7
      vertex 20.2254 -14.6946 7
    endloop
  endfacet
  facet normal 0 0 1
    outer loop
      vertex 26.335 -20.6111 7
      vertex 19.2628 -15.9356 7
      vertex 26.1943 -20.78 7
    endloop
  endfacet
  facet normal 0 0 1
    outer loop
      vertex 26.1943 -20.78 7
      vertex 19.2628 -15.9356 7
      vertex 26.0644 -20.9575 7
    endloop
  endfacet
  facet normal 0 0 1
    outer loop
      vertex 26.0644 -20.9575 7
      vertex 19.2628 -15.9356 7
      vertex 25.9459 -21.1427 7
    endloop
  endfacet
  facet normal 0 0 1
    outer loop
      vertex 25.9459 -21.1427 7
      vertex 19.2628 -15.9356 7
      vertex 25.8393 -21.335 7
    endloop
  endfacet
  facet normal -0 0 1
    outer loop
      vertex 18.2242 -17.1137 7
      vertex 25.8393 -21.335 7
      vertex 19.2628 -15.9356 7
    endloop
  endfacet
  facet normal 0 0 1
    outer loop
      vertex 25.8393 -21.335 7
      vertex 18.2242 -17.1137 7
      vertex 25.745 -21.5336 7
    endloop
  endfacet
  facet normal 0 0 1
    outer loop
      vertex 25.6634 -21.7378 7
      vertex 18.2242 -17.1137 7
      vertex 25.5947 -21.9467 7
    endloop
  endfacet
  facet normal 0 0 1
    outer loop
      vertex 25.745 -21.5336 7
      vertex 18.2242 -17.1137 7
      vertex 25.6634 -21.7378 7
    endloop
  endfacet
  facet normal -0.975917 -0.218141 0
    outer loop
      vertex -24.2146 -6.21725 7
      vertex -24.5572 -4.68453 10
      vertex -24.5572 -4.68453 7
    endloop
  endfacet
  facet normal -0.975917 -0.218141 0
    outer loop
      vertex -24.5572 -4.68453 10
      vertex -24.2146 -6.21725 7
      vertex -24.2146 -6.21725 10
    endloop
  endfacet
  facet normal 0.509036 0.860745 -0
    outer loop
      vertex 13.3957 21.1082 7
      vertex 12.0438 21.9077 10
      vertex 13.3957 21.1082 10
    endloop
  endfacet
  facet normal 0.509036 0.860745 0
    outer loop
      vertex 12.0438 21.9077 10
      vertex 13.3957 21.1082 7
      vertex 12.0438 21.9077 7
    endloop
  endfacet
  facet normal -0.995562 -0.0941078 0
    outer loop
      vertex -24.8029 -3.13333 7
      vertex -24.9507 -1.56976 10
      vertex -24.9507 -1.56976 7
    endloop
  endfacet
  facet normal -0.995562 -0.0941078 0
    outer loop
      vertex -24.9507 -1.56976 10
      vertex -24.8029 -3.13333 7
      vertex -24.8029 -3.13333 10
    endloop
  endfacet
  facet normal -0.82706 0.562113 0
    outer loop
      vertex -21.1082 13.3957 7
      vertex -20.2254 14.6946 10
      vertex -20.2254 14.6946 7
    endloop
  endfacet
  facet normal -0.82706 0.562113 0
    outer loop
      vertex -20.2254 14.6946 10
      vertex -21.1082 13.3957 7
      vertex -21.1082 13.3957 10
    endloop
  endfacet
  facet normal 0.860745 -0.509036 0
    outer loop
      vertex 21.1082 -13.3957 10
      vertex 21.9077 -12.0438 7
      vertex 21.9077 -12.0438 10
    endloop
  endfacet
  facet normal 0.860745 -0.509036 0
    outer loop
      vertex 21.9077 -12.0438 7
      vertex 21.1082 -13.3957 10
      vertex 21.1082 -13.3957 7
    endloop
  endfacet
  facet normal -0.338737 0.940881 0
    outer loop
      vertex -7.72542 23.7764 7
      vertex -9.20311 23.2444 10
      vertex -7.72542 23.7764 10
    endloop
  endfacet
  facet normal -0.338737 0.940881 0
    outer loop
      vertex -9.20311 23.2444 10
      vertex -7.72542 23.7764 7
      vertex -9.20311 23.2444 7
    endloop
  endfacet
  facet normal 0.0941078 0.995562 -0
    outer loop
      vertex 3.13333 24.8029 8.5
      vertex 1.56976 24.9507 10
      vertex 3.13333 24.8029 10
    endloop
  endfacet
  facet normal 0.0941078 0.995562 0
    outer loop
      vertex 1.56976 24.9507 10
      vertex 3.13333 24.8029 8.5
      vertex 1.56976 24.9507 8.5
    endloop
  endfacet
  facet normal -0.707107 0.707107 0
    outer loop
      vertex -18.2242 17.1137 7
      vertex -17.1137 18.2242 10
      vertex -17.1137 18.2242 7
    endloop
  endfacet
  facet normal -0.707107 0.707107 0
    outer loop
      vertex -17.1137 18.2242 10
      vertex -18.2242 17.1137 7
      vertex -18.2242 17.1137 10
    endloop
  endfacet
  facet normal 0.279012 -0.960288 0
    outer loop
      vertex 6.21725 -24.2146 7
      vertex 7.72542 -23.7764 10
      vertex 6.21725 -24.2146 10
    endloop
  endfacet
  facet normal 0.279012 -0.960288 0
    outer loop
      vertex 7.72542 -23.7764 10
      vertex 6.21725 -24.2146 7
      vertex 7.72542 -23.7764 7
    endloop
  endfacet
  facet normal 0.338737 -0.940881 0
    outer loop
      vertex 7.72542 -23.7764 7
      vertex 9.20311 -23.2444 10
      vertex 7.72542 -23.7764 10
    endloop
  endfacet
  facet normal 0.338737 -0.940881 0
    outer loop
      vertex 9.20311 -23.2444 10
      vertex 7.72542 -23.7764 7
      vertex 9.20311 -23.2444 7
    endloop
  endfacet
  facet normal -0.562113 0.82706 0
    outer loop
      vertex -13.3957 21.1082 7
      vertex -14.6946 20.2254 10
      vertex -13.3957 21.1082 10
    endloop
  endfacet
  facet normal -0.562113 0.82706 0
    outer loop
      vertex -14.6946 20.2254 10
      vertex -13.3957 21.1082 7
      vertex -14.6946 20.2254 7
    endloop
  endfacet
  facet normal -0.917765 0.397124 0
    outer loop
      vertex -23.2444 9.20311 7
      vertex -22.6207 10.6445 10
      vertex -22.6207 10.6445 7
    endloop
  endfacet
  facet normal -0.917765 0.397124 0
    outer loop
      vertex -22.6207 10.6445 10
      vertex -23.2444 9.20311 7
      vertex -23.2444 9.20311 10
    endloop
  endfacet
  facet normal 0.454001 -0.891001 0
    outer loop
      vertex 10.6445 -22.6207 7
      vertex 12.0438 -21.9077 10
      vertex 10.6445 -22.6207 10
    endloop
  endfacet
  facet normal 0.454001 -0.891001 0
    outer loop
      vertex 12.0438 -21.9077 10
      vertex 10.6445 -22.6207 7
      vertex 12.0438 -21.9077 7
    endloop
  endfacet
  facet normal -0.891001 -0.454001 0
    outer loop
      vertex -21.9077 -12.0438 7
      vertex -22.6207 -10.6445 10
      vertex -22.6207 -10.6445 7
    endloop
  endfacet
  facet normal -0.891001 -0.454001 0
    outer loop
      vertex -22.6207 -10.6445 10
      vertex -21.9077 -12.0438 7
      vertex -21.9077 -12.0438 10
    endloop
  endfacet
  facet normal -0.975917 0.218141 0
    outer loop
      vertex -24.5572 4.68453 7
      vertex -24.2146 6.21725 10
      vertex -24.2146 6.21725 7
    endloop
  endfacet
  facet normal -0.975917 0.218141 0
    outer loop
      vertex -24.2146 6.21725 10
      vertex -24.5572 4.68453 7
      vertex -24.5572 4.68453 10
    endloop
  endfacet
  facet normal -0.509036 -0.860745 0
    outer loop
      vertex -13.3957 -21.1082 7
      vertex -12.0438 -21.9077 10
      vertex -13.3957 -21.1082 10
    endloop
  endfacet
  facet normal -0.509036 -0.860745 -0
    outer loop
      vertex -12.0438 -21.9077 10
      vertex -13.3957 -21.1082 7
      vertex -12.0438 -21.9077 7
    endloop
  endfacet
  facet normal 0.661299 -0.750122 0
    outer loop
      vertex 15.9356 -19.2628 7
      vertex 17.1137 -18.2242 10
      vertex 15.9356 -19.2628 10
    endloop
  endfacet
  facet normal 0.661299 -0.750122 0
    outer loop
      vertex 17.1137 -18.2242 10
      vertex 15.9356 -19.2628 7
      vertex 17.1137 -18.2242 7
    endloop
  endfacet
  facet normal -0.661299 -0.750122 0
    outer loop
      vertex -17.1137 -18.2242 7
      vertex -15.9356 -19.2628 10
      vertex -17.1137 -18.2242 10
    endloop
  endfacet
  facet normal -0.661299 -0.750122 -0
    outer loop
      vertex -15.9356 -19.2628 10
      vertex -17.1137 -18.2242 7
      vertex -15.9356 -19.2628 7
    endloop
  endfacet
  facet normal -0.707107 -0.707107 0
    outer loop
      vertex -17.1137 -18.2242 7
      vertex -18.2242 -17.1137 10
      vertex -18.2242 -17.1137 7
    endloop
  endfacet
  facet normal -0.707107 -0.707107 0
    outer loop
      vertex -18.2242 -17.1137 10
      vertex -17.1137 -18.2242 7
      vertex -17.1137 -18.2242 10
    endloop
  endfacet
  facet normal -0.940881 0.338737 0
    outer loop
      vertex -23.7764 7.72542 7
      vertex -23.2444 9.20311 10
      vertex -23.2444 9.20311 7
    endloop
  endfacet
  facet normal -0.940881 0.338737 0
    outer loop
      vertex -23.2444 9.20311 10
      vertex -23.7764 7.72542 7
      vertex -23.7764 7.72542 10
    endloop
  endfacet
  facet normal 0.509036 -0.860745 0
    outer loop
      vertex 12.0438 -21.9077 7
      vertex 13.3957 -21.1082 10
      vertex 12.0438 -21.9077 10
    endloop
  endfacet
  facet normal 0.509036 -0.860745 0
    outer loop
      vertex 13.3957 -21.1082 10
      vertex 12.0438 -21.9077 7
      vertex 13.3957 -21.1082 7
    endloop
  endfacet
  facet normal 0.860745 0.509036 0
    outer loop
      vertex 21.9077 12.0438 10
      vertex 21.1082 13.3957 7
      vertex 21.1082 13.3957 10
    endloop
  endfacet
  facet normal 0.860745 0.509036 0
    outer loop
      vertex 21.1082 13.3957 7
      vertex 21.9077 12.0438 10
      vertex 21.9077 12.0438 7
    endloop
  endfacet
  facet normal -0.454001 0.891001 0
    outer loop
      vertex -10.6445 22.6207 7
      vertex -12.0438 21.9077 10
      vertex -10.6445 22.6207 10
    endloop
  endfacet
  facet normal -0.454001 0.891001 0
    outer loop
      vertex -12.0438 21.9077 10
      vertex -10.6445 22.6207 7
      vertex -12.0438 21.9077 7
    endloop
  endfacet
  facet normal -0.960288 -0.279012 0
    outer loop
      vertex -23.7764 -7.72542 7
      vertex -24.2146 -6.21725 10
      vertex -24.2146 -6.21725 7
    endloop
  endfacet
  facet normal -0.960288 -0.279012 0
    outer loop
      vertex -24.2146 -6.21725 10
      vertex -23.7764 -7.72542 7
      vertex -23.7764 -7.72542 10
    endloop
  endfacet
  facet normal 0.454001 0.891001 -0
    outer loop
      vertex 12.0438 21.9077 7
      vertex 10.6445 22.6207 10
      vertex 12.0438 21.9077 10
    endloop
  endfacet
  facet normal 0.454001 0.891001 0
    outer loop
      vertex 10.6445 22.6207 10
      vertex 12.0438 21.9077 7
      vertex 10.6445 22.6207 7
    endloop
  endfacet
  facet normal -0.999507 -0.0313906 0
    outer loop
      vertex -24.9507 -1.56976 7
      vertex -25 0 10
      vertex -25 0 7
    endloop
  endfacet
  facet normal -0.999507 -0.0313906 0
    outer loop
      vertex -25 0 10
      vertex -24.9507 -1.56976 7
      vertex -24.9507 -1.56976 10
    endloop
  endfacet
  facet normal 0.790161 0.6129 0
    outer loop
      vertex 20.2254 14.6946 10
      vertex 19.2628 15.9356 7
      vertex 19.2628 15.9356 10
    endloop
  endfacet
  facet normal 0.790161 0.6129 0
    outer loop
      vertex 19.2628 15.9356 7
      vertex 20.2254 14.6946 10
      vertex 20.2254 14.6946 7
    endloop
  endfacet
  facet normal 0.338737 0.940881 -0
    outer loop
      vertex 9.20311 23.2444 7
      vertex 7.72542 23.7764 10
      vertex 9.20311 23.2444 10
    endloop
  endfacet
  facet normal 0.338737 0.940881 0
    outer loop
      vertex 7.72542 23.7764 10
      vertex 9.20311 23.2444 7
      vertex 7.72542 23.7764 7
    endloop
  endfacet
  facet normal 0.397124 0.917765 -0
    outer loop
      vertex 10.6445 22.6207 7
      vertex 9.20311 23.2444 10
      vertex 10.6445 22.6207 10
    endloop
  endfacet
  facet normal 0.397124 0.917765 0
    outer loop
      vertex 9.20311 23.2444 10
      vertex 10.6445 22.6207 7
      vertex 9.20311 23.2444 7
    endloop
  endfacet
  facet normal 0.562113 0.82706 -0
    outer loop
      vertex 14.6946 20.2254 7
      vertex 13.3957 21.1082 10
      vertex 14.6946 20.2254 10
    endloop
  endfacet
  facet normal 0.562113 0.82706 0
    outer loop
      vertex 13.3957 21.1082 10
      vertex 14.6946 20.2254 7
      vertex 13.3957 21.1082 7
    endloop
  endfacet
  facet normal -0.218141 0.975917 0
    outer loop
      vertex -4.68453 24.5572 7
      vertex -6.21725 24.2146 10
      vertex -4.68453 24.5572 10
    endloop
  endfacet
  facet normal -0.218141 0.975917 0
    outer loop
      vertex -6.21725 24.2146 10
      vertex -4.68453 24.5572 7
      vertex -6.21725 24.2146 7
    endloop
  endfacet
  facet normal 0.82706 0.562113 0
    outer loop
      vertex 21.1082 13.3957 10
      vertex 20.2254 14.6946 7
      vertex 20.2254 14.6946 10
    endloop
  endfacet
  facet normal 0.82706 0.562113 0
    outer loop
      vertex 20.2254 14.6946 7
      vertex 21.1082 13.3957 10
      vertex 21.1082 13.3957 7
    endloop
  endfacet
  facet normal -0.790161 0.6129 0
    outer loop
      vertex -20.2254 14.6946 7
      vertex -19.2628 15.9356 10
      vertex -19.2628 15.9356 7
    endloop
  endfacet
  facet normal -0.790161 0.6129 0
    outer loop
      vertex -19.2628 15.9356 10
      vertex -20.2254 14.6946 7
      vertex -20.2254 14.6946 10
    endloop
  endfacet
  facet normal -0.0313906 0.999507 0
    outer loop
      vertex 0 25 8.5
      vertex -1.56976 24.9507 10
      vertex 0 25 10
    endloop
  endfacet
  facet normal -0.0313906 0.999507 0
    outer loop
      vertex -1.56976 24.9507 10
      vertex 0 25 8.5
      vertex -1.56976 24.9507 8.5
    endloop
  endfacet
  facet normal 0.0941078 -0.995562 0
    outer loop
      vertex 1.56976 -24.9507 8.5
      vertex 3.13333 -24.8029 10
      vertex 1.56976 -24.9507 10
    endloop
  endfacet
  facet normal 0.0941078 -0.995562 0
    outer loop
      vertex 3.13333 -24.8029 10
      vertex 1.56976 -24.9507 8.5
      vertex 3.13333 -24.8029 8.5
    endloop
  endfacet
  facet normal -0.0941078 0.995562 0
    outer loop
      vertex -1.56976 24.9507 8.5
      vertex -3.13333 24.8029 10
      vertex -1.56976 24.9507 10
    endloop
  endfacet
  facet normal -0.0941078 0.995562 0
    outer loop
      vertex -3.13333 24.8029 10
      vertex -1.56976 24.9507 8.5
      vertex -3.13333 24.8029 8.5
    endloop
  endfacet
  facet normal 0.279012 0.960288 -0
    outer loop
      vertex 7.72542 23.7764 7
      vertex 6.21725 24.2146 10
      vertex 7.72542 23.7764 10
    endloop
  endfacet
  facet normal 0.279012 0.960288 0
    outer loop
      vertex 6.21725 24.2146 10
      vertex 7.72542 23.7764 7
      vertex 6.21725 24.2146 7
    endloop
  endfacet
  facet normal 0.750122 -0.661299 0
    outer loop
      vertex 18.2242 -17.1137 10
      vertex 19.2628 -15.9356 7
      vertex 19.2628 -15.9356 10
    endloop
  endfacet
  facet normal 0.750122 -0.661299 0
    outer loop
      vertex 19.2628 -15.9356 7
      vertex 18.2242 -17.1137 10
      vertex 18.2242 -17.1137 7
    endloop
  endfacet
  facet normal -0.397124 0.917765 0
    outer loop
      vertex -9.20311 23.2444 7
      vertex -10.6445 22.6207 10
      vertex -9.20311 23.2444 10
    endloop
  endfacet
  facet normal -0.397124 0.917765 0
    outer loop
      vertex -10.6445 22.6207 10
      vertex -9.20311 23.2444 7
      vertex -10.6445 22.6207 7
    endloop
  endfacet
  facet normal -0.999507 0.0313906 0
    outer loop
      vertex -25 0 7
      vertex -24.9507 1.56976 10
      vertex -24.9507 1.56976 7
    endloop
  endfacet
  facet normal -0.999507 0.0313906 0
    outer loop
      vertex -24.9507 1.56976 10
      vertex -25 0 7
      vertex -25 0 10
    endloop
  endfacet
  facet normal -0.156443 -0.987687 -1.86692e-05
    outer loop
      vertex -4.68453 -24.5572 10
      vertex -4.5 -24.5864 8.5
      vertex -3.13333 -24.8029 10
    endloop
  endfacet
  facet normal -0.156295 -0.98771 0
    outer loop
      vertex -4.68453 -24.5572 7
      vertex -4.5 -24.5864 8.5
      vertex -4.68453 -24.5572 10
    endloop
  endfacet
  facet normal -0.156295 -0.98771 -0
    outer loop
      vertex -4.5 -24.5864 8.5
      vertex -4.68453 -24.5572 7
      vertex -4.5 -24.5864 7
    endloop
  endfacet
  facet normal -0.156463 -0.987684 -0
    outer loop
      vertex -3.13333 -24.8029 10
      vertex -4.5 -24.5864 8.5
      vertex -3.13333 -24.8029 8.5
    endloop
  endfacet
  facet normal -0.661299 0.750122 0
    outer loop
      vertex -15.9356 19.2628 7
      vertex -17.1137 18.2242 10
      vertex -15.9356 19.2628 10
    endloop
  endfacet
  facet normal -0.661299 0.750122 0
    outer loop
      vertex -17.1137 18.2242 10
      vertex -15.9356 19.2628 7
      vertex -17.1137 18.2242 7
    endloop
  endfacet
  facet normal -0.891001 0.454001 0
    outer loop
      vertex -22.6207 10.6445 7
      vertex -21.9077 12.0438 10
      vertex -21.9077 12.0438 7
    endloop
  endfacet
  facet normal -0.891001 0.454001 0
    outer loop
      vertex -21.9077 12.0438 10
      vertex -22.6207 10.6445 7
      vertex -22.6207 10.6445 10
    endloop
  endfacet
  facet normal 0.82706 -0.562113 0
    outer loop
      vertex 20.2254 -14.6946 10
      vertex 21.1082 -13.3957 7
      vertex 21.1082 -13.3957 10
    endloop
  endfacet
  facet normal 0.82706 -0.562113 0
    outer loop
      vertex 21.1082 -13.3957 7
      vertex 20.2254 -14.6946 10
      vertex 20.2254 -14.6946 7
    endloop
  endfacet
  facet normal 0.397124 -0.917765 0
    outer loop
      vertex 9.20311 -23.2444 7
      vertex 10.6445 -22.6207 10
      vertex 9.20311 -23.2444 10
    endloop
  endfacet
  facet normal 0.397124 -0.917765 0
    outer loop
      vertex 10.6445 -22.6207 10
      vertex 9.20311 -23.2444 7
      vertex 10.6445 -22.6207 7
    endloop
  endfacet
  facet normal 0.917768 0.397117 0
    outer loop
      vertex 23.1191 9.49266 10
      vertex 22.6207 10.6445 7
      vertex 22.6207 10.6445 10
    endloop
  endfacet
  facet normal 0.917768 0.397117 0
    outer loop
      vertex 22.6207 10.6445 7
      vertex 23.1191 9.49266 10
      vertex 23.1191 9.49266 7
    endloop
  endfacet
  facet normal 0.891001 -0.454001 0
    outer loop
      vertex 21.9077 -12.0438 10
      vertex 22.6207 -10.6445 7
      vertex 22.6207 -10.6445 10
    endloop
  endfacet
  facet normal 0.891001 -0.454001 0
    outer loop
      vertex 22.6207 -10.6445 7
      vertex 21.9077 -12.0438 10
      vertex 21.9077 -12.0438 7
    endloop
  endfacet
  facet normal 0.891001 0.454001 0
    outer loop
      vertex 22.6207 10.6445 10
      vertex 21.9077 12.0438 7
      vertex 21.9077 12.0438 10
    endloop
  endfacet
  facet normal 0.891001 0.454001 0
    outer loop
      vertex 21.9077 12.0438 7
      vertex 22.6207 10.6445 10
      vertex 22.6207 10.6445 7
    endloop
  endfacet
  facet normal 0.790161 -0.6129 0
    outer loop
      vertex 19.2628 -15.9356 10
      vertex 20.2254 -14.6946 7
      vertex 20.2254 -14.6946 10
    endloop
  endfacet
  facet normal 0.790161 -0.6129 0
    outer loop
      vertex 20.2254 -14.6946 7
      vertex 19.2628 -15.9356 10
      vertex 19.2628 -15.9356 7
    endloop
  endfacet
  facet normal -0.995562 0.0941078 0
    outer loop
      vertex -24.9507 1.56976 7
      vertex -24.8029 3.13333 10
      vertex -24.8029 3.13333 7
    endloop
  endfacet
  facet normal -0.995562 0.0941078 0
    outer loop
      vertex -24.8029 3.13333 10
      vertex -24.9507 1.56976 7
      vertex -24.9507 1.56976 10
    endloop
  endfacet
  facet normal 0.707107 -0.707107 0
    outer loop
      vertex 17.1137 -18.2242 10
      vertex 18.2242 -17.1137 7
      vertex 18.2242 -17.1137 10
    endloop
  endfacet
  facet normal 0.707107 -0.707107 0
    outer loop
      vertex 18.2242 -17.1137 7
      vertex 17.1137 -18.2242 10
      vertex 17.1137 -18.2242 7
    endloop
  endfacet
  facet normal -0.6129 0.790161 0
    outer loop
      vertex -14.6946 20.2254 7
      vertex -15.9356 19.2628 10
      vertex -14.6946 20.2254 10
    endloop
  endfacet
  facet normal -0.6129 0.790161 0
    outer loop
      vertex -15.9356 19.2628 10
      vertex -14.6946 20.2254 7
      vertex -15.9356 19.2628 7
    endloop
  endfacet
  facet normal 0.661299 0.750122 -0
    outer loop
      vertex 17.1137 18.2242 7
      vertex 15.9356 19.2628 10
      vertex 17.1137 18.2242 10
    endloop
  endfacet
  facet normal 0.661299 0.750122 0
    outer loop
      vertex 15.9356 19.2628 10
      vertex 17.1137 18.2242 7
      vertex 15.9356 19.2628 7
    endloop
  endfacet
  facet normal 0.562113 -0.82706 0
    outer loop
      vertex 13.3957 -21.1082 7
      vertex 14.6946 -20.2254 10
      vertex 13.3957 -21.1082 10
    endloop
  endfacet
  facet normal 0.562113 -0.82706 0
    outer loop
      vertex 14.6946 -20.2254 10
      vertex 13.3957 -21.1082 7
      vertex 14.6946 -20.2254 7
    endloop
  endfacet
  facet normal -0.156463 0.987684 0
    outer loop
      vertex -4.5 24.5864 8.5
      vertex -3.13333 24.8029 10
      vertex -3.13333 24.8029 8.5
    endloop
  endfacet
  facet normal -0.156443 0.987687 -1.86692e-05
    outer loop
      vertex -3.13333 24.8029 10
      vertex -4.5 24.5864 8.5
      vertex -4.68453 24.5572 10
    endloop
  endfacet
  facet normal -0.156295 0.98771 0
    outer loop
      vertex -4.68453 24.5572 7
      vertex -4.5 24.5864 8.5
      vertex -4.5 24.5864 7
    endloop
  endfacet
  facet normal -0.156295 0.98771 0
    outer loop
      vertex -4.5 24.5864 8.5
      vertex -4.68453 24.5572 7
      vertex -4.68453 24.5572 10
    endloop
  endfacet
  facet normal 0.917768 -0.397117 0
    outer loop
      vertex 22.6207 -10.6445 10
      vertex 23.1191 -9.49266 7
      vertex 23.1191 -9.49266 10
    endloop
  endfacet
  facet normal 0.917768 -0.397117 0
    outer loop
      vertex 23.1191 -9.49266 7
      vertex 22.6207 -10.6445 10
      vertex 22.6207 -10.6445 7
    endloop
  endfacet
  facet normal -0.218141 -0.975917 0
    outer loop
      vertex -6.21725 -24.2146 7
      vertex -4.68453 -24.5572 10
      vertex -6.21725 -24.2146 10
    endloop
  endfacet
  facet normal -0.218141 -0.975917 -0
    outer loop
      vertex -4.68453 -24.5572 10
      vertex -6.21725 -24.2146 7
      vertex -4.68453 -24.5572 7
    endloop
  endfacet
  facet normal 0.0313906 -0.999507 0
    outer loop
      vertex 0 -25 8.5
      vertex 1.56976 -24.9507 10
      vertex 0 -25 10
    endloop
  endfacet
  facet normal 0.0313906 -0.999507 0
    outer loop
      vertex 1.56976 -24.9507 10
      vertex 0 -25 8.5
      vertex 1.56976 -24.9507 8.5
    endloop
  endfacet
  facet normal -0.860745 -0.509036 0
    outer loop
      vertex -21.1082 -13.3957 7
      vertex -21.9077 -12.0438 10
      vertex -21.9077 -12.0438 7
    endloop
  endfacet
  facet normal -0.860745 -0.509036 0
    outer loop
      vertex -21.9077 -12.0438 10
      vertex -21.1082 -13.3957 7
      vertex -21.1082 -13.3957 10
    endloop
  endfacet
  facet normal -0.279012 -0.960288 0
    outer loop
      vertex -7.72542 -23.7764 7
      vertex -6.21725 -24.2146 10
      vertex -7.72542 -23.7764 10
    endloop
  endfacet
  facet normal -0.279012 -0.960288 -0
    outer loop
      vertex -6.21725 -24.2146 10
      vertex -7.72542 -23.7764 7
      vertex -6.21725 -24.2146 7
    endloop
  endfacet
  facet normal -0.82706 -0.562113 0
    outer loop
      vertex -20.2254 -14.6946 7
      vertex -21.1082 -13.3957 10
      vertex -21.1082 -13.3957 7
    endloop
  endfacet
  facet normal -0.82706 -0.562113 0
    outer loop
      vertex -21.1082 -13.3957 10
      vertex -20.2254 -14.6946 7
      vertex -20.2254 -14.6946 10
    endloop
  endfacet
  facet normal -0.987687 -0.156443 0
    outer loop
      vertex -24.5572 -4.68453 7
      vertex -24.8029 -3.13333 10
      vertex -24.8029 -3.13333 7
    endloop
  endfacet
  facet normal -0.987687 -0.156443 0
    outer loop
      vertex -24.8029 -3.13333 10
      vertex -24.5572 -4.68453 7
      vertex -24.5572 -4.68453 10
    endloop
  endfacet
  facet normal 0.0313906 0.999507 -0
    outer loop
      vertex 1.56976 24.9507 8.5
      vertex 0 25 10
      vertex 1.56976 24.9507 10
    endloop
  endfacet
  facet normal 0.0313906 0.999507 0
    outer loop
      vertex 0 25 10
      vertex 1.56976 24.9507 8.5
      vertex 0 25 8.5
    endloop
  endfacet
  facet normal 0.707107 0.707107 0
    outer loop
      vertex 18.2242 17.1137 10
      vertex 17.1137 18.2242 7
      vertex 17.1137 18.2242 10
    endloop
  endfacet
  facet normal 0.707107 0.707107 0
    outer loop
      vertex 17.1137 18.2242 7
      vertex 18.2242 17.1137 10
      vertex 18.2242 17.1137 7
    endloop
  endfacet
  facet normal -0.509036 0.860745 0
    outer loop
      vertex -12.0438 21.9077 7
      vertex -13.3957 21.1082 10
      vertex -12.0438 21.9077 10
    endloop
  endfacet
  facet normal -0.509036 0.860745 0
    outer loop
      vertex -13.3957 21.1082 10
      vertex -12.0438 21.9077 7
      vertex -13.3957 21.1082 7
    endloop
  endfacet
  facet normal -0.790161 -0.6129 0
    outer loop
      vertex -19.2628 -15.9356 7
      vertex -20.2254 -14.6946 10
      vertex -20.2254 -14.6946 7
    endloop
  endfacet
  facet normal -0.790161 -0.6129 0
    outer loop
      vertex -20.2254 -14.6946 10
      vertex -19.2628 -15.9356 7
      vertex -19.2628 -15.9356 10
    endloop
  endfacet
  facet normal -0.397124 -0.917765 0
    outer loop
      vertex -10.6445 -22.6207 7
      vertex -9.20311 -23.2444 10
      vertex -10.6445 -22.6207 10
    endloop
  endfacet
  facet normal -0.397124 -0.917765 -0
    outer loop
      vertex -9.20311 -23.2444 10
      vertex -10.6445 -22.6207 7
      vertex -9.20311 -23.2444 7
    endloop
  endfacet
  facet normal 0.6129 0.790161 -0
    outer loop
      vertex 15.9356 19.2628 7
      vertex 14.6946 20.2254 10
      vertex 15.9356 19.2628 10
    endloop
  endfacet
  facet normal 0.6129 0.790161 0
    outer loop
      vertex 14.6946 20.2254 10
      vertex 15.9356 19.2628 7
      vertex 14.6946 20.2254 7
    endloop
  endfacet
  facet normal -0.279012 0.960288 0
    outer loop
      vertex -6.21725 24.2146 7
      vertex -7.72542 23.7764 10
      vertex -6.21725 24.2146 10
    endloop
  endfacet
  facet normal -0.279012 0.960288 0
    outer loop
      vertex -7.72542 23.7764 10
      vertex -6.21725 24.2146 7
      vertex -7.72542 23.7764 7
    endloop
  endfacet
  facet normal 0.156443 0.987687 -1.86692e-05
    outer loop
      vertex 4.68453 24.5572 10
      vertex 4.5 24.5864 8.5
      vertex 3.13333 24.8029 10
    endloop
  endfacet
  facet normal 0.156295 0.98771 -0
    outer loop
      vertex 4.68453 24.5572 7
      vertex 4.5 24.5864 8.5
      vertex 4.68453 24.5572 10
    endloop
  endfacet
  facet normal 0.156295 0.98771 0
    outer loop
      vertex 4.5 24.5864 8.5
      vertex 4.68453 24.5572 7
      vertex 4.5 24.5864 7
    endloop
  endfacet
  facet normal 0.156463 0.987684 0
    outer loop
      vertex 3.13333 24.8029 10
      vertex 4.5 24.5864 8.5
      vertex 3.13333 24.8029 8.5
    endloop
  endfacet
  facet normal 0.218141 0.975917 -0
    outer loop
      vertex 6.21725 24.2146 7
      vertex 4.68453 24.5572 10
      vertex 6.21725 24.2146 10
    endloop
  endfacet
  facet normal 0.218141 0.975917 0
    outer loop
      vertex 4.68453 24.5572 10
      vertex 6.21725 24.2146 7
      vertex 4.68453 24.5572 7
    endloop
  endfacet
  facet normal 0.6129 -0.790161 0
    outer loop
      vertex 14.6946 -20.2254 7
      vertex 15.9356 -19.2628 10
      vertex 14.6946 -20.2254 10
    endloop
  endfacet
  facet normal 0.6129 -0.790161 0
    outer loop
      vertex 15.9356 -19.2628 10
      vertex 14.6946 -20.2254 7
      vertex 15.9356 -19.2628 7
    endloop
  endfacet
  facet normal -0.860745 0.509036 0
    outer loop
      vertex -21.9077 12.0438 7
      vertex -21.1082 13.3957 10
      vertex -21.1082 13.3957 7
    endloop
  endfacet
  facet normal -0.860745 0.509036 0
    outer loop
      vertex -21.1082 13.3957 10
      vertex -21.9077 12.0438 7
      vertex -21.9077 12.0438 10
    endloop
  endfacet
  facet normal -0.750122 0.661299 0
    outer loop
      vertex -19.2628 15.9356 7
      vertex -18.2242 17.1137 10
      vertex -18.2242 17.1137 7
    endloop
  endfacet
  facet normal -0.750122 0.661299 0
    outer loop
      vertex -18.2242 17.1137 10
      vertex -19.2628 15.9356 7
      vertex -19.2628 15.9356 10
    endloop
  endfacet
  facet normal -0.940881 -0.338737 0
    outer loop
      vertex -23.2444 -9.20311 7
      vertex -23.7764 -7.72542 10
      vertex -23.7764 -7.72542 7
    endloop
  endfacet
  facet normal -0.940881 -0.338737 0
    outer loop
      vertex -23.7764 -7.72542 10
      vertex -23.2444 -9.20311 7
      vertex -23.2444 -9.20311 10
    endloop
  endfacet
  facet normal -0.750122 -0.661299 0
    outer loop
      vertex -18.2242 -17.1137 7
      vertex -19.2628 -15.9356 10
      vertex -19.2628 -15.9356 7
    endloop
  endfacet
  facet normal -0.750122 -0.661299 0
    outer loop
      vertex -19.2628 -15.9356 10
      vertex -18.2242 -17.1137 7
      vertex -18.2242 -17.1137 10
    endloop
  endfacet
  facet normal 0.218141 -0.975917 0
    outer loop
      vertex 4.68453 -24.5572 7
      vertex 6.21725 -24.2146 10
      vertex 4.68453 -24.5572 10
    endloop
  endfacet
  facet normal 0.218141 -0.975917 0
    outer loop
      vertex 6.21725 -24.2146 10
      vertex 4.68453 -24.5572 7
      vertex 6.21725 -24.2146 7
    endloop
  endfacet
  facet normal 0.750122 0.661299 0
    outer loop
      vertex 19.2628 15.9356 10
      vertex 18.2242 17.1137 7
      vertex 18.2242 17.1137 10
    endloop
  endfacet
  facet normal 0.750122 0.661299 0
    outer loop
      vertex 18.2242 17.1137 7
      vertex 19.2628 15.9356 10
      vertex 19.2628 15.9356 7
    endloop
  endfacet
  facet normal -0.917765 -0.397124 0
    outer loop
      vertex -22.6207 -10.6445 7
      vertex -23.2444 -9.20311 10
      vertex -23.2444 -9.20311 7
    endloop
  endfacet
  facet normal -0.917765 -0.397124 0
    outer loop
      vertex -23.2444 -9.20311 10
      vertex -22.6207 -10.6445 7
      vertex -22.6207 -10.6445 10
    endloop
  endfacet
  facet normal -0.987687 0.156443 0
    outer loop
      vertex -24.8029 3.13333 7
      vertex -24.5572 4.68453 10
      vertex -24.5572 4.68453 7
    endloop
  endfacet
  facet normal -0.987687 0.156443 0
    outer loop
      vertex -24.5572 4.68453 10
      vertex -24.8029 3.13333 7
      vertex -24.8029 3.13333 10
    endloop
  endfacet
  facet normal -0.6129 -0.790161 0
    outer loop
      vertex -15.9356 -19.2628 7
      vertex -14.6946 -20.2254 10
      vertex -15.9356 -19.2628 10
    endloop
  endfacet
  facet normal -0.6129 -0.790161 -0
    outer loop
      vertex -14.6946 -20.2254 10
      vertex -15.9356 -19.2628 7
      vertex -14.6946 -20.2254 7
    endloop
  endfacet
  facet normal 0.156463 -0.987684 0
    outer loop
      vertex 4.5 -24.5864 8.5
      vertex 3.13333 -24.8029 10
      vertex 3.13333 -24.8029 8.5
    endloop
  endfacet
  facet normal 0.156443 -0.987687 -1.86692e-05
    outer loop
      vertex 3.13333 -24.8029 10
      vertex 4.5 -24.5864 8.5
      vertex 4.68453 -24.5572 10
    endloop
  endfacet
  facet normal 0.156295 -0.98771 0
    outer loop
      vertex 4.68453 -24.5572 7
      vertex 4.5 -24.5864 8.5
      vertex 4.5 -24.5864 7
    endloop
  endfacet
  facet normal 0.156295 -0.98771 0
    outer loop
      vertex 4.5 -24.5864 8.5
      vertex 4.68453 -24.5572 7
      vertex 4.68453 -24.5572 10
    endloop
  endfacet
  facet normal -0.338737 -0.940881 0
    outer loop
      vertex -9.20311 -23.2444 7
      vertex -7.72542 -23.7764 10
      vertex -9.20311 -23.2444 10
    endloop
  endfacet
  facet normal -0.338737 -0.940881 -0
    outer loop
      vertex -7.72542 -23.7764 10
      vertex -9.20311 -23.2444 7
      vertex -7.72542 -23.7764 7
    endloop
  endfacet
  facet normal -0.562113 -0.82706 0
    outer loop
      vertex -14.6946 -20.2254 7
      vertex -13.3957 -21.1082 10
      vertex -14.6946 -20.2254 10
    endloop
  endfacet
  facet normal -0.562113 -0.82706 -0
    outer loop
      vertex -13.3957 -21.1082 10
      vertex -14.6946 -20.2254 7
      vertex -13.3957 -21.1082 7
    endloop
  endfacet
  facet normal -0.454001 -0.891001 0
    outer loop
      vertex -12.0438 -21.9077 7
      vertex -10.6445 -22.6207 10
      vertex -12.0438 -21.9077 10
    endloop
  endfacet
  facet normal -0.454001 -0.891001 -0
    outer loop
      vertex -10.6445 -22.6207 10
      vertex -12.0438 -21.9077 7
      vertex -10.6445 -22.6207 7
    endloop
  endfacet
  facet normal 0 0 1
    outer loop
      vertex 22.6207 10.6445 10
      vertex 23.1009 9.47659 10
      vertex 23.1191 9.49266 10
    endloop
  endfacet
  facet normal 0 0 1
    outer loop
      vertex 22.6207 10.6445 10
      vertex 22.5234 8.89911 10
      vertex 23.1009 9.47659 10
    endloop
  endfacet
  facet normal 0 0 1
    outer loop
      vertex 22.6207 10.6445 10
      vertex 21.9833 8.28651 10
      vertex 22.5234 8.89911 10
    endloop
  endfacet
  facet normal 0 0 1
    outer loop
      vertex 21.9077 12.0438 10
      vertex 21.9833 8.28651 10
      vertex 22.6207 10.6445 10
    endloop
  endfacet
  facet normal 0 0 1
    outer loop
      vertex 21.9077 12.0438 10
      vertex 21.4828 7.64121 10
      vertex 21.9833 8.28651 10
    endloop
  endfacet
  facet normal 0 0 1
    outer loop
      vertex 14.0209 7.70806 10
      vertex 21.9077 12.0438 10
      vertex 21.1082 13.3957 10
    endloop
  endfacet
  facet normal 0 0 1
    outer loop
      vertex 21.9077 12.0438 10
      vertex 14.0209 7.70806 10
      vertex 21.4828 7.64121 10
    endloop
  endfacet
  facet normal 0 0 1
    outer loop
      vertex 21.4828 7.64121 10
      vertex 14.0209 7.70806 10
      vertex 21.0237 6.96575 10
    endloop
  endfacet
  facet normal 0 -0 1
    outer loop
      vertex 14.4772 6.81247 10
      vertex 21.0237 6.96575 10
      vertex 14.0209 7.70806 10
    endloop
  endfacet
  facet normal 0 0 1
    outer loop
      vertex 13.5092 8.57323 10
      vertex 21.1082 13.3957 10
      vertex 20.2254 14.6946 10
    endloop
  endfacet
  facet normal 0 0 1
    outer loop
      vertex 21.0237 6.96575 10
      vertex 14.4772 6.81247 10
      vertex 20.608 6.2628 10
    endloop
  endfacet
  facet normal 0 -0 1
    outer loop
      vertex 14.8764 5.88999 10
      vertex 20.608 6.2628 10
      vertex 14.4772 6.81247 10
    endloop
  endfacet
  facet normal 0 -0 1
    outer loop
      vertex 15.2169 4.94427 10
      vertex 20.2372 5.53513 10
      vertex 14.8764 5.88999 10
    endloop
  endfacet
  facet normal 0 0 1
    outer loop
      vertex 12.9443 9.40456 10
      vertex 20.2254 14.6946 10
      vertex 19.2628 15.9356 10
    endloop
  endfacet
  facet normal 0 0 1
    outer loop
      vertex 20.2372 5.53513 10
      vertex 15.2169 4.94427 10
      vertex 19.9129 4.78562 10
    endloop
  endfacet
  facet normal 0 0 1
    outer loop
      vertex 19.9129 4.78562 10
      vertex 15.2169 4.94427 10
      vertex 19.6363 4.01722 10
    endloop
  endfacet
  facet normal 0 0 1
    outer loop
      vertex 19.6363 4.01722 10
      vertex 15.4973 3.97904 10
      vertex 19.4084 3.23297 10
    endloop
  endfacet
  facet normal 0 0 1
    outer loop
      vertex 19.4084 3.23297 10
      vertex 15.7166 2.9981 10
      vertex 19.2303 2.43596 10
    endloop
  endfacet
  facet normal 0 0 1
    outer loop
      vertex 12.3282 10.1988 10
      vertex 19.2628 15.9356 10
      vertex 18.2242 17.1137 10
    endloop
  endfacet
  facet normal 0 0 1
    outer loop
      vertex 23.1009 -9.47659 10
      vertex 22.6207 -10.6445 10
      vertex 23.1191 -9.49266 10
    endloop
  endfacet
  facet normal 0 0 1
    outer loop
      vertex 22.5234 -8.89911 10
      vertex 22.6207 -10.6445 10
      vertex 23.1009 -9.47659 10
    endloop
  endfacet
  facet normal 0 0 1
    outer loop
      vertex 21.9833 -8.28651 10
      vertex 22.6207 -10.6445 10
      vertex 22.5234 -8.89911 10
    endloop
  endfacet
  facet normal 0 0 1
    outer loop
      vertex 21.9833 -8.28651 10
      vertex 21.9077 -12.0438 10
      vertex 22.6207 -10.6445 10
    endloop
  endfacet
  facet normal 0 0 1
    outer loop
      vertex 21.4828 -7.64121 10
      vertex 21.9077 -12.0438 10
      vertex 21.9833 -8.28651 10
    endloop
  endfacet
  facet normal -0 0 1
    outer loop
      vertex 14.0209 -7.70806 10
      vertex 21.9077 -12.0438 10
      vertex 21.4828 -7.64121 10
    endloop
  endfacet
  facet normal 0 0 1
    outer loop
      vertex 14.0209 -7.70806 10
      vertex 21.4828 -7.64121 10
      vertex 21.0237 -6.96575 10
    endloop
  endfacet
  facet normal -0 0 1
    outer loop
      vertex 14.4772 -6.81247 10
      vertex 21.0237 -6.96575 10
      vertex 20.608 -6.2628 10
    endloop
  endfacet
  facet normal -0 0 1
    outer loop
      vertex 14.8764 -5.88999 10
      vertex 20.608 -6.2628 10
      vertex 20.2372 -5.53513 10
    endloop
  endfacet
  facet normal 0 0 1
    outer loop
      vertex 21.9077 -12.0438 10
      vertex 14.0209 -7.70806 10
      vertex 21.1082 -13.3957 10
    endloop
  endfacet
  facet normal -0 0 1
    outer loop
      vertex 15.2169 -4.94427 10
      vertex 20.2372 -5.53513 10
      vertex 19.9129 -4.78562 10
    endloop
  endfacet
  facet normal 0 0 1
    outer loop
      vertex 15.2169 -4.94427 10
      vertex 19.9129 -4.78562 10
      vertex 19.6363 -4.01722 10
    endloop
  endfacet
  facet normal -0 0 1
    outer loop
      vertex 15.4973 -3.97904 10
      vertex 19.6363 -4.01722 10
      vertex 19.4084 -3.23297 10
    endloop
  endfacet
  facet normal 0 0 1
    outer loop
      vertex 21.0237 -6.96575 10
      vertex 14.4772 -6.81247 10
      vertex 14.0209 -7.70806 10
    endloop
  endfacet
  facet normal -0 0 1
    outer loop
      vertex 15.7166 -2.9981 10
      vertex 19.4084 -3.23297 10
      vertex 19.2303 -2.43596 10
    endloop
  endfacet
  facet normal -0 0 1
    outer loop
      vertex 15.8738 -2.00533 10
      vertex 19.2303 -2.43596 10
      vertex 19.1025 -1.62933 10
    endloop
  endfacet
  facet normal -0 0 1
    outer loop
      vertex 15.9684 -1.00465 10
      vertex 19.1025 -1.62933 10
      vertex 19.0257 -0.816277 10
    endloop
  endfacet
  facet normal -0 0 1
    outer loop
      vertex 16 0 10
      vertex 19.0257 -0.816277 10
      vertex 19 0 10
    endloop
  endfacet
  facet normal 0 -0 1
    outer loop
      vertex 15.8738 2.00533 10
      vertex 19.2303 2.43596 10
      vertex 15.7166 2.9981 10
    endloop
  endfacet
  facet normal 0 0 1
    outer loop
      vertex 19.0257 -0.816277 10
      vertex 16 0 10
      vertex 15.9684 -1.00465 10
    endloop
  endfacet
  facet normal 0 0 1
    outer loop
      vertex 11.6635 10.9528 10
      vertex 18.2242 17.1137 10
      vertex 17.1137 18.2242 10
    endloop
  endfacet
  facet normal 0 0 1
    outer loop
      vertex 19.1025 -1.62933 10
      vertex 15.9684 -1.00465 10
      vertex 15.8738 -2.00533 10
    endloop
  endfacet
  facet normal 0 0 1
    outer loop
      vertex 19.2303 -2.43596 10
      vertex 15.8738 -2.00533 10
      vertex 15.7166 -2.9981 10
    endloop
  endfacet
  facet normal 0 0 1
    outer loop
      vertex 19.0257 0.816277 10
      vertex 16 0 10
      vertex 19 0 10
    endloop
  endfacet
  facet normal 0 0 1
    outer loop
      vertex 10.9528 11.6635 10
      vertex 17.1137 18.2242 10
      vertex 15.9356 19.2628 10
    endloop
  endfacet
  facet normal 0 -0 1
    outer loop
      vertex 16 0 10
      vertex 19.0257 0.816277 10
      vertex 15.9684 1.00465 10
    endloop
  endfacet
  facet normal 0 0 1
    outer loop
      vertex 19.1025 1.62933 10
      vertex 15.9684 1.00465 10
      vertex 19.0257 0.816277 10
    endloop
  endfacet
  facet normal 0 -0 1
    outer loop
      vertex 15.9684 1.00465 10
      vertex 19.1025 1.62933 10
      vertex 15.8738 2.00533 10
    endloop
  endfacet
  facet normal 0 0 1
    outer loop
      vertex 19.2303 2.43596 10
      vertex 15.8738 2.00533 10
      vertex 19.1025 1.62933 10
    endloop
  endfacet
  facet normal 0 -0 1
    outer loop
      vertex 15.7166 2.9981 10
      vertex 19.4084 3.23297 10
      vertex 15.4973 3.97904 10
    endloop
  endfacet
  facet normal 0 0 1
    outer loop
      vertex 10.1988 12.3282 10
      vertex 15.9356 19.2628 10
      vertex 14.6946 20.2254 10
    endloop
  endfacet
  facet normal 0 -0 1
    outer loop
      vertex 15.4973 3.97904 10
      vertex 19.6363 4.01722 10
      vertex 15.2169 4.94427 10
    endloop
  endfacet
  facet normal 0 0 1
    outer loop
      vertex 20.608 6.2628 10
      vertex 14.8764 5.88999 10
      vertex 20.2372 5.53513 10
    endloop
  endfacet
  facet normal 0 0 1
    outer loop
      vertex 21.1082 13.3957 10
      vertex 13.5092 8.57323 10
      vertex 14.0209 7.70806 10
    endloop
  endfacet
  facet normal 0 0 1
    outer loop
      vertex 9.40456 12.9443 10
      vertex 14.6946 20.2254 10
      vertex 13.3957 21.1082 10
    endloop
  endfacet
  facet normal 0 0 1
    outer loop
      vertex 20.2254 14.6946 10
      vertex 12.9443 9.40456 10
      vertex 13.5092 8.57323 10
    endloop
  endfacet
  facet normal 0 0 1
    outer loop
      vertex 19.2628 15.9356 10
      vertex 12.3282 10.1988 10
      vertex 12.9443 9.40456 10
    endloop
  endfacet
  facet normal 0 0 1
    outer loop
      vertex 8.57323 13.5092 10
      vertex 13.3957 21.1082 10
      vertex 12.0438 21.9077 10
    endloop
  endfacet
  facet normal 0 0 1
    outer loop
      vertex 18.2242 17.1137 10
      vertex 11.6635 10.9528 10
      vertex 12.3282 10.1988 10
    endloop
  endfacet
  facet normal 0 0 1
    outer loop
      vertex 17.1137 18.2242 10
      vertex 10.9528 11.6635 10
      vertex 11.6635 10.9528 10
    endloop
  endfacet
  facet normal 0 0 1
    outer loop
      vertex 7.70806 14.0209 10
      vertex 12.0438 21.9077 10
      vertex 10.6445 22.6207 10
    endloop
  endfacet
  facet normal 0 0 1
    outer loop
      vertex 15.9356 19.2628 10
      vertex 10.1988 12.3282 10
      vertex 10.9528 11.6635 10
    endloop
  endfacet
  facet normal 0 0 1
    outer loop
      vertex 14.6946 20.2254 10
      vertex 9.40456 12.9443 10
      vertex 10.1988 12.3282 10
    endloop
  endfacet
  facet normal 0 0 1
    outer loop
      vertex 6.81247 14.4772 10
      vertex 10.6445 22.6207 10
      vertex 9.20311 23.2444 10
    endloop
  endfacet
  facet normal 0 0 1
    outer loop
      vertex 13.3957 21.1082 10
      vertex 8.57323 13.5092 10
      vertex 9.40456 12.9443 10
    endloop
  endfacet
  facet normal 0 0 1
    outer loop
      vertex 5.88999 14.8764 10
      vertex 9.20311 23.2444 10
      vertex 7.72542 23.7764 10
    endloop
  endfacet
  facet normal 0 0 1
    outer loop
      vertex 12.0438 21.9077 10
      vertex 7.70806 14.0209 10
      vertex 8.57323 13.5092 10
    endloop
  endfacet
  facet normal 0 0 1
    outer loop
      vertex 10.6445 22.6207 10
      vertex 6.81247 14.4772 10
      vertex 7.70806 14.0209 10
    endloop
  endfacet
  facet normal 0 0 1
    outer loop
      vertex 4.94427 15.2169 10
      vertex 7.72542 23.7764 10
      vertex 6.21725 24.2146 10
    endloop
  endfacet
  facet normal 0 0 1
    outer loop
      vertex 9.20311 23.2444 10
      vertex 5.88999 14.8764 10
      vertex 6.81247 14.4772 10
    endloop
  endfacet
  facet normal 0 0 1
    outer loop
      vertex 7.72542 23.7764 10
      vertex 4.94427 15.2169 10
      vertex 5.88999 14.8764 10
    endloop
  endfacet
  facet normal 0 0 1
    outer loop
      vertex 3.97904 15.4973 10
      vertex 6.21725 24.2146 10
      vertex 4.68453 24.5572 10
    endloop
  endfacet
  facet normal 0 0 1
    outer loop
      vertex 6.21725 24.2146 10
      vertex 3.97904 15.4973 10
      vertex 4.94427 15.2169 10
    endloop
  endfacet
  facet normal 0 0 1
    outer loop
      vertex 2.9981 15.7166 10
      vertex 4.68453 24.5572 10
      vertex 3.13333 24.8029 10
    endloop
  endfacet
  facet normal 0 0 1
    outer loop
      vertex 4.68453 24.5572 10
      vertex 2.9981 15.7166 10
      vertex 3.97904 15.4973 10
    endloop
  endfacet
  facet normal 0 0 1
    outer loop
      vertex 3.13333 24.8029 10
      vertex 2.00533 15.8738 10
      vertex 2.9981 15.7166 10
    endloop
  endfacet
  facet normal 0 0 1
    outer loop
      vertex 1.56976 24.9507 10
      vertex 2.00533 15.8738 10
      vertex 3.13333 24.8029 10
    endloop
  endfacet
  facet normal 0 0 1
    outer loop
      vertex 1.56976 24.9507 10
      vertex 1.00465 15.9684 10
      vertex 2.00533 15.8738 10
    endloop
  endfacet
  facet normal 0 0 1
    outer loop
      vertex 0 25 10
      vertex 1.00465 15.9684 10
      vertex 1.56976 24.9507 10
    endloop
  endfacet
  facet normal 0 0 1
    outer loop
      vertex 0 25 10
      vertex 0 16 10
      vertex 1.00465 15.9684 10
    endloop
  endfacet
  facet normal 0 0 1
    outer loop
      vertex 0 25 10
      vertex -1.00465 15.9684 10
      vertex 0 16 10
    endloop
  endfacet
  facet normal -0 0 1
    outer loop
      vertex -1.56976 24.9507 10
      vertex -1.00465 15.9684 10
      vertex 0 25 10
    endloop
  endfacet
  facet normal 0 0 1
    outer loop
      vertex -1.56976 24.9507 10
      vertex -2.00533 15.8738 10
      vertex -1.00465 15.9684 10
    endloop
  endfacet
  facet normal -0 0 1
    outer loop
      vertex -3.13333 24.8029 10
      vertex -2.00533 15.8738 10
      vertex -1.56976 24.9507 10
    endloop
  endfacet
  facet normal 0 0 1
    outer loop
      vertex -2.00533 15.8738 10
      vertex -3.13333 24.8029 10
      vertex -2.9981 15.7166 10
    endloop
  endfacet
  facet normal -0 0 1
    outer loop
      vertex -4.68453 24.5572 10
      vertex -2.9981 15.7166 10
      vertex -3.13333 24.8029 10
    endloop
  endfacet
  facet normal 0 0 1
    outer loop
      vertex -2.9981 15.7166 10
      vertex -4.68453 24.5572 10
      vertex -3.97904 15.4973 10
    endloop
  endfacet
  facet normal -0 0 1
    outer loop
      vertex -6.21725 24.2146 10
      vertex -3.97904 15.4973 10
      vertex -4.68453 24.5572 10
    endloop
  endfacet
  facet normal 0 0 1
    outer loop
      vertex -3.97904 15.4973 10
      vertex -6.21725 24.2146 10
      vertex -4.94427 15.2169 10
    endloop
  endfacet
  facet normal -0 0 1
    outer loop
      vertex -7.72542 23.7764 10
      vertex -4.94427 15.2169 10
      vertex -6.21725 24.2146 10
    endloop
  endfacet
  facet normal 0 0 1
    outer loop
      vertex -4.94427 15.2169 10
      vertex -7.72542 23.7764 10
      vertex -5.88999 14.8764 10
    endloop
  endfacet
  facet normal -0 0 1
    outer loop
      vertex -9.20311 23.2444 10
      vertex -5.88999 14.8764 10
      vertex -7.72542 23.7764 10
    endloop
  endfacet
  facet normal 0 0 1
    outer loop
      vertex -5.88999 14.8764 10
      vertex -9.20311 23.2444 10
      vertex -6.81247 14.4772 10
    endloop
  endfacet
  facet normal -0 0 1
    outer loop
      vertex -10.6445 22.6207 10
      vertex -6.81247 14.4772 10
      vertex -9.20311 23.2444 10
    endloop
  endfacet
  facet normal 0 0 1
    outer loop
      vertex -6.81247 14.4772 10
      vertex -10.6445 22.6207 10
      vertex -7.70806 14.0209 10
    endloop
  endfacet
  facet normal -0 0 1
    outer loop
      vertex -12.0438 21.9077 10
      vertex -7.70806 14.0209 10
      vertex -10.6445 22.6207 10
    endloop
  endfacet
  facet normal 0 0 1
    outer loop
      vertex -7.70806 14.0209 10
      vertex -12.0438 21.9077 10
      vertex -8.57323 13.5092 10
    endloop
  endfacet
  facet normal -0 0 1
    outer loop
      vertex -13.3957 21.1082 10
      vertex -8.57323 13.5092 10
      vertex -12.0438 21.9077 10
    endloop
  endfacet
  facet normal 0 0 1
    outer loop
      vertex -8.57323 13.5092 10
      vertex -13.3957 21.1082 10
      vertex -9.40456 12.9443 10
    endloop
  endfacet
  facet normal -0 0 1
    outer loop
      vertex -14.6946 20.2254 10
      vertex -9.40456 12.9443 10
      vertex -13.3957 21.1082 10
    endloop
  endfacet
  facet normal 0 0 1
    outer loop
      vertex -9.40456 12.9443 10
      vertex -14.6946 20.2254 10
      vertex -10.1988 12.3282 10
    endloop
  endfacet
  facet normal -0 0 1
    outer loop
      vertex -15.9356 19.2628 10
      vertex -10.1988 12.3282 10
      vertex -14.6946 20.2254 10
    endloop
  endfacet
  facet normal 0 0 1
    outer loop
      vertex -10.1988 12.3282 10
      vertex -15.9356 19.2628 10
      vertex -10.9528 11.6635 10
    endloop
  endfacet
  facet normal -0 0 1
    outer loop
      vertex -17.1137 18.2242 10
      vertex -10.9528 11.6635 10
      vertex -15.9356 19.2628 10
    endloop
  endfacet
  facet normal 0 0 1
    outer loop
      vertex -10.9528 11.6635 10
      vertex -17.1137 18.2242 10
      vertex -11.6635 10.9528 10
    endloop
  endfacet
  facet normal -0 0 1
    outer loop
      vertex -18.2242 17.1137 10
      vertex -11.6635 10.9528 10
      vertex -17.1137 18.2242 10
    endloop
  endfacet
  facet normal 0 0 1
    outer loop
      vertex -11.6635 10.9528 10
      vertex -18.2242 17.1137 10
      vertex -12.3282 10.1988 10
    endloop
  endfacet
  facet normal -0 0 1
    outer loop
      vertex -19.2628 15.9356 10
      vertex -12.3282 10.1988 10
      vertex -18.2242 17.1137 10
    endloop
  endfacet
  facet normal 0 0 1
    outer loop
      vertex -12.3282 10.1988 10
      vertex -19.2628 15.9356 10
      vertex -12.9443 9.40456 10
    endloop
  endfacet
  facet normal -0 0 1
    outer loop
      vertex -20.2254 14.6946 10
      vertex -12.9443 9.40456 10
      vertex -19.2628 15.9356 10
    endloop
  endfacet
  facet normal 0 0 1
    outer loop
      vertex -12.9443 9.40456 10
      vertex -20.2254 14.6946 10
      vertex -13.5092 8.57323 10
    endloop
  endfacet
  facet normal -0 0 1
    outer loop
      vertex -21.1082 13.3957 10
      vertex -13.5092 8.57323 10
      vertex -20.2254 14.6946 10
    endloop
  endfacet
  facet normal 0 0 1
    outer loop
      vertex -13.5092 8.57323 10
      vertex -21.1082 13.3957 10
      vertex -14.0209 7.70806 10
    endloop
  endfacet
  facet normal -0 0 1
    outer loop
      vertex -21.9077 12.0438 10
      vertex -14.0209 7.70806 10
      vertex -21.1082 13.3957 10
    endloop
  endfacet
  facet normal 0 0 1
    outer loop
      vertex -14.0209 7.70806 10
      vertex -21.9077 12.0438 10
      vertex -14.4772 6.81247 10
    endloop
  endfacet
  facet normal -0 0 1
    outer loop
      vertex -22.6207 10.6445 10
      vertex -14.4772 6.81247 10
      vertex -21.9077 12.0438 10
    endloop
  endfacet
  facet normal 0 0 1
    outer loop
      vertex -14.4772 6.81247 10
      vertex -22.6207 10.6445 10
      vertex -14.8764 5.88999 10
    endloop
  endfacet
  facet normal 0 0 1
    outer loop
      vertex 19.4084 -3.23297 10
      vertex 15.7166 -2.9981 10
      vertex 15.4973 -3.97904 10
    endloop
  endfacet
  facet normal 0 0 1
    outer loop
      vertex 19.6363 -4.01722 10
      vertex 15.4973 -3.97904 10
      vertex 15.2169 -4.94427 10
    endloop
  endfacet
  facet normal 0 0 1
    outer loop
      vertex 20.2372 -5.53513 10
      vertex 15.2169 -4.94427 10
      vertex 14.8764 -5.88999 10
    endloop
  endfacet
  facet normal 0 0 1
    outer loop
      vertex 20.608 -6.2628 10
      vertex 14.8764 -5.88999 10
      vertex 14.4772 -6.81247 10
    endloop
  endfacet
  facet normal -0 0 1
    outer loop
      vertex 13.5092 -8.57323 10
      vertex 21.1082 -13.3957 10
      vertex 14.0209 -7.70806 10
    endloop
  endfacet
  facet normal 0 0 1
    outer loop
      vertex 21.1082 -13.3957 10
      vertex 13.5092 -8.57323 10
      vertex 20.2254 -14.6946 10
    endloop
  endfacet
  facet normal -0 0 1
    outer loop
      vertex 12.9443 -9.40456 10
      vertex 20.2254 -14.6946 10
      vertex 13.5092 -8.57323 10
    endloop
  endfacet
  facet normal 0 0 1
    outer loop
      vertex 20.2254 -14.6946 10
      vertex 12.9443 -9.40456 10
      vertex 19.2628 -15.9356 10
    endloop
  endfacet
  facet normal -0 0 1
    outer loop
      vertex 12.3282 -10.1988 10
      vertex 19.2628 -15.9356 10
      vertex 12.9443 -9.40456 10
    endloop
  endfacet
  facet normal 0 0 1
    outer loop
      vertex 19.2628 -15.9356 10
      vertex 12.3282 -10.1988 10
      vertex 18.2242 -17.1137 10
    endloop
  endfacet
  facet normal -0 0 1
    outer loop
      vertex 11.6635 -10.9528 10
      vertex 18.2242 -17.1137 10
      vertex 12.3282 -10.1988 10
    endloop
  endfacet
  facet normal 0 0 1
    outer loop
      vertex 18.2242 -17.1137 10
      vertex 11.6635 -10.9528 10
      vertex 17.1137 -18.2242 10
    endloop
  endfacet
  facet normal -0 0 1
    outer loop
      vertex 10.9528 -11.6635 10
      vertex 17.1137 -18.2242 10
      vertex 11.6635 -10.9528 10
    endloop
  endfacet
  facet normal 0 0 1
    outer loop
      vertex 17.1137 -18.2242 10
      vertex 10.9528 -11.6635 10
      vertex 15.9356 -19.2628 10
    endloop
  endfacet
  facet normal -0 0 1
    outer loop
      vertex 10.1988 -12.3282 10
      vertex 15.9356 -19.2628 10
      vertex 10.9528 -11.6635 10
    endloop
  endfacet
  facet normal 0 0 1
    outer loop
      vertex 15.9356 -19.2628 10
      vertex 10.1988 -12.3282 10
      vertex 14.6946 -20.2254 10
    endloop
  endfacet
  facet normal -0 0 1
    outer loop
      vertex 9.40456 -12.9443 10
      vertex 14.6946 -20.2254 10
      vertex 10.1988 -12.3282 10
    endloop
  endfacet
  facet normal 0 0 1
    outer loop
      vertex 14.6946 -20.2254 10
      vertex 9.40456 -12.9443 10
      vertex 13.3957 -21.1082 10
    endloop
  endfacet
  facet normal -0 0 1
    outer loop
      vertex 8.57323 -13.5092 10
      vertex 13.3957 -21.1082 10
      vertex 9.40456 -12.9443 10
    endloop
  endfacet
  facet normal 0 0 1
    outer loop
      vertex 13.3957 -21.1082 10
      vertex 8.57323 -13.5092 10
      vertex 12.0438 -21.9077 10
    endloop
  endfacet
  facet normal -0 0 1
    outer loop
      vertex 7.70806 -14.0209 10
      vertex 12.0438 -21.9077 10
      vertex 8.57323 -13.5092 10
    endloop
  endfacet
  facet normal 0 0 1
    outer loop
      vertex 12.0438 -21.9077 10
      vertex 7.70806 -14.0209 10
      vertex 10.6445 -22.6207 10
    endloop
  endfacet
  facet normal -0 0 1
    outer loop
      vertex 6.81247 -14.4772 10
      vertex 10.6445 -22.6207 10
      vertex 7.70806 -14.0209 10
    endloop
  endfacet
  facet normal 0 0 1
    outer loop
      vertex 10.6445 -22.6207 10
      vertex 6.81247 -14.4772 10
      vertex 9.20311 -23.2444 10
    endloop
  endfacet
  facet normal -0 0 1
    outer loop
      vertex 5.88999 -14.8764 10
      vertex 9.20311 -23.2444 10
      vertex 6.81247 -14.4772 10
    endloop
  endfacet
  facet normal 0 0 1
    outer loop
      vertex 9.20311 -23.2444 10
      vertex 5.88999 -14.8764 10
      vertex 7.72542 -23.7764 10
    endloop
  endfacet
  facet normal -0 0 1
    outer loop
      vertex 4.94427 -15.2169 10
      vertex 7.72542 -23.7764 10
      vertex 5.88999 -14.8764 10
    endloop
  endfacet
  facet normal 0 0 1
    outer loop
      vertex 7.72542 -23.7764 10
      vertex 4.94427 -15.2169 10
      vertex 6.21725 -24.2146 10
    endloop
  endfacet
  facet normal -0 0 1
    outer loop
      vertex 3.97904 -15.4973 10
      vertex 6.21725 -24.2146 10
      vertex 4.94427 -15.2169 10
    endloop
  endfacet
  facet normal 0 0 1
    outer loop
      vertex 6.21725 -24.2146 10
      vertex 3.97904 -15.4973 10
      vertex 4.68453 -24.5572 10
    endloop
  endfacet
  facet normal -0 0 1
    outer loop
      vertex 2.9981 -15.7166 10
      vertex 4.68453 -24.5572 10
      vertex 3.97904 -15.4973 10
    endloop
  endfacet
  facet normal 0 0 1
    outer loop
      vertex 4.68453 -24.5572 10
      vertex 2.9981 -15.7166 10
      vertex 3.13333 -24.8029 10
    endloop
  endfacet
  facet normal -0 0 1
    outer loop
      vertex 2.00533 -15.8738 10
      vertex 3.13333 -24.8029 10
      vertex 2.9981 -15.7166 10
    endloop
  endfacet
  facet normal 0 0 1
    outer loop
      vertex 2.00533 -15.8738 10
      vertex 1.56976 -24.9507 10
      vertex 3.13333 -24.8029 10
    endloop
  endfacet
  facet normal -0 0 1
    outer loop
      vertex 1.00465 -15.9684 10
      vertex 1.56976 -24.9507 10
      vertex 2.00533 -15.8738 10
    endloop
  endfacet
  facet normal -0 0 1
    outer loop
      vertex 0 -16 10
      vertex 1.56976 -24.9507 10
      vertex 1.00465 -15.9684 10
    endloop
  endfacet
  facet normal 0 0 1
    outer loop
      vertex 0 -16 10
      vertex 0 -25 10
      vertex 1.56976 -24.9507 10
    endloop
  endfacet
  facet normal 0 0 1
    outer loop
      vertex -1.00465 -15.9684 10
      vertex 0 -25 10
      vertex 0 -16 10
    endloop
  endfacet
  facet normal 0 0 1
    outer loop
      vertex -1.00465 -15.9684 10
      vertex -1.56976 -24.9507 10
      vertex 0 -25 10
    endloop
  endfacet
  facet normal 0 0 1
    outer loop
      vertex -2.00533 -15.8738 10
      vertex -1.56976 -24.9507 10
      vertex -1.00465 -15.9684 10
    endloop
  endfacet
  facet normal 0 0 1
    outer loop
      vertex -3.13333 -24.8029 10
      vertex -2.00533 -15.8738 10
      vertex -2.9981 -15.7166 10
    endloop
  endfacet
  facet normal 0 0 1
    outer loop
      vertex -2.00533 -15.8738 10
      vertex -3.13333 -24.8029 10
      vertex -1.56976 -24.9507 10
    endloop
  endfacet
  facet normal 0 0 1
    outer loop
      vertex -4.68453 -24.5572 10
      vertex -2.9981 -15.7166 10
      vertex -3.97904 -15.4973 10
    endloop
  endfacet
  facet normal 0 0 1
    outer loop
      vertex -2.9981 -15.7166 10
      vertex -4.68453 -24.5572 10
      vertex -3.13333 -24.8029 10
    endloop
  endfacet
  facet normal 0 0 1
    outer loop
      vertex -6.21725 -24.2146 10
      vertex -3.97904 -15.4973 10
      vertex -4.94427 -15.2169 10
    endloop
  endfacet
  facet normal 0 0 1
    outer loop
      vertex -7.72542 -23.7764 10
      vertex -4.94427 -15.2169 10
      vertex -5.88999 -14.8764 10
    endloop
  endfacet
  facet normal 0 0 1
    outer loop
      vertex -3.97904 -15.4973 10
      vertex -6.21725 -24.2146 10
      vertex -4.68453 -24.5572 10
    endloop
  endfacet
  facet normal 0 0 1
    outer loop
      vertex -9.20311 -23.2444 10
      vertex -5.88999 -14.8764 10
      vertex -6.81247 -14.4772 10
    endloop
  endfacet
  facet normal 0 0 1
    outer loop
      vertex -10.6445 -22.6207 10
      vertex -6.81247 -14.4772 10
      vertex -7.70806 -14.0209 10
    endloop
  endfacet
  facet normal 0 0 1
    outer loop
      vertex -4.94427 -15.2169 10
      vertex -7.72542 -23.7764 10
      vertex -6.21725 -24.2146 10
    endloop
  endfacet
  facet normal 0 0 1
    outer loop
      vertex -12.0438 -21.9077 10
      vertex -7.70806 -14.0209 10
      vertex -8.57323 -13.5092 10
    endloop
  endfacet
  facet normal 0 0 1
    outer loop
      vertex -5.88999 -14.8764 10
      vertex -9.20311 -23.2444 10
      vertex -7.72542 -23.7764 10
    endloop
  endfacet
  facet normal 0 0 1
    outer loop
      vertex -13.3957 -21.1082 10
      vertex -8.57323 -13.5092 10
      vertex -9.40456 -12.9443 10
    endloop
  endfacet
  facet normal 0 0 1
    outer loop
      vertex -14.6946 -20.2254 10
      vertex -9.40456 -12.9443 10
      vertex -10.1988 -12.3282 10
    endloop
  endfacet
  facet normal 0 0 1
    outer loop
      vertex -6.81247 -14.4772 10
      vertex -10.6445 -22.6207 10
      vertex -9.20311 -23.2444 10
    endloop
  endfacet
  facet normal 0 0 1
    outer loop
      vertex -15.9356 -19.2628 10
      vertex -10.1988 -12.3282 10
      vertex -10.9528 -11.6635 10
    endloop
  endfacet
  facet normal 0 0 1
    outer loop
      vertex -17.1137 -18.2242 10
      vertex -10.9528 -11.6635 10
      vertex -11.6635 -10.9528 10
    endloop
  endfacet
  facet normal 0 0 1
    outer loop
      vertex -7.70806 -14.0209 10
      vertex -12.0438 -21.9077 10
      vertex -10.6445 -22.6207 10
    endloop
  endfacet
  facet normal 0 0 1
    outer loop
      vertex -18.2242 -17.1137 10
      vertex -11.6635 -10.9528 10
      vertex -12.3282 -10.1988 10
    endloop
  endfacet
  facet normal 0 0 1
    outer loop
      vertex -19.2628 -15.9356 10
      vertex -12.3282 -10.1988 10
      vertex -12.9443 -9.40456 10
    endloop
  endfacet
  facet normal 0 0 1
    outer loop
      vertex -8.57323 -13.5092 10
      vertex -13.3957 -21.1082 10
      vertex -12.0438 -21.9077 10
    endloop
  endfacet
  facet normal 0 0 1
    outer loop
      vertex -20.2254 -14.6946 10
      vertex -12.9443 -9.40456 10
      vertex -13.5092 -8.57323 10
    endloop
  endfacet
  facet normal 0 0 1
    outer loop
      vertex -21.1082 -13.3957 10
      vertex -13.5092 -8.57323 10
      vertex -14.0209 -7.70806 10
    endloop
  endfacet
  facet normal 0 0 1
    outer loop
      vertex -21.9077 -12.0438 10
      vertex -14.0209 -7.70806 10
      vertex -14.4772 -6.81247 10
    endloop
  endfacet
  facet normal 0 0 1
    outer loop
      vertex -9.40456 -12.9443 10
      vertex -14.6946 -20.2254 10
      vertex -13.3957 -21.1082 10
    endloop
  endfacet
  facet normal 0 0 1
    outer loop
      vertex -22.6207 -10.6445 10
      vertex -14.4772 -6.81247 10
      vertex -14.8764 -5.88999 10
    endloop
  endfacet
  facet normal 0 0 1
    outer loop
      vertex -23.2444 -9.20311 10
      vertex -14.8764 -5.88999 10
      vertex -15.2169 -4.94427 10
    endloop
  endfacet
  facet normal 0 0 1
    outer loop
      vertex -23.7764 -7.72542 10
      vertex -15.2169 -4.94427 10
      vertex -15.4973 -3.97904 10
    endloop
  endfacet
  facet normal 0 0 1
    outer loop
      vertex -24.2146 -6.21725 10
      vertex -15.4973 -3.97904 10
      vertex -15.7166 -2.9981 10
    endloop
  endfacet
  facet normal 0 0 1
    outer loop
      vertex -24.5572 -4.68453 10
      vertex -15.7166 -2.9981 10
      vertex -15.8738 -2.00533 10
    endloop
  endfacet
  facet normal 0 0 1
    outer loop
      vertex -10.1988 -12.3282 10
      vertex -15.9356 -19.2628 10
      vertex -14.6946 -20.2254 10
    endloop
  endfacet
  facet normal 0 0 1
    outer loop
      vertex -24.8029 -3.13333 10
      vertex -15.8738 -2.00533 10
      vertex -15.9684 -1.00465 10
    endloop
  endfacet
  facet normal 0 0 1
    outer loop
      vertex -24.9507 -1.56976 10
      vertex -15.9684 -1.00465 10
      vertex -16 0 10
    endloop
  endfacet
  facet normal -0 0 1
    outer loop
      vertex -23.2444 9.20311 10
      vertex -14.8764 5.88999 10
      vertex -22.6207 10.6445 10
    endloop
  endfacet
  facet normal 0 0 1
    outer loop
      vertex -10.9528 -11.6635 10
      vertex -17.1137 -18.2242 10
      vertex -15.9356 -19.2628 10
    endloop
  endfacet
  facet normal 0 0 1
    outer loop
      vertex -14.8764 5.88999 10
      vertex -23.2444 9.20311 10
      vertex -15.2169 4.94427 10
    endloop
  endfacet
  facet normal 0 0 1
    outer loop
      vertex -11.6635 -10.9528 10
      vertex -18.2242 -17.1137 10
      vertex -17.1137 -18.2242 10
    endloop
  endfacet
  facet normal -0 0 1
    outer loop
      vertex -23.7764 7.72542 10
      vertex -15.2169 4.94427 10
      vertex -23.2444 9.20311 10
    endloop
  endfacet
  facet normal 0 0 1
    outer loop
      vertex -12.3282 -10.1988 10
      vertex -19.2628 -15.9356 10
      vertex -18.2242 -17.1137 10
    endloop
  endfacet
  facet normal 0 0 1
    outer loop
      vertex -15.2169 4.94427 10
      vertex -23.7764 7.72542 10
      vertex -15.4973 3.97904 10
    endloop
  endfacet
  facet normal 0 0 1
    outer loop
      vertex -12.9443 -9.40456 10
      vertex -20.2254 -14.6946 10
      vertex -19.2628 -15.9356 10
    endloop
  endfacet
  facet normal -0 0 1
    outer loop
      vertex -24.2146 6.21725 10
      vertex -15.4973 3.97904 10
      vertex -23.7764 7.72542 10
    endloop
  endfacet
  facet normal 0 0 1
    outer loop
      vertex -13.5092 -8.57323 10
      vertex -21.1082 -13.3957 10
      vertex -20.2254 -14.6946 10
    endloop
  endfacet
  facet normal 0 0 1
    outer loop
      vertex -15.4973 3.97904 10
      vertex -24.2146 6.21725 10
      vertex -15.7166 2.9981 10
    endloop
  endfacet
  facet normal 0 0 1
    outer loop
      vertex -14.0209 -7.70806 10
      vertex -21.9077 -12.0438 10
      vertex -21.1082 -13.3957 10
    endloop
  endfacet
  facet normal -0 0 1
    outer loop
      vertex -24.5572 4.68453 10
      vertex -15.7166 2.9981 10
      vertex -24.2146 6.21725 10
    endloop
  endfacet
  facet normal 0 0 1
    outer loop
      vertex -14.4772 -6.81247 10
      vertex -22.6207 -10.6445 10
      vertex -21.9077 -12.0438 10
    endloop
  endfacet
  facet normal 0 0 1
    outer loop
      vertex -15.7166 2.9981 10
      vertex -24.5572 4.68453 10
      vertex -15.8738 2.00533 10
    endloop
  endfacet
  facet normal 0 0 1
    outer loop
      vertex -14.8764 -5.88999 10
      vertex -23.2444 -9.20311 10
      vertex -22.6207 -10.6445 10
    endloop
  endfacet
  facet normal -0 0 1
    outer loop
      vertex -24.8029 3.13333 10
      vertex -15.8738 2.00533 10
      vertex -24.5572 4.68453 10
    endloop
  endfacet
  facet normal 0 0 1
    outer loop
      vertex -15.2169 -4.94427 10
      vertex -23.7764 -7.72542 10
      vertex -23.2444 -9.20311 10
    endloop
  endfacet
  facet normal 0 0 1
    outer loop
      vertex -15.8738 2.00533 10
      vertex -24.8029 3.13333 10
      vertex -15.9684 1.00465 10
    endloop
  endfacet
  facet normal 0 0 1
    outer loop
      vertex -15.4973 -3.97904 10
      vertex -24.2146 -6.21725 10
      vertex -23.7764 -7.72542 10
    endloop
  endfacet
  facet normal -0 0 1
    outer loop
      vertex -24.9507 1.56976 10
      vertex -15.9684 1.00465 10
      vertex -24.8029 3.13333 10
    endloop
  endfacet
  facet normal 0 0 1
    outer loop
      vertex -15.7166 -2.9981 10
      vertex -24.5572 -4.68453 10
      vertex -24.2146 -6.21725 10
    endloop
  endfacet
  facet normal 0 0 1
    outer loop
      vertex -15.9684 1.00465 10
      vertex -24.9507 1.56976 10
      vertex -16 0 10
    endloop
  endfacet
  facet normal 0 0 1
    outer loop
      vertex -15.8738 -2.00533 10
      vertex -24.8029 -3.13333 10
      vertex -24.5572 -4.68453 10
    endloop
  endfacet
  facet normal 0 0 1
    outer loop
      vertex -25 0 10
      vertex -16 0 10
      vertex -24.9507 1.56976 10
    endloop
  endfacet
  facet normal 0 0 1
    outer loop
      vertex -15.9684 -1.00465 10
      vertex -24.9507 -1.56976 10
      vertex -24.8029 -3.13333 10
    endloop
  endfacet
  facet normal 0 0 1
    outer loop
      vertex -16 0 10
      vertex -25 0 10
      vertex -24.9507 -1.56976 10
    endloop
  endfacet
  facet normal -0.0941078 -0.995562 0
    outer loop
      vertex -3.13333 -24.8029 8.5
      vertex -1.56976 -24.9507 10
      vertex -3.13333 -24.8029 10
    endloop
  endfacet
  facet normal -0.0941078 -0.995562 -0
    outer loop
      vertex -1.56976 -24.9507 10
      vertex -3.13333 -24.8029 8.5
      vertex -1.56976 -24.9507 8.5
    endloop
  endfacet
  facet normal -0.960288 0.279012 0
    outer loop
      vertex -24.2146 6.21725 7
      vertex -23.7764 7.72542 10
      vertex -23.7764 7.72542 7
    endloop
  endfacet
  facet normal -0.960288 0.279012 0
    outer loop
      vertex -23.7764 7.72542 10
      vertex -24.2146 6.21725 7
      vertex -24.2146 6.21725 10
    endloop
  endfacet
  facet normal -0.0313906 -0.999507 0
    outer loop
      vertex -1.56976 -24.9507 8.5
      vertex 0 -25 10
      vertex -1.56976 -24.9507 10
    endloop
  endfacet
  facet normal -0.0313906 -0.999507 -0
    outer loop
      vertex 0 -25 10
      vertex -1.56976 -24.9507 8.5
      vertex 0 -25 8.5
    endloop
  endfacet
  facet normal 1 -0 0
    outer loop
      vertex 4.5 24.5864 8.5
      vertex 4.5 28 7
      vertex 4.5 28 8.5
    endloop
  endfacet
  facet normal 1 0 0
    outer loop
      vertex 4.5 28 7
      vertex 4.5 24.5864 8.5
      vertex 4.5 24.5864 7
    endloop
  endfacet
  facet normal 1 -0 0
    outer loop
      vertex 4.5 -28 8.5
      vertex 4.5 -24.5864 7
      vertex 4.5 -24.5864 8.5
    endloop
  endfacet
  facet normal 1 0 0
    outer loop
      vertex 4.5 -24.5864 7
      vertex 4.5 -28 8.5
      vertex 4.5 -28 7
    endloop
  endfacet
  facet normal 0 0 1
    outer loop
      vertex 4.5 28 8.5
      vertex 3.13333 24.8029 8.5
      vertex 4.5 24.5864 8.5
    endloop
  endfacet
  facet normal 0 0 1
    outer loop
      vertex 4.5 28 8.5
      vertex 1.56976 24.9507 8.5
      vertex 3.13333 24.8029 8.5
    endloop
  endfacet
  facet normal 0 0 1
    outer loop
      vertex 4.5 28 8.5
      vertex 0 25 8.5
      vertex 1.56976 24.9507 8.5
    endloop
  endfacet
  facet normal -0 0 1
    outer loop
      vertex -4.5 28 8.5
      vertex 0 25 8.5
      vertex 4.5 28 8.5
    endloop
  endfacet
  facet normal 0 0 1
    outer loop
      vertex 0 25 8.5
      vertex -4.5 28 8.5
      vertex -1.56976 24.9507 8.5
    endloop
  endfacet
  facet normal 0 0 1
    outer loop
      vertex -1.56976 24.9507 8.5
      vertex -4.5 28 8.5
      vertex -3.13333 24.8029 8.5
    endloop
  endfacet
  facet normal 0 0 1
    outer loop
      vertex -3.13333 24.8029 8.5
      vertex -4.5 28 8.5
      vertex -4.5 24.5864 8.5
    endloop
  endfacet
  facet normal -0 0 1
    outer loop
      vertex 3.13333 -24.8029 8.5
      vertex 4.5 -28 8.5
      vertex 4.5 -24.5864 8.5
    endloop
  endfacet
  facet normal -0 0 1
    outer loop
      vertex 1.56976 -24.9507 8.5
      vertex 4.5 -28 8.5
      vertex 3.13333 -24.8029 8.5
    endloop
  endfacet
  facet normal -0 0 1
    outer loop
      vertex 0 -25 8.5
      vertex 4.5 -28 8.5
      vertex 1.56976 -24.9507 8.5
    endloop
  endfacet
  facet normal 0 0 1
    outer loop
      vertex -4.5 -28 8.5
      vertex 0 -25 8.5
      vertex -1.56976 -24.9507 8.5
    endloop
  endfacet
  facet normal 0 0 1
    outer loop
      vertex -4.5 -28 8.5
      vertex -1.56976 -24.9507 8.5
      vertex -3.13333 -24.8029 8.5
    endloop
  endfacet
  facet normal 0 0 1
    outer loop
      vertex -4.5 -28 8.5
      vertex -3.13333 -24.8029 8.5
      vertex -4.5 -24.5864 8.5
    endloop
  endfacet
  facet normal 0 0 1
    outer loop
      vertex 0 -25 8.5
      vertex -4.5 -28 8.5
      vertex 4.5 -28 8.5
    endloop
  endfacet
  facet normal -1 0 0
    outer loop
      vertex -4.5 24.5864 7
      vertex -4.5 28 8.5
      vertex -4.5 28 7
    endloop
  endfacet
  facet normal -1 -0 0
    outer loop
      vertex -4.5 28 8.5
      vertex -4.5 24.5864 7
      vertex -4.5 24.5864 8.5
    endloop
  endfacet
  facet normal -1 0 0
    outer loop
      vertex -4.5 -28 7
      vertex -4.5 -24.5864 8.5
      vertex -4.5 -24.5864 7
    endloop
  endfacet
  facet normal -1 -0 0
    outer loop
      vertex -4.5 -24.5864 8.5
      vertex -4.5 -28 7
      vertex -4.5 -28 8.5
    endloop
  endfacet
  facet normal 0 1 -0
    outer loop
      vertex 4.5 28 7
      vertex -4.5 28 8.5
      vertex 4.5 28 8.5
    endloop
  endfacet
  facet normal 0 1 0
    outer loop
      vertex -4.5 28 8.5
      vertex 4.5 28 7
      vertex -4.5 28 7
    endloop
  endfacet
  facet normal 0 -1 0
    outer loop
      vertex -4.5 -28 7
      vertex 4.5 -28 8.5
      vertex -4.5 -28 8.5
    endloop
  endfacet
  facet normal 0 -1 -0
    outer loop
      vertex 4.5 -28 8.5
      vertex -4.5 -28 7
      vertex 4.5 -28 7
    endloop
  endfacet
  facet normal -0.975931 -0.218082 0
    outer loop
      vertex 19.4084 -3.23297 10
      vertex 19.2303 -2.43596 13
      vertex 19.2303 -2.43596 10
    endloop
  endfacet
  facet normal -0.975931 -0.218082 0
    outer loop
      vertex 19.2303 -2.43596 13
      vertex 19.4084 -3.23297 10
      vertex 19.4084 -3.23297 13
    endloop
  endfacet
  facet normal 0.707095 0.707119 0
    outer loop
      vertex 41.4766 8.89911 13
      vertex 40.8991 9.47659 7
      vertex 40.8991 9.47659 13
    endloop
  endfacet
  facet normal 0.707095 0.707119 0
    outer loop
      vertex 40.8991 9.47659 7
      vertex 41.4766 8.89911 13
      vertex 41.4766 8.89911 7
    endloop
  endfacet
  facet normal 0.279069 0.960271 -0
    outer loop
      vertex 36.0172 12.3637 7
      vertex 35.233 12.5916 13
      vertex 36.0172 12.3637 13
    endloop
  endfacet
  facet normal 0.279069 0.960271 0
    outer loop
      vertex 35.233 12.5916 13
      vertex 36.0172 12.3637 7
      vertex 35.233 12.5916 7
    endloop
  endfacet
  facet normal -0.995568 -0.0940402 0
    outer loop
      vertex 19.1025 -1.62933 10
      vertex 19.0257 -0.816277 13
      vertex 19.0257 -0.816277 10
    endloop
  endfacet
  facet normal -0.995568 -0.0940402 0
    outer loop
      vertex 19.0257 -0.816277 13
      vertex 19.1025 -1.62933 10
      vertex 19.1025 -1.62933 13
    endloop
  endfacet
  facet normal -0.707095 0.707119 0
    outer loop
      vertex 22.5234 8.89911 10
      vertex 23.1009 9.47659 13
      vertex 23.1009 9.47659 10
    endloop
  endfacet
  facet normal -0.707095 0.707119 0
    outer loop
      vertex 23.1009 9.47659 13
      vertex 22.5234 8.89911 10
      vertex 22.5234 8.89911 13
    endloop
  endfacet
  facet normal 0.661333 -0.750093 0
    outer loop
      vertex 40.2865 -10.0167 7
      vertex 40.8991 -9.47659 13
      vertex 40.2865 -10.0167 13
    endloop
  endfacet
  facet normal 0.661333 -0.750093 0
    outer loop
      vertex 40.8991 -9.47659 13
      vertex 40.2865 -10.0167 7
      vertex 40.8991 -9.47659 7
    endloop
  endfacet
  facet normal -0.860755 -0.50902 0
    outer loop
      vertex 21.0237 -6.96575 10
      vertex 20.608 -6.2628 13
      vertex 20.608 -6.2628 10
    endloop
  endfacet
  facet normal -0.860755 -0.50902 0
    outer loop
      vertex 20.608 -6.2628 13
      vertex 21.0237 -6.96575 10
      vertex 21.0237 -6.96575 13
    endloop
  endfacet
  facet normal 0.612872 0.790182 -0
    outer loop
      vertex 40.2865 10.0167 7
      vertex 39.6412 10.5172 13
      vertex 40.2865 10.0167 13
    endloop
  endfacet
  facet normal 0.612872 0.790182 0
    outer loop
      vertex 39.6412 10.5172 13
      vertex 40.2865 10.0167 7
      vertex 39.6412 10.5172 7
    endloop
  endfacet
  facet normal -0.995568 0.0940402 0
    outer loop
      vertex 19.0257 0.816277 10
      vertex 19.1025 1.62933 13
      vertex 19.1025 1.62933 10
    endloop
  endfacet
  facet normal -0.995568 0.0940402 0
    outer loop
      vertex 19.1025 1.62933 13
      vertex 19.0257 0.816277 10
      vertex 19.0257 0.816277 13
    endloop
  endfacet
  facet normal 0.995568 0.0940402 0
    outer loop
      vertex 44.9743 0.816277 13
      vertex 44.8975 1.62933 7
      vertex 44.8975 1.62933 13
    endloop
  endfacet
  facet normal 0.995568 0.0940402 0
    outer loop
      vertex 44.8975 1.62933 7
      vertex 44.9743 0.816277 13
      vertex 44.9743 0.816277 7
    endloop
  endfacet
  facet normal -0.960276 0.279052 0
    outer loop
      vertex 19.4084 3.23297 10
      vertex 19.6363 4.01722 13
      vertex 19.6363 4.01722 10
    endloop
  endfacet
  facet normal -0.960276 0.279052 0
    outer loop
      vertex 19.6363 4.01722 13
      vertex 19.4084 3.23297 10
      vertex 19.4084 3.23297 13
    endloop
  endfacet
  facet normal -0.661333 0.750093 5.90997e-06
    outer loop
      vertex 23.7135 10.0167 13
      vertex 23.1191 9.49266 10
      vertex 23.1009 9.47659 13
    endloop
  endfacet
  facet normal -0.661316 0.750107 0
    outer loop
      vertex 23.7135 10.0167 7
      vertex 23.1191 9.49266 10
      vertex 23.7135 10.0167 13
    endloop
  endfacet
  facet normal -0.661316 0.750107 0
    outer loop
      vertex 23.1191 9.49266 10
      vertex 23.7135 10.0167 7
      vertex 23.1191 9.49266 7
    endloop
  endfacet
  facet normal -0.66188 0.749609 0
    outer loop
      vertex 23.1009 9.47659 13
      vertex 23.1191 9.49266 10
      vertex 23.1009 9.47659 10
    endloop
  endfacet
  facet normal -0.0940463 0.995568 0
    outer loop
      vertex 31.1837 12.9743 7
      vertex 30.3707 12.8975 13
      vertex 31.1837 12.9743 13
    endloop
  endfacet
  facet normal -0.0940463 0.995568 0
    outer loop
      vertex 30.3707 12.8975 13
      vertex 31.1837 12.9743 7
      vertex 30.3707 12.8975 7
    endloop
  endfacet
  facet normal -0.454008 0.890997 0
    outer loop
      vertex 26.4649 11.7628 7
      vertex 25.7372 11.392 13
      vertex 26.4649 11.7628 13
    endloop
  endfacet
  facet normal -0.454008 0.890997 0
    outer loop
      vertex 25.7372 11.392 13
      vertex 26.4649 11.7628 7
      vertex 25.7372 11.392 7
    endloop
  endfacet
  facet normal -0.338693 0.940897 0
    outer loop
      vertex 27.9828 12.3637 7
      vertex 27.2144 12.0871 13
      vertex 27.9828 12.3637 13
    endloop
  endfacet
  facet normal -0.338693 0.940897 0
    outer loop
      vertex 27.2144 12.0871 13
      vertex 27.9828 12.3637 7
      vertex 27.2144 12.0871 7
    endloop
  endfacet
  facet normal 0.98768 0.156485 0
    outer loop
      vertex 44.8975 1.62933 13
      vertex 44.7697 2.43596 7
      vertex 44.7697 2.43596 13
    endloop
  endfacet
  facet normal 0.98768 0.156485 0
    outer loop
      vertex 44.7697 2.43596 7
      vertex 44.8975 1.62933 13
      vertex 44.8975 1.62933 7
    endloop
  endfacet
  facet normal 0.0314679 0.999505 -0
    outer loop
      vertex 32.8163 12.9743 7
      vertex 32 13 13
      vertex 32.8163 12.9743 13
    endloop
  endfacet
  facet normal 0.0314679 0.999505 0
    outer loop
      vertex 32 13 13
      vertex 32.8163 12.9743 7
      vertex 32 13 7
    endloop
  endfacet
  facet normal 0.999505 0.0314688 0
    outer loop
      vertex 45 0 13
      vertex 44.9743 0.816277 7
      vertex 44.9743 0.816277 13
    endloop
  endfacet
  facet normal 0.999505 0.0314688 0
    outer loop
      vertex 44.9743 0.816277 7
      vertex 45 0 13
      vertex 45 0 7
    endloop
  endfacet
  facet normal -0.860755 0.50902 0
    outer loop
      vertex 20.608 6.2628 10
      vertex 21.0237 6.96575 13
      vertex 21.0237 6.96575 10
    endloop
  endfacet
  facet normal -0.860755 0.50902 0
    outer loop
      vertex 21.0237 6.96575 13
      vertex 20.608 6.2628 10
      vertex 20.608 6.2628 13
    endloop
  endfacet
  facet normal 0.917773 0.397105 0
    outer loop
      vertex 44.0871 4.78562 13
      vertex 43.7628 5.53513 7
      vertex 43.7628 5.53513 13
    endloop
  endfacet
  facet normal 0.917773 0.397105 0
    outer loop
      vertex 43.7628 5.53513 7
      vertex 44.0871 4.78562 13
      vertex 44.0871 4.78562 7
    endloop
  endfacet
  facet normal 0.509047 0.860739 -0
    outer loop
      vertex 38.9657 10.9763 7
      vertex 38.2628 11.392 13
      vertex 38.9657 10.9763 13
    endloop
  endfacet
  facet normal 0.509047 0.860739 0
    outer loop
      vertex 38.2628 11.392 13
      vertex 38.9657 10.9763 7
      vertex 38.2628 11.392 7
    endloop
  endfacet
  facet normal -0.562109 -0.827063 0
    outer loop
      vertex 24.3588 -10.5172 7
      vertex 25.0343 -10.9763 13
      vertex 24.3588 -10.5172 13
    endloop
  endfacet
  facet normal -0.562109 -0.827063 -0
    outer loop
      vertex 25.0343 -10.9763 13
      vertex 24.3588 -10.5172 7
      vertex 25.0343 -10.9763 7
    endloop
  endfacet
  facet normal -0.999505 0.0314688 0
    outer loop
      vertex 19 0 10
      vertex 19.0257 0.816277 13
      vertex 19.0257 0.816277 10
    endloop
  endfacet
  facet normal -0.999505 0.0314688 0
    outer loop
      vertex 19.0257 0.816277 13
      vertex 19 0 10
      vertex 19 0 13
    endloop
  endfacet
  facet normal 0.940897 -0.338693 0
    outer loop
      vertex 44.0871 -4.78562 13
      vertex 44.3637 -4.01722 7
      vertex 44.3637 -4.01722 13
    endloop
  endfacet
  facet normal 0.940897 -0.338693 0
    outer loop
      vertex 44.3637 -4.01722 7
      vertex 44.0871 -4.78562 13
      vertex 44.0871 -4.78562 7
    endloop
  endfacet
  facet normal -0.917773 -0.397105 0
    outer loop
      vertex 20.2372 -5.53513 10
      vertex 19.9129 -4.78562 13
      vertex 19.9129 -4.78562 10
    endloop
  endfacet
  facet normal -0.917773 -0.397105 0
    outer loop
      vertex 19.9129 -4.78562 13
      vertex 20.2372 -5.53513 10
      vertex 20.2372 -5.53513 13
    endloop
  endfacet
  facet normal 0.562109 0.827063 -0
    outer loop
      vertex 39.6412 10.5172 7
      vertex 38.9657 10.9763 13
      vertex 39.6412 10.5172 13
    endloop
  endfacet
  facet normal 0.562109 0.827063 0
    outer loop
      vertex 38.9657 10.9763 13
      vertex 39.6412 10.5172 7
      vertex 38.9657 10.9763 7
    endloop
  endfacet
  facet normal -0.0940463 -0.995568 0
    outer loop
      vertex 30.3707 -12.8975 7
      vertex 31.1837 -12.9743 13
      vertex 30.3707 -12.8975 13
    endloop
  endfacet
  facet normal -0.0940463 -0.995568 -0
    outer loop
      vertex 31.1837 -12.9743 13
      vertex 30.3707 -12.8975 7
      vertex 31.1837 -12.9743 7
    endloop
  endfacet
  facet normal -0.0314679 0.999505 0
    outer loop
      vertex 32 13 7
      vertex 31.1837 12.9743 13
      vertex 32 13 13
    endloop
  endfacet
  facet normal -0.0314679 0.999505 0
    outer loop
      vertex 31.1837 12.9743 13
      vertex 32 13 7
      vertex 31.1837 12.9743 7
    endloop
  endfacet
  facet normal 0.0314679 -0.999505 0
    outer loop
      vertex 32 -13 7
      vertex 32.8163 -12.9743 13
      vertex 32 -13 13
    endloop
  endfacet
  facet normal 0.0314679 -0.999505 0
    outer loop
      vertex 32.8163 -12.9743 13
      vertex 32 -13 7
      vertex 32.8163 -12.9743 7
    endloop
  endfacet
  facet normal -0.279069 -0.960271 0
    outer loop
      vertex 27.9828 -12.3637 7
      vertex 28.767 -12.5916 13
      vertex 27.9828 -12.3637 13
    endloop
  endfacet
  facet normal -0.279069 -0.960271 -0
    outer loop
      vertex 28.767 -12.5916 13
      vertex 27.9828 -12.3637 7
      vertex 28.767 -12.5916 7
    endloop
  endfacet
  facet normal 0.940897 0.338693 0
    outer loop
      vertex 44.3637 4.01722 13
      vertex 44.0871 4.78562 7
      vertex 44.0871 4.78562 13
    endloop
  endfacet
  facet normal 0.940897 0.338693 0
    outer loop
      vertex 44.0871 4.78562 7
      vertex 44.3637 4.01722 13
      vertex 44.3637 4.01722 7
    endloop
  endfacet
  facet normal -0.454008 -0.890997 0
    outer loop
      vertex 25.7372 -11.392 7
      vertex 26.4649 -11.7628 13
      vertex 25.7372 -11.392 13
    endloop
  endfacet
  facet normal -0.454008 -0.890997 -0
    outer loop
      vertex 26.4649 -11.7628 13
      vertex 25.7372 -11.392 7
      vertex 26.4649 -11.7628 7
    endloop
  endfacet
  facet normal 0.975931 -0.218082 0
    outer loop
      vertex 44.5916 -3.23297 13
      vertex 44.7697 -2.43596 7
      vertex 44.7697 -2.43596 13
    endloop
  endfacet
  facet normal 0.975931 -0.218082 0
    outer loop
      vertex 44.7697 -2.43596 7
      vertex 44.5916 -3.23297 13
      vertex 44.5916 -3.23297 7
    endloop
  endfacet
  facet normal 0.960276 -0.279052 0
    outer loop
      vertex 44.3637 -4.01722 13
      vertex 44.5916 -3.23297 7
      vertex 44.5916 -3.23297 13
    endloop
  endfacet
  facet normal 0.960276 -0.279052 0
    outer loop
      vertex 44.5916 -3.23297 7
      vertex 44.3637 -4.01722 13
      vertex 44.3637 -4.01722 7
    endloop
  endfacet
  facet normal -0.218084 0.97593 0
    outer loop
      vertex 29.564 12.7697 7
      vertex 28.767 12.5916 13
      vertex 29.564 12.7697 13
    endloop
  endfacet
  facet normal -0.218084 0.97593 0
    outer loop
      vertex 28.767 12.5916 13
      vertex 29.564 12.7697 7
      vertex 28.767 12.5916 7
    endloop
  endfacet
  facet normal 0.790182 0.612872 0
    outer loop
      vertex 42.5172 7.64121 13
      vertex 42.0167 8.28651 7
      vertex 42.0167 8.28651 13
    endloop
  endfacet
  facet normal 0.790182 0.612872 0
    outer loop
      vertex 42.0167 8.28651 7
      vertex 42.5172 7.64121 13
      vertex 42.5172 7.64121 7
    endloop
  endfacet
  facet normal 0.960276 0.279052 0
    outer loop
      vertex 44.5916 3.23297 13
      vertex 44.3637 4.01722 7
      vertex 44.3637 4.01722 13
    endloop
  endfacet
  facet normal 0.960276 0.279052 0
    outer loop
      vertex 44.3637 4.01722 7
      vertex 44.5916 3.23297 13
      vertex 44.5916 3.23297 7
    endloop
  endfacet
  facet normal -0.397109 -0.917771 0
    outer loop
      vertex 26.4649 -11.7628 7
      vertex 27.2144 -12.0871 13
      vertex 26.4649 -11.7628 13
    endloop
  endfacet
  facet normal -0.397109 -0.917771 -0
    outer loop
      vertex 27.2144 -12.0871 13
      vertex 26.4649 -11.7628 7
      vertex 27.2144 -12.0871 7
    endloop
  endfacet
  facet normal 0.612872 -0.790182 0
    outer loop
      vertex 39.6412 -10.5172 7
      vertex 40.2865 -10.0167 13
      vertex 39.6412 -10.5172 13
    endloop
  endfacet
  facet normal 0.612872 -0.790182 0
    outer loop
      vertex 40.2865 -10.0167 13
      vertex 39.6412 -10.5172 7
      vertex 40.2865 -10.0167 7
    endloop
  endfacet
  facet normal 0.860755 0.50902 0
    outer loop
      vertex 43.392 6.2628 13
      vertex 42.9763 6.96575 7
      vertex 42.9763 6.96575 13
    endloop
  endfacet
  facet normal 0.860755 0.50902 0
    outer loop
      vertex 42.9763 6.96575 7
      vertex 43.392 6.2628 13
      vertex 43.392 6.2628 7
    endloop
  endfacet
  facet normal 0.397109 0.917771 -0
    outer loop
      vertex 37.5351 11.7628 7
      vertex 36.7856 12.0871 13
      vertex 37.5351 11.7628 13
    endloop
  endfacet
  facet normal 0.397109 0.917771 0
    outer loop
      vertex 36.7856 12.0871 13
      vertex 37.5351 11.7628 7
      vertex 36.7856 12.0871 7
    endloop
  endfacet
  facet normal 0.0940463 0.995568 -0
    outer loop
      vertex 33.6293 12.8975 7
      vertex 32.8163 12.9743 13
      vertex 33.6293 12.8975 13
    endloop
  endfacet
  facet normal 0.0940463 0.995568 0
    outer loop
      vertex 32.8163 12.9743 13
      vertex 33.6293 12.8975 7
      vertex 32.8163 12.9743 7
    endloop
  endfacet
  facet normal 0.397109 -0.917771 0
    outer loop
      vertex 36.7856 -12.0871 7
      vertex 37.5351 -11.7628 13
      vertex 36.7856 -12.0871 13
    endloop
  endfacet
  facet normal 0.397109 -0.917771 0
    outer loop
      vertex 37.5351 -11.7628 13
      vertex 36.7856 -12.0871 7
      vertex 37.5351 -11.7628 7
    endloop
  endfacet
  facet normal 0.0940463 -0.995568 0
    outer loop
      vertex 32.8163 -12.9743 7
      vertex 33.6293 -12.8975 13
      vertex 32.8163 -12.9743 13
    endloop
  endfacet
  facet normal 0.0940463 -0.995568 0
    outer loop
      vertex 33.6293 -12.8975 13
      vertex 32.8163 -12.9743 7
      vertex 33.6293 -12.8975 7
    endloop
  endfacet
  facet normal -0.66188 -0.749609 0
    outer loop
      vertex 23.1191 -9.49266 10
      vertex 23.1009 -9.47659 13
      vertex 23.1009 -9.47659 10
    endloop
  endfacet
  facet normal -0.661333 -0.750093 5.90997e-06
    outer loop
      vertex 23.1009 -9.47659 13
      vertex 23.1191 -9.49266 10
      vertex 23.7135 -10.0167 13
    endloop
  endfacet
  facet normal -0.661316 -0.750107 0
    outer loop
      vertex 23.7135 -10.0167 7
      vertex 23.1191 -9.49266 10
      vertex 23.1191 -9.49266 7
    endloop
  endfacet
  facet normal -0.661316 -0.750107 0
    outer loop
      vertex 23.1191 -9.49266 10
      vertex 23.7135 -10.0167 7
      vertex 23.7135 -10.0167 13
    endloop
  endfacet
  facet normal 0.661333 0.750093 -0
    outer loop
      vertex 40.8991 9.47659 7
      vertex 40.2865 10.0167 13
      vertex 40.8991 9.47659 13
    endloop
  endfacet
  facet normal 0.661333 0.750093 0
    outer loop
      vertex 40.2865 10.0167 13
      vertex 40.8991 9.47659 7
      vertex 40.2865 10.0167 7
    endloop
  endfacet
  facet normal -0.397109 0.917771 0
    outer loop
      vertex 27.2144 12.0871 7
      vertex 26.4649 11.7628 13
      vertex 27.2144 12.0871 13
    endloop
  endfacet
  facet normal -0.397109 0.917771 0
    outer loop
      vertex 26.4649 11.7628 13
      vertex 27.2144 12.0871 7
      vertex 26.4649 11.7628 7
    endloop
  endfacet
  facet normal -0.750099 -0.661326 0
    outer loop
      vertex 22.5234 -8.89911 10
      vertex 21.9833 -8.28651 13
      vertex 21.9833 -8.28651 10
    endloop
  endfacet
  facet normal -0.750099 -0.661326 0
    outer loop
      vertex 21.9833 -8.28651 13
      vertex 22.5234 -8.89911 10
      vertex 22.5234 -8.89911 13
    endloop
  endfacet
  facet normal -0.999505 -0.0314688 0
    outer loop
      vertex 19.0257 -0.816277 10
      vertex 19 0 13
      vertex 19 0 10
    endloop
  endfacet
  facet normal -0.999505 -0.0314688 0
    outer loop
      vertex 19 0 13
      vertex 19.0257 -0.816277 10
      vertex 19.0257 -0.816277 13
    endloop
  endfacet
  facet normal 0.454008 0.890997 -0
    outer loop
      vertex 38.2628 11.392 7
      vertex 37.5351 11.7628 13
      vertex 38.2628 11.392 13
    endloop
  endfacet
  facet normal 0.454008 0.890997 0
    outer loop
      vertex 37.5351 11.7628 13
      vertex 38.2628 11.392 7
      vertex 37.5351 11.7628 7
    endloop
  endfacet
  facet normal -0.975931 0.218082 0
    outer loop
      vertex 19.2303 2.43596 10
      vertex 19.4084 3.23297 13
      vertex 19.4084 3.23297 10
    endloop
  endfacet
  facet normal -0.975931 0.218082 0
    outer loop
      vertex 19.4084 3.23297 13
      vertex 19.2303 2.43596 10
      vertex 19.2303 2.43596 13
    endloop
  endfacet
  facet normal -0.509047 0.860739 0
    outer loop
      vertex 25.7372 11.392 7
      vertex 25.0343 10.9763 13
      vertex 25.7372 11.392 13
    endloop
  endfacet
  facet normal -0.509047 0.860739 0
    outer loop
      vertex 25.0343 10.9763 13
      vertex 25.7372 11.392 7
      vertex 25.0343 10.9763 7
    endloop
  endfacet
  facet normal 0.999505 -0.0314688 0
    outer loop
      vertex 44.9743 -0.816277 13
      vertex 45 0 7
      vertex 45 0 13
    endloop
  endfacet
  facet normal 0.999505 -0.0314688 0
    outer loop
      vertex 45 0 7
      vertex 44.9743 -0.816277 13
      vertex 44.9743 -0.816277 7
    endloop
  endfacet
  facet normal -0.827048 -0.562132 0
    outer loop
      vertex 21.4828 -7.64121 10
      vertex 21.0237 -6.96575 13
      vertex 21.0237 -6.96575 10
    endloop
  endfacet
  facet normal -0.827048 -0.562132 0
    outer loop
      vertex 21.0237 -6.96575 13
      vertex 21.4828 -7.64121 10
      vertex 21.4828 -7.64121 13
    endloop
  endfacet
  facet normal -0.960276 -0.279052 0
    outer loop
      vertex 19.6363 -4.01722 10
      vertex 19.4084 -3.23297 13
      vertex 19.4084 -3.23297 10
    endloop
  endfacet
  facet normal -0.960276 -0.279052 0
    outer loop
      vertex 19.4084 -3.23297 13
      vertex 19.6363 -4.01722 10
      vertex 19.6363 -4.01722 13
    endloop
  endfacet
  facet normal -0.707095 -0.707119 0
    outer loop
      vertex 23.1009 -9.47659 10
      vertex 22.5234 -8.89911 13
      vertex 22.5234 -8.89911 10
    endloop
  endfacet
  facet normal -0.707095 -0.707119 0
    outer loop
      vertex 22.5234 -8.89911 13
      vertex 23.1009 -9.47659 10
      vertex 23.1009 -9.47659 13
    endloop
  endfacet
  facet normal 0.827048 0.562132 0
    outer loop
      vertex 42.9763 6.96575 13
      vertex 42.5172 7.64121 7
      vertex 42.5172 7.64121 13
    endloop
  endfacet
  facet normal 0.827048 0.562132 0
    outer loop
      vertex 42.5172 7.64121 7
      vertex 42.9763 6.96575 13
      vertex 42.9763 6.96575 7
    endloop
  endfacet
  facet normal 0.995568 -0.0940402 0
    outer loop
      vertex 44.8975 -1.62933 13
      vertex 44.9743 -0.816277 7
      vertex 44.9743 -0.816277 13
    endloop
  endfacet
  facet normal 0.995568 -0.0940402 0
    outer loop
      vertex 44.9743 -0.816277 7
      vertex 44.8975 -1.62933 13
      vertex 44.8975 -1.62933 7
    endloop
  endfacet
  facet normal 0.790182 -0.612872 0
    outer loop
      vertex 42.0167 -8.28651 13
      vertex 42.5172 -7.64121 7
      vertex 42.5172 -7.64121 13
    endloop
  endfacet
  facet normal 0.790182 -0.612872 0
    outer loop
      vertex 42.5172 -7.64121 7
      vertex 42.0167 -8.28651 13
      vertex 42.0167 -8.28651 7
    endloop
  endfacet
  facet normal 0.750099 -0.661326 0
    outer loop
      vertex 41.4766 -8.89911 13
      vertex 42.0167 -8.28651 7
      vertex 42.0167 -8.28651 13
    endloop
  endfacet
  facet normal 0.750099 -0.661326 0
    outer loop
      vertex 42.0167 -8.28651 7
      vertex 41.4766 -8.89911 13
      vertex 41.4766 -8.89911 7
    endloop
  endfacet
  facet normal -0.89099 0.454023 0
    outer loop
      vertex 20.2372 5.53513 10
      vertex 20.608 6.2628 13
      vertex 20.608 6.2628 10
    endloop
  endfacet
  facet normal -0.89099 0.454023 0
    outer loop
      vertex 20.608 6.2628 13
      vertex 20.2372 5.53513 10
      vertex 20.2372 5.53513 13
    endloop
  endfacet
  facet normal 0 0 1
    outer loop
      vertex 39.5 0 13
      vertex 45 0 13
      vertex 44.9743 0.816277 13
    endloop
  endfacet
  facet normal 0 0 1
    outer loop
      vertex 39.4852 0.470928 13
      vertex 44.9743 0.816277 13
      vertex 44.8975 1.62933 13
    endloop
  endfacet
  facet normal 0 0 1
    outer loop
      vertex 45 0 13
      vertex 39.5 0 13
      vertex 44.9743 -0.816277 13
    endloop
  endfacet
  facet normal 0 0 1
    outer loop
      vertex 39.4409 0.939999 13
      vertex 44.8975 1.62933 13
      vertex 44.7697 2.43596 13
    endloop
  endfacet
  facet normal -0 0 1
    outer loop
      vertex 39.4852 -0.470928 13
      vertex 44.9743 -0.816277 13
      vertex 39.5 0 13
    endloop
  endfacet
  facet normal 0 0 1
    outer loop
      vertex 39.3672 1.40536 13
      vertex 44.7697 2.43596 13
      vertex 44.5916 3.23297 13
    endloop
  endfacet
  facet normal 0 0 1
    outer loop
      vertex 44.9743 -0.816277 13
      vertex 39.4852 -0.470928 13
      vertex 44.8975 -1.62933 13
    endloop
  endfacet
  facet normal 0 0 1
    outer loop
      vertex 39.2644 1.86517 13
      vertex 44.5916 3.23297 13
      vertex 44.3637 4.01722 13
    endloop
  endfacet
  facet normal -0 0 1
    outer loop
      vertex 39.4409 -0.939999 13
      vertex 44.8975 -1.62933 13
      vertex 39.4852 -0.470928 13
    endloop
  endfacet
  facet normal 0 0 1
    outer loop
      vertex 39.1329 2.31763 13
      vertex 44.3637 4.01722 13
      vertex 44.0871 4.78562 13
    endloop
  endfacet
  facet normal 0 0 1
    outer loop
      vertex 44.8975 -1.62933 13
      vertex 39.4409 -0.939999 13
      vertex 44.7697 -2.43596 13
    endloop
  endfacet
  facet normal 0 0 1
    outer loop
      vertex 38.9733 2.76093 13
      vertex 44.0871 4.78562 13
      vertex 43.7628 5.53513 13
    endloop
  endfacet
  facet normal -0 0 1
    outer loop
      vertex 39.3672 -1.40536 13
      vertex 44.7697 -2.43596 13
      vertex 39.4409 -0.939999 13
    endloop
  endfacet
  facet normal 0 0 1
    outer loop
      vertex 38.7862 3.19334 13
      vertex 43.7628 5.53513 13
      vertex 43.392 6.2628 13
    endloop
  endfacet
  facet normal 0 0 1
    outer loop
      vertex 44.7697 -2.43596 13
      vertex 39.3672 -1.40536 13
      vertex 44.5916 -3.23297 13
    endloop
  endfacet
  facet normal 0 0 1
    outer loop
      vertex 38.5723 3.61315 13
      vertex 43.392 6.2628 13
      vertex 42.9763 6.96575 13
    endloop
  endfacet
  facet normal -0 0 1
    outer loop
      vertex 39.2644 -1.86517 13
      vertex 44.5916 -3.23297 13
      vertex 39.3672 -1.40536 13
    endloop
  endfacet
  facet normal 0 0 1
    outer loop
      vertex 38.3325 4.0187 13
      vertex 42.9763 6.96575 13
      vertex 42.5172 7.64121 13
    endloop
  endfacet
  facet normal 0 0 1
    outer loop
      vertex 44.5916 -3.23297 13
      vertex 39.2644 -1.86517 13
      vertex 44.3637 -4.01722 13
    endloop
  endfacet
  facet normal 0 0 1
    outer loop
      vertex 38.0676 4.40839 13
      vertex 42.5172 7.64121 13
      vertex 42.0167 8.28651 13
    endloop
  endfacet
  facet normal -0 0 1
    outer loop
      vertex 39.1329 -2.31763 13
      vertex 44.3637 -4.01722 13
      vertex 39.2644 -1.86517 13
    endloop
  endfacet
  facet normal 0 0 1
    outer loop
      vertex 37.7788 4.78068 13
      vertex 42.0167 8.28651 13
      vertex 41.4766 8.89911 13
    endloop
  endfacet
  facet normal 0 0 1
    outer loop
      vertex 44.3637 -4.01722 13
      vertex 39.1329 -2.31763 13
      vertex 44.0871 -4.78562 13
    endloop
  endfacet
  facet normal 0 0 1
    outer loop
      vertex 37.4673 5.1341 13
      vertex 41.4766 8.89911 13
      vertex 40.8991 9.47659 13
    endloop
  endfacet
  facet normal -0 0 1
    outer loop
      vertex 38.9733 -2.76093 13
      vertex 44.0871 -4.78562 13
      vertex 39.1329 -2.31763 13
    endloop
  endfacet
  facet normal 0 0 1
    outer loop
      vertex 37.1341 5.46726 13
      vertex 40.8991 9.47659 13
      vertex 40.2865 10.0167 13
    endloop
  endfacet
  facet normal 0 0 1
    outer loop
      vertex 44.0871 -4.78562 13
      vertex 38.9733 -2.76093 13
      vertex 43.7628 -5.53513 13
    endloop
  endfacet
  facet normal 0 0 1
    outer loop
      vertex 36.7807 5.77885 13
      vertex 40.2865 10.0167 13
      vertex 39.6412 10.5172 13
    endloop
  endfacet
  facet normal -0 0 1
    outer loop
      vertex 38.7862 -3.19334 13
      vertex 43.7628 -5.53513 13
      vertex 38.9733 -2.76093 13
    endloop
  endfacet
  facet normal 0 0 1
    outer loop
      vertex 43.7628 -5.53513 13
      vertex 38.7862 -3.19334 13
      vertex 43.392 -6.2628 13
    endloop
  endfacet
  facet normal 0 0 1
    outer loop
      vertex 44.9743 0.816277 13
      vertex 39.4852 0.470928 13
      vertex 39.5 0 13
    endloop
  endfacet
  facet normal 0 0 1
    outer loop
      vertex 44.8975 1.62933 13
      vertex 39.4409 0.939999 13
      vertex 39.4852 0.470928 13
    endloop
  endfacet
  facet normal 0 0 1
    outer loop
      vertex 44.7697 2.43596 13
      vertex 39.3672 1.40536 13
      vertex 39.4409 0.939999 13
    endloop
  endfacet
  facet normal 0 0 1
    outer loop
      vertex 44.5916 3.23297 13
      vertex 39.2644 1.86517 13
      vertex 39.3672 1.40536 13
    endloop
  endfacet
  facet normal 0 0 1
    outer loop
      vertex 44.3637 4.01722 13
      vertex 39.1329 2.31763 13
      vertex 39.2644 1.86517 13
    endloop
  endfacet
  facet normal 0 0 1
    outer loop
      vertex 44.0871 4.78562 13
      vertex 38.9733 2.76093 13
      vertex 39.1329 2.31763 13
    endloop
  endfacet
  facet normal 0 0 1
    outer loop
      vertex 36.4084 6.06763 13
      vertex 39.6412 10.5172 13
      vertex 38.9657 10.9763 13
    endloop
  endfacet
  facet normal 0 0 1
    outer loop
      vertex 43.7628 5.53513 13
      vertex 38.7862 3.19334 13
      vertex 38.9733 2.76093 13
    endloop
  endfacet
  facet normal 0 0 1
    outer loop
      vertex 43.392 6.2628 13
      vertex 38.5723 3.61315 13
      vertex 38.7862 3.19334 13
    endloop
  endfacet
  facet normal 0 0 1
    outer loop
      vertex 42.9763 6.96575 13
      vertex 38.3325 4.0187 13
      vertex 38.5723 3.61315 13
    endloop
  endfacet
  facet normal 0 0 1
    outer loop
      vertex 36.0187 6.33246 13
      vertex 38.9657 10.9763 13
      vertex 38.2628 11.392 13
    endloop
  endfacet
  facet normal 0 0 1
    outer loop
      vertex 42.5172 7.64121 13
      vertex 38.0676 4.40839 13
      vertex 38.3325 4.0187 13
    endloop
  endfacet
  facet normal 0 0 1
    outer loop
      vertex 42.0167 8.28651 13
      vertex 37.7788 4.78068 13
      vertex 38.0676 4.40839 13
    endloop
  endfacet
  facet normal 0 0 1
    outer loop
      vertex 35.6132 6.5723 13
      vertex 38.2628 11.392 13
      vertex 37.5351 11.7628 13
    endloop
  endfacet
  facet normal 0 0 1
    outer loop
      vertex 41.4766 8.89911 13
      vertex 37.4673 5.1341 13
      vertex 37.7788 4.78068 13
    endloop
  endfacet
  facet normal 0 0 1
    outer loop
      vertex 40.8991 9.47659 13
      vertex 37.1341 5.46726 13
      vertex 37.4673 5.1341 13
    endloop
  endfacet
  facet normal 0 0 1
    outer loop
      vertex 35.1933 6.7862 13
      vertex 37.5351 11.7628 13
      vertex 36.7856 12.0871 13
    endloop
  endfacet
  facet normal 0 0 1
    outer loop
      vertex 40.2865 10.0167 13
      vertex 36.7807 5.77885 13
      vertex 37.1341 5.46726 13
    endloop
  endfacet
  facet normal 0 0 1
    outer loop
      vertex 39.6412 10.5172 13
      vertex 36.4084 6.06763 13
      vertex 36.7807 5.77885 13
    endloop
  endfacet
  facet normal 0 0 1
    outer loop
      vertex 38.9657 10.9763 13
      vertex 36.0187 6.33246 13
      vertex 36.4084 6.06763 13
    endloop
  endfacet
  facet normal 0 0 1
    outer loop
      vertex 34.7609 6.97332 13
      vertex 36.7856 12.0871 13
      vertex 36.0172 12.3637 13
    endloop
  endfacet
  facet normal 0 0 1
    outer loop
      vertex 38.2628 11.392 13
      vertex 35.6132 6.5723 13
      vertex 36.0187 6.33246 13
    endloop
  endfacet
  facet normal 0 0 1
    outer loop
      vertex 34.3176 7.13292 13
      vertex 36.0172 12.3637 13
      vertex 35.233 12.5916 13
    endloop
  endfacet
  facet normal 0 0 1
    outer loop
      vertex 37.5351 11.7628 13
      vertex 35.1933 6.7862 13
      vertex 35.6132 6.5723 13
    endloop
  endfacet
  facet normal 0 0 1
    outer loop
      vertex 36.7856 12.0871 13
      vertex 34.7609 6.97332 13
      vertex 35.1933 6.7862 13
    endloop
  endfacet
  facet normal 0 0 1
    outer loop
      vertex 33.8652 7.26437 13
      vertex 35.233 12.5916 13
      vertex 34.436 12.7697 13
    endloop
  endfacet
  facet normal 0 0 1
    outer loop
      vertex 36.0172 12.3637 13
      vertex 34.3176 7.13292 13
      vertex 34.7609 6.97332 13
    endloop
  endfacet
  facet normal 0 0 1
    outer loop
      vertex 35.233 12.5916 13
      vertex 33.8652 7.26437 13
      vertex 34.3176 7.13292 13
    endloop
  endfacet
  facet normal 0 0 1
    outer loop
      vertex 33.4054 7.36715 13
      vertex 34.436 12.7697 13
      vertex 33.6293 12.8975 13
    endloop
  endfacet
  facet normal 0 0 1
    outer loop
      vertex 34.436 12.7697 13
      vertex 33.4054 7.36715 13
      vertex 33.8652 7.26437 13
    endloop
  endfacet
  facet normal 0 0 1
    outer loop
      vertex 33.6293 12.8975 13
      vertex 32.94 7.44086 13
      vertex 33.4054 7.36715 13
    endloop
  endfacet
  facet normal 0 0 1
    outer loop
      vertex 32.8163 12.9743 13
      vertex 32.94 7.44086 13
      vertex 33.6293 12.8975 13
    endloop
  endfacet
  facet normal 0 0 1
    outer loop
      vertex 32.8163 12.9743 13
      vertex 32.4709 7.4852 13
      vertex 32.94 7.44086 13
    endloop
  endfacet
  facet normal 0 0 1
    outer loop
      vertex 32 13 13
      vertex 32.4709 7.4852 13
      vertex 32.8163 12.9743 13
    endloop
  endfacet
  facet normal 0 0 1
    outer loop
      vertex 32 13 13
      vertex 32 7.5 13
      vertex 32.4709 7.4852 13
    endloop
  endfacet
  facet normal 0 0 1
    outer loop
      vertex 32 13 13
      vertex 31.5291 7.4852 13
      vertex 32 7.5 13
    endloop
  endfacet
  facet normal -0 0 1
    outer loop
      vertex 31.1837 12.9743 13
      vertex 31.5291 7.4852 13
      vertex 32 13 13
    endloop
  endfacet
  facet normal 0 0 1
    outer loop
      vertex 31.1837 12.9743 13
      vertex 31.06 7.44086 13
      vertex 31.5291 7.4852 13
    endloop
  endfacet
  facet normal -0 0 1
    outer loop
      vertex 30.3707 12.8975 13
      vertex 31.06 7.44086 13
      vertex 31.1837 12.9743 13
    endloop
  endfacet
  facet normal 0 0 1
    outer loop
      vertex 31.06 7.44086 13
      vertex 30.3707 12.8975 13
      vertex 30.5946 7.36715 13
    endloop
  endfacet
  facet normal -0 0 1
    outer loop
      vertex 29.564 12.7697 13
      vertex 30.5946 7.36715 13
      vertex 30.3707 12.8975 13
    endloop
  endfacet
  facet normal 0 0 1
    outer loop
      vertex 30.5946 7.36715 13
      vertex 29.564 12.7697 13
      vertex 30.1348 7.26437 13
    endloop
  endfacet
  facet normal -0 0 1
    outer loop
      vertex 28.767 12.5916 13
      vertex 30.1348 7.26437 13
      vertex 29.564 12.7697 13
    endloop
  endfacet
  facet normal 0 0 1
    outer loop
      vertex 30.1348 7.26437 13
      vertex 28.767 12.5916 13
      vertex 29.6824 7.13292 13
    endloop
  endfacet
  facet normal -0 0 1
    outer loop
      vertex 27.9828 12.3637 13
      vertex 29.6824 7.13292 13
      vertex 28.767 12.5916 13
    endloop
  endfacet
  facet normal 0 0 1
    outer loop
      vertex 29.6824 7.13292 13
      vertex 27.9828 12.3637 13
      vertex 29.2391 6.97332 13
    endloop
  endfacet
  facet normal -0 0 1
    outer loop
      vertex 27.2144 12.0871 13
      vertex 29.2391 6.97332 13
      vertex 27.9828 12.3637 13
    endloop
  endfacet
  facet normal 0 0 1
    outer loop
      vertex 29.2391 6.97332 13
      vertex 27.2144 12.0871 13
      vertex 28.8067 6.7862 13
    endloop
  endfacet
  facet normal -0 0 1
    outer loop
      vertex 26.4649 11.7628 13
      vertex 28.8067 6.7862 13
      vertex 27.2144 12.0871 13
    endloop
  endfacet
  facet normal 0 0 1
    outer loop
      vertex 28.8067 6.7862 13
      vertex 26.4649 11.7628 13
      vertex 28.3868 6.5723 13
    endloop
  endfacet
  facet normal -0 0 1
    outer loop
      vertex 25.7372 11.392 13
      vertex 28.3868 6.5723 13
      vertex 26.4649 11.7628 13
    endloop
  endfacet
  facet normal 0 0 1
    outer loop
      vertex 28.3868 6.5723 13
      vertex 25.7372 11.392 13
      vertex 27.9813 6.33246 13
    endloop
  endfacet
  facet normal -0 0 1
    outer loop
      vertex 25.0343 10.9763 13
      vertex 27.9813 6.33246 13
      vertex 25.7372 11.392 13
    endloop
  endfacet
  facet normal 0 0 1
    outer loop
      vertex 27.9813 6.33246 13
      vertex 25.0343 10.9763 13
      vertex 27.5916 6.06763 13
    endloop
  endfacet
  facet normal -0 0 1
    outer loop
      vertex 24.3588 10.5172 13
      vertex 27.5916 6.06763 13
      vertex 25.0343 10.9763 13
    endloop
  endfacet
  facet normal 0 0 1
    outer loop
      vertex 27.5916 6.06763 13
      vertex 24.3588 10.5172 13
      vertex 27.2193 5.77885 13
    endloop
  endfacet
  facet normal -0 0 1
    outer loop
      vertex 23.7135 10.0167 13
      vertex 27.2193 5.77885 13
      vertex 24.3588 10.5172 13
    endloop
  endfacet
  facet normal 0 0 1
    outer loop
      vertex 27.2193 5.77885 13
      vertex 23.7135 10.0167 13
      vertex 26.8659 5.46726 13
    endloop
  endfacet
  facet normal -0 0 1
    outer loop
      vertex 23.1009 9.47659 13
      vertex 26.8659 5.46726 13
      vertex 23.7135 10.0167 13
    endloop
  endfacet
  facet normal 0 0 1
    outer loop
      vertex 26.8659 5.46726 13
      vertex 23.1009 9.47659 13
      vertex 26.5327 5.1341 13
    endloop
  endfacet
  facet normal -0 0 1
    outer loop
      vertex 22.5234 8.89911 13
      vertex 26.5327 5.1341 13
      vertex 23.1009 9.47659 13
    endloop
  endfacet
  facet normal 0 0 1
    outer loop
      vertex 26.5327 5.1341 13
      vertex 22.5234 8.89911 13
      vertex 26.2211 4.78068 13
    endloop
  endfacet
  facet normal -0 0 1
    outer loop
      vertex 21.9833 8.28651 13
      vertex 26.2211 4.78068 13
      vertex 22.5234 8.89911 13
    endloop
  endfacet
  facet normal 0 0 1
    outer loop
      vertex 26.2211 4.78068 13
      vertex 21.9833 8.28651 13
      vertex 25.9324 4.40839 13
    endloop
  endfacet
  facet normal -0 0 1
    outer loop
      vertex 21.4828 7.64121 13
      vertex 25.9324 4.40839 13
      vertex 21.9833 8.28651 13
    endloop
  endfacet
  facet normal 0 0 1
    outer loop
      vertex 25.9324 4.40839 13
      vertex 21.4828 7.64121 13
      vertex 25.6675 4.0187 13
    endloop
  endfacet
  facet normal -0 0 1
    outer loop
      vertex 21.0237 6.96575 13
      vertex 25.6675 4.0187 13
      vertex 21.4828 7.64121 13
    endloop
  endfacet
  facet normal 0 0 1
    outer loop
      vertex 25.6675 4.0187 13
      vertex 21.0237 6.96575 13
      vertex 25.4277 3.61315 13
    endloop
  endfacet
  facet normal 0 0 1
    outer loop
      vertex 25.4277 3.61315 13
      vertex 20.608 6.2628 13
      vertex 25.2138 3.19334 13
    endloop
  endfacet
  facet normal -0 0 1
    outer loop
      vertex 20.608 6.2628 13
      vertex 25.4277 3.61315 13
      vertex 21.0237 6.96575 13
    endloop
  endfacet
  facet normal -0 0 1
    outer loop
      vertex 38.5723 -3.61315 13
      vertex 43.392 -6.2628 13
      vertex 38.7862 -3.19334 13
    endloop
  endfacet
  facet normal 0 0 1
    outer loop
      vertex 43.392 -6.2628 13
      vertex 38.5723 -3.61315 13
      vertex 42.9763 -6.96575 13
    endloop
  endfacet
  facet normal -0 0 1
    outer loop
      vertex 38.3325 -4.0187 13
      vertex 42.9763 -6.96575 13
      vertex 38.5723 -3.61315 13
    endloop
  endfacet
  facet normal 0 0 1
    outer loop
      vertex 42.9763 -6.96575 13
      vertex 38.3325 -4.0187 13
      vertex 42.5172 -7.64121 13
    endloop
  endfacet
  facet normal -0 0 1
    outer loop
      vertex 38.0676 -4.40839 13
      vertex 42.5172 -7.64121 13
      vertex 38.3325 -4.0187 13
    endloop
  endfacet
  facet normal 0 0 1
    outer loop
      vertex 42.5172 -7.64121 13
      vertex 38.0676 -4.40839 13
      vertex 42.0167 -8.28651 13
    endloop
  endfacet
  facet normal -0 0 1
    outer loop
      vertex 37.7788 -4.78068 13
      vertex 42.0167 -8.28651 13
      vertex 38.0676 -4.40839 13
    endloop
  endfacet
  facet normal 0 0 1
    outer loop
      vertex 42.0167 -8.28651 13
      vertex 37.7788 -4.78068 13
      vertex 41.4766 -8.89911 13
    endloop
  endfacet
  facet normal -0 0 1
    outer loop
      vertex 37.4673 -5.1341 13
      vertex 41.4766 -8.89911 13
      vertex 37.7788 -4.78068 13
    endloop
  endfacet
  facet normal 0 0 1
    outer loop
      vertex 41.4766 -8.89911 13
      vertex 37.4673 -5.1341 13
      vertex 40.8991 -9.47659 13
    endloop
  endfacet
  facet normal -0 0 1
    outer loop
      vertex 37.1341 -5.46726 13
      vertex 40.8991 -9.47659 13
      vertex 37.4673 -5.1341 13
    endloop
  endfacet
  facet normal 0 0 1
    outer loop
      vertex 40.8991 -9.47659 13
      vertex 37.1341 -5.46726 13
      vertex 40.2865 -10.0167 13
    endloop
  endfacet
  facet normal -0 0 1
    outer loop
      vertex 36.7807 -5.77885 13
      vertex 40.2865 -10.0167 13
      vertex 37.1341 -5.46726 13
    endloop
  endfacet
  facet normal 0 0 1
    outer loop
      vertex 40.2865 -10.0167 13
      vertex 36.7807 -5.77885 13
      vertex 39.6412 -10.5172 13
    endloop
  endfacet
  facet normal -0 0 1
    outer loop
      vertex 36.4084 -6.06763 13
      vertex 39.6412 -10.5172 13
      vertex 36.7807 -5.77885 13
    endloop
  endfacet
  facet normal 0 0 1
    outer loop
      vertex 39.6412 -10.5172 13
      vertex 36.4084 -6.06763 13
      vertex 38.9657 -10.9763 13
    endloop
  endfacet
  facet normal -0 0 1
    outer loop
      vertex 36.0187 -6.33246 13
      vertex 38.9657 -10.9763 13
      vertex 36.4084 -6.06763 13
    endloop
  endfacet
  facet normal 0 0 1
    outer loop
      vertex 38.9657 -10.9763 13
      vertex 36.0187 -6.33246 13
      vertex 38.2628 -11.392 13
    endloop
  endfacet
  facet normal -0 0 1
    outer loop
      vertex 35.6132 -6.5723 13
      vertex 38.2628 -11.392 13
      vertex 36.0187 -6.33246 13
    endloop
  endfacet
  facet normal 0 0 1
    outer loop
      vertex 38.2628 -11.392 13
      vertex 35.6132 -6.5723 13
      vertex 37.5351 -11.7628 13
    endloop
  endfacet
  facet normal -0 0 1
    outer loop
      vertex 35.1933 -6.7862 13
      vertex 37.5351 -11.7628 13
      vertex 35.6132 -6.5723 13
    endloop
  endfacet
  facet normal 0 0 1
    outer loop
      vertex 37.5351 -11.7628 13
      vertex 35.1933 -6.7862 13
      vertex 36.7856 -12.0871 13
    endloop
  endfacet
  facet normal -0 0 1
    outer loop
      vertex 34.7609 -6.97332 13
      vertex 36.7856 -12.0871 13
      vertex 35.1933 -6.7862 13
    endloop
  endfacet
  facet normal 0 0 1
    outer loop
      vertex 36.7856 -12.0871 13
      vertex 34.7609 -6.97332 13
      vertex 36.0172 -12.3637 13
    endloop
  endfacet
  facet normal -0 0 1
    outer loop
      vertex 34.3176 -7.13292 13
      vertex 36.0172 -12.3637 13
      vertex 34.7609 -6.97332 13
    endloop
  endfacet
  facet normal 0 0 1
    outer loop
      vertex 36.0172 -12.3637 13
      vertex 34.3176 -7.13292 13
      vertex 35.233 -12.5916 13
    endloop
  endfacet
  facet normal -0 0 1
    outer loop
      vertex 33.8652 -7.26437 13
      vertex 35.233 -12.5916 13
      vertex 34.3176 -7.13292 13
    endloop
  endfacet
  facet normal 0 0 1
    outer loop
      vertex 35.233 -12.5916 13
      vertex 33.8652 -7.26437 13
      vertex 34.436 -12.7697 13
    endloop
  endfacet
  facet normal -0 0 1
    outer loop
      vertex 33.4054 -7.36715 13
      vertex 34.436 -12.7697 13
      vertex 33.8652 -7.26437 13
    endloop
  endfacet
  facet normal 0 0 1
    outer loop
      vertex 34.436 -12.7697 13
      vertex 33.4054 -7.36715 13
      vertex 33.6293 -12.8975 13
    endloop
  endfacet
  facet normal -0 0 1
    outer loop
      vertex 32.94 -7.44086 13
      vertex 33.6293 -12.8975 13
      vertex 33.4054 -7.36715 13
    endloop
  endfacet
  facet normal 0 0 1
    outer loop
      vertex 32.94 -7.44086 13
      vertex 32.8163 -12.9743 13
      vertex 33.6293 -12.8975 13
    endloop
  endfacet
  facet normal -0 0 1
    outer loop
      vertex 32.4709 -7.4852 13
      vertex 32.8163 -12.9743 13
      vertex 32.94 -7.44086 13
    endloop
  endfacet
  facet normal -0 0 1
    outer loop
      vertex 32 -7.5 13
      vertex 32.8163 -12.9743 13
      vertex 32.4709 -7.4852 13
    endloop
  endfacet
  facet normal 0 0 1
    outer loop
      vertex 32 -7.5 13
      vertex 32 -13 13
      vertex 32.8163 -12.9743 13
    endloop
  endfacet
  facet normal 0 0 1
    outer loop
      vertex 31.5291 -7.4852 13
      vertex 32 -13 13
      vertex 32 -7.5 13
    endloop
  endfacet
  facet normal 0 0 1
    outer loop
      vertex 31.5291 -7.4852 13
      vertex 31.1837 -12.9743 13
      vertex 32 -13 13
    endloop
  endfacet
  facet normal 0 0 1
    outer loop
      vertex 31.06 -7.44086 13
      vertex 31.1837 -12.9743 13
      vertex 31.5291 -7.4852 13
    endloop
  endfacet
  facet normal 0 0 1
    outer loop
      vertex 30.3707 -12.8975 13
      vertex 31.06 -7.44086 13
      vertex 30.5946 -7.36715 13
    endloop
  endfacet
  facet normal 0 0 1
    outer loop
      vertex 31.06 -7.44086 13
      vertex 30.3707 -12.8975 13
      vertex 31.1837 -12.9743 13
    endloop
  endfacet
  facet normal 0 0 1
    outer loop
      vertex 29.564 -12.7697 13
      vertex 30.5946 -7.36715 13
      vertex 30.1348 -7.26437 13
    endloop
  endfacet
  facet normal 0 0 1
    outer loop
      vertex 28.767 -12.5916 13
      vertex 30.1348 -7.26437 13
      vertex 29.6824 -7.13292 13
    endloop
  endfacet
  facet normal 0 0 1
    outer loop
      vertex 30.5946 -7.36715 13
      vertex 29.564 -12.7697 13
      vertex 30.3707 -12.8975 13
    endloop
  endfacet
  facet normal 0 0 1
    outer loop
      vertex 27.9828 -12.3637 13
      vertex 29.6824 -7.13292 13
      vertex 29.2391 -6.97332 13
    endloop
  endfacet
  facet normal 0 0 1
    outer loop
      vertex 27.2144 -12.0871 13
      vertex 29.2391 -6.97332 13
      vertex 28.8067 -6.7862 13
    endloop
  endfacet
  facet normal 0 0 1
    outer loop
      vertex 30.1348 -7.26437 13
      vertex 28.767 -12.5916 13
      vertex 29.564 -12.7697 13
    endloop
  endfacet
  facet normal 0 0 1
    outer loop
      vertex 26.4649 -11.7628 13
      vertex 28.8067 -6.7862 13
      vertex 28.3868 -6.5723 13
    endloop
  endfacet
  facet normal 0 0 1
    outer loop
      vertex 29.6824 -7.13292 13
      vertex 27.9828 -12.3637 13
      vertex 28.767 -12.5916 13
    endloop
  endfacet
  facet normal 0 0 1
    outer loop
      vertex 25.7372 -11.392 13
      vertex 28.3868 -6.5723 13
      vertex 27.9813 -6.33246 13
    endloop
  endfacet
  facet normal 0 0 1
    outer loop
      vertex 25.0343 -10.9763 13
      vertex 27.9813 -6.33246 13
      vertex 27.5916 -6.06763 13
    endloop
  endfacet
  facet normal 0 0 1
    outer loop
      vertex 24.3588 -10.5172 13
      vertex 27.5916 -6.06763 13
      vertex 27.2193 -5.77885 13
    endloop
  endfacet
  facet normal 0 0 1
    outer loop
      vertex 29.2391 -6.97332 13
      vertex 27.2144 -12.0871 13
      vertex 27.9828 -12.3637 13
    endloop
  endfacet
  facet normal 0 0 1
    outer loop
      vertex 23.7135 -10.0167 13
      vertex 27.2193 -5.77885 13
      vertex 26.8659 -5.46726 13
    endloop
  endfacet
  facet normal 0 0 1
    outer loop
      vertex 23.1009 -9.47659 13
      vertex 26.8659 -5.46726 13
      vertex 26.5327 -5.1341 13
    endloop
  endfacet
  facet normal 0 0 1
    outer loop
      vertex 28.8067 -6.7862 13
      vertex 26.4649 -11.7628 13
      vertex 27.2144 -12.0871 13
    endloop
  endfacet
  facet normal 0 0 1
    outer loop
      vertex 22.5234 -8.89911 13
      vertex 26.5327 -5.1341 13
      vertex 26.2211 -4.78068 13
    endloop
  endfacet
  facet normal 0 0 1
    outer loop
      vertex 21.9833 -8.28651 13
      vertex 26.2211 -4.78068 13
      vertex 25.9324 -4.40839 13
    endloop
  endfacet
  facet normal 0 0 1
    outer loop
      vertex 28.3868 -6.5723 13
      vertex 25.7372 -11.392 13
      vertex 26.4649 -11.7628 13
    endloop
  endfacet
  facet normal 0 0 1
    outer loop
      vertex 21.4828 -7.64121 13
      vertex 25.9324 -4.40839 13
      vertex 25.6675 -4.0187 13
    endloop
  endfacet
  facet normal 0 0 1
    outer loop
      vertex 21.0237 -6.96575 13
      vertex 25.6675 -4.0187 13
      vertex 25.4277 -3.61315 13
    endloop
  endfacet
  facet normal 0 0 1
    outer loop
      vertex 20.608 -6.2628 13
      vertex 25.4277 -3.61315 13
      vertex 25.2138 -3.19334 13
    endloop
  endfacet
  facet normal 0 0 1
    outer loop
      vertex 27.9813 -6.33246 13
      vertex 25.0343 -10.9763 13
      vertex 25.7372 -11.392 13
    endloop
  endfacet
  facet normal 0 0 1
    outer loop
      vertex 20.2372 -5.53513 13
      vertex 25.2138 -3.19334 13
      vertex 25.0267 -2.76093 13
    endloop
  endfacet
  facet normal 0 0 1
    outer loop
      vertex 19.9129 -4.78562 13
      vertex 25.0267 -2.76093 13
      vertex 24.8671 -2.31763 13
    endloop
  endfacet
  facet normal 0 0 1
    outer loop
      vertex 19.6363 -4.01722 13
      vertex 24.8671 -2.31763 13
      vertex 24.7356 -1.86517 13
    endloop
  endfacet
  facet normal 0 0 1
    outer loop
      vertex 19.4084 -3.23297 13
      vertex 24.7356 -1.86517 13
      vertex 24.6328 -1.40536 13
    endloop
  endfacet
  facet normal 0 0 1
    outer loop
      vertex 19.2303 -2.43596 13
      vertex 24.6328 -1.40536 13
      vertex 24.5591 -0.939999 13
    endloop
  endfacet
  facet normal 0 0 1
    outer loop
      vertex 19.1025 -1.62933 13
      vertex 24.5591 -0.939999 13
      vertex 24.5148 -0.470928 13
    endloop
  endfacet
  facet normal 0 0 1
    outer loop
      vertex 27.5916 -6.06763 13
      vertex 24.3588 -10.5172 13
      vertex 25.0343 -10.9763 13
    endloop
  endfacet
  facet normal 0 0 1
    outer loop
      vertex 19.0257 -0.816277 13
      vertex 24.5148 -0.470928 13
      vertex 24.5 0 13
    endloop
  endfacet
  facet normal -0 0 1
    outer loop
      vertex 20.2372 5.53513 13
      vertex 25.2138 3.19334 13
      vertex 20.608 6.2628 13
    endloop
  endfacet
  facet normal 0 0 1
    outer loop
      vertex 25.2138 3.19334 13
      vertex 20.2372 5.53513 13
      vertex 25.0267 2.76093 13
    endloop
  endfacet
  facet normal 0 0 1
    outer loop
      vertex 27.2193 -5.77885 13
      vertex 23.7135 -10.0167 13
      vertex 24.3588 -10.5172 13
    endloop
  endfacet
  facet normal -0 0 1
    outer loop
      vertex 19.9129 4.78562 13
      vertex 25.0267 2.76093 13
      vertex 20.2372 5.53513 13
    endloop
  endfacet
  facet normal 0 0 1
    outer loop
      vertex 26.8659 -5.46726 13
      vertex 23.1009 -9.47659 13
      vertex 23.7135 -10.0167 13
    endloop
  endfacet
  facet normal 0 0 1
    outer loop
      vertex 25.0267 2.76093 13
      vertex 19.9129 4.78562 13
      vertex 24.8671 2.31763 13
    endloop
  endfacet
  facet normal 0 0 1
    outer loop
      vertex 26.5327 -5.1341 13
      vertex 22.5234 -8.89911 13
      vertex 23.1009 -9.47659 13
    endloop
  endfacet
  facet normal -0 0 1
    outer loop
      vertex 19.6363 4.01722 13
      vertex 24.8671 2.31763 13
      vertex 19.9129 4.78562 13
    endloop
  endfacet
  facet normal 0 0 1
    outer loop
      vertex 26.2211 -4.78068 13
      vertex 21.9833 -8.28651 13
      vertex 22.5234 -8.89911 13
    endloop
  endfacet
  facet normal 0 0 1
    outer loop
      vertex 24.8671 2.31763 13
      vertex 19.6363 4.01722 13
      vertex 24.7356 1.86517 13
    endloop
  endfacet
  facet normal 0 0 1
    outer loop
      vertex 25.9324 -4.40839 13
      vertex 21.4828 -7.64121 13
      vertex 21.9833 -8.28651 13
    endloop
  endfacet
  facet normal -0 0 1
    outer loop
      vertex 19.4084 3.23297 13
      vertex 24.7356 1.86517 13
      vertex 19.6363 4.01722 13
    endloop
  endfacet
  facet normal 0 0 1
    outer loop
      vertex 25.6675 -4.0187 13
      vertex 21.0237 -6.96575 13
      vertex 21.4828 -7.64121 13
    endloop
  endfacet
  facet normal 0 0 1
    outer loop
      vertex 24.7356 1.86517 13
      vertex 19.4084 3.23297 13
      vertex 24.6328 1.40536 13
    endloop
  endfacet
  facet normal 0 0 1
    outer loop
      vertex 25.4277 -3.61315 13
      vertex 20.608 -6.2628 13
      vertex 21.0237 -6.96575 13
    endloop
  endfacet
  facet normal -0 0 1
    outer loop
      vertex 19.2303 2.43596 13
      vertex 24.6328 1.40536 13
      vertex 19.4084 3.23297 13
    endloop
  endfacet
  facet normal 0 0 1
    outer loop
      vertex 25.2138 -3.19334 13
      vertex 20.2372 -5.53513 13
      vertex 20.608 -6.2628 13
    endloop
  endfacet
  facet normal 0 0 1
    outer loop
      vertex 24.6328 1.40536 13
      vertex 19.2303 2.43596 13
      vertex 24.5591 0.939999 13
    endloop
  endfacet
  facet normal 0 0 1
    outer loop
      vertex 25.0267 -2.76093 13
      vertex 19.9129 -4.78562 13
      vertex 20.2372 -5.53513 13
    endloop
  endfacet
  facet normal -0 0 1
    outer loop
      vertex 19.1025 1.62933 13
      vertex 24.5591 0.939999 13
      vertex 19.2303 2.43596 13
    endloop
  endfacet
  facet normal 0 0 1
    outer loop
      vertex 24.8671 -2.31763 13
      vertex 19.6363 -4.01722 13
      vertex 19.9129 -4.78562 13
    endloop
  endfacet
  facet normal 0 0 1
    outer loop
      vertex 24.5591 0.939999 13
      vertex 19.1025 1.62933 13
      vertex 24.5148 0.470928 13
    endloop
  endfacet
  facet normal 0 0 1
    outer loop
      vertex 24.7356 -1.86517 13
      vertex 19.4084 -3.23297 13
      vertex 19.6363 -4.01722 13
    endloop
  endfacet
  facet normal -0 0 1
    outer loop
      vertex 19.0257 0.816277 13
      vertex 24.5148 0.470928 13
      vertex 19.1025 1.62933 13
    endloop
  endfacet
  facet normal 0 0 1
    outer loop
      vertex 24.6328 -1.40536 13
      vertex 19.2303 -2.43596 13
      vertex 19.4084 -3.23297 13
    endloop
  endfacet
  facet normal 0 0 1
    outer loop
      vertex 24.5148 0.470928 13
      vertex 19.0257 0.816277 13
      vertex 24.5 0 13
    endloop
  endfacet
  facet normal 0 0 1
    outer loop
      vertex 24.5591 -0.939999 13
      vertex 19.1025 -1.62933 13
      vertex 19.2303 -2.43596 13
    endloop
  endfacet
  facet normal 0 0 1
    outer loop
      vertex 19 0 13
      vertex 24.5 0 13
      vertex 19.0257 0.816277 13
    endloop
  endfacet
  facet normal 0 0 1
    outer loop
      vertex 24.5148 -0.470928 13
      vertex 19.0257 -0.816277 13
      vertex 19.1025 -1.62933 13
    endloop
  endfacet
  facet normal 0 0 1
    outer loop
      vertex 24.5 0 13
      vertex 19 0 13
      vertex 19.0257 -0.816277 13
    endloop
  endfacet
  facet normal 0.975931 0.218082 0
    outer loop
      vertex 44.7697 2.43596 13
      vertex 44.5916 3.23297 7
      vertex 44.5916 3.23297 13
    endloop
  endfacet
  facet normal 0.975931 0.218082 0
    outer loop
      vertex 44.5916 3.23297 7
      vertex 44.7697 2.43596 13
      vertex 44.7697 2.43596 7
    endloop
  endfacet
  facet normal -0.790182 0.612872 0
    outer loop
      vertex 21.4828 7.64121 10
      vertex 21.9833 8.28651 13
      vertex 21.9833 8.28651 10
    endloop
  endfacet
  facet normal -0.790182 0.612872 0
    outer loop
      vertex 21.9833 8.28651 13
      vertex 21.4828 7.64121 10
      vertex 21.4828 7.64121 13
    endloop
  endfacet
  facet normal -0.279069 0.960271 0
    outer loop
      vertex 28.767 12.5916 7
      vertex 27.9828 12.3637 13
      vertex 28.767 12.5916 13
    endloop
  endfacet
  facet normal -0.279069 0.960271 0
    outer loop
      vertex 27.9828 12.3637 13
      vertex 28.767 12.5916 7
      vertex 27.9828 12.3637 7
    endloop
  endfacet
  facet normal 0.218084 0.97593 -0
    outer loop
      vertex 35.233 12.5916 7
      vertex 34.436 12.7697 13
      vertex 35.233 12.5916 13
    endloop
  endfacet
  facet normal 0.218084 0.97593 0
    outer loop
      vertex 34.436 12.7697 13
      vertex 35.233 12.5916 7
      vertex 34.436 12.7697 7
    endloop
  endfacet
  facet normal 0.89099 0.454023 0
    outer loop
      vertex 43.7628 5.53513 13
      vertex 43.392 6.2628 7
      vertex 43.392 6.2628 13
    endloop
  endfacet
  facet normal 0.89099 0.454023 0
    outer loop
      vertex 43.392 6.2628 7
      vertex 43.7628 5.53513 13
      vertex 43.7628 5.53513 7
    endloop
  endfacet
  facet normal -0.509047 -0.860739 0
    outer loop
      vertex 25.0343 -10.9763 7
      vertex 25.7372 -11.392 13
      vertex 25.0343 -10.9763 13
    endloop
  endfacet
  facet normal -0.509047 -0.860739 -0
    outer loop
      vertex 25.7372 -11.392 13
      vertex 25.0343 -10.9763 7
      vertex 25.7372 -11.392 7
    endloop
  endfacet
  facet normal -0.750099 0.661326 0
    outer loop
      vertex 21.9833 8.28651 10
      vertex 22.5234 8.89911 13
      vertex 22.5234 8.89911 10
    endloop
  endfacet
  facet normal -0.750099 0.661326 0
    outer loop
      vertex 22.5234 8.89911 13
      vertex 21.9833 8.28651 10
      vertex 21.9833 8.28651 13
    endloop
  endfacet
  facet normal 0.89099 -0.454023 0
    outer loop
      vertex 43.392 -6.2628 13
      vertex 43.7628 -5.53513 7
      vertex 43.7628 -5.53513 13
    endloop
  endfacet
  facet normal 0.89099 -0.454023 0
    outer loop
      vertex 43.7628 -5.53513 7
      vertex 43.392 -6.2628 13
      vertex 43.392 -6.2628 7
    endloop
  endfacet
  facet normal 0.338693 0.940897 -0
    outer loop
      vertex 36.7856 12.0871 7
      vertex 36.0172 12.3637 13
      vertex 36.7856 12.0871 13
    endloop
  endfacet
  facet normal 0.338693 0.940897 0
    outer loop
      vertex 36.0172 12.3637 13
      vertex 36.7856 12.0871 7
      vertex 36.0172 12.3637 7
    endloop
  endfacet
  facet normal -0.156472 -0.987682 0
    outer loop
      vertex 29.564 -12.7697 7
      vertex 30.3707 -12.8975 13
      vertex 29.564 -12.7697 13
    endloop
  endfacet
  facet normal -0.156472 -0.987682 -0
    outer loop
      vertex 30.3707 -12.8975 13
      vertex 29.564 -12.7697 7
      vertex 30.3707 -12.8975 7
    endloop
  endfacet
  facet normal -0.827048 0.562132 0
    outer loop
      vertex 21.0237 6.96575 10
      vertex 21.4828 7.64121 13
      vertex 21.4828 7.64121 10
    endloop
  endfacet
  facet normal -0.827048 0.562132 0
    outer loop
      vertex 21.4828 7.64121 13
      vertex 21.0237 6.96575 10
      vertex 21.0237 6.96575 13
    endloop
  endfacet
  facet normal 0.98768 -0.156485 0
    outer loop
      vertex 44.7697 -2.43596 13
      vertex 44.8975 -1.62933 7
      vertex 44.8975 -1.62933 13
    endloop
  endfacet
  facet normal 0.98768 -0.156485 0
    outer loop
      vertex 44.8975 -1.62933 7
      vertex 44.7697 -2.43596 13
      vertex 44.7697 -2.43596 7
    endloop
  endfacet
  facet normal -0.562109 0.827063 0
    outer loop
      vertex 25.0343 10.9763 7
      vertex 24.3588 10.5172 13
      vertex 25.0343 10.9763 13
    endloop
  endfacet
  facet normal -0.562109 0.827063 0
    outer loop
      vertex 24.3588 10.5172 13
      vertex 25.0343 10.9763 7
      vertex 24.3588 10.5172 7
    endloop
  endfacet
  facet normal -0.156472 0.987682 0
    outer loop
      vertex 30.3707 12.8975 7
      vertex 29.564 12.7697 13
      vertex 30.3707 12.8975 13
    endloop
  endfacet
  facet normal -0.156472 0.987682 0
    outer loop
      vertex 29.564 12.7697 13
      vertex 30.3707 12.8975 7
      vertex 29.564 12.7697 7
    endloop
  endfacet
  facet normal -0.98768 -0.156485 0
    outer loop
      vertex 19.2303 -2.43596 10
      vertex 19.1025 -1.62933 13
      vertex 19.1025 -1.62933 10
    endloop
  endfacet
  facet normal -0.98768 -0.156485 0
    outer loop
      vertex 19.1025 -1.62933 13
      vertex 19.2303 -2.43596 10
      vertex 19.2303 -2.43596 13
    endloop
  endfacet
  facet normal 0.917773 -0.397105 0
    outer loop
      vertex 43.7628 -5.53513 13
      vertex 44.0871 -4.78562 7
      vertex 44.0871 -4.78562 13
    endloop
  endfacet
  facet normal 0.917773 -0.397105 0
    outer loop
      vertex 44.0871 -4.78562 7
      vertex 43.7628 -5.53513 13
      vertex 43.7628 -5.53513 7
    endloop
  endfacet
  facet normal -0.338693 -0.940897 0
    outer loop
      vertex 27.2144 -12.0871 7
      vertex 27.9828 -12.3637 13
      vertex 27.2144 -12.0871 13
    endloop
  endfacet
  facet normal -0.338693 -0.940897 -0
    outer loop
      vertex 27.9828 -12.3637 13
      vertex 27.2144 -12.0871 7
      vertex 27.9828 -12.3637 7
    endloop
  endfacet
  facet normal 0.860755 -0.50902 0
    outer loop
      vertex 42.9763 -6.96575 13
      vertex 43.392 -6.2628 7
      vertex 43.392 -6.2628 13
    endloop
  endfacet
  facet normal 0.860755 -0.50902 0
    outer loop
      vertex 43.392 -6.2628 7
      vertex 42.9763 -6.96575 13
      vertex 42.9763 -6.96575 7
    endloop
  endfacet
  facet normal 0.827048 -0.562132 0
    outer loop
      vertex 42.5172 -7.64121 13
      vertex 42.9763 -6.96575 7
      vertex 42.9763 -6.96575 13
    endloop
  endfacet
  facet normal 0.827048 -0.562132 0
    outer loop
      vertex 42.9763 -6.96575 7
      vertex 42.5172 -7.64121 13
      vertex 42.5172 -7.64121 7
    endloop
  endfacet
  facet normal 0.707095 -0.707119 0
    outer loop
      vertex 40.8991 -9.47659 13
      vertex 41.4766 -8.89911 7
      vertex 41.4766 -8.89911 13
    endloop
  endfacet
  facet normal 0.707095 -0.707119 0
    outer loop
      vertex 41.4766 -8.89911 7
      vertex 40.8991 -9.47659 13
      vertex 40.8991 -9.47659 7
    endloop
  endfacet
  facet normal -0.790182 -0.612872 0
    outer loop
      vertex 21.9833 -8.28651 10
      vertex 21.4828 -7.64121 13
      vertex 21.4828 -7.64121 10
    endloop
  endfacet
  facet normal -0.790182 -0.612872 0
    outer loop
      vertex 21.4828 -7.64121 13
      vertex 21.9833 -8.28651 10
      vertex 21.9833 -8.28651 13
    endloop
  endfacet
  facet normal -0.612872 0.790182 0
    outer loop
      vertex 24.3588 10.5172 7
      vertex 23.7135 10.0167 13
      vertex 24.3588 10.5172 13
    endloop
  endfacet
  facet normal -0.612872 0.790182 0
    outer loop
      vertex 23.7135 10.0167 13
      vertex 24.3588 10.5172 7
      vertex 23.7135 10.0167 7
    endloop
  endfacet
  facet normal 0.750099 0.661326 0
    outer loop
      vertex 42.0167 8.28651 13
      vertex 41.4766 8.89911 7
      vertex 41.4766 8.89911 13
    endloop
  endfacet
  facet normal 0.750099 0.661326 0
    outer loop
      vertex 41.4766 8.89911 7
      vertex 42.0167 8.28651 13
      vertex 42.0167 8.28651 7
    endloop
  endfacet
  facet normal -0.218084 -0.97593 0
    outer loop
      vertex 28.767 -12.5916 7
      vertex 29.564 -12.7697 13
      vertex 28.767 -12.5916 13
    endloop
  endfacet
  facet normal -0.218084 -0.97593 -0
    outer loop
      vertex 29.564 -12.7697 13
      vertex 28.767 -12.5916 7
      vertex 29.564 -12.7697 7
    endloop
  endfacet
  facet normal -0.917773 0.397105 0
    outer loop
      vertex 19.9129 4.78562 10
      vertex 20.2372 5.53513 13
      vertex 20.2372 5.53513 10
    endloop
  endfacet
  facet normal -0.917773 0.397105 0
    outer loop
      vertex 20.2372 5.53513 13
      vertex 19.9129 4.78562 10
      vertex 19.9129 4.78562 13
    endloop
  endfacet
  facet normal 0.218084 -0.97593 0
    outer loop
      vertex 34.436 -12.7697 7
      vertex 35.233 -12.5916 13
      vertex 34.436 -12.7697 13
    endloop
  endfacet
  facet normal 0.218084 -0.97593 0
    outer loop
      vertex 35.233 -12.5916 13
      vertex 34.436 -12.7697 7
      vertex 35.233 -12.5916 7
    endloop
  endfacet
  facet normal 0.156472 -0.987682 0
    outer loop
      vertex 33.6293 -12.8975 7
      vertex 34.436 -12.7697 13
      vertex 33.6293 -12.8975 13
    endloop
  endfacet
  facet normal 0.156472 -0.987682 0
    outer loop
      vertex 34.436 -12.7697 13
      vertex 33.6293 -12.8975 7
      vertex 34.436 -12.7697 7
    endloop
  endfacet
  facet normal 0.279069 -0.960271 0
    outer loop
      vertex 35.233 -12.5916 7
      vertex 36.0172 -12.3637 13
      vertex 35.233 -12.5916 13
    endloop
  endfacet
  facet normal 0.279069 -0.960271 0
    outer loop
      vertex 36.0172 -12.3637 13
      vertex 35.233 -12.5916 7
      vertex 36.0172 -12.3637 7
    endloop
  endfacet
  facet normal -0.940897 -0.338693 0
    outer loop
      vertex 19.9129 -4.78562 10
      vertex 19.6363 -4.01722 13
      vertex 19.6363 -4.01722 10
    endloop
  endfacet
  facet normal -0.940897 -0.338693 0
    outer loop
      vertex 19.6363 -4.01722 13
      vertex 19.9129 -4.78562 10
      vertex 19.9129 -4.78562 13
    endloop
  endfacet
  facet normal -0.89099 -0.454023 0
    outer loop
      vertex 20.608 -6.2628 10
      vertex 20.2372 -5.53513 13
      vertex 20.2372 -5.53513 10
    endloop
  endfacet
  facet normal -0.89099 -0.454023 0
    outer loop
      vertex 20.2372 -5.53513 13
      vertex 20.608 -6.2628 10
      vertex 20.608 -6.2628 13
    endloop
  endfacet
  facet normal -0.0314679 -0.999505 0
    outer loop
      vertex 31.1837 -12.9743 7
      vertex 32 -13 13
      vertex 31.1837 -12.9743 13
    endloop
  endfacet
  facet normal -0.0314679 -0.999505 -0
    outer loop
      vertex 32 -13 13
      vertex 31.1837 -12.9743 7
      vertex 32 -13 7
    endloop
  endfacet
  facet normal 0.454008 -0.890997 0
    outer loop
      vertex 37.5351 -11.7628 7
      vertex 38.2628 -11.392 13
      vertex 37.5351 -11.7628 13
    endloop
  endfacet
  facet normal 0.454008 -0.890997 0
    outer loop
      vertex 38.2628 -11.392 13
      vertex 37.5351 -11.7628 7
      vertex 38.2628 -11.392 7
    endloop
  endfacet
  facet normal -0.98768 0.156485 0
    outer loop
      vertex 19.1025 1.62933 10
      vertex 19.2303 2.43596 13
      vertex 19.2303 2.43596 10
    endloop
  endfacet
  facet normal -0.98768 0.156485 0
    outer loop
      vertex 19.2303 2.43596 13
      vertex 19.1025 1.62933 10
      vertex 19.1025 1.62933 13
    endloop
  endfacet
  facet normal 0.509047 -0.860739 0
    outer loop
      vertex 38.2628 -11.392 7
      vertex 38.9657 -10.9763 13
      vertex 38.2628 -11.392 13
    endloop
  endfacet
  facet normal 0.509047 -0.860739 0
    outer loop
      vertex 38.9657 -10.9763 13
      vertex 38.2628 -11.392 7
      vertex 38.9657 -10.9763 7
    endloop
  endfacet
  facet normal 0.562109 -0.827063 0
    outer loop
      vertex 38.9657 -10.9763 7
      vertex 39.6412 -10.5172 13
      vertex 38.9657 -10.9763 13
    endloop
  endfacet
  facet normal 0.562109 -0.827063 0
    outer loop
      vertex 39.6412 -10.5172 13
      vertex 38.9657 -10.9763 7
      vertex 39.6412 -10.5172 7
    endloop
  endfacet
  facet normal -0.940897 0.338693 0
    outer loop
      vertex 19.6363 4.01722 10
      vertex 19.9129 4.78562 13
      vertex 19.9129 4.78562 10
    endloop
  endfacet
  facet normal -0.940897 0.338693 0
    outer loop
      vertex 19.9129 4.78562 13
      vertex 19.6363 4.01722 10
      vertex 19.6363 4.01722 13
    endloop
  endfacet
  facet normal 0.338693 -0.940897 0
    outer loop
      vertex 36.0172 -12.3637 7
      vertex 36.7856 -12.0871 13
      vertex 36.0172 -12.3637 13
    endloop
  endfacet
  facet normal 0.338693 -0.940897 0
    outer loop
      vertex 36.7856 -12.0871 13
      vertex 36.0172 -12.3637 7
      vertex 36.7856 -12.0871 7
    endloop
  endfacet
  facet normal 0.156472 0.987682 -0
    outer loop
      vertex 34.436 12.7697 7
      vertex 33.6293 12.8975 13
      vertex 34.436 12.7697 13
    endloop
  endfacet
  facet normal 0.156472 0.987682 0
    outer loop
      vertex 33.6293 12.8975 13
      vertex 34.436 12.7697 7
      vertex 33.6293 12.8975 7
    endloop
  endfacet
  facet normal -0.612872 -0.790182 0
    outer loop
      vertex 23.7135 -10.0167 7
      vertex 24.3588 -10.5172 13
      vertex 23.7135 -10.0167 13
    endloop
  endfacet
  facet normal -0.612872 -0.790182 -0
    outer loop
      vertex 24.3588 -10.5172 13
      vertex 23.7135 -10.0167 7
      vertex 24.3588 -10.5172 7
    endloop
  endfacet
  facet normal 0.995565 0.0940767 0
    outer loop
      vertex 19.9605 1.25581 -7
      vertex 19.8423 2.50666 -12
      vertex 19.8423 2.50666 -7
    endloop
  endfacet
  facet normal 0.995565 0.0940767 0
    outer loop
      vertex 19.8423 2.50666 -12
      vertex 19.9605 1.25581 -7
      vertex 19.9605 1.25581 -12
    endloop
  endfacet
  facet normal 0.999506 0.0314383 0
    outer loop
      vertex 20 0 -7
      vertex 19.9605 1.25581 -12
      vertex 19.9605 1.25581 -7
    endloop
  endfacet
  facet normal 0.999506 0.0314383 0
    outer loop
      vertex 19.9605 1.25581 -12
      vertex 20 0 -7
      vertex 20 0 -12
    endloop
  endfacet
  facet normal -0.562116 -0.827058 0
    outer loop
      vertex -11.7557 -16.1803 -12
      vertex -10.7165 -16.8866 -7
      vertex -11.7557 -16.1803 -7
    endloop
  endfacet
  facet normal -0.562116 -0.827058 -0
    outer loop
      vertex -10.7165 -16.8866 -7
      vertex -11.7557 -16.1803 -12
      vertex -10.7165 -16.8866 -12
    endloop
  endfacet
  facet normal 0.0314383 0.999506 -0
    outer loop
      vertex 1.25581 19.9605 -12
      vertex 0 20 -7
      vertex 1.25581 19.9605 -7
    endloop
  endfacet
  facet normal 0.0314383 0.999506 0
    outer loop
      vertex 0 20 -7
      vertex 1.25581 19.9605 -12
      vertex 0 20 -12
    endloop
  endfacet
  facet normal 0.562116 0.827058 -0
    outer loop
      vertex 11.7557 16.1803 -12
      vertex 10.7165 16.8866 -7
      vertex 11.7557 16.1803 -7
    endloop
  endfacet
  facet normal 0.562116 0.827058 0
    outer loop
      vertex 10.7165 16.8866 -7
      vertex 11.7557 16.1803 -12
      vertex 10.7165 16.8866 -12
    endloop
  endfacet
  facet normal -0.960279 -0.279041 0
    outer loop
      vertex -19.0211 -6.18034 -12
      vertex -19.3717 -4.9738 -7
      vertex -19.3717 -4.9738 -12
    endloop
  endfacet
  facet normal -0.960279 -0.279041 0
    outer loop
      vertex -19.3717 -4.9738 -7
      vertex -19.0211 -6.18034 -12
      vertex -19.0211 -6.18034 -7
    endloop
  endfacet
  facet normal -0.790191 -0.61286 0
    outer loop
      vertex -15.4103 -12.7485 -12
      vertex -16.1803 -11.7557 -7
      vertex -16.1803 -11.7557 -12
    endloop
  endfacet
  facet normal -0.790191 -0.61286 0
    outer loop
      vertex -16.1803 -11.7557 -7
      vertex -15.4103 -12.7485 -12
      vertex -15.4103 -12.7485 -7
    endloop
  endfacet
  facet normal 0.750086 -0.66134 0
    outer loop
      vertex 14.5794 -13.6909 -7
      vertex 15.4103 -12.7485 -12
      vertex 15.4103 -12.7485 -7
    endloop
  endfacet
  facet normal 0.750086 -0.66134 0
    outer loop
      vertex 15.4103 -12.7485 -12
      vertex 14.5794 -13.6909 -7
      vertex 14.5794 -13.6909 -12
    endloop
  endfacet
  facet normal -0.827058 -0.562116 0
    outer loop
      vertex -16.1803 -11.7557 -12
      vertex -16.8866 -10.7165 -7
      vertex -16.8866 -10.7165 -12
    endloop
  endfacet
  facet normal -0.827058 -0.562116 0
    outer loop
      vertex -16.8866 -10.7165 -7
      vertex -16.1803 -11.7557 -12
      vertex -16.1803 -11.7557 -7
    endloop
  endfacet
  facet normal -0.218081 0.975931 0
    outer loop
      vertex -3.74763 19.6457 -12
      vertex -4.9738 19.3717 -7
      vertex -3.74763 19.6457 -7
    endloop
  endfacet
  facet normal -0.218081 0.975931 0
    outer loop
      vertex -4.9738 19.3717 -7
      vertex -3.74763 19.6457 -12
      vertex -4.9738 19.3717 -12
    endloop
  endfacet
  facet normal 0.279041 -0.960279 0
    outer loop
      vertex 4.9738 -19.3717 -12
      vertex 6.18034 -19.0211 -7
      vertex 4.9738 -19.3717 -7
    endloop
  endfacet
  facet normal 0.279041 -0.960279 0
    outer loop
      vertex 6.18034 -19.0211 -7
      vertex 4.9738 -19.3717 -12
      vertex 6.18034 -19.0211 -12
    endloop
  endfacet
  facet normal 0.960279 0.279041 0
    outer loop
      vertex 19.3717 4.9738 -7
      vertex 19.0211 6.18034 -12
      vertex 19.0211 6.18034 -7
    endloop
  endfacet
  facet normal 0.960279 0.279041 0
    outer loop
      vertex 19.0211 6.18034 -12
      vertex 19.3717 4.9738 -7
      vertex 19.3717 4.9738 -12
    endloop
  endfacet
  facet normal 0.999506 -0.0314383 0
    outer loop
      vertex 19.9605 -1.25581 -7
      vertex 20 0 -12
      vertex 20 0 -7
    endloop
  endfacet
  facet normal 0.999506 -0.0314383 0
    outer loop
      vertex 20 0 -12
      vertex 19.9605 -1.25581 -7
      vertex 19.9605 -1.25581 -12
    endloop
  endfacet
  facet normal -0.397157 -0.917751 0
    outer loop
      vertex -8.51558 -18.0965 -12
      vertex -7.36249 -18.5955 -7
      vertex -8.51558 -18.0965 -7
    endloop
  endfacet
  facet normal -0.397157 -0.917751 -0
    outer loop
      vertex -7.36249 -18.5955 -7
      vertex -8.51558 -18.0965 -12
      vertex -7.36249 -18.5955 -12
    endloop
  endfacet
  facet normal -0.860762 -0.509008 0
    outer loop
      vertex -16.8866 -10.7165 -12
      vertex -17.5261 -9.63507 -7
      vertex -17.5261 -9.63507 -12
    endloop
  endfacet
  facet normal -0.860762 -0.509008 0
    outer loop
      vertex -17.5261 -9.63507 -7
      vertex -16.8866 -10.7165 -12
      vertex -16.8866 -10.7165 -7
    endloop
  endfacet
  facet normal -0.891009 0.453985 0
    outer loop
      vertex -18.0965 8.51558 -12
      vertex -17.5261 9.63507 -7
      vertex -17.5261 9.63507 -12
    endloop
  endfacet
  facet normal -0.891009 0.453985 0
    outer loop
      vertex -17.5261 9.63507 -7
      vertex -18.0965 8.51558 -12
      vertex -18.0965 8.51558 -7
    endloop
  endfacet
  facet normal 0.66134 0.750086 -0
    outer loop
      vertex 13.6909 14.5794 -12
      vertex 12.7485 15.4103 -7
      vertex 13.6909 14.5794 -7
    endloop
  endfacet
  facet normal 0.66134 0.750086 0
    outer loop
      vertex 12.7485 15.4103 -7
      vertex 13.6909 14.5794 -12
      vertex 12.7485 15.4103 -12
    endloop
  endfacet
  facet normal 0.61286 -0.790191 0
    outer loop
      vertex 11.7557 -16.1803 -12
      vertex 12.7485 -15.4103 -7
      vertex 11.7557 -16.1803 -7
    endloop
  endfacet
  facet normal 0.61286 -0.790191 0
    outer loop
      vertex 12.7485 -15.4103 -7
      vertex 11.7557 -16.1803 -12
      vertex 12.7485 -15.4103 -12
    endloop
  endfacet
  facet normal -0.827058 0.562116 0
    outer loop
      vertex -16.8866 10.7165 -12
      vertex -16.1803 11.7557 -7
      vertex -16.1803 11.7557 -12
    endloop
  endfacet
  facet normal -0.827058 0.562116 0
    outer loop
      vertex -16.1803 11.7557 -7
      vertex -16.8866 10.7165 -12
      vertex -16.8866 10.7165 -7
    endloop
  endfacet
  facet normal 0.453985 0.891009 -0
    outer loop
      vertex 9.63507 17.5261 -12
      vertex 8.51558 18.0965 -7
      vertex 9.63507 17.5261 -7
    endloop
  endfacet
  facet normal 0.453985 0.891009 0
    outer loop
      vertex 8.51558 18.0965 -7
      vertex 9.63507 17.5261 -12
      vertex 8.51558 18.0965 -12
    endloop
  endfacet
  facet normal -0.66134 0.750086 0
    outer loop
      vertex -12.7485 15.4103 -12
      vertex -13.6909 14.5794 -7
      vertex -12.7485 15.4103 -7
    endloop
  endfacet
  facet normal -0.66134 0.750086 0
    outer loop
      vertex -13.6909 14.5794 -7
      vertex -12.7485 15.4103 -12
      vertex -13.6909 14.5794 -12
    endloop
  endfacet
  facet normal 0.156473 0.987682 -0
    outer loop
      vertex 3.74763 19.6457 -12
      vertex 2.50666 19.8423 -7
      vertex 3.74763 19.6457 -7
    endloop
  endfacet
  facet normal 0.156473 0.987682 0
    outer loop
      vertex 2.50666 19.8423 -7
      vertex 3.74763 19.6457 -12
      vertex 2.50666 19.8423 -12
    endloop
  endfacet
  facet normal 0.397157 -0.917751 0
    outer loop
      vertex 7.36249 -18.5955 -12
      vertex 8.51558 -18.0965 -7
      vertex 7.36249 -18.5955 -7
    endloop
  endfacet
  facet normal 0.397157 -0.917751 0
    outer loop
      vertex 8.51558 -18.0965 -7
      vertex 7.36249 -18.5955 -12
      vertex 8.51558 -18.0965 -12
    endloop
  endfacet
  facet normal 0.860762 0.509008 0
    outer loop
      vertex 17.5261 9.63507 -7
      vertex 16.8866 10.7165 -12
      vertex 16.8866 10.7165 -7
    endloop
  endfacet
  facet normal 0.860762 0.509008 0
    outer loop
      vertex 16.8866 10.7165 -12
      vertex 17.5261 9.63507 -7
      vertex 17.5261 9.63507 -12
    endloop
  endfacet
  facet normal 0.509008 0.860762 -0
    outer loop
      vertex 10.7165 16.8866 -12
      vertex 9.63507 17.5261 -7
      vertex 10.7165 16.8866 -7
    endloop
  endfacet
  facet normal 0.509008 0.860762 0
    outer loop
      vertex 9.63507 17.5261 -7
      vertex 10.7165 16.8866 -12
      vertex 9.63507 17.5261 -12
    endloop
  endfacet
  facet normal -0.790191 0.61286 0
    outer loop
      vertex -16.1803 11.7557 -12
      vertex -15.4103 12.7485 -7
      vertex -15.4103 12.7485 -12
    endloop
  endfacet
  facet normal -0.790191 0.61286 0
    outer loop
      vertex -15.4103 12.7485 -7
      vertex -16.1803 11.7557 -12
      vertex -16.1803 11.7557 -7
    endloop
  endfacet
  facet normal -0.0940767 0.995565 0
    outer loop
      vertex -1.25581 19.9605 -12
      vertex -2.50666 19.8423 -7
      vertex -1.25581 19.9605 -7
    endloop
  endfacet
  facet normal -0.0940767 0.995565 0
    outer loop
      vertex -2.50666 19.8423 -7
      vertex -1.25581 19.9605 -12
      vertex -2.50666 19.8423 -12
    endloop
  endfacet
  facet normal 0.707107 0.707107 0
    outer loop
      vertex 14.5794 13.6909 -7
      vertex 13.6909 14.5794 -12
      vertex 13.6909 14.5794 -7
    endloop
  endfacet
  facet normal 0.707107 0.707107 0
    outer loop
      vertex 13.6909 14.5794 -12
      vertex 14.5794 13.6909 -7
      vertex 14.5794 13.6909 -12
    endloop
  endfacet
  facet normal 0.995565 -0.0940767 0
    outer loop
      vertex 19.8423 -2.50666 -7
      vertex 19.9605 -1.25581 -12
      vertex 19.9605 -1.25581 -7
    endloop
  endfacet
  facet normal 0.995565 -0.0940767 0
    outer loop
      vertex 19.9605 -1.25581 -12
      vertex 19.8423 -2.50666 -7
      vertex 19.8423 -2.50666 -12
    endloop
  endfacet
  facet normal 0.61286 0.790191 -0
    outer loop
      vertex 12.7485 15.4103 -12
      vertex 11.7557 16.1803 -7
      vertex 12.7485 15.4103 -7
    endloop
  endfacet
  facet normal 0.61286 0.790191 0
    outer loop
      vertex 11.7557 16.1803 -7
      vertex 12.7485 15.4103 -12
      vertex 11.7557 16.1803 -12
    endloop
  endfacet
  facet normal 0.156473 -0.987682 0
    outer loop
      vertex 2.50666 -19.8423 -12
      vertex 3.74763 -19.6457 -7
      vertex 2.50666 -19.8423 -7
    endloop
  endfacet
  facet normal 0.156473 -0.987682 0
    outer loop
      vertex 3.74763 -19.6457 -7
      vertex 2.50666 -19.8423 -12
      vertex 3.74763 -19.6457 -12
    endloop
  endfacet
  facet normal 0.827058 0.562116 0
    outer loop
      vertex 16.8866 10.7165 -7
      vertex 16.1803 11.7557 -12
      vertex 16.1803 11.7557 -7
    endloop
  endfacet
  facet normal 0.827058 0.562116 0
    outer loop
      vertex 16.1803 11.7557 -12
      vertex 16.8866 10.7165 -7
      vertex 16.8866 10.7165 -12
    endloop
  endfacet
  facet normal 0.279041 0.960279 -0
    outer loop
      vertex 6.18034 19.0211 -12
      vertex 4.9738 19.3717 -7
      vertex 6.18034 19.0211 -7
    endloop
  endfacet
  facet normal 0.279041 0.960279 0
    outer loop
      vertex 4.9738 19.3717 -7
      vertex 6.18034 19.0211 -12
      vertex 4.9738 19.3717 -12
    endloop
  endfacet
  facet normal -0.975931 -0.218081 0
    outer loop
      vertex -19.3717 -4.9738 -12
      vertex -19.6457 -3.74763 -7
      vertex -19.6457 -3.74763 -12
    endloop
  endfacet
  facet normal -0.975931 -0.218081 0
    outer loop
      vertex -19.6457 -3.74763 -7
      vertex -19.3717 -4.9738 -12
      vertex -19.3717 -4.9738 -7
    endloop
  endfacet
  facet normal -0.156473 -0.987682 0
    outer loop
      vertex -3.74763 -19.6457 -12
      vertex -2.50666 -19.8423 -7
      vertex -3.74763 -19.6457 -7
    endloop
  endfacet
  facet normal -0.156473 -0.987682 -0
    outer loop
      vertex -2.50666 -19.8423 -7
      vertex -3.74763 -19.6457 -12
      vertex -2.50666 -19.8423 -12
    endloop
  endfacet
  facet normal -0.338738 0.940881 0
    outer loop
      vertex -6.18034 19.0211 -12
      vertex -7.36249 18.5955 -7
      vertex -6.18034 19.0211 -7
    endloop
  endfacet
  facet normal -0.338738 0.940881 0
    outer loop
      vertex -7.36249 18.5955 -7
      vertex -6.18034 19.0211 -12
      vertex -7.36249 18.5955 -12
    endloop
  endfacet
  facet normal 0.960279 -0.279041 0
    outer loop
      vertex 19.0211 -6.18034 -7
      vertex 19.3717 -4.9738 -12
      vertex 19.3717 -4.9738 -7
    endloop
  endfacet
  facet normal 0.960279 -0.279041 0
    outer loop
      vertex 19.3717 -4.9738 -12
      vertex 19.0211 -6.18034 -7
      vertex 19.0211 -6.18034 -12
    endloop
  endfacet
  facet normal 0.509008 -0.860762 0
    outer loop
      vertex 9.63507 -17.5261 -12
      vertex 10.7165 -16.8866 -7
      vertex 9.63507 -17.5261 -7
    endloop
  endfacet
  facet normal 0.509008 -0.860762 0
    outer loop
      vertex 10.7165 -16.8866 -7
      vertex 9.63507 -17.5261 -12
      vertex 10.7165 -16.8866 -12
    endloop
  endfacet
  facet normal 0.0314383 -0.999506 0
    outer loop
      vertex 0 -20 -12
      vertex 1.25581 -19.9605 -7
      vertex 0 -20 -7
    endloop
  endfacet
  facet normal 0.0314383 -0.999506 0
    outer loop
      vertex 1.25581 -19.9605 -7
      vertex 0 -20 -12
      vertex 1.25581 -19.9605 -12
    endloop
  endfacet
  facet normal 0.0940767 -0.995565 0
    outer loop
      vertex 1.25581 -19.9605 -12
      vertex 2.50666 -19.8423 -7
      vertex 1.25581 -19.9605 -7
    endloop
  endfacet
  facet normal 0.0940767 -0.995565 0
    outer loop
      vertex 2.50666 -19.8423 -7
      vertex 1.25581 -19.9605 -12
      vertex 2.50666 -19.8423 -12
    endloop
  endfacet
  facet normal -0.279041 0.960279 0
    outer loop
      vertex -4.9738 19.3717 -12
      vertex -6.18034 19.0211 -7
      vertex -4.9738 19.3717 -7
    endloop
  endfacet
  facet normal -0.279041 0.960279 0
    outer loop
      vertex -6.18034 19.0211 -7
      vertex -4.9738 19.3717 -12
      vertex -6.18034 19.0211 -12
    endloop
  endfacet
  facet normal -0.707107 -0.707107 0
    outer loop
      vertex -13.6909 -14.5794 -12
      vertex -14.5794 -13.6909 -7
      vertex -14.5794 -13.6909 -12
    endloop
  endfacet
  facet normal -0.707107 -0.707107 0
    outer loop
      vertex -14.5794 -13.6909 -7
      vertex -13.6909 -14.5794 -12
      vertex -13.6909 -14.5794 -7
    endloop
  endfacet
  facet normal 0.827058 -0.562116 0
    outer loop
      vertex 16.1803 -11.7557 -7
      vertex 16.8866 -10.7165 -12
      vertex 16.8866 -10.7165 -7
    endloop
  endfacet
  facet normal 0.827058 -0.562116 0
    outer loop
      vertex 16.8866 -10.7165 -12
      vertex 16.1803 -11.7557 -7
      vertex 16.1803 -11.7557 -12
    endloop
  endfacet
  facet normal 0.707107 -0.707107 0
    outer loop
      vertex 13.6909 -14.5794 -7
      vertex 14.5794 -13.6909 -12
      vertex 14.5794 -13.6909 -7
    endloop
  endfacet
  facet normal 0.707107 -0.707107 0
    outer loop
      vertex 14.5794 -13.6909 -12
      vertex 13.6909 -14.5794 -7
      vertex 13.6909 -14.5794 -12
    endloop
  endfacet
  facet normal -0.940881 -0.338738 0
    outer loop
      vertex -18.5955 -7.36249 -12
      vertex -19.0211 -6.18034 -7
      vertex -19.0211 -6.18034 -12
    endloop
  endfacet
  facet normal -0.940881 -0.338738 0
    outer loop
      vertex -19.0211 -6.18034 -7
      vertex -18.5955 -7.36249 -12
      vertex -18.5955 -7.36249 -7
    endloop
  endfacet
  facet normal -0.562116 0.827058 0
    outer loop
      vertex -10.7165 16.8866 -12
      vertex -11.7557 16.1803 -7
      vertex -10.7165 16.8866 -7
    endloop
  endfacet
  facet normal -0.562116 0.827058 0
    outer loop
      vertex -11.7557 16.1803 -7
      vertex -10.7165 16.8866 -12
      vertex -11.7557 16.1803 -12
    endloop
  endfacet
  facet normal 0.891009 -0.453985 0
    outer loop
      vertex 17.5261 -9.63507 -7
      vertex 18.0965 -8.51558 -12
      vertex 18.0965 -8.51558 -7
    endloop
  endfacet
  facet normal 0.891009 -0.453985 0
    outer loop
      vertex 18.0965 -8.51558 -12
      vertex 17.5261 -9.63507 -7
      vertex 17.5261 -9.63507 -12
    endloop
  endfacet
  facet normal 0.917751 0.397157 0
    outer loop
      vertex 18.5955 7.36249 -7
      vertex 18.0965 8.51558 -12
      vertex 18.0965 8.51558 -7
    endloop
  endfacet
  facet normal 0.917751 0.397157 0
    outer loop
      vertex 18.0965 8.51558 -12
      vertex 18.5955 7.36249 -7
      vertex 18.5955 7.36249 -12
    endloop
  endfacet
  facet normal 0.0940767 0.995565 -0
    outer loop
      vertex 2.50666 19.8423 -12
      vertex 1.25581 19.9605 -7
      vertex 2.50666 19.8423 -7
    endloop
  endfacet
  facet normal 0.0940767 0.995565 0
    outer loop
      vertex 1.25581 19.9605 -7
      vertex 2.50666 19.8423 -12
      vertex 1.25581 19.9605 -12
    endloop
  endfacet
  facet normal 0.453985 -0.891009 0
    outer loop
      vertex 8.51558 -18.0965 -12
      vertex 9.63507 -17.5261 -7
      vertex 8.51558 -18.0965 -7
    endloop
  endfacet
  facet normal 0.453985 -0.891009 0
    outer loop
      vertex 9.63507 -17.5261 -7
      vertex 8.51558 -18.0965 -12
      vertex 9.63507 -17.5261 -12
    endloop
  endfacet
  facet normal 0.891009 0.453985 0
    outer loop
      vertex 18.0965 8.51558 -7
      vertex 17.5261 9.63507 -12
      vertex 17.5261 9.63507 -7
    endloop
  endfacet
  facet normal 0.891009 0.453985 0
    outer loop
      vertex 17.5261 9.63507 -12
      vertex 18.0965 8.51558 -7
      vertex 18.0965 8.51558 -12
    endloop
  endfacet
  facet normal -0.509008 0.860762 0
    outer loop
      vertex -9.63507 17.5261 -12
      vertex -10.7165 16.8866 -7
      vertex -9.63507 17.5261 -7
    endloop
  endfacet
  facet normal -0.509008 0.860762 0
    outer loop
      vertex -10.7165 16.8866 -7
      vertex -9.63507 17.5261 -12
      vertex -10.7165 16.8866 -12
    endloop
  endfacet
  facet normal -0.995565 0.0940767 0
    outer loop
      vertex -19.9605 1.25581 -12
      vertex -19.8423 2.50666 -7
      vertex -19.8423 2.50666 -12
    endloop
  endfacet
  facet normal -0.995565 0.0940767 0
    outer loop
      vertex -19.8423 2.50666 -7
      vertex -19.9605 1.25581 -12
      vertex -19.9605 1.25581 -7
    endloop
  endfacet
  facet normal -0.975931 0.218081 0
    outer loop
      vertex -19.6457 3.74763 -12
      vertex -19.3717 4.9738 -7
      vertex -19.3717 4.9738 -12
    endloop
  endfacet
  facet normal -0.975931 0.218081 0
    outer loop
      vertex -19.3717 4.9738 -7
      vertex -19.6457 3.74763 -12
      vertex -19.6457 3.74763 -7
    endloop
  endfacet
  facet normal -0.156473 0.987682 0
    outer loop
      vertex -2.50666 19.8423 -12
      vertex -3.74763 19.6457 -7
      vertex -2.50666 19.8423 -7
    endloop
  endfacet
  facet normal -0.156473 0.987682 0
    outer loop
      vertex -3.74763 19.6457 -7
      vertex -2.50666 19.8423 -12
      vertex -3.74763 19.6457 -12
    endloop
  endfacet
  facet normal -0.987682 -0.156473 0
    outer loop
      vertex -19.6457 -3.74763 -12
      vertex -19.8423 -2.50666 -7
      vertex -19.8423 -2.50666 -12
    endloop
  endfacet
  facet normal -0.987682 -0.156473 0
    outer loop
      vertex -19.8423 -2.50666 -7
      vertex -19.6457 -3.74763 -12
      vertex -19.6457 -3.74763 -7
    endloop
  endfacet
  facet normal 0.790191 0.61286 0
    outer loop
      vertex 16.1803 11.7557 -7
      vertex 15.4103 12.7485 -12
      vertex 15.4103 12.7485 -7
    endloop
  endfacet
  facet normal 0.790191 0.61286 0
    outer loop
      vertex 15.4103 12.7485 -12
      vertex 16.1803 11.7557 -7
      vertex 16.1803 11.7557 -12
    endloop
  endfacet
  facet normal 0.750086 0.66134 0
    outer loop
      vertex 15.4103 12.7485 -7
      vertex 14.5794 13.6909 -12
      vertex 14.5794 13.6909 -7
    endloop
  endfacet
  facet normal 0.750086 0.66134 0
    outer loop
      vertex 14.5794 13.6909 -12
      vertex 15.4103 12.7485 -7
      vertex 15.4103 12.7485 -12
    endloop
  endfacet
  facet normal -0.509008 -0.860762 0
    outer loop
      vertex -10.7165 -16.8866 -12
      vertex -9.63507 -17.5261 -7
      vertex -10.7165 -16.8866 -7
    endloop
  endfacet
  facet normal -0.509008 -0.860762 -0
    outer loop
      vertex -9.63507 -17.5261 -7
      vertex -10.7165 -16.8866 -12
      vertex -9.63507 -17.5261 -12
    endloop
  endfacet
  facet normal 0.338738 -0.940881 0
    outer loop
      vertex 6.18034 -19.0211 -12
      vertex 7.36249 -18.5955 -7
      vertex 6.18034 -19.0211 -7
    endloop
  endfacet
  facet normal 0.338738 -0.940881 0
    outer loop
      vertex 7.36249 -18.5955 -7
      vertex 6.18034 -19.0211 -12
      vertex 7.36249 -18.5955 -12
    endloop
  endfacet
  facet normal -0.0314383 -0.999506 0
    outer loop
      vertex -1.25581 -19.9605 -12
      vertex 0 -20 -7
      vertex -1.25581 -19.9605 -7
    endloop
  endfacet
  facet normal -0.0314383 -0.999506 -0
    outer loop
      vertex 0 -20 -7
      vertex -1.25581 -19.9605 -12
      vertex 0 -20 -12
    endloop
  endfacet
  facet normal -0.61286 0.790191 0
    outer loop
      vertex -11.7557 16.1803 -12
      vertex -12.7485 15.4103 -7
      vertex -11.7557 16.1803 -7
    endloop
  endfacet
  facet normal -0.61286 0.790191 0
    outer loop
      vertex -12.7485 15.4103 -7
      vertex -11.7557 16.1803 -12
      vertex -12.7485 15.4103 -12
    endloop
  endfacet
  facet normal 0.860762 -0.509008 0
    outer loop
      vertex 16.8866 -10.7165 -7
      vertex 17.5261 -9.63507 -12
      vertex 17.5261 -9.63507 -7
    endloop
  endfacet
  facet normal 0.860762 -0.509008 0
    outer loop
      vertex 17.5261 -9.63507 -12
      vertex 16.8866 -10.7165 -7
      vertex 16.8866 -10.7165 -12
    endloop
  endfacet
  facet normal 0.987682 -0.156473 0
    outer loop
      vertex 19.6457 -3.74763 -7
      vertex 19.8423 -2.50666 -12
      vertex 19.8423 -2.50666 -7
    endloop
  endfacet
  facet normal 0.987682 -0.156473 0
    outer loop
      vertex 19.8423 -2.50666 -12
      vertex 19.6457 -3.74763 -7
      vertex 19.6457 -3.74763 -12
    endloop
  endfacet
  facet normal 0.218081 -0.975931 0
    outer loop
      vertex 3.74763 -19.6457 -12
      vertex 4.9738 -19.3717 -7
      vertex 3.74763 -19.6457 -7
    endloop
  endfacet
  facet normal 0.218081 -0.975931 0
    outer loop
      vertex 4.9738 -19.3717 -7
      vertex 3.74763 -19.6457 -12
      vertex 4.9738 -19.3717 -12
    endloop
  endfacet
  facet normal 0.790191 -0.61286 0
    outer loop
      vertex 15.4103 -12.7485 -7
      vertex 16.1803 -11.7557 -12
      vertex 16.1803 -11.7557 -7
    endloop
  endfacet
  facet normal 0.790191 -0.61286 0
    outer loop
      vertex 16.1803 -11.7557 -12
      vertex 15.4103 -12.7485 -7
      vertex 15.4103 -12.7485 -12
    endloop
  endfacet
  facet normal -0.0940767 -0.995565 0
    outer loop
      vertex -2.50666 -19.8423 -12
      vertex -1.25581 -19.9605 -7
      vertex -2.50666 -19.8423 -7
    endloop
  endfacet
  facet normal -0.0940767 -0.995565 -0
    outer loop
      vertex -1.25581 -19.9605 -7
      vertex -2.50666 -19.8423 -12
      vertex -1.25581 -19.9605 -12
    endloop
  endfacet
  facet normal 0.975931 -0.218081 0
    outer loop
      vertex 19.3717 -4.9738 -7
      vertex 19.6457 -3.74763 -12
      vertex 19.6457 -3.74763 -7
    endloop
  endfacet
  facet normal 0.975931 -0.218081 0
    outer loop
      vertex 19.6457 -3.74763 -12
      vertex 19.3717 -4.9738 -7
      vertex 19.3717 -4.9738 -12
    endloop
  endfacet
  facet normal 0.397157 0.917751 -0
    outer loop
      vertex 8.51558 18.0965 -12
      vertex 7.36249 18.5955 -7
      vertex 8.51558 18.0965 -7
    endloop
  endfacet
  facet normal 0.397157 0.917751 0
    outer loop
      vertex 7.36249 18.5955 -7
      vertex 8.51558 18.0965 -12
      vertex 7.36249 18.5955 -12
    endloop
  endfacet
  facet normal 0.940881 -0.338738 0
    outer loop
      vertex 18.5955 -7.36249 -7
      vertex 19.0211 -6.18034 -12
      vertex 19.0211 -6.18034 -7
    endloop
  endfacet
  facet normal 0.940881 -0.338738 0
    outer loop
      vertex 19.0211 -6.18034 -12
      vertex 18.5955 -7.36249 -7
      vertex 18.5955 -7.36249 -12
    endloop
  endfacet
  facet normal 0.66134 -0.750086 0
    outer loop
      vertex 12.7485 -15.4103 -12
      vertex 13.6909 -14.5794 -7
      vertex 12.7485 -15.4103 -7
    endloop
  endfacet
  facet normal 0.66134 -0.750086 0
    outer loop
      vertex 13.6909 -14.5794 -7
      vertex 12.7485 -15.4103 -12
      vertex 13.6909 -14.5794 -12
    endloop
  endfacet
  facet normal -0.397157 0.917751 0
    outer loop
      vertex -7.36249 18.5955 -12
      vertex -8.51558 18.0965 -7
      vertex -7.36249 18.5955 -7
    endloop
  endfacet
  facet normal -0.397157 0.917751 0
    outer loop
      vertex -8.51558 18.0965 -7
      vertex -7.36249 18.5955 -12
      vertex -8.51558 18.0965 -12
    endloop
  endfacet
  facet normal 0.975931 0.218081 0
    outer loop
      vertex 19.6457 3.74763 -7
      vertex 19.3717 4.9738 -12
      vertex 19.3717 4.9738 -7
    endloop
  endfacet
  facet normal 0.975931 0.218081 0
    outer loop
      vertex 19.3717 4.9738 -12
      vertex 19.6457 3.74763 -7
      vertex 19.6457 3.74763 -12
    endloop
  endfacet
  facet normal -0.707107 0.707107 0
    outer loop
      vertex -14.5794 13.6909 -12
      vertex -13.6909 14.5794 -7
      vertex -13.6909 14.5794 -12
    endloop
  endfacet
  facet normal -0.707107 0.707107 0
    outer loop
      vertex -13.6909 14.5794 -7
      vertex -14.5794 13.6909 -12
      vertex -14.5794 13.6909 -7
    endloop
  endfacet
  facet normal 0.940881 0.338738 0
    outer loop
      vertex 19.0211 6.18034 -7
      vertex 18.5955 7.36249 -12
      vertex 18.5955 7.36249 -7
    endloop
  endfacet
  facet normal 0.940881 0.338738 0
    outer loop
      vertex 18.5955 7.36249 -12
      vertex 19.0211 6.18034 -7
      vertex 19.0211 6.18034 -12
    endloop
  endfacet
  facet normal -0.218081 -0.975931 0
    outer loop
      vertex -4.9738 -19.3717 -12
      vertex -3.74763 -19.6457 -7
      vertex -4.9738 -19.3717 -7
    endloop
  endfacet
  facet normal -0.218081 -0.975931 -0
    outer loop
      vertex -3.74763 -19.6457 -7
      vertex -4.9738 -19.3717 -12
      vertex -3.74763 -19.6457 -12
    endloop
  endfacet
  facet normal 0.987682 0.156473 0
    outer loop
      vertex 19.8423 2.50666 -7
      vertex 19.6457 3.74763 -12
      vertex 19.6457 3.74763 -7
    endloop
  endfacet
  facet normal 0.987682 0.156473 0
    outer loop
      vertex 19.6457 3.74763 -12
      vertex 19.8423 2.50666 -7
      vertex 19.8423 2.50666 -12
    endloop
  endfacet
  facet normal 0.917751 -0.397157 0
    outer loop
      vertex 18.0965 -8.51558 -7
      vertex 18.5955 -7.36249 -12
      vertex 18.5955 -7.36249 -7
    endloop
  endfacet
  facet normal 0.917751 -0.397157 0
    outer loop
      vertex 18.5955 -7.36249 -12
      vertex 18.0965 -8.51558 -7
      vertex 18.0965 -8.51558 -12
    endloop
  endfacet
  facet normal -0.860762 0.509008 0
    outer loop
      vertex -17.5261 9.63507 -12
      vertex -16.8866 10.7165 -7
      vertex -16.8866 10.7165 -12
    endloop
  endfacet
  facet normal -0.860762 0.509008 0
    outer loop
      vertex -16.8866 10.7165 -7
      vertex -17.5261 9.63507 -12
      vertex -17.5261 9.63507 -7
    endloop
  endfacet
  facet normal -0.0314383 0.999506 0
    outer loop
      vertex 0 20 -12
      vertex -1.25581 19.9605 -7
      vertex 0 20 -7
    endloop
  endfacet
  facet normal -0.0314383 0.999506 0
    outer loop
      vertex -1.25581 19.9605 -7
      vertex 0 20 -12
      vertex -1.25581 19.9605 -12
    endloop
  endfacet
  facet normal 0.562116 -0.827058 0
    outer loop
      vertex 10.7165 -16.8866 -12
      vertex 11.7557 -16.1803 -7
      vertex 10.7165 -16.8866 -7
    endloop
  endfacet
  facet normal 0.562116 -0.827058 0
    outer loop
      vertex 11.7557 -16.1803 -7
      vertex 10.7165 -16.8866 -12
      vertex 11.7557 -16.1803 -12
    endloop
  endfacet
  facet normal -0.995565 -0.0940767 0
    outer loop
      vertex -19.8423 -2.50666 -12
      vertex -19.9605 -1.25581 -7
      vertex -19.9605 -1.25581 -12
    endloop
  endfacet
  facet normal -0.995565 -0.0940767 0
    outer loop
      vertex -19.9605 -1.25581 -7
      vertex -19.8423 -2.50666 -12
      vertex -19.8423 -2.50666 -7
    endloop
  endfacet
  facet normal 0.338738 0.940881 -0
    outer loop
      vertex 7.36249 18.5955 -12
      vertex 6.18034 19.0211 -7
      vertex 7.36249 18.5955 -7
    endloop
  endfacet
  facet normal 0.338738 0.940881 0
    outer loop
      vertex 6.18034 19.0211 -7
      vertex 7.36249 18.5955 -12
      vertex 6.18034 19.0211 -12
    endloop
  endfacet
  facet normal -0.987682 0.156473 0
    outer loop
      vertex -19.8423 2.50666 -12
      vertex -19.6457 3.74763 -7
      vertex -19.6457 3.74763 -12
    endloop
  endfacet
  facet normal -0.987682 0.156473 0
    outer loop
      vertex -19.6457 3.74763 -7
      vertex -19.8423 2.50666 -12
      vertex -19.8423 2.50666 -7
    endloop
  endfacet
  facet normal -0.750086 -0.66134 0
    outer loop
      vertex -14.5794 -13.6909 -12
      vertex -15.4103 -12.7485 -7
      vertex -15.4103 -12.7485 -12
    endloop
  endfacet
  facet normal -0.750086 -0.66134 0
    outer loop
      vertex -15.4103 -12.7485 -7
      vertex -14.5794 -13.6909 -12
      vertex -14.5794 -13.6909 -7
    endloop
  endfacet
  facet normal -0.66134 -0.750086 0
    outer loop
      vertex -13.6909 -14.5794 -12
      vertex -12.7485 -15.4103 -7
      vertex -13.6909 -14.5794 -7
    endloop
  endfacet
  facet normal -0.66134 -0.750086 -0
    outer loop
      vertex -12.7485 -15.4103 -7
      vertex -13.6909 -14.5794 -12
      vertex -12.7485 -15.4103 -12
    endloop
  endfacet
  facet normal -0.999506 -0.0314383 0
    outer loop
      vertex -19.9605 -1.25581 -12
      vertex -20 0 -7
      vertex -20 0 -12
    endloop
  endfacet
  facet normal -0.999506 -0.0314383 0
    outer loop
      vertex -20 0 -7
      vertex -19.9605 -1.25581 -12
      vertex -19.9605 -1.25581 -7
    endloop
  endfacet
  facet normal -0.61286 -0.790191 0
    outer loop
      vertex -12.7485 -15.4103 -12
      vertex -11.7557 -16.1803 -7
      vertex -12.7485 -15.4103 -7
    endloop
  endfacet
  facet normal -0.61286 -0.790191 -0
    outer loop
      vertex -11.7557 -16.1803 -7
      vertex -12.7485 -15.4103 -12
      vertex -11.7557 -16.1803 -12
    endloop
  endfacet
  facet normal 0.218081 0.975931 -0
    outer loop
      vertex 4.9738 19.3717 -12
      vertex 3.74763 19.6457 -7
      vertex 4.9738 19.3717 -7
    endloop
  endfacet
  facet normal 0.218081 0.975931 0
    outer loop
      vertex 3.74763 19.6457 -7
      vertex 4.9738 19.3717 -12
      vertex 3.74763 19.6457 -12
    endloop
  endfacet
  facet normal -0.940881 0.338738 0
    outer loop
      vertex -19.0211 6.18034 -12
      vertex -18.5955 7.36249 -7
      vertex -18.5955 7.36249 -12
    endloop
  endfacet
  facet normal -0.940881 0.338738 0
    outer loop
      vertex -18.5955 7.36249 -7
      vertex -19.0211 6.18034 -12
      vertex -19.0211 6.18034 -7
    endloop
  endfacet
  facet normal -0.960279 0.279041 0
    outer loop
      vertex -19.3717 4.9738 -12
      vertex -19.0211 6.18034 -7
      vertex -19.0211 6.18034 -12
    endloop
  endfacet
  facet normal -0.960279 0.279041 0
    outer loop
      vertex -19.0211 6.18034 -7
      vertex -19.3717 4.9738 -12
      vertex -19.3717 4.9738 -7
    endloop
  endfacet
  facet normal -0.279041 -0.960279 0
    outer loop
      vertex -6.18034 -19.0211 -12
      vertex -4.9738 -19.3717 -7
      vertex -6.18034 -19.0211 -7
    endloop
  endfacet
  facet normal -0.279041 -0.960279 -0
    outer loop
      vertex -4.9738 -19.3717 -7
      vertex -6.18034 -19.0211 -12
      vertex -4.9738 -19.3717 -12
    endloop
  endfacet
  facet normal -0.750086 0.66134 0
    outer loop
      vertex -15.4103 12.7485 -12
      vertex -14.5794 13.6909 -7
      vertex -14.5794 13.6909 -12
    endloop
  endfacet
  facet normal -0.750086 0.66134 0
    outer loop
      vertex -14.5794 13.6909 -7
      vertex -15.4103 12.7485 -12
      vertex -15.4103 12.7485 -7
    endloop
  endfacet
  facet normal -0.453985 0.891009 0
    outer loop
      vertex -8.51558 18.0965 -12
      vertex -9.63507 17.5261 -7
      vertex -8.51558 18.0965 -7
    endloop
  endfacet
  facet normal -0.453985 0.891009 0
    outer loop
      vertex -9.63507 17.5261 -7
      vertex -8.51558 18.0965 -12
      vertex -9.63507 17.5261 -12
    endloop
  endfacet
  facet normal -0.338738 -0.940881 0
    outer loop
      vertex -7.36249 -18.5955 -12
      vertex -6.18034 -19.0211 -7
      vertex -7.36249 -18.5955 -7
    endloop
  endfacet
  facet normal -0.338738 -0.940881 -0
    outer loop
      vertex -6.18034 -19.0211 -7
      vertex -7.36249 -18.5955 -12
      vertex -6.18034 -19.0211 -12
    endloop
  endfacet
  facet normal 0 0 -1
    outer loop
      vertex 16 0 -12
      vertex 20 0 -12
      vertex 19.9605 -1.25581 -12
    endloop
  endfacet
  facet normal 0 0 -1
    outer loop
      vertex 15.9684 -1.00465 -12
      vertex 19.9605 -1.25581 -12
      vertex 19.8423 -2.50666 -12
    endloop
  endfacet
  facet normal 0 0 -1
    outer loop
      vertex 20 0 -12
      vertex 16 0 -12
      vertex 19.9605 1.25581 -12
    endloop
  endfacet
  facet normal 0 0 -1
    outer loop
      vertex 15.8738 -2.00533 -12
      vertex 19.8423 -2.50666 -12
      vertex 19.6457 -3.74763 -12
    endloop
  endfacet
  facet normal 0 0 -1
    outer loop
      vertex 15.9684 1.00465 -12
      vertex 19.9605 1.25581 -12
      vertex 16 0 -12
    endloop
  endfacet
  facet normal 0 0 -1
    outer loop
      vertex 15.7166 -2.9981 -12
      vertex 19.6457 -3.74763 -12
      vertex 19.3717 -4.9738 -12
    endloop
  endfacet
  facet normal -0 0 -1
    outer loop
      vertex 19.9605 1.25581 -12
      vertex 15.9684 1.00465 -12
      vertex 19.8423 2.50666 -12
    endloop
  endfacet
  facet normal 0 0 -1
    outer loop
      vertex 15.4973 -3.97904 -12
      vertex 19.3717 -4.9738 -12
      vertex 19.0211 -6.18034 -12
    endloop
  endfacet
  facet normal 0 0 -1
    outer loop
      vertex 15.8738 2.00533 -12
      vertex 19.8423 2.50666 -12
      vertex 15.9684 1.00465 -12
    endloop
  endfacet
  facet normal 0 0 -1
    outer loop
      vertex 15.2169 -4.94427 -12
      vertex 19.0211 -6.18034 -12
      vertex 18.5955 -7.36249 -12
    endloop
  endfacet
  facet normal -0 0 -1
    outer loop
      vertex 19.8423 2.50666 -12
      vertex 15.8738 2.00533 -12
      vertex 19.6457 3.74763 -12
    endloop
  endfacet
  facet normal 0 0 -1
    outer loop
      vertex 14.8764 -5.88999 -12
      vertex 18.5955 -7.36249 -12
      vertex 18.0965 -8.51558 -12
    endloop
  endfacet
  facet normal 0 0 -1
    outer loop
      vertex 15.7166 2.9981 -12
      vertex 19.6457 3.74763 -12
      vertex 15.8738 2.00533 -12
    endloop
  endfacet
  facet normal 0 0 -1
    outer loop
      vertex 14.4772 -6.81247 -12
      vertex 18.0965 -8.51558 -12
      vertex 17.5261 -9.63507 -12
    endloop
  endfacet
  facet normal -0 0 -1
    outer loop
      vertex 19.6457 3.74763 -12
      vertex 15.7166 2.9981 -12
      vertex 19.3717 4.9738 -12
    endloop
  endfacet
  facet normal 0 0 -1
    outer loop
      vertex 14.0209 -7.70806 -12
      vertex 17.5261 -9.63507 -12
      vertex 16.8866 -10.7165 -12
    endloop
  endfacet
  facet normal 0 0 -1
    outer loop
      vertex 15.4973 3.97904 -12
      vertex 19.3717 4.9738 -12
      vertex 15.7166 2.9981 -12
    endloop
  endfacet
  facet normal 0 0 -1
    outer loop
      vertex 13.5092 -8.57323 -12
      vertex 16.8866 -10.7165 -12
      vertex 16.1803 -11.7557 -12
    endloop
  endfacet
  facet normal -0 0 -1
    outer loop
      vertex 19.3717 4.9738 -12
      vertex 15.4973 3.97904 -12
      vertex 19.0211 6.18034 -12
    endloop
  endfacet
  facet normal 0 0 -1
    outer loop
      vertex 15.2169 4.94427 -12
      vertex 19.0211 6.18034 -12
      vertex 15.4973 3.97904 -12
    endloop
  endfacet
  facet normal 0 0 -1
    outer loop
      vertex 19.9605 -1.25581 -12
      vertex 15.9684 -1.00465 -12
      vertex 16 0 -12
    endloop
  endfacet
  facet normal 0 0 -1
    outer loop
      vertex 19.8423 -2.50666 -12
      vertex 15.8738 -2.00533 -12
      vertex 15.9684 -1.00465 -12
    endloop
  endfacet
  facet normal 0 0 -1
    outer loop
      vertex 19.6457 -3.74763 -12
      vertex 15.7166 -2.9981 -12
      vertex 15.8738 -2.00533 -12
    endloop
  endfacet
  facet normal 0 0 -1
    outer loop
      vertex 19.3717 -4.9738 -12
      vertex 15.4973 -3.97904 -12
      vertex 15.7166 -2.9981 -12
    endloop
  endfacet
  facet normal 0 0 -1
    outer loop
      vertex 12.9443 -9.40456 -12
      vertex 16.1803 -11.7557 -12
      vertex 15.4103 -12.7485 -12
    endloop
  endfacet
  facet normal 0 0 -1
    outer loop
      vertex 19.0211 -6.18034 -12
      vertex 15.2169 -4.94427 -12
      vertex 15.4973 -3.97904 -12
    endloop
  endfacet
  facet normal 0 0 -1
    outer loop
      vertex 18.5955 -7.36249 -12
      vertex 14.8764 -5.88999 -12
      vertex 15.2169 -4.94427 -12
    endloop
  endfacet
  facet normal 0 0 -1
    outer loop
      vertex 12.3282 -10.1988 -12
      vertex 15.4103 -12.7485 -12
      vertex 14.5794 -13.6909 -12
    endloop
  endfacet
  facet normal 0 0 -1
    outer loop
      vertex 18.0965 -8.51558 -12
      vertex 14.4772 -6.81247 -12
      vertex 14.8764 -5.88999 -12
    endloop
  endfacet
  facet normal 0 0 -1
    outer loop
      vertex 17.5261 -9.63507 -12
      vertex 14.0209 -7.70806 -12
      vertex 14.4772 -6.81247 -12
    endloop
  endfacet
  facet normal 0 0 -1
    outer loop
      vertex 11.6635 -10.9528 -12
      vertex 14.5794 -13.6909 -12
      vertex 13.6909 -14.5794 -12
    endloop
  endfacet
  facet normal 0 0 -1
    outer loop
      vertex 16.8866 -10.7165 -12
      vertex 13.5092 -8.57323 -12
      vertex 14.0209 -7.70806 -12
    endloop
  endfacet
  facet normal 0 0 -1
    outer loop
      vertex 16.1803 -11.7557 -12
      vertex 12.9443 -9.40456 -12
      vertex 13.5092 -8.57323 -12
    endloop
  endfacet
  facet normal 0 0 -1
    outer loop
      vertex 10.9528 -11.6635 -12
      vertex 13.6909 -14.5794 -12
      vertex 12.7485 -15.4103 -12
    endloop
  endfacet
  facet normal 0 0 -1
    outer loop
      vertex 15.4103 -12.7485 -12
      vertex 12.3282 -10.1988 -12
      vertex 12.9443 -9.40456 -12
    endloop
  endfacet
  facet normal 0 0 -1
    outer loop
      vertex 10.1988 -12.3282 -12
      vertex 12.7485 -15.4103 -12
      vertex 11.7557 -16.1803 -12
    endloop
  endfacet
  facet normal 0 0 -1
    outer loop
      vertex 14.5794 -13.6909 -12
      vertex 11.6635 -10.9528 -12
      vertex 12.3282 -10.1988 -12
    endloop
  endfacet
  facet normal 0 0 -1
    outer loop
      vertex 13.6909 -14.5794 -12
      vertex 10.9528 -11.6635 -12
      vertex 11.6635 -10.9528 -12
    endloop
  endfacet
  facet normal 0 0 -1
    outer loop
      vertex 9.40456 -12.9443 -12
      vertex 11.7557 -16.1803 -12
      vertex 10.7165 -16.8866 -12
    endloop
  endfacet
  facet normal 0 0 -1
    outer loop
      vertex 12.7485 -15.4103 -12
      vertex 10.1988 -12.3282 -12
      vertex 10.9528 -11.6635 -12
    endloop
  endfacet
  facet normal 0 0 -1
    outer loop
      vertex 8.57323 -13.5092 -12
      vertex 10.7165 -16.8866 -12
      vertex 9.63507 -17.5261 -12
    endloop
  endfacet
  facet normal 0 0 -1
    outer loop
      vertex 11.7557 -16.1803 -12
      vertex 9.40456 -12.9443 -12
      vertex 10.1988 -12.3282 -12
    endloop
  endfacet
  facet normal 0 0 -1
    outer loop
      vertex 10.7165 -16.8866 -12
      vertex 8.57323 -13.5092 -12
      vertex 9.40456 -12.9443 -12
    endloop
  endfacet
  facet normal 0 0 -1
    outer loop
      vertex 7.70806 -14.0209 -12
      vertex 9.63507 -17.5261 -12
      vertex 8.51558 -18.0965 -12
    endloop
  endfacet
  facet normal 0 0 -1
    outer loop
      vertex 9.63507 -17.5261 -12
      vertex 7.70806 -14.0209 -12
      vertex 8.57323 -13.5092 -12
    endloop
  endfacet
  facet normal 0 0 -1
    outer loop
      vertex 6.81247 -14.4772 -12
      vertex 8.51558 -18.0965 -12
      vertex 7.36249 -18.5955 -12
    endloop
  endfacet
  facet normal 0 0 -1
    outer loop
      vertex 8.51558 -18.0965 -12
      vertex 6.81247 -14.4772 -12
      vertex 7.70806 -14.0209 -12
    endloop
  endfacet
  facet normal 0 0 -1
    outer loop
      vertex 5.88999 -14.8764 -12
      vertex 7.36249 -18.5955 -12
      vertex 6.18034 -19.0211 -12
    endloop
  endfacet
  facet normal 0 0 -1
    outer loop
      vertex 7.36249 -18.5955 -12
      vertex 5.88999 -14.8764 -12
      vertex 6.81247 -14.4772 -12
    endloop
  endfacet
  facet normal 0 0 -1
    outer loop
      vertex 4.94427 -15.2169 -12
      vertex 6.18034 -19.0211 -12
      vertex 4.9738 -19.3717 -12
    endloop
  endfacet
  facet normal 0 0 -1
    outer loop
      vertex 6.18034 -19.0211 -12
      vertex 4.94427 -15.2169 -12
      vertex 5.88999 -14.8764 -12
    endloop
  endfacet
  facet normal 0 0 -1
    outer loop
      vertex 4.9738 -19.3717 -12
      vertex 3.97904 -15.4973 -12
      vertex 4.94427 -15.2169 -12
    endloop
  endfacet
  facet normal 0 0 -1
    outer loop
      vertex 3.74763 -19.6457 -12
      vertex 3.97904 -15.4973 -12
      vertex 4.9738 -19.3717 -12
    endloop
  endfacet
  facet normal 0 0 -1
    outer loop
      vertex 3.74763 -19.6457 -12
      vertex 2.9981 -15.7166 -12
      vertex 3.97904 -15.4973 -12
    endloop
  endfacet
  facet normal 0 0 -1
    outer loop
      vertex 2.50666 -19.8423 -12
      vertex 2.9981 -15.7166 -12
      vertex 3.74763 -19.6457 -12
    endloop
  endfacet
  facet normal 0 0 -1
    outer loop
      vertex 2.50666 -19.8423 -12
      vertex 2.00533 -15.8738 -12
      vertex 2.9981 -15.7166 -12
    endloop
  endfacet
  facet normal 0 0 -1
    outer loop
      vertex 1.25581 -19.9605 -12
      vertex 2.00533 -15.8738 -12
      vertex 2.50666 -19.8423 -12
    endloop
  endfacet
  facet normal 0 0 -1
    outer loop
      vertex 1.25581 -19.9605 -12
      vertex 1.00465 -15.9684 -12
      vertex 2.00533 -15.8738 -12
    endloop
  endfacet
  facet normal 0 0 -1
    outer loop
      vertex 0 -20 -12
      vertex 1.00465 -15.9684 -12
      vertex 1.25581 -19.9605 -12
    endloop
  endfacet
  facet normal 0 0 -1
    outer loop
      vertex 0 -20 -12
      vertex 0 -16 -12
      vertex 1.00465 -15.9684 -12
    endloop
  endfacet
  facet normal 0 0 -1
    outer loop
      vertex 0 -20 -12
      vertex -1.00465 -15.9684 -12
      vertex 0 -16 -12
    endloop
  endfacet
  facet normal 0 0 -1
    outer loop
      vertex -1.25581 -19.9605 -12
      vertex -1.00465 -15.9684 -12
      vertex 0 -20 -12
    endloop
  endfacet
  facet normal 0 0 -1
    outer loop
      vertex -1.25581 -19.9605 -12
      vertex -2.00533 -15.8738 -12
      vertex -1.00465 -15.9684 -12
    endloop
  endfacet
  facet normal 0 0 -1
    outer loop
      vertex -2.50666 -19.8423 -12
      vertex -2.00533 -15.8738 -12
      vertex -1.25581 -19.9605 -12
    endloop
  endfacet
  facet normal 0 0 -1
    outer loop
      vertex -2.50666 -19.8423 -12
      vertex -2.9981 -15.7166 -12
      vertex -2.00533 -15.8738 -12
    endloop
  endfacet
  facet normal 0 0 -1
    outer loop
      vertex -3.74763 -19.6457 -12
      vertex -2.9981 -15.7166 -12
      vertex -2.50666 -19.8423 -12
    endloop
  endfacet
  facet normal 0 0 -1
    outer loop
      vertex -3.74763 -19.6457 -12
      vertex -3.97904 -15.4973 -12
      vertex -2.9981 -15.7166 -12
    endloop
  endfacet
  facet normal 0 0 -1
    outer loop
      vertex -4.9738 -19.3717 -12
      vertex -3.97904 -15.4973 -12
      vertex -3.74763 -19.6457 -12
    endloop
  endfacet
  facet normal -0 0 -1
    outer loop
      vertex -3.97904 -15.4973 -12
      vertex -4.9738 -19.3717 -12
      vertex -4.94427 -15.2169 -12
    endloop
  endfacet
  facet normal 0 0 -1
    outer loop
      vertex -6.18034 -19.0211 -12
      vertex -4.94427 -15.2169 -12
      vertex -4.9738 -19.3717 -12
    endloop
  endfacet
  facet normal -0 0 -1
    outer loop
      vertex -4.94427 -15.2169 -12
      vertex -6.18034 -19.0211 -12
      vertex -5.88999 -14.8764 -12
    endloop
  endfacet
  facet normal 0 0 -1
    outer loop
      vertex -7.36249 -18.5955 -12
      vertex -5.88999 -14.8764 -12
      vertex -6.18034 -19.0211 -12
    endloop
  endfacet
  facet normal -0 0 -1
    outer loop
      vertex -5.88999 -14.8764 -12
      vertex -7.36249 -18.5955 -12
      vertex -6.81247 -14.4772 -12
    endloop
  endfacet
  facet normal 0 0 -1
    outer loop
      vertex -8.51558 -18.0965 -12
      vertex -6.81247 -14.4772 -12
      vertex -7.36249 -18.5955 -12
    endloop
  endfacet
  facet normal -0 0 -1
    outer loop
      vertex -6.81247 -14.4772 -12
      vertex -8.51558 -18.0965 -12
      vertex -7.70806 -14.0209 -12
    endloop
  endfacet
  facet normal 0 0 -1
    outer loop
      vertex -9.63507 -17.5261 -12
      vertex -7.70806 -14.0209 -12
      vertex -8.51558 -18.0965 -12
    endloop
  endfacet
  facet normal -0 0 -1
    outer loop
      vertex -7.70806 -14.0209 -12
      vertex -9.63507 -17.5261 -12
      vertex -8.57323 -13.5092 -12
    endloop
  endfacet
  facet normal 0 0 -1
    outer loop
      vertex -10.7165 -16.8866 -12
      vertex -8.57323 -13.5092 -12
      vertex -9.63507 -17.5261 -12
    endloop
  endfacet
  facet normal -0 0 -1
    outer loop
      vertex -8.57323 -13.5092 -12
      vertex -10.7165 -16.8866 -12
      vertex -9.40456 -12.9443 -12
    endloop
  endfacet
  facet normal 0 0 -1
    outer loop
      vertex -11.7557 -16.1803 -12
      vertex -9.40456 -12.9443 -12
      vertex -10.7165 -16.8866 -12
    endloop
  endfacet
  facet normal -0 0 -1
    outer loop
      vertex -9.40456 -12.9443 -12
      vertex -11.7557 -16.1803 -12
      vertex -10.1988 -12.3282 -12
    endloop
  endfacet
  facet normal 0 0 -1
    outer loop
      vertex -12.7485 -15.4103 -12
      vertex -10.1988 -12.3282 -12
      vertex -11.7557 -16.1803 -12
    endloop
  endfacet
  facet normal -0 0 -1
    outer loop
      vertex -10.1988 -12.3282 -12
      vertex -12.7485 -15.4103 -12
      vertex -10.9528 -11.6635 -12
    endloop
  endfacet
  facet normal 0 0 -1
    outer loop
      vertex -13.6909 -14.5794 -12
      vertex -10.9528 -11.6635 -12
      vertex -12.7485 -15.4103 -12
    endloop
  endfacet
  facet normal -0 0 -1
    outer loop
      vertex -10.9528 -11.6635 -12
      vertex -13.6909 -14.5794 -12
      vertex -11.6635 -10.9528 -12
    endloop
  endfacet
  facet normal 0 0 -1
    outer loop
      vertex -14.5794 -13.6909 -12
      vertex -11.6635 -10.9528 -12
      vertex -13.6909 -14.5794 -12
    endloop
  endfacet
  facet normal -0 0 -1
    outer loop
      vertex -11.6635 -10.9528 -12
      vertex -14.5794 -13.6909 -12
      vertex -12.3282 -10.1988 -12
    endloop
  endfacet
  facet normal 0 0 -1
    outer loop
      vertex -15.4103 -12.7485 -12
      vertex -12.3282 -10.1988 -12
      vertex -14.5794 -13.6909 -12
    endloop
  endfacet
  facet normal -0 0 -1
    outer loop
      vertex -12.3282 -10.1988 -12
      vertex -15.4103 -12.7485 -12
      vertex -12.9443 -9.40456 -12
    endloop
  endfacet
  facet normal 0 0 -1
    outer loop
      vertex -16.1803 -11.7557 -12
      vertex -12.9443 -9.40456 -12
      vertex -15.4103 -12.7485 -12
    endloop
  endfacet
  facet normal -0 0 -1
    outer loop
      vertex -12.9443 -9.40456 -12
      vertex -16.1803 -11.7557 -12
      vertex -13.5092 -8.57323 -12
    endloop
  endfacet
  facet normal 0 0 -1
    outer loop
      vertex -16.8866 -10.7165 -12
      vertex -13.5092 -8.57323 -12
      vertex -16.1803 -11.7557 -12
    endloop
  endfacet
  facet normal -0 0 -1
    outer loop
      vertex -13.5092 -8.57323 -12
      vertex -16.8866 -10.7165 -12
      vertex -14.0209 -7.70806 -12
    endloop
  endfacet
  facet normal 0 0 -1
    outer loop
      vertex -17.5261 -9.63507 -12
      vertex -14.0209 -7.70806 -12
      vertex -16.8866 -10.7165 -12
    endloop
  endfacet
  facet normal -0 0 -1
    outer loop
      vertex -14.0209 -7.70806 -12
      vertex -17.5261 -9.63507 -12
      vertex -14.4772 -6.81247 -12
    endloop
  endfacet
  facet normal 0 0 -1
    outer loop
      vertex -18.0965 -8.51558 -12
      vertex -14.4772 -6.81247 -12
      vertex -17.5261 -9.63507 -12
    endloop
  endfacet
  facet normal -0 0 -1
    outer loop
      vertex -14.4772 -6.81247 -12
      vertex -18.0965 -8.51558 -12
      vertex -14.8764 -5.88999 -12
    endloop
  endfacet
  facet normal 0 0 -1
    outer loop
      vertex -18.5955 -7.36249 -12
      vertex -14.8764 -5.88999 -12
      vertex -18.0965 -8.51558 -12
    endloop
  endfacet
  facet normal 0 0 -1
    outer loop
      vertex -19.0211 -6.18034 -12
      vertex -15.2169 -4.94427 -12
      vertex -18.5955 -7.36249 -12
    endloop
  endfacet
  facet normal -0 0 -1
    outer loop
      vertex -14.8764 -5.88999 -12
      vertex -18.5955 -7.36249 -12
      vertex -15.2169 -4.94427 -12
    endloop
  endfacet
  facet normal -0 0 -1
    outer loop
      vertex 19.0211 6.18034 -12
      vertex 15.2169 4.94427 -12
      vertex 18.5955 7.36249 -12
    endloop
  endfacet
  facet normal 0 0 -1
    outer loop
      vertex 14.8764 5.88999 -12
      vertex 18.5955 7.36249 -12
      vertex 15.2169 4.94427 -12
    endloop
  endfacet
  facet normal -0 0 -1
    outer loop
      vertex 18.5955 7.36249 -12
      vertex 14.8764 5.88999 -12
      vertex 18.0965 8.51558 -12
    endloop
  endfacet
  facet normal 0 0 -1
    outer loop
      vertex 14.4772 6.81247 -12
      vertex 18.0965 8.51558 -12
      vertex 14.8764 5.88999 -12
    endloop
  endfacet
  facet normal -0 0 -1
    outer loop
      vertex 18.0965 8.51558 -12
      vertex 14.4772 6.81247 -12
      vertex 17.5261 9.63507 -12
    endloop
  endfacet
  facet normal 0 0 -1
    outer loop
      vertex 14.0209 7.70806 -12
      vertex 17.5261 9.63507 -12
      vertex 14.4772 6.81247 -12
    endloop
  endfacet
  facet normal -0 0 -1
    outer loop
      vertex 17.5261 9.63507 -12
      vertex 14.0209 7.70806 -12
      vertex 16.8866 10.7165 -12
    endloop
  endfacet
  facet normal 0 0 -1
    outer loop
      vertex 13.5092 8.57323 -12
      vertex 16.8866 10.7165 -12
      vertex 14.0209 7.70806 -12
    endloop
  endfacet
  facet normal -0 0 -1
    outer loop
      vertex 16.8866 10.7165 -12
      vertex 13.5092 8.57323 -12
      vertex 16.1803 11.7557 -12
    endloop
  endfacet
  facet normal 0 0 -1
    outer loop
      vertex 12.9443 9.40456 -12
      vertex 16.1803 11.7557 -12
      vertex 13.5092 8.57323 -12
    endloop
  endfacet
  facet normal -0 0 -1
    outer loop
      vertex 16.1803 11.7557 -12
      vertex 12.9443 9.40456 -12
      vertex 15.4103 12.7485 -12
    endloop
  endfacet
  facet normal 0 0 -1
    outer loop
      vertex 12.3282 10.1988 -12
      vertex 15.4103 12.7485 -12
      vertex 12.9443 9.40456 -12
    endloop
  endfacet
  facet normal -0 0 -1
    outer loop
      vertex 15.4103 12.7485 -12
      vertex 12.3282 10.1988 -12
      vertex 14.5794 13.6909 -12
    endloop
  endfacet
  facet normal 0 0 -1
    outer loop
      vertex 11.6635 10.9528 -12
      vertex 14.5794 13.6909 -12
      vertex 12.3282 10.1988 -12
    endloop
  endfacet
  facet normal -0 0 -1
    outer loop
      vertex 14.5794 13.6909 -12
      vertex 11.6635 10.9528 -12
      vertex 13.6909 14.5794 -12
    endloop
  endfacet
  facet normal 0 0 -1
    outer loop
      vertex 10.9528 11.6635 -12
      vertex 13.6909 14.5794 -12
      vertex 11.6635 10.9528 -12
    endloop
  endfacet
  facet normal -0 0 -1
    outer loop
      vertex 13.6909 14.5794 -12
      vertex 10.9528 11.6635 -12
      vertex 12.7485 15.4103 -12
    endloop
  endfacet
  facet normal 0 0 -1
    outer loop
      vertex 10.1988 12.3282 -12
      vertex 12.7485 15.4103 -12
      vertex 10.9528 11.6635 -12
    endloop
  endfacet
  facet normal -0 0 -1
    outer loop
      vertex 12.7485 15.4103 -12
      vertex 10.1988 12.3282 -12
      vertex 11.7557 16.1803 -12
    endloop
  endfacet
  facet normal 0 0 -1
    outer loop
      vertex 9.40456 12.9443 -12
      vertex 11.7557 16.1803 -12
      vertex 10.1988 12.3282 -12
    endloop
  endfacet
  facet normal -0 0 -1
    outer loop
      vertex 11.7557 16.1803 -12
      vertex 9.40456 12.9443 -12
      vertex 10.7165 16.8866 -12
    endloop
  endfacet
  facet normal 0 0 -1
    outer loop
      vertex 8.57323 13.5092 -12
      vertex 10.7165 16.8866 -12
      vertex 9.40456 12.9443 -12
    endloop
  endfacet
  facet normal -0 0 -1
    outer loop
      vertex 10.7165 16.8866 -12
      vertex 8.57323 13.5092 -12
      vertex 9.63507 17.5261 -12
    endloop
  endfacet
  facet normal 0 0 -1
    outer loop
      vertex 7.70806 14.0209 -12
      vertex 9.63507 17.5261 -12
      vertex 8.57323 13.5092 -12
    endloop
  endfacet
  facet normal -0 0 -1
    outer loop
      vertex 9.63507 17.5261 -12
      vertex 7.70806 14.0209 -12
      vertex 8.51558 18.0965 -12
    endloop
  endfacet
  facet normal 0 0 -1
    outer loop
      vertex 6.81247 14.4772 -12
      vertex 8.51558 18.0965 -12
      vertex 7.70806 14.0209 -12
    endloop
  endfacet
  facet normal -0 0 -1
    outer loop
      vertex 8.51558 18.0965 -12
      vertex 6.81247 14.4772 -12
      vertex 7.36249 18.5955 -12
    endloop
  endfacet
  facet normal 0 0 -1
    outer loop
      vertex 5.88999 14.8764 -12
      vertex 7.36249 18.5955 -12
      vertex 6.81247 14.4772 -12
    endloop
  endfacet
  facet normal -0 0 -1
    outer loop
      vertex 7.36249 18.5955 -12
      vertex 5.88999 14.8764 -12
      vertex 6.18034 19.0211 -12
    endloop
  endfacet
  facet normal 0 0 -1
    outer loop
      vertex 4.94427 15.2169 -12
      vertex 6.18034 19.0211 -12
      vertex 5.88999 14.8764 -12
    endloop
  endfacet
  facet normal -0 0 -1
    outer loop
      vertex 6.18034 19.0211 -12
      vertex 4.94427 15.2169 -12
      vertex 4.9738 19.3717 -12
    endloop
  endfacet
  facet normal 0 0 -1
    outer loop
      vertex 3.97904 15.4973 -12
      vertex 4.9738 19.3717 -12
      vertex 4.94427 15.2169 -12
    endloop
  endfacet
  facet normal 0 0 -1
    outer loop
      vertex 3.97904 15.4973 -12
      vertex 3.74763 19.6457 -12
      vertex 4.9738 19.3717 -12
    endloop
  endfacet
  facet normal 0 0 -1
    outer loop
      vertex 2.9981 15.7166 -12
      vertex 3.74763 19.6457 -12
      vertex 3.97904 15.4973 -12
    endloop
  endfacet
  facet normal 0 0 -1
    outer loop
      vertex 2.9981 15.7166 -12
      vertex 2.50666 19.8423 -12
      vertex 3.74763 19.6457 -12
    endloop
  endfacet
  facet normal 0 0 -1
    outer loop
      vertex 2.00533 15.8738 -12
      vertex 2.50666 19.8423 -12
      vertex 2.9981 15.7166 -12
    endloop
  endfacet
  facet normal 0 0 -1
    outer loop
      vertex 2.00533 15.8738 -12
      vertex 1.25581 19.9605 -12
      vertex 2.50666 19.8423 -12
    endloop
  endfacet
  facet normal 0 0 -1
    outer loop
      vertex 1.00465 15.9684 -12
      vertex 1.25581 19.9605 -12
      vertex 2.00533 15.8738 -12
    endloop
  endfacet
  facet normal 0 0 -1
    outer loop
      vertex 0 16 -12
      vertex 1.25581 19.9605 -12
      vertex 1.00465 15.9684 -12
    endloop
  endfacet
  facet normal 0 0 -1
    outer loop
      vertex 0 16 -12
      vertex 0 20 -12
      vertex 1.25581 19.9605 -12
    endloop
  endfacet
  facet normal 0 0 -1
    outer loop
      vertex -1.00465 15.9684 -12
      vertex 0 20 -12
      vertex 0 16 -12
    endloop
  endfacet
  facet normal 0 0 -1
    outer loop
      vertex -1.00465 15.9684 -12
      vertex -1.25581 19.9605 -12
      vertex 0 20 -12
    endloop
  endfacet
  facet normal 0 0 -1
    outer loop
      vertex -2.00533 15.8738 -12
      vertex -1.25581 19.9605 -12
      vertex -1.00465 15.9684 -12
    endloop
  endfacet
  facet normal 0 0 -1
    outer loop
      vertex -2.00533 15.8738 -12
      vertex -2.50666 19.8423 -12
      vertex -1.25581 19.9605 -12
    endloop
  endfacet
  facet normal 0 0 -1
    outer loop
      vertex -2.9981 15.7166 -12
      vertex -2.50666 19.8423 -12
      vertex -2.00533 15.8738 -12
    endloop
  endfacet
  facet normal 0 0 -1
    outer loop
      vertex -2.9981 15.7166 -12
      vertex -3.74763 19.6457 -12
      vertex -2.50666 19.8423 -12
    endloop
  endfacet
  facet normal 0 0 -1
    outer loop
      vertex -3.97904 15.4973 -12
      vertex -3.74763 19.6457 -12
      vertex -2.9981 15.7166 -12
    endloop
  endfacet
  facet normal 0 0 -1
    outer loop
      vertex -4.9738 19.3717 -12
      vertex -3.97904 15.4973 -12
      vertex -4.94427 15.2169 -12
    endloop
  endfacet
  facet normal 0 0 -1
    outer loop
      vertex -3.97904 15.4973 -12
      vertex -4.9738 19.3717 -12
      vertex -3.74763 19.6457 -12
    endloop
  endfacet
  facet normal 0 0 -1
    outer loop
      vertex -6.18034 19.0211 -12
      vertex -4.94427 15.2169 -12
      vertex -5.88999 14.8764 -12
    endloop
  endfacet
  facet normal 0 0 -1
    outer loop
      vertex -4.94427 15.2169 -12
      vertex -6.18034 19.0211 -12
      vertex -4.9738 19.3717 -12
    endloop
  endfacet
  facet normal 0 0 -1
    outer loop
      vertex -7.36249 18.5955 -12
      vertex -5.88999 14.8764 -12
      vertex -6.81247 14.4772 -12
    endloop
  endfacet
  facet normal 0 0 -1
    outer loop
      vertex -5.88999 14.8764 -12
      vertex -7.36249 18.5955 -12
      vertex -6.18034 19.0211 -12
    endloop
  endfacet
  facet normal 0 0 -1
    outer loop
      vertex -8.51558 18.0965 -12
      vertex -6.81247 14.4772 -12
      vertex -7.70806 14.0209 -12
    endloop
  endfacet
  facet normal 0 0 -1
    outer loop
      vertex -6.81247 14.4772 -12
      vertex -8.51558 18.0965 -12
      vertex -7.36249 18.5955 -12
    endloop
  endfacet
  facet normal 0 0 -1
    outer loop
      vertex -9.63507 17.5261 -12
      vertex -7.70806 14.0209 -12
      vertex -8.57323 13.5092 -12
    endloop
  endfacet
  facet normal 0 0 -1
    outer loop
      vertex -10.7165 16.8866 -12
      vertex -8.57323 13.5092 -12
      vertex -9.40456 12.9443 -12
    endloop
  endfacet
  facet normal 0 0 -1
    outer loop
      vertex -7.70806 14.0209 -12
      vertex -9.63507 17.5261 -12
      vertex -8.51558 18.0965 -12
    endloop
  endfacet
  facet normal 0 0 -1
    outer loop
      vertex -11.7557 16.1803 -12
      vertex -9.40456 12.9443 -12
      vertex -10.1988 12.3282 -12
    endloop
  endfacet
  facet normal 0 0 -1
    outer loop
      vertex -8.57323 13.5092 -12
      vertex -10.7165 16.8866 -12
      vertex -9.63507 17.5261 -12
    endloop
  endfacet
  facet normal 0 0 -1
    outer loop
      vertex -12.7485 15.4103 -12
      vertex -10.1988 12.3282 -12
      vertex -10.9528 11.6635 -12
    endloop
  endfacet
  facet normal 0 0 -1
    outer loop
      vertex -13.6909 14.5794 -12
      vertex -10.9528 11.6635 -12
      vertex -11.6635 10.9528 -12
    endloop
  endfacet
  facet normal 0 0 -1
    outer loop
      vertex -9.40456 12.9443 -12
      vertex -11.7557 16.1803 -12
      vertex -10.7165 16.8866 -12
    endloop
  endfacet
  facet normal 0 0 -1
    outer loop
      vertex -14.5794 13.6909 -12
      vertex -11.6635 10.9528 -12
      vertex -12.3282 10.1988 -12
    endloop
  endfacet
  facet normal 0 0 -1
    outer loop
      vertex -10.1988 12.3282 -12
      vertex -12.7485 15.4103 -12
      vertex -11.7557 16.1803 -12
    endloop
  endfacet
  facet normal 0 0 -1
    outer loop
      vertex -15.4103 12.7485 -12
      vertex -12.3282 10.1988 -12
      vertex -12.9443 9.40456 -12
    endloop
  endfacet
  facet normal 0 0 -1
    outer loop
      vertex -16.1803 11.7557 -12
      vertex -12.9443 9.40456 -12
      vertex -13.5092 8.57323 -12
    endloop
  endfacet
  facet normal 0 0 -1
    outer loop
      vertex -10.9528 11.6635 -12
      vertex -13.6909 14.5794 -12
      vertex -12.7485 15.4103 -12
    endloop
  endfacet
  facet normal 0 0 -1
    outer loop
      vertex -16.8866 10.7165 -12
      vertex -13.5092 8.57323 -12
      vertex -14.0209 7.70806 -12
    endloop
  endfacet
  facet normal 0 0 -1
    outer loop
      vertex -17.5261 9.63507 -12
      vertex -14.0209 7.70806 -12
      vertex -14.4772 6.81247 -12
    endloop
  endfacet
  facet normal 0 0 -1
    outer loop
      vertex -11.6635 10.9528 -12
      vertex -14.5794 13.6909 -12
      vertex -13.6909 14.5794 -12
    endloop
  endfacet
  facet normal 0 0 -1
    outer loop
      vertex -18.0965 8.51558 -12
      vertex -14.4772 6.81247 -12
      vertex -14.8764 5.88999 -12
    endloop
  endfacet
  facet normal 0 0 -1
    outer loop
      vertex -18.5955 7.36249 -12
      vertex -14.8764 5.88999 -12
      vertex -15.2169 4.94427 -12
    endloop
  endfacet
  facet normal 0 0 -1
    outer loop
      vertex -12.3282 10.1988 -12
      vertex -15.4103 12.7485 -12
      vertex -14.5794 13.6909 -12
    endloop
  endfacet
  facet normal 0 0 -1
    outer loop
      vertex -19.0211 6.18034 -12
      vertex -15.2169 4.94427 -12
      vertex -15.4973 3.97904 -12
    endloop
  endfacet
  facet normal 0 0 -1
    outer loop
      vertex -19.3717 4.9738 -12
      vertex -15.4973 3.97904 -12
      vertex -15.7166 2.9981 -12
    endloop
  endfacet
  facet normal 0 0 -1
    outer loop
      vertex -19.6457 3.74763 -12
      vertex -15.7166 2.9981 -12
      vertex -15.8738 2.00533 -12
    endloop
  endfacet
  facet normal 0 0 -1
    outer loop
      vertex -19.8423 2.50666 -12
      vertex -15.8738 2.00533 -12
      vertex -15.9684 1.00465 -12
    endloop
  endfacet
  facet normal 0 0 -1
    outer loop
      vertex -12.9443 9.40456 -12
      vertex -16.1803 11.7557 -12
      vertex -15.4103 12.7485 -12
    endloop
  endfacet
  facet normal 0 0 -1
    outer loop
      vertex -19.9605 1.25581 -12
      vertex -15.9684 1.00465 -12
      vertex -16 0 -12
    endloop
  endfacet
  facet normal -0 0 -1
    outer loop
      vertex -15.2169 -4.94427 -12
      vertex -19.0211 -6.18034 -12
      vertex -15.4973 -3.97904 -12
    endloop
  endfacet
  facet normal 0 0 -1
    outer loop
      vertex -19.3717 -4.9738 -12
      vertex -15.4973 -3.97904 -12
      vertex -19.0211 -6.18034 -12
    endloop
  endfacet
  facet normal 0 0 -1
    outer loop
      vertex -13.5092 8.57323 -12
      vertex -16.8866 10.7165 -12
      vertex -16.1803 11.7557 -12
    endloop
  endfacet
  facet normal -0 0 -1
    outer loop
      vertex -15.4973 -3.97904 -12
      vertex -19.3717 -4.9738 -12
      vertex -15.7166 -2.9981 -12
    endloop
  endfacet
  facet normal 0 0 -1
    outer loop
      vertex -14.0209 7.70806 -12
      vertex -17.5261 9.63507 -12
      vertex -16.8866 10.7165 -12
    endloop
  endfacet
  facet normal 0 0 -1
    outer loop
      vertex -19.6457 -3.74763 -12
      vertex -15.7166 -2.9981 -12
      vertex -19.3717 -4.9738 -12
    endloop
  endfacet
  facet normal 0 0 -1
    outer loop
      vertex -14.4772 6.81247 -12
      vertex -18.0965 8.51558 -12
      vertex -17.5261 9.63507 -12
    endloop
  endfacet
  facet normal -0 0 -1
    outer loop
      vertex -15.7166 -2.9981 -12
      vertex -19.6457 -3.74763 -12
      vertex -15.8738 -2.00533 -12
    endloop
  endfacet
  facet normal 0 0 -1
    outer loop
      vertex -14.8764 5.88999 -12
      vertex -18.5955 7.36249 -12
      vertex -18.0965 8.51558 -12
    endloop
  endfacet
  facet normal 0 0 -1
    outer loop
      vertex -19.8423 -2.50666 -12
      vertex -15.8738 -2.00533 -12
      vertex -19.6457 -3.74763 -12
    endloop
  endfacet
  facet normal 0 0 -1
    outer loop
      vertex -15.2169 4.94427 -12
      vertex -19.0211 6.18034 -12
      vertex -18.5955 7.36249 -12
    endloop
  endfacet
  facet normal -0 0 -1
    outer loop
      vertex -15.8738 -2.00533 -12
      vertex -19.8423 -2.50666 -12
      vertex -15.9684 -1.00465 -12
    endloop
  endfacet
  facet normal 0 0 -1
    outer loop
      vertex -15.4973 3.97904 -12
      vertex -19.3717 4.9738 -12
      vertex -19.0211 6.18034 -12
    endloop
  endfacet
  facet normal 0 0 -1
    outer loop
      vertex -19.9605 -1.25581 -12
      vertex -15.9684 -1.00465 -12
      vertex -19.8423 -2.50666 -12
    endloop
  endfacet
  facet normal 0 0 -1
    outer loop
      vertex -15.7166 2.9981 -12
      vertex -19.6457 3.74763 -12
      vertex -19.3717 4.9738 -12
    endloop
  endfacet
  facet normal -0 0 -1
    outer loop
      vertex -15.9684 -1.00465 -12
      vertex -19.9605 -1.25581 -12
      vertex -16 0 -12
    endloop
  endfacet
  facet normal 0 0 -1
    outer loop
      vertex -15.8738 2.00533 -12
      vertex -19.8423 2.50666 -12
      vertex -19.6457 3.74763 -12
    endloop
  endfacet
  facet normal 0 0 -1
    outer loop
      vertex -20 0 -12
      vertex -16 0 -12
      vertex -19.9605 -1.25581 -12
    endloop
  endfacet
  facet normal 0 0 -1
    outer loop
      vertex -15.9684 1.00465 -12
      vertex -19.9605 1.25581 -12
      vertex -19.8423 2.50666 -12
    endloop
  endfacet
  facet normal 0 0 -1
    outer loop
      vertex -16 0 -12
      vertex -20 0 -12
      vertex -19.9605 1.25581 -12
    endloop
  endfacet
  facet normal -0.999506 0.0314383 0
    outer loop
      vertex -20 0 -12
      vertex -19.9605 1.25581 -7
      vertex -19.9605 1.25581 -12
    endloop
  endfacet
  facet normal -0.999506 0.0314383 0
    outer loop
      vertex -19.9605 1.25581 -7
      vertex -20 0 -12
      vertex -20 0 -7
    endloop
  endfacet
  facet normal -0.917751 0.397157 0
    outer loop
      vertex -18.5955 7.36249 -12
      vertex -18.0965 8.51558 -7
      vertex -18.0965 8.51558 -12
    endloop
  endfacet
  facet normal -0.917751 0.397157 0
    outer loop
      vertex -18.0965 8.51558 -7
      vertex -18.5955 7.36249 -12
      vertex -18.5955 7.36249 -7
    endloop
  endfacet
  facet normal -0.453985 -0.891009 0
    outer loop
      vertex -9.63507 -17.5261 -12
      vertex -8.51558 -18.0965 -7
      vertex -9.63507 -17.5261 -7
    endloop
  endfacet
  facet normal -0.453985 -0.891009 -0
    outer loop
      vertex -8.51558 -18.0965 -7
      vertex -9.63507 -17.5261 -12
      vertex -8.51558 -18.0965 -12
    endloop
  endfacet
  facet normal -0.891009 -0.453985 0
    outer loop
      vertex -17.5261 -9.63507 -12
      vertex -18.0965 -8.51558 -7
      vertex -18.0965 -8.51558 -12
    endloop
  endfacet
  facet normal -0.891009 -0.453985 0
    outer loop
      vertex -18.0965 -8.51558 -7
      vertex -17.5261 -9.63507 -12
      vertex -17.5261 -9.63507 -7
    endloop
  endfacet
  facet normal -0.917751 -0.397157 0
    outer loop
      vertex -18.0965 -8.51558 -12
      vertex -18.5955 -7.36249 -7
      vertex -18.5955 -7.36249 -12
    endloop
  endfacet
  facet normal -0.917751 -0.397157 0
    outer loop
      vertex -18.5955 -7.36249 -7
      vertex -18.0965 -8.51558 -12
      vertex -18.0965 -8.51558 -7
    endloop
  endfacet
  facet normal -0.156448 -0.987686 0
    outer loop
      vertex 30.3136 -8.84058 -12
      vertex 30.872 -8.92903 -7
      vertex 30.3136 -8.84058 -7
    endloop
  endfacet
  facet normal -0.156448 -0.987686 -0
    outer loop
      vertex 30.872 -8.92903 -7
      vertex 30.3136 -8.84058 -12
      vertex 30.872 -8.92903 -12
    endloop
  endfacet
  facet normal 0.999504 0.0314825 0
    outer loop
      vertex 41 0 -7
      vertex 40.9822 0.565114 -12
      vertex 40.9822 0.565114 -7
    endloop
  endfacet
  facet normal 0.999504 0.0314825 0
    outer loop
      vertex 40.9822 0.565114 -12
      vertex 41 0 -7
      vertex 41 0 -12
    endloop
  endfacet
  facet normal 0.987701 -0.156354 0
    outer loop
      vertex 40.8406 -1.68643 -7
      vertex 40.929 -1.128 -12
      vertex 40.929 -1.128 -7
    endloop
  endfacet
  facet normal 0.987701 -0.156354 0
    outer loop
      vertex 40.929 -1.128 -12
      vertex 40.8406 -1.68643 -7
      vertex 40.8406 -1.68643 -12
    endloop
  endfacet
  facet normal -0.661317 -0.750106 0
    outer loop
      vertex 25.8391 -6.56072 -12
      vertex 26.2632 -6.93462 -7
      vertex 25.8391 -6.56072 -7
    endloop
  endfacet
  facet normal -0.661317 -0.750106 -0
    outer loop
      vertex 26.2632 -6.93462 -7
      vertex 25.8391 -6.56072 -12
      vertex 26.2632 -6.93462 -12
    endloop
  endfacet
  facet normal -0.995563 -0.0940936 0
    outer loop
      vertex 23.071 -1.128 -12
      vertex 23.0178 -0.565114 -7
      vertex 23.0178 -0.565114 -12
    endloop
  endfacet
  facet normal -0.995563 -0.0940936 0
    outer loop
      vertex 23.0178 -0.565114 -7
      vertex 23.071 -1.128 -12
      vertex 23.071 -1.128 -7
    endloop
  endfacet
  facet normal -0.0314126 0.999507 0
    outer loop
      vertex 32 9 -12
      vertex 31.4349 8.98224 -7
      vertex 32 9 -7
    endloop
  endfacet
  facet normal -0.0314126 0.999507 0
    outer loop
      vertex 31.4349 8.98224 -7
      vertex 32 9 -12
      vertex 31.4349 8.98224 -12
    endloop
  endfacet
  facet normal -0.218123 -0.975921 0
    outer loop
      vertex 29.7618 -8.71725 -12
      vertex 30.3136 -8.84058 -7
      vertex 29.7618 -8.71725 -7
    endloop
  endfacet
  facet normal -0.218123 -0.975921 -0
    outer loop
      vertex 30.3136 -8.84058 -7
      vertex 29.7618 -8.71725 -12
      vertex 30.3136 -8.84058 -12
    endloop
  endfacet
  facet normal -0.995563 0.0940936 0
    outer loop
      vertex 23.0178 0.565114 -12
      vertex 23.071 1.128 -7
      vertex 23.071 1.128 -12
    endloop
  endfacet
  facet normal -0.995563 0.0940936 0
    outer loop
      vertex 23.071 1.128 -7
      vertex 23.0178 0.565114 -12
      vertex 23.0178 0.565114 -7
    endloop
  endfacet
  facet normal -0.509088 0.860714 0
    outer loop
      vertex 27.6642 7.88676 -12
      vertex 27.1776 7.59895 -7
      vertex 27.6642 7.88676 -7
    endloop
  endfacet
  facet normal -0.509088 0.860714 0
    outer loop
      vertex 27.1776 7.59895 -7
      vertex 27.6642 7.88676 -12
      vertex 27.1776 7.59895 -12
    endloop
  endfacet
  facet normal 0.0941088 -0.995562 0
    outer loop
      vertex 32.5651 -8.98224 -12
      vertex 33.128 -8.92903 -7
      vertex 32.5651 -8.98224 -7
    endloop
  endfacet
  facet normal 0.0941088 -0.995562 0
    outer loop
      vertex 33.128 -8.92903 -7
      vertex 32.5651 -8.98224 -12
      vertex 33.128 -8.92903 -12
    endloop
  endfacet
  facet normal 0.509088 0.860714 -0
    outer loop
      vertex 36.8224 7.59895 -12
      vertex 36.3358 7.88676 -7
      vertex 36.8224 7.59895 -7
    endloop
  endfacet
  facet normal 0.509088 0.860714 0
    outer loop
      vertex 36.3358 7.88676 -7
      vertex 36.8224 7.59895 -12
      vertex 36.3358 7.88676 -12
    endloop
  endfacet
  facet normal -0.960312 0.278928 0
    outer loop
      vertex 23.2828 2.23821 -12
      vertex 23.4405 2.78115 -7
      vertex 23.4405 2.78115 -12
    endloop
  endfacet
  facet normal -0.960312 0.278928 0
    outer loop
      vertex 23.4405 2.78115 -7
      vertex 23.2828 2.23821 -12
      vertex 23.2828 2.23821 -7
    endloop
  endfacet
  facet normal 0.0941088 0.995562 -0
    outer loop
      vertex 33.128 8.92903 -12
      vertex 32.5651 8.98224 -7
      vertex 33.128 8.92903 -7
    endloop
  endfacet
  facet normal 0.0941088 0.995562 0
    outer loop
      vertex 32.5651 8.98224 -7
      vertex 33.128 8.92903 -12
      vertex 32.5651 8.98224 -12
    endloop
  endfacet
  facet normal -0.612945 0.790126 0
    outer loop
      vertex 26.7099 7.28115 -12
      vertex 26.2632 6.93462 -7
      vertex 26.7099 7.28115 -7
    endloop
  endfacet
  facet normal -0.612945 0.790126 0
    outer loop
      vertex 26.2632 6.93462 -7
      vertex 26.7099 7.28115 -12
      vertex 26.2632 6.93462 -12
    endloop
  endfacet
  facet normal 0.975893 0.218249 0
    outer loop
      vertex 40.8406 1.68643 -7
      vertex 40.7172 2.23821 -12
      vertex 40.7172 2.23821 -7
    endloop
  endfacet
  facet normal 0.975893 0.218249 0
    outer loop
      vertex 40.7172 2.23821 -12
      vertex 40.8406 1.68643 -7
      vertex 40.8406 1.68643 -12
    endloop
  endfacet
  facet normal -0.827081 0.562082 0
    outer loop
      vertex 24.401 4.82244 -12
      vertex 24.7188 5.29007 -7
      vertex 24.7188 5.29007 -12
    endloop
  endfacet
  facet normal -0.827081 0.562082 0
    outer loop
      vertex 24.7188 5.29007 -7
      vertex 24.401 4.82244 -12
      vertex 24.401 4.82244 -7
    endloop
  endfacet
  facet normal 0.891066 -0.453873 0
    outer loop
      vertex 39.8868 -4.33578 -7
      vertex 40.1434 -3.83201 -12
      vertex 40.1434 -3.83201 -7
    endloop
  endfacet
  facet normal 0.891066 -0.453873 0
    outer loop
      vertex 40.1434 -3.83201 -12
      vertex 39.8868 -4.33578 -7
      vertex 39.8868 -4.33578 -12
    endloop
  endfacet
  facet normal -0.562025 -0.827121 0
    outer loop
      vertex 26.7099 -7.28115 -12
      vertex 27.1776 -7.59895 -7
      vertex 26.7099 -7.28115 -7
    endloop
  endfacet
  facet normal -0.562025 -0.827121 -0
    outer loop
      vertex 27.1776 -7.59895 -7
      vertex 26.7099 -7.28115 -12
      vertex 27.1776 -7.59895 -12
    endloop
  endfacet
  facet normal 0.338776 -0.940867 0
    outer loop
      vertex 34.7812 -8.55951 -12
      vertex 35.3131 -8.36799 -7
      vertex 34.7812 -8.55951 -7
    endloop
  endfacet
  facet normal 0.338776 -0.940867 0
    outer loop
      vertex 35.3131 -8.36799 -7
      vertex 34.7812 -8.55951 -12
      vertex 35.3131 -8.36799 -12
    endloop
  endfacet
  facet normal 0.278965 -0.960301 0
    outer loop
      vertex 34.2382 -8.71725 -12
      vertex 34.7812 -8.55951 -7
      vertex 34.2382 -8.71725 -7
    endloop
  endfacet
  facet normal 0.278965 -0.960301 0
    outer loop
      vertex 34.7812 -8.55951 -7
      vertex 34.2382 -8.71725 -12
      vertex 34.7812 -8.55951 -12
    endloop
  endfacet
  facet normal -0.612945 -0.790126 0
    outer loop
      vertex 26.2632 -6.93462 -12
      vertex 26.7099 -7.28115 -7
      vertex 26.2632 -6.93462 -7
    endloop
  endfacet
  facet normal -0.612945 -0.790126 -0
    outer loop
      vertex 26.7099 -7.28115 -7
      vertex 26.2632 -6.93462 -12
      vertex 26.7099 -7.28115 -12
    endloop
  endfacet
  facet normal 0.891066 0.453873 0
    outer loop
      vertex 40.1434 3.83201 -7
      vertex 39.8868 4.33578 -12
      vertex 39.8868 4.33578 -7
    endloop
  endfacet
  facet normal 0.891066 0.453873 0
    outer loop
      vertex 39.8868 4.33578 -12
      vertex 40.1434 3.83201 -7
      vertex 40.1434 3.83201 -12
    endloop
  endfacet
  facet normal 0.940893 -0.338705 0
    outer loop
      vertex 40.368 -3.31312 -7
      vertex 40.5595 -2.78115 -12
      vertex 40.5595 -2.78115 -7
    endloop
  endfacet
  facet normal 0.940893 -0.338705 0
    outer loop
      vertex 40.5595 -2.78115 -12
      vertex 40.368 -3.31312 -7
      vertex 40.368 -3.31312 -12
    endloop
  endfacet
  facet normal 0.917718 0.397232 0
    outer loop
      vertex 40.368 3.31312 -7
      vertex 40.1434 3.83201 -12
      vertex 40.1434 3.83201 -7
    endloop
  endfacet
  facet normal 0.917718 0.397232 0
    outer loop
      vertex 40.1434 3.83201 -12
      vertex 40.368 3.31312 -7
      vertex 40.368 3.31312 -12
    endloop
  endfacet
  facet normal 0.397151 0.917753 -0
    outer loop
      vertex 35.832 8.14344 -12
      vertex 35.3131 8.36799 -7
      vertex 35.832 8.14344 -7
    endloop
  endfacet
  facet normal 0.397151 0.917753 0
    outer loop
      vertex 35.3131 8.36799 -7
      vertex 35.832 8.14344 -12
      vertex 35.3131 8.36799 -12
    endloop
  endfacet
  facet normal -0.86075 -0.509028 0
    outer loop
      vertex 24.401 -4.82244 -12
      vertex 24.1132 -4.33578 -7
      vertex 24.1132 -4.33578 -12
    endloop
  endfacet
  facet normal -0.86075 -0.509028 0
    outer loop
      vertex 24.1132 -4.33578 -7
      vertex 24.401 -4.82244 -12
      vertex 24.401 -4.82244 -7
    endloop
  endfacet
  facet normal -0.975893 0.218249 0
    outer loop
      vertex 23.1594 1.68643 -12
      vertex 23.2828 2.23821 -7
      vertex 23.2828 2.23821 -12
    endloop
  endfacet
  facet normal -0.975893 0.218249 0
    outer loop
      vertex 23.2828 2.23821 -7
      vertex 23.1594 1.68643 -12
      vertex 23.1594 1.68643 -7
    endloop
  endfacet
  facet normal 0.995563 0.0940936 0
    outer loop
      vertex 40.9822 0.565114 -7
      vertex 40.929 1.128 -12
      vertex 40.929 1.128 -7
    endloop
  endfacet
  facet normal 0.995563 0.0940936 0
    outer loop
      vertex 40.929 1.128 -12
      vertex 40.9822 0.565114 -7
      vertex 40.9822 0.565114 -12
    endloop
  endfacet
  facet normal -0.278965 0.960301 0
    outer loop
      vertex 29.7618 8.71725 -12
      vertex 29.2188 8.55951 -7
      vertex 29.7618 8.71725 -7
    endloop
  endfacet
  facet normal -0.278965 0.960301 0
    outer loop
      vertex 29.2188 8.55951 -7
      vertex 29.7618 8.71725 -12
      vertex 29.2188 8.55951 -12
    endloop
  endfacet
  facet normal 0.790099 0.612979 0
    outer loop
      vertex 39.2812 5.29007 -7
      vertex 38.9346 5.73682 -12
      vertex 38.9346 5.73682 -7
    endloop
  endfacet
  facet normal 0.790099 0.612979 0
    outer loop
      vertex 38.9346 5.73682 -12
      vertex 39.2812 5.29007 -7
      vertex 39.2812 5.29007 -12
    endloop
  endfacet
  facet normal 0.612945 0.790126 -0
    outer loop
      vertex 37.7368 6.93462 -12
      vertex 37.2901 7.28115 -7
      vertex 37.7368 6.93462 -7
    endloop
  endfacet
  facet normal 0.612945 0.790126 0
    outer loop
      vertex 37.2901 7.28115 -7
      vertex 37.7368 6.93462 -12
      vertex 37.2901 7.28115 -12
    endloop
  endfacet
  facet normal 0.453964 -0.89102 0
    outer loop
      vertex 35.832 -8.14344 -12
      vertex 36.3358 -7.88676 -7
      vertex 35.832 -8.14344 -7
    endloop
  endfacet
  facet normal 0.453964 -0.89102 0
    outer loop
      vertex 36.3358 -7.88676 -7
      vertex 35.832 -8.14344 -12
      vertex 36.3358 -7.88676 -12
    endloop
  endfacet
  facet normal 0.987701 0.156354 0
    outer loop
      vertex 40.929 1.128 -7
      vertex 40.8406 1.68643 -12
      vertex 40.8406 1.68643 -7
    endloop
  endfacet
  facet normal 0.987701 0.156354 0
    outer loop
      vertex 40.8406 1.68643 -12
      vertex 40.929 1.128 -7
      vertex 40.929 1.128 -12
    endloop
  endfacet
  facet normal 0.661317 -0.750106 0
    outer loop
      vertex 37.7368 -6.93462 -12
      vertex 38.1609 -6.56072 -7
      vertex 37.7368 -6.93462 -7
    endloop
  endfacet
  facet normal 0.661317 -0.750106 0
    outer loop
      vertex 38.1609 -6.56072 -7
      vertex 37.7368 -6.93462 -12
      vertex 38.1609 -6.56072 -12
    endloop
  endfacet
  facet normal -0.790099 -0.612979 0
    outer loop
      vertex 25.0654 -5.73682 -12
      vertex 24.7188 -5.29007 -7
      vertex 24.7188 -5.29007 -12
    endloop
  endfacet
  facet normal -0.790099 -0.612979 0
    outer loop
      vertex 24.7188 -5.29007 -7
      vertex 25.0654 -5.73682 -12
      vertex 25.0654 -5.73682 -7
    endloop
  endfacet
  facet normal -0.999504 -0.0314825 0
    outer loop
      vertex 23.0178 -0.565114 -12
      vertex 23 0 -7
      vertex 23 0 -12
    endloop
  endfacet
  facet normal -0.999504 -0.0314825 0
    outer loop
      vertex 23 0 -7
      vertex 23.0178 -0.565114 -12
      vertex 23.0178 -0.565114 -7
    endloop
  endfacet
  facet normal -0.661317 0.750106 0
    outer loop
      vertex 26.2632 6.93462 -12
      vertex 25.8391 6.56072 -7
      vertex 26.2632 6.93462 -7
    endloop
  endfacet
  facet normal -0.661317 0.750106 0
    outer loop
      vertex 25.8391 6.56072 -7
      vertex 26.2632 6.93462 -12
      vertex 25.8391 6.56072 -12
    endloop
  endfacet
  facet normal -0.917718 -0.397232 0
    outer loop
      vertex 23.8566 -3.83201 -12
      vertex 23.632 -3.31312 -7
      vertex 23.632 -3.31312 -12
    endloop
  endfacet
  facet normal -0.917718 -0.397232 0
    outer loop
      vertex 23.632 -3.31312 -7
      vertex 23.8566 -3.83201 -12
      vertex 23.8566 -3.83201 -7
    endloop
  endfacet
  facet normal -0.790099 0.612979 0
    outer loop
      vertex 24.7188 5.29007 -12
      vertex 25.0654 5.73682 -7
      vertex 25.0654 5.73682 -12
    endloop
  endfacet
  facet normal -0.790099 0.612979 0
    outer loop
      vertex 25.0654 5.73682 -7
      vertex 24.7188 5.29007 -12
      vertex 24.7188 5.29007 -7
    endloop
  endfacet
  facet normal 0.960312 -0.278928 0
    outer loop
      vertex 40.5595 -2.78115 -7
      vertex 40.7172 -2.23821 -12
      vertex 40.7172 -2.23821 -7
    endloop
  endfacet
  facet normal 0.960312 -0.278928 0
    outer loop
      vertex 40.7172 -2.23821 -12
      vertex 40.5595 -2.78115 -7
      vertex 40.5595 -2.78115 -12
    endloop
  endfacet
  facet normal -0.707107 0.707107 0
    outer loop
      vertex 25.8391 6.56072 -12
      vertex 25.4393 6.16092 -7
      vertex 25.8391 6.56072 -7
    endloop
  endfacet
  facet normal -0.707107 0.707107 0
    outer loop
      vertex 25.4393 6.16092 -7
      vertex 25.8391 6.56072 -12
      vertex 25.4393 6.16092 -12
    endloop
  endfacet
  facet normal -0.509088 -0.860714 0
    outer loop
      vertex 27.1776 -7.59895 -12
      vertex 27.6642 -7.88676 -7
      vertex 27.1776 -7.59895 -7
    endloop
  endfacet
  facet normal -0.509088 -0.860714 -0
    outer loop
      vertex 27.6642 -7.88676 -7
      vertex 27.1776 -7.59895 -12
      vertex 27.6642 -7.88676 -12
    endloop
  endfacet
  facet normal 0.453964 0.89102 -0
    outer loop
      vertex 36.3358 7.88676 -12
      vertex 35.832 8.14344 -7
      vertex 36.3358 7.88676 -7
    endloop
  endfacet
  facet normal 0.453964 0.89102 0
    outer loop
      vertex 35.832 8.14344 -7
      vertex 36.3358 7.88676 -12
      vertex 35.832 8.14344 -12
    endloop
  endfacet
  facet normal -0.940893 0.338705 0
    outer loop
      vertex 23.4405 2.78115 -12
      vertex 23.632 3.31312 -7
      vertex 23.632 3.31312 -12
    endloop
  endfacet
  facet normal -0.940893 0.338705 0
    outer loop
      vertex 23.632 3.31312 -7
      vertex 23.4405 2.78115 -12
      vertex 23.4405 2.78115 -7
    endloop
  endfacet
  facet normal 0.156448 0.987686 -0
    outer loop
      vertex 33.6864 8.84058 -12
      vertex 33.128 8.92903 -7
      vertex 33.6864 8.84058 -7
    endloop
  endfacet
  facet normal 0.156448 0.987686 0
    outer loop
      vertex 33.128 8.92903 -7
      vertex 33.6864 8.84058 -12
      vertex 33.128 8.92903 -12
    endloop
  endfacet
  facet normal 0.940893 0.338705 0
    outer loop
      vertex 40.5595 2.78115 -7
      vertex 40.368 3.31312 -12
      vertex 40.368 3.31312 -7
    endloop
  endfacet
  facet normal 0.940893 0.338705 0
    outer loop
      vertex 40.368 3.31312 -12
      vertex 40.5595 2.78115 -7
      vertex 40.5595 2.78115 -12
    endloop
  endfacet
  facet normal -0.891066 -0.453873 0
    outer loop
      vertex 24.1132 -4.33578 -12
      vertex 23.8566 -3.83201 -7
      vertex 23.8566 -3.83201 -12
    endloop
  endfacet
  facet normal -0.891066 -0.453873 0
    outer loop
      vertex 23.8566 -3.83201 -7
      vertex 24.1132 -4.33578 -12
      vertex 24.1132 -4.33578 -7
    endloop
  endfacet
  facet normal 0.278965 0.960301 -0
    outer loop
      vertex 34.7812 8.55951 -12
      vertex 34.2382 8.71725 -7
      vertex 34.7812 8.55951 -7
    endloop
  endfacet
  facet normal 0.278965 0.960301 0
    outer loop
      vertex 34.2382 8.71725 -7
      vertex 34.7812 8.55951 -12
      vertex 34.2382 8.71725 -12
    endloop
  endfacet
  facet normal -0.707107 -0.707107 0
    outer loop
      vertex 25.4393 -6.16092 -12
      vertex 25.8391 -6.56072 -7
      vertex 25.4393 -6.16092 -7
    endloop
  endfacet
  facet normal -0.707107 -0.707107 -0
    outer loop
      vertex 25.8391 -6.56072 -7
      vertex 25.4393 -6.16092 -12
      vertex 25.8391 -6.56072 -12
    endloop
  endfacet
  facet normal -0.917718 0.397232 0
    outer loop
      vertex 23.632 3.31312 -12
      vertex 23.8566 3.83201 -7
      vertex 23.8566 3.83201 -12
    endloop
  endfacet
  facet normal -0.917718 0.397232 0
    outer loop
      vertex 23.8566 3.83201 -7
      vertex 23.632 3.31312 -12
      vertex 23.632 3.31312 -7
    endloop
  endfacet
  facet normal 0.156448 -0.987686 0
    outer loop
      vertex 33.128 -8.92903 -12
      vertex 33.6864 -8.84058 -7
      vertex 33.128 -8.92903 -7
    endloop
  endfacet
  facet normal 0.156448 -0.987686 0
    outer loop
      vertex 33.6864 -8.84058 -7
      vertex 33.128 -8.92903 -12
      vertex 33.6864 -8.84058 -12
    endloop
  endfacet
  facet normal 0.397151 -0.917753 0
    outer loop
      vertex 35.3131 -8.36799 -12
      vertex 35.832 -8.14344 -7
      vertex 35.3131 -8.36799 -7
    endloop
  endfacet
  facet normal 0.397151 -0.917753 0
    outer loop
      vertex 35.832 -8.14344 -7
      vertex 35.3131 -8.36799 -12
      vertex 35.832 -8.14344 -12
    endloop
  endfacet
  facet normal 0.661317 0.750106 -0
    outer loop
      vertex 38.1609 6.56072 -12
      vertex 37.7368 6.93462 -7
      vertex 38.1609 6.56072 -7
    endloop
  endfacet
  facet normal 0.661317 0.750106 0
    outer loop
      vertex 37.7368 6.93462 -7
      vertex 38.1609 6.56072 -12
      vertex 37.7368 6.93462 -12
    endloop
  endfacet
  facet normal -0.338776 -0.940867 0
    outer loop
      vertex 28.6869 -8.36799 -12
      vertex 29.2188 -8.55951 -7
      vertex 28.6869 -8.36799 -7
    endloop
  endfacet
  facet normal -0.338776 -0.940867 -0
    outer loop
      vertex 29.2188 -8.55951 -7
      vertex 28.6869 -8.36799 -12
      vertex 29.2188 -8.55951 -12
    endloop
  endfacet
  facet normal -0.891066 0.453873 0
    outer loop
      vertex 23.8566 3.83201 -12
      vertex 24.1132 4.33578 -7
      vertex 24.1132 4.33578 -12
    endloop
  endfacet
  facet normal -0.891066 0.453873 0
    outer loop
      vertex 24.1132 4.33578 -7
      vertex 23.8566 3.83201 -12
      vertex 23.8566 3.83201 -7
    endloop
  endfacet
  facet normal -0.940893 -0.338705 0
    outer loop
      vertex 23.632 -3.31312 -12
      vertex 23.4405 -2.78115 -7
      vertex 23.4405 -2.78115 -12
    endloop
  endfacet
  facet normal -0.940893 -0.338705 0
    outer loop
      vertex 23.4405 -2.78115 -7
      vertex 23.632 -3.31312 -12
      vertex 23.632 -3.31312 -7
    endloop
  endfacet
  facet normal -0.987701 0.156354 0
    outer loop
      vertex 23.071 1.128 -12
      vertex 23.1594 1.68643 -7
      vertex 23.1594 1.68643 -12
    endloop
  endfacet
  facet normal -0.987701 0.156354 0
    outer loop
      vertex 23.1594 1.68643 -7
      vertex 23.071 1.128 -12
      vertex 23.071 1.128 -7
    endloop
  endfacet
  facet normal 0.960312 0.278928 0
    outer loop
      vertex 40.7172 2.23821 -7
      vertex 40.5595 2.78115 -12
      vertex 40.5595 2.78115 -7
    endloop
  endfacet
  facet normal 0.960312 0.278928 0
    outer loop
      vertex 40.5595 2.78115 -12
      vertex 40.7172 2.23821 -7
      vertex 40.7172 2.23821 -12
    endloop
  endfacet
  facet normal 0.750106 -0.661317 0
    outer loop
      vertex 38.5607 -6.16092 -7
      vertex 38.9346 -5.73682 -12
      vertex 38.9346 -5.73682 -7
    endloop
  endfacet
  facet normal 0.750106 -0.661317 0
    outer loop
      vertex 38.9346 -5.73682 -12
      vertex 38.5607 -6.16092 -7
      vertex 38.5607 -6.16092 -12
    endloop
  endfacet
  facet normal 0.707107 -0.707107 0
    outer loop
      vertex 38.1609 -6.56072 -12
      vertex 38.5607 -6.16092 -7
      vertex 38.1609 -6.56072 -7
    endloop
  endfacet
  facet normal 0.707107 -0.707107 0
    outer loop
      vertex 38.5607 -6.16092 -7
      vertex 38.1609 -6.56072 -12
      vertex 38.5607 -6.16092 -12
    endloop
  endfacet
  facet normal -0.0314126 -0.999507 0
    outer loop
      vertex 31.4349 -8.98224 -12
      vertex 32 -9 -7
      vertex 31.4349 -8.98224 -7
    endloop
  endfacet
  facet normal -0.0314126 -0.999507 -0
    outer loop
      vertex 32 -9 -7
      vertex 31.4349 -8.98224 -12
      vertex 32 -9 -12
    endloop
  endfacet
  facet normal -0.987701 -0.156354 0
    outer loop
      vertex 23.1594 -1.68643 -12
      vertex 23.071 -1.128 -7
      vertex 23.071 -1.128 -12
    endloop
  endfacet
  facet normal -0.987701 -0.156354 0
    outer loop
      vertex 23.071 -1.128 -7
      vertex 23.1594 -1.68643 -12
      vertex 23.1594 -1.68643 -7
    endloop
  endfacet
  facet normal 0.975893 -0.218249 0
    outer loop
      vertex 40.7172 -2.23821 -7
      vertex 40.8406 -1.68643 -12
      vertex 40.8406 -1.68643 -7
    endloop
  endfacet
  facet normal 0.975893 -0.218249 0
    outer loop
      vertex 40.8406 -1.68643 -12
      vertex 40.7172 -2.23821 -7
      vertex 40.7172 -2.23821 -12
    endloop
  endfacet
  facet normal -0.453964 0.89102 0
    outer loop
      vertex 28.168 8.14344 -12
      vertex 27.6642 7.88676 -7
      vertex 28.168 8.14344 -7
    endloop
  endfacet
  facet normal -0.453964 0.89102 0
    outer loop
      vertex 27.6642 7.88676 -7
      vertex 28.168 8.14344 -12
      vertex 27.6642 7.88676 -12
    endloop
  endfacet
  facet normal -0.750106 -0.661317 0
    outer loop
      vertex 25.4393 -6.16092 -12
      vertex 25.0654 -5.73682 -7
      vertex 25.0654 -5.73682 -12
    endloop
  endfacet
  facet normal -0.750106 -0.661317 0
    outer loop
      vertex 25.0654 -5.73682 -7
      vertex 25.4393 -6.16092 -12
      vertex 25.4393 -6.16092 -7
    endloop
  endfacet
  facet normal 0.999504 -0.0314825 0
    outer loop
      vertex 40.9822 -0.565114 -7
      vertex 41 0 -12
      vertex 41 0 -7
    endloop
  endfacet
  facet normal 0.999504 -0.0314825 0
    outer loop
      vertex 41 0 -12
      vertex 40.9822 -0.565114 -7
      vertex 40.9822 -0.565114 -12
    endloop
  endfacet
  facet normal 0.995563 -0.0940936 0
    outer loop
      vertex 40.929 -1.128 -7
      vertex 40.9822 -0.565114 -12
      vertex 40.9822 -0.565114 -7
    endloop
  endfacet
  facet normal 0.995563 -0.0940936 0
    outer loop
      vertex 40.9822 -0.565114 -12
      vertex 40.929 -1.128 -7
      vertex 40.929 -1.128 -12
    endloop
  endfacet
  facet normal -0.960312 -0.278928 0
    outer loop
      vertex 23.4405 -2.78115 -12
      vertex 23.2828 -2.23821 -7
      vertex 23.2828 -2.23821 -12
    endloop
  endfacet
  facet normal -0.960312 -0.278928 0
    outer loop
      vertex 23.2828 -2.23821 -7
      vertex 23.4405 -2.78115 -12
      vertex 23.4405 -2.78115 -7
    endloop
  endfacet
  facet normal 0.0314126 -0.999507 0
    outer loop
      vertex 32 -9 -12
      vertex 32.5651 -8.98224 -7
      vertex 32 -9 -7
    endloop
  endfacet
  facet normal 0.0314126 -0.999507 0
    outer loop
      vertex 32.5651 -8.98224 -7
      vertex 32 -9 -12
      vertex 32.5651 -8.98224 -12
    endloop
  endfacet
  facet normal 0.790099 -0.612979 0
    outer loop
      vertex 38.9346 -5.73682 -7
      vertex 39.2812 -5.29007 -12
      vertex 39.2812 -5.29007 -7
    endloop
  endfacet
  facet normal 0.790099 -0.612979 0
    outer loop
      vertex 39.2812 -5.29007 -12
      vertex 38.9346 -5.73682 -7
      vertex 38.9346 -5.73682 -12
    endloop
  endfacet
  facet normal 0.917718 -0.397232 0
    outer loop
      vertex 40.1434 -3.83201 -7
      vertex 40.368 -3.31312 -12
      vertex 40.368 -3.31312 -7
    endloop
  endfacet
  facet normal 0.917718 -0.397232 0
    outer loop
      vertex 40.368 -3.31312 -12
      vertex 40.1434 -3.83201 -7
      vertex 40.1434 -3.83201 -12
    endloop
  endfacet
  facet normal -0.999504 0.0314825 0
    outer loop
      vertex 23 0 -12
      vertex 23.0178 0.565114 -7
      vertex 23.0178 0.565114 -12
    endloop
  endfacet
  facet normal -0.999504 0.0314825 0
    outer loop
      vertex 23.0178 0.565114 -7
      vertex 23 0 -12
      vertex 23 0 -7
    endloop
  endfacet
  facet normal 0.218123 0.975921 -0
    outer loop
      vertex 34.2382 8.71725 -12
      vertex 33.6864 8.84058 -7
      vertex 34.2382 8.71725 -7
    endloop
  endfacet
  facet normal 0.218123 0.975921 0
    outer loop
      vertex 33.6864 8.84058 -7
      vertex 34.2382 8.71725 -12
      vertex 33.6864 8.84058 -12
    endloop
  endfacet
  facet normal 0.860672 0.509159 0
    outer loop
      vertex 39.8868 4.33578 -7
      vertex 39.5989 4.82244 -12
      vertex 39.5989 4.82244 -7
    endloop
  endfacet
  facet normal 0.860672 0.509159 0
    outer loop
      vertex 39.5989 4.82244 -12
      vertex 39.8868 4.33578 -7
      vertex 39.8868 4.33578 -12
    endloop
  endfacet
  facet normal 0.827164 0.561961 0
    outer loop
      vertex 39.5989 4.82244 -7
      vertex 39.2812 5.29007 -12
      vertex 39.2812 5.29007 -7
    endloop
  endfacet
  facet normal 0.827164 0.561961 0
    outer loop
      vertex 39.2812 5.29007 -12
      vertex 39.5989 4.82244 -7
      vertex 39.5989 4.82244 -12
    endloop
  endfacet
  facet normal 0.338776 0.940867 -0
    outer loop
      vertex 35.3131 8.36799 -12
      vertex 34.7812 8.55951 -7
      vertex 35.3131 8.36799 -7
    endloop
  endfacet
  facet normal 0.338776 0.940867 0
    outer loop
      vertex 34.7812 8.55951 -7
      vertex 35.3131 8.36799 -12
      vertex 34.7812 8.55951 -12
    endloop
  endfacet
  facet normal -0.218123 0.975921 0
    outer loop
      vertex 30.3136 8.84058 -12
      vertex 29.7618 8.71725 -7
      vertex 30.3136 8.84058 -7
    endloop
  endfacet
  facet normal -0.218123 0.975921 0
    outer loop
      vertex 29.7618 8.71725 -7
      vertex 30.3136 8.84058 -12
      vertex 29.7618 8.71725 -12
    endloop
  endfacet
  facet normal 0.562025 0.827121 -0
    outer loop
      vertex 37.2901 7.28115 -12
      vertex 36.8224 7.59895 -7
      vertex 37.2901 7.28115 -7
    endloop
  endfacet
  facet normal 0.562025 0.827121 0
    outer loop
      vertex 36.8224 7.59895 -7
      vertex 37.2901 7.28115 -12
      vertex 36.8224 7.59895 -12
    endloop
  endfacet
  facet normal 0.509088 -0.860714 0
    outer loop
      vertex 36.3358 -7.88676 -12
      vertex 36.8224 -7.59895 -7
      vertex 36.3358 -7.88676 -7
    endloop
  endfacet
  facet normal 0.509088 -0.860714 0
    outer loop
      vertex 36.8224 -7.59895 -7
      vertex 36.3358 -7.88676 -12
      vertex 36.8224 -7.59895 -12
    endloop
  endfacet
  facet normal 0.562025 -0.827121 0
    outer loop
      vertex 36.8224 -7.59895 -12
      vertex 37.2901 -7.28115 -7
      vertex 36.8224 -7.59895 -7
    endloop
  endfacet
  facet normal 0.562025 -0.827121 0
    outer loop
      vertex 37.2901 -7.28115 -7
      vertex 36.8224 -7.59895 -12
      vertex 37.2901 -7.28115 -12
    endloop
  endfacet
  facet normal 0.860672 -0.509159 0
    outer loop
      vertex 39.5989 -4.82244 -7
      vertex 39.8868 -4.33578 -12
      vertex 39.8868 -4.33578 -7
    endloop
  endfacet
  facet normal 0.860672 -0.509159 0
    outer loop
      vertex 39.8868 -4.33578 -12
      vertex 39.5989 -4.82244 -7
      vertex 39.5989 -4.82244 -12
    endloop
  endfacet
  facet normal -0.0941088 0.995562 0
    outer loop
      vertex 31.4349 8.98224 -12
      vertex 30.872 8.92903 -7
      vertex 31.4349 8.98224 -7
    endloop
  endfacet
  facet normal -0.0941088 0.995562 0
    outer loop
      vertex 30.872 8.92903 -7
      vertex 31.4349 8.98224 -12
      vertex 30.872 8.92903 -12
    endloop
  endfacet
  facet normal -0.156448 0.987686 0
    outer loop
      vertex 30.872 8.92903 -12
      vertex 30.3136 8.84058 -7
      vertex 30.872 8.92903 -7
    endloop
  endfacet
  facet normal -0.156448 0.987686 0
    outer loop
      vertex 30.3136 8.84058 -7
      vertex 30.872 8.92903 -12
      vertex 30.3136 8.84058 -12
    endloop
  endfacet
  facet normal -0.86075 0.509028 0
    outer loop
      vertex 24.1132 4.33578 -12
      vertex 24.401 4.82244 -7
      vertex 24.401 4.82244 -12
    endloop
  endfacet
  facet normal -0.86075 0.509028 0
    outer loop
      vertex 24.401 4.82244 -7
      vertex 24.1132 4.33578 -12
      vertex 24.1132 4.33578 -7
    endloop
  endfacet
  facet normal 0.0314126 0.999507 -0
    outer loop
      vertex 32.5651 8.98224 -12
      vertex 32 9 -7
      vertex 32.5651 8.98224 -7
    endloop
  endfacet
  facet normal 0.0314126 0.999507 0
    outer loop
      vertex 32 9 -7
      vertex 32.5651 8.98224 -12
      vertex 32 9 -12
    endloop
  endfacet
  facet normal -0.750106 0.661317 0
    outer loop
      vertex 25.0654 5.73682 -12
      vertex 25.4393 6.16092 -7
      vertex 25.4393 6.16092 -12
    endloop
  endfacet
  facet normal -0.750106 0.661317 0
    outer loop
      vertex 25.4393 6.16092 -7
      vertex 25.0654 5.73682 -12
      vertex 25.0654 5.73682 -7
    endloop
  endfacet
  facet normal 0.707107 0.707107 -0
    outer loop
      vertex 38.5607 6.16092 -12
      vertex 38.1609 6.56072 -7
      vertex 38.5607 6.16092 -7
    endloop
  endfacet
  facet normal 0.707107 0.707107 0
    outer loop
      vertex 38.1609 6.56072 -7
      vertex 38.5607 6.16092 -12
      vertex 38.1609 6.56072 -12
    endloop
  endfacet
  facet normal 0.218123 -0.975921 0
    outer loop
      vertex 33.6864 -8.84058 -12
      vertex 34.2382 -8.71725 -7
      vertex 33.6864 -8.84058 -7
    endloop
  endfacet
  facet normal 0.218123 -0.975921 0
    outer loop
      vertex 34.2382 -8.71725 -7
      vertex 33.6864 -8.84058 -12
      vertex 34.2382 -8.71725 -12
    endloop
  endfacet
  facet normal -0.562025 0.827121 0
    outer loop
      vertex 27.1776 7.59895 -12
      vertex 26.7099 7.28115 -7
      vertex 27.1776 7.59895 -7
    endloop
  endfacet
  facet normal -0.562025 0.827121 0
    outer loop
      vertex 26.7099 7.28115 -7
      vertex 27.1776 7.59895 -12
      vertex 26.7099 7.28115 -12
    endloop
  endfacet
  facet normal -0.278965 -0.960301 0
    outer loop
      vertex 29.2188 -8.55951 -12
      vertex 29.7618 -8.71725 -7
      vertex 29.2188 -8.55951 -7
    endloop
  endfacet
  facet normal -0.278965 -0.960301 -0
    outer loop
      vertex 29.7618 -8.71725 -7
      vertex 29.2188 -8.55951 -12
      vertex 29.7618 -8.71725 -12
    endloop
  endfacet
  facet normal 0 0 -1
    outer loop
      vertex 39.5 0 -12
      vertex 41 0 -12
      vertex 40.9822 -0.565114 -12
    endloop
  endfacet
  facet normal 0 0 -1
    outer loop
      vertex 39.4852 -0.470928 -12
      vertex 40.9822 -0.565114 -12
      vertex 40.929 -1.128 -12
    endloop
  endfacet
  facet normal 0 0 -1
    outer loop
      vertex 41 0 -12
      vertex 39.5 0 -12
      vertex 40.9822 0.565114 -12
    endloop
  endfacet
  facet normal 0 0 -1
    outer loop
      vertex 39.4409 -0.939999 -12
      vertex 40.929 -1.128 -12
      vertex 40.8406 -1.68643 -12
    endloop
  endfacet
  facet normal 0 0 -1
    outer loop
      vertex 39.4852 0.470928 -12
      vertex 40.9822 0.565114 -12
      vertex 39.5 0 -12
    endloop
  endfacet
  facet normal 0 0 -1
    outer loop
      vertex 39.3672 -1.40536 -12
      vertex 40.8406 -1.68643 -12
      vertex 40.7172 -2.23821 -12
    endloop
  endfacet
  facet normal -0 0 -1
    outer loop
      vertex 40.9822 0.565114 -12
      vertex 39.4852 0.470928 -12
      vertex 40.929 1.128 -12
    endloop
  endfacet
  facet normal 0 0 -1
    outer loop
      vertex 39.2644 -1.86517 -12
      vertex 40.7172 -2.23821 -12
      vertex 40.5595 -2.78115 -12
    endloop
  endfacet
  facet normal 0 0 -1
    outer loop
      vertex 39.4409 0.939999 -12
      vertex 40.929 1.128 -12
      vertex 39.4852 0.470928 -12
    endloop
  endfacet
  facet normal 0 0 -1
    outer loop
      vertex 39.1329 -2.31763 -12
      vertex 40.5595 -2.78115 -12
      vertex 40.368 -3.31312 -12
    endloop
  endfacet
  facet normal -0 0 -1
    outer loop
      vertex 40.929 1.128 -12
      vertex 39.4409 0.939999 -12
      vertex 40.8406 1.68643 -12
    endloop
  endfacet
  facet normal 0 0 -1
    outer loop
      vertex 38.9733 -2.76093 -12
      vertex 40.368 -3.31312 -12
      vertex 40.1434 -3.83201 -12
    endloop
  endfacet
  facet normal 0 0 -1
    outer loop
      vertex 39.3672 1.40536 -12
      vertex 40.8406 1.68643 -12
      vertex 39.4409 0.939999 -12
    endloop
  endfacet
  facet normal 0 0 -1
    outer loop
      vertex 38.7862 -3.19334 -12
      vertex 40.1434 -3.83201 -12
      vertex 39.8868 -4.33578 -12
    endloop
  endfacet
  facet normal -0 0 -1
    outer loop
      vertex 40.8406 1.68643 -12
      vertex 39.3672 1.40536 -12
      vertex 40.7172 2.23821 -12
    endloop
  endfacet
  facet normal 0 0 -1
    outer loop
      vertex 38.5723 -3.61315 -12
      vertex 39.8868 -4.33578 -12
      vertex 39.5989 -4.82244 -12
    endloop
  endfacet
  facet normal 0 0 -1
    outer loop
      vertex 39.2644 1.86517 -12
      vertex 40.7172 2.23821 -12
      vertex 39.3672 1.40536 -12
    endloop
  endfacet
  facet normal -0 0 -1
    outer loop
      vertex 40.7172 2.23821 -12
      vertex 39.2644 1.86517 -12
      vertex 40.5595 2.78115 -12
    endloop
  endfacet
  facet normal 0 0 -1
    outer loop
      vertex 40.9822 -0.565114 -12
      vertex 39.4852 -0.470928 -12
      vertex 39.5 0 -12
    endloop
  endfacet
  facet normal 0 0 -1
    outer loop
      vertex 40.929 -1.128 -12
      vertex 39.4409 -0.939999 -12
      vertex 39.4852 -0.470928 -12
    endloop
  endfacet
  facet normal 0 0 -1
    outer loop
      vertex 40.8406 -1.68643 -12
      vertex 39.3672 -1.40536 -12
      vertex 39.4409 -0.939999 -12
    endloop
  endfacet
  facet normal 0 0 -1
    outer loop
      vertex 38.3325 -4.0187 -12
      vertex 39.5989 -4.82244 -12
      vertex 39.2812 -5.29007 -12
    endloop
  endfacet
  facet normal 0 0 -1
    outer loop
      vertex 40.7172 -2.23821 -12
      vertex 39.2644 -1.86517 -12
      vertex 39.3672 -1.40536 -12
    endloop
  endfacet
  facet normal 0 0 -1
    outer loop
      vertex 40.5595 -2.78115 -12
      vertex 39.1329 -2.31763 -12
      vertex 39.2644 -1.86517 -12
    endloop
  endfacet
  facet normal 0 0 -1
    outer loop
      vertex 40.368 -3.31312 -12
      vertex 38.9733 -2.76093 -12
      vertex 39.1329 -2.31763 -12
    endloop
  endfacet
  facet normal 0 0 -1
    outer loop
      vertex 38.0676 -4.40839 -12
      vertex 39.2812 -5.29007 -12
      vertex 38.9346 -5.73682 -12
    endloop
  endfacet
  facet normal 0 0 -1
    outer loop
      vertex 40.1434 -3.83201 -12
      vertex 38.7862 -3.19334 -12
      vertex 38.9733 -2.76093 -12
    endloop
  endfacet
  facet normal 0 0 -1
    outer loop
      vertex 39.8868 -4.33578 -12
      vertex 38.5723 -3.61315 -12
      vertex 38.7862 -3.19334 -12
    endloop
  endfacet
  facet normal 0 0 -1
    outer loop
      vertex 37.7788 -4.78068 -12
      vertex 38.9346 -5.73682 -12
      vertex 38.5607 -6.16092 -12
    endloop
  endfacet
  facet normal 0 0 -1
    outer loop
      vertex 39.5989 -4.82244 -12
      vertex 38.3325 -4.0187 -12
      vertex 38.5723 -3.61315 -12
    endloop
  endfacet
  facet normal 0 0 -1
    outer loop
      vertex 37.4673 -5.1341 -12
      vertex 38.5607 -6.16092 -12
      vertex 38.1609 -6.56072 -12
    endloop
  endfacet
  facet normal 0 0 -1
    outer loop
      vertex 39.2812 -5.29007 -12
      vertex 38.0676 -4.40839 -12
      vertex 38.3325 -4.0187 -12
    endloop
  endfacet
  facet normal 0 0 -1
    outer loop
      vertex 38.9346 -5.73682 -12
      vertex 37.7788 -4.78068 -12
      vertex 38.0676 -4.40839 -12
    endloop
  endfacet
  facet normal 0 0 -1
    outer loop
      vertex 37.1341 -5.46726 -12
      vertex 38.1609 -6.56072 -12
      vertex 37.7368 -6.93462 -12
    endloop
  endfacet
  facet normal 0 0 -1
    outer loop
      vertex 38.5607 -6.16092 -12
      vertex 37.4673 -5.1341 -12
      vertex 37.7788 -4.78068 -12
    endloop
  endfacet
  facet normal 0 0 -1
    outer loop
      vertex 36.7807 -5.77885 -12
      vertex 37.7368 -6.93462 -12
      vertex 37.2901 -7.28115 -12
    endloop
  endfacet
  facet normal 0 0 -1
    outer loop
      vertex 38.1609 -6.56072 -12
      vertex 37.1341 -5.46726 -12
      vertex 37.4673 -5.1341 -12
    endloop
  endfacet
  facet normal 0 0 -1
    outer loop
      vertex 36.4084 -6.06763 -12
      vertex 37.2901 -7.28115 -12
      vertex 36.8224 -7.59895 -12
    endloop
  endfacet
  facet normal 0 0 -1
    outer loop
      vertex 37.7368 -6.93462 -12
      vertex 36.7807 -5.77885 -12
      vertex 37.1341 -5.46726 -12
    endloop
  endfacet
  facet normal 0 0 -1
    outer loop
      vertex 37.2901 -7.28115 -12
      vertex 36.4084 -6.06763 -12
      vertex 36.7807 -5.77885 -12
    endloop
  endfacet
  facet normal 0 0 -1
    outer loop
      vertex 36.0187 -6.33246 -12
      vertex 36.8224 -7.59895 -12
      vertex 36.3358 -7.88676 -12
    endloop
  endfacet
  facet normal 0 0 -1
    outer loop
      vertex 36.8224 -7.59895 -12
      vertex 36.0187 -6.33246 -12
      vertex 36.4084 -6.06763 -12
    endloop
  endfacet
  facet normal 0 0 -1
    outer loop
      vertex 35.6132 -6.5723 -12
      vertex 36.3358 -7.88676 -12
      vertex 35.832 -8.14344 -12
    endloop
  endfacet
  facet normal 0 0 -1
    outer loop
      vertex 36.3358 -7.88676 -12
      vertex 35.6132 -6.5723 -12
      vertex 36.0187 -6.33246 -12
    endloop
  endfacet
  facet normal 0 0 -1
    outer loop
      vertex 35.1933 -6.7862 -12
      vertex 35.832 -8.14344 -12
      vertex 35.3131 -8.36799 -12
    endloop
  endfacet
  facet normal 0 0 -1
    outer loop
      vertex 35.832 -8.14344 -12
      vertex 35.1933 -6.7862 -12
      vertex 35.6132 -6.5723 -12
    endloop
  endfacet
  facet normal 0 0 -1
    outer loop
      vertex 34.7609 -6.97332 -12
      vertex 35.3131 -8.36799 -12
      vertex 34.7812 -8.55951 -12
    endloop
  endfacet
  facet normal 0 0 -1
    outer loop
      vertex 35.3131 -8.36799 -12
      vertex 34.7609 -6.97332 -12
      vertex 35.1933 -6.7862 -12
    endloop
  endfacet
  facet normal 0 0 -1
    outer loop
      vertex 34.7812 -8.55951 -12
      vertex 34.3176 -7.13292 -12
      vertex 34.7609 -6.97332 -12
    endloop
  endfacet
  facet normal 0 0 -1
    outer loop
      vertex 34.2382 -8.71725 -12
      vertex 34.3176 -7.13292 -12
      vertex 34.7812 -8.55951 -12
    endloop
  endfacet
  facet normal 0 0 -1
    outer loop
      vertex 34.2382 -8.71725 -12
      vertex 33.8652 -7.26437 -12
      vertex 34.3176 -7.13292 -12
    endloop
  endfacet
  facet normal 0 0 -1
    outer loop
      vertex 33.6864 -8.84058 -12
      vertex 33.8652 -7.26437 -12
      vertex 34.2382 -8.71725 -12
    endloop
  endfacet
  facet normal 0 0 -1
    outer loop
      vertex 33.6864 -8.84058 -12
      vertex 33.4054 -7.36715 -12
      vertex 33.8652 -7.26437 -12
    endloop
  endfacet
  facet normal 0 0 -1
    outer loop
      vertex 33.128 -8.92903 -12
      vertex 33.4054 -7.36715 -12
      vertex 33.6864 -8.84058 -12
    endloop
  endfacet
  facet normal 0 0 -1
    outer loop
      vertex 33.128 -8.92903 -12
      vertex 32.94 -7.44086 -12
      vertex 33.4054 -7.36715 -12
    endloop
  endfacet
  facet normal 0 0 -1
    outer loop
      vertex 32.5651 -8.98224 -12
      vertex 32.94 -7.44086 -12
      vertex 33.128 -8.92903 -12
    endloop
  endfacet
  facet normal 0 0 -1
    outer loop
      vertex 32.5651 -8.98224 -12
      vertex 32.4709 -7.4852 -12
      vertex 32.94 -7.44086 -12
    endloop
  endfacet
  facet normal 0 0 -1
    outer loop
      vertex 32 -9 -12
      vertex 32.4709 -7.4852 -12
      vertex 32.5651 -8.98224 -12
    endloop
  endfacet
  facet normal 0 0 -1
    outer loop
      vertex 32 -9 -12
      vertex 32 -7.5 -12
      vertex 32.4709 -7.4852 -12
    endloop
  endfacet
  facet normal 0 0 -1
    outer loop
      vertex 32 -9 -12
      vertex 31.5291 -7.4852 -12
      vertex 32 -7.5 -12
    endloop
  endfacet
  facet normal 0 0 -1
    outer loop
      vertex 31.4349 -8.98224 -12
      vertex 31.5291 -7.4852 -12
      vertex 32 -9 -12
    endloop
  endfacet
  facet normal 0 0 -1
    outer loop
      vertex 31.4349 -8.98224 -12
      vertex 31.06 -7.44086 -12
      vertex 31.5291 -7.4852 -12
    endloop
  endfacet
  facet normal 0 0 -1
    outer loop
      vertex 30.872 -8.92903 -12
      vertex 31.06 -7.44086 -12
      vertex 31.4349 -8.98224 -12
    endloop
  endfacet
  facet normal 0 0 -1
    outer loop
      vertex 30.872 -8.92903 -12
      vertex 30.5946 -7.36715 -12
      vertex 31.06 -7.44086 -12
    endloop
  endfacet
  facet normal 0 0 -1
    outer loop
      vertex 30.3136 -8.84058 -12
      vertex 30.5946 -7.36715 -12
      vertex 30.872 -8.92903 -12
    endloop
  endfacet
  facet normal 0 0 -1
    outer loop
      vertex 30.3136 -8.84058 -12
      vertex 30.1348 -7.26437 -12
      vertex 30.5946 -7.36715 -12
    endloop
  endfacet
  facet normal 0 0 -1
    outer loop
      vertex 29.7618 -8.71725 -12
      vertex 30.1348 -7.26437 -12
      vertex 30.3136 -8.84058 -12
    endloop
  endfacet
  facet normal 0 0 -1
    outer loop
      vertex 29.7618 -8.71725 -12
      vertex 29.6824 -7.13292 -12
      vertex 30.1348 -7.26437 -12
    endloop
  endfacet
  facet normal 0 0 -1
    outer loop
      vertex 29.2188 -8.55951 -12
      vertex 29.6824 -7.13292 -12
      vertex 29.7618 -8.71725 -12
    endloop
  endfacet
  facet normal -0 0 -1
    outer loop
      vertex 29.6824 -7.13292 -12
      vertex 29.2188 -8.55951 -12
      vertex 29.2391 -6.97332 -12
    endloop
  endfacet
  facet normal 0 0 -1
    outer loop
      vertex 28.6869 -8.36799 -12
      vertex 29.2391 -6.97332 -12
      vertex 29.2188 -8.55951 -12
    endloop
  endfacet
  facet normal -0 0 -1
    outer loop
      vertex 29.2391 -6.97332 -12
      vertex 28.6869 -8.36799 -12
      vertex 28.8067 -6.7862 -12
    endloop
  endfacet
  facet normal 0 0 -1
    outer loop
      vertex 28.168 -8.14344 -12
      vertex 28.8067 -6.7862 -12
      vertex 28.6869 -8.36799 -12
    endloop
  endfacet
  facet normal -0 0 -1
    outer loop
      vertex 28.8067 -6.7862 -12
      vertex 28.168 -8.14344 -12
      vertex 28.3868 -6.5723 -12
    endloop
  endfacet
  facet normal 0 0 -1
    outer loop
      vertex 27.6642 -7.88676 -12
      vertex 28.3868 -6.5723 -12
      vertex 28.168 -8.14344 -12
    endloop
  endfacet
  facet normal -0 0 -1
    outer loop
      vertex 28.3868 -6.5723 -12
      vertex 27.6642 -7.88676 -12
      vertex 27.9813 -6.33246 -12
    endloop
  endfacet
  facet normal 0 0 -1
    outer loop
      vertex 27.1776 -7.59895 -12
      vertex 27.9813 -6.33246 -12
      vertex 27.6642 -7.88676 -12
    endloop
  endfacet
  facet normal -0 0 -1
    outer loop
      vertex 27.9813 -6.33246 -12
      vertex 27.1776 -7.59895 -12
      vertex 27.5916 -6.06763 -12
    endloop
  endfacet
  facet normal 0 0 -1
    outer loop
      vertex 26.7099 -7.28115 -12
      vertex 27.5916 -6.06763 -12
      vertex 27.1776 -7.59895 -12
    endloop
  endfacet
  facet normal -0 0 -1
    outer loop
      vertex 27.5916 -6.06763 -12
      vertex 26.7099 -7.28115 -12
      vertex 27.2193 -5.77885 -12
    endloop
  endfacet
  facet normal 0 0 -1
    outer loop
      vertex 26.2632 -6.93462 -12
      vertex 27.2193 -5.77885 -12
      vertex 26.7099 -7.28115 -12
    endloop
  endfacet
  facet normal -0 0 -1
    outer loop
      vertex 27.2193 -5.77885 -12
      vertex 26.2632 -6.93462 -12
      vertex 26.8659 -5.46726 -12
    endloop
  endfacet
  facet normal 0 0 -1
    outer loop
      vertex 25.8391 -6.56072 -12
      vertex 26.8659 -5.46726 -12
      vertex 26.2632 -6.93462 -12
    endloop
  endfacet
  facet normal -0 0 -1
    outer loop
      vertex 26.8659 -5.46726 -12
      vertex 25.8391 -6.56072 -12
      vertex 26.5327 -5.1341 -12
    endloop
  endfacet
  facet normal 0 0 -1
    outer loop
      vertex 25.4393 -6.16092 -12
      vertex 26.5327 -5.1341 -12
      vertex 25.8391 -6.56072 -12
    endloop
  endfacet
  facet normal -0 0 -1
    outer loop
      vertex 26.5327 -5.1341 -12
      vertex 25.4393 -6.16092 -12
      vertex 26.2211 -4.78068 -12
    endloop
  endfacet
  facet normal 0 0 -1
    outer loop
      vertex 25.0654 -5.73682 -12
      vertex 26.2211 -4.78068 -12
      vertex 25.4393 -6.16092 -12
    endloop
  endfacet
  facet normal -0 0 -1
    outer loop
      vertex 26.2211 -4.78068 -12
      vertex 25.0654 -5.73682 -12
      vertex 25.9324 -4.40839 -12
    endloop
  endfacet
  facet normal 0 0 -1
    outer loop
      vertex 24.7188 -5.29007 -12
      vertex 25.9324 -4.40839 -12
      vertex 25.0654 -5.73682 -12
    endloop
  endfacet
  facet normal -0 0 -1
    outer loop
      vertex 25.9324 -4.40839 -12
      vertex 24.7188 -5.29007 -12
      vertex 25.6675 -4.0187 -12
    endloop
  endfacet
  facet normal 0 0 -1
    outer loop
      vertex 24.401 -4.82244 -12
      vertex 25.6675 -4.0187 -12
      vertex 24.7188 -5.29007 -12
    endloop
  endfacet
  facet normal -0 0 -1
    outer loop
      vertex 25.6675 -4.0187 -12
      vertex 24.401 -4.82244 -12
      vertex 25.4277 -3.61315 -12
    endloop
  endfacet
  facet normal 0 0 -1
    outer loop
      vertex 24.1132 -4.33578 -12
      vertex 25.4277 -3.61315 -12
      vertex 24.401 -4.82244 -12
    endloop
  endfacet
  facet normal -0 0 -1
    outer loop
      vertex 25.4277 -3.61315 -12
      vertex 24.1132 -4.33578 -12
      vertex 25.2138 -3.19334 -12
    endloop
  endfacet
  facet normal 0 0 -1
    outer loop
      vertex 23.8566 -3.83201 -12
      vertex 25.2138 -3.19334 -12
      vertex 24.1132 -4.33578 -12
    endloop
  endfacet
  facet normal -0 0 -1
    outer loop
      vertex 25.2138 -3.19334 -12
      vertex 23.8566 -3.83201 -12
      vertex 25.0267 -2.76093 -12
    endloop
  endfacet
  facet normal 0 0 -1
    outer loop
      vertex 23.632 -3.31312 -12
      vertex 25.0267 -2.76093 -12
      vertex 23.8566 -3.83201 -12
    endloop
  endfacet
  facet normal -0 0 -1
    outer loop
      vertex 25.0267 -2.76093 -12
      vertex 23.632 -3.31312 -12
      vertex 24.8671 -2.31763 -12
    endloop
  endfacet
  facet normal -0 0 -1
    outer loop
      vertex 24.8671 -2.31763 -12
      vertex 23.4405 -2.78115 -12
      vertex 24.7356 -1.86517 -12
    endloop
  endfacet
  facet normal 0 0 -1
    outer loop
      vertex 23.4405 -2.78115 -12
      vertex 24.8671 -2.31763 -12
      vertex 23.632 -3.31312 -12
    endloop
  endfacet
  facet normal 0 0 -1
    outer loop
      vertex 39.1329 2.31763 -12
      vertex 40.5595 2.78115 -12
      vertex 39.2644 1.86517 -12
    endloop
  endfacet
  facet normal -0 0 -1
    outer loop
      vertex 40.5595 2.78115 -12
      vertex 39.1329 2.31763 -12
      vertex 40.368 3.31312 -12
    endloop
  endfacet
  facet normal 0 0 -1
    outer loop
      vertex 38.9733 2.76093 -12
      vertex 40.368 3.31312 -12
      vertex 39.1329 2.31763 -12
    endloop
  endfacet
  facet normal -0 0 -1
    outer loop
      vertex 40.368 3.31312 -12
      vertex 38.9733 2.76093 -12
      vertex 40.1434 3.83201 -12
    endloop
  endfacet
  facet normal 0 0 -1
    outer loop
      vertex 38.7862 3.19334 -12
      vertex 40.1434 3.83201 -12
      vertex 38.9733 2.76093 -12
    endloop
  endfacet
  facet normal -0 0 -1
    outer loop
      vertex 40.1434 3.83201 -12
      vertex 38.7862 3.19334 -12
      vertex 39.8868 4.33578 -12
    endloop
  endfacet
  facet normal 0 0 -1
    outer loop
      vertex 38.5723 3.61315 -12
      vertex 39.8868 4.33578 -12
      vertex 38.7862 3.19334 -12
    endloop
  endfacet
  facet normal -0 0 -1
    outer loop
      vertex 39.8868 4.33578 -12
      vertex 38.5723 3.61315 -12
      vertex 39.5989 4.82244 -12
    endloop
  endfacet
  facet normal 0 0 -1
    outer loop
      vertex 38.3325 4.0187 -12
      vertex 39.5989 4.82244 -12
      vertex 38.5723 3.61315 -12
    endloop
  endfacet
  facet normal -0 0 -1
    outer loop
      vertex 39.5989 4.82244 -12
      vertex 38.3325 4.0187 -12
      vertex 39.2812 5.29007 -12
    endloop
  endfacet
  facet normal 0 0 -1
    outer loop
      vertex 38.0676 4.40839 -12
      vertex 39.2812 5.29007 -12
      vertex 38.3325 4.0187 -12
    endloop
  endfacet
  facet normal -0 0 -1
    outer loop
      vertex 39.2812 5.29007 -12
      vertex 38.0676 4.40839 -12
      vertex 38.9346 5.73682 -12
    endloop
  endfacet
  facet normal 0 0 -1
    outer loop
      vertex 37.7788 4.78068 -12
      vertex 38.9346 5.73682 -12
      vertex 38.0676 4.40839 -12
    endloop
  endfacet
  facet normal -0 0 -1
    outer loop
      vertex 38.9346 5.73682 -12
      vertex 37.7788 4.78068 -12
      vertex 38.5607 6.16092 -12
    endloop
  endfacet
  facet normal 0 0 -1
    outer loop
      vertex 37.4673 5.1341 -12
      vertex 38.5607 6.16092 -12
      vertex 37.7788 4.78068 -12
    endloop
  endfacet
  facet normal -0 0 -1
    outer loop
      vertex 38.5607 6.16092 -12
      vertex 37.4673 5.1341 -12
      vertex 38.1609 6.56072 -12
    endloop
  endfacet
  facet normal 0 0 -1
    outer loop
      vertex 37.1341 5.46726 -12
      vertex 38.1609 6.56072 -12
      vertex 37.4673 5.1341 -12
    endloop
  endfacet
  facet normal -0 0 -1
    outer loop
      vertex 38.1609 6.56072 -12
      vertex 37.1341 5.46726 -12
      vertex 37.7368 6.93462 -12
    endloop
  endfacet
  facet normal 0 0 -1
    outer loop
      vertex 36.7807 5.77885 -12
      vertex 37.7368 6.93462 -12
      vertex 37.1341 5.46726 -12
    endloop
  endfacet
  facet normal -0 0 -1
    outer loop
      vertex 37.7368 6.93462 -12
      vertex 36.7807 5.77885 -12
      vertex 37.2901 7.28115 -12
    endloop
  endfacet
  facet normal 0 0 -1
    outer loop
      vertex 36.4084 6.06763 -12
      vertex 37.2901 7.28115 -12
      vertex 36.7807 5.77885 -12
    endloop
  endfacet
  facet normal -0 0 -1
    outer loop
      vertex 37.2901 7.28115 -12
      vertex 36.4084 6.06763 -12
      vertex 36.8224 7.59895 -12
    endloop
  endfacet
  facet normal 0 0 -1
    outer loop
      vertex 36.0187 6.33246 -12
      vertex 36.8224 7.59895 -12
      vertex 36.4084 6.06763 -12
    endloop
  endfacet
  facet normal -0 0 -1
    outer loop
      vertex 36.8224 7.59895 -12
      vertex 36.0187 6.33246 -12
      vertex 36.3358 7.88676 -12
    endloop
  endfacet
  facet normal 0 0 -1
    outer loop
      vertex 35.6132 6.5723 -12
      vertex 36.3358 7.88676 -12
      vertex 36.0187 6.33246 -12
    endloop
  endfacet
  facet normal -0 0 -1
    outer loop
      vertex 36.3358 7.88676 -12
      vertex 35.6132 6.5723 -12
      vertex 35.832 8.14344 -12
    endloop
  endfacet
  facet normal 0 0 -1
    outer loop
      vertex 35.1933 6.7862 -12
      vertex 35.832 8.14344 -12
      vertex 35.6132 6.5723 -12
    endloop
  endfacet
  facet normal -0 0 -1
    outer loop
      vertex 35.832 8.14344 -12
      vertex 35.1933 6.7862 -12
      vertex 35.3131 8.36799 -12
    endloop
  endfacet
  facet normal 0 0 -1
    outer loop
      vertex 34.7609 6.97332 -12
      vertex 35.3131 8.36799 -12
      vertex 35.1933 6.7862 -12
    endloop
  endfacet
  facet normal -0 0 -1
    outer loop
      vertex 35.3131 8.36799 -12
      vertex 34.7609 6.97332 -12
      vertex 34.7812 8.55951 -12
    endloop
  endfacet
  facet normal 0 0 -1
    outer loop
      vertex 34.3176 7.13292 -12
      vertex 34.7812 8.55951 -12
      vertex 34.7609 6.97332 -12
    endloop
  endfacet
  facet normal 0 0 -1
    outer loop
      vertex 34.3176 7.13292 -12
      vertex 34.2382 8.71725 -12
      vertex 34.7812 8.55951 -12
    endloop
  endfacet
  facet normal 0 0 -1
    outer loop
      vertex 33.8652 7.26437 -12
      vertex 34.2382 8.71725 -12
      vertex 34.3176 7.13292 -12
    endloop
  endfacet
  facet normal 0 0 -1
    outer loop
      vertex 33.8652 7.26437 -12
      vertex 33.6864 8.84058 -12
      vertex 34.2382 8.71725 -12
    endloop
  endfacet
  facet normal 0 0 -1
    outer loop
      vertex 33.4054 7.36715 -12
      vertex 33.6864 8.84058 -12
      vertex 33.8652 7.26437 -12
    endloop
  endfacet
  facet normal 0 0 -1
    outer loop
      vertex 33.4054 7.36715 -12
      vertex 33.128 8.92903 -12
      vertex 33.6864 8.84058 -12
    endloop
  endfacet
  facet normal 0 0 -1
    outer loop
      vertex 32.94 7.44086 -12
      vertex 33.128 8.92903 -12
      vertex 33.4054 7.36715 -12
    endloop
  endfacet
  facet normal 0 0 -1
    outer loop
      vertex 32.94 7.44086 -12
      vertex 32.5651 8.98224 -12
      vertex 33.128 8.92903 -12
    endloop
  endfacet
  facet normal 0 0 -1
    outer loop
      vertex 32.4709 7.4852 -12
      vertex 32.5651 8.98224 -12
      vertex 32.94 7.44086 -12
    endloop
  endfacet
  facet normal 0 0 -1
    outer loop
      vertex 32 7.5 -12
      vertex 32.5651 8.98224 -12
      vertex 32.4709 7.4852 -12
    endloop
  endfacet
  facet normal 0 0 -1
    outer loop
      vertex 32 7.5 -12
      vertex 32 9 -12
      vertex 32.5651 8.98224 -12
    endloop
  endfacet
  facet normal 0 0 -1
    outer loop
      vertex 31.5291 7.4852 -12
      vertex 32 9 -12
      vertex 32 7.5 -12
    endloop
  endfacet
  facet normal 0 0 -1
    outer loop
      vertex 31.5291 7.4852 -12
      vertex 31.4349 8.98224 -12
      vertex 32 9 -12
    endloop
  endfacet
  facet normal 0 0 -1
    outer loop
      vertex 31.06 7.44086 -12
      vertex 31.4349 8.98224 -12
      vertex 31.5291 7.4852 -12
    endloop
  endfacet
  facet normal 0 0 -1
    outer loop
      vertex 31.06 7.44086 -12
      vertex 30.872 8.92903 -12
      vertex 31.4349 8.98224 -12
    endloop
  endfacet
  facet normal 0 0 -1
    outer loop
      vertex 30.5946 7.36715 -12
      vertex 30.872 8.92903 -12
      vertex 31.06 7.44086 -12
    endloop
  endfacet
  facet normal 0 0 -1
    outer loop
      vertex 30.5946 7.36715 -12
      vertex 30.3136 8.84058 -12
      vertex 30.872 8.92903 -12
    endloop
  endfacet
  facet normal 0 0 -1
    outer loop
      vertex 30.1348 7.26437 -12
      vertex 30.3136 8.84058 -12
      vertex 30.5946 7.36715 -12
    endloop
  endfacet
  facet normal 0 0 -1
    outer loop
      vertex 30.1348 7.26437 -12
      vertex 29.7618 8.71725 -12
      vertex 30.3136 8.84058 -12
    endloop
  endfacet
  facet normal 0 0 -1
    outer loop
      vertex 29.6824 7.13292 -12
      vertex 29.7618 8.71725 -12
      vertex 30.1348 7.26437 -12
    endloop
  endfacet
  facet normal 0 0 -1
    outer loop
      vertex 29.2188 8.55951 -12
      vertex 29.6824 7.13292 -12
      vertex 29.2391 6.97332 -12
    endloop
  endfacet
  facet normal 0 0 -1
    outer loop
      vertex 29.6824 7.13292 -12
      vertex 29.2188 8.55951 -12
      vertex 29.7618 8.71725 -12
    endloop
  endfacet
  facet normal 0 0 -1
    outer loop
      vertex 28.6869 8.36799 -12
      vertex 29.2391 6.97332 -12
      vertex 28.8067 6.7862 -12
    endloop
  endfacet
  facet normal 0 0 -1
    outer loop
      vertex 29.2391 6.97332 -12
      vertex 28.6869 8.36799 -12
      vertex 29.2188 8.55951 -12
    endloop
  endfacet
  facet normal 0 0 -1
    outer loop
      vertex 28.168 8.14344 -12
      vertex 28.8067 6.7862 -12
      vertex 28.3868 6.5723 -12
    endloop
  endfacet
  facet normal 0 0 -1
    outer loop
      vertex 28.8067 6.7862 -12
      vertex 28.168 8.14344 -12
      vertex 28.6869 8.36799 -12
    endloop
  endfacet
  facet normal 0 0 -1
    outer loop
      vertex 27.6642 7.88676 -12
      vertex 28.3868 6.5723 -12
      vertex 27.9813 6.33246 -12
    endloop
  endfacet
  facet normal 0 0 -1
    outer loop
      vertex 28.3868 6.5723 -12
      vertex 27.6642 7.88676 -12
      vertex 28.168 8.14344 -12
    endloop
  endfacet
  facet normal 0 0 -1
    outer loop
      vertex 27.1776 7.59895 -12
      vertex 27.9813 6.33246 -12
      vertex 27.5916 6.06763 -12
    endloop
  endfacet
  facet normal 0 0 -1
    outer loop
      vertex 26.7099 7.28115 -12
      vertex 27.5916 6.06763 -12
      vertex 27.2193 5.77885 -12
    endloop
  endfacet
  facet normal 0 0 -1
    outer loop
      vertex 27.9813 6.33246 -12
      vertex 27.1776 7.59895 -12
      vertex 27.6642 7.88676 -12
    endloop
  endfacet
  facet normal 0 0 -1
    outer loop
      vertex 26.2632 6.93462 -12
      vertex 27.2193 5.77885 -12
      vertex 26.8659 5.46726 -12
    endloop
  endfacet
  facet normal 0 0 -1
    outer loop
      vertex 27.5916 6.06763 -12
      vertex 26.7099 7.28115 -12
      vertex 27.1776 7.59895 -12
    endloop
  endfacet
  facet normal 0 0 -1
    outer loop
      vertex 25.8391 6.56072 -12
      vertex 26.8659 5.46726 -12
      vertex 26.5327 5.1341 -12
    endloop
  endfacet
  facet normal 0 0 -1
    outer loop
      vertex 27.2193 5.77885 -12
      vertex 26.2632 6.93462 -12
      vertex 26.7099 7.28115 -12
    endloop
  endfacet
  facet normal 0 0 -1
    outer loop
      vertex 25.4393 6.16092 -12
      vertex 26.5327 5.1341 -12
      vertex 26.2211 4.78068 -12
    endloop
  endfacet
  facet normal 0 0 -1
    outer loop
      vertex 25.0654 5.73682 -12
      vertex 26.2211 4.78068 -12
      vertex 25.9324 4.40839 -12
    endloop
  endfacet
  facet normal 0 0 -1
    outer loop
      vertex 26.8659 5.46726 -12
      vertex 25.8391 6.56072 -12
      vertex 26.2632 6.93462 -12
    endloop
  endfacet
  facet normal 0 0 -1
    outer loop
      vertex 24.7188 5.29007 -12
      vertex 25.9324 4.40839 -12
      vertex 25.6675 4.0187 -12
    endloop
  endfacet
  facet normal 0 0 -1
    outer loop
      vertex 26.5327 5.1341 -12
      vertex 25.4393 6.16092 -12
      vertex 25.8391 6.56072 -12
    endloop
  endfacet
  facet normal 0 0 -1
    outer loop
      vertex 24.401 4.82244 -12
      vertex 25.6675 4.0187 -12
      vertex 25.4277 3.61315 -12
    endloop
  endfacet
  facet normal 0 0 -1
    outer loop
      vertex 24.1132 4.33578 -12
      vertex 25.4277 3.61315 -12
      vertex 25.2138 3.19334 -12
    endloop
  endfacet
  facet normal 0 0 -1
    outer loop
      vertex 26.2211 4.78068 -12
      vertex 25.0654 5.73682 -12
      vertex 25.4393 6.16092 -12
    endloop
  endfacet
  facet normal 0 0 -1
    outer loop
      vertex 23.8566 3.83201 -12
      vertex 25.2138 3.19334 -12
      vertex 25.0267 2.76093 -12
    endloop
  endfacet
  facet normal 0 0 -1
    outer loop
      vertex 23.632 3.31312 -12
      vertex 25.0267 2.76093 -12
      vertex 24.8671 2.31763 -12
    endloop
  endfacet
  facet normal 0 0 -1
    outer loop
      vertex 23.4405 2.78115 -12
      vertex 24.8671 2.31763 -12
      vertex 24.7356 1.86517 -12
    endloop
  endfacet
  facet normal 0 0 -1
    outer loop
      vertex 25.9324 4.40839 -12
      vertex 24.7188 5.29007 -12
      vertex 25.0654 5.73682 -12
    endloop
  endfacet
  facet normal 0 0 -1
    outer loop
      vertex 23.2828 2.23821 -12
      vertex 24.7356 1.86517 -12
      vertex 24.6328 1.40536 -12
    endloop
  endfacet
  facet normal 0 0 -1
    outer loop
      vertex 23.1594 1.68643 -12
      vertex 24.6328 1.40536 -12
      vertex 24.5591 0.939999 -12
    endloop
  endfacet
  facet normal 0 0 -1
    outer loop
      vertex 23.071 1.128 -12
      vertex 24.5591 0.939999 -12
      vertex 24.5148 0.470928 -12
    endloop
  endfacet
  facet normal 0 0 -1
    outer loop
      vertex 25.6675 4.0187 -12
      vertex 24.401 4.82244 -12
      vertex 24.7188 5.29007 -12
    endloop
  endfacet
  facet normal 0 0 -1
    outer loop
      vertex 23.0178 0.565114 -12
      vertex 24.5148 0.470928 -12
      vertex 24.5 0 -12
    endloop
  endfacet
  facet normal 0 0 -1
    outer loop
      vertex 23.2828 -2.23821 -12
      vertex 24.7356 -1.86517 -12
      vertex 23.4405 -2.78115 -12
    endloop
  endfacet
  facet normal -0 0 -1
    outer loop
      vertex 24.7356 -1.86517 -12
      vertex 23.2828 -2.23821 -12
      vertex 24.6328 -1.40536 -12
    endloop
  endfacet
  facet normal 0 0 -1
    outer loop
      vertex 25.4277 3.61315 -12
      vertex 24.1132 4.33578 -12
      vertex 24.401 4.82244 -12
    endloop
  endfacet
  facet normal 0 0 -1
    outer loop
      vertex 23.1594 -1.68643 -12
      vertex 24.6328 -1.40536 -12
      vertex 23.2828 -2.23821 -12
    endloop
  endfacet
  facet normal 0 0 -1
    outer loop
      vertex 25.2138 3.19334 -12
      vertex 23.8566 3.83201 -12
      vertex 24.1132 4.33578 -12
    endloop
  endfacet
  facet normal -0 0 -1
    outer loop
      vertex 24.6328 -1.40536 -12
      vertex 23.1594 -1.68643 -12
      vertex 24.5591 -0.939999 -12
    endloop
  endfacet
  facet normal 0 0 -1
    outer loop
      vertex 25.0267 2.76093 -12
      vertex 23.632 3.31312 -12
      vertex 23.8566 3.83201 -12
    endloop
  endfacet
  facet normal 0 0 -1
    outer loop
      vertex 23.071 -1.128 -12
      vertex 24.5591 -0.939999 -12
      vertex 23.1594 -1.68643 -12
    endloop
  endfacet
  facet normal 0 0 -1
    outer loop
      vertex 24.8671 2.31763 -12
      vertex 23.4405 2.78115 -12
      vertex 23.632 3.31312 -12
    endloop
  endfacet
  facet normal -0 0 -1
    outer loop
      vertex 24.5591 -0.939999 -12
      vertex 23.071 -1.128 -12
      vertex 24.5148 -0.470928 -12
    endloop
  endfacet
  facet normal 0 0 -1
    outer loop
      vertex 24.7356 1.86517 -12
      vertex 23.2828 2.23821 -12
      vertex 23.4405 2.78115 -12
    endloop
  endfacet
  facet normal 0 0 -1
    outer loop
      vertex 23.0178 -0.565114 -12
      vertex 24.5148 -0.470928 -12
      vertex 23.071 -1.128 -12
    endloop
  endfacet
  facet normal 0 0 -1
    outer loop
      vertex 24.6328 1.40536 -12
      vertex 23.1594 1.68643 -12
      vertex 23.2828 2.23821 -12
    endloop
  endfacet
  facet normal -0 0 -1
    outer loop
      vertex 24.5148 -0.470928 -12
      vertex 23.0178 -0.565114 -12
      vertex 24.5 0 -12
    endloop
  endfacet
  facet normal 0 0 -1
    outer loop
      vertex 24.5591 0.939999 -12
      vertex 23.071 1.128 -12
      vertex 23.1594 1.68643 -12
    endloop
  endfacet
  facet normal 0 0 -1
    outer loop
      vertex 23 0 -12
      vertex 24.5 0 -12
      vertex 23.0178 -0.565114 -12
    endloop
  endfacet
  facet normal 0 0 -1
    outer loop
      vertex 24.5148 0.470928 -12
      vertex 23.0178 0.565114 -12
      vertex 23.071 1.128 -12
    endloop
  endfacet
  facet normal 0 0 -1
    outer loop
      vertex 24.5 0 -12
      vertex 23 0 -12
      vertex 23.0178 0.565114 -12
    endloop
  endfacet
  facet normal -0.0941088 -0.995562 0
    outer loop
      vertex 30.872 -8.92903 -12
      vertex 31.4349 -8.98224 -7
      vertex 30.872 -8.92903 -7
    endloop
  endfacet
  facet normal -0.0941088 -0.995562 -0
    outer loop
      vertex 31.4349 -8.98224 -7
      vertex 30.872 -8.92903 -12
      vertex 31.4349 -8.98224 -12
    endloop
  endfacet
  facet normal -0.827081 -0.562082 0
    outer loop
      vertex 24.7188 -5.29007 -12
      vertex 24.401 -4.82244 -7
      vertex 24.401 -4.82244 -12
    endloop
  endfacet
  facet normal -0.827081 -0.562082 0
    outer loop
      vertex 24.401 -4.82244 -7
      vertex 24.7188 -5.29007 -12
      vertex 24.7188 -5.29007 -7
    endloop
  endfacet
  facet normal 0.612945 -0.790126 0
    outer loop
      vertex 37.2901 -7.28115 -12
      vertex 37.7368 -6.93462 -7
      vertex 37.2901 -7.28115 -7
    endloop
  endfacet
  facet normal 0.612945 -0.790126 0
    outer loop
      vertex 37.7368 -6.93462 -7
      vertex 37.2901 -7.28115 -12
      vertex 37.7368 -6.93462 -12
    endloop
  endfacet
  facet normal -0.397151 0.917753 0
    outer loop
      vertex 28.6869 8.36799 -12
      vertex 28.168 8.14344 -7
      vertex 28.6869 8.36799 -7
    endloop
  endfacet
  facet normal -0.397151 0.917753 0
    outer loop
      vertex 28.168 8.14344 -7
      vertex 28.6869 8.36799 -12
      vertex 28.168 8.14344 -12
    endloop
  endfacet
  facet normal -0.338776 0.940867 0
    outer loop
      vertex 29.2188 8.55951 -12
      vertex 28.6869 8.36799 -7
      vertex 29.2188 8.55951 -7
    endloop
  endfacet
  facet normal -0.338776 0.940867 0
    outer loop
      vertex 28.6869 8.36799 -7
      vertex 29.2188 8.55951 -12
      vertex 28.6869 8.36799 -12
    endloop
  endfacet
  facet normal -0.453964 -0.89102 0
    outer loop
      vertex 27.6642 -7.88676 -12
      vertex 28.168 -8.14344 -7
      vertex 27.6642 -7.88676 -7
    endloop
  endfacet
  facet normal -0.453964 -0.89102 -0
    outer loop
      vertex 28.168 -8.14344 -7
      vertex 27.6642 -7.88676 -12
      vertex 28.168 -8.14344 -12
    endloop
  endfacet
  facet normal -0.975893 -0.218249 0
    outer loop
      vertex 23.2828 -2.23821 -12
      vertex 23.1594 -1.68643 -7
      vertex 23.1594 -1.68643 -12
    endloop
  endfacet
  facet normal -0.975893 -0.218249 0
    outer loop
      vertex 23.1594 -1.68643 -7
      vertex 23.2828 -2.23821 -12
      vertex 23.2828 -2.23821 -7
    endloop
  endfacet
  facet normal -0.397151 -0.917753 0
    outer loop
      vertex 28.168 -8.14344 -12
      vertex 28.6869 -8.36799 -7
      vertex 28.168 -8.14344 -7
    endloop
  endfacet
  facet normal -0.397151 -0.917753 -0
    outer loop
      vertex 28.6869 -8.36799 -7
      vertex 28.168 -8.14344 -12
      vertex 28.6869 -8.36799 -12
    endloop
  endfacet
  facet normal 0.750106 0.661317 0
    outer loop
      vertex 38.9346 5.73682 -7
      vertex 38.5607 6.16092 -12
      vertex 38.5607 6.16092 -7
    endloop
  endfacet
  facet normal 0.750106 0.661317 0
    outer loop
      vertex 38.5607 6.16092 -12
      vertex 38.9346 5.73682 -7
      vertex 38.9346 5.73682 -12
    endloop
  endfacet
  facet normal 0.827164 -0.561961 0
    outer loop
      vertex 39.2812 -5.29007 -7
      vertex 39.5989 -4.82244 -12
      vertex 39.5989 -4.82244 -7
    endloop
  endfacet
  facet normal 0.827164 -0.561961 0
    outer loop
      vertex 39.5989 -4.82244 -12
      vertex 39.2812 -5.29007 -7
      vertex 39.2812 -5.29007 -12
    endloop
  endfacet
  facet normal 0.967714 -0.252051 0
    outer loop
      vertex 25.5393 -22.1594 7
      vertex 25.5947 -21.9467 -7
      vertex 25.5947 -21.9467 7
    endloop
  endfacet
  facet normal 0.967714 -0.252051 0
    outer loop
      vertex 25.5947 -21.9467 -7
      vertex 25.5393 -22.1594 7
      vertex 25.5393 -22.1594 -7
    endloop
  endfacet
  facet normal 0.949949 -0.312405 0
    outer loop
      vertex 25.5947 -21.9467 7
      vertex 25.6634 -21.7378 -7
      vertex 25.6634 -21.7378 7
    endloop
  endfacet
  facet normal 0.949949 -0.312405 0
    outer loop
      vertex 25.6634 -21.7378 -7
      vertex 25.5947 -21.9467 7
      vertex 25.5947 -21.9467 -7
    endloop
  endfacet
  facet normal 0.532898 -0.84618 0
    outer loop
      vertex 26.9951 -20.0332 -7
      vertex 27.1812 -19.916 7
      vertex 26.9951 -20.0332 7
    endloop
  endfacet
  facet normal 0.532898 -0.84618 0
    outer loop
      vertex 27.1812 -19.916 7
      vertex 26.9951 -20.0332 -7
      vertex 27.1812 -19.916 -7
    endloop
  endfacet
  facet normal 0.634846 -0.772639 0
    outer loop
      vertex 26.6469 -20.3014 -7
      vertex 26.8168 -20.1618 7
      vertex 26.6469 -20.3014 7
    endloop
  endfacet
  facet normal 0.634846 -0.772639 0
    outer loop
      vertex 26.8168 -20.1618 7
      vertex 26.6469 -20.3014 -7
      vertex 26.8168 -20.1618 -7
    endloop
  endfacet
  facet normal -0.68681 -0.726837 0
    outer loop
      vertex 45.3714 -25.4479 -7
      vertex 45.5312 -25.5989 7
      vertex 45.3714 -25.4479 7
    endloop
  endfacet
  facet normal -0.68681 -0.726837 -0
    outer loop
      vertex 45.5312 -25.5989 7
      vertex 45.3714 -25.4479 -7
      vertex 45.5312 -25.5989 -7
    endloop
  endfacet
  facet normal -0.251941 -0.967743 0
    outer loop
      vertex 29.7277 -19.5218 -7
      vertex 29.9405 -19.5772 7
      vertex 29.7277 -19.5218 7
    endloop
  endfacet
  facet normal -0.251941 -0.967743 -0
    outer loop
      vertex 29.9405 -19.5772 7
      vertex 29.7277 -19.5218 -7
      vertex 29.9405 -19.5772 -7
    endloop
  endfacet
  facet normal 0.999995 -0.00318325 0
    outer loop
      vertex 25.4537 -23.0326 7
      vertex 25.4544 -22.8127 -7
      vertex 25.4544 -22.8127 7
    endloop
  endfacet
  facet normal 0.999995 -0.00318325 0
    outer loop
      vertex 25.4544 -22.8127 -7
      vertex 25.4537 -23.0326 7
      vertex 25.4537 -23.0326 -7
    endloop
  endfacet
  facet normal 0.245211 -0.96947 0
    outer loop
      vertex 27.9876 -19.5704 -7
      vertex 28.2007 -19.5165 7
      vertex 27.9876 -19.5704 7
    endloop
  endfacet
  facet normal 0.245211 -0.96947 0
    outer loop
      vertex 28.2007 -19.5165 7
      vertex 27.9876 -19.5704 -7
      vertex 28.2007 -19.5165 -7
    endloop
  endfacet
  facet normal -0.726395 0.687278 0
    outer loop
      vertex 45.5139 -30.5486 -7
      vertex 45.665 -30.3889 7
      vertex 45.665 -30.3889 -7
    endloop
  endfacet
  facet normal -0.726395 0.687278 0
    outer loop
      vertex 45.665 -30.3889 7
      vertex 45.5139 -30.5486 -7
      vertex 45.5139 -30.5486 7
    endloop
  endfacet
  facet normal 0.772639 0.634846 0
    outer loop
      vertex 26.3189 -25.2403 7
      vertex 26.1793 -25.0704 -7
      vertex 26.1793 -25.0704 7
    endloop
  endfacet
  facet normal 0.772639 0.634846 0
    outer loop
      vertex 26.1793 -25.0704 -7
      vertex 26.3189 -25.2403 7
      vertex 26.3189 -25.2403 -7
    endloop
  endfacet
  facet normal 0.874607 -0.484832 0
    outer loop
      vertex 25.8393 -21.335 7
      vertex 25.9459 -21.1427 -7
      vertex 25.9459 -21.1427 7
    endloop
  endfacet
  facet normal 0.874607 -0.484832 0
    outer loop
      vertex 25.9459 -21.1427 -7
      vertex 25.8393 -21.335 7
      vertex 25.8393 -21.335 -7
    endloop
  endfacet
  facet normal 0.34202 0.939693 -0
    outer loop
      vertex 41.8506 -31.3541 -7
      vertex 27.7552 -26.2238 7
      vertex 41.8506 -31.3541 7
    endloop
  endfacet
  facet normal 0.34202 0.939693 0
    outer loop
      vertex 27.7552 -26.2238 7
      vertex 41.8506 -31.3541 -7
      vertex 27.7552 -26.2238 -7
    endloop
  endfacet
  facet normal -0.312405 -0.949949 0
    outer loop
      vertex 29.9405 -19.5772 -7
      vertex 30.1494 -19.6459 7
      vertex 29.9405 -19.5772 7
    endloop
  endfacet
  facet normal -0.312405 -0.949949 -0
    outer loop
      vertex 30.1494 -19.6459 7
      vertex 29.9405 -19.5772 -7
      vertex 30.1494 -19.6459 -7
    endloop
  endfacet
  facet normal 0.305568 -0.95217 0
    outer loop
      vertex 27.7782 -19.6376 -7
      vertex 27.9876 -19.5704 7
      vertex 27.7782 -19.6376 7
    endloop
  endfacet
  facet normal 0.305568 -0.95217 0
    outer loop
      vertex 27.9876 -19.5704 7
      vertex 27.7782 -19.6376 -7
      vertex 27.9876 -19.5704 -7
    endloop
  endfacet
  facet normal 0.484832 0.874607 -0
    outer loop
      vertex 27.3525 -26.0478 -7
      vertex 27.1602 -25.9412 7
      vertex 27.3525 -26.0478 7
    endloop
  endfacet
  facet normal 0.484832 0.874607 0
    outer loop
      vertex 27.1602 -25.9412 7
      vertex 27.3525 -26.0478 -7
      vertex 27.1602 -25.9412 -7
    endloop
  endfacet
  facet normal 0.371626 0.928383 -0
    outer loop
      vertex 27.7552 -26.2238 -7
      vertex 27.5511 -26.1421 7
      vertex 27.7552 -26.2238 7
    endloop
  endfacet
  facet normal 0.371626 0.928383 0
    outer loop
      vertex 27.5511 -26.1421 7
      vertex 27.7552 -26.2238 -7
      vertex 27.5511 -26.1421 -7
    endloop
  endfacet
  facet normal -0.128678 -0.991686 0
    outer loop
      vertex 29.2938 -19.4516 -7
      vertex 29.5119 -19.4799 7
      vertex 29.2938 -19.4516 7
    endloop
  endfacet
  facet normal -0.128678 -0.991686 -0
    outer loop
      vertex 29.5119 -19.4799 7
      vertex 29.2938 -19.4516 -7
      vertex 29.5119 -19.4799 -7
    endloop
  endfacet
  facet normal 0.903339 -0.428927 0
    outer loop
      vertex 25.745 -21.5336 7
      vertex 25.8393 -21.335 -7
      vertex 25.8393 -21.335 7
    endloop
  endfacet
  facet normal 0.903339 -0.428927 0
    outer loop
      vertex 25.8393 -21.335 -7
      vertex 25.745 -21.5336 7
      vertex 25.745 -21.5336 -7
    endloop
  endfacet
  facet normal -0.931088 -0.364794 0
    outer loop
      vertex 46.3449 -26.8911 -7
      vertex 46.2647 -26.6864 7
      vertex 46.2647 -26.6864 -7
    endloop
  endfacet
  facet normal -0.931088 -0.364794 0
    outer loop
      vertex 46.2647 -26.6864 7
      vertex 46.3449 -26.8911 -7
      vertex 46.3449 -26.8911 7
    endloop
  endfacet
  facet normal -0.903339 0.428927 0
    outer loop
      vertex 46.1607 -29.665 -7
      vertex 46.255 -29.4664 7
      vertex 46.255 -29.4664 -7
    endloop
  endfacet
  facet normal -0.903339 0.428927 0
    outer loop
      vertex 46.255 -29.4664 7
      vertex 46.1607 -29.665 -7
      vertex 46.1607 -29.665 7
    endloop
  endfacet
  facet normal -0.0664284 -0.997791 0
    outer loop
      vertex 29.0745 -19.437 -7
      vertex 29.2938 -19.4516 7
      vertex 29.0745 -19.437 7
    endloop
  endfacet
  facet normal -0.0664284 -0.997791 -0
    outer loop
      vertex 29.2938 -19.4516 7
      vertex 29.0745 -19.437 -7
      vertex 29.2938 -19.4516 -7
    endloop
  endfacet
  facet normal -0.634846 0.772639 0
    outer loop
      vertex 45.3531 -30.6986 -7
      vertex 45.1832 -30.8382 7
      vertex 45.3531 -30.6986 7
    endloop
  endfacet
  facet normal -0.634846 0.772639 0
    outer loop
      vertex 45.1832 -30.8382 7
      vertex 45.3531 -30.6986 -7
      vertex 45.1832 -30.8382 -7
    endloop
  endfacet
  facet normal -0.00363799 -0.999993 0
    outer loop
      vertex 28.8546 -19.4362 -7
      vertex 29.0745 -19.437 7
      vertex 28.8546 -19.4362 7
    endloop
  endfacet
  facet normal -0.00363799 -0.999993 -0
    outer loop
      vertex 29.0745 -19.437 7
      vertex 28.8546 -19.4362 -7
      vertex 29.0745 -19.437 -7
    endloop
  endfacet
  facet normal 0.478597 -0.878035 0
    outer loop
      vertex 27.1812 -19.916 -7
      vertex 27.3742 -19.8108 7
      vertex 27.1812 -19.916 7
    endloop
  endfacet
  facet normal 0.478597 -0.878035 0
    outer loop
      vertex 27.3742 -19.8108 7
      vertex 27.1812 -19.916 -7
      vertex 27.3742 -19.8108 -7
    endloop
  endfacet
  facet normal -0.84605 -0.533103 0
    outer loop
      vertex 46.0665 -26.294 -7
      vertex 45.9493 -26.108 7
      vertex 45.9493 -26.108 -7
    endloop
  endfacet
  facet normal -0.84605 -0.533103 0
    outer loop
      vertex 45.9493 -26.108 7
      vertex 46.0665 -26.294 -7
      vertex 46.0665 -26.294 7
    endloop
  endfacet
  facet normal -0.34202 -0.939693 0
    outer loop
      vertex 30.1494 -19.6459 -7
      vertex 44.2448 -24.7762 7
      vertex 30.1494 -19.6459 7
    endloop
  endfacet
  facet normal -0.34202 -0.939693 -0
    outer loop
      vertex 44.2448 -24.7762 7
      vertex 30.1494 -19.6459 -7
      vertex 44.2448 -24.7762 -7
    endloop
  endfacet
  facet normal -0.928602 0.371077 0
    outer loop
      vertex 46.255 -29.4664 -7
      vertex 46.3366 -29.2622 7
      vertex 46.3366 -29.2622 -7
    endloop
  endfacet
  facet normal -0.928602 0.371077 0
    outer loop
      vertex 46.3366 -29.2622 7
      vertex 46.255 -29.4664 -7
      vertex 46.255 -29.4664 7
    endloop
  endfacet
  facet normal -0.371626 -0.928383 0
    outer loop
      vertex 44.2448 -24.7762 -7
      vertex 44.4489 -24.8579 7
      vertex 44.2448 -24.7762 7
    endloop
  endfacet
  facet normal -0.371626 -0.928383 -0
    outer loop
      vertex 44.4489 -24.8579 7
      vertex 44.2448 -24.7762 -7
      vertex 44.4489 -24.8579 -7
    endloop
  endfacet
  facet normal 0.00363799 0.999993 -0
    outer loop
      vertex 43.1454 -31.5638 -7
      vertex 42.9255 -31.563 7
      vertex 43.1454 -31.5638 7
    endloop
  endfacet
  facet normal 0.00363799 0.999993 0
    outer loop
      vertex 42.9255 -31.563 7
      vertex 43.1454 -31.5638 -7
      vertex 42.9255 -31.563 -7
    endloop
  endfacet
  facet normal -0.967714 0.252051 0
    outer loop
      vertex 46.4053 -29.0533 -7
      vertex 46.4607 -28.8406 7
      vertex 46.4607 -28.8406 -7
    endloop
  endfacet
  facet normal -0.967714 0.252051 0
    outer loop
      vertex 46.4607 -28.8406 7
      vertex 46.4053 -29.0533 -7
      vertex 46.4053 -29.0533 7
    endloop
  endfacet
  facet normal -0.484832 -0.874607 0
    outer loop
      vertex 44.6475 -24.9522 -7
      vertex 44.8398 -25.0588 7
      vertex 44.6475 -24.9522 7
    endloop
  endfacet
  facet normal -0.484832 -0.874607 -0
    outer loop
      vertex 44.8398 -25.0588 7
      vertex 44.6475 -24.9522 -7
      vertex 44.8398 -25.0588 -7
    endloop
  endfacet
  facet normal 0.928602 -0.371077 0
    outer loop
      vertex 25.6634 -21.7378 7
      vertex 25.745 -21.5336 -7
      vertex 25.745 -21.5336 7
    endloop
  endfacet
  facet normal 0.928602 -0.371077 0
    outer loop
      vertex 25.745 -21.5336 -7
      vertex 25.6634 -21.7378 7
      vertex 25.6634 -21.7378 -7
    endloop
  endfacet
  facet normal 0.731464 0.681881 0
    outer loop
      vertex 26.4688 -25.4011 7
      vertex 26.3189 -25.2403 -7
      vertex 26.3189 -25.2403 7
    endloop
  endfacet
  facet normal 0.731464 0.681881 0
    outer loop
      vertex 26.3189 -25.2403 -7
      vertex 26.4688 -25.4011 7
      vertex 26.4688 -25.4011 -7
    endloop
  endfacet
  facet normal -0.768333 0.64005 0
    outer loop
      vertex 45.665 -30.3889 -7
      vertex 45.8057 -30.22 7
      vertex 45.8057 -30.22 -7
    endloop
  endfacet
  facet normal -0.768333 0.64005 0
    outer loop
      vertex 45.8057 -30.22 7
      vertex 45.665 -30.3889 -7
      vertex 45.665 -30.3889 7
    endloop
  endfacet
  facet normal -0.478948 0.877843 0
    outer loop
      vertex 44.8188 -31.0839 -7
      vertex 44.6258 -31.1892 7
      vertex 44.8188 -31.0839 7
    endloop
  endfacet
  facet normal -0.478948 0.877843 0
    outer loop
      vertex 44.6258 -31.1892 7
      vertex 44.8188 -31.0839 -7
      vertex 44.6258 -31.1892 -7
    endloop
  endfacet
  facet normal -0.682124 0.731237 0
    outer loop
      vertex 45.5139 -30.5486 -7
      vertex 45.3531 -30.6986 7
      vertex 45.5139 -30.5486 7
    endloop
  endfacet
  facet normal -0.682124 0.731237 0
    outer loop
      vertex 45.3531 -30.6986 7
      vertex 45.5139 -30.5486 -7
      vertex 45.3531 -30.6986 -7
    endloop
  endfacet
  facet normal 0.584976 -0.811051 0
    outer loop
      vertex 26.8168 -20.1618 -7
      vertex 26.9951 -20.0332 7
      vertex 26.8168 -20.1618 7
    endloop
  endfacet
  facet normal 0.584976 -0.811051 0
    outer loop
      vertex 26.9951 -20.0332 7
      vertex 26.8168 -20.1618 -7
      vertex 26.9951 -20.0332 -7
    endloop
  endfacet
  facet normal 0.190602 0.981667 -0
    outer loop
      vertex 42.4881 -31.5201 -7
      vertex 42.2723 -31.4782 7
      vertex 42.4881 -31.5201 7
    endloop
  endfacet
  facet normal 0.190602 0.981667 0
    outer loop
      vertex 42.2723 -31.4782 7
      vertex 42.4881 -31.5201 -7
      vertex 42.2723 -31.4782 -7
    endloop
  endfacet
  facet normal 0.682124 -0.731237 0
    outer loop
      vertex 26.4861 -20.4514 -7
      vertex 26.6469 -20.3014 7
      vertex 26.4861 -20.4514 7
    endloop
  endfacet
  facet normal 0.682124 -0.731237 0
    outer loop
      vertex 26.6469 -20.3014 7
      vertex 26.4861 -20.4514 -7
      vertex 26.6469 -20.3014 -7
    endloop
  endfacet
  facet normal 0.428927 0.903339 -0
    outer loop
      vertex 27.5511 -26.1421 -7
      vertex 27.3525 -26.0478 7
      vertex 27.5511 -26.1421 7
    endloop
  endfacet
  facet normal 0.428927 0.903339 0
    outer loop
      vertex 27.3525 -26.0478 7
      vertex 27.5511 -26.1421 -7
      vertex 27.3525 -26.0478 -7
    endloop
  endfacet
  facet normal 0.878139 0.478406 0
    outer loop
      vertex 25.9335 -24.706 7
      vertex 25.8283 -24.5129 -7
      vertex 25.8283 -24.5129 7
    endloop
  endfacet
  facet normal 0.878139 0.478406 0
    outer loop
      vertex 25.8283 -24.5129 -7
      vertex 25.9335 -24.706 7
      vertex 25.9335 -24.706 -7
    endloop
  endfacet
  facet normal 0.806983 -0.590575 0
    outer loop
      vertex 26.0644 -20.9575 7
      vertex 26.1943 -20.78 -7
      vertex 26.1943 -20.78 7
    endloop
  endfacet
  facet normal 0.806983 -0.590575 0
    outer loop
      vertex 26.1943 -20.78 -7
      vertex 26.0644 -20.9575 7
      vertex 26.0644 -20.9575 -7
    endloop
  endfacet
  facet normal 0.768333 -0.64005 0
    outer loop
      vertex 26.1943 -20.78 7
      vertex 26.335 -20.6111 -7
      vertex 26.335 -20.6111 7
    endloop
  endfacet
  facet normal 0.768333 -0.64005 0
    outer loop
      vertex 26.335 -20.6111 -7
      vertex 26.1943 -20.78 7
      vertex 26.1943 -20.78 -7
    endloop
  endfacet
  facet normal 0.931088 0.364794 0
    outer loop
      vertex 25.7353 -24.3136 7
      vertex 25.6551 -24.1089 -7
      vertex 25.6551 -24.1089 7
    endloop
  endfacet
  facet normal 0.931088 0.364794 0
    outer loop
      vertex 25.6551 -24.1089 -7
      vertex 25.7353 -24.3136 7
      vertex 25.7353 -24.3136 -7
    endloop
  endfacet
  facet normal -0.590496 -0.807041 0
    outer loop
      vertex 45.0251 -25.1773 -7
      vertex 45.2025 -25.3071 7
      vertex 45.0251 -25.1773 7
    endloop
  endfacet
  facet normal -0.590496 -0.807041 -0
    outer loop
      vertex 45.2025 -25.3071 7
      vertex 45.0251 -25.1773 -7
      vertex 45.2025 -25.3071 -7
    endloop
  endfacet
  facet normal 0.84605 0.533103 0
    outer loop
      vertex 26.0507 -24.892 7
      vertex 25.9335 -24.706 -7
      vertex 25.9335 -24.706 7
    endloop
  endfacet
  facet normal 0.84605 0.533103 0
    outer loop
      vertex 25.9335 -24.706 -7
      vertex 26.0507 -24.892 7
      vertex 26.0507 -24.892 -7
    endloop
  endfacet
  facet normal 0.811206 0.58476 0
    outer loop
      vertex 26.1793 -25.0704 7
      vertex 26.0507 -24.892 -7
      vertex 26.0507 -24.892 7
    endloop
  endfacet
  facet normal 0.811206 0.58476 0
    outer loop
      vertex 26.0507 -24.892 -7
      vertex 26.1793 -25.0704 7
      vertex 26.1793 -25.0704 -7
    endloop
  endfacet
  facet normal -0.981599 0.190955 0
    outer loop
      vertex 46.4607 -28.8406 -7
      vertex 46.5027 -28.6247 7
      vertex 46.5027 -28.6247 -7
    endloop
  endfacet
  facet normal -0.981599 0.190955 0
    outer loop
      vertex 46.5027 -28.6247 7
      vertex 46.4607 -28.8406 -7
      vertex 46.4607 -28.8406 7
    endloop
  endfacet
  facet normal 0.0595751 -0.998224 0
    outer loop
      vertex 28.6351 -19.4493 -7
      vertex 28.8546 -19.4362 7
      vertex 28.6351 -19.4493 7
    endloop
  endfacet
  facet normal 0.0595751 -0.998224 0
    outer loop
      vertex 28.8546 -19.4362 7
      vertex 28.6351 -19.4493 -7
      vertex 28.8546 -19.4362 -7
    endloop
  endfacet
  facet normal 0.121459 -0.992596 0
    outer loop
      vertex 28.4169 -19.476 -7
      vertex 28.6351 -19.4493 7
      vertex 28.4169 -19.476 7
    endloop
  endfacet
  facet normal 0.121459 -0.992596 0
    outer loop
      vertex 28.6351 -19.4493 7
      vertex 28.4169 -19.476 -7
      vertex 28.6351 -19.4493 -7
    endloop
  endfacet
  facet normal -0.874607 0.484832 0
    outer loop
      vertex 46.0541 -29.8573 -7
      vertex 46.1607 -29.665 7
      vertex 46.1607 -29.665 -7
    endloop
  endfacet
  facet normal -0.874607 0.484832 0
    outer loop
      vertex 46.1607 -29.665 7
      vertex 46.0541 -29.8573 -7
      vertex 46.0541 -29.8573 7
    endloop
  endfacet
  facet normal -0.428927 -0.903339 0
    outer loop
      vertex 44.4489 -24.8579 -7
      vertex 44.6475 -24.9522 7
      vertex 44.4489 -24.8579 7
    endloop
  endfacet
  facet normal -0.428927 -0.903339 -0
    outer loop
      vertex 44.6475 -24.9522 7
      vertex 44.4489 -24.8579 -7
      vertex 44.6475 -24.9522 -7
    endloop
  endfacet
  facet normal 0.981599 -0.190955 0
    outer loop
      vertex 25.4973 -22.3753 7
      vertex 25.5393 -22.1594 -7
      vertex 25.5393 -22.1594 7
    endloop
  endfacet
  facet normal 0.981599 -0.190955 0
    outer loop
      vertex 25.5393 -22.1594 -7
      vertex 25.4973 -22.3753 7
      vertex 25.4973 -22.3753 -7
    endloop
  endfacet
  facet normal -0.806983 0.590575 0
    outer loop
      vertex 45.8057 -30.22 -7
      vertex 45.9356 -30.0425 7
      vertex 45.9356 -30.0425 -7
    endloop
  endfacet
  facet normal -0.806983 0.590575 0
    outer loop
      vertex 45.9356 -30.0425 7
      vertex 45.8057 -30.22 -7
      vertex 45.8057 -30.22 7
    endloop
  endfacet
  facet normal -0.997793 0.0663983 0
    outer loop
      vertex 46.531 -28.4067 -7
      vertex 46.5456 -28.1873 7
      vertex 46.5456 -28.1873 -7
    endloop
  endfacet
  facet normal -0.997793 0.0663983 0
    outer loop
      vertex 46.5456 -28.1873 7
      vertex 46.531 -28.4067 -7
      vertex 46.531 -28.4067 7
    endloop
  endfacet
  facet normal -0.584976 0.811051 0
    outer loop
      vertex 45.1832 -30.8382 -7
      vertex 45.0049 -30.9668 7
      vertex 45.1832 -30.8382 7
    endloop
  endfacet
  facet normal -0.584976 0.811051 0
    outer loop
      vertex 45.0049 -30.9668 7
      vertex 45.1832 -30.8382 -7
      vertex 45.0049 -30.9668 -7
    endloop
  endfacet
  facet normal 0.590496 0.807041 -0
    outer loop
      vertex 26.9749 -25.8227 -7
      vertex 26.7975 -25.6929 7
      vertex 26.9749 -25.8227 7
    endloop
  endfacet
  facet normal 0.590496 0.807041 0
    outer loop
      vertex 26.7975 -25.6929 7
      vertex 26.9749 -25.8227 -7
      vertex 26.7975 -25.6929 -7
    endloop
  endfacet
  facet normal 0.842329 -0.538963 0
    outer loop
      vertex 25.9459 -21.1427 7
      vertex 26.0644 -20.9575 -7
      vertex 26.0644 -20.9575 7
    endloop
  endfacet
  facet normal 0.842329 -0.538963 0
    outer loop
      vertex 26.0644 -20.9575 -7
      vertex 25.9459 -21.1427 7
      vertex 25.9459 -21.1427 -7
    endloop
  endfacet
  facet normal 0.184124 -0.982903 0
    outer loop
      vertex 28.2007 -19.5165 -7
      vertex 28.4169 -19.476 7
      vertex 28.2007 -19.5165 7
    endloop
  endfacet
  facet normal 0.184124 -0.982903 0
    outer loop
      vertex 28.4169 -19.476 7
      vertex 28.2007 -19.5165 -7
      vertex 28.4169 -19.476 -7
    endloop
  endfacet
  facet normal -0.190602 -0.981667 0
    outer loop
      vertex 29.5119 -19.4799 -7
      vertex 29.7277 -19.5218 7
      vertex 29.5119 -19.4799 7
    endloop
  endfacet
  facet normal -0.190602 -0.981667 -0
    outer loop
      vertex 29.7277 -19.5218 7
      vertex 29.5119 -19.4799 -7
      vertex 29.7277 -19.5218 -7
    endloop
  endfacet
  facet normal 0.422487 -0.906369 0
    outer loop
      vertex 27.3742 -19.8108 -7
      vertex 27.5735 -19.7179 7
      vertex 27.3742 -19.8108 7
    endloop
  endfacet
  facet normal 0.422487 -0.906369 0
    outer loop
      vertex 27.5735 -19.7179 7
      vertex 27.3742 -19.8108 -7
      vertex 27.5735 -19.7179 -7
    endloop
  endfacet
  facet normal -0.0595751 0.998224 0
    outer loop
      vertex 43.3649 -31.5507 -7
      vertex 43.1454 -31.5638 7
      vertex 43.3649 -31.5507 7
    endloop
  endfacet
  facet normal -0.0595751 0.998224 0
    outer loop
      vertex 43.1454 -31.5638 7
      vertex 43.3649 -31.5507 -7
      vertex 43.1454 -31.5638 -7
    endloop
  endfacet
  facet normal 0.906195 0.422861 0
    outer loop
      vertex 25.8283 -24.5129 7
      vertex 25.7353 -24.3136 -7
      vertex 25.7353 -24.3136 7
    endloop
  endfacet
  facet normal 0.906195 0.422861 0
    outer loop
      vertex 25.7353 -24.3136 -7
      vertex 25.8283 -24.5129 7
      vertex 25.8283 -24.5129 -7
    endloop
  endfacet
  facet normal -0.538757 -0.842461 0
    outer loop
      vertex 44.8398 -25.0588 -7
      vertex 45.0251 -25.1773 7
      vertex 44.8398 -25.0588 7
    endloop
  endfacet
  facet normal -0.538757 -0.842461 -0
    outer loop
      vertex 45.0251 -25.1773 7
      vertex 44.8398 -25.0588 -7
      vertex 45.0251 -25.1773 -7
    endloop
  endfacet
  facet normal -0.532572 0.846385 0
    outer loop
      vertex 45.0049 -30.9668 -7
      vertex 44.8188 -31.0839 7
      vertex 45.0049 -30.9668 7
    endloop
  endfacet
  facet normal -0.532572 0.846385 0
    outer loop
      vertex 44.8188 -31.0839 7
      vertex 45.0049 -30.9668 -7
      vertex 44.8188 -31.0839 -7
    endloop
  endfacet
  facet normal 0.128678 0.991686 -0
    outer loop
      vertex 42.7062 -31.5484 -7
      vertex 42.4881 -31.5201 7
      vertex 42.7062 -31.5484 7
    endloop
  endfacet
  facet normal 0.128678 0.991686 0
    outer loop
      vertex 42.4881 -31.5201 7
      vertex 42.7062 -31.5484 -7
      vertex 42.4881 -31.5201 -7
    endloop
  endfacet
  facet normal 0.969497 0.245103 0
    outer loop
      vertex 25.5879 -23.8996 7
      vertex 25.534 -23.6864 -7
      vertex 25.534 -23.6864 7
    endloop
  endfacet
  facet normal 0.969497 0.245103 0
    outer loop
      vertex 25.534 -23.6864 -7
      vertex 25.5879 -23.8996 7
      vertex 25.5879 -23.8996 -7
    endloop
  endfacet
  facet normal -0.949949 0.312405 0
    outer loop
      vertex 46.3366 -29.2622 -7
      vertex 46.4053 -29.0533 7
      vertex 46.4053 -29.0533 -7
    endloop
  endfacet
  facet normal -0.949949 0.312405 0
    outer loop
      vertex 46.4053 -29.0533 7
      vertex 46.3366 -29.2622 -7
      vertex 46.3366 -29.2622 7
    endloop
  endfacet
  facet normal 0.726395 -0.687278 0
    outer loop
      vertex 26.335 -20.6111 7
      vertex 26.4861 -20.4514 -7
      vertex 26.4861 -20.4514 7
    endloop
  endfacet
  facet normal 0.726395 -0.687278 0
    outer loop
      vertex 26.4861 -20.4514 -7
      vertex 26.335 -20.6111 7
      vertex 26.335 -20.6111 -7
    endloop
  endfacet
  facet normal -0.640319 -0.768109 0
    outer loop
      vertex 45.2025 -25.3071 -7
      vertex 45.3714 -25.4479 7
      vertex 45.2025 -25.3071 7
    endloop
  endfacet
  facet normal -0.640319 -0.768109 -0
    outer loop
      vertex 45.3714 -25.4479 7
      vertex 45.2025 -25.3071 -7
      vertex 45.3714 -25.4479 -7
    endloop
  endfacet
  facet normal -0.998251 -0.0591219 0
    outer loop
      vertex 46.5463 -27.9674 -7
      vertex 46.5333 -27.7479 7
      vertex 46.5333 -27.7479 -7
    endloop
  endfacet
  facet normal -0.998251 -0.0591219 0
    outer loop
      vertex 46.5333 -27.7479 7
      vertex 46.5463 -27.9674 -7
      vertex 46.5463 -27.9674 7
    endloop
  endfacet
  facet normal -0.969497 -0.245103 0
    outer loop
      vertex 46.466 -27.3136 -7
      vertex 46.4121 -27.1004 7
      vertex 46.4121 -27.1004 -7
    endloop
  endfacet
  facet normal -0.969497 -0.245103 0
    outer loop
      vertex 46.4121 -27.1004 7
      vertex 46.466 -27.3136 -7
      vertex 46.466 -27.3136 7
    endloop
  endfacet
  facet normal -0.842329 0.538963 0
    outer loop
      vertex 45.9356 -30.0425 -7
      vertex 46.0541 -29.8573 7
      vertex 46.0541 -29.8573 -7
    endloop
  endfacet
  facet normal -0.842329 0.538963 0
    outer loop
      vertex 46.0541 -29.8573 7
      vertex 45.9356 -30.0425 -7
      vertex 45.9356 -30.0425 7
    endloop
  endfacet
  facet normal -0.772639 -0.634846 0
    outer loop
      vertex 45.8207 -25.9296 -7
      vertex 45.6811 -25.7597 7
      vertex 45.6811 -25.7597 -7
    endloop
  endfacet
  facet normal -0.772639 -0.634846 0
    outer loop
      vertex 45.6811 -25.7597 7
      vertex 45.8207 -25.9296 -7
      vertex 45.8207 -25.9296 7
    endloop
  endfacet
  facet normal -0.245211 0.96947 0
    outer loop
      vertex 44.0124 -31.4296 -7
      vertex 43.7993 -31.4835 7
      vertex 44.0124 -31.4296 7
    endloop
  endfacet
  facet normal -0.245211 0.96947 0
    outer loop
      vertex 43.7993 -31.4835 7
      vertex 44.0124 -31.4296 -7
      vertex 43.7993 -31.4835 -7
    endloop
  endfacet
  facet normal 0.952128 0.3057 0
    outer loop
      vertex 25.6551 -24.1089 7
      vertex 25.5879 -23.8996 -7
      vertex 25.5879 -23.8996 7
    endloop
  endfacet
  facet normal 0.952128 0.3057 0
    outer loop
      vertex 25.5879 -23.8996 -7
      vertex 25.6551 -24.1089 7
      vertex 25.6551 -24.1089 -7
    endloop
  endfacet
  facet normal 0.0664284 0.997791 -0
    outer loop
      vertex 42.9255 -31.563 -7
      vertex 42.7062 -31.5484 7
      vertex 42.9255 -31.563 7
    endloop
  endfacet
  facet normal 0.0664284 0.997791 0
    outer loop
      vertex 42.7062 -31.5484 7
      vertex 42.9255 -31.563 -7
      vertex 42.7062 -31.5484 -7
    endloop
  endfacet
  facet normal 0.252366 0.967632 -0
    outer loop
      vertex 42.2723 -31.4782 -7
      vertex 42.0595 -31.4227 7
      vertex 42.2723 -31.4782 7
    endloop
  endfacet
  facet normal 0.252366 0.967632 0
    outer loop
      vertex 42.0595 -31.4227 7
      vertex 42.2723 -31.4782 -7
      vertex 42.0595 -31.4227 -7
    endloop
  endfacet
  facet normal -0.811206 -0.58476 0
    outer loop
      vertex 45.9493 -26.108 -7
      vertex 45.8207 -25.9296 7
      vertex 45.8207 -25.9296 -7
    endloop
  endfacet
  facet normal -0.811206 -0.58476 0
    outer loop
      vertex 45.8207 -25.9296 7
      vertex 45.9493 -26.108 -7
      vertex 45.9493 -26.108 7
    endloop
  endfacet
  facet normal -0.183685 0.982985 0
    outer loop
      vertex 43.7993 -31.4835 -7
      vertex 43.5831 -31.5239 7
      vertex 43.7993 -31.4835 7
    endloop
  endfacet
  facet normal -0.183685 0.982985 0
    outer loop
      vertex 43.5831 -31.5239 7
      vertex 43.7993 -31.4835 -7
      vertex 43.5831 -31.5239 -7
    endloop
  endfacet
  facet normal -0.731464 -0.681881 0
    outer loop
      vertex 45.6811 -25.7597 -7
      vertex 45.5312 -25.5989 7
      vertex 45.5312 -25.5989 -7
    endloop
  endfacet
  facet normal -0.731464 -0.681881 0
    outer loop
      vertex 45.5312 -25.5989 7
      vertex 45.6811 -25.7597 -7
      vertex 45.6811 -25.7597 7
    endloop
  endfacet
  facet normal -0.305568 0.95217 0
    outer loop
      vertex 44.2218 -31.3624 -7
      vertex 44.0124 -31.4296 7
      vertex 44.2218 -31.3624 7
    endloop
  endfacet
  facet normal -0.305568 0.95217 0
    outer loop
      vertex 44.0124 -31.4296 7
      vertex 44.2218 -31.3624 -7
      vertex 44.0124 -31.4296 -7
    endloop
  endfacet
  facet normal 0.68681 0.726837 -0
    outer loop
      vertex 26.6286 -25.5521 -7
      vertex 26.4688 -25.4011 7
      vertex 26.6286 -25.5521 7
    endloop
  endfacet
  facet normal 0.68681 0.726837 0
    outer loop
      vertex 26.4688 -25.4011 7
      vertex 26.6286 -25.5521 -7
      vertex 26.4688 -25.4011 -7
    endloop
  endfacet
  facet normal 0.997793 -0.0663983 0
    outer loop
      vertex 25.4544 -22.8127 7
      vertex 25.469 -22.5933 -7
      vertex 25.469 -22.5933 7
    endloop
  endfacet
  facet normal 0.997793 -0.0663983 0
    outer loop
      vertex 25.469 -22.5933 -7
      vertex 25.4544 -22.8127 7
      vertex 25.4544 -22.8127 -7
    endloop
  endfacet
  facet normal 0.538757 0.842461 -0
    outer loop
      vertex 27.1602 -25.9412 -7
      vertex 26.9749 -25.8227 7
      vertex 27.1602 -25.9412 7
    endloop
  endfacet
  facet normal 0.538757 0.842461 0
    outer loop
      vertex 26.9749 -25.8227 7
      vertex 27.1602 -25.9412 -7
      vertex 26.9749 -25.8227 -7
    endloop
  endfacet
  facet normal -0.952128 -0.3057 0
    outer loop
      vertex 46.4121 -27.1004 -7
      vertex 46.3449 -26.8911 7
      vertex 46.3449 -26.8911 -7
    endloop
  endfacet
  facet normal -0.952128 -0.3057 0
    outer loop
      vertex 46.3449 -26.8911 7
      vertex 46.4121 -27.1004 -7
      vertex 46.4121 -27.1004 7
    endloop
  endfacet
  facet normal 0.640319 0.768109 -0
    outer loop
      vertex 26.7975 -25.6929 -7
      vertex 26.6286 -25.5521 7
      vertex 26.7975 -25.6929 7
    endloop
  endfacet
  facet normal 0.640319 0.768109 0
    outer loop
      vertex 26.6286 -25.5521 7
      vertex 26.7975 -25.6929 -7
      vertex 26.6286 -25.5521 -7
    endloop
  endfacet
  facet normal 0.311995 0.950084 -0
    outer loop
      vertex 42.0595 -31.4227 -7
      vertex 41.8506 -31.3541 7
      vertex 42.0595 -31.4227 7
    endloop
  endfacet
  facet normal 0.311995 0.950084 0
    outer loop
      vertex 41.8506 -31.3541 7
      vertex 42.0595 -31.4227 -7
      vertex 41.8506 -31.3541 -7
    endloop
  endfacet
  facet normal -0.878139 -0.478406 0
    outer loop
      vertex 46.1717 -26.4871 -7
      vertex 46.0665 -26.294 7
      vertex 46.0665 -26.294 -7
    endloop
  endfacet
  facet normal -0.878139 -0.478406 0
    outer loop
      vertex 46.0665 -26.294 7
      vertex 46.1717 -26.4871 -7
      vertex 46.1717 -26.4871 7
    endloop
  endfacet
  facet normal -0.906195 -0.422861 0
    outer loop
      vertex 46.2647 -26.6864 -7
      vertex 46.1717 -26.4871 7
      vertex 46.1717 -26.4871 -7
    endloop
  endfacet
  facet normal -0.906195 -0.422861 0
    outer loop
      vertex 46.1717 -26.4871 7
      vertex 46.2647 -26.6864 -7
      vertex 46.2647 -26.6864 7
    endloop
  endfacet
  facet normal -0.999995 0.00318325 0
    outer loop
      vertex 46.5456 -28.1873 -7
      vertex 46.5463 -27.9674 7
      vertex 46.5463 -27.9674 -7
    endloop
  endfacet
  facet normal -0.999995 0.00318325 0
    outer loop
      vertex 46.5463 -27.9674 7
      vertex 46.5456 -28.1873 -7
      vertex 46.5456 -28.1873 7
    endloop
  endfacet
  facet normal -0.422487 0.906369 0
    outer loop
      vertex 44.6258 -31.1892 -7
      vertex 44.4265 -31.2821 7
      vertex 44.6258 -31.1892 7
    endloop
  endfacet
  facet normal -0.422487 0.906369 0
    outer loop
      vertex 44.4265 -31.2821 7
      vertex 44.6258 -31.1892 -7
      vertex 44.4265 -31.2821 -7
    endloop
  endfacet
  facet normal -0.982888 -0.184206 0
    outer loop
      vertex 46.5065 -27.5297 -7
      vertex 46.466 -27.3136 7
      vertex 46.466 -27.3136 -7
    endloop
  endfacet
  facet normal -0.982888 -0.184206 0
    outer loop
      vertex 46.466 -27.3136 7
      vertex 46.5065 -27.5297 -7
      vertex 46.5065 -27.5297 7
    endloop
  endfacet
  facet normal 0.992542 0.121907 0
    outer loop
      vertex 25.4935 -23.4703 7
      vertex 25.4667 -23.2521 -7
      vertex 25.4667 -23.2521 7
    endloop
  endfacet
  facet normal 0.992542 0.121907 0
    outer loop
      vertex 25.4667 -23.2521 -7
      vertex 25.4935 -23.4703 7
      vertex 25.4935 -23.4703 -7
    endloop
  endfacet
  facet normal -0.991679 0.128736 0
    outer loop
      vertex 46.5027 -28.6247 -7
      vertex 46.531 -28.4067 7
      vertex 46.531 -28.4067 -7
    endloop
  endfacet
  facet normal -0.991679 0.128736 0
    outer loop
      vertex 46.531 -28.4067 7
      vertex 46.5027 -28.6247 -7
      vertex 46.5027 -28.6247 7
    endloop
  endfacet
  facet normal -0.121907 0.992542 0
    outer loop
      vertex 43.5831 -31.5239 -7
      vertex 43.3649 -31.5507 7
      vertex 43.5831 -31.5239 7
    endloop
  endfacet
  facet normal -0.121907 0.992542 0
    outer loop
      vertex 43.3649 -31.5507 7
      vertex 43.5831 -31.5239 -7
      vertex 43.3649 -31.5507 -7
    endloop
  endfacet
  facet normal 0.998251 0.0591219 0
    outer loop
      vertex 25.4667 -23.2521 7
      vertex 25.4537 -23.0326 -7
      vertex 25.4537 -23.0326 7
    endloop
  endfacet
  facet normal 0.998251 0.0591219 0
    outer loop
      vertex 25.4537 -23.0326 -7
      vertex 25.4667 -23.2521 7
      vertex 25.4667 -23.2521 -7
    endloop
  endfacet
  facet normal -0.365188 0.930934 0
    outer loop
      vertex 44.4265 -31.2821 -7
      vertex 44.2218 -31.3624 7
      vertex 44.4265 -31.2821 7
    endloop
  endfacet
  facet normal -0.365188 0.930934 0
    outer loop
      vertex 44.2218 -31.3624 7
      vertex 44.4265 -31.2821 -7
      vertex 44.2218 -31.3624 -7
    endloop
  endfacet
  facet normal 0.365188 -0.930934 0
    outer loop
      vertex 27.5735 -19.7179 -7
      vertex 27.7782 -19.6376 7
      vertex 27.5735 -19.7179 7
    endloop
  endfacet
  facet normal 0.365188 -0.930934 0
    outer loop
      vertex 27.7782 -19.6376 7
      vertex 27.5735 -19.7179 -7
      vertex 27.7782 -19.6376 -7
    endloop
  endfacet
  facet normal 0.991679 -0.128736 0
    outer loop
      vertex 25.469 -22.5933 7
      vertex 25.4973 -22.3753 -7
      vertex 25.4973 -22.3753 7
    endloop
  endfacet
  facet normal 0.991679 -0.128736 0
    outer loop
      vertex 25.4973 -22.3753 -7
      vertex 25.469 -22.5933 7
      vertex 25.469 -22.5933 -7
    endloop
  endfacet
  facet normal -0.992542 -0.121907 0
    outer loop
      vertex 46.5333 -27.7479 -7
      vertex 46.5065 -27.5297 7
      vertex 46.5065 -27.5297 -7
    endloop
  endfacet
  facet normal -0.992542 -0.121907 0
    outer loop
      vertex 46.5065 -27.5297 7
      vertex 46.5333 -27.7479 -7
      vertex 46.5333 -27.7479 7
    endloop
  endfacet
  facet normal 0.982888 0.184206 0
    outer loop
      vertex 25.534 -23.6864 7
      vertex 25.4935 -23.4703 -7
      vertex 25.4935 -23.4703 7
    endloop
  endfacet
  facet normal 0.982888 0.184206 0
    outer loop
      vertex 25.4935 -23.4703 -7
      vertex 25.534 -23.6864 7
      vertex 25.534 -23.6864 -7
    endloop
  endfacet
  facet normal 0.903339 0.428927 0
    outer loop
      vertex 25.8393 21.335 7
      vertex 25.745 21.5336 -7
      vertex 25.745 21.5336 7
    endloop
  endfacet
  facet normal 0.903339 0.428927 0
    outer loop
      vertex 25.745 21.5336 -7
      vertex 25.8393 21.335 7
      vertex 25.8393 21.335 -7
    endloop
  endfacet
  facet normal 0.590496 -0.807041 0
    outer loop
      vertex 26.7975 25.6929 -7
      vertex 26.9749 25.8227 7
      vertex 26.7975 25.6929 7
    endloop
  endfacet
  facet normal 0.590496 -0.807041 0
    outer loop
      vertex 26.9749 25.8227 7
      vertex 26.7975 25.6929 -7
      vertex 26.9749 25.8227 -7
    endloop
  endfacet
  facet normal 0.928602 0.371077 0
    outer loop
      vertex 25.745 21.5336 7
      vertex 25.6634 21.7378 -7
      vertex 25.6634 21.7378 7
    endloop
  endfacet
  facet normal 0.928602 0.371077 0
    outer loop
      vertex 25.6634 21.7378 -7
      vertex 25.745 21.5336 7
      vertex 25.745 21.5336 -7
    endloop
  endfacet
  facet normal -0.584976 -0.811051 0
    outer loop
      vertex 45.0049 30.9668 -7
      vertex 45.1832 30.8382 7
      vertex 45.0049 30.9668 7
    endloop
  endfacet
  facet normal -0.584976 -0.811051 -0
    outer loop
      vertex 45.1832 30.8382 7
      vertex 45.0049 30.9668 -7
      vertex 45.1832 30.8382 -7
    endloop
  endfacet
  facet normal 0.772639 -0.634846 0
    outer loop
      vertex 26.1793 25.0704 7
      vertex 26.3189 25.2403 -7
      vertex 26.3189 25.2403 7
    endloop
  endfacet
  facet normal 0.772639 -0.634846 0
    outer loop
      vertex 26.3189 25.2403 -7
      vertex 26.1793 25.0704 7
      vertex 26.1793 25.0704 -7
    endloop
  endfacet
  facet normal 0.992542 -0.121907 0
    outer loop
      vertex 25.4667 23.2521 7
      vertex 25.4935 23.4703 -7
      vertex 25.4935 23.4703 7
    endloop
  endfacet
  facet normal 0.992542 -0.121907 0
    outer loop
      vertex 25.4935 23.4703 -7
      vertex 25.4667 23.2521 7
      vertex 25.4667 23.2521 -7
    endloop
  endfacet
  facet normal 0.00363799 -0.999993 0
    outer loop
      vertex 42.9255 31.563 -7
      vertex 43.1454 31.5638 7
      vertex 42.9255 31.563 7
    endloop
  endfacet
  facet normal 0.00363799 -0.999993 0
    outer loop
      vertex 43.1454 31.5638 7
      vertex 42.9255 31.563 -7
      vertex 43.1454 31.5638 -7
    endloop
  endfacet
  facet normal 0.726395 0.687278 0
    outer loop
      vertex 26.4861 20.4514 7
      vertex 26.335 20.6111 -7
      vertex 26.335 20.6111 7
    endloop
  endfacet
  facet normal 0.726395 0.687278 0
    outer loop
      vertex 26.335 20.6111 -7
      vertex 26.4861 20.4514 7
      vertex 26.4861 20.4514 -7
    endloop
  endfacet
  facet normal -0.967714 -0.252051 0
    outer loop
      vertex 46.4607 28.8406 -7
      vertex 46.4053 29.0533 7
      vertex 46.4053 29.0533 -7
    endloop
  endfacet
  facet normal -0.967714 -0.252051 0
    outer loop
      vertex 46.4053 29.0533 7
      vertex 46.4607 28.8406 -7
      vertex 46.4607 28.8406 7
    endloop
  endfacet
  facet normal -0.906195 0.422861 0
    outer loop
      vertex 46.1717 26.4871 -7
      vertex 46.2647 26.6864 7
      vertex 46.2647 26.6864 -7
    endloop
  endfacet
  facet normal -0.906195 0.422861 0
    outer loop
      vertex 46.2647 26.6864 7
      vertex 46.1717 26.4871 -7
      vertex 46.1717 26.4871 7
    endloop
  endfacet
  facet normal 0.34202 -0.939693 0
    outer loop
      vertex 27.7552 26.2238 -7
      vertex 41.8506 31.3541 7
      vertex 27.7552 26.2238 7
    endloop
  endfacet
  facet normal 0.34202 -0.939693 0
    outer loop
      vertex 41.8506 31.3541 7
      vertex 27.7552 26.2238 -7
      vertex 41.8506 31.3541 -7
    endloop
  endfacet
  facet normal -0.772639 0.634846 0
    outer loop
      vertex 45.6811 25.7597 -7
      vertex 45.8207 25.9296 7
      vertex 45.8207 25.9296 -7
    endloop
  endfacet
  facet normal -0.772639 0.634846 0
    outer loop
      vertex 45.8207 25.9296 7
      vertex 45.6811 25.7597 -7
      vertex 45.6811 25.7597 7
    endloop
  endfacet
  facet normal -0.982888 0.184206 0
    outer loop
      vertex 46.466 27.3136 -7
      vertex 46.5065 27.5297 7
      vertex 46.5065 27.5297 -7
    endloop
  endfacet
  facet normal -0.982888 0.184206 0
    outer loop
      vertex 46.5065 27.5297 7
      vertex 46.466 27.3136 -7
      vertex 46.466 27.3136 7
    endloop
  endfacet
  facet normal -0.768333 -0.64005 0
    outer loop
      vertex 45.8057 30.22 -7
      vertex 45.665 30.3889 7
      vertex 45.665 30.3889 -7
    endloop
  endfacet
  facet normal -0.768333 -0.64005 0
    outer loop
      vertex 45.665 30.3889 7
      vertex 45.8057 30.22 -7
      vertex 45.8057 30.22 7
    endloop
  endfacet
  facet normal 0.128678 -0.991686 0
    outer loop
      vertex 42.4881 31.5201 -7
      vertex 42.7062 31.5484 7
      vertex 42.4881 31.5201 7
    endloop
  endfacet
  facet normal 0.128678 -0.991686 0
    outer loop
      vertex 42.7062 31.5484 7
      vertex 42.4881 31.5201 -7
      vertex 42.7062 31.5484 -7
    endloop
  endfacet
  facet normal 0.967714 0.252051 0
    outer loop
      vertex 25.5947 21.9467 7
      vertex 25.5393 22.1594 -7
      vertex 25.5393 22.1594 7
    endloop
  endfacet
  facet normal 0.967714 0.252051 0
    outer loop
      vertex 25.5393 22.1594 -7
      vertex 25.5947 21.9467 7
      vertex 25.5947 21.9467 -7
    endloop
  endfacet
  facet normal 0.532898 0.84618 -0
    outer loop
      vertex 27.1812 19.916 -7
      vertex 26.9951 20.0332 7
      vertex 27.1812 19.916 7
    endloop
  endfacet
  facet normal 0.532898 0.84618 0
    outer loop
      vertex 26.9951 20.0332 7
      vertex 27.1812 19.916 -7
      vertex 26.9951 20.0332 -7
    endloop
  endfacet
  facet normal -0.931088 0.364794 0
    outer loop
      vertex 46.2647 26.6864 -7
      vertex 46.3449 26.8911 7
      vertex 46.3449 26.8911 -7
    endloop
  endfacet
  facet normal -0.931088 0.364794 0
    outer loop
      vertex 46.3449 26.8911 7
      vertex 46.2647 26.6864 -7
      vertex 46.2647 26.6864 7
    endloop
  endfacet
  facet normal 0.842329 0.538963 0
    outer loop
      vertex 26.0644 20.9575 7
      vertex 25.9459 21.1427 -7
      vertex 25.9459 21.1427 7
    endloop
  endfacet
  facet normal 0.842329 0.538963 0
    outer loop
      vertex 25.9459 21.1427 -7
      vertex 26.0644 20.9575 7
      vertex 26.0644 20.9575 -7
    endloop
  endfacet
  facet normal -0.992542 0.121907 0
    outer loop
      vertex 46.5065 27.5297 -7
      vertex 46.5333 27.7479 7
      vertex 46.5333 27.7479 -7
    endloop
  endfacet
  facet normal -0.992542 0.121907 0
    outer loop
      vertex 46.5333 27.7479 7
      vertex 46.5065 27.5297 -7
      vertex 46.5065 27.5297 7
    endloop
  endfacet
  facet normal -0.371626 0.928383 0
    outer loop
      vertex 44.4489 24.8579 -7
      vertex 44.2448 24.7762 7
      vertex 44.4489 24.8579 7
    endloop
  endfacet
  facet normal -0.371626 0.928383 0
    outer loop
      vertex 44.2448 24.7762 7
      vertex 44.4489 24.8579 -7
      vertex 44.2448 24.7762 -7
    endloop
  endfacet
  facet normal -0.312405 0.949949 0
    outer loop
      vertex 30.1494 19.6459 -7
      vertex 29.9405 19.5772 7
      vertex 30.1494 19.6459 7
    endloop
  endfacet
  facet normal -0.312405 0.949949 0
    outer loop
      vertex 29.9405 19.5772 7
      vertex 30.1494 19.6459 -7
      vertex 29.9405 19.5772 -7
    endloop
  endfacet
  facet normal -0.640319 0.768109 0
    outer loop
      vertex 45.3714 25.4479 -7
      vertex 45.2025 25.3071 7
      vertex 45.3714 25.4479 7
    endloop
  endfacet
  facet normal -0.640319 0.768109 0
    outer loop
      vertex 45.2025 25.3071 7
      vertex 45.3714 25.4479 -7
      vertex 45.2025 25.3071 -7
    endloop
  endfacet
  facet normal -0.34202 0.939693 0
    outer loop
      vertex 44.2448 24.7762 -7
      vertex 30.1494 19.6459 7
      vertex 44.2448 24.7762 7
    endloop
  endfacet
  facet normal -0.34202 0.939693 0
    outer loop
      vertex 30.1494 19.6459 7
      vertex 44.2448 24.7762 -7
      vertex 30.1494 19.6459 -7
    endloop
  endfacet
  facet normal 0.878139 -0.478406 0
    outer loop
      vertex 25.8283 24.5129 7
      vertex 25.9335 24.706 -7
      vertex 25.9335 24.706 7
    endloop
  endfacet
  facet normal 0.878139 -0.478406 0
    outer loop
      vertex 25.9335 24.706 -7
      vertex 25.8283 24.5129 7
      vertex 25.8283 24.5129 -7
    endloop
  endfacet
  facet normal 0.969497 -0.245103 0
    outer loop
      vertex 25.534 23.6864 7
      vertex 25.5879 23.8996 -7
      vertex 25.5879 23.8996 7
    endloop
  endfacet
  facet normal 0.969497 -0.245103 0
    outer loop
      vertex 25.5879 23.8996 -7
      vertex 25.534 23.6864 7
      vertex 25.534 23.6864 -7
    endloop
  endfacet
  facet normal 0.538757 -0.842461 0
    outer loop
      vertex 26.9749 25.8227 -7
      vertex 27.1602 25.9412 7
      vertex 26.9749 25.8227 7
    endloop
  endfacet
  facet normal 0.538757 -0.842461 0
    outer loop
      vertex 27.1602 25.9412 7
      vertex 26.9749 25.8227 -7
      vertex 27.1602 25.9412 -7
    endloop
  endfacet
  facet normal 0.190602 -0.981667 0
    outer loop
      vertex 42.2723 31.4782 -7
      vertex 42.4881 31.5201 7
      vertex 42.2723 31.4782 7
    endloop
  endfacet
  facet normal 0.190602 -0.981667 0
    outer loop
      vertex 42.4881 31.5201 7
      vertex 42.2723 31.4782 -7
      vertex 42.4881 31.5201 -7
    endloop
  endfacet
  facet normal 0.949949 0.312405 0
    outer loop
      vertex 25.6634 21.7378 7
      vertex 25.5947 21.9467 -7
      vertex 25.5947 21.9467 7
    endloop
  endfacet
  facet normal 0.949949 0.312405 0
    outer loop
      vertex 25.5947 21.9467 -7
      vertex 25.6634 21.7378 7
      vertex 25.6634 21.7378 -7
    endloop
  endfacet
  facet normal -0.422487 -0.906369 0
    outer loop
      vertex 44.4265 31.2821 -7
      vertex 44.6258 31.1892 7
      vertex 44.4265 31.2821 7
    endloop
  endfacet
  facet normal -0.422487 -0.906369 -0
    outer loop
      vertex 44.6258 31.1892 7
      vertex 44.4265 31.2821 -7
      vertex 44.6258 31.1892 -7
    endloop
  endfacet
  facet normal 0.478597 0.878035 -0
    outer loop
      vertex 27.3742 19.8108 -7
      vertex 27.1812 19.916 7
      vertex 27.3742 19.8108 7
    endloop
  endfacet
  facet normal 0.478597 0.878035 0
    outer loop
      vertex 27.1812 19.916 7
      vertex 27.3742 19.8108 -7
      vertex 27.1812 19.916 -7
    endloop
  endfacet
  facet normal 0.68681 -0.726837 0
    outer loop
      vertex 26.4688 25.4011 -7
      vertex 26.6286 25.5521 7
      vertex 26.4688 25.4011 7
    endloop
  endfacet
  facet normal 0.68681 -0.726837 0
    outer loop
      vertex 26.6286 25.5521 7
      vertex 26.4688 25.4011 -7
      vertex 26.6286 25.5521 -7
    endloop
  endfacet
  facet normal 0.311995 -0.950084 0
    outer loop
      vertex 41.8506 31.3541 -7
      vertex 42.0595 31.4227 7
      vertex 41.8506 31.3541 7
    endloop
  endfacet
  facet normal 0.311995 -0.950084 0
    outer loop
      vertex 42.0595 31.4227 7
      vertex 41.8506 31.3541 -7
      vertex 42.0595 31.4227 -7
    endloop
  endfacet
  facet normal 0.982888 -0.184206 0
    outer loop
      vertex 25.4935 23.4703 7
      vertex 25.534 23.6864 -7
      vertex 25.534 23.6864 7
    endloop
  endfacet
  facet normal 0.982888 -0.184206 0
    outer loop
      vertex 25.534 23.6864 -7
      vertex 25.4935 23.4703 7
      vertex 25.4935 23.4703 -7
    endloop
  endfacet
  facet normal 0.484832 -0.874607 0
    outer loop
      vertex 27.1602 25.9412 -7
      vertex 27.3525 26.0478 7
      vertex 27.1602 25.9412 7
    endloop
  endfacet
  facet normal 0.484832 -0.874607 0
    outer loop
      vertex 27.3525 26.0478 7
      vertex 27.1602 25.9412 -7
      vertex 27.3525 26.0478 -7
    endloop
  endfacet
  facet normal -0.68681 0.726837 0
    outer loop
      vertex 45.5312 25.5989 -7
      vertex 45.3714 25.4479 7
      vertex 45.5312 25.5989 7
    endloop
  endfacet
  facet normal -0.68681 0.726837 0
    outer loop
      vertex 45.3714 25.4479 7
      vertex 45.5312 25.5989 -7
      vertex 45.3714 25.4479 -7
    endloop
  endfacet
  facet normal -0.903339 -0.428927 0
    outer loop
      vertex 46.255 29.4664 -7
      vertex 46.1607 29.665 7
      vertex 46.1607 29.665 -7
    endloop
  endfacet
  facet normal -0.903339 -0.428927 0
    outer loop
      vertex 46.1607 29.665 7
      vertex 46.255 29.4664 -7
      vertex 46.255 29.4664 7
    endloop
  endfacet
  facet normal 0.245211 0.96947 -0
    outer loop
      vertex 28.2007 19.5165 -7
      vertex 27.9876 19.5704 7
      vertex 28.2007 19.5165 7
    endloop
  endfacet
  facet normal 0.245211 0.96947 0
    outer loop
      vertex 27.9876 19.5704 7
      vertex 28.2007 19.5165 -7
      vertex 27.9876 19.5704 -7
    endloop
  endfacet
  facet normal -0.0664284 0.997791 0
    outer loop
      vertex 29.2938 19.4516 -7
      vertex 29.0745 19.437 7
      vertex 29.2938 19.4516 7
    endloop
  endfacet
  facet normal -0.0664284 0.997791 0
    outer loop
      vertex 29.0745 19.437 7
      vertex 29.2938 19.4516 -7
      vertex 29.0745 19.437 -7
    endloop
  endfacet
  facet normal -0.874607 -0.484832 0
    outer loop
      vertex 46.1607 29.665 -7
      vertex 46.0541 29.8573 7
      vertex 46.0541 29.8573 -7
    endloop
  endfacet
  facet normal -0.874607 -0.484832 0
    outer loop
      vertex 46.0541 29.8573 7
      vertex 46.1607 29.665 -7
      vertex 46.1607 29.665 7
    endloop
  endfacet
  facet normal 0.84605 -0.533103 0
    outer loop
      vertex 25.9335 24.706 7
      vertex 26.0507 24.892 -7
      vertex 26.0507 24.892 7
    endloop
  endfacet
  facet normal 0.84605 -0.533103 0
    outer loop
      vertex 26.0507 24.892 -7
      vertex 25.9335 24.706 7
      vertex 25.9335 24.706 -7
    endloop
  endfacet
  facet normal 0.428927 -0.903339 0
    outer loop
      vertex 27.3525 26.0478 -7
      vertex 27.5511 26.1421 7
      vertex 27.3525 26.0478 7
    endloop
  endfacet
  facet normal 0.428927 -0.903339 0
    outer loop
      vertex 27.5511 26.1421 7
      vertex 27.3525 26.0478 -7
      vertex 27.5511 26.1421 -7
    endloop
  endfacet
  facet normal -0.190602 0.981667 0
    outer loop
      vertex 29.7277 19.5218 -7
      vertex 29.5119 19.4799 7
      vertex 29.7277 19.5218 7
    endloop
  endfacet
  facet normal -0.190602 0.981667 0
    outer loop
      vertex 29.5119 19.4799 7
      vertex 29.7277 19.5218 -7
      vertex 29.5119 19.4799 -7
    endloop
  endfacet
  facet normal 0.931088 -0.364794 0
    outer loop
      vertex 25.6551 24.1089 7
      vertex 25.7353 24.3136 -7
      vertex 25.7353 24.3136 7
    endloop
  endfacet
  facet normal 0.931088 -0.364794 0
    outer loop
      vertex 25.7353 24.3136 -7
      vertex 25.6551 24.1089 7
      vertex 25.6551 24.1089 -7
    endloop
  endfacet
  facet normal -0.811206 0.58476 0
    outer loop
      vertex 45.8207 25.9296 -7
      vertex 45.9493 26.108 7
      vertex 45.9493 26.108 -7
    endloop
  endfacet
  facet normal -0.811206 0.58476 0
    outer loop
      vertex 45.9493 26.108 7
      vertex 45.8207 25.9296 -7
      vertex 45.8207 25.9296 7
    endloop
  endfacet
  facet normal -0.997793 -0.0663983 0
    outer loop
      vertex 46.5456 28.1873 -7
      vertex 46.531 28.4067 7
      vertex 46.531 28.4067 -7
    endloop
  endfacet
  facet normal -0.997793 -0.0663983 0
    outer loop
      vertex 46.531 28.4067 7
      vertex 46.5456 28.1873 -7
      vertex 46.5456 28.1873 7
    endloop
  endfacet
  facet normal -0.183685 -0.982985 0
    outer loop
      vertex 43.5831 31.5239 -7
      vertex 43.7993 31.4835 7
      vertex 43.5831 31.5239 7
    endloop
  endfacet
  facet normal -0.183685 -0.982985 -0
    outer loop
      vertex 43.7993 31.4835 7
      vertex 43.5831 31.5239 -7
      vertex 43.7993 31.4835 -7
    endloop
  endfacet
  facet normal 0.981599 0.190955 0
    outer loop
      vertex 25.5393 22.1594 7
      vertex 25.4973 22.3753 -7
      vertex 25.4973 22.3753 7
    endloop
  endfacet
  facet normal 0.981599 0.190955 0
    outer loop
      vertex 25.4973 22.3753 -7
      vertex 25.5393 22.1594 7
      vertex 25.5393 22.1594 -7
    endloop
  endfacet
  facet normal 0.906195 -0.422861 0
    outer loop
      vertex 25.7353 24.3136 7
      vertex 25.8283 24.5129 -7
      vertex 25.8283 24.5129 7
    endloop
  endfacet
  facet normal 0.906195 -0.422861 0
    outer loop
      vertex 25.8283 24.5129 -7
      vertex 25.7353 24.3136 7
      vertex 25.7353 24.3136 -7
    endloop
  endfacet
  facet normal 0.998251 -0.0591219 0
    outer loop
      vertex 25.4537 23.0326 7
      vertex 25.4667 23.2521 -7
      vertex 25.4667 23.2521 7
    endloop
  endfacet
  facet normal 0.998251 -0.0591219 0
    outer loop
      vertex 25.4667 23.2521 -7
      vertex 25.4537 23.0326 7
      vertex 25.4537 23.0326 -7
    endloop
  endfacet
  facet normal 0.999995 0.00318325 0
    outer loop
      vertex 25.4544 22.8127 7
      vertex 25.4537 23.0326 -7
      vertex 25.4537 23.0326 7
    endloop
  endfacet
  facet normal 0.999995 0.00318325 0
    outer loop
      vertex 25.4537 23.0326 -7
      vertex 25.4544 22.8127 7
      vertex 25.4544 22.8127 -7
    endloop
  endfacet
  facet normal -0.634846 -0.772639 0
    outer loop
      vertex 45.1832 30.8382 -7
      vertex 45.3531 30.6986 7
      vertex 45.1832 30.8382 7
    endloop
  endfacet
  facet normal -0.634846 -0.772639 -0
    outer loop
      vertex 45.3531 30.6986 7
      vertex 45.1832 30.8382 -7
      vertex 45.3531 30.6986 -7
    endloop
  endfacet
  facet normal 0.371626 -0.928383 0
    outer loop
      vertex 27.5511 26.1421 -7
      vertex 27.7552 26.2238 7
      vertex 27.5511 26.1421 7
    endloop
  endfacet
  facet normal 0.371626 -0.928383 0
    outer loop
      vertex 27.7552 26.2238 7
      vertex 27.5511 26.1421 -7
      vertex 27.7552 26.2238 -7
    endloop
  endfacet
  facet normal -0.998251 0.0591219 0
    outer loop
      vertex 46.5333 27.7479 -7
      vertex 46.5463 27.9674 7
      vertex 46.5463 27.9674 -7
    endloop
  endfacet
  facet normal -0.998251 0.0591219 0
    outer loop
      vertex 46.5463 27.9674 7
      vertex 46.5333 27.7479 -7
      vertex 46.5333 27.7479 7
    endloop
  endfacet
  facet normal -0.806983 -0.590575 0
    outer loop
      vertex 45.9356 30.0425 -7
      vertex 45.8057 30.22 7
      vertex 45.8057 30.22 -7
    endloop
  endfacet
  facet normal -0.806983 -0.590575 0
    outer loop
      vertex 45.8057 30.22 7
      vertex 45.9356 30.0425 -7
      vertex 45.9356 30.0425 7
    endloop
  endfacet
  facet normal 0.252366 -0.967632 0
    outer loop
      vertex 42.0595 31.4227 -7
      vertex 42.2723 31.4782 7
      vertex 42.0595 31.4227 7
    endloop
  endfacet
  facet normal 0.252366 -0.967632 0
    outer loop
      vertex 42.2723 31.4782 7
      vertex 42.0595 31.4227 -7
      vertex 42.2723 31.4782 -7
    endloop
  endfacet
  facet normal -0.128678 0.991686 0
    outer loop
      vertex 29.5119 19.4799 -7
      vertex 29.2938 19.4516 7
      vertex 29.5119 19.4799 7
    endloop
  endfacet
  facet normal -0.128678 0.991686 0
    outer loop
      vertex 29.2938 19.4516 7
      vertex 29.5119 19.4799 -7
      vertex 29.2938 19.4516 -7
    endloop
  endfacet
  facet normal -0.726395 -0.687278 0
    outer loop
      vertex 45.665 30.3889 -7
      vertex 45.5139 30.5486 7
      vertex 45.5139 30.5486 -7
    endloop
  endfacet
  facet normal -0.726395 -0.687278 0
    outer loop
      vertex 45.5139 30.5486 7
      vertex 45.665 30.3889 -7
      vertex 45.665 30.3889 7
    endloop
  endfacet
  facet normal -0.842329 -0.538963 0
    outer loop
      vertex 46.0541 29.8573 -7
      vertex 45.9356 30.0425 7
      vertex 45.9356 30.0425 -7
    endloop
  endfacet
  facet normal -0.842329 -0.538963 0
    outer loop
      vertex 45.9356 30.0425 7
      vertex 46.0541 29.8573 -7
      vertex 46.0541 29.8573 7
    endloop
  endfacet
  facet normal -0.245211 -0.96947 0
    outer loop
      vertex 43.7993 31.4835 -7
      vertex 44.0124 31.4296 7
      vertex 43.7993 31.4835 7
    endloop
  endfacet
  facet normal -0.245211 -0.96947 -0
    outer loop
      vertex 44.0124 31.4296 7
      vertex 43.7993 31.4835 -7
      vertex 44.0124 31.4296 -7
    endloop
  endfacet
  facet normal -0.84605 0.533103 0
    outer loop
      vertex 45.9493 26.108 -7
      vertex 46.0665 26.294 7
      vertex 46.0665 26.294 -7
    endloop
  endfacet
  facet normal -0.84605 0.533103 0
    outer loop
      vertex 46.0665 26.294 7
      vertex 45.9493 26.108 -7
      vertex 45.9493 26.108 7
    endloop
  endfacet
  facet normal 0.991679 0.128736 0
    outer loop
      vertex 25.4973 22.3753 7
      vertex 25.469 22.5933 -7
      vertex 25.469 22.5933 7
    endloop
  endfacet
  facet normal 0.991679 0.128736 0
    outer loop
      vertex 25.469 22.5933 -7
      vertex 25.4973 22.3753 7
      vertex 25.4973 22.3753 -7
    endloop
  endfacet
  facet normal -0.682124 -0.731237 0
    outer loop
      vertex 45.3531 30.6986 -7
      vertex 45.5139 30.5486 7
      vertex 45.3531 30.6986 7
    endloop
  endfacet
  facet normal -0.682124 -0.731237 -0
    outer loop
      vertex 45.5139 30.5486 7
      vertex 45.3531 30.6986 -7
      vertex 45.5139 30.5486 -7
    endloop
  endfacet
  facet normal 0.997793 0.0663983 0
    outer loop
      vertex 25.469 22.5933 7
      vertex 25.4544 22.8127 -7
      vertex 25.4544 22.8127 7
    endloop
  endfacet
  facet normal 0.997793 0.0663983 0
    outer loop
      vertex 25.4544 22.8127 -7
      vertex 25.469 22.5933 7
      vertex 25.469 22.5933 -7
    endloop
  endfacet
  facet normal 0.682124 0.731237 -0
    outer loop
      vertex 26.6469 20.3014 -7
      vertex 26.4861 20.4514 7
      vertex 26.6469 20.3014 7
    endloop
  endfacet
  facet normal 0.682124 0.731237 0
    outer loop
      vertex 26.4861 20.4514 7
      vertex 26.6469 20.3014 -7
      vertex 26.4861 20.4514 -7
    endloop
  endfacet
  facet normal -0.428927 0.903339 0
    outer loop
      vertex 44.6475 24.9522 -7
      vertex 44.4489 24.8579 7
      vertex 44.6475 24.9522 7
    endloop
  endfacet
  facet normal -0.428927 0.903339 0
    outer loop
      vertex 44.4489 24.8579 7
      vertex 44.6475 24.9522 -7
      vertex 44.4489 24.8579 -7
    endloop
  endfacet
  facet normal 0.0664284 -0.997791 0
    outer loop
      vertex 42.7062 31.5484 -7
      vertex 42.9255 31.563 7
      vertex 42.7062 31.5484 7
    endloop
  endfacet
  facet normal 0.0664284 -0.997791 0
    outer loop
      vertex 42.9255 31.563 7
      vertex 42.7062 31.5484 -7
      vertex 42.9255 31.563 -7
    endloop
  endfacet
  facet normal 0.634846 0.772639 -0
    outer loop
      vertex 26.8168 20.1618 -7
      vertex 26.6469 20.3014 7
      vertex 26.8168 20.1618 7
    endloop
  endfacet
  facet normal 0.634846 0.772639 0
    outer loop
      vertex 26.6469 20.3014 7
      vertex 26.8168 20.1618 -7
      vertex 26.6469 20.3014 -7
    endloop
  endfacet
  facet normal -0.251941 0.967743 0
    outer loop
      vertex 29.9405 19.5772 -7
      vertex 29.7277 19.5218 7
      vertex 29.9405 19.5772 7
    endloop
  endfacet
  facet normal -0.251941 0.967743 0
    outer loop
      vertex 29.7277 19.5218 7
      vertex 29.9405 19.5772 -7
      vertex 29.7277 19.5218 -7
    endloop
  endfacet
  facet normal -0.928602 -0.371077 0
    outer loop
      vertex 46.3366 29.2622 -7
      vertex 46.255 29.4664 7
      vertex 46.255 29.4664 -7
    endloop
  endfacet
  facet normal -0.928602 -0.371077 0
    outer loop
      vertex 46.255 29.4664 7
      vertex 46.3366 29.2622 -7
      vertex 46.3366 29.2622 7
    endloop
  endfacet
  facet normal 0.811206 -0.58476 0
    outer loop
      vertex 26.0507 24.892 7
      vertex 26.1793 25.0704 -7
      vertex 26.1793 25.0704 7
    endloop
  endfacet
  facet normal 0.811206 -0.58476 0
    outer loop
      vertex 26.1793 25.0704 -7
      vertex 26.0507 24.892 7
      vertex 26.0507 24.892 -7
    endloop
  endfacet
  facet normal 0.952128 -0.3057 0
    outer loop
      vertex 25.5879 23.8996 7
      vertex 25.6551 24.1089 -7
      vertex 25.6551 24.1089 7
    endloop
  endfacet
  facet normal 0.952128 -0.3057 0
    outer loop
      vertex 25.6551 24.1089 -7
      vertex 25.5879 23.8996 7
      vertex 25.5879 23.8996 -7
    endloop
  endfacet
  facet normal -0.949949 -0.312405 0
    outer loop
      vertex 46.4053 29.0533 -7
      vertex 46.3366 29.2622 7
      vertex 46.3366 29.2622 -7
    endloop
  endfacet
  facet normal -0.949949 -0.312405 0
    outer loop
      vertex 46.3366 29.2622 7
      vertex 46.4053 29.0533 -7
      vertex 46.4053 29.0533 7
    endloop
  endfacet
  facet normal -0.878139 0.478406 0
    outer loop
      vertex 46.0665 26.294 -7
      vertex 46.1717 26.4871 7
      vertex 46.1717 26.4871 -7
    endloop
  endfacet
  facet normal -0.878139 0.478406 0
    outer loop
      vertex 46.1717 26.4871 7
      vertex 46.0665 26.294 -7
      vertex 46.0665 26.294 7
    endloop
  endfacet
  facet normal -0.538757 0.842461 0
    outer loop
      vertex 45.0251 25.1773 -7
      vertex 44.8398 25.0588 7
      vertex 45.0251 25.1773 7
    endloop
  endfacet
  facet normal -0.538757 0.842461 0
    outer loop
      vertex 44.8398 25.0588 7
      vertex 45.0251 25.1773 -7
      vertex 44.8398 25.0588 -7
    endloop
  endfacet
  facet normal 0.731464 -0.681881 0
    outer loop
      vertex 26.3189 25.2403 7
      vertex 26.4688 25.4011 -7
      vertex 26.4688 25.4011 7
    endloop
  endfacet
  facet normal 0.731464 -0.681881 0
    outer loop
      vertex 26.4688 25.4011 -7
      vertex 26.3189 25.2403 7
      vertex 26.3189 25.2403 -7
    endloop
  endfacet
  facet normal -0.484832 0.874607 0
    outer loop
      vertex 44.8398 25.0588 -7
      vertex 44.6475 24.9522 7
      vertex 44.8398 25.0588 7
    endloop
  endfacet
  facet normal -0.484832 0.874607 0
    outer loop
      vertex 44.6475 24.9522 7
      vertex 44.8398 25.0588 -7
      vertex 44.6475 24.9522 -7
    endloop
  endfacet
  facet normal -0.952128 0.3057 0
    outer loop
      vertex 46.3449 26.8911 -7
      vertex 46.4121 27.1004 7
      vertex 46.4121 27.1004 -7
    endloop
  endfacet
  facet normal -0.952128 0.3057 0
    outer loop
      vertex 46.4121 27.1004 7
      vertex 46.3449 26.8911 -7
      vertex 46.3449 26.8911 7
    endloop
  endfacet
  facet normal -0.999995 -0.00318325 0
    outer loop
      vertex 46.5463 27.9674 -7
      vertex 46.5456 28.1873 7
      vertex 46.5456 28.1873 -7
    endloop
  endfacet
  facet normal -0.999995 -0.00318325 0
    outer loop
      vertex 46.5456 28.1873 7
      vertex 46.5463 27.9674 -7
      vertex 46.5463 27.9674 7
    endloop
  endfacet
  facet normal -0.991679 -0.128736 0
    outer loop
      vertex 46.531 28.4067 -7
      vertex 46.5027 28.6247 7
      vertex 46.5027 28.6247 -7
    endloop
  endfacet
  facet normal -0.991679 -0.128736 0
    outer loop
      vertex 46.5027 28.6247 7
      vertex 46.531 28.4067 -7
      vertex 46.531 28.4067 7
    endloop
  endfacet
  facet normal -0.969497 0.245103 0
    outer loop
      vertex 46.4121 27.1004 -7
      vertex 46.466 27.3136 7
      vertex 46.466 27.3136 -7
    endloop
  endfacet
  facet normal -0.969497 0.245103 0
    outer loop
      vertex 46.466 27.3136 7
      vertex 46.4121 27.1004 -7
      vertex 46.4121 27.1004 7
    endloop
  endfacet
  facet normal 0.584976 0.811051 -0
    outer loop
      vertex 26.9951 20.0332 -7
      vertex 26.8168 20.1618 7
      vertex 26.9951 20.0332 7
    endloop
  endfacet
  facet normal 0.584976 0.811051 0
    outer loop
      vertex 26.8168 20.1618 7
      vertex 26.9951 20.0332 -7
      vertex 26.8168 20.1618 -7
    endloop
  endfacet
  facet normal -0.00363799 0.999993 0
    outer loop
      vertex 29.0745 19.437 -7
      vertex 28.8546 19.4362 7
      vertex 29.0745 19.437 7
    endloop
  endfacet
  facet normal -0.00363799 0.999993 0
    outer loop
      vertex 28.8546 19.4362 7
      vertex 29.0745 19.437 -7
      vertex 28.8546 19.4362 -7
    endloop
  endfacet
  facet normal -0.478948 -0.877843 0
    outer loop
      vertex 44.6258 31.1892 -7
      vertex 44.8188 31.0839 7
      vertex 44.6258 31.1892 7
    endloop
  endfacet
  facet normal -0.478948 -0.877843 -0
    outer loop
      vertex 44.8188 31.0839 7
      vertex 44.6258 31.1892 -7
      vertex 44.8188 31.0839 -7
    endloop
  endfacet
  facet normal 0.0595751 0.998224 -0
    outer loop
      vertex 28.8546 19.4362 -7
      vertex 28.6351 19.4493 7
      vertex 28.8546 19.4362 7
    endloop
  endfacet
  facet normal 0.0595751 0.998224 0
    outer loop
      vertex 28.6351 19.4493 7
      vertex 28.8546 19.4362 -7
      vertex 28.6351 19.4493 -7
    endloop
  endfacet
  facet normal 0.640319 -0.768109 0
    outer loop
      vertex 26.6286 25.5521 -7
      vertex 26.7975 25.6929 7
      vertex 26.6286 25.5521 7
    endloop
  endfacet
  facet normal 0.640319 -0.768109 0
    outer loop
      vertex 26.7975 25.6929 7
      vertex 26.6286 25.5521 -7
      vertex 26.7975 25.6929 -7
    endloop
  endfacet
  facet normal -0.305568 -0.95217 0
    outer loop
      vertex 44.0124 31.4296 -7
      vertex 44.2218 31.3624 7
      vertex 44.0124 31.4296 7
    endloop
  endfacet
  facet normal -0.305568 -0.95217 -0
    outer loop
      vertex 44.2218 31.3624 7
      vertex 44.0124 31.4296 -7
      vertex 44.2218 31.3624 -7
    endloop
  endfacet
  facet normal -0.365188 -0.930934 0
    outer loop
      vertex 44.2218 31.3624 -7
      vertex 44.4265 31.2821 7
      vertex 44.2218 31.3624 7
    endloop
  endfacet
  facet normal -0.365188 -0.930934 -0
    outer loop
      vertex 44.4265 31.2821 7
      vertex 44.2218 31.3624 -7
      vertex 44.4265 31.2821 -7
    endloop
  endfacet
  facet normal -0.590496 0.807041 0
    outer loop
      vertex 45.2025 25.3071 -7
      vertex 45.0251 25.1773 7
      vertex 45.2025 25.3071 7
    endloop
  endfacet
  facet normal -0.590496 0.807041 0
    outer loop
      vertex 45.0251 25.1773 7
      vertex 45.2025 25.3071 -7
      vertex 45.0251 25.1773 -7
    endloop
  endfacet
  facet normal 0.806983 0.590575 0
    outer loop
      vertex 26.1943 20.78 7
      vertex 26.0644 20.9575 -7
      vertex 26.0644 20.9575 7
    endloop
  endfacet
  facet normal 0.806983 0.590575 0
    outer loop
      vertex 26.0644 20.9575 -7
      vertex 26.1943 20.78 7
      vertex 26.1943 20.78 -7
    endloop
  endfacet
  facet normal 0.184124 0.982903 -0
    outer loop
      vertex 28.4169 19.476 -7
      vertex 28.2007 19.5165 7
      vertex 28.4169 19.476 7
    endloop
  endfacet
  facet normal 0.184124 0.982903 0
    outer loop
      vertex 28.2007 19.5165 7
      vertex 28.4169 19.476 -7
      vertex 28.2007 19.5165 -7
    endloop
  endfacet
  facet normal -0.981599 -0.190955 0
    outer loop
      vertex 46.5027 28.6247 -7
      vertex 46.4607 28.8406 7
      vertex 46.4607 28.8406 -7
    endloop
  endfacet
  facet normal -0.981599 -0.190955 0
    outer loop
      vertex 46.4607 28.8406 7
      vertex 46.5027 28.6247 -7
      vertex 46.5027 28.6247 7
    endloop
  endfacet
  facet normal -0.532572 -0.846385 0
    outer loop
      vertex 44.8188 31.0839 -7
      vertex 45.0049 30.9668 7
      vertex 44.8188 31.0839 7
    endloop
  endfacet
  facet normal -0.532572 -0.846385 -0
    outer loop
      vertex 45.0049 30.9668 7
      vertex 44.8188 31.0839 -7
      vertex 45.0049 30.9668 -7
    endloop
  endfacet
  facet normal -0.0595751 -0.998224 0
    outer loop
      vertex 43.1454 31.5638 -7
      vertex 43.3649 31.5507 7
      vertex 43.1454 31.5638 7
    endloop
  endfacet
  facet normal -0.0595751 -0.998224 -0
    outer loop
      vertex 43.3649 31.5507 7
      vertex 43.1454 31.5638 -7
      vertex 43.3649 31.5507 -7
    endloop
  endfacet
  facet normal 0.874607 0.484832 0
    outer loop
      vertex 25.9459 21.1427 7
      vertex 25.8393 21.335 -7
      vertex 25.8393 21.335 7
    endloop
  endfacet
  facet normal 0.874607 0.484832 0
    outer loop
      vertex 25.8393 21.335 -7
      vertex 25.9459 21.1427 7
      vertex 25.9459 21.1427 -7
    endloop
  endfacet
  facet normal -0.121907 -0.992542 0
    outer loop
      vertex 43.3649 31.5507 -7
      vertex 43.5831 31.5239 7
      vertex 43.3649 31.5507 7
    endloop
  endfacet
  facet normal -0.121907 -0.992542 -0
    outer loop
      vertex 43.5831 31.5239 7
      vertex 43.3649 31.5507 -7
      vertex 43.5831 31.5239 -7
    endloop
  endfacet
  facet normal 0.768333 0.64005 0
    outer loop
      vertex 26.335 20.6111 7
      vertex 26.1943 20.78 -7
      vertex 26.1943 20.78 7
    endloop
  endfacet
  facet normal 0.768333 0.64005 0
    outer loop
      vertex 26.1943 20.78 -7
      vertex 26.335 20.6111 7
      vertex 26.335 20.6111 -7
    endloop
  endfacet
  facet normal 0.422487 0.906369 -0
    outer loop
      vertex 27.5735 19.7179 -7
      vertex 27.3742 19.8108 7
      vertex 27.5735 19.7179 7
    endloop
  endfacet
  facet normal 0.422487 0.906369 0
    outer loop
      vertex 27.3742 19.8108 7
      vertex 27.5735 19.7179 -7
      vertex 27.3742 19.8108 -7
    endloop
  endfacet
  facet normal -0.731464 0.681881 0
    outer loop
      vertex 45.5312 25.5989 -7
      vertex 45.6811 25.7597 7
      vertex 45.6811 25.7597 -7
    endloop
  endfacet
  facet normal -0.731464 0.681881 0
    outer loop
      vertex 45.6811 25.7597 7
      vertex 45.5312 25.5989 -7
      vertex 45.5312 25.5989 7
    endloop
  endfacet
  facet normal 0.121459 0.992596 -0
    outer loop
      vertex 28.6351 19.4493 -7
      vertex 28.4169 19.476 7
      vertex 28.6351 19.4493 7
    endloop
  endfacet
  facet normal 0.121459 0.992596 0
    outer loop
      vertex 28.4169 19.476 7
      vertex 28.6351 19.4493 -7
      vertex 28.4169 19.476 -7
    endloop
  endfacet
  facet normal 0.305568 0.95217 -0
    outer loop
      vertex 27.9876 19.5704 -7
      vertex 27.7782 19.6376 7
      vertex 27.9876 19.5704 7
    endloop
  endfacet
  facet normal 0.305568 0.95217 0
    outer loop
      vertex 27.7782 19.6376 7
      vertex 27.9876 19.5704 -7
      vertex 27.7782 19.6376 -7
    endloop
  endfacet
  facet normal 0.365188 0.930934 -0
    outer loop
      vertex 27.7782 19.6376 -7
      vertex 27.5735 19.7179 7
      vertex 27.7782 19.6376 7
    endloop
  endfacet
  facet normal 0.365188 0.930934 0
    outer loop
      vertex 27.5735 19.7179 7
      vertex 27.7782 19.6376 -7
      vertex 27.5735 19.7179 -7
    endloop
  endfacet
  facet normal -0.995561 -0.0941161 0
    outer loop
      vertex 15.9684 1.00465 -12
      vertex 15.8738 2.00533 10
      vertex 15.8738 2.00533 -12
    endloop
  endfacet
  facet normal -0.995561 -0.0941161 0
    outer loop
      vertex 15.8738 2.00533 10
      vertex 15.9684 1.00465 -12
      vertex 15.9684 1.00465 10
    endloop
  endfacet
  facet normal -0.999506 -0.0314382 0
    outer loop
      vertex 16 0 -12
      vertex 15.9684 1.00465 10
      vertex 15.9684 1.00465 -12
    endloop
  endfacet
  facet normal -0.999506 -0.0314382 0
    outer loop
      vertex 15.9684 1.00465 10
      vertex 16 0 -12
      vertex 16 0 10
    endloop
  endfacet
  facet normal -0.987694 -0.156396 0
    outer loop
      vertex 15.8738 2.00533 -12
      vertex 15.7166 2.9981 10
      vertex 15.7166 2.9981 -12
    endloop
  endfacet
  facet normal -0.987694 -0.156396 0
    outer loop
      vertex 15.7166 2.9981 10
      vertex 15.8738 2.00533 -12
      vertex 15.8738 2.00533 10
    endloop
  endfacet
  facet normal 0.827114 0.562035 0
    outer loop
      vertex -12.9443 -9.40456 10
      vertex -13.5092 -8.57323 -12
      vertex -13.5092 -8.57323 10
    endloop
  endfacet
  facet normal 0.827114 0.562035 0
    outer loop
      vertex -13.5092 -8.57323 -12
      vertex -12.9443 -9.40456 10
      vertex -12.9443 -9.40456 -12
    endloop
  endfacet
  facet normal -0.45397 0.891017 0
    outer loop
      vertex 7.70806 -14.0209 -12
      vertex 6.81247 -14.4772 10
      vertex 7.70806 -14.0209 10
    endloop
  endfacet
  facet normal -0.45397 0.891017 0
    outer loop
      vertex 6.81247 -14.4772 10
      vertex 7.70806 -14.0209 -12
      vertex 6.81247 -14.4772 -12
    endloop
  endfacet
  facet normal -0.940874 -0.338755 0
    outer loop
      vertex 15.2169 4.94427 -12
      vertex 14.8764 5.88999 10
      vertex 14.8764 5.88999 -12
    endloop
  endfacet
  facet normal -0.940874 -0.338755 0
    outer loop
      vertex 14.8764 5.88999 10
      vertex 15.2169 4.94427 -12
      vertex 15.2169 4.94427 10
    endloop
  endfacet
  facet normal -0.97591 -0.218175 0
    outer loop
      vertex 15.7166 2.9981 -12
      vertex 15.4973 3.97904 10
      vertex 15.4973 3.97904 -12
    endloop
  endfacet
  facet normal -0.97591 -0.218175 0
    outer loop
      vertex 15.4973 3.97904 10
      vertex 15.7166 2.9981 -12
      vertex 15.7166 2.9981 10
    endloop
  endfacet
  facet normal -0.218175 0.97591 0
    outer loop
      vertex 3.97904 -15.4973 -12
      vertex 2.9981 -15.7166 10
      vertex 3.97904 -15.4973 10
    endloop
  endfacet
  facet normal -0.218175 0.97591 0
    outer loop
      vertex 2.9981 -15.7166 10
      vertex 3.97904 -15.4973 -12
      vertex 2.9981 -15.7166 -12
    endloop
  endfacet
  facet normal -0.750131 -0.661289 0
    outer loop
      vertex 12.3282 10.1988 -12
      vertex 11.6635 10.9528 10
      vertex 11.6635 10.9528 -12
    endloop
  endfacet
  facet normal -0.750131 -0.661289 0
    outer loop
      vertex 11.6635 10.9528 10
      vertex 12.3282 10.1988 -12
      vertex 12.3282 10.1988 10
    endloop
  endfacet
  facet normal -0.9603 0.278968 0
    outer loop
      vertex 15.2169 -4.94427 -12
      vertex 15.4973 -3.97904 10
      vertex 15.4973 -3.97904 -12
    endloop
  endfacet
  facet normal -0.9603 0.278968 0
    outer loop
      vertex 15.4973 -3.97904 10
      vertex 15.2169 -4.94427 -12
      vertex 15.2169 -4.94427 10
    endloop
  endfacet
  facet normal -0.987694 0.156396 0
    outer loop
      vertex 15.7166 -2.9981 -12
      vertex 15.8738 -2.00533 10
      vertex 15.8738 -2.00533 -12
    endloop
  endfacet
  facet normal -0.987694 0.156396 0
    outer loop
      vertex 15.8738 -2.00533 10
      vertex 15.7166 -2.9981 -12
      vertex 15.7166 -2.9981 10
    endloop
  endfacet
  facet normal -0.338755 0.940874 0
    outer loop
      vertex 5.88999 -14.8764 -12
      vertex 4.94427 -15.2169 10
      vertex 5.88999 -14.8764 10
    endloop
  endfacet
  facet normal -0.338755 0.940874 0
    outer loop
      vertex 4.94427 -15.2169 10
      vertex 5.88999 -14.8764 -12
      vertex 4.94427 -15.2169 -12
    endloop
  endfacet
  facet normal -0.860725 0.509071 0
    outer loop
      vertex 13.5092 -8.57323 -12
      vertex 14.0209 -7.70806 10
      vertex 14.0209 -7.70806 -12
    endloop
  endfacet
  facet normal -0.860725 0.509071 0
    outer loop
      vertex 14.0209 -7.70806 10
      vertex 13.5092 -8.57323 -12
      vertex 13.5092 -8.57323 10
    endloop
  endfacet
  facet normal -0.612922 0.790143 0
    outer loop
      vertex 10.1988 -12.3282 -12
      vertex 9.40456 -12.9443 10
      vertex 10.1988 -12.3282 10
    endloop
  endfacet
  facet normal -0.612922 0.790143 0
    outer loop
      vertex 9.40456 -12.9443 10
      vertex 10.1988 -12.3282 -12
      vertex 9.40456 -12.9443 -12
    endloop
  endfacet
  facet normal 0.156396 0.987694 -0
    outer loop
      vertex -2.00533 -15.8738 -12
      vertex -2.9981 -15.7166 10
      vertex -2.00533 -15.8738 10
    endloop
  endfacet
  facet normal 0.156396 0.987694 0
    outer loop
      vertex -2.9981 -15.7166 10
      vertex -2.00533 -15.8738 -12
      vertex -2.9981 -15.7166 -12
    endloop
  endfacet
  facet normal -0.612922 -0.790143 0
    outer loop
      vertex 9.40456 12.9443 -12
      vertex 10.1988 12.3282 10
      vertex 9.40456 12.9443 10
    endloop
  endfacet
  facet normal -0.612922 -0.790143 -0
    outer loop
      vertex 10.1988 12.3282 10
      vertex 9.40456 12.9443 -12
      vertex 10.1988 12.3282 -12
    endloop
  endfacet
  facet normal 0.97591 0.218175 0
    outer loop
      vertex -15.4973 -3.97904 10
      vertex -15.7166 -2.9981 -12
      vertex -15.7166 -2.9981 10
    endloop
  endfacet
  facet normal 0.97591 0.218175 0
    outer loop
      vertex -15.7166 -2.9981 -12
      vertex -15.4973 -3.97904 10
      vertex -15.4973 -3.97904 -12
    endloop
  endfacet
  facet normal 0.790143 0.612922 0
    outer loop
      vertex -12.3282 -10.1988 10
      vertex -12.9443 -9.40456 -12
      vertex -12.9443 -9.40456 10
    endloop
  endfacet
  facet normal 0.790143 0.612922 0
    outer loop
      vertex -12.9443 -9.40456 -12
      vertex -12.3282 -10.1988 10
      vertex -12.3282 -10.1988 -12
    endloop
  endfacet
  facet normal -0.707107 -0.707107 0
    outer loop
      vertex 11.6635 10.9528 -12
      vertex 10.9528 11.6635 10
      vertex 10.9528 11.6635 -12
    endloop
  endfacet
  facet normal -0.707107 -0.707107 0
    outer loop
      vertex 10.9528 11.6635 10
      vertex 11.6635 10.9528 -12
      vertex 11.6635 10.9528 10
    endloop
  endfacet
  facet normal -0.827114 -0.562035 0
    outer loop
      vertex 13.5092 8.57323 -12
      vertex 12.9443 9.40456 10
      vertex 12.9443 9.40456 -12
    endloop
  endfacet
  facet normal -0.827114 -0.562035 0
    outer loop
      vertex 12.9443 9.40456 10
      vertex 13.5092 8.57323 -12
      vertex 13.5092 8.57323 10
    endloop
  endfacet
  facet normal -0.509071 0.860725 0
    outer loop
      vertex 8.57323 -13.5092 -12
      vertex 7.70806 -14.0209 10
      vertex 8.57323 -13.5092 10
    endloop
  endfacet
  facet normal -0.509071 0.860725 0
    outer loop
      vertex 7.70806 -14.0209 10
      vertex 8.57323 -13.5092 -12
      vertex 7.70806 -14.0209 -12
    endloop
  endfacet
  facet normal 0.940874 0.338755 0
    outer loop
      vertex -14.8764 -5.88999 10
      vertex -15.2169 -4.94427 -12
      vertex -15.2169 -4.94427 10
    endloop
  endfacet
  facet normal 0.940874 0.338755 0
    outer loop
      vertex -15.2169 -4.94427 -12
      vertex -14.8764 -5.88999 10
      vertex -14.8764 -5.88999 -12
    endloop
  endfacet
  facet normal 0.9603 -0.278968 0
    outer loop
      vertex -15.4973 3.97904 10
      vertex -15.2169 4.94427 -12
      vertex -15.2169 4.94427 10
    endloop
  endfacet
  facet normal 0.9603 -0.278968 0
    outer loop
      vertex -15.2169 4.94427 -12
      vertex -15.4973 3.97904 10
      vertex -15.4973 3.97904 -12
    endloop
  endfacet
  facet normal -0.0314382 0.999506 0
    outer loop
      vertex 1.00465 -15.9684 -12
      vertex 0 -16 10
      vertex 1.00465 -15.9684 10
    endloop
  endfacet
  facet normal -0.0314382 0.999506 0
    outer loop
      vertex 0 -16 10
      vertex 1.00465 -15.9684 -12
      vertex 0 -16 -12
    endloop
  endfacet
  facet normal -0.509071 -0.860725 0
    outer loop
      vertex 7.70806 14.0209 -12
      vertex 8.57323 13.5092 10
      vertex 7.70806 14.0209 10
    endloop
  endfacet
  facet normal -0.509071 -0.860725 -0
    outer loop
      vertex 8.57323 13.5092 10
      vertex 7.70806 14.0209 -12
      vertex 8.57323 13.5092 -12
    endloop
  endfacet
  facet normal -0.917752 0.397154 0
    outer loop
      vertex 14.4772 -6.81247 -12
      vertex 14.8764 -5.88999 10
      vertex 14.8764 -5.88999 -12
    endloop
  endfacet
  facet normal -0.917752 0.397154 0
    outer loop
      vertex 14.8764 -5.88999 10
      vertex 14.4772 -6.81247 -12
      vertex 14.4772 -6.81247 10
    endloop
  endfacet
  facet normal 0.827114 -0.562035 0
    outer loop
      vertex -13.5092 8.57323 10
      vertex -12.9443 9.40456 -12
      vertex -12.9443 9.40456 10
    endloop
  endfacet
  facet normal 0.827114 -0.562035 0
    outer loop
      vertex -12.9443 9.40456 -12
      vertex -13.5092 8.57323 10
      vertex -13.5092 8.57323 -12
    endloop
  endfacet
  facet normal 0.218175 -0.97591 0
    outer loop
      vertex -3.97904 15.4973 -12
      vertex -2.9981 15.7166 10
      vertex -3.97904 15.4973 10
    endloop
  endfacet
  facet normal 0.218175 -0.97591 0
    outer loop
      vertex -2.9981 15.7166 10
      vertex -3.97904 15.4973 -12
      vertex -2.9981 15.7166 -12
    endloop
  endfacet
  facet normal -0.97591 0.218175 0
    outer loop
      vertex 15.4973 -3.97904 -12
      vertex 15.7166 -2.9981 10
      vertex 15.7166 -2.9981 -12
    endloop
  endfacet
  facet normal -0.97591 0.218175 0
    outer loop
      vertex 15.7166 -2.9981 10
      vertex 15.4973 -3.97904 -12
      vertex 15.4973 -3.97904 10
    endloop
  endfacet
  facet normal -0.156396 0.987694 0
    outer loop
      vertex 2.9981 -15.7166 -12
      vertex 2.00533 -15.8738 10
      vertex 2.9981 -15.7166 10
    endloop
  endfacet
  facet normal -0.156396 0.987694 0
    outer loop
      vertex 2.00533 -15.8738 10
      vertex 2.9981 -15.7166 -12
      vertex 2.00533 -15.8738 -12
    endloop
  endfacet
  facet normal 0.917752 -0.397154 0
    outer loop
      vertex -14.8764 5.88999 10
      vertex -14.4772 6.81247 -12
      vertex -14.4772 6.81247 10
    endloop
  endfacet
  facet normal 0.917752 -0.397154 0
    outer loop
      vertex -14.4772 6.81247 -12
      vertex -14.8764 5.88999 10
      vertex -14.8764 5.88999 -12
    endloop
  endfacet
  facet normal -0.995561 0.0941161 0
    outer loop
      vertex 15.8738 -2.00533 -12
      vertex 15.9684 -1.00465 10
      vertex 15.9684 -1.00465 -12
    endloop
  endfacet
  facet normal -0.995561 0.0941161 0
    outer loop
      vertex 15.9684 -1.00465 10
      vertex 15.8738 -2.00533 -12
      vertex 15.8738 -2.00533 10
    endloop
  endfacet
  facet normal 0.612922 -0.790143 0
    outer loop
      vertex -10.1988 12.3282 -12
      vertex -9.40456 12.9443 10
      vertex -10.1988 12.3282 10
    endloop
  endfacet
  facet normal 0.612922 -0.790143 0
    outer loop
      vertex -9.40456 12.9443 10
      vertex -10.1988 12.3282 -12
      vertex -9.40456 12.9443 -12
    endloop
  endfacet
  facet normal -0.860725 -0.509071 0
    outer loop
      vertex 14.0209 7.70806 -12
      vertex 13.5092 8.57323 10
      vertex 13.5092 8.57323 -12
    endloop
  endfacet
  facet normal -0.860725 -0.509071 0
    outer loop
      vertex 13.5092 8.57323 10
      vertex 14.0209 7.70806 -12
      vertex 14.0209 7.70806 10
    endloop
  endfacet
  facet normal 0.940874 -0.338755 0
    outer loop
      vertex -15.2169 4.94427 10
      vertex -14.8764 5.88999 -12
      vertex -14.8764 5.88999 10
    endloop
  endfacet
  facet normal 0.940874 -0.338755 0
    outer loop
      vertex -14.8764 5.88999 -12
      vertex -15.2169 4.94427 10
      vertex -15.2169 4.94427 -12
    endloop
  endfacet
  facet normal 0.917752 0.397154 0
    outer loop
      vertex -14.4772 -6.81247 10
      vertex -14.8764 -5.88999 -12
      vertex -14.8764 -5.88999 10
    endloop
  endfacet
  facet normal 0.917752 0.397154 0
    outer loop
      vertex -14.8764 -5.88999 -12
      vertex -14.4772 -6.81247 10
      vertex -14.4772 -6.81247 -12
    endloop
  endfacet
  facet normal 0.338755 -0.940874 0
    outer loop
      vertex -5.88999 14.8764 -12
      vertex -4.94427 15.2169 10
      vertex -5.88999 14.8764 10
    endloop
  endfacet
  facet normal 0.338755 -0.940874 0
    outer loop
      vertex -4.94427 15.2169 10
      vertex -5.88999 14.8764 -12
      vertex -4.94427 15.2169 -12
    endloop
  endfacet
  facet normal 0.509071 -0.860725 0
    outer loop
      vertex -8.57323 13.5092 -12
      vertex -7.70806 14.0209 10
      vertex -8.57323 13.5092 10
    endloop
  endfacet
  facet normal 0.509071 -0.860725 0
    outer loop
      vertex -7.70806 14.0209 10
      vertex -8.57323 13.5092 -12
      vertex -7.70806 14.0209 -12
    endloop
  endfacet
  facet normal 0.0941161 0.995561 -0
    outer loop
      vertex -1.00465 -15.9684 -12
      vertex -2.00533 -15.8738 10
      vertex -1.00465 -15.9684 10
    endloop
  endfacet
  facet normal 0.0941161 0.995561 0
    outer loop
      vertex -2.00533 -15.8738 10
      vertex -1.00465 -15.9684 -12
      vertex -2.00533 -15.8738 -12
    endloop
  endfacet
  facet normal -0.562035 -0.827114 0
    outer loop
      vertex 8.57323 13.5092 -12
      vertex 9.40456 12.9443 10
      vertex 8.57323 13.5092 10
    endloop
  endfacet
  facet normal -0.562035 -0.827114 -0
    outer loop
      vertex 9.40456 12.9443 10
      vertex 8.57323 13.5092 -12
      vertex 9.40456 12.9443 -12
    endloop
  endfacet
  facet normal 0.562035 -0.827114 0
    outer loop
      vertex -9.40456 12.9443 -12
      vertex -8.57323 13.5092 10
      vertex -9.40456 12.9443 10
    endloop
  endfacet
  facet normal 0.562035 -0.827114 0
    outer loop
      vertex -8.57323 13.5092 10
      vertex -9.40456 12.9443 -12
      vertex -8.57323 13.5092 -12
    endloop
  endfacet
  facet normal 0.707107 -0.707107 0
    outer loop
      vertex -11.6635 10.9528 10
      vertex -10.9528 11.6635 -12
      vertex -10.9528 11.6635 10
    endloop
  endfacet
  facet normal 0.707107 -0.707107 0
    outer loop
      vertex -10.9528 11.6635 -12
      vertex -11.6635 10.9528 10
      vertex -11.6635 10.9528 -12
    endloop
  endfacet
  facet normal 0.661289 0.750131 -0
    outer loop
      vertex -10.1988 -12.3282 -12
      vertex -10.9528 -11.6635 10
      vertex -10.1988 -12.3282 10
    endloop
  endfacet
  facet normal 0.661289 0.750131 0
    outer loop
      vertex -10.9528 -11.6635 10
      vertex -10.1988 -12.3282 -12
      vertex -10.9528 -11.6635 -12
    endloop
  endfacet
  facet normal -0.45397 -0.891017 0
    outer loop
      vertex 6.81247 14.4772 -12
      vertex 7.70806 14.0209 10
      vertex 6.81247 14.4772 10
    endloop
  endfacet
  facet normal -0.45397 -0.891017 -0
    outer loop
      vertex 7.70806 14.0209 10
      vertex 6.81247 14.4772 -12
      vertex 7.70806 14.0209 -12
    endloop
  endfacet
  facet normal -0.661289 -0.750131 0
    outer loop
      vertex 10.1988 12.3282 -12
      vertex 10.9528 11.6635 10
      vertex 10.1988 12.3282 10
    endloop
  endfacet
  facet normal -0.661289 -0.750131 -0
    outer loop
      vertex 10.9528 11.6635 10
      vertex 10.1988 12.3282 -12
      vertex 10.9528 11.6635 -12
    endloop
  endfacet
  facet normal 0.661289 -0.750131 0
    outer loop
      vertex -10.9528 11.6635 -12
      vertex -10.1988 12.3282 10
      vertex -10.9528 11.6635 10
    endloop
  endfacet
  facet normal 0.661289 -0.750131 0
    outer loop
      vertex -10.1988 12.3282 10
      vertex -10.9528 11.6635 -12
      vertex -10.1988 12.3282 -12
    endloop
  endfacet
  facet normal -0.891017 -0.45397 0
    outer loop
      vertex 14.4772 6.81247 -12
      vertex 14.0209 7.70806 10
      vertex 14.0209 7.70806 -12
    endloop
  endfacet
  facet normal -0.891017 -0.45397 0
    outer loop
      vertex 14.0209 7.70806 10
      vertex 14.4772 6.81247 -12
      vertex 14.4772 6.81247 10
    endloop
  endfacet
  facet normal -0.750131 0.661289 0
    outer loop
      vertex 11.6635 -10.9528 -12
      vertex 12.3282 -10.1988 10
      vertex 12.3282 -10.1988 -12
    endloop
  endfacet
  facet normal -0.750131 0.661289 0
    outer loop
      vertex 12.3282 -10.1988 10
      vertex 11.6635 -10.9528 -12
      vertex 11.6635 -10.9528 10
    endloop
  endfacet
  facet normal -0.0314382 -0.999506 0
    outer loop
      vertex 0 16 -12
      vertex 1.00465 15.9684 10
      vertex 0 16 10
    endloop
  endfacet
  facet normal -0.0314382 -0.999506 -0
    outer loop
      vertex 1.00465 15.9684 10
      vertex 0 16 -12
      vertex 1.00465 15.9684 -12
    endloop
  endfacet
  facet normal -0.790143 0.612922 0
    outer loop
      vertex 12.3282 -10.1988 -12
      vertex 12.9443 -9.40456 10
      vertex 12.9443 -9.40456 -12
    endloop
  endfacet
  facet normal -0.790143 0.612922 0
    outer loop
      vertex 12.9443 -9.40456 10
      vertex 12.3282 -10.1988 -12
      vertex 12.3282 -10.1988 10
    endloop
  endfacet
  facet normal -0.9603 -0.278968 0
    outer loop
      vertex 15.4973 3.97904 -12
      vertex 15.2169 4.94427 10
      vertex 15.2169 4.94427 -12
    endloop
  endfacet
  facet normal -0.9603 -0.278968 0
    outer loop
      vertex 15.2169 4.94427 10
      vertex 15.4973 3.97904 -12
      vertex 15.4973 3.97904 10
    endloop
  endfacet
  facet normal 0.97591 -0.218175 0
    outer loop
      vertex -15.7166 2.9981 10
      vertex -15.4973 3.97904 -12
      vertex -15.4973 3.97904 10
    endloop
  endfacet
  facet normal 0.97591 -0.218175 0
    outer loop
      vertex -15.4973 3.97904 -12
      vertex -15.7166 2.9981 10
      vertex -15.7166 2.9981 -12
    endloop
  endfacet
  facet normal -0.338755 -0.940874 0
    outer loop
      vertex 4.94427 15.2169 -12
      vertex 5.88999 14.8764 10
      vertex 4.94427 15.2169 10
    endloop
  endfacet
  facet normal -0.338755 -0.940874 -0
    outer loop
      vertex 5.88999 14.8764 10
      vertex 4.94427 15.2169 -12
      vertex 5.88999 14.8764 -12
    endloop
  endfacet
  facet normal -0.891017 0.45397 0
    outer loop
      vertex 14.0209 -7.70806 -12
      vertex 14.4772 -6.81247 10
      vertex 14.4772 -6.81247 -12
    endloop
  endfacet
  facet normal -0.891017 0.45397 0
    outer loop
      vertex 14.4772 -6.81247 10
      vertex 14.0209 -7.70806 -12
      vertex 14.0209 -7.70806 10
    endloop
  endfacet
  facet normal 0.397154 -0.917752 0
    outer loop
      vertex -6.81247 14.4772 -12
      vertex -5.88999 14.8764 10
      vertex -6.81247 14.4772 10
    endloop
  endfacet
  facet normal 0.397154 -0.917752 0
    outer loop
      vertex -5.88999 14.8764 10
      vertex -6.81247 14.4772 -12
      vertex -5.88999 14.8764 -12
    endloop
  endfacet
  facet normal -0.917752 -0.397154 0
    outer loop
      vertex 14.8764 5.88999 -12
      vertex 14.4772 6.81247 10
      vertex 14.4772 6.81247 -12
    endloop
  endfacet
  facet normal -0.917752 -0.397154 0
    outer loop
      vertex 14.4772 6.81247 10
      vertex 14.8764 5.88999 -12
      vertex 14.8764 5.88999 10
    endloop
  endfacet
  facet normal -0.0941161 -0.995561 0
    outer loop
      vertex 1.00465 15.9684 -12
      vertex 2.00533 15.8738 10
      vertex 1.00465 15.9684 10
    endloop
  endfacet
  facet normal -0.0941161 -0.995561 -0
    outer loop
      vertex 2.00533 15.8738 10
      vertex 1.00465 15.9684 -12
      vertex 2.00533 15.8738 -12
    endloop
  endfacet
  facet normal -0.156396 -0.987694 0
    outer loop
      vertex 2.00533 15.8738 -12
      vertex 2.9981 15.7166 10
      vertex 2.00533 15.8738 10
    endloop
  endfacet
  facet normal -0.156396 -0.987694 -0
    outer loop
      vertex 2.9981 15.7166 10
      vertex 2.00533 15.8738 -12
      vertex 2.9981 15.7166 -12
    endloop
  endfacet
  facet normal 0.156396 -0.987694 0
    outer loop
      vertex -2.9981 15.7166 -12
      vertex -2.00533 15.8738 10
      vertex -2.9981 15.7166 10
    endloop
  endfacet
  facet normal 0.156396 -0.987694 0
    outer loop
      vertex -2.00533 15.8738 10
      vertex -2.9981 15.7166 -12
      vertex -2.00533 15.8738 -12
    endloop
  endfacet
  facet normal 0.0314382 0.999506 -0
    outer loop
      vertex 0 -16 -12
      vertex -1.00465 -15.9684 10
      vertex 0 -16 10
    endloop
  endfacet
  facet normal 0.0314382 0.999506 0
    outer loop
      vertex -1.00465 -15.9684 10
      vertex 0 -16 -12
      vertex -1.00465 -15.9684 -12
    endloop
  endfacet
  facet normal 0.987694 0.156396 0
    outer loop
      vertex -15.7166 -2.9981 10
      vertex -15.8738 -2.00533 -12
      vertex -15.8738 -2.00533 10
    endloop
  endfacet
  facet normal 0.987694 0.156396 0
    outer loop
      vertex -15.8738 -2.00533 -12
      vertex -15.7166 -2.9981 10
      vertex -15.7166 -2.9981 -12
    endloop
  endfacet
  facet normal 0.999506 0.0314382 0
    outer loop
      vertex -15.9684 -1.00465 10
      vertex -16 0 -12
      vertex -16 0 10
    endloop
  endfacet
  facet normal 0.999506 0.0314382 0
    outer loop
      vertex -16 0 -12
      vertex -15.9684 -1.00465 10
      vertex -15.9684 -1.00465 -12
    endloop
  endfacet
  facet normal 0.707107 0.707107 0
    outer loop
      vertex -10.9528 -11.6635 10
      vertex -11.6635 -10.9528 -12
      vertex -11.6635 -10.9528 10
    endloop
  endfacet
  facet normal 0.707107 0.707107 0
    outer loop
      vertex -11.6635 -10.9528 -12
      vertex -10.9528 -11.6635 10
      vertex -10.9528 -11.6635 -12
    endloop
  endfacet
  facet normal 0.0314382 -0.999506 0
    outer loop
      vertex -1.00465 15.9684 -12
      vertex 0 16 10
      vertex -1.00465 15.9684 10
    endloop
  endfacet
  facet normal 0.0314382 -0.999506 0
    outer loop
      vertex 0 16 10
      vertex -1.00465 15.9684 -12
      vertex 0 16 -12
    endloop
  endfacet
  facet normal -0.999506 0.0314382 0
    outer loop
      vertex 15.9684 -1.00465 -12
      vertex 16 0 10
      vertex 16 0 -12
    endloop
  endfacet
  facet normal -0.999506 0.0314382 0
    outer loop
      vertex 16 0 10
      vertex 15.9684 -1.00465 -12
      vertex 15.9684 -1.00465 10
    endloop
  endfacet
  facet normal -0.0941161 0.995561 0
    outer loop
      vertex 2.00533 -15.8738 -12
      vertex 1.00465 -15.9684 10
      vertex 2.00533 -15.8738 10
    endloop
  endfacet
  facet normal -0.0941161 0.995561 0
    outer loop
      vertex 1.00465 -15.9684 10
      vertex 2.00533 -15.8738 -12
      vertex 1.00465 -15.9684 -12
    endloop
  endfacet
  facet normal -0.397154 -0.917752 0
    outer loop
      vertex 5.88999 14.8764 -12
      vertex 6.81247 14.4772 10
      vertex 5.88999 14.8764 10
    endloop
  endfacet
  facet normal -0.397154 -0.917752 -0
    outer loop
      vertex 6.81247 14.4772 10
      vertex 5.88999 14.8764 -12
      vertex 6.81247 14.4772 -12
    endloop
  endfacet
  facet normal 0.995561 -0.0941161 0
    outer loop
      vertex -15.9684 1.00465 10
      vertex -15.8738 2.00533 -12
      vertex -15.8738 2.00533 10
    endloop
  endfacet
  facet normal 0.995561 -0.0941161 0
    outer loop
      vertex -15.8738 2.00533 -12
      vertex -15.9684 1.00465 10
      vertex -15.9684 1.00465 -12
    endloop
  endfacet
  facet normal 0.612922 0.790143 -0
    outer loop
      vertex -9.40456 -12.9443 -12
      vertex -10.1988 -12.3282 10
      vertex -9.40456 -12.9443 10
    endloop
  endfacet
  facet normal 0.612922 0.790143 0
    outer loop
      vertex -10.1988 -12.3282 10
      vertex -9.40456 -12.9443 -12
      vertex -10.1988 -12.3282 -12
    endloop
  endfacet
  facet normal 0.0941161 -0.995561 0
    outer loop
      vertex -2.00533 15.8738 -12
      vertex -1.00465 15.9684 10
      vertex -2.00533 15.8738 10
    endloop
  endfacet
  facet normal 0.0941161 -0.995561 0
    outer loop
      vertex -1.00465 15.9684 10
      vertex -2.00533 15.8738 -12
      vertex -1.00465 15.9684 -12
    endloop
  endfacet
  facet normal -0.940874 0.338755 0
    outer loop
      vertex 14.8764 -5.88999 -12
      vertex 15.2169 -4.94427 10
      vertex 15.2169 -4.94427 -12
    endloop
  endfacet
  facet normal -0.940874 0.338755 0
    outer loop
      vertex 15.2169 -4.94427 10
      vertex 14.8764 -5.88999 -12
      vertex 14.8764 -5.88999 10
    endloop
  endfacet
  facet normal 0.790143 -0.612922 0
    outer loop
      vertex -12.9443 9.40456 10
      vertex -12.3282 10.1988 -12
      vertex -12.3282 10.1988 10
    endloop
  endfacet
  facet normal 0.790143 -0.612922 0
    outer loop
      vertex -12.3282 10.1988 -12
      vertex -12.9443 9.40456 10
      vertex -12.9443 9.40456 -12
    endloop
  endfacet
  facet normal -0.218175 -0.97591 0
    outer loop
      vertex 2.9981 15.7166 -12
      vertex 3.97904 15.4973 10
      vertex 2.9981 15.7166 10
    endloop
  endfacet
  facet normal -0.218175 -0.97591 -0
    outer loop
      vertex 3.97904 15.4973 10
      vertex 2.9981 15.7166 -12
      vertex 3.97904 15.4973 -12
    endloop
  endfacet
  facet normal 0.562035 0.827114 -0
    outer loop
      vertex -8.57323 -13.5092 -12
      vertex -9.40456 -12.9443 10
      vertex -8.57323 -13.5092 10
    endloop
  endfacet
  facet normal 0.562035 0.827114 0
    outer loop
      vertex -9.40456 -12.9443 10
      vertex -8.57323 -13.5092 -12
      vertex -9.40456 -12.9443 -12
    endloop
  endfacet
  facet normal -0.661289 0.750131 0
    outer loop
      vertex 10.9528 -11.6635 -12
      vertex 10.1988 -12.3282 10
      vertex 10.9528 -11.6635 10
    endloop
  endfacet
  facet normal -0.661289 0.750131 0
    outer loop
      vertex 10.1988 -12.3282 10
      vertex 10.9528 -11.6635 -12
      vertex 10.1988 -12.3282 -12
    endloop
  endfacet
  facet normal 0.987694 -0.156396 0
    outer loop
      vertex -15.8738 2.00533 10
      vertex -15.7166 2.9981 -12
      vertex -15.7166 2.9981 10
    endloop
  endfacet
  facet normal 0.987694 -0.156396 0
    outer loop
      vertex -15.7166 2.9981 -12
      vertex -15.8738 2.00533 10
      vertex -15.8738 2.00533 -12
    endloop
  endfacet
  facet normal 0.45397 0.891017 -0
    outer loop
      vertex -6.81247 -14.4772 -12
      vertex -7.70806 -14.0209 10
      vertex -6.81247 -14.4772 10
    endloop
  endfacet
  facet normal 0.45397 0.891017 0
    outer loop
      vertex -7.70806 -14.0209 10
      vertex -6.81247 -14.4772 -12
      vertex -7.70806 -14.0209 -12
    endloop
  endfacet
  facet normal 0.9603 0.278968 0
    outer loop
      vertex -15.2169 -4.94427 10
      vertex -15.4973 -3.97904 -12
      vertex -15.4973 -3.97904 10
    endloop
  endfacet
  facet normal 0.9603 0.278968 0
    outer loop
      vertex -15.4973 -3.97904 -12
      vertex -15.2169 -4.94427 10
      vertex -15.2169 -4.94427 -12
    endloop
  endfacet
  facet normal -0.827114 0.562035 0
    outer loop
      vertex 12.9443 -9.40456 -12
      vertex 13.5092 -8.57323 10
      vertex 13.5092 -8.57323 -12
    endloop
  endfacet
  facet normal -0.827114 0.562035 0
    outer loop
      vertex 13.5092 -8.57323 10
      vertex 12.9443 -9.40456 -12
      vertex 12.9443 -9.40456 10
    endloop
  endfacet
  facet normal -0.790143 -0.612922 0
    outer loop
      vertex 12.9443 9.40456 -12
      vertex 12.3282 10.1988 10
      vertex 12.3282 10.1988 -12
    endloop
  endfacet
  facet normal -0.790143 -0.612922 0
    outer loop
      vertex 12.3282 10.1988 10
      vertex 12.9443 9.40456 -12
      vertex 12.9443 9.40456 10
    endloop
  endfacet
  facet normal 0.509071 0.860725 -0
    outer loop
      vertex -7.70806 -14.0209 -12
      vertex -8.57323 -13.5092 10
      vertex -7.70806 -14.0209 10
    endloop
  endfacet
  facet normal 0.509071 0.860725 0
    outer loop
      vertex -8.57323 -13.5092 10
      vertex -7.70806 -14.0209 -12
      vertex -8.57323 -13.5092 -12
    endloop
  endfacet
  facet normal 0.860725 0.509071 0
    outer loop
      vertex -13.5092 -8.57323 10
      vertex -14.0209 -7.70806 -12
      vertex -14.0209 -7.70806 10
    endloop
  endfacet
  facet normal 0.860725 0.509071 0
    outer loop
      vertex -14.0209 -7.70806 -12
      vertex -13.5092 -8.57323 10
      vertex -13.5092 -8.57323 -12
    endloop
  endfacet
  facet normal 0.995561 0.0941161 0
    outer loop
      vertex -15.8738 -2.00533 10
      vertex -15.9684 -1.00465 -12
      vertex -15.9684 -1.00465 10
    endloop
  endfacet
  facet normal 0.995561 0.0941161 0
    outer loop
      vertex -15.9684 -1.00465 -12
      vertex -15.8738 -2.00533 10
      vertex -15.8738 -2.00533 -12
    endloop
  endfacet
  facet normal 0.891017 0.45397 0
    outer loop
      vertex -14.0209 -7.70806 10
      vertex -14.4772 -6.81247 -12
      vertex -14.4772 -6.81247 10
    endloop
  endfacet
  facet normal 0.891017 0.45397 0
    outer loop
      vertex -14.4772 -6.81247 -12
      vertex -14.0209 -7.70806 10
      vertex -14.0209 -7.70806 -12
    endloop
  endfacet
  facet normal 0.218175 0.97591 -0
    outer loop
      vertex -2.9981 -15.7166 -12
      vertex -3.97904 -15.4973 10
      vertex -2.9981 -15.7166 10
    endloop
  endfacet
  facet normal 0.218175 0.97591 0
    outer loop
      vertex -3.97904 -15.4973 10
      vertex -2.9981 -15.7166 -12
      vertex -3.97904 -15.4973 -12
    endloop
  endfacet
  facet normal 0.338755 0.940874 -0
    outer loop
      vertex -4.94427 -15.2169 -12
      vertex -5.88999 -14.8764 10
      vertex -4.94427 -15.2169 10
    endloop
  endfacet
  facet normal 0.338755 0.940874 0
    outer loop
      vertex -5.88999 -14.8764 10
      vertex -4.94427 -15.2169 -12
      vertex -5.88999 -14.8764 -12
    endloop
  endfacet
  facet normal 0.750131 0.661289 0
    outer loop
      vertex -11.6635 -10.9528 10
      vertex -12.3282 -10.1988 -12
      vertex -12.3282 -10.1988 10
    endloop
  endfacet
  facet normal 0.750131 0.661289 0
    outer loop
      vertex -12.3282 -10.1988 -12
      vertex -11.6635 -10.9528 10
      vertex -11.6635 -10.9528 -12
    endloop
  endfacet
  facet normal -0.707107 0.707107 0
    outer loop
      vertex 10.9528 -11.6635 -12
      vertex 11.6635 -10.9528 10
      vertex 11.6635 -10.9528 -12
    endloop
  endfacet
  facet normal -0.707107 0.707107 0
    outer loop
      vertex 11.6635 -10.9528 10
      vertex 10.9528 -11.6635 -12
      vertex 10.9528 -11.6635 10
    endloop
  endfacet
  facet normal -0.278968 0.9603 0
    outer loop
      vertex 4.94427 -15.2169 -12
      vertex 3.97904 -15.4973 10
      vertex 4.94427 -15.2169 10
    endloop
  endfacet
  facet normal -0.278968 0.9603 0
    outer loop
      vertex 3.97904 -15.4973 10
      vertex 4.94427 -15.2169 -12
      vertex 3.97904 -15.4973 -12
    endloop
  endfacet
  facet normal 0.45397 -0.891017 0
    outer loop
      vertex -7.70806 14.0209 -12
      vertex -6.81247 14.4772 10
      vertex -7.70806 14.0209 10
    endloop
  endfacet
  facet normal 0.45397 -0.891017 0
    outer loop
      vertex -6.81247 14.4772 10
      vertex -7.70806 14.0209 -12
      vertex -6.81247 14.4772 -12
    endloop
  endfacet
  facet normal -0.562035 0.827114 0
    outer loop
      vertex 9.40456 -12.9443 -12
      vertex 8.57323 -13.5092 10
      vertex 9.40456 -12.9443 10
    endloop
  endfacet
  facet normal -0.562035 0.827114 0
    outer loop
      vertex 8.57323 -13.5092 10
      vertex 9.40456 -12.9443 -12
      vertex 8.57323 -13.5092 -12
    endloop
  endfacet
  facet normal -0.278968 -0.9603 0
    outer loop
      vertex 3.97904 15.4973 -12
      vertex 4.94427 15.2169 10
      vertex 3.97904 15.4973 10
    endloop
  endfacet
  facet normal -0.278968 -0.9603 -0
    outer loop
      vertex 4.94427 15.2169 10
      vertex 3.97904 15.4973 -12
      vertex 4.94427 15.2169 -12
    endloop
  endfacet
  facet normal 0.278968 -0.9603 0
    outer loop
      vertex -4.94427 15.2169 -12
      vertex -3.97904 15.4973 10
      vertex -4.94427 15.2169 10
    endloop
  endfacet
  facet normal 0.278968 -0.9603 0
    outer loop
      vertex -3.97904 15.4973 10
      vertex -4.94427 15.2169 -12
      vertex -3.97904 15.4973 -12
    endloop
  endfacet
  facet normal 0.891017 -0.45397 0
    outer loop
      vertex -14.4772 6.81247 10
      vertex -14.0209 7.70806 -12
      vertex -14.0209 7.70806 10
    endloop
  endfacet
  facet normal 0.891017 -0.45397 0
    outer loop
      vertex -14.0209 7.70806 -12
      vertex -14.4772 6.81247 10
      vertex -14.4772 6.81247 -12
    endloop
  endfacet
  facet normal 0.750131 -0.661289 0
    outer loop
      vertex -12.3282 10.1988 10
      vertex -11.6635 10.9528 -12
      vertex -11.6635 10.9528 10
    endloop
  endfacet
  facet normal 0.750131 -0.661289 0
    outer loop
      vertex -11.6635 10.9528 -12
      vertex -12.3282 10.1988 10
      vertex -12.3282 10.1988 -12
    endloop
  endfacet
  facet normal 0.278968 0.9603 -0
    outer loop
      vertex -3.97904 -15.4973 -12
      vertex -4.94427 -15.2169 10
      vertex -3.97904 -15.4973 10
    endloop
  endfacet
  facet normal 0.278968 0.9603 0
    outer loop
      vertex -4.94427 -15.2169 10
      vertex -3.97904 -15.4973 -12
      vertex -4.94427 -15.2169 -12
    endloop
  endfacet
  facet normal -0.397154 0.917752 0
    outer loop
      vertex 6.81247 -14.4772 -12
      vertex 5.88999 -14.8764 10
      vertex 6.81247 -14.4772 10
    endloop
  endfacet
  facet normal -0.397154 0.917752 0
    outer loop
      vertex 5.88999 -14.8764 10
      vertex 6.81247 -14.4772 -12
      vertex 5.88999 -14.8764 -12
    endloop
  endfacet
  facet normal 0.999506 -0.0314382 0
    outer loop
      vertex -16 0 10
      vertex -15.9684 1.00465 -12
      vertex -15.9684 1.00465 10
    endloop
  endfacet
  facet normal 0.999506 -0.0314382 0
    outer loop
      vertex -15.9684 1.00465 -12
      vertex -16 0 10
      vertex -16 0 -12
    endloop
  endfacet
  facet normal 0.397154 0.917752 -0
    outer loop
      vertex -5.88999 -14.8764 -12
      vertex -6.81247 -14.4772 10
      vertex -5.88999 -14.8764 10
    endloop
  endfacet
  facet normal 0.397154 0.917752 0
    outer loop
      vertex -6.81247 -14.4772 10
      vertex -5.88999 -14.8764 -12
      vertex -6.81247 -14.4772 -12
    endloop
  endfacet
  facet normal 0.860725 -0.509071 0
    outer loop
      vertex -14.0209 7.70806 10
      vertex -13.5092 8.57323 -12
      vertex -13.5092 8.57323 10
    endloop
  endfacet
  facet normal 0.860725 -0.509071 0
    outer loop
      vertex -13.5092 8.57323 -12
      vertex -14.0209 7.70806 10
      vertex -14.0209 7.70806 -12
    endloop
  endfacet
  facet normal -0.562069 -0.82709 0
    outer loop
      vertex 36.0187 6.33246 9.5
      vertex 36.4084 6.06763 13
      vertex 36.0187 6.33246 13
    endloop
  endfacet
  facet normal -0.562069 -0.82709 -0
    outer loop
      vertex 36.4084 6.06763 13
      vertex 36.0187 6.33246 9.5
      vertex 36.4084 6.06763 9.5
    endloop
  endfacet
  facet normal -0.750197 -0.661214 0
    outer loop
      vertex 37.7788 4.78068 9.5
      vertex 37.4673 5.1341 13
      vertex 37.4673 5.1341 9.5
    endloop
  endfacet
  facet normal -0.750197 -0.661214 0
    outer loop
      vertex 37.4673 5.1341 13
      vertex 37.7788 4.78068 9.5
      vertex 37.7788 4.78068 13
    endloop
  endfacet
  facet normal -0.707064 0.707149 0
    outer loop
      vertex 37.1341 -5.46726 9.5
      vertex 37.4673 -5.1341 13
      vertex 37.4673 -5.1341 9.5
    endloop
  endfacet
  facet normal -0.707064 0.707149 0
    outer loop
      vertex 37.4673 -5.1341 13
      vertex 37.1341 -5.46726 9.5
      vertex 37.1341 -5.46726 13
    endloop
  endfacet
  facet normal 0.453907 0.891049 -0
    outer loop
      vertex 28.8067 -6.7862 9.5
      vertex 28.3868 -6.5723 13
      vertex 28.8067 -6.7862 13
    endloop
  endfacet
  facet normal 0.453907 0.891049 0
    outer loop
      vertex 28.3868 -6.5723 13
      vertex 28.8067 -6.7862 9.5
      vertex 28.3868 -6.5723 9.5
    endloop
  endfacet
  facet normal 0.509085 -0.860716 0
    outer loop
      vertex 27.9813 6.33246 9.5
      vertex 28.3868 6.5723 13
      vertex 27.9813 6.33246 13
    endloop
  endfacet
  facet normal 0.509085 -0.860716 0
    outer loop
      vertex 28.3868 6.5723 13
      vertex 27.9813 6.33246 9.5
      vertex 28.3868 6.5723 9.5
    endloop
  endfacet
  facet normal -0.89101 0.453984 0
    outer loop
      vertex 38.5723 -3.61315 9.5
      vertex 38.7862 -3.19334 13
      vertex 38.7862 -3.19334 9.5
    endloop
  endfacet
  facet normal -0.89101 0.453984 0
    outer loop
      vertex 38.7862 -3.19334 13
      vertex 38.5723 -3.61315 9.5
      vertex 38.5723 -3.61315 13
    endloop
  endfacet
  facet normal -0.453907 0.891049 0
    outer loop
      vertex 35.6132 -6.5723 9.5
      vertex 35.1933 -6.7862 13
      vertex 35.6132 -6.5723 13
    endloop
  endfacet
  facet normal -0.453907 0.891049 0
    outer loop
      vertex 35.1933 -6.7862 13
      vertex 35.6132 -6.5723 9.5
      vertex 35.1933 -6.7862 9.5
    endloop
  endfacet
  facet normal -0.99557 -0.0940236 0
    outer loop
      vertex 39.4852 0.470928 9.5
      vertex 39.4409 0.939999 13
      vertex 39.4409 0.939999 9.5
    endloop
  endfacet
  facet normal -0.99557 -0.0940236 0
    outer loop
      vertex 39.4409 0.939999 13
      vertex 39.4852 0.470928 9.5
      vertex 39.4852 0.470928 13
    endloop
  endfacet
  facet normal -0.860781 0.508976 0
    outer loop
      vertex 38.3325 -4.0187 9.5
      vertex 38.5723 -3.61315 13
      vertex 38.5723 -3.61315 9.5
    endloop
  endfacet
  facet normal -0.860781 0.508976 0
    outer loop
      vertex 38.5723 -3.61315 13
      vertex 38.3325 -4.0187 9.5
      vertex 38.3325 -4.0187 13
    endloop
  endfacet
  facet normal 0.0314137 -0.999506 0
    outer loop
      vertex 31.5291 7.4852 9.5
      vertex 32 7.5 13
      vertex 31.5291 7.4852 13
    endloop
  endfacet
  facet normal 0.0314137 -0.999506 0
    outer loop
      vertex 32 7.5 13
      vertex 31.5291 7.4852 9.5
      vertex 32 7.5 9.5
    endloop
  endfacet
  facet normal -0.960266 0.279085 0
    outer loop
      vertex 39.1329 -2.31763 9.5
      vertex 39.2644 -1.86517 13
      vertex 39.2644 -1.86517 9.5
    endloop
  endfacet
  facet normal -0.960266 0.279085 0
    outer loop
      vertex 39.2644 -1.86517 13
      vertex 39.1329 -2.31763 9.5
      vertex 39.1329 -2.31763 13
    endloop
  endfacet
  facet normal -0.940879 -0.338742 0
    outer loop
      vertex 39.1329 2.31763 9.5
      vertex 38.9733 2.76093 13
      vertex 38.9733 2.76093 9.5
    endloop
  endfacet
  facet normal -0.940879 -0.338742 0
    outer loop
      vertex 38.9733 2.76093 13
      vertex 39.1329 2.31763 9.5
      vertex 39.1329 2.31763 13
    endloop
  endfacet
  facet normal -0.999507 0.0314118 0
    outer loop
      vertex 39.4852 -0.470928 9.5
      vertex 39.5 0 13
      vertex 39.5 0 9.5
    endloop
  endfacet
  facet normal -0.999507 0.0314118 0
    outer loop
      vertex 39.5 0 13
      vertex 39.4852 -0.470928 9.5
      vertex 39.4852 -0.470928 13
    endloop
  endfacet
  facet normal -0.91777 -0.397111 0
    outer loop
      vertex 38.9733 2.76093 9.5
      vertex 38.7862 3.19334 13
      vertex 38.7862 3.19334 9.5
    endloop
  endfacet
  facet normal -0.91777 -0.397111 0
    outer loop
      vertex 38.7862 3.19334 13
      vertex 38.9733 2.76093 9.5
      vertex 38.9733 2.76093 13
    endloop
  endfacet
  facet normal -0.509085 0.860716 0
    outer loop
      vertex 36.0187 -6.33246 9.5
      vertex 35.6132 -6.5723 13
      vertex 36.0187 -6.33246 13
    endloop
  endfacet
  facet normal -0.509085 0.860716 0
    outer loop
      vertex 35.6132 -6.5723 13
      vertex 36.0187 -6.33246 9.5
      vertex 35.6132 -6.5723 9.5
    endloop
  endfacet
  facet normal -0.338742 0.940879 0
    outer loop
      vertex 34.7609 -6.97332 9.5
      vertex 34.3176 -7.13292 13
      vertex 34.7609 -6.97332 13
    endloop
  endfacet
  facet normal -0.338742 0.940879 0
    outer loop
      vertex 34.3176 -7.13292 13
      vertex 34.7609 -6.97332 9.5
      vertex 34.3176 -7.13292 9.5
    endloop
  endfacet
  facet normal -0.999507 -0.0314118 0
    outer loop
      vertex 39.5 0 9.5
      vertex 39.4852 0.470928 13
      vertex 39.4852 0.470928 9.5
    endloop
  endfacet
  facet normal -0.999507 -0.0314118 0
    outer loop
      vertex 39.4852 0.470928 13
      vertex 39.5 0 9.5
      vertex 39.5 0 13
    endloop
  endfacet
  facet normal -0.094102 -0.995563 0
    outer loop
      vertex 32.4709 7.4852 9.5
      vertex 32.94 7.44086 13
      vertex 32.4709 7.4852 13
    endloop
  endfacet
  facet normal -0.094102 -0.995563 -0
    outer loop
      vertex 32.94 7.44086 13
      vertex 32.4709 7.4852 9.5
      vertex 32.94 7.44086 9.5
    endloop
  endfacet
  facet normal -0.940879 0.338742 0
    outer loop
      vertex 38.9733 -2.76093 9.5
      vertex 39.1329 -2.31763 13
      vertex 39.1329 -2.31763 9.5
    endloop
  endfacet
  facet normal -0.940879 0.338742 0
    outer loop
      vertex 39.1329 -2.31763 13
      vertex 38.9733 -2.76093 9.5
      vertex 38.9733 -2.76093 13
    endloop
  endfacet
  facet normal -0.218148 -0.975916 0
    outer loop
      vertex 33.4054 7.36715 9.5
      vertex 33.8652 7.26437 13
      vertex 33.4054 7.36715 13
    endloop
  endfacet
  facet normal -0.218148 -0.975916 -0
    outer loop
      vertex 33.8652 7.26437 13
      vertex 33.4054 7.36715 9.5
      vertex 33.8652 7.26437 9.5
    endloop
  endfacet
  facet normal -0.790132 0.612937 0
    outer loop
      vertex 37.7788 -4.78068 9.5
      vertex 38.0676 -4.40839 13
      vertex 38.0676 -4.40839 9.5
    endloop
  endfacet
  facet normal -0.790132 0.612937 0
    outer loop
      vertex 38.0676 -4.40839 13
      vertex 37.7788 -4.78068 9.5
      vertex 37.7788 -4.78068 13
    endloop
  endfacet
  facet normal 0.453907 -0.891049 0
    outer loop
      vertex 28.3868 6.5723 9.5
      vertex 28.8067 6.7862 13
      vertex 28.3868 6.5723 13
    endloop
  endfacet
  facet normal 0.453907 -0.891049 0
    outer loop
      vertex 28.8067 6.7862 13
      vertex 28.3868 6.5723 9.5
      vertex 28.8067 6.7862 9.5
    endloop
  endfacet
  facet normal 0.397155 -0.917752 0
    outer loop
      vertex 28.8067 6.7862 9.5
      vertex 29.2391 6.97332 13
      vertex 28.8067 6.7862 13
    endloop
  endfacet
  facet normal 0.397155 -0.917752 0
    outer loop
      vertex 29.2391 6.97332 13
      vertex 28.8067 6.7862 9.5
      vertex 29.2391 6.97332 9.5
    endloop
  endfacet
  facet normal -0.6129 -0.790161 0
    outer loop
      vertex 36.4084 6.06763 9.5
      vertex 36.7807 5.77885 13
      vertex 36.4084 6.06763 13
    endloop
  endfacet
  facet normal -0.6129 -0.790161 -0
    outer loop
      vertex 36.7807 5.77885 13
      vertex 36.4084 6.06763 9.5
      vertex 36.7807 5.77885 9.5
    endloop
  endfacet
  facet normal 0.750092 0.661334 0
    outer loop
      vertex 26.5327 -5.1341 13
      vertex 26.2211 -4.78068 9.5
      vertex 26.2211 -4.78068 13
    endloop
  endfacet
  facet normal 0.750092 0.661334 0
    outer loop
      vertex 26.2211 -4.78068 9.5
      vertex 26.5327 -5.1341 13
      vertex 26.5327 -5.1341 9.5
    endloop
  endfacet
  facet normal 0.707064 0.707149 -0
    outer loop
      vertex 26.8659 -5.46726 9.5
      vertex 26.5327 -5.1341 13
      vertex 26.8659 -5.46726 13
    endloop
  endfacet
  facet normal 0.707064 0.707149 0
    outer loop
      vertex 26.5327 -5.1341 13
      vertex 26.8659 -5.46726 9.5
      vertex 26.5327 -5.1341 9.5
    endloop
  endfacet
  facet normal 0.99557 0.0940236 0
    outer loop
      vertex 24.5591 -0.939999 13
      vertex 24.5148 -0.470928 9.5
      vertex 24.5148 -0.470928 13
    endloop
  endfacet
  facet normal 0.99557 0.0940236 0
    outer loop
      vertex 24.5148 -0.470928 9.5
      vertex 24.5591 -0.939999 13
      vertex 24.5591 -0.939999 9.5
    endloop
  endfacet
  facet normal -0.98769 0.156422 0
    outer loop
      vertex 39.3672 -1.40536 9.5
      vertex 39.4409 -0.939999 13
      vertex 39.4409 -0.939999 9.5
    endloop
  endfacet
  facet normal -0.98769 0.156422 0
    outer loop
      vertex 39.4409 -0.939999 13
      vertex 39.3672 -1.40536 9.5
      vertex 39.3672 -1.40536 13
    endloop
  endfacet
  facet normal 0.960266 -0.279085 0
    outer loop
      vertex 24.7356 1.86517 13
      vertex 24.8671 2.31763 9.5
      vertex 24.8671 2.31763 13
    endloop
  endfacet
  facet normal 0.960266 -0.279085 0
    outer loop
      vertex 24.8671 2.31763 9.5
      vertex 24.7356 1.86517 13
      vertex 24.7356 1.86517 9.5
    endloop
  endfacet
  facet normal -0.0314137 -0.999506 0
    outer loop
      vertex 32 7.5 9.5
      vertex 32.4709 7.4852 13
      vertex 32 7.5 13
    endloop
  endfacet
  facet normal -0.0314137 -0.999506 -0
    outer loop
      vertex 32.4709 7.4852 13
      vertex 32 7.5 9.5
      vertex 32.4709 7.4852 9.5
    endloop
  endfacet
  facet normal -0.975908 0.218184 0
    outer loop
      vertex 39.2644 -1.86517 9.5
      vertex 39.3672 -1.40536 13
      vertex 39.3672 -1.40536 9.5
    endloop
  endfacet
  facet normal -0.975908 0.218184 0
    outer loop
      vertex 39.3672 -1.40536 13
      vertex 39.2644 -1.86517 9.5
      vertex 39.2644 -1.86517 13
    endloop
  endfacet
  facet normal -0.98769 -0.156422 0
    outer loop
      vertex 39.4409 0.939999 9.5
      vertex 39.3672 1.40536 13
      vertex 39.3672 1.40536 9.5
    endloop
  endfacet
  facet normal -0.98769 -0.156422 0
    outer loop
      vertex 39.3672 1.40536 13
      vertex 39.4409 0.939999 9.5
      vertex 39.4409 0.939999 13
    endloop
  endfacet
  facet normal 0.562069 0.82709 -0
    outer loop
      vertex 27.9813 -6.33246 9.5
      vertex 27.5916 -6.06763 13
      vertex 27.9813 -6.33246 13
    endloop
  endfacet
  facet normal 0.562069 0.82709 0
    outer loop
      vertex 27.5916 -6.06763 13
      vertex 27.9813 -6.33246 9.5
      vertex 27.5916 -6.06763 9.5
    endloop
  endfacet
  facet normal -0.827015 -0.562181 0
    outer loop
      vertex 38.3325 4.0187 9.5
      vertex 38.0676 4.40839 13
      vertex 38.0676 4.40839 9.5
    endloop
  endfacet
  facet normal -0.827015 -0.562181 0
    outer loop
      vertex 38.0676 4.40839 13
      vertex 38.3325 4.0187 9.5
      vertex 38.3325 4.0187 13
    endloop
  endfacet
  facet normal -0.338742 -0.940879 0
    outer loop
      vertex 34.3176 7.13292 9.5
      vertex 34.7609 6.97332 13
      vertex 34.3176 7.13292 13
    endloop
  endfacet
  facet normal -0.338742 -0.940879 -0
    outer loop
      vertex 34.7609 6.97332 13
      vertex 34.3176 7.13292 9.5
      vertex 34.7609 6.97332 9.5
    endloop
  endfacet
  facet normal 0.562069 -0.82709 0
    outer loop
      vertex 27.5916 6.06763 9.5
      vertex 27.9813 6.33246 13
      vertex 27.5916 6.06763 13
    endloop
  endfacet
  facet normal 0.562069 -0.82709 0
    outer loop
      vertex 27.9813 6.33246 13
      vertex 27.5916 6.06763 9.5
      vertex 27.9813 6.33246 9.5
    endloop
  endfacet
  facet normal 0.860781 0.508976 0
    outer loop
      vertex 25.6675 -4.0187 13
      vertex 25.4277 -3.61315 9.5
      vertex 25.4277 -3.61315 13
    endloop
  endfacet
  facet normal 0.860781 0.508976 0
    outer loop
      vertex 25.4277 -3.61315 9.5
      vertex 25.6675 -4.0187 13
      vertex 25.6675 -4.0187 9.5
    endloop
  endfacet
  facet normal 0.89101 -0.453984 0
    outer loop
      vertex 25.2138 3.19334 13
      vertex 25.4277 3.61315 9.5
      vertex 25.4277 3.61315 13
    endloop
  endfacet
  facet normal 0.89101 -0.453984 0
    outer loop
      vertex 25.4277 3.61315 9.5
      vertex 25.2138 3.19334 13
      vertex 25.2138 3.19334 9.5
    endloop
  endfacet
  facet normal 0.279022 -0.960285 0
    outer loop
      vertex 29.6824 7.13292 9.5
      vertex 30.1348 7.26437 13
      vertex 29.6824 7.13292 13
    endloop
  endfacet
  facet normal 0.279022 -0.960285 0
    outer loop
      vertex 30.1348 7.26437 13
      vertex 29.6824 7.13292 9.5
      vertex 30.1348 7.26437 9.5
    endloop
  endfacet
  facet normal -0.975908 -0.218184 0
    outer loop
      vertex 39.3672 1.40536 9.5
      vertex 39.2644 1.86517 13
      vertex 39.2644 1.86517 9.5
    endloop
  endfacet
  facet normal -0.975908 -0.218184 0
    outer loop
      vertex 39.2644 1.86517 13
      vertex 39.3672 1.40536 9.5
      vertex 39.3672 1.40536 13
    endloop
  endfacet
  facet normal 0.6129 -0.790161 0
    outer loop
      vertex 27.2193 5.77885 9.5
      vertex 27.5916 6.06763 13
      vertex 27.2193 5.77885 13
    endloop
  endfacet
  facet normal 0.6129 -0.790161 0
    outer loop
      vertex 27.5916 6.06763 13
      vertex 27.2193 5.77885 9.5
      vertex 27.5916 6.06763 9.5
    endloop
  endfacet
  facet normal 0.094102 -0.995563 0
    outer loop
      vertex 31.06 7.44086 9.5
      vertex 31.5291 7.4852 13
      vertex 31.06 7.44086 13
    endloop
  endfacet
  facet normal 0.094102 -0.995563 0
    outer loop
      vertex 31.5291 7.4852 13
      vertex 31.06 7.44086 9.5
      vertex 31.5291 7.4852 9.5
    endloop
  endfacet
  facet normal -0.790132 -0.612937 0
    outer loop
      vertex 38.0676 4.40839 9.5
      vertex 37.7788 4.78068 13
      vertex 37.7788 4.78068 9.5
    endloop
  endfacet
  facet normal -0.790132 -0.612937 0
    outer loop
      vertex 37.7788 4.78068 13
      vertex 38.0676 4.40839 9.5
      vertex 38.0676 4.40839 13
    endloop
  endfacet
  facet normal -0.15643 0.987689 0
    outer loop
      vertex 33.4054 -7.36715 9.5
      vertex 32.94 -7.44086 13
      vertex 33.4054 -7.36715 13
    endloop
  endfacet
  facet normal -0.15643 0.987689 0
    outer loop
      vertex 32.94 -7.44086 13
      vertex 33.4054 -7.36715 9.5
      vertex 32.94 -7.44086 9.5
    endloop
  endfacet
  facet normal -0.397155 0.917752 0
    outer loop
      vertex 35.1933 -6.7862 9.5
      vertex 34.7609 -6.97332 13
      vertex 35.1933 -6.7862 13
    endloop
  endfacet
  facet normal -0.397155 0.917752 0
    outer loop
      vertex 34.7609 -6.97332 13
      vertex 35.1933 -6.7862 9.5
      vertex 34.7609 -6.97332 9.5
    endloop
  endfacet
  facet normal 0.094102 0.995563 -0
    outer loop
      vertex 31.5291 -7.4852 9.5
      vertex 31.06 -7.44086 13
      vertex 31.5291 -7.4852 13
    endloop
  endfacet
  facet normal 0.094102 0.995563 0
    outer loop
      vertex 31.06 -7.44086 13
      vertex 31.5291 -7.4852 9.5
      vertex 31.06 -7.44086 9.5
    endloop
  endfacet
  facet normal 0.960266 0.279085 0
    outer loop
      vertex 24.8671 -2.31763 13
      vertex 24.7356 -1.86517 9.5
      vertex 24.7356 -1.86517 13
    endloop
  endfacet
  facet normal 0.960266 0.279085 0
    outer loop
      vertex 24.7356 -1.86517 9.5
      vertex 24.8671 -2.31763 13
      vertex 24.8671 -2.31763 9.5
    endloop
  endfacet
  facet normal 0.975908 0.218184 0
    outer loop
      vertex 24.7356 -1.86517 13
      vertex 24.6328 -1.40536 9.5
      vertex 24.6328 -1.40536 13
    endloop
  endfacet
  facet normal 0.975908 0.218184 0
    outer loop
      vertex 24.6328 -1.40536 9.5
      vertex 24.7356 -1.86517 13
      vertex 24.7356 -1.86517 9.5
    endloop
  endfacet
  facet normal 0.338742 -0.940879 0
    outer loop
      vertex 29.2391 6.97332 9.5
      vertex 29.6824 7.13292 13
      vertex 29.2391 6.97332 13
    endloop
  endfacet
  facet normal 0.338742 -0.940879 0
    outer loop
      vertex 29.6824 7.13292 13
      vertex 29.2391 6.97332 9.5
      vertex 29.6824 7.13292 9.5
    endloop
  endfacet
  facet normal 0.91777 -0.397111 0
    outer loop
      vertex 25.0267 2.76093 13
      vertex 25.2138 3.19334 9.5
      vertex 25.2138 3.19334 13
    endloop
  endfacet
  facet normal 0.91777 -0.397111 0
    outer loop
      vertex 25.2138 3.19334 9.5
      vertex 25.0267 2.76093 13
      vertex 25.0267 2.76093 9.5
    endloop
  endfacet
  facet normal 0.91777 0.397111 0
    outer loop
      vertex 25.2138 -3.19334 13
      vertex 25.0267 -2.76093 9.5
      vertex 25.0267 -2.76093 13
    endloop
  endfacet
  facet normal 0.91777 0.397111 0
    outer loop
      vertex 25.0267 -2.76093 9.5
      vertex 25.2138 -3.19334 13
      vertex 25.2138 -3.19334 9.5
    endloop
  endfacet
  facet normal -0.99557 0.0940236 0
    outer loop
      vertex 39.4409 -0.939999 9.5
      vertex 39.4852 -0.470928 13
      vertex 39.4852 -0.470928 9.5
    endloop
  endfacet
  facet normal -0.99557 0.0940236 0
    outer loop
      vertex 39.4852 -0.470928 13
      vertex 39.4409 -0.939999 9.5
      vertex 39.4409 -0.939999 13
    endloop
  endfacet
  facet normal 0.218148 -0.975916 0
    outer loop
      vertex 30.1348 7.26437 9.5
      vertex 30.5946 7.36715 13
      vertex 30.1348 7.26437 13
    endloop
  endfacet
  facet normal 0.218148 -0.975916 0
    outer loop
      vertex 30.5946 7.36715 13
      vertex 30.1348 7.26437 9.5
      vertex 30.5946 7.36715 9.5
    endloop
  endfacet
  facet normal -0.6129 0.790161 0
    outer loop
      vertex 36.7807 -5.77885 9.5
      vertex 36.4084 -6.06763 13
      vertex 36.7807 -5.77885 13
    endloop
  endfacet
  facet normal -0.6129 0.790161 0
    outer loop
      vertex 36.4084 -6.06763 13
      vertex 36.7807 -5.77885 9.5
      vertex 36.4084 -6.06763 9.5
    endloop
  endfacet
  facet normal 0.827015 0.562181 0
    outer loop
      vertex 25.9324 -4.40839 13
      vertex 25.6675 -4.0187 9.5
      vertex 25.6675 -4.0187 13
    endloop
  endfacet
  facet normal 0.827015 0.562181 0
    outer loop
      vertex 25.6675 -4.0187 9.5
      vertex 25.9324 -4.40839 13
      vertex 25.9324 -4.40839 9.5
    endloop
  endfacet
  facet normal 0.827015 -0.562181 0
    outer loop
      vertex 25.6675 4.0187 13
      vertex 25.9324 4.40839 9.5
      vertex 25.9324 4.40839 13
    endloop
  endfacet
  facet normal 0.827015 -0.562181 0
    outer loop
      vertex 25.9324 4.40839 9.5
      vertex 25.6675 4.0187 13
      vertex 25.6675 4.0187 9.5
    endloop
  endfacet
  facet normal 0.218148 0.975916 -0
    outer loop
      vertex 30.5946 -7.36715 9.5
      vertex 30.1348 -7.26437 13
      vertex 30.5946 -7.36715 13
    endloop
  endfacet
  facet normal 0.218148 0.975916 0
    outer loop
      vertex 30.1348 -7.26437 13
      vertex 30.5946 -7.36715 9.5
      vertex 30.1348 -7.26437 9.5
    endloop
  endfacet
  facet normal -0.960266 -0.279085 0
    outer loop
      vertex 39.2644 1.86517 9.5
      vertex 39.1329 2.31763 13
      vertex 39.1329 2.31763 9.5
    endloop
  endfacet
  facet normal -0.960266 -0.279085 0
    outer loop
      vertex 39.1329 2.31763 13
      vertex 39.2644 1.86517 9.5
      vertex 39.2644 1.86517 13
    endloop
  endfacet
  facet normal -0.509085 -0.860716 0
    outer loop
      vertex 35.6132 6.5723 9.5
      vertex 36.0187 6.33246 13
      vertex 35.6132 6.5723 13
    endloop
  endfacet
  facet normal -0.509085 -0.860716 -0
    outer loop
      vertex 36.0187 6.33246 13
      vertex 35.6132 6.5723 9.5
      vertex 36.0187 6.33246 9.5
    endloop
  endfacet
  facet normal -0.661343 -0.750084 0
    outer loop
      vertex 36.7807 5.77885 9.5
      vertex 37.1341 5.46726 13
      vertex 36.7807 5.77885 13
    endloop
  endfacet
  facet normal -0.661343 -0.750084 -0
    outer loop
      vertex 37.1341 5.46726 13
      vertex 36.7807 5.77885 9.5
      vertex 37.1341 5.46726 9.5
    endloop
  endfacet
  facet normal -0.0314137 0.999506 0
    outer loop
      vertex 32.4709 -7.4852 9.5
      vertex 32 -7.5 13
      vertex 32.4709 -7.4852 13
    endloop
  endfacet
  facet normal -0.0314137 0.999506 0
    outer loop
      vertex 32 -7.5 13
      vertex 32.4709 -7.4852 9.5
      vertex 32 -7.5 9.5
    endloop
  endfacet
  facet normal -0.453907 -0.891049 0
    outer loop
      vertex 35.1933 6.7862 9.5
      vertex 35.6132 6.5723 13
      vertex 35.1933 6.7862 13
    endloop
  endfacet
  facet normal -0.453907 -0.891049 -0
    outer loop
      vertex 35.6132 6.5723 13
      vertex 35.1933 6.7862 9.5
      vertex 35.6132 6.5723 9.5
    endloop
  endfacet
  facet normal 0.99557 -0.0940236 0
    outer loop
      vertex 24.5148 0.470928 13
      vertex 24.5591 0.939999 9.5
      vertex 24.5591 0.939999 13
    endloop
  endfacet
  facet normal 0.99557 -0.0940236 0
    outer loop
      vertex 24.5591 0.939999 9.5
      vertex 24.5148 0.470928 13
      vertex 24.5148 0.470928 9.5
    endloop
  endfacet
  facet normal -0.094102 0.995563 0
    outer loop
      vertex 32.94 -7.44086 9.5
      vertex 32.4709 -7.4852 13
      vertex 32.94 -7.44086 13
    endloop
  endfacet
  facet normal -0.094102 0.995563 0
    outer loop
      vertex 32.4709 -7.4852 13
      vertex 32.94 -7.44086 9.5
      vertex 32.4709 -7.4852 9.5
    endloop
  endfacet
  facet normal 0.89101 0.453984 0
    outer loop
      vertex 25.4277 -3.61315 13
      vertex 25.2138 -3.19334 9.5
      vertex 25.2138 -3.19334 13
    endloop
  endfacet
  facet normal 0.89101 0.453984 0
    outer loop
      vertex 25.2138 -3.19334 9.5
      vertex 25.4277 -3.61315 13
      vertex 25.4277 -3.61315 9.5
    endloop
  endfacet
  facet normal 0.15643 0.987689 -0
    outer loop
      vertex 31.06 -7.44086 9.5
      vertex 30.5946 -7.36715 13
      vertex 31.06 -7.44086 13
    endloop
  endfacet
  facet normal 0.15643 0.987689 0
    outer loop
      vertex 30.5946 -7.36715 13
      vertex 31.06 -7.44086 9.5
      vertex 30.5946 -7.36715 9.5
    endloop
  endfacet
  facet normal -0.89101 -0.453984 0
    outer loop
      vertex 38.7862 3.19334 9.5
      vertex 38.5723 3.61315 13
      vertex 38.5723 3.61315 9.5
    endloop
  endfacet
  facet normal -0.89101 -0.453984 0
    outer loop
      vertex 38.5723 3.61315 13
      vertex 38.7862 3.19334 9.5
      vertex 38.7862 3.19334 13
    endloop
  endfacet
  facet normal -0.397155 -0.917752 0
    outer loop
      vertex 34.7609 6.97332 9.5
      vertex 35.1933 6.7862 13
      vertex 34.7609 6.97332 13
    endloop
  endfacet
  facet normal -0.397155 -0.917752 -0
    outer loop
      vertex 35.1933 6.7862 13
      vertex 34.7609 6.97332 9.5
      vertex 35.1933 6.7862 9.5
    endloop
  endfacet
  facet normal 0.98769 -0.156422 0
    outer loop
      vertex 24.5591 0.939999 13
      vertex 24.6328 1.40536 9.5
      vertex 24.6328 1.40536 13
    endloop
  endfacet
  facet normal 0.98769 -0.156422 0
    outer loop
      vertex 24.6328 1.40536 9.5
      vertex 24.5591 0.939999 13
      vertex 24.5591 0.939999 9.5
    endloop
  endfacet
  facet normal 0.0314137 0.999506 -0
    outer loop
      vertex 32 -7.5 9.5
      vertex 31.5291 -7.4852 13
      vertex 32 -7.5 13
    endloop
  endfacet
  facet normal 0.0314137 0.999506 0
    outer loop
      vertex 31.5291 -7.4852 13
      vertex 32 -7.5 9.5
      vertex 31.5291 -7.4852 9.5
    endloop
  endfacet
  facet normal 0.338742 0.940879 -0
    outer loop
      vertex 29.6824 -7.13292 9.5
      vertex 29.2391 -6.97332 13
      vertex 29.6824 -7.13292 13
    endloop
  endfacet
  facet normal 0.338742 0.940879 0
    outer loop
      vertex 29.2391 -6.97332 13
      vertex 29.6824 -7.13292 9.5
      vertex 29.2391 -6.97332 9.5
    endloop
  endfacet
  facet normal -0.279022 0.960285 0
    outer loop
      vertex 34.3176 -7.13292 9.5
      vertex 33.8652 -7.26437 13
      vertex 34.3176 -7.13292 13
    endloop
  endfacet
  facet normal -0.279022 0.960285 0
    outer loop
      vertex 33.8652 -7.26437 13
      vertex 34.3176 -7.13292 9.5
      vertex 33.8652 -7.26437 9.5
    endloop
  endfacet
  facet normal -0.860781 -0.508976 0
    outer loop
      vertex 38.5723 3.61315 9.5
      vertex 38.3325 4.0187 13
      vertex 38.3325 4.0187 9.5
    endloop
  endfacet
  facet normal -0.860781 -0.508976 0
    outer loop
      vertex 38.3325 4.0187 13
      vertex 38.5723 3.61315 9.5
      vertex 38.5723 3.61315 13
    endloop
  endfacet
  facet normal 0.509085 0.860716 -0
    outer loop
      vertex 28.3868 -6.5723 9.5
      vertex 27.9813 -6.33246 13
      vertex 28.3868 -6.5723 13
    endloop
  endfacet
  facet normal 0.509085 0.860716 0
    outer loop
      vertex 27.9813 -6.33246 13
      vertex 28.3868 -6.5723 9.5
      vertex 27.9813 -6.33246 9.5
    endloop
  endfacet
  facet normal 0.750092 -0.661334 0
    outer loop
      vertex 26.2211 4.78068 13
      vertex 26.5327 5.1341 9.5
      vertex 26.5327 5.1341 13
    endloop
  endfacet
  facet normal 0.750092 -0.661334 0
    outer loop
      vertex 26.5327 5.1341 9.5
      vertex 26.2211 4.78068 13
      vertex 26.2211 4.78068 9.5
    endloop
  endfacet
  facet normal 0.661343 -0.750084 0
    outer loop
      vertex 26.8659 5.46726 9.5
      vertex 27.2193 5.77885 13
      vertex 26.8659 5.46726 13
    endloop
  endfacet
  facet normal 0.661343 -0.750084 0
    outer loop
      vertex 27.2193 5.77885 13
      vertex 26.8659 5.46726 9.5
      vertex 27.2193 5.77885 9.5
    endloop
  endfacet
  facet normal -0.827015 0.562181 0
    outer loop
      vertex 38.0676 -4.40839 9.5
      vertex 38.3325 -4.0187 13
      vertex 38.3325 -4.0187 9.5
    endloop
  endfacet
  facet normal -0.827015 0.562181 0
    outer loop
      vertex 38.3325 -4.0187 13
      vertex 38.0676 -4.40839 9.5
      vertex 38.0676 -4.40839 13
    endloop
  endfacet
  facet normal -0.279022 -0.960285 0
    outer loop
      vertex 33.8652 7.26437 9.5
      vertex 34.3176 7.13292 13
      vertex 33.8652 7.26437 13
    endloop
  endfacet
  facet normal -0.279022 -0.960285 -0
    outer loop
      vertex 34.3176 7.13292 13
      vertex 33.8652 7.26437 9.5
      vertex 34.3176 7.13292 9.5
    endloop
  endfacet
  facet normal 0.6129 0.790161 -0
    outer loop
      vertex 27.5916 -6.06763 9.5
      vertex 27.2193 -5.77885 13
      vertex 27.5916 -6.06763 13
    endloop
  endfacet
  facet normal 0.6129 0.790161 0
    outer loop
      vertex 27.2193 -5.77885 13
      vertex 27.5916 -6.06763 9.5
      vertex 27.2193 -5.77885 9.5
    endloop
  endfacet
  facet normal 0.999507 0.0314118 0
    outer loop
      vertex 24.5148 -0.470928 13
      vertex 24.5 0 9.5
      vertex 24.5 0 13
    endloop
  endfacet
  facet normal 0.999507 0.0314118 0
    outer loop
      vertex 24.5 0 9.5
      vertex 24.5148 -0.470928 13
      vertex 24.5148 -0.470928 9.5
    endloop
  endfacet
  facet normal 0 0 1
    outer loop
      vertex 39.4852 0.470928 9.5
      vertex 39.4852 -0.470928 9.5
      vertex 39.5 0 9.5
    endloop
  endfacet
  facet normal 0 0 1
    outer loop
      vertex 39.4409 0.939999 9.5
      vertex 39.4852 -0.470928 9.5
      vertex 39.4852 0.470928 9.5
    endloop
  endfacet
  facet normal 0 0 1
    outer loop
      vertex 39.4409 0.939999 9.5
      vertex 39.4409 -0.939999 9.5
      vertex 39.4852 -0.470928 9.5
    endloop
  endfacet
  facet normal 0 0 1
    outer loop
      vertex 39.3672 1.40536 9.5
      vertex 39.4409 -0.939999 9.5
      vertex 39.4409 0.939999 9.5
    endloop
  endfacet
  facet normal 0 0 1
    outer loop
      vertex 39.3672 1.40536 9.5
      vertex 39.3672 -1.40536 9.5
      vertex 39.4409 -0.939999 9.5
    endloop
  endfacet
  facet normal 0 0 1
    outer loop
      vertex 39.2644 1.86517 9.5
      vertex 39.3672 -1.40536 9.5
      vertex 39.3672 1.40536 9.5
    endloop
  endfacet
  facet normal 0 0 1
    outer loop
      vertex 39.2644 1.86517 9.5
      vertex 39.2644 -1.86517 9.5
      vertex 39.3672 -1.40536 9.5
    endloop
  endfacet
  facet normal 0 0 1
    outer loop
      vertex 39.1329 2.31763 9.5
      vertex 39.2644 -1.86517 9.5
      vertex 39.2644 1.86517 9.5
    endloop
  endfacet
  facet normal 0 0 1
    outer loop
      vertex 39.1329 2.31763 9.5
      vertex 39.1329 -2.31763 9.5
      vertex 39.2644 -1.86517 9.5
    endloop
  endfacet
  facet normal 0 0 1
    outer loop
      vertex 38.9733 2.76093 9.5
      vertex 39.1329 -2.31763 9.5
      vertex 39.1329 2.31763 9.5
    endloop
  endfacet
  facet normal 0 0 1
    outer loop
      vertex 38.9733 2.76093 9.5
      vertex 38.9733 -2.76093 9.5
      vertex 39.1329 -2.31763 9.5
    endloop
  endfacet
  facet normal 0 0 1
    outer loop
      vertex 38.7862 3.19334 9.5
      vertex 38.9733 -2.76093 9.5
      vertex 38.9733 2.76093 9.5
    endloop
  endfacet
  facet normal 0 0 1
    outer loop
      vertex 38.7862 3.19334 9.5
      vertex 38.7862 -3.19334 9.5
      vertex 38.9733 -2.76093 9.5
    endloop
  endfacet
  facet normal 0 0 1
    outer loop
      vertex 38.5723 3.61315 9.5
      vertex 38.7862 -3.19334 9.5
      vertex 38.7862 3.19334 9.5
    endloop
  endfacet
  facet normal 0 0 1
    outer loop
      vertex 38.5723 3.61315 9.5
      vertex 38.5723 -3.61315 9.5
      vertex 38.7862 -3.19334 9.5
    endloop
  endfacet
  facet normal 0 0 1
    outer loop
      vertex 38.3325 4.0187 9.5
      vertex 38.5723 -3.61315 9.5
      vertex 38.5723 3.61315 9.5
    endloop
  endfacet
  facet normal 0 0 1
    outer loop
      vertex 38.3325 4.0187 9.5
      vertex 38.3325 -4.0187 9.5
      vertex 38.5723 -3.61315 9.5
    endloop
  endfacet
  facet normal 0 0 1
    outer loop
      vertex 38.0676 4.40839 9.5
      vertex 38.3325 -4.0187 9.5
      vertex 38.3325 4.0187 9.5
    endloop
  endfacet
  facet normal 0 0 1
    outer loop
      vertex 38.0676 4.40839 9.5
      vertex 38.0676 -4.40839 9.5
      vertex 38.3325 -4.0187 9.5
    endloop
  endfacet
  facet normal 0 0 1
    outer loop
      vertex 37.7788 4.78068 9.5
      vertex 38.0676 -4.40839 9.5
      vertex 38.0676 4.40839 9.5
    endloop
  endfacet
  facet normal 0 0 1
    outer loop
      vertex 37.7788 4.78068 9.5
      vertex 37.7788 -4.78068 9.5
      vertex 38.0676 -4.40839 9.5
    endloop
  endfacet
  facet normal 0 0 1
    outer loop
      vertex 37.4673 5.1341 9.5
      vertex 37.7788 -4.78068 9.5
      vertex 37.7788 4.78068 9.5
    endloop
  endfacet
  facet normal 0 0 1
    outer loop
      vertex 37.4673 5.1341 9.5
      vertex 37.4673 -5.1341 9.5
      vertex 37.7788 -4.78068 9.5
    endloop
  endfacet
  facet normal 0 0 1
    outer loop
      vertex 37.1341 5.46726 9.5
      vertex 37.4673 -5.1341 9.5
      vertex 37.4673 5.1341 9.5
    endloop
  endfacet
  facet normal 0 0 1
    outer loop
      vertex 37.1341 5.46726 9.5
      vertex 37.1341 -5.46726 9.5
      vertex 37.4673 -5.1341 9.5
    endloop
  endfacet
  facet normal 0 0 1
    outer loop
      vertex 36.7807 5.77885 9.5
      vertex 37.1341 -5.46726 9.5
      vertex 37.1341 5.46726 9.5
    endloop
  endfacet
  facet normal 0 0 1
    outer loop
      vertex 36.7807 5.77885 9.5
      vertex 36.7807 -5.77885 9.5
      vertex 37.1341 -5.46726 9.5
    endloop
  endfacet
  facet normal 0 0 1
    outer loop
      vertex 36.4084 6.06763 9.5
      vertex 36.7807 -5.77885 9.5
      vertex 36.7807 5.77885 9.5
    endloop
  endfacet
  facet normal 0 0 1
    outer loop
      vertex 36.4084 6.06763 9.5
      vertex 36.4084 -6.06763 9.5
      vertex 36.7807 -5.77885 9.5
    endloop
  endfacet
  facet normal 0 0 1
    outer loop
      vertex 36.0187 6.33246 9.5
      vertex 36.4084 -6.06763 9.5
      vertex 36.4084 6.06763 9.5
    endloop
  endfacet
  facet normal 0 0 1
    outer loop
      vertex 36.0187 6.33246 9.5
      vertex 36.0187 -6.33246 9.5
      vertex 36.4084 -6.06763 9.5
    endloop
  endfacet
  facet normal 0 0 1
    outer loop
      vertex 35.6132 6.5723 9.5
      vertex 36.0187 -6.33246 9.5
      vertex 36.0187 6.33246 9.5
    endloop
  endfacet
  facet normal 0 0 1
    outer loop
      vertex 35.6132 6.5723 9.5
      vertex 35.6132 -6.5723 9.5
      vertex 36.0187 -6.33246 9.5
    endloop
  endfacet
  facet normal 0 0 1
    outer loop
      vertex 35.1933 6.7862 9.5
      vertex 35.6132 -6.5723 9.5
      vertex 35.6132 6.5723 9.5
    endloop
  endfacet
  facet normal 0 0 1
    outer loop
      vertex 35.1933 6.7862 9.5
      vertex 35.1933 -6.7862 9.5
      vertex 35.6132 -6.5723 9.5
    endloop
  endfacet
  facet normal 0 0 1
    outer loop
      vertex 34.7609 6.97332 9.5
      vertex 35.1933 -6.7862 9.5
      vertex 35.1933 6.7862 9.5
    endloop
  endfacet
  facet normal 0 0 1
    outer loop
      vertex 34.7609 6.97332 9.5
      vertex 34.7609 -6.97332 9.5
      vertex 35.1933 -6.7862 9.5
    endloop
  endfacet
  facet normal 0 0 1
    outer loop
      vertex 34.3176 7.13292 9.5
      vertex 34.7609 -6.97332 9.5
      vertex 34.7609 6.97332 9.5
    endloop
  endfacet
  facet normal 0 0 1
    outer loop
      vertex 34.3176 7.13292 9.5
      vertex 34.3176 -7.13292 9.5
      vertex 34.7609 -6.97332 9.5
    endloop
  endfacet
  facet normal 0 0 1
    outer loop
      vertex 33.8652 7.26437 9.5
      vertex 34.3176 -7.13292 9.5
      vertex 34.3176 7.13292 9.5
    endloop
  endfacet
  facet normal 0 0 1
    outer loop
      vertex 33.8652 7.26437 9.5
      vertex 33.8652 -7.26437 9.5
      vertex 34.3176 -7.13292 9.5
    endloop
  endfacet
  facet normal 0 0 1
    outer loop
      vertex 33.4054 7.36715 9.5
      vertex 33.8652 -7.26437 9.5
      vertex 33.8652 7.26437 9.5
    endloop
  endfacet
  facet normal 0 0 1
    outer loop
      vertex 33.4054 7.36715 9.5
      vertex 33.4054 -7.36715 9.5
      vertex 33.8652 -7.26437 9.5
    endloop
  endfacet
  facet normal 0 0 1
    outer loop
      vertex 32.94 7.44086 9.5
      vertex 33.4054 -7.36715 9.5
      vertex 33.4054 7.36715 9.5
    endloop
  endfacet
  facet normal 0 0 1
    outer loop
      vertex 32.94 7.44086 9.5
      vertex 32.94 -7.44086 9.5
      vertex 33.4054 -7.36715 9.5
    endloop
  endfacet
  facet normal 0 0 1
    outer loop
      vertex 32.4709 7.4852 9.5
      vertex 32.94 -7.44086 9.5
      vertex 32.94 7.44086 9.5
    endloop
  endfacet
  facet normal 0 0 1
    outer loop
      vertex 32.4709 7.4852 9.5
      vertex 32.4709 -7.4852 9.5
      vertex 32.94 -7.44086 9.5
    endloop
  endfacet
  facet normal 0 0 1
    outer loop
      vertex 32 7.5 9.5
      vertex 32.4709 -7.4852 9.5
      vertex 32.4709 7.4852 9.5
    endloop
  endfacet
  facet normal 0 0 1
    outer loop
      vertex 32 7.5 9.5
      vertex 32 -7.5 9.5
      vertex 32.4709 -7.4852 9.5
    endloop
  endfacet
  facet normal -0 0 1
    outer loop
      vertex 31.5291 7.4852 9.5
      vertex 32 -7.5 9.5
      vertex 32 7.5 9.5
    endloop
  endfacet
  facet normal 0 0 1
    outer loop
      vertex 31.5291 7.4852 9.5
      vertex 31.5291 -7.4852 9.5
      vertex 32 -7.5 9.5
    endloop
  endfacet
  facet normal -0 0 1
    outer loop
      vertex 31.06 7.44086 9.5
      vertex 31.5291 -7.4852 9.5
      vertex 31.5291 7.4852 9.5
    endloop
  endfacet
  facet normal 0 0 1
    outer loop
      vertex 31.06 7.44086 9.5
      vertex 31.06 -7.44086 9.5
      vertex 31.5291 -7.4852 9.5
    endloop
  endfacet
  facet normal -0 0 1
    outer loop
      vertex 30.5946 7.36715 9.5
      vertex 31.06 -7.44086 9.5
      vertex 31.06 7.44086 9.5
    endloop
  endfacet
  facet normal 0 0 1
    outer loop
      vertex 30.5946 7.36715 9.5
      vertex 30.5946 -7.36715 9.5
      vertex 31.06 -7.44086 9.5
    endloop
  endfacet
  facet normal -0 0 1
    outer loop
      vertex 30.1348 7.26437 9.5
      vertex 30.5946 -7.36715 9.5
      vertex 30.5946 7.36715 9.5
    endloop
  endfacet
  facet normal 0 0 1
    outer loop
      vertex 30.1348 7.26437 9.5
      vertex 30.1348 -7.26437 9.5
      vertex 30.5946 -7.36715 9.5
    endloop
  endfacet
  facet normal -0 0 1
    outer loop
      vertex 29.6824 7.13292 9.5
      vertex 30.1348 -7.26437 9.5
      vertex 30.1348 7.26437 9.5
    endloop
  endfacet
  facet normal 0 0 1
    outer loop
      vertex 29.6824 7.13292 9.5
      vertex 29.6824 -7.13292 9.5
      vertex 30.1348 -7.26437 9.5
    endloop
  endfacet
  facet normal -0 0 1
    outer loop
      vertex 29.2391 6.97332 9.5
      vertex 29.6824 -7.13292 9.5
      vertex 29.6824 7.13292 9.5
    endloop
  endfacet
  facet normal 0 0 1
    outer loop
      vertex 29.2391 6.97332 9.5
      vertex 29.2391 -6.97332 9.5
      vertex 29.6824 -7.13292 9.5
    endloop
  endfacet
  facet normal -0 0 1
    outer loop
      vertex 28.8067 6.7862 9.5
      vertex 29.2391 -6.97332 9.5
      vertex 29.2391 6.97332 9.5
    endloop
  endfacet
  facet normal 0 0 1
    outer loop
      vertex 28.8067 6.7862 9.5
      vertex 28.8067 -6.7862 9.5
      vertex 29.2391 -6.97332 9.5
    endloop
  endfacet
  facet normal -0 0 1
    outer loop
      vertex 28.3868 6.5723 9.5
      vertex 28.8067 -6.7862 9.5
      vertex 28.8067 6.7862 9.5
    endloop
  endfacet
  facet normal 0 0 1
    outer loop
      vertex 28.3868 6.5723 9.5
      vertex 28.3868 -6.5723 9.5
      vertex 28.8067 -6.7862 9.5
    endloop
  endfacet
  facet normal -0 0 1
    outer loop
      vertex 27.9813 6.33246 9.5
      vertex 28.3868 -6.5723 9.5
      vertex 28.3868 6.5723 9.5
    endloop
  endfacet
  facet normal 0 0 1
    outer loop
      vertex 27.9813 6.33246 9.5
      vertex 27.9813 -6.33246 9.5
      vertex 28.3868 -6.5723 9.5
    endloop
  endfacet
  facet normal -0 0 1
    outer loop
      vertex 27.5916 6.06763 9.5
      vertex 27.9813 -6.33246 9.5
      vertex 27.9813 6.33246 9.5
    endloop
  endfacet
  facet normal 0 0 1
    outer loop
      vertex 27.5916 6.06763 9.5
      vertex 27.5916 -6.06763 9.5
      vertex 27.9813 -6.33246 9.5
    endloop
  endfacet
  facet normal -0 0 1
    outer loop
      vertex 27.2193 5.77885 9.5
      vertex 27.5916 -6.06763 9.5
      vertex 27.5916 6.06763 9.5
    endloop
  endfacet
  facet normal 0 0 1
    outer loop
      vertex 27.2193 5.77885 9.5
      vertex 27.2193 -5.77885 9.5
      vertex 27.5916 -6.06763 9.5
    endloop
  endfacet
  facet normal -0 0 1
    outer loop
      vertex 26.8659 5.46726 9.5
      vertex 27.2193 -5.77885 9.5
      vertex 27.2193 5.77885 9.5
    endloop
  endfacet
  facet normal 0 0 1
    outer loop
      vertex 26.8659 5.46726 9.5
      vertex 26.8659 -5.46726 9.5
      vertex 27.2193 -5.77885 9.5
    endloop
  endfacet
  facet normal -0 0 1
    outer loop
      vertex 26.5327 5.1341 9.5
      vertex 26.8659 -5.46726 9.5
      vertex 26.8659 5.46726 9.5
    endloop
  endfacet
  facet normal 0 0 1
    outer loop
      vertex 26.5327 5.1341 9.5
      vertex 26.5327 -5.1341 9.5
      vertex 26.8659 -5.46726 9.5
    endloop
  endfacet
  facet normal -0 0 1
    outer loop
      vertex 26.2211 4.78068 9.5
      vertex 26.5327 -5.1341 9.5
      vertex 26.5327 5.1341 9.5
    endloop
  endfacet
  facet normal 0 0 1
    outer loop
      vertex 26.2211 4.78068 9.5
      vertex 26.2211 -4.78068 9.5
      vertex 26.5327 -5.1341 9.5
    endloop
  endfacet
  facet normal -0 0 1
    outer loop
      vertex 25.9324 4.40839 9.5
      vertex 26.2211 -4.78068 9.5
      vertex 26.2211 4.78068 9.5
    endloop
  endfacet
  facet normal 0 0 1
    outer loop
      vertex 25.9324 4.40839 9.5
      vertex 25.9324 -4.40839 9.5
      vertex 26.2211 -4.78068 9.5
    endloop
  endfacet
  facet normal -0 0 1
    outer loop
      vertex 25.6675 4.0187 9.5
      vertex 25.9324 -4.40839 9.5
      vertex 25.9324 4.40839 9.5
    endloop
  endfacet
  facet normal 0 0 1
    outer loop
      vertex 25.6675 4.0187 9.5
      vertex 25.6675 -4.0187 9.5
      vertex 25.9324 -4.40839 9.5
    endloop
  endfacet
  facet normal -0 0 1
    outer loop
      vertex 25.4277 3.61315 9.5
      vertex 25.6675 -4.0187 9.5
      vertex 25.6675 4.0187 9.5
    endloop
  endfacet
  facet normal 0 0 1
    outer loop
      vertex 25.4277 3.61315 9.5
      vertex 25.4277 -3.61315 9.5
      vertex 25.6675 -4.0187 9.5
    endloop
  endfacet
  facet normal -0 0 1
    outer loop
      vertex 25.2138 3.19334 9.5
      vertex 25.4277 -3.61315 9.5
      vertex 25.4277 3.61315 9.5
    endloop
  endfacet
  facet normal 0 0 1
    outer loop
      vertex 25.2138 3.19334 9.5
      vertex 25.2138 -3.19334 9.5
      vertex 25.4277 -3.61315 9.5
    endloop
  endfacet
  facet normal -0 0 1
    outer loop
      vertex 25.0267 2.76093 9.5
      vertex 25.2138 -3.19334 9.5
      vertex 25.2138 3.19334 9.5
    endloop
  endfacet
  facet normal 0 0 1
    outer loop
      vertex 25.0267 2.76093 9.5
      vertex 25.0267 -2.76093 9.5
      vertex 25.2138 -3.19334 9.5
    endloop
  endfacet
  facet normal -0 0 1
    outer loop
      vertex 24.8671 2.31763 9.5
      vertex 25.0267 -2.76093 9.5
      vertex 25.0267 2.76093 9.5
    endloop
  endfacet
  facet normal 0 0 1
    outer loop
      vertex 24.8671 2.31763 9.5
      vertex 24.8671 -2.31763 9.5
      vertex 25.0267 -2.76093 9.5
    endloop
  endfacet
  facet normal -0 0 1
    outer loop
      vertex 24.7356 1.86517 9.5
      vertex 24.8671 -2.31763 9.5
      vertex 24.8671 2.31763 9.5
    endloop
  endfacet
  facet normal 0 0 1
    outer loop
      vertex 24.7356 1.86517 9.5
      vertex 24.7356 -1.86517 9.5
      vertex 24.8671 -2.31763 9.5
    endloop
  endfacet
  facet normal -0 0 1
    outer loop
      vertex 24.6328 1.40536 9.5
      vertex 24.7356 -1.86517 9.5
      vertex 24.7356 1.86517 9.5
    endloop
  endfacet
  facet normal 0 0 1
    outer loop
      vertex 24.6328 1.40536 9.5
      vertex 24.6328 -1.40536 9.5
      vertex 24.7356 -1.86517 9.5
    endloop
  endfacet
  facet normal -0 0 1
    outer loop
      vertex 24.5591 0.939999 9.5
      vertex 24.6328 -1.40536 9.5
      vertex 24.6328 1.40536 9.5
    endloop
  endfacet
  facet normal 0 0 1
    outer loop
      vertex 24.5591 0.939999 9.5
      vertex 24.5591 -0.939999 9.5
      vertex 24.6328 -1.40536 9.5
    endloop
  endfacet
  facet normal -0 0 1
    outer loop
      vertex 24.5148 0.470928 9.5
      vertex 24.5591 -0.939999 9.5
      vertex 24.5591 0.939999 9.5
    endloop
  endfacet
  facet normal 0 0 1
    outer loop
      vertex 24.5148 0.470928 9.5
      vertex 24.5148 -0.470928 9.5
      vertex 24.5591 -0.939999 9.5
    endloop
  endfacet
  facet normal 0 -0 1
    outer loop
      vertex 24.5148 -0.470928 9.5
      vertex 24.5148 0.470928 9.5
      vertex 24.5 0 9.5
    endloop
  endfacet
  facet normal -0.91777 0.397111 0
    outer loop
      vertex 38.7862 -3.19334 9.5
      vertex 38.9733 -2.76093 13
      vertex 38.9733 -2.76093 9.5
    endloop
  endfacet
  facet normal -0.91777 0.397111 0
    outer loop
      vertex 38.9733 -2.76093 13
      vertex 38.7862 -3.19334 9.5
      vertex 38.7862 -3.19334 13
    endloop
  endfacet
  facet normal 0.790235 0.612804 0
    outer loop
      vertex 26.2211 -4.78068 13
      vertex 25.9324 -4.40839 9.5
      vertex 25.9324 -4.40839 13
    endloop
  endfacet
  facet normal 0.790235 0.612804 0
    outer loop
      vertex 25.9324 -4.40839 9.5
      vertex 26.2211 -4.78068 13
      vertex 26.2211 -4.78068 9.5
    endloop
  endfacet
  facet normal -0.562069 0.82709 0
    outer loop
      vertex 36.4084 -6.06763 9.5
      vertex 36.0187 -6.33246 13
      vertex 36.4084 -6.06763 13
    endloop
  endfacet
  facet normal -0.562069 0.82709 0
    outer loop
      vertex 36.0187 -6.33246 13
      vertex 36.4084 -6.06763 9.5
      vertex 36.0187 -6.33246 9.5
    endloop
  endfacet
  facet normal -0.661343 0.750084 0
    outer loop
      vertex 37.1341 -5.46726 9.5
      vertex 36.7807 -5.77885 13
      vertex 37.1341 -5.46726 13
    endloop
  endfacet
  facet normal -0.661343 0.750084 0
    outer loop
      vertex 36.7807 -5.77885 13
      vertex 37.1341 -5.46726 9.5
      vertex 36.7807 -5.77885 9.5
    endloop
  endfacet
  facet normal 0.15643 -0.987689 0
    outer loop
      vertex 30.5946 7.36715 9.5
      vertex 31.06 7.44086 13
      vertex 30.5946 7.36715 13
    endloop
  endfacet
  facet normal 0.15643 -0.987689 0
    outer loop
      vertex 31.06 7.44086 13
      vertex 30.5946 7.36715 9.5
      vertex 31.06 7.44086 9.5
    endloop
  endfacet
  facet normal -0.218148 0.975916 0
    outer loop
      vertex 33.8652 -7.26437 9.5
      vertex 33.4054 -7.36715 13
      vertex 33.8652 -7.26437 13
    endloop
  endfacet
  facet normal -0.218148 0.975916 0
    outer loop
      vertex 33.4054 -7.36715 13
      vertex 33.8652 -7.26437 9.5
      vertex 33.4054 -7.36715 9.5
    endloop
  endfacet
  facet normal -0.750197 0.661214 0
    outer loop
      vertex 37.4673 -5.1341 9.5
      vertex 37.7788 -4.78068 13
      vertex 37.7788 -4.78068 9.5
    endloop
  endfacet
  facet normal -0.750197 0.661214 0
    outer loop
      vertex 37.7788 -4.78068 13
      vertex 37.4673 -5.1341 9.5
      vertex 37.4673 -5.1341 13
    endloop
  endfacet
  facet normal 0.707064 -0.707149 0
    outer loop
      vertex 26.5327 5.1341 9.5
      vertex 26.8659 5.46726 13
      vertex 26.5327 5.1341 13
    endloop
  endfacet
  facet normal 0.707064 -0.707149 0
    outer loop
      vertex 26.8659 5.46726 13
      vertex 26.5327 5.1341 9.5
      vertex 26.8659 5.46726 9.5
    endloop
  endfacet
  facet normal 0.940879 0.338742 0
    outer loop
      vertex 25.0267 -2.76093 13
      vertex 24.8671 -2.31763 9.5
      vertex 24.8671 -2.31763 13
    endloop
  endfacet
  facet normal 0.940879 0.338742 0
    outer loop
      vertex 24.8671 -2.31763 9.5
      vertex 25.0267 -2.76093 13
      vertex 25.0267 -2.76093 9.5
    endloop
  endfacet
  facet normal 0.790235 -0.612804 0
    outer loop
      vertex 25.9324 4.40839 13
      vertex 26.2211 4.78068 9.5
      vertex 26.2211 4.78068 13
    endloop
  endfacet
  facet normal 0.790235 -0.612804 0
    outer loop
      vertex 26.2211 4.78068 9.5
      vertex 25.9324 4.40839 13
      vertex 25.9324 4.40839 9.5
    endloop
  endfacet
  facet normal 0.661343 0.750084 -0
    outer loop
      vertex 27.2193 -5.77885 9.5
      vertex 26.8659 -5.46726 13
      vertex 27.2193 -5.77885 13
    endloop
  endfacet
  facet normal 0.661343 0.750084 0
    outer loop
      vertex 26.8659 -5.46726 13
      vertex 27.2193 -5.77885 9.5
      vertex 26.8659 -5.46726 9.5
    endloop
  endfacet
  facet normal 0.975908 -0.218184 0
    outer loop
      vertex 24.6328 1.40536 13
      vertex 24.7356 1.86517 9.5
      vertex 24.7356 1.86517 13
    endloop
  endfacet
  facet normal 0.975908 -0.218184 0
    outer loop
      vertex 24.7356 1.86517 9.5
      vertex 24.6328 1.40536 13
      vertex 24.6328 1.40536 9.5
    endloop
  endfacet
  facet normal -0.15643 -0.987689 0
    outer loop
      vertex 32.94 7.44086 9.5
      vertex 33.4054 7.36715 13
      vertex 32.94 7.44086 13
    endloop
  endfacet
  facet normal -0.15643 -0.987689 -0
    outer loop
      vertex 33.4054 7.36715 13
      vertex 32.94 7.44086 9.5
      vertex 33.4054 7.36715 9.5
    endloop
  endfacet
  facet normal 0.999507 -0.0314118 0
    outer loop
      vertex 24.5 0 13
      vertex 24.5148 0.470928 9.5
      vertex 24.5148 0.470928 13
    endloop
  endfacet
  facet normal 0.999507 -0.0314118 0
    outer loop
      vertex 24.5148 0.470928 9.5
      vertex 24.5 0 13
      vertex 24.5 0 9.5
    endloop
  endfacet
  facet normal 0.397155 0.917752 -0
    outer loop
      vertex 29.2391 -6.97332 9.5
      vertex 28.8067 -6.7862 13
      vertex 29.2391 -6.97332 13
    endloop
  endfacet
  facet normal 0.397155 0.917752 0
    outer loop
      vertex 28.8067 -6.7862 13
      vertex 29.2391 -6.97332 9.5
      vertex 28.8067 -6.7862 9.5
    endloop
  endfacet
  facet normal 0.98769 0.156422 0
    outer loop
      vertex 24.6328 -1.40536 13
      vertex 24.5591 -0.939999 9.5
      vertex 24.5591 -0.939999 13
    endloop
  endfacet
  facet normal 0.98769 0.156422 0
    outer loop
      vertex 24.5591 -0.939999 9.5
      vertex 24.6328 -1.40536 13
      vertex 24.6328 -1.40536 9.5
    endloop
  endfacet
  facet normal 0.860781 -0.508976 0
    outer loop
      vertex 25.4277 3.61315 13
      vertex 25.6675 4.0187 9.5
      vertex 25.6675 4.0187 13
    endloop
  endfacet
  facet normal 0.860781 -0.508976 0
    outer loop
      vertex 25.6675 4.0187 9.5
      vertex 25.4277 3.61315 13
      vertex 25.4277 3.61315 9.5
    endloop
  endfacet
  facet normal 0.940879 -0.338742 0
    outer loop
      vertex 24.8671 2.31763 13
      vertex 25.0267 2.76093 9.5
      vertex 25.0267 2.76093 13
    endloop
  endfacet
  facet normal 0.940879 -0.338742 0
    outer loop
      vertex 25.0267 2.76093 9.5
      vertex 24.8671 2.31763 13
      vertex 24.8671 2.31763 9.5
    endloop
  endfacet
  facet normal -0.707064 -0.707149 0
    outer loop
      vertex 37.4673 5.1341 9.5
      vertex 37.1341 5.46726 13
      vertex 37.1341 5.46726 9.5
    endloop
  endfacet
  facet normal -0.707064 -0.707149 0
    outer loop
      vertex 37.1341 5.46726 13
      vertex 37.4673 5.1341 9.5
      vertex 37.4673 5.1341 13
    endloop
  endfacet
  facet normal 0.279022 0.960285 -0
    outer loop
      vertex 30.1348 -7.26437 9.5
      vertex 29.6824 -7.13292 13
      vertex 30.1348 -7.26437 13
    endloop
  endfacet
  facet normal 0.279022 0.960285 0
    outer loop
      vertex 29.6824 -7.13292 13
      vertex 30.1348 -7.26437 9.5
      vertex 29.6824 -7.13292 9.5
    endloop
  endfacet
  facet normal 0.338742 0.940879 -0
    outer loop
      vertex 29.6824 -7.13292 -12
      vertex 29.2391 -6.97332 -7
      vertex 29.6824 -7.13292 -7
    endloop
  endfacet
  facet normal 0.338742 0.940879 0
    outer loop
      vertex 29.2391 -6.97332 -7
      vertex 29.6824 -7.13292 -12
      vertex 29.2391 -6.97332 -12
    endloop
  endfacet
  facet normal -0.975908 -0.218184 0
    outer loop
      vertex 39.3672 1.40536 -12
      vertex 39.2644 1.86517 -7
      vertex 39.2644 1.86517 -12
    endloop
  endfacet
  facet normal -0.975908 -0.218184 0
    outer loop
      vertex 39.2644 1.86517 -7
      vertex 39.3672 1.40536 -12
      vertex 39.3672 1.40536 -7
    endloop
  endfacet
  facet normal 0.975908 0.218184 0
    outer loop
      vertex 24.7356 -1.86517 -7
      vertex 24.6328 -1.40536 -12
      vertex 24.6328 -1.40536 -7
    endloop
  endfacet
  facet normal 0.975908 0.218184 0
    outer loop
      vertex 24.6328 -1.40536 -12
      vertex 24.7356 -1.86517 -7
      vertex 24.7356 -1.86517 -12
    endloop
  endfacet
  facet normal -0.860781 0.508976 0
    outer loop
      vertex 38.3325 -4.0187 -12
      vertex 38.5723 -3.61315 -7
      vertex 38.5723 -3.61315 -12
    endloop
  endfacet
  facet normal -0.860781 0.508976 0
    outer loop
      vertex 38.5723 -3.61315 -7
      vertex 38.3325 -4.0187 -12
      vertex 38.3325 -4.0187 -7
    endloop
  endfacet
  facet normal 0.99557 0.0940236 0
    outer loop
      vertex 24.5591 -0.939999 -7
      vertex 24.5148 -0.470928 -12
      vertex 24.5148 -0.470928 -7
    endloop
  endfacet
  facet normal 0.99557 0.0940236 0
    outer loop
      vertex 24.5148 -0.470928 -12
      vertex 24.5591 -0.939999 -7
      vertex 24.5591 -0.939999 -12
    endloop
  endfacet
  facet normal -0.0314137 -0.999506 0
    outer loop
      vertex 32 7.5 -12
      vertex 32.4709 7.4852 -7
      vertex 32 7.5 -7
    endloop
  endfacet
  facet normal -0.0314137 -0.999506 -0
    outer loop
      vertex 32.4709 7.4852 -7
      vertex 32 7.5 -12
      vertex 32.4709 7.4852 -12
    endloop
  endfacet
  facet normal 0.89101 -0.453984 0
    outer loop
      vertex 25.2138 3.19334 -7
      vertex 25.4277 3.61315 -12
      vertex 25.4277 3.61315 -7
    endloop
  endfacet
  facet normal 0.89101 -0.453984 0
    outer loop
      vertex 25.4277 3.61315 -12
      vertex 25.2138 3.19334 -7
      vertex 25.2138 3.19334 -12
    endloop
  endfacet
  facet normal -0.960266 -0.279085 0
    outer loop
      vertex 39.2644 1.86517 -12
      vertex 39.1329 2.31763 -7
      vertex 39.1329 2.31763 -12
    endloop
  endfacet
  facet normal -0.960266 -0.279085 0
    outer loop
      vertex 39.1329 2.31763 -7
      vertex 39.2644 1.86517 -12
      vertex 39.2644 1.86517 -7
    endloop
  endfacet
  facet normal 0.338742 -0.940879 0
    outer loop
      vertex 29.2391 6.97332 -12
      vertex 29.6824 7.13292 -7
      vertex 29.2391 6.97332 -7
    endloop
  endfacet
  facet normal 0.338742 -0.940879 0
    outer loop
      vertex 29.6824 7.13292 -7
      vertex 29.2391 6.97332 -12
      vertex 29.6824 7.13292 -12
    endloop
  endfacet
  facet normal 0.91777 0.397111 0
    outer loop
      vertex 25.2138 -3.19334 -7
      vertex 25.0267 -2.76093 -12
      vertex 25.0267 -2.76093 -7
    endloop
  endfacet
  facet normal 0.91777 0.397111 0
    outer loop
      vertex 25.0267 -2.76093 -12
      vertex 25.2138 -3.19334 -7
      vertex 25.2138 -3.19334 -12
    endloop
  endfacet
  facet normal 0.960266 -0.279085 0
    outer loop
      vertex 24.7356 1.86517 -7
      vertex 24.8671 2.31763 -12
      vertex 24.8671 2.31763 -7
    endloop
  endfacet
  facet normal 0.960266 -0.279085 0
    outer loop
      vertex 24.8671 2.31763 -12
      vertex 24.7356 1.86517 -7
      vertex 24.7356 1.86517 -12
    endloop
  endfacet
  facet normal -0.99557 -0.0940236 0
    outer loop
      vertex 39.4852 0.470928 -12
      vertex 39.4409 0.939999 -7
      vertex 39.4409 0.939999 -12
    endloop
  endfacet
  facet normal -0.99557 -0.0940236 0
    outer loop
      vertex 39.4409 0.939999 -7
      vertex 39.4852 0.470928 -12
      vertex 39.4852 0.470928 -7
    endloop
  endfacet
  facet normal 0.91777 -0.397111 0
    outer loop
      vertex 25.0267 2.76093 -7
      vertex 25.2138 3.19334 -12
      vertex 25.2138 3.19334 -7
    endloop
  endfacet
  facet normal 0.91777 -0.397111 0
    outer loop
      vertex 25.2138 3.19334 -12
      vertex 25.0267 2.76093 -7
      vertex 25.0267 2.76093 -12
    endloop
  endfacet
  facet normal -0.094102 -0.995563 0
    outer loop
      vertex 32.4709 7.4852 -12
      vertex 32.94 7.44086 -7
      vertex 32.4709 7.4852 -7
    endloop
  endfacet
  facet normal -0.094102 -0.995563 -0
    outer loop
      vertex 32.94 7.44086 -7
      vertex 32.4709 7.4852 -12
      vertex 32.94 7.44086 -12
    endloop
  endfacet
  facet normal -0.707064 -0.707149 0
    outer loop
      vertex 37.4673 5.1341 -12
      vertex 37.1341 5.46726 -7
      vertex 37.1341 5.46726 -12
    endloop
  endfacet
  facet normal -0.707064 -0.707149 0
    outer loop
      vertex 37.1341 5.46726 -7
      vertex 37.4673 5.1341 -12
      vertex 37.4673 5.1341 -7
    endloop
  endfacet
  facet normal -0.750197 0.661214 0
    outer loop
      vertex 37.4673 -5.1341 -12
      vertex 37.7788 -4.78068 -7
      vertex 37.7788 -4.78068 -12
    endloop
  endfacet
  facet normal -0.750197 0.661214 0
    outer loop
      vertex 37.7788 -4.78068 -7
      vertex 37.4673 -5.1341 -12
      vertex 37.4673 -5.1341 -7
    endloop
  endfacet
  facet normal -0.999507 -0.0314118 0
    outer loop
      vertex 39.5 0 -12
      vertex 39.4852 0.470928 -7
      vertex 39.4852 0.470928 -12
    endloop
  endfacet
  facet normal -0.999507 -0.0314118 0
    outer loop
      vertex 39.4852 0.470928 -7
      vertex 39.5 0 -12
      vertex 39.5 0 -7
    endloop
  endfacet
  facet normal -0.940879 -0.338742 0
    outer loop
      vertex 39.1329 2.31763 -12
      vertex 38.9733 2.76093 -7
      vertex 38.9733 2.76093 -12
    endloop
  endfacet
  facet normal -0.940879 -0.338742 0
    outer loop
      vertex 38.9733 2.76093 -7
      vertex 39.1329 2.31763 -12
      vertex 39.1329 2.31763 -7
    endloop
  endfacet
  facet normal 0.99557 -0.0940236 0
    outer loop
      vertex 24.5148 0.470928 -7
      vertex 24.5591 0.939999 -12
      vertex 24.5591 0.939999 -7
    endloop
  endfacet
  facet normal 0.99557 -0.0940236 0
    outer loop
      vertex 24.5591 0.939999 -12
      vertex 24.5148 0.470928 -7
      vertex 24.5148 0.470928 -12
    endloop
  endfacet
  facet normal -0.975908 0.218184 0
    outer loop
      vertex 39.2644 -1.86517 -12
      vertex 39.3672 -1.40536 -7
      vertex 39.3672 -1.40536 -12
    endloop
  endfacet
  facet normal -0.975908 0.218184 0
    outer loop
      vertex 39.3672 -1.40536 -7
      vertex 39.2644 -1.86517 -12
      vertex 39.2644 -1.86517 -7
    endloop
  endfacet
  facet normal -0.218148 -0.975916 0
    outer loop
      vertex 33.4054 7.36715 -12
      vertex 33.8652 7.26437 -7
      vertex 33.4054 7.36715 -7
    endloop
  endfacet
  facet normal -0.218148 -0.975916 -0
    outer loop
      vertex 33.8652 7.26437 -7
      vertex 33.4054 7.36715 -12
      vertex 33.8652 7.26437 -12
    endloop
  endfacet
  facet normal 0.279022 0.960285 -0
    outer loop
      vertex 30.1348 -7.26437 -12
      vertex 29.6824 -7.13292 -7
      vertex 30.1348 -7.26437 -7
    endloop
  endfacet
  facet normal 0.279022 0.960285 0
    outer loop
      vertex 29.6824 -7.13292 -7
      vertex 30.1348 -7.26437 -12
      vertex 29.6824 -7.13292 -12
    endloop
  endfacet
  facet normal 0.827015 -0.562181 0
    outer loop
      vertex 25.6675 4.0187 -7
      vertex 25.9324 4.40839 -12
      vertex 25.9324 4.40839 -7
    endloop
  endfacet
  facet normal 0.827015 -0.562181 0
    outer loop
      vertex 25.9324 4.40839 -12
      vertex 25.6675 4.0187 -7
      vertex 25.6675 4.0187 -12
    endloop
  endfacet
  facet normal -0.99557 0.0940236 0
    outer loop
      vertex 39.4409 -0.939999 -12
      vertex 39.4852 -0.470928 -7
      vertex 39.4852 -0.470928 -12
    endloop
  endfacet
  facet normal -0.99557 0.0940236 0
    outer loop
      vertex 39.4852 -0.470928 -7
      vertex 39.4409 -0.939999 -12
      vertex 39.4409 -0.939999 -7
    endloop
  endfacet
  facet normal -0.15643 0.987689 0
    outer loop
      vertex 33.4054 -7.36715 -12
      vertex 32.94 -7.44086 -7
      vertex 33.4054 -7.36715 -7
    endloop
  endfacet
  facet normal -0.15643 0.987689 0
    outer loop
      vertex 32.94 -7.44086 -7
      vertex 33.4054 -7.36715 -12
      vertex 32.94 -7.44086 -12
    endloop
  endfacet
  facet normal 0.279022 -0.960285 0
    outer loop
      vertex 29.6824 7.13292 -12
      vertex 30.1348 7.26437 -7
      vertex 29.6824 7.13292 -7
    endloop
  endfacet
  facet normal 0.279022 -0.960285 0
    outer loop
      vertex 30.1348 7.26437 -7
      vertex 29.6824 7.13292 -12
      vertex 30.1348 7.26437 -12
    endloop
  endfacet
  facet normal 0.509085 0.860716 -0
    outer loop
      vertex 28.3868 -6.5723 -12
      vertex 27.9813 -6.33246 -7
      vertex 28.3868 -6.5723 -7
    endloop
  endfacet
  facet normal 0.509085 0.860716 0
    outer loop
      vertex 27.9813 -6.33246 -7
      vertex 28.3868 -6.5723 -12
      vertex 27.9813 -6.33246 -12
    endloop
  endfacet
  facet normal 0 0 -1
    outer loop
      vertex 39.4852 -0.470928 -7
      vertex 39.4852 0.470928 -7
      vertex 39.5 0 -7
    endloop
  endfacet
  facet normal 0 0 -1
    outer loop
      vertex 39.4409 -0.939999 -7
      vertex 39.4852 0.470928 -7
      vertex 39.4852 -0.470928 -7
    endloop
  endfacet
  facet normal 0 0 -1
    outer loop
      vertex 39.4409 -0.939999 -7
      vertex 39.4409 0.939999 -7
      vertex 39.4852 0.470928 -7
    endloop
  endfacet
  facet normal 0 0 -1
    outer loop
      vertex 39.3672 -1.40536 -7
      vertex 39.4409 0.939999 -7
      vertex 39.4409 -0.939999 -7
    endloop
  endfacet
  facet normal 0 0 -1
    outer loop
      vertex 39.3672 -1.40536 -7
      vertex 39.3672 1.40536 -7
      vertex 39.4409 0.939999 -7
    endloop
  endfacet
  facet normal 0 0 -1
    outer loop
      vertex 39.2644 -1.86517 -7
      vertex 39.3672 1.40536 -7
      vertex 39.3672 -1.40536 -7
    endloop
  endfacet
  facet normal 0 0 -1
    outer loop
      vertex 39.2644 -1.86517 -7
      vertex 39.2644 1.86517 -7
      vertex 39.3672 1.40536 -7
    endloop
  endfacet
  facet normal 0 0 -1
    outer loop
      vertex 39.1329 -2.31763 -7
      vertex 39.2644 1.86517 -7
      vertex 39.2644 -1.86517 -7
    endloop
  endfacet
  facet normal 0 0 -1
    outer loop
      vertex 39.1329 -2.31763 -7
      vertex 39.1329 2.31763 -7
      vertex 39.2644 1.86517 -7
    endloop
  endfacet
  facet normal 0 0 -1
    outer loop
      vertex 38.9733 -2.76093 -7
      vertex 39.1329 2.31763 -7
      vertex 39.1329 -2.31763 -7
    endloop
  endfacet
  facet normal 0 0 -1
    outer loop
      vertex 38.9733 -2.76093 -7
      vertex 38.9733 2.76093 -7
      vertex 39.1329 2.31763 -7
    endloop
  endfacet
  facet normal 0 0 -1
    outer loop
      vertex 38.7862 -3.19334 -7
      vertex 38.9733 2.76093 -7
      vertex 38.9733 -2.76093 -7
    endloop
  endfacet
  facet normal 0 0 -1
    outer loop
      vertex 38.7862 -3.19334 -7
      vertex 38.7862 3.19334 -7
      vertex 38.9733 2.76093 -7
    endloop
  endfacet
  facet normal 0 0 -1
    outer loop
      vertex 38.5723 -3.61315 -7
      vertex 38.7862 3.19334 -7
      vertex 38.7862 -3.19334 -7
    endloop
  endfacet
  facet normal 0 0 -1
    outer loop
      vertex 38.5723 -3.61315 -7
      vertex 38.5723 3.61315 -7
      vertex 38.7862 3.19334 -7
    endloop
  endfacet
  facet normal 0 0 -1
    outer loop
      vertex 38.3325 -4.0187 -7
      vertex 38.5723 3.61315 -7
      vertex 38.5723 -3.61315 -7
    endloop
  endfacet
  facet normal 0 0 -1
    outer loop
      vertex 38.3325 -4.0187 -7
      vertex 38.3325 4.0187 -7
      vertex 38.5723 3.61315 -7
    endloop
  endfacet
  facet normal 0 0 -1
    outer loop
      vertex 38.0676 -4.40839 -7
      vertex 38.3325 4.0187 -7
      vertex 38.3325 -4.0187 -7
    endloop
  endfacet
  facet normal 0 0 -1
    outer loop
      vertex 38.0676 -4.40839 -7
      vertex 38.0676 4.40839 -7
      vertex 38.3325 4.0187 -7
    endloop
  endfacet
  facet normal 0 0 -1
    outer loop
      vertex 37.7788 -4.78068 -7
      vertex 38.0676 4.40839 -7
      vertex 38.0676 -4.40839 -7
    endloop
  endfacet
  facet normal 0 0 -1
    outer loop
      vertex 37.7788 -4.78068 -7
      vertex 37.7788 4.78068 -7
      vertex 38.0676 4.40839 -7
    endloop
  endfacet
  facet normal 0 0 -1
    outer loop
      vertex 37.4673 -5.1341 -7
      vertex 37.7788 4.78068 -7
      vertex 37.7788 -4.78068 -7
    endloop
  endfacet
  facet normal 0 0 -1
    outer loop
      vertex 37.4673 -5.1341 -7
      vertex 37.4673 5.1341 -7
      vertex 37.7788 4.78068 -7
    endloop
  endfacet
  facet normal 0 0 -1
    outer loop
      vertex 37.1341 -5.46726 -7
      vertex 37.4673 5.1341 -7
      vertex 37.4673 -5.1341 -7
    endloop
  endfacet
  facet normal 0 0 -1
    outer loop
      vertex 37.1341 -5.46726 -7
      vertex 37.1341 5.46726 -7
      vertex 37.4673 5.1341 -7
    endloop
  endfacet
  facet normal 0 0 -1
    outer loop
      vertex 36.7807 -5.77885 -7
      vertex 37.1341 5.46726 -7
      vertex 37.1341 -5.46726 -7
    endloop
  endfacet
  facet normal 0 0 -1
    outer loop
      vertex 36.7807 -5.77885 -7
      vertex 36.7807 5.77885 -7
      vertex 37.1341 5.46726 -7
    endloop
  endfacet
  facet normal 0 0 -1
    outer loop
      vertex 36.4084 -6.06763 -7
      vertex 36.7807 5.77885 -7
      vertex 36.7807 -5.77885 -7
    endloop
  endfacet
  facet normal 0 0 -1
    outer loop
      vertex 36.4084 -6.06763 -7
      vertex 36.4084 6.06763 -7
      vertex 36.7807 5.77885 -7
    endloop
  endfacet
  facet normal 0 0 -1
    outer loop
      vertex 36.0187 -6.33246 -7
      vertex 36.4084 6.06763 -7
      vertex 36.4084 -6.06763 -7
    endloop
  endfacet
  facet normal 0 0 -1
    outer loop
      vertex 36.0187 -6.33246 -7
      vertex 36.0187 6.33246 -7
      vertex 36.4084 6.06763 -7
    endloop
  endfacet
  facet normal 0 0 -1
    outer loop
      vertex 35.6132 -6.5723 -7
      vertex 36.0187 6.33246 -7
      vertex 36.0187 -6.33246 -7
    endloop
  endfacet
  facet normal 0 0 -1
    outer loop
      vertex 35.6132 -6.5723 -7
      vertex 35.6132 6.5723 -7
      vertex 36.0187 6.33246 -7
    endloop
  endfacet
  facet normal 0 0 -1
    outer loop
      vertex 35.1933 -6.7862 -7
      vertex 35.6132 6.5723 -7
      vertex 35.6132 -6.5723 -7
    endloop
  endfacet
  facet normal 0 0 -1
    outer loop
      vertex 35.1933 -6.7862 -7
      vertex 35.1933 6.7862 -7
      vertex 35.6132 6.5723 -7
    endloop
  endfacet
  facet normal 0 0 -1
    outer loop
      vertex 34.7609 -6.97332 -7
      vertex 35.1933 6.7862 -7
      vertex 35.1933 -6.7862 -7
    endloop
  endfacet
  facet normal 0 0 -1
    outer loop
      vertex 34.7609 -6.97332 -7
      vertex 34.7609 6.97332 -7
      vertex 35.1933 6.7862 -7
    endloop
  endfacet
  facet normal 0 0 -1
    outer loop
      vertex 34.3176 -7.13292 -7
      vertex 34.7609 6.97332 -7
      vertex 34.7609 -6.97332 -7
    endloop
  endfacet
  facet normal 0 0 -1
    outer loop
      vertex 34.3176 -7.13292 -7
      vertex 34.3176 7.13292 -7
      vertex 34.7609 6.97332 -7
    endloop
  endfacet
  facet normal 0 0 -1
    outer loop
      vertex 33.8652 -7.26437 -7
      vertex 34.3176 7.13292 -7
      vertex 34.3176 -7.13292 -7
    endloop
  endfacet
  facet normal 0 0 -1
    outer loop
      vertex 33.8652 -7.26437 -7
      vertex 33.8652 7.26437 -7
      vertex 34.3176 7.13292 -7
    endloop
  endfacet
  facet normal 0 0 -1
    outer loop
      vertex 33.4054 -7.36715 -7
      vertex 33.8652 7.26437 -7
      vertex 33.8652 -7.26437 -7
    endloop
  endfacet
  facet normal 0 0 -1
    outer loop
      vertex 33.4054 -7.36715 -7
      vertex 33.4054 7.36715 -7
      vertex 33.8652 7.26437 -7
    endloop
  endfacet
  facet normal 0 0 -1
    outer loop
      vertex 32.94 -7.44086 -7
      vertex 33.4054 7.36715 -7
      vertex 33.4054 -7.36715 -7
    endloop
  endfacet
  facet normal 0 0 -1
    outer loop
      vertex 32.94 -7.44086 -7
      vertex 32.94 7.44086 -7
      vertex 33.4054 7.36715 -7
    endloop
  endfacet
  facet normal 0 0 -1
    outer loop
      vertex 32.4709 -7.4852 -7
      vertex 32.94 7.44086 -7
      vertex 32.94 -7.44086 -7
    endloop
  endfacet
  facet normal 0 0 -1
    outer loop
      vertex 32.4709 -7.4852 -7
      vertex 32.4709 7.4852 -7
      vertex 32.94 7.44086 -7
    endloop
  endfacet
  facet normal 0 0 -1
    outer loop
      vertex 32 -7.5 -7
      vertex 32.4709 7.4852 -7
      vertex 32.4709 -7.4852 -7
    endloop
  endfacet
  facet normal 0 0 -1
    outer loop
      vertex 32 -7.5 -7
      vertex 32 7.5 -7
      vertex 32.4709 7.4852 -7
    endloop
  endfacet
  facet normal 0 0 -1
    outer loop
      vertex 31.5291 -7.4852 -7
      vertex 32 7.5 -7
      vertex 32 -7.5 -7
    endloop
  endfacet
  facet normal 0 0 -1
    outer loop
      vertex 31.5291 -7.4852 -7
      vertex 31.5291 7.4852 -7
      vertex 32 7.5 -7
    endloop
  endfacet
  facet normal 0 0 -1
    outer loop
      vertex 31.06 -7.44086 -7
      vertex 31.5291 7.4852 -7
      vertex 31.5291 -7.4852 -7
    endloop
  endfacet
  facet normal 0 0 -1
    outer loop
      vertex 31.06 -7.44086 -7
      vertex 31.06 7.44086 -7
      vertex 31.5291 7.4852 -7
    endloop
  endfacet
  facet normal 0 0 -1
    outer loop
      vertex 30.5946 -7.36715 -7
      vertex 31.06 7.44086 -7
      vertex 31.06 -7.44086 -7
    endloop
  endfacet
  facet normal 0 0 -1
    outer loop
      vertex 30.5946 -7.36715 -7
      vertex 30.5946 7.36715 -7
      vertex 31.06 7.44086 -7
    endloop
  endfacet
  facet normal 0 0 -1
    outer loop
      vertex 30.1348 -7.26437 -7
      vertex 30.5946 7.36715 -7
      vertex 30.5946 -7.36715 -7
    endloop
  endfacet
  facet normal 0 0 -1
    outer loop
      vertex 30.1348 -7.26437 -7
      vertex 30.1348 7.26437 -7
      vertex 30.5946 7.36715 -7
    endloop
  endfacet
  facet normal 0 0 -1
    outer loop
      vertex 29.6824 -7.13292 -7
      vertex 30.1348 7.26437 -7
      vertex 30.1348 -7.26437 -7
    endloop
  endfacet
  facet normal 0 0 -1
    outer loop
      vertex 29.6824 -7.13292 -7
      vertex 29.6824 7.13292 -7
      vertex 30.1348 7.26437 -7
    endloop
  endfacet
  facet normal 0 0 -1
    outer loop
      vertex 29.2391 -6.97332 -7
      vertex 29.6824 7.13292 -7
      vertex 29.6824 -7.13292 -7
    endloop
  endfacet
  facet normal 0 0 -1
    outer loop
      vertex 29.2391 -6.97332 -7
      vertex 29.2391 6.97332 -7
      vertex 29.6824 7.13292 -7
    endloop
  endfacet
  facet normal 0 0 -1
    outer loop
      vertex 28.8067 -6.7862 -7
      vertex 29.2391 6.97332 -7
      vertex 29.2391 -6.97332 -7
    endloop
  endfacet
  facet normal 0 0 -1
    outer loop
      vertex 28.8067 -6.7862 -7
      vertex 28.8067 6.7862 -7
      vertex 29.2391 6.97332 -7
    endloop
  endfacet
  facet normal 0 0 -1
    outer loop
      vertex 28.3868 -6.5723 -7
      vertex 28.8067 6.7862 -7
      vertex 28.8067 -6.7862 -7
    endloop
  endfacet
  facet normal 0 0 -1
    outer loop
      vertex 28.3868 -6.5723 -7
      vertex 28.3868 6.5723 -7
      vertex 28.8067 6.7862 -7
    endloop
  endfacet
  facet normal 0 0 -1
    outer loop
      vertex 27.9813 -6.33246 -7
      vertex 28.3868 6.5723 -7
      vertex 28.3868 -6.5723 -7
    endloop
  endfacet
  facet normal 0 0 -1
    outer loop
      vertex 27.9813 -6.33246 -7
      vertex 27.9813 6.33246 -7
      vertex 28.3868 6.5723 -7
    endloop
  endfacet
  facet normal 0 0 -1
    outer loop
      vertex 27.5916 -6.06763 -7
      vertex 27.9813 6.33246 -7
      vertex 27.9813 -6.33246 -7
    endloop
  endfacet
  facet normal 0 0 -1
    outer loop
      vertex 27.5916 -6.06763 -7
      vertex 27.5916 6.06763 -7
      vertex 27.9813 6.33246 -7
    endloop
  endfacet
  facet normal 0 0 -1
    outer loop
      vertex 27.2193 -5.77885 -7
      vertex 27.5916 6.06763 -7
      vertex 27.5916 -6.06763 -7
    endloop
  endfacet
  facet normal 0 0 -1
    outer loop
      vertex 27.2193 -5.77885 -7
      vertex 27.2193 5.77885 -7
      vertex 27.5916 6.06763 -7
    endloop
  endfacet
  facet normal 0 0 -1
    outer loop
      vertex 26.8659 -5.46726 -7
      vertex 27.2193 5.77885 -7
      vertex 27.2193 -5.77885 -7
    endloop
  endfacet
  facet normal 0 0 -1
    outer loop
      vertex 26.8659 -5.46726 -7
      vertex 26.8659 5.46726 -7
      vertex 27.2193 5.77885 -7
    endloop
  endfacet
  facet normal 0 0 -1
    outer loop
      vertex 26.5327 -5.1341 -7
      vertex 26.8659 5.46726 -7
      vertex 26.8659 -5.46726 -7
    endloop
  endfacet
  facet normal 0 0 -1
    outer loop
      vertex 26.5327 -5.1341 -7
      vertex 26.5327 5.1341 -7
      vertex 26.8659 5.46726 -7
    endloop
  endfacet
  facet normal 0 0 -1
    outer loop
      vertex 26.2211 -4.78068 -7
      vertex 26.5327 5.1341 -7
      vertex 26.5327 -5.1341 -7
    endloop
  endfacet
  facet normal 0 0 -1
    outer loop
      vertex 26.2211 -4.78068 -7
      vertex 26.2211 4.78068 -7
      vertex 26.5327 5.1341 -7
    endloop
  endfacet
  facet normal 0 0 -1
    outer loop
      vertex 25.9324 -4.40839 -7
      vertex 26.2211 4.78068 -7
      vertex 26.2211 -4.78068 -7
    endloop
  endfacet
  facet normal 0 0 -1
    outer loop
      vertex 25.9324 -4.40839 -7
      vertex 25.9324 4.40839 -7
      vertex 26.2211 4.78068 -7
    endloop
  endfacet
  facet normal 0 0 -1
    outer loop
      vertex 25.6675 -4.0187 -7
      vertex 25.9324 4.40839 -7
      vertex 25.9324 -4.40839 -7
    endloop
  endfacet
  facet normal 0 0 -1
    outer loop
      vertex 25.6675 -4.0187 -7
      vertex 25.6675 4.0187 -7
      vertex 25.9324 4.40839 -7
    endloop
  endfacet
  facet normal 0 0 -1
    outer loop
      vertex 25.4277 -3.61315 -7
      vertex 25.6675 4.0187 -7
      vertex 25.6675 -4.0187 -7
    endloop
  endfacet
  facet normal 0 0 -1
    outer loop
      vertex 25.4277 -3.61315 -7
      vertex 25.4277 3.61315 -7
      vertex 25.6675 4.0187 -7
    endloop
  endfacet
  facet normal 0 0 -1
    outer loop
      vertex 25.2138 -3.19334 -7
      vertex 25.4277 3.61315 -7
      vertex 25.4277 -3.61315 -7
    endloop
  endfacet
  facet normal 0 0 -1
    outer loop
      vertex 25.2138 -3.19334 -7
      vertex 25.2138 3.19334 -7
      vertex 25.4277 3.61315 -7
    endloop
  endfacet
  facet normal 0 0 -1
    outer loop
      vertex 25.0267 -2.76093 -7
      vertex 25.2138 3.19334 -7
      vertex 25.2138 -3.19334 -7
    endloop
  endfacet
  facet normal 0 0 -1
    outer loop
      vertex 25.0267 -2.76093 -7
      vertex 25.0267 2.76093 -7
      vertex 25.2138 3.19334 -7
    endloop
  endfacet
  facet normal 0 0 -1
    outer loop
      vertex 24.8671 -2.31763 -7
      vertex 25.0267 2.76093 -7
      vertex 25.0267 -2.76093 -7
    endloop
  endfacet
  facet normal 0 0 -1
    outer loop
      vertex 24.8671 -2.31763 -7
      vertex 24.8671 2.31763 -7
      vertex 25.0267 2.76093 -7
    endloop
  endfacet
  facet normal 0 0 -1
    outer loop
      vertex 24.7356 -1.86517 -7
      vertex 24.8671 2.31763 -7
      vertex 24.8671 -2.31763 -7
    endloop
  endfacet
  facet normal 0 0 -1
    outer loop
      vertex 24.7356 -1.86517 -7
      vertex 24.7356 1.86517 -7
      vertex 24.8671 2.31763 -7
    endloop
  endfacet
  facet normal 0 0 -1
    outer loop
      vertex 24.6328 -1.40536 -7
      vertex 24.7356 1.86517 -7
      vertex 24.7356 -1.86517 -7
    endloop
  endfacet
  facet normal 0 0 -1
    outer loop
      vertex 24.6328 -1.40536 -7
      vertex 24.6328 1.40536 -7
      vertex 24.7356 1.86517 -7
    endloop
  endfacet
  facet normal 0 0 -1
    outer loop
      vertex 24.5591 -0.939999 -7
      vertex 24.6328 1.40536 -7
      vertex 24.6328 -1.40536 -7
    endloop
  endfacet
  facet normal 0 0 -1
    outer loop
      vertex 24.5591 -0.939999 -7
      vertex 24.5591 0.939999 -7
      vertex 24.6328 1.40536 -7
    endloop
  endfacet
  facet normal 0 0 -1
    outer loop
      vertex 24.5148 -0.470928 -7
      vertex 24.5591 0.939999 -7
      vertex 24.5591 -0.939999 -7
    endloop
  endfacet
  facet normal 0 0 -1
    outer loop
      vertex 24.5148 -0.470928 -7
      vertex 24.5148 0.470928 -7
      vertex 24.5591 0.939999 -7
    endloop
  endfacet
  facet normal 0 -0 -1
    outer loop
      vertex 24.5148 0.470928 -7
      vertex 24.5148 -0.470928 -7
      vertex 24.5 0 -7
    endloop
  endfacet
  facet normal -0.218148 0.975916 0
    outer loop
      vertex 33.8652 -7.26437 -12
      vertex 33.4054 -7.36715 -7
      vertex 33.8652 -7.26437 -7
    endloop
  endfacet
  facet normal -0.218148 0.975916 0
    outer loop
      vertex 33.4054 -7.36715 -7
      vertex 33.8652 -7.26437 -12
      vertex 33.4054 -7.36715 -12
    endloop
  endfacet
  facet normal 0.960266 0.279085 0
    outer loop
      vertex 24.8671 -2.31763 -7
      vertex 24.7356 -1.86517 -12
      vertex 24.7356 -1.86517 -7
    endloop
  endfacet
  facet normal 0.960266 0.279085 0
    outer loop
      vertex 24.7356 -1.86517 -12
      vertex 24.8671 -2.31763 -7
      vertex 24.8671 -2.31763 -12
    endloop
  endfacet
  facet normal 0.0314137 -0.999506 0
    outer loop
      vertex 31.5291 7.4852 -12
      vertex 32 7.5 -7
      vertex 31.5291 7.4852 -7
    endloop
  endfacet
  facet normal 0.0314137 -0.999506 0
    outer loop
      vertex 32 7.5 -7
      vertex 31.5291 7.4852 -12
      vertex 32 7.5 -12
    endloop
  endfacet
  facet normal -0.0314137 0.999506 0
    outer loop
      vertex 32.4709 -7.4852 -12
      vertex 32 -7.5 -7
      vertex 32.4709 -7.4852 -7
    endloop
  endfacet
  facet normal -0.0314137 0.999506 0
    outer loop
      vertex 32 -7.5 -7
      vertex 32.4709 -7.4852 -12
      vertex 32 -7.5 -12
    endloop
  endfacet
  facet normal 0.453907 -0.891049 0
    outer loop
      vertex 28.3868 6.5723 -12
      vertex 28.8067 6.7862 -7
      vertex 28.3868 6.5723 -7
    endloop
  endfacet
  facet normal 0.453907 -0.891049 0
    outer loop
      vertex 28.8067 6.7862 -7
      vertex 28.3868 6.5723 -12
      vertex 28.8067 6.7862 -12
    endloop
  endfacet
  facet normal 0.562069 0.82709 -0
    outer loop
      vertex 27.9813 -6.33246 -12
      vertex 27.5916 -6.06763 -7
      vertex 27.9813 -6.33246 -7
    endloop
  endfacet
  facet normal 0.562069 0.82709 0
    outer loop
      vertex 27.5916 -6.06763 -7
      vertex 27.9813 -6.33246 -12
      vertex 27.5916 -6.06763 -12
    endloop
  endfacet
  facet normal -0.860781 -0.508976 0
    outer loop
      vertex 38.5723 3.61315 -12
      vertex 38.3325 4.0187 -7
      vertex 38.3325 4.0187 -12
    endloop
  endfacet
  facet normal -0.860781 -0.508976 0
    outer loop
      vertex 38.3325 4.0187 -7
      vertex 38.5723 3.61315 -12
      vertex 38.5723 3.61315 -7
    endloop
  endfacet
  facet normal -0.98769 0.156422 0
    outer loop
      vertex 39.3672 -1.40536 -12
      vertex 39.4409 -0.939999 -7
      vertex 39.4409 -0.939999 -12
    endloop
  endfacet
  facet normal -0.98769 0.156422 0
    outer loop
      vertex 39.4409 -0.939999 -7
      vertex 39.3672 -1.40536 -12
      vertex 39.3672 -1.40536 -7
    endloop
  endfacet
  facet normal 0.661343 -0.750084 0
    outer loop
      vertex 26.8659 5.46726 -12
      vertex 27.2193 5.77885 -7
      vertex 26.8659 5.46726 -7
    endloop
  endfacet
  facet normal 0.661343 -0.750084 0
    outer loop
      vertex 27.2193 5.77885 -7
      vertex 26.8659 5.46726 -12
      vertex 27.2193 5.77885 -12
    endloop
  endfacet
  facet normal -0.338742 -0.940879 0
    outer loop
      vertex 34.3176 7.13292 -12
      vertex 34.7609 6.97332 -7
      vertex 34.3176 7.13292 -7
    endloop
  endfacet
  facet normal -0.338742 -0.940879 -0
    outer loop
      vertex 34.7609 6.97332 -7
      vertex 34.3176 7.13292 -12
      vertex 34.7609 6.97332 -12
    endloop
  endfacet
  facet normal 0.6129 -0.790161 0
    outer loop
      vertex 27.2193 5.77885 -12
      vertex 27.5916 6.06763 -7
      vertex 27.2193 5.77885 -7
    endloop
  endfacet
  facet normal 0.6129 -0.790161 0
    outer loop
      vertex 27.5916 6.06763 -7
      vertex 27.2193 5.77885 -12
      vertex 27.5916 6.06763 -12
    endloop
  endfacet
  facet normal -0.15643 -0.987689 0
    outer loop
      vertex 32.94 7.44086 -12
      vertex 33.4054 7.36715 -7
      vertex 32.94 7.44086 -7
    endloop
  endfacet
  facet normal -0.15643 -0.987689 -0
    outer loop
      vertex 33.4054 7.36715 -7
      vertex 32.94 7.44086 -12
      vertex 33.4054 7.36715 -12
    endloop
  endfacet
  facet normal -0.750197 -0.661214 0
    outer loop
      vertex 37.7788 4.78068 -12
      vertex 37.4673 5.1341 -7
      vertex 37.4673 5.1341 -12
    endloop
  endfacet
  facet normal -0.750197 -0.661214 0
    outer loop
      vertex 37.4673 5.1341 -7
      vertex 37.7788 4.78068 -12
      vertex 37.7788 4.78068 -7
    endloop
  endfacet
  facet normal -0.6129 0.790161 0
    outer loop
      vertex 36.7807 -5.77885 -12
      vertex 36.4084 -6.06763 -7
      vertex 36.7807 -5.77885 -7
    endloop
  endfacet
  facet normal -0.6129 0.790161 0
    outer loop
      vertex 36.4084 -6.06763 -7
      vertex 36.7807 -5.77885 -12
      vertex 36.4084 -6.06763 -12
    endloop
  endfacet
  facet normal -0.940879 0.338742 0
    outer loop
      vertex 38.9733 -2.76093 -12
      vertex 39.1329 -2.31763 -7
      vertex 39.1329 -2.31763 -12
    endloop
  endfacet
  facet normal -0.940879 0.338742 0
    outer loop
      vertex 39.1329 -2.31763 -7
      vertex 38.9733 -2.76093 -12
      vertex 38.9733 -2.76093 -7
    endloop
  endfacet
  facet normal 0.999507 -0.0314118 0
    outer loop
      vertex 24.5 0 -7
      vertex 24.5148 0.470928 -12
      vertex 24.5148 0.470928 -7
    endloop
  endfacet
  facet normal 0.999507 -0.0314118 0
    outer loop
      vertex 24.5148 0.470928 -12
      vertex 24.5 0 -7
      vertex 24.5 0 -12
    endloop
  endfacet
  facet normal -0.98769 -0.156422 0
    outer loop
      vertex 39.4409 0.939999 -12
      vertex 39.3672 1.40536 -7
      vertex 39.3672 1.40536 -12
    endloop
  endfacet
  facet normal -0.98769 -0.156422 0
    outer loop
      vertex 39.3672 1.40536 -7
      vertex 39.4409 0.939999 -12
      vertex 39.4409 0.939999 -7
    endloop
  endfacet
  facet normal -0.91777 -0.397111 0
    outer loop
      vertex 38.9733 2.76093 -12
      vertex 38.7862 3.19334 -7
      vertex 38.7862 3.19334 -12
    endloop
  endfacet
  facet normal -0.91777 -0.397111 0
    outer loop
      vertex 38.7862 3.19334 -7
      vertex 38.9733 2.76093 -12
      vertex 38.9733 2.76093 -7
    endloop
  endfacet
  facet normal -0.562069 0.82709 0
    outer loop
      vertex 36.4084 -6.06763 -12
      vertex 36.0187 -6.33246 -7
      vertex 36.4084 -6.06763 -7
    endloop
  endfacet
  facet normal -0.562069 0.82709 0
    outer loop
      vertex 36.0187 -6.33246 -7
      vertex 36.4084 -6.06763 -12
      vertex 36.0187 -6.33246 -12
    endloop
  endfacet
  facet normal -0.453907 0.891049 0
    outer loop
      vertex 35.6132 -6.5723 -12
      vertex 35.1933 -6.7862 -7
      vertex 35.6132 -6.5723 -7
    endloop
  endfacet
  facet normal -0.453907 0.891049 0
    outer loop
      vertex 35.1933 -6.7862 -7
      vertex 35.6132 -6.5723 -12
      vertex 35.1933 -6.7862 -12
    endloop
  endfacet
  facet normal -0.790132 -0.612937 0
    outer loop
      vertex 38.0676 4.40839 -12
      vertex 37.7788 4.78068 -7
      vertex 37.7788 4.78068 -12
    endloop
  endfacet
  facet normal -0.790132 -0.612937 0
    outer loop
      vertex 37.7788 4.78068 -7
      vertex 38.0676 4.40839 -12
      vertex 38.0676 4.40839 -7
    endloop
  endfacet
  facet normal 0.094102 -0.995563 0
    outer loop
      vertex 31.06 7.44086 -12
      vertex 31.5291 7.4852 -7
      vertex 31.06 7.44086 -7
    endloop
  endfacet
  facet normal 0.094102 -0.995563 0
    outer loop
      vertex 31.5291 7.4852 -7
      vertex 31.06 7.44086 -12
      vertex 31.5291 7.4852 -12
    endloop
  endfacet
  facet normal 0.999507 0.0314118 0
    outer loop
      vertex 24.5148 -0.470928 -7
      vertex 24.5 0 -12
      vertex 24.5 0 -7
    endloop
  endfacet
  facet normal 0.999507 0.0314118 0
    outer loop
      vertex 24.5 0 -12
      vertex 24.5148 -0.470928 -7
      vertex 24.5148 -0.470928 -12
    endloop
  endfacet
  facet normal -0.6129 -0.790161 0
    outer loop
      vertex 36.4084 6.06763 -12
      vertex 36.7807 5.77885 -7
      vertex 36.4084 6.06763 -7
    endloop
  endfacet
  facet normal -0.6129 -0.790161 -0
    outer loop
      vertex 36.7807 5.77885 -7
      vertex 36.4084 6.06763 -12
      vertex 36.7807 5.77885 -12
    endloop
  endfacet
  facet normal 0.98769 -0.156422 0
    outer loop
      vertex 24.5591 0.939999 -7
      vertex 24.6328 1.40536 -12
      vertex 24.6328 1.40536 -7
    endloop
  endfacet
  facet normal 0.98769 -0.156422 0
    outer loop
      vertex 24.6328 1.40536 -12
      vertex 24.5591 0.939999 -7
      vertex 24.5591 0.939999 -12
    endloop
  endfacet
  facet normal 0.397155 -0.917752 0
    outer loop
      vertex 28.8067 6.7862 -12
      vertex 29.2391 6.97332 -7
      vertex 28.8067 6.7862 -7
    endloop
  endfacet
  facet normal 0.397155 -0.917752 0
    outer loop
      vertex 29.2391 6.97332 -7
      vertex 28.8067 6.7862 -12
      vertex 29.2391 6.97332 -12
    endloop
  endfacet
  facet normal -0.397155 -0.917752 0
    outer loop
      vertex 34.7609 6.97332 -12
      vertex 35.1933 6.7862 -7
      vertex 34.7609 6.97332 -7
    endloop
  endfacet
  facet normal -0.397155 -0.917752 -0
    outer loop
      vertex 35.1933 6.7862 -7
      vertex 34.7609 6.97332 -12
      vertex 35.1933 6.7862 -12
    endloop
  endfacet
  facet normal 0.453907 0.891049 -0
    outer loop
      vertex 28.8067 -6.7862 -12
      vertex 28.3868 -6.5723 -7
      vertex 28.8067 -6.7862 -7
    endloop
  endfacet
  facet normal 0.453907 0.891049 0
    outer loop
      vertex 28.3868 -6.5723 -7
      vertex 28.8067 -6.7862 -12
      vertex 28.3868 -6.5723 -12
    endloop
  endfacet
  facet normal 0.860781 0.508976 0
    outer loop
      vertex 25.6675 -4.0187 -7
      vertex 25.4277 -3.61315 -12
      vertex 25.4277 -3.61315 -7
    endloop
  endfacet
  facet normal 0.860781 0.508976 0
    outer loop
      vertex 25.4277 -3.61315 -12
      vertex 25.6675 -4.0187 -7
      vertex 25.6675 -4.0187 -12
    endloop
  endfacet
  facet normal 0.940879 -0.338742 0
    outer loop
      vertex 24.8671 2.31763 -7
      vertex 25.0267 2.76093 -12
      vertex 25.0267 2.76093 -7
    endloop
  endfacet
  facet normal 0.940879 -0.338742 0
    outer loop
      vertex 25.0267 2.76093 -12
      vertex 24.8671 2.31763 -7
      vertex 24.8671 2.31763 -12
    endloop
  endfacet
  facet normal -0.707064 0.707149 0
    outer loop
      vertex 37.1341 -5.46726 -12
      vertex 37.4673 -5.1341 -7
      vertex 37.4673 -5.1341 -12
    endloop
  endfacet
  facet normal -0.707064 0.707149 0
    outer loop
      vertex 37.4673 -5.1341 -7
      vertex 37.1341 -5.46726 -12
      vertex 37.1341 -5.46726 -7
    endloop
  endfacet
  facet normal -0.094102 0.995563 0
    outer loop
      vertex 32.94 -7.44086 -12
      vertex 32.4709 -7.4852 -7
      vertex 32.94 -7.44086 -7
    endloop
  endfacet
  facet normal -0.094102 0.995563 0
    outer loop
      vertex 32.4709 -7.4852 -7
      vertex 32.94 -7.44086 -12
      vertex 32.4709 -7.4852 -12
    endloop
  endfacet
  facet normal -0.338742 0.940879 0
    outer loop
      vertex 34.7609 -6.97332 -12
      vertex 34.3176 -7.13292 -7
      vertex 34.7609 -6.97332 -7
    endloop
  endfacet
  facet normal -0.338742 0.940879 0
    outer loop
      vertex 34.3176 -7.13292 -7
      vertex 34.7609 -6.97332 -12
      vertex 34.3176 -7.13292 -12
    endloop
  endfacet
  facet normal 0.790235 -0.612804 0
    outer loop
      vertex 25.9324 4.40839 -7
      vertex 26.2211 4.78068 -12
      vertex 26.2211 4.78068 -7
    endloop
  endfacet
  facet normal 0.790235 -0.612804 0
    outer loop
      vertex 26.2211 4.78068 -12
      vertex 25.9324 4.40839 -7
      vertex 25.9324 4.40839 -12
    endloop
  endfacet
  facet normal -0.999507 0.0314118 0
    outer loop
      vertex 39.4852 -0.470928 -12
      vertex 39.5 0 -7
      vertex 39.5 0 -12
    endloop
  endfacet
  facet normal -0.999507 0.0314118 0
    outer loop
      vertex 39.5 0 -7
      vertex 39.4852 -0.470928 -12
      vertex 39.4852 -0.470928 -7
    endloop
  endfacet
  facet normal 0.98769 0.156422 0
    outer loop
      vertex 24.6328 -1.40536 -7
      vertex 24.5591 -0.939999 -12
      vertex 24.5591 -0.939999 -7
    endloop
  endfacet
  facet normal 0.98769 0.156422 0
    outer loop
      vertex 24.5591 -0.939999 -12
      vertex 24.6328 -1.40536 -7
      vertex 24.6328 -1.40536 -12
    endloop
  endfacet
  facet normal -0.790132 0.612937 0
    outer loop
      vertex 37.7788 -4.78068 -12
      vertex 38.0676 -4.40839 -7
      vertex 38.0676 -4.40839 -12
    endloop
  endfacet
  facet normal -0.790132 0.612937 0
    outer loop
      vertex 38.0676 -4.40839 -7
      vertex 37.7788 -4.78068 -12
      vertex 37.7788 -4.78068 -7
    endloop
  endfacet
  facet normal 0.218148 0.975916 -0
    outer loop
      vertex 30.5946 -7.36715 -12
      vertex 30.1348 -7.26437 -7
      vertex 30.5946 -7.36715 -7
    endloop
  endfacet
  facet normal 0.218148 0.975916 0
    outer loop
      vertex 30.1348 -7.26437 -7
      vertex 30.5946 -7.36715 -12
      vertex 30.1348 -7.26437 -12
    endloop
  endfacet
  facet normal -0.661343 0.750084 0
    outer loop
      vertex 37.1341 -5.46726 -12
      vertex 36.7807 -5.77885 -7
      vertex 37.1341 -5.46726 -7
    endloop
  endfacet
  facet normal -0.661343 0.750084 0
    outer loop
      vertex 36.7807 -5.77885 -7
      vertex 37.1341 -5.46726 -12
      vertex 36.7807 -5.77885 -12
    endloop
  endfacet
  facet normal 0.827015 0.562181 0
    outer loop
      vertex 25.9324 -4.40839 -7
      vertex 25.6675 -4.0187 -12
      vertex 25.6675 -4.0187 -7
    endloop
  endfacet
  facet normal 0.827015 0.562181 0
    outer loop
      vertex 25.6675 -4.0187 -12
      vertex 25.9324 -4.40839 -7
      vertex 25.9324 -4.40839 -12
    endloop
  endfacet
  facet normal -0.397155 0.917752 0
    outer loop
      vertex 35.1933 -6.7862 -12
      vertex 34.7609 -6.97332 -7
      vertex 35.1933 -6.7862 -7
    endloop
  endfacet
  facet normal -0.397155 0.917752 0
    outer loop
      vertex 34.7609 -6.97332 -7
      vertex 35.1933 -6.7862 -12
      vertex 34.7609 -6.97332 -12
    endloop
  endfacet
  facet normal -0.509085 -0.860716 0
    outer loop
      vertex 35.6132 6.5723 -12
      vertex 36.0187 6.33246 -7
      vertex 35.6132 6.5723 -7
    endloop
  endfacet
  facet normal -0.509085 -0.860716 -0
    outer loop
      vertex 36.0187 6.33246 -7
      vertex 35.6132 6.5723 -12
      vertex 36.0187 6.33246 -12
    endloop
  endfacet
  facet normal -0.453907 -0.891049 0
    outer loop
      vertex 35.1933 6.7862 -12
      vertex 35.6132 6.5723 -7
      vertex 35.1933 6.7862 -7
    endloop
  endfacet
  facet normal -0.453907 -0.891049 -0
    outer loop
      vertex 35.6132 6.5723 -7
      vertex 35.1933 6.7862 -12
      vertex 35.6132 6.5723 -12
    endloop
  endfacet
  facet normal 0.0314137 0.999506 -0
    outer loop
      vertex 32 -7.5 -12
      vertex 31.5291 -7.4852 -7
      vertex 32 -7.5 -7
    endloop
  endfacet
  facet normal 0.0314137 0.999506 0
    outer loop
      vertex 31.5291 -7.4852 -7
      vertex 32 -7.5 -12
      vertex 31.5291 -7.4852 -12
    endloop
  endfacet
  facet normal -0.827015 -0.562181 0
    outer loop
      vertex 38.3325 4.0187 -12
      vertex 38.0676 4.40839 -7
      vertex 38.0676 4.40839 -12
    endloop
  endfacet
  facet normal -0.827015 -0.562181 0
    outer loop
      vertex 38.0676 4.40839 -7
      vertex 38.3325 4.0187 -12
      vertex 38.3325 4.0187 -7
    endloop
  endfacet
  facet normal 0.975908 -0.218184 0
    outer loop
      vertex 24.6328 1.40536 -7
      vertex 24.7356 1.86517 -12
      vertex 24.7356 1.86517 -7
    endloop
  endfacet
  facet normal 0.975908 -0.218184 0
    outer loop
      vertex 24.7356 1.86517 -12
      vertex 24.6328 1.40536 -7
      vertex 24.6328 1.40536 -12
    endloop
  endfacet
  facet normal -0.562069 -0.82709 0
    outer loop
      vertex 36.0187 6.33246 -12
      vertex 36.4084 6.06763 -7
      vertex 36.0187 6.33246 -7
    endloop
  endfacet
  facet normal -0.562069 -0.82709 -0
    outer loop
      vertex 36.4084 6.06763 -7
      vertex 36.0187 6.33246 -12
      vertex 36.4084 6.06763 -12
    endloop
  endfacet
  facet normal 0.750092 -0.661334 0
    outer loop
      vertex 26.2211 4.78068 -7
      vertex 26.5327 5.1341 -12
      vertex 26.5327 5.1341 -7
    endloop
  endfacet
  facet normal 0.750092 -0.661334 0
    outer loop
      vertex 26.5327 5.1341 -12
      vertex 26.2211 4.78068 -7
      vertex 26.2211 4.78068 -12
    endloop
  endfacet
  facet normal 0.509085 -0.860716 0
    outer loop
      vertex 27.9813 6.33246 -12
      vertex 28.3868 6.5723 -7
      vertex 27.9813 6.33246 -7
    endloop
  endfacet
  facet normal 0.509085 -0.860716 0
    outer loop
      vertex 28.3868 6.5723 -7
      vertex 27.9813 6.33246 -12
      vertex 28.3868 6.5723 -12
    endloop
  endfacet
  facet normal 0.707064 -0.707149 0
    outer loop
      vertex 26.5327 5.1341 -12
      vertex 26.8659 5.46726 -7
      vertex 26.5327 5.1341 -7
    endloop
  endfacet
  facet normal 0.707064 -0.707149 0
    outer loop
      vertex 26.8659 5.46726 -7
      vertex 26.5327 5.1341 -12
      vertex 26.8659 5.46726 -12
    endloop
  endfacet
  facet normal 0.790235 0.612804 0
    outer loop
      vertex 26.2211 -4.78068 -7
      vertex 25.9324 -4.40839 -12
      vertex 25.9324 -4.40839 -7
    endloop
  endfacet
  facet normal 0.790235 0.612804 0
    outer loop
      vertex 25.9324 -4.40839 -12
      vertex 26.2211 -4.78068 -7
      vertex 26.2211 -4.78068 -12
    endloop
  endfacet
  facet normal -0.279022 0.960285 0
    outer loop
      vertex 34.3176 -7.13292 -12
      vertex 33.8652 -7.26437 -7
      vertex 34.3176 -7.13292 -7
    endloop
  endfacet
  facet normal -0.279022 0.960285 0
    outer loop
      vertex 33.8652 -7.26437 -7
      vertex 34.3176 -7.13292 -12
      vertex 33.8652 -7.26437 -12
    endloop
  endfacet
  facet normal 0.860781 -0.508976 0
    outer loop
      vertex 25.4277 3.61315 -7
      vertex 25.6675 4.0187 -12
      vertex 25.6675 4.0187 -7
    endloop
  endfacet
  facet normal 0.860781 -0.508976 0
    outer loop
      vertex 25.6675 4.0187 -12
      vertex 25.4277 3.61315 -7
      vertex 25.4277 3.61315 -12
    endloop
  endfacet
  facet normal 0.562069 -0.82709 0
    outer loop
      vertex 27.5916 6.06763 -12
      vertex 27.9813 6.33246 -7
      vertex 27.5916 6.06763 -7
    endloop
  endfacet
  facet normal 0.562069 -0.82709 0
    outer loop
      vertex 27.9813 6.33246 -7
      vertex 27.5916 6.06763 -12
      vertex 27.9813 6.33246 -12
    endloop
  endfacet
  facet normal 0.15643 -0.987689 0
    outer loop
      vertex 30.5946 7.36715 -12
      vertex 31.06 7.44086 -7
      vertex 30.5946 7.36715 -7
    endloop
  endfacet
  facet normal 0.15643 -0.987689 0
    outer loop
      vertex 31.06 7.44086 -7
      vertex 30.5946 7.36715 -12
      vertex 31.06 7.44086 -12
    endloop
  endfacet
  facet normal 0.218148 -0.975916 0
    outer loop
      vertex 30.1348 7.26437 -12
      vertex 30.5946 7.36715 -7
      vertex 30.1348 7.26437 -7
    endloop
  endfacet
  facet normal 0.218148 -0.975916 0
    outer loop
      vertex 30.5946 7.36715 -7
      vertex 30.1348 7.26437 -12
      vertex 30.5946 7.36715 -12
    endloop
  endfacet
  facet normal -0.509085 0.860716 0
    outer loop
      vertex 36.0187 -6.33246 -12
      vertex 35.6132 -6.5723 -7
      vertex 36.0187 -6.33246 -7
    endloop
  endfacet
  facet normal -0.509085 0.860716 0
    outer loop
      vertex 35.6132 -6.5723 -7
      vertex 36.0187 -6.33246 -12
      vertex 35.6132 -6.5723 -12
    endloop
  endfacet
  facet normal -0.89101 -0.453984 0
    outer loop
      vertex 38.7862 3.19334 -12
      vertex 38.5723 3.61315 -7
      vertex 38.5723 3.61315 -12
    endloop
  endfacet
  facet normal -0.89101 -0.453984 0
    outer loop
      vertex 38.5723 3.61315 -7
      vertex 38.7862 3.19334 -12
      vertex 38.7862 3.19334 -7
    endloop
  endfacet
  facet normal -0.960266 0.279085 0
    outer loop
      vertex 39.1329 -2.31763 -12
      vertex 39.2644 -1.86517 -7
      vertex 39.2644 -1.86517 -12
    endloop
  endfacet
  facet normal -0.960266 0.279085 0
    outer loop
      vertex 39.2644 -1.86517 -7
      vertex 39.1329 -2.31763 -12
      vertex 39.1329 -2.31763 -7
    endloop
  endfacet
  facet normal 0.750092 0.661334 0
    outer loop
      vertex 26.5327 -5.1341 -7
      vertex 26.2211 -4.78068 -12
      vertex 26.2211 -4.78068 -7
    endloop
  endfacet
  facet normal 0.750092 0.661334 0
    outer loop
      vertex 26.2211 -4.78068 -12
      vertex 26.5327 -5.1341 -7
      vertex 26.5327 -5.1341 -12
    endloop
  endfacet
  facet normal 0.707064 0.707149 -0
    outer loop
      vertex 26.8659 -5.46726 -12
      vertex 26.5327 -5.1341 -7
      vertex 26.8659 -5.46726 -7
    endloop
  endfacet
  facet normal 0.707064 0.707149 0
    outer loop
      vertex 26.5327 -5.1341 -7
      vertex 26.8659 -5.46726 -12
      vertex 26.5327 -5.1341 -12
    endloop
  endfacet
  facet normal 0.15643 0.987689 -0
    outer loop
      vertex 31.06 -7.44086 -12
      vertex 30.5946 -7.36715 -7
      vertex 31.06 -7.44086 -7
    endloop
  endfacet
  facet normal 0.15643 0.987689 0
    outer loop
      vertex 30.5946 -7.36715 -7
      vertex 31.06 -7.44086 -12
      vertex 30.5946 -7.36715 -12
    endloop
  endfacet
  facet normal -0.661343 -0.750084 0
    outer loop
      vertex 36.7807 5.77885 -12
      vertex 37.1341 5.46726 -7
      vertex 36.7807 5.77885 -7
    endloop
  endfacet
  facet normal -0.661343 -0.750084 -0
    outer loop
      vertex 37.1341 5.46726 -7
      vertex 36.7807 5.77885 -12
      vertex 37.1341 5.46726 -12
    endloop
  endfacet
  facet normal -0.279022 -0.960285 0
    outer loop
      vertex 33.8652 7.26437 -12
      vertex 34.3176 7.13292 -7
      vertex 33.8652 7.26437 -7
    endloop
  endfacet
  facet normal -0.279022 -0.960285 -0
    outer loop
      vertex 34.3176 7.13292 -7
      vertex 33.8652 7.26437 -12
      vertex 34.3176 7.13292 -12
    endloop
  endfacet
  facet normal -0.91777 0.397111 0
    outer loop
      vertex 38.7862 -3.19334 -12
      vertex 38.9733 -2.76093 -7
      vertex 38.9733 -2.76093 -12
    endloop
  endfacet
  facet normal -0.91777 0.397111 0
    outer loop
      vertex 38.9733 -2.76093 -7
      vertex 38.7862 -3.19334 -12
      vertex 38.7862 -3.19334 -7
    endloop
  endfacet
  facet normal -0.89101 0.453984 0
    outer loop
      vertex 38.5723 -3.61315 -12
      vertex 38.7862 -3.19334 -7
      vertex 38.7862 -3.19334 -12
    endloop
  endfacet
  facet normal -0.89101 0.453984 0
    outer loop
      vertex 38.7862 -3.19334 -7
      vertex 38.5723 -3.61315 -12
      vertex 38.5723 -3.61315 -7
    endloop
  endfacet
  facet normal 0.89101 0.453984 0
    outer loop
      vertex 25.4277 -3.61315 -7
      vertex 25.2138 -3.19334 -12
      vertex 25.2138 -3.19334 -7
    endloop
  endfacet
  facet normal 0.89101 0.453984 0
    outer loop
      vertex 25.2138 -3.19334 -12
      vertex 25.4277 -3.61315 -7
      vertex 25.4277 -3.61315 -12
    endloop
  endfacet
  facet normal 0.940879 0.338742 0
    outer loop
      vertex 25.0267 -2.76093 -7
      vertex 24.8671 -2.31763 -12
      vertex 24.8671 -2.31763 -7
    endloop
  endfacet
  facet normal 0.940879 0.338742 0
    outer loop
      vertex 24.8671 -2.31763 -12
      vertex 25.0267 -2.76093 -7
      vertex 25.0267 -2.76093 -12
    endloop
  endfacet
  facet normal 0.661343 0.750084 -0
    outer loop
      vertex 27.2193 -5.77885 -12
      vertex 26.8659 -5.46726 -7
      vertex 27.2193 -5.77885 -7
    endloop
  endfacet
  facet normal 0.661343 0.750084 0
    outer loop
      vertex 26.8659 -5.46726 -7
      vertex 27.2193 -5.77885 -12
      vertex 26.8659 -5.46726 -12
    endloop
  endfacet
  facet normal 0.397155 0.917752 -0
    outer loop
      vertex 29.2391 -6.97332 -12
      vertex 28.8067 -6.7862 -7
      vertex 29.2391 -6.97332 -7
    endloop
  endfacet
  facet normal 0.397155 0.917752 0
    outer loop
      vertex 28.8067 -6.7862 -7
      vertex 29.2391 -6.97332 -12
      vertex 28.8067 -6.7862 -12
    endloop
  endfacet
  facet normal 0.6129 0.790161 -0
    outer loop
      vertex 27.5916 -6.06763 -12
      vertex 27.2193 -5.77885 -7
      vertex 27.5916 -6.06763 -7
    endloop
  endfacet
  facet normal 0.6129 0.790161 0
    outer loop
      vertex 27.2193 -5.77885 -7
      vertex 27.5916 -6.06763 -12
      vertex 27.2193 -5.77885 -12
    endloop
  endfacet
  facet normal -0.827015 0.562181 0
    outer loop
      vertex 38.0676 -4.40839 -12
      vertex 38.3325 -4.0187 -7
      vertex 38.3325 -4.0187 -12
    endloop
  endfacet
  facet normal -0.827015 0.562181 0
    outer loop
      vertex 38.3325 -4.0187 -7
      vertex 38.0676 -4.40839 -12
      vertex 38.0676 -4.40839 -7
    endloop
  endfacet
  facet normal 0.094102 0.995563 -0
    outer loop
      vertex 31.5291 -7.4852 -12
      vertex 31.06 -7.44086 -7
      vertex 31.5291 -7.4852 -7
    endloop
  endfacet
  facet normal 0.094102 0.995563 0
    outer loop
      vertex 31.06 -7.44086 -7
      vertex 31.5291 -7.4852 -12
      vertex 31.06 -7.44086 -12
    endloop
  endfacet
endsolid OpenSCAD_Model
