solid OpenSCAD_Model
  facet normal 0.0313906 -0.999507 0
    outer loop
      vertex 0 -25 0
      vertex 1.56976 -24.9507 10
      vertex 0 -25 10
    endloop
  endfacet
  facet normal 0.0313906 -0.999507 0
    outer loop
      vertex 1.56976 -24.9507 10
      vertex 0 -25 0
      vertex 1.56976 -24.9507 0
    endloop
  endfacet
  facet normal -0.82706 -0.562113 0
    outer loop
      vertex -20.2254 -14.6946 0
      vertex -21.1082 -13.3957 10
      vertex -21.1082 -13.3957 0
    endloop
  endfacet
  facet normal -0.82706 -0.562113 0
    outer loop
      vertex -21.1082 -13.3957 10
      vertex -20.2254 -14.6946 0
      vertex -20.2254 -14.6946 10
    endloop
  endfacet
  facet normal -0.790161 0.6129 0
    outer loop
      vertex -20.2254 14.6946 0
      vertex -19.2628 15.9356 10
      vertex -19.2628 15.9356 0
    endloop
  endfacet
  facet normal -0.790161 0.6129 0
    outer loop
      vertex -19.2628 15.9356 10
      vertex -20.2254 14.6946 0
      vertex -20.2254 14.6946 10
    endloop
  endfacet
  facet normal -0.917765 0.397124 0
    outer loop
      vertex -23.2444 9.20311 0
      vertex -22.6207 10.6445 10
      vertex -22.6207 10.6445 0
    endloop
  endfacet
  facet normal -0.917765 0.397124 0
    outer loop
      vertex -22.6207 10.6445 10
      vertex -23.2444 9.20311 0
      vertex -23.2444 9.20311 10
    endloop
  endfacet
  facet normal -0.940881 0.338737 0
    outer loop
      vertex -23.7764 7.72542 0
      vertex -23.2444 9.20311 10
      vertex -23.2444 9.20311 0
    endloop
  endfacet
  facet normal -0.940881 0.338737 0
    outer loop
      vertex -23.2444 9.20311 10
      vertex -23.7764 7.72542 0
      vertex -23.7764 7.72542 10
    endloop
  endfacet
  facet normal -0.338737 -0.940881 0
    outer loop
      vertex -9.20311 -23.2444 0
      vertex -7.72542 -23.7764 10
      vertex -9.20311 -23.2444 10
    endloop
  endfacet
  facet normal -0.338737 -0.940881 -0
    outer loop
      vertex -7.72542 -23.7764 10
      vertex -9.20311 -23.2444 0
      vertex -7.72542 -23.7764 0
    endloop
  endfacet
  facet normal 0.156443 0.987687 -0
    outer loop
      vertex 4.68453 24.5572 0
      vertex 3.13333 24.8029 10
      vertex 4.68453 24.5572 10
    endloop
  endfacet
  facet normal 0.156443 0.987687 0
    outer loop
      vertex 3.13333 24.8029 10
      vertex 4.68453 24.5572 0
      vertex 3.13333 24.8029 0
    endloop
  endfacet
  facet normal -0.661299 0.750122 0
    outer loop
      vertex -15.9356 19.2628 0
      vertex -17.1137 18.2242 10
      vertex -15.9356 19.2628 10
    endloop
  endfacet
  facet normal -0.661299 0.750122 0
    outer loop
      vertex -17.1137 18.2242 10
      vertex -15.9356 19.2628 0
      vertex -17.1137 18.2242 0
    endloop
  endfacet
  facet normal -0.454001 0.891001 0
    outer loop
      vertex -10.6445 22.6207 0
      vertex -12.0438 21.9077 10
      vertex -10.6445 22.6207 10
    endloop
  endfacet
  facet normal -0.454001 0.891001 0
    outer loop
      vertex -12.0438 21.9077 10
      vertex -10.6445 22.6207 0
      vertex -12.0438 21.9077 0
    endloop
  endfacet
  facet normal -0.750122 0.661299 0
    outer loop
      vertex -19.2628 15.9356 0
      vertex -18.2242 17.1137 10
      vertex -18.2242 17.1137 0
    endloop
  endfacet
  facet normal -0.750122 0.661299 0
    outer loop
      vertex -18.2242 17.1137 10
      vertex -19.2628 15.9356 0
      vertex -19.2628 15.9356 10
    endloop
  endfacet
  facet normal -0.279012 0.960288 0
    outer loop
      vertex -6.21725 24.2146 0
      vertex -7.72542 23.7764 10
      vertex -6.21725 24.2146 10
    endloop
  endfacet
  facet normal -0.279012 0.960288 0
    outer loop
      vertex -7.72542 23.7764 10
      vertex -6.21725 24.2146 0
      vertex -7.72542 23.7764 0
    endloop
  endfacet
  facet normal -0.509036 -0.860745 0
    outer loop
      vertex -13.3957 -21.1082 0
      vertex -12.0438 -21.9077 10
      vertex -13.3957 -21.1082 10
    endloop
  endfacet
  facet normal -0.509036 -0.860745 -0
    outer loop
      vertex -12.0438 -21.9077 10
      vertex -13.3957 -21.1082 0
      vertex -12.0438 -21.9077 0
    endloop
  endfacet
  facet normal -0.940881 -0.338737 0
    outer loop
      vertex -23.2444 -9.20311 0
      vertex -23.7764 -7.72542 10
      vertex -23.7764 -7.72542 0
    endloop
  endfacet
  facet normal -0.940881 -0.338737 0
    outer loop
      vertex -23.7764 -7.72542 10
      vertex -23.2444 -9.20311 0
      vertex -23.2444 -9.20311 10
    endloop
  endfacet
  facet normal -0.999507 0.0313906 0
    outer loop
      vertex -25 0 0
      vertex -24.9507 1.56976 10
      vertex -24.9507 1.56976 0
    endloop
  endfacet
  facet normal -0.999507 0.0313906 0
    outer loop
      vertex -24.9507 1.56976 10
      vertex -25 0 0
      vertex -25 0 10
    endloop
  endfacet
  facet normal -0.975917 -0.218141 0
    outer loop
      vertex -24.2146 -6.21725 0
      vertex -24.5572 -4.68453 10
      vertex -24.5572 -4.68453 0
    endloop
  endfacet
  facet normal -0.975917 -0.218141 0
    outer loop
      vertex -24.5572 -4.68453 10
      vertex -24.2146 -6.21725 0
      vertex -24.2146 -6.21725 10
    endloop
  endfacet
  facet normal -0.995562 0.0941078 0
    outer loop
      vertex -24.9507 1.56976 0
      vertex -24.8029 3.13333 10
      vertex -24.8029 3.13333 0
    endloop
  endfacet
  facet normal -0.995562 0.0941078 0
    outer loop
      vertex -24.8029 3.13333 10
      vertex -24.9507 1.56976 0
      vertex -24.9507 1.56976 10
    endloop
  endfacet
  facet normal -0.454001 -0.891001 0
    outer loop
      vertex -12.0438 -21.9077 0
      vertex -10.6445 -22.6207 10
      vertex -12.0438 -21.9077 10
    endloop
  endfacet
  facet normal -0.454001 -0.891001 -0
    outer loop
      vertex -10.6445 -22.6207 10
      vertex -12.0438 -21.9077 0
      vertex -10.6445 -22.6207 0
    endloop
  endfacet
  facet normal -0.509036 0.860745 0
    outer loop
      vertex -12.0438 21.9077 0
      vertex -13.3957 21.1082 10
      vertex -12.0438 21.9077 10
    endloop
  endfacet
  facet normal -0.509036 0.860745 0
    outer loop
      vertex -13.3957 21.1082 10
      vertex -12.0438 21.9077 0
      vertex -13.3957 21.1082 0
    endloop
  endfacet
  facet normal -0.6129 -0.790161 0
    outer loop
      vertex -15.9356 -19.2628 0
      vertex -14.6946 -20.2254 10
      vertex -15.9356 -19.2628 10
    endloop
  endfacet
  facet normal -0.6129 -0.790161 -0
    outer loop
      vertex -14.6946 -20.2254 10
      vertex -15.9356 -19.2628 0
      vertex -14.6946 -20.2254 0
    endloop
  endfacet
  facet normal -0.562113 0.82706 0
    outer loop
      vertex -13.3957 21.1082 0
      vertex -14.6946 20.2254 10
      vertex -13.3957 21.1082 10
    endloop
  endfacet
  facet normal -0.562113 0.82706 0
    outer loop
      vertex -14.6946 20.2254 10
      vertex -13.3957 21.1082 0
      vertex -14.6946 20.2254 0
    endloop
  endfacet
  facet normal 0.156443 -0.987687 0
    outer loop
      vertex 3.13333 -24.8029 0
      vertex 4.68453 -24.5572 10
      vertex 3.13333 -24.8029 10
    endloop
  endfacet
  facet normal 0.156443 -0.987687 0
    outer loop
      vertex 4.68453 -24.5572 10
      vertex 3.13333 -24.8029 0
      vertex 4.68453 -24.5572 0
    endloop
  endfacet
  facet normal -0.82706 0.562113 0
    outer loop
      vertex -21.1082 13.3957 0
      vertex -20.2254 14.6946 10
      vertex -20.2254 14.6946 0
    endloop
  endfacet
  facet normal -0.82706 0.562113 0
    outer loop
      vertex -20.2254 14.6946 10
      vertex -21.1082 13.3957 0
      vertex -21.1082 13.3957 10
    endloop
  endfacet
  facet normal 0.0941078 -0.995562 0
    outer loop
      vertex 1.56976 -24.9507 0
      vertex 3.13333 -24.8029 10
      vertex 1.56976 -24.9507 10
    endloop
  endfacet
  facet normal 0.0941078 -0.995562 0
    outer loop
      vertex 3.13333 -24.8029 10
      vertex 1.56976 -24.9507 0
      vertex 3.13333 -24.8029 0
    endloop
  endfacet
  facet normal -0.397124 0.917765 0
    outer loop
      vertex -9.20311 23.2444 0
      vertex -10.6445 22.6207 10
      vertex -9.20311 23.2444 10
    endloop
  endfacet
  facet normal -0.397124 0.917765 0
    outer loop
      vertex -10.6445 22.6207 10
      vertex -9.20311 23.2444 0
      vertex -10.6445 22.6207 0
    endloop
  endfacet
  facet normal -0.0941078 0.995562 0
    outer loop
      vertex -1.56976 24.9507 0
      vertex -3.13333 24.8029 10
      vertex -1.56976 24.9507 10
    endloop
  endfacet
  facet normal -0.0941078 0.995562 0
    outer loop
      vertex -3.13333 24.8029 10
      vertex -1.56976 24.9507 0
      vertex -3.13333 24.8029 0
    endloop
  endfacet
  facet normal -0.156443 0.987687 0
    outer loop
      vertex -3.13333 24.8029 0
      vertex -4.68453 24.5572 10
      vertex -3.13333 24.8029 10
    endloop
  endfacet
  facet normal -0.156443 0.987687 0
    outer loop
      vertex -4.68453 24.5572 10
      vertex -3.13333 24.8029 0
      vertex -4.68453 24.5572 0
    endloop
  endfacet
  facet normal -0.0313906 -0.999507 0
    outer loop
      vertex -1.56976 -24.9507 0
      vertex 0 -25 10
      vertex -1.56976 -24.9507 10
    endloop
  endfacet
  facet normal -0.0313906 -0.999507 -0
    outer loop
      vertex 0 -25 10
      vertex -1.56976 -24.9507 0
      vertex 0 -25 0
    endloop
  endfacet
  facet normal -0.987687 -0.156443 0
    outer loop
      vertex -24.5572 -4.68453 0
      vertex -24.8029 -3.13333 10
      vertex -24.8029 -3.13333 0
    endloop
  endfacet
  facet normal -0.987687 -0.156443 0
    outer loop
      vertex -24.8029 -3.13333 10
      vertex -24.5572 -4.68453 0
      vertex -24.5572 -4.68453 10
    endloop
  endfacet
  facet normal -0.218141 0.975917 0
    outer loop
      vertex -4.68453 24.5572 0
      vertex -6.21725 24.2146 10
      vertex -4.68453 24.5572 10
    endloop
  endfacet
  facet normal -0.218141 0.975917 0
    outer loop
      vertex -6.21725 24.2146 10
      vertex -4.68453 24.5572 0
      vertex -6.21725 24.2146 0
    endloop
  endfacet
  facet normal -0.750122 -0.661299 0
    outer loop
      vertex -18.2242 -17.1137 0
      vertex -19.2628 -15.9356 10
      vertex -19.2628 -15.9356 0
    endloop
  endfacet
  facet normal -0.750122 -0.661299 0
    outer loop
      vertex -19.2628 -15.9356 10
      vertex -18.2242 -17.1137 0
      vertex -18.2242 -17.1137 10
    endloop
  endfacet
  facet normal -0.790161 -0.6129 0
    outer loop
      vertex -19.2628 -15.9356 0
      vertex -20.2254 -14.6946 10
      vertex -20.2254 -14.6946 0
    endloop
  endfacet
  facet normal -0.790161 -0.6129 0
    outer loop
      vertex -20.2254 -14.6946 10
      vertex -19.2628 -15.9356 0
      vertex -19.2628 -15.9356 10
    endloop
  endfacet
  facet normal -0.707107 -0.707107 0
    outer loop
      vertex -17.1137 -18.2242 0
      vertex -18.2242 -17.1137 10
      vertex -18.2242 -17.1137 0
    endloop
  endfacet
  facet normal -0.707107 -0.707107 0
    outer loop
      vertex -18.2242 -17.1137 10
      vertex -17.1137 -18.2242 0
      vertex -17.1137 -18.2242 10
    endloop
  endfacet
  facet normal -0.6129 0.790161 0
    outer loop
      vertex -14.6946 20.2254 0
      vertex -15.9356 19.2628 10
      vertex -14.6946 20.2254 10
    endloop
  endfacet
  facet normal -0.6129 0.790161 0
    outer loop
      vertex -15.9356 19.2628 10
      vertex -14.6946 20.2254 0
      vertex -15.9356 19.2628 0
    endloop
  endfacet
  facet normal -0.218141 -0.975917 0
    outer loop
      vertex -6.21725 -24.2146 0
      vertex -4.68453 -24.5572 10
      vertex -6.21725 -24.2146 10
    endloop
  endfacet
  facet normal -0.218141 -0.975917 -0
    outer loop
      vertex -4.68453 -24.5572 10
      vertex -6.21725 -24.2146 0
      vertex -4.68453 -24.5572 0
    endloop
  endfacet
  facet normal 0.0941078 0.995562 -0
    outer loop
      vertex 3.13333 24.8029 0
      vertex 1.56976 24.9507 10
      vertex 3.13333 24.8029 10
    endloop
  endfacet
  facet normal 0.0941078 0.995562 0
    outer loop
      vertex 1.56976 24.9507 10
      vertex 3.13333 24.8029 0
      vertex 1.56976 24.9507 0
    endloop
  endfacet
  facet normal 0 0 1
    outer loop
      vertex 70.5 0 10
      vertex 77 0 10
      vertex 76.9763 0.753486 10
    endloop
  endfacet
  facet normal 0 0 1
    outer loop
      vertex 70.4891 0.345347 10
      vertex 76.9763 0.753486 10
      vertex 76.9054 1.504 10
    endloop
  endfacet
  facet normal 0 0 1
    outer loop
      vertex 77 0 10
      vertex 70.5 0 10
      vertex 76.9763 -0.753486 10
    endloop
  endfacet
  facet normal 0 0 1
    outer loop
      vertex 70.4566 0.689332 10
      vertex 76.9054 1.504 10
      vertex 76.7874 2.24858 10
    endloop
  endfacet
  facet normal -0 0 1
    outer loop
      vertex 70.4891 -0.345347 10
      vertex 76.9763 -0.753486 10
      vertex 70.5 0 10
    endloop
  endfacet
  facet normal 0 0 1
    outer loop
      vertex 70.4026 1.0306 10
      vertex 76.7874 2.24858 10
      vertex 76.623 2.98428 10
    endloop
  endfacet
  facet normal 0 0 1
    outer loop
      vertex 76.9763 -0.753486 10
      vertex 70.4891 -0.345347 10
      vertex 76.9054 -1.504 10
    endloop
  endfacet
  facet normal 0 0 1
    outer loop
      vertex 70.3272 1.36779 10
      vertex 76.623 2.98428 10
      vertex 76.4127 3.7082 10
    endloop
  endfacet
  facet normal -0 0 1
    outer loop
      vertex 70.4566 -0.689332 10
      vertex 76.9054 -1.504 10
      vertex 70.4891 -0.345347 10
    endloop
  endfacet
  facet normal 0 0 1
    outer loop
      vertex 70.2308 1.69959 10
      vertex 76.4127 3.7082 10
      vertex 76.1573 4.41749 10
    endloop
  endfacet
  facet normal 0 0 1
    outer loop
      vertex 76.9054 -1.504 10
      vertex 70.4566 -0.689332 10
      vertex 76.7874 -2.24858 10
    endloop
  endfacet
  facet normal 0 0 1
    outer loop
      vertex 70.1138 2.02468 10
      vertex 76.1573 4.41749 10
      vertex 75.8579 5.10935 10
    endloop
  endfacet
  facet normal -0 0 1
    outer loop
      vertex 70.4026 -1.0306 10
      vertex 76.7874 -2.24858 10
      vertex 70.4566 -0.689332 10
    endloop
  endfacet
  facet normal 0 0 1
    outer loop
      vertex 69.9765 2.34179 10
      vertex 75.8579 5.10935 10
      vertex 75.5157 5.78104 10
    endloop
  endfacet
  facet normal 0 0 1
    outer loop
      vertex 76.7874 -2.24858 10
      vertex 70.4026 -1.0306 10
      vertex 76.623 -2.98428 10
    endloop
  endfacet
  facet normal 0 0 1
    outer loop
      vertex 69.8197 2.64964 10
      vertex 75.5157 5.78104 10
      vertex 75.1319 6.42992 10
    endloop
  endfacet
  facet normal -0 0 1
    outer loop
      vertex 70.3272 -1.36779 10
      vertex 76.623 -2.98428 10
      vertex 70.4026 -1.0306 10
    endloop
  endfacet
  facet normal 0 0 1
    outer loop
      vertex 69.6438 2.94705 10
      vertex 75.1319 6.42992 10
      vertex 74.7082 7.05342 10
    endloop
  endfacet
  facet normal 0 0 1
    outer loop
      vertex 76.623 -2.98428 10
      vertex 70.3272 -1.36779 10
      vertex 76.4127 -3.7082 10
    endloop
  endfacet
  facet normal 0 0 1
    outer loop
      vertex 69.4496 3.23282 10
      vertex 74.7082 7.05342 10
      vertex 74.2462 7.64909 10
    endloop
  endfacet
  facet normal -0 0 1
    outer loop
      vertex 70.2308 -1.69959 10
      vertex 76.4127 -3.7082 10
      vertex 70.3272 -1.36779 10
    endloop
  endfacet
  facet normal 0 0 1
    outer loop
      vertex 69.2378 3.50583 10
      vertex 74.2462 7.64909 10
      vertex 73.7476 8.21456 10
    endloop
  endfacet
  facet normal 0 0 1
    outer loop
      vertex 76.4127 -3.7082 10
      vertex 70.2308 -1.69959 10
      vertex 76.1573 -4.41749 10
    endloop
  endfacet
  facet normal 0 0 1
    outer loop
      vertex 69.0093 3.76501 10
      vertex 73.7476 8.21456 10
      vertex 73.2146 8.74762 10
    endloop
  endfacet
  facet normal -0 0 1
    outer loop
      vertex 70.1138 -2.02468 10
      vertex 76.1573 -4.41749 10
      vertex 70.2308 -1.69959 10
    endloop
  endfacet
  facet normal 0 0 1
    outer loop
      vertex 68.765 4.00933 10
      vertex 73.2146 8.74762 10
      vertex 72.6491 9.24616 10
    endloop
  endfacet
  facet normal 0 0 1
    outer loop
      vertex 76.1573 -4.41749 10
      vertex 70.1138 -2.02468 10
      vertex 75.8579 -5.10935 10
    endloop
  endfacet
  facet normal 0 0 1
    outer loop
      vertex 68.5058 4.23782 10
      vertex 72.6491 9.24616 10
      vertex 72.0534 9.7082 10
    endloop
  endfacet
  facet normal -0 0 1
    outer loop
      vertex 69.9765 -2.34179 10
      vertex 75.8579 -5.10935 10
      vertex 70.1138 -2.02468 10
    endloop
  endfacet
  facet normal 0 0 1
    outer loop
      vertex 68.2328 4.44959 10
      vertex 72.0534 9.7082 10
      vertex 71.4299 10.1319 10
    endloop
  endfacet
  facet normal 0 0 1
    outer loop
      vertex 75.8579 -5.10935 10
      vertex 69.9765 -2.34179 10
      vertex 75.5157 -5.78104 10
    endloop
  endfacet
  facet normal 0 0 1
    outer loop
      vertex 67.947 4.6438 10
      vertex 71.4299 10.1319 10
      vertex 70.781 10.5157 10
    endloop
  endfacet
  facet normal -0 0 1
    outer loop
      vertex 69.8197 -2.64964 10
      vertex 75.5157 -5.78104 10
      vertex 69.9765 -2.34179 10
    endloop
  endfacet
  facet normal 0 0 1
    outer loop
      vertex 75.5157 -5.78104 10
      vertex 69.8197 -2.64964 10
      vertex 75.1319 -6.42992 10
    endloop
  endfacet
  facet normal 0 0 1
    outer loop
      vertex 76.9763 0.753486 10
      vertex 70.4891 0.345347 10
      vertex 70.5 0 10
    endloop
  endfacet
  facet normal 0 0 1
    outer loop
      vertex 76.9054 1.504 10
      vertex 70.4566 0.689332 10
      vertex 70.4891 0.345347 10
    endloop
  endfacet
  facet normal 0 0 1
    outer loop
      vertex 76.7874 2.24858 10
      vertex 70.4026 1.0306 10
      vertex 70.4566 0.689332 10
    endloop
  endfacet
  facet normal 0 0 1
    outer loop
      vertex 76.623 2.98428 10
      vertex 70.3272 1.36779 10
      vertex 70.4026 1.0306 10
    endloop
  endfacet
  facet normal 0 0 1
    outer loop
      vertex 76.4127 3.7082 10
      vertex 70.2308 1.69959 10
      vertex 70.3272 1.36779 10
    endloop
  endfacet
  facet normal 0 0 1
    outer loop
      vertex 76.1573 4.41749 10
      vertex 70.1138 2.02468 10
      vertex 70.2308 1.69959 10
    endloop
  endfacet
  facet normal 0 0 1
    outer loop
      vertex 67.6496 4.81969 10
      vertex 70.781 10.5157 10
      vertex 70.1094 10.8579 10
    endloop
  endfacet
  facet normal 0 0 1
    outer loop
      vertex 75.8579 5.10935 10
      vertex 69.9765 2.34179 10
      vertex 70.1138 2.02468 10
    endloop
  endfacet
  facet normal 0 0 1
    outer loop
      vertex 75.5157 5.78104 10
      vertex 69.8197 2.64964 10
      vertex 69.9765 2.34179 10
    endloop
  endfacet
  facet normal 0 0 1
    outer loop
      vertex 75.1319 6.42992 10
      vertex 69.6438 2.94705 10
      vertex 69.8197 2.64964 10
    endloop
  endfacet
  facet normal 0 0 1
    outer loop
      vertex 74.7082 7.05342 10
      vertex 69.4496 3.23282 10
      vertex 69.6438 2.94705 10
    endloop
  endfacet
  facet normal 0 0 1
    outer loop
      vertex 67.3418 4.97655 10
      vertex 70.1094 10.8579 10
      vertex 69.4175 11.1573 10
    endloop
  endfacet
  facet normal 0 0 1
    outer loop
      vertex 74.2462 7.64909 10
      vertex 69.2378 3.50583 10
      vertex 69.4496 3.23282 10
    endloop
  endfacet
  facet normal 0 0 1
    outer loop
      vertex 73.7476 8.21456 10
      vertex 69.0093 3.76501 10
      vertex 69.2378 3.50583 10
    endloop
  endfacet
  facet normal 0 0 1
    outer loop
      vertex 73.2146 8.74762 10
      vertex 68.765 4.00933 10
      vertex 69.0093 3.76501 10
    endloop
  endfacet
  facet normal 0 0 1
    outer loop
      vertex 67.0247 5.11377 10
      vertex 69.4175 11.1573 10
      vertex 68.7082 11.4127 10
    endloop
  endfacet
  facet normal 0 0 1
    outer loop
      vertex 72.6491 9.24616 10
      vertex 68.5058 4.23782 10
      vertex 68.765 4.00933 10
    endloop
  endfacet
  facet normal 0 0 1
    outer loop
      vertex 72.0534 9.7082 10
      vertex 68.2328 4.44959 10
      vertex 68.5058 4.23782 10
    endloop
  endfacet
  facet normal 0 0 1
    outer loop
      vertex 66.6996 5.23081 10
      vertex 68.7082 11.4127 10
      vertex 67.9843 11.623 10
    endloop
  endfacet
  facet normal 0 0 1
    outer loop
      vertex 71.4299 10.1319 10
      vertex 67.947 4.6438 10
      vertex 68.2328 4.44959 10
    endloop
  endfacet
  facet normal 0 0 1
    outer loop
      vertex 70.781 10.5157 10
      vertex 67.6496 4.81969 10
      vertex 67.947 4.6438 10
    endloop
  endfacet
  facet normal 0 0 1
    outer loop
      vertex 70.1094 10.8579 10
      vertex 67.3418 4.97655 10
      vertex 67.6496 4.81969 10
    endloop
  endfacet
  facet normal 0 0 1
    outer loop
      vertex 66.3678 5.32721 10
      vertex 67.9843 11.623 10
      vertex 67.2486 11.7874 10
    endloop
  endfacet
  facet normal 0 0 1
    outer loop
      vertex 69.4175 11.1573 10
      vertex 67.0247 5.11377 10
      vertex 67.3418 4.97655 10
    endloop
  endfacet
  facet normal 0 0 1
    outer loop
      vertex 68.7082 11.4127 10
      vertex 66.6996 5.23081 10
      vertex 67.0247 5.11377 10
    endloop
  endfacet
  facet normal 0 0 1
    outer loop
      vertex 67.9843 11.623 10
      vertex 66.3678 5.32721 10
      vertex 66.6996 5.23081 10
    endloop
  endfacet
  facet normal 0 0 1
    outer loop
      vertex 67.2486 11.7874 10
      vertex 66.0306 5.40258 10
      vertex 66.3678 5.32721 10
    endloop
  endfacet
  facet normal 0 0 1
    outer loop
      vertex 67.2486 11.7874 10
      vertex 65.6893 5.45663 10
      vertex 66.0306 5.40258 10
    endloop
  endfacet
  facet normal 0 0 1
    outer loop
      vertex 67.2486 11.7874 10
      vertex 65.3453 5.48915 10
      vertex 65.6893 5.45663 10
    endloop
  endfacet
  facet normal 0 0 1
    outer loop
      vertex 67.2486 11.7874 10
      vertex 65 5.5 10
      vertex 65.3453 5.48915 10
    endloop
  endfacet
  facet normal 0 0 1
    outer loop
      vertex 67.2486 11.7874 10
      vertex 64.6546 5.48915 10
      vertex 65 5.5 10
    endloop
  endfacet
  facet normal 0 0 1
    outer loop
      vertex 67.2486 11.7874 10
      vertex 64.3107 5.45663 10
      vertex 64.6546 5.48915 10
    endloop
  endfacet
  facet normal 0 0 1
    outer loop
      vertex 67.2486 11.7874 10
      vertex 63.9694 5.40258 10
      vertex 64.3107 5.45663 10
    endloop
  endfacet
  facet normal 0 0 1
    outer loop
      vertex 67.2486 11.7874 10
      vertex 63.6322 5.32721 10
      vertex 63.9694 5.40258 10
    endloop
  endfacet
  facet normal 0 0 1
    outer loop
      vertex 67.2486 11.7874 10
      vertex 63.3004 5.23081 10
      vertex 63.6322 5.32721 10
    endloop
  endfacet
  facet normal 0 0 1
    outer loop
      vertex 67.2486 11.7874 10
      vertex 62.9753 5.11377 10
      vertex 63.3004 5.23081 10
    endloop
  endfacet
  facet normal 0 0 1
    outer loop
      vertex 67.2486 11.7874 10
      vertex 62.6582 4.97655 10
      vertex 62.9753 5.11377 10
    endloop
  endfacet
  facet normal 0 0 1
    outer loop
      vertex 67.2486 11.7874 10
      vertex 62.3504 4.81969 10
      vertex 62.6582 4.97655 10
    endloop
  endfacet
  facet normal 0 0 1
    outer loop
      vertex 67.2486 11.7874 10
      vertex 62.053 4.6438 10
      vertex 62.3504 4.81969 10
    endloop
  endfacet
  facet normal 0 0 1
    outer loop
      vertex 67.2486 11.7874 10
      vertex 61.7672 4.44959 10
      vertex 62.053 4.6438 10
    endloop
  endfacet
  facet normal 0 0 1
    outer loop
      vertex 54 1.5 10
      vertex 61.7672 4.44959 10
      vertex 67.2486 11.7874 10
    endloop
  endfacet
  facet normal 0 0 1
    outer loop
      vertex 61.7672 4.44959 10
      vertex 54 1.5 10
      vertex 61.4942 4.23782 10
    endloop
  endfacet
  facet normal 0 0 1
    outer loop
      vertex 61.4942 4.23782 10
      vertex 54 1.5 10
      vertex 61.235 4.00933 10
    endloop
  endfacet
  facet normal 0 0 1
    outer loop
      vertex 61.235 4.00933 10
      vertex 54 1.5 10
      vertex 60.9907 3.76501 10
    endloop
  endfacet
  facet normal 0 0 1
    outer loop
      vertex 59.5109 0.345347 10
      vertex 54 1.5 10
      vertex 59.5 0 10
    endloop
  endfacet
  facet normal 0 0 1
    outer loop
      vertex 59.5434 0.689332 10
      vertex 54 1.5 10
      vertex 59.5109 0.345347 10
    endloop
  endfacet
  facet normal 0 0 1
    outer loop
      vertex 59.5974 1.0306 10
      vertex 54 1.5 10
      vertex 59.5434 0.689332 10
    endloop
  endfacet
  facet normal 0 0 1
    outer loop
      vertex 59.6728 1.36779 10
      vertex 54 1.5 10
      vertex 59.5974 1.0306 10
    endloop
  endfacet
  facet normal 0 0 1
    outer loop
      vertex 59.7692 1.69959 10
      vertex 54 1.5 10
      vertex 59.6728 1.36779 10
    endloop
  endfacet
  facet normal 0 0 1
    outer loop
      vertex 59.8862 2.02468 10
      vertex 54 1.5 10
      vertex 59.7692 1.69959 10
    endloop
  endfacet
  facet normal 0 0 1
    outer loop
      vertex 60.0235 2.34179 10
      vertex 54 1.5 10
      vertex 59.8862 2.02468 10
    endloop
  endfacet
  facet normal 0 0 1
    outer loop
      vertex 60.1803 2.64964 10
      vertex 54 1.5 10
      vertex 60.0235 2.34179 10
    endloop
  endfacet
  facet normal 0 0 1
    outer loop
      vertex 60.3562 2.94705 10
      vertex 54 1.5 10
      vertex 60.1803 2.64964 10
    endloop
  endfacet
  facet normal 0 0 1
    outer loop
      vertex 60.5504 3.23282 10
      vertex 54 1.5 10
      vertex 60.3562 2.94705 10
    endloop
  endfacet
  facet normal 0 0 1
    outer loop
      vertex 60.7622 3.50583 10
      vertex 54 1.5 10
      vertex 60.5504 3.23282 10
    endloop
  endfacet
  facet normal 0 0 1
    outer loop
      vertex 60.9907 3.76501 10
      vertex 54 1.5 10
      vertex 60.7622 3.50583 10
    endloop
  endfacet
  facet normal 0 0 1
    outer loop
      vertex 4.68453 24.5572 10
      vertex 54 1.5 10
      vertex 67.2486 11.7874 10
    endloop
  endfacet
  facet normal 0 0 1
    outer loop
      vertex 54 1.5 10
      vertex 15.8738 2.00533 10
      vertex 15.9216 1.5 10
    endloop
  endfacet
  facet normal 0 0 1
    outer loop
      vertex 54 1.5 10
      vertex 15.7166 2.9981 10
      vertex 15.8738 2.00533 10
    endloop
  endfacet
  facet normal 0 0 1
    outer loop
      vertex 54 1.5 10
      vertex 15.4973 3.97904 10
      vertex 15.7166 2.9981 10
    endloop
  endfacet
  facet normal 0 0 1
    outer loop
      vertex 54 1.5 10
      vertex 15.2169 4.94427 10
      vertex 15.4973 3.97904 10
    endloop
  endfacet
  facet normal 0 0 1
    outer loop
      vertex 54 1.5 10
      vertex 14.8764 5.88999 10
      vertex 15.2169 4.94427 10
    endloop
  endfacet
  facet normal 0 0 1
    outer loop
      vertex 54 1.5 10
      vertex 14.4772 6.81247 10
      vertex 14.8764 5.88999 10
    endloop
  endfacet
  facet normal 0 0 1
    outer loop
      vertex 54 1.5 10
      vertex 14.0209 7.70806 10
      vertex 14.4772 6.81247 10
    endloop
  endfacet
  facet normal 0 0 1
    outer loop
      vertex 54 1.5 10
      vertex 13.5092 8.57323 10
      vertex 14.0209 7.70806 10
    endloop
  endfacet
  facet normal 0 0 1
    outer loop
      vertex 54 1.5 10
      vertex 12.9443 9.40456 10
      vertex 13.5092 8.57323 10
    endloop
  endfacet
  facet normal 0 0 1
    outer loop
      vertex 54 1.5 10
      vertex 12.3282 10.1988 10
      vertex 12.9443 9.40456 10
    endloop
  endfacet
  facet normal 0 0 1
    outer loop
      vertex 54 1.5 10
      vertex 4.68453 24.5572 10
      vertex 12.3282 10.1988 10
    endloop
  endfacet
  facet normal 0 0 1
    outer loop
      vertex 12.3282 10.1988 10
      vertex 4.68453 24.5572 10
      vertex 11.6635 10.9528 10
    endloop
  endfacet
  facet normal 0 0 1
    outer loop
      vertex 11.6635 10.9528 10
      vertex 4.68453 24.5572 10
      vertex 10.9528 11.6635 10
    endloop
  endfacet
  facet normal 0 0 1
    outer loop
      vertex 10.9528 11.6635 10
      vertex 4.68453 24.5572 10
      vertex 10.1988 12.3282 10
    endloop
  endfacet
  facet normal 0 0 1
    outer loop
      vertex 10.1988 12.3282 10
      vertex 4.68453 24.5572 10
      vertex 9.40456 12.9443 10
    endloop
  endfacet
  facet normal 0 0 1
    outer loop
      vertex 9.40456 12.9443 10
      vertex 4.68453 24.5572 10
      vertex 8.57323 13.5092 10
    endloop
  endfacet
  facet normal 0 0 1
    outer loop
      vertex 8.57323 13.5092 10
      vertex 4.68453 24.5572 10
      vertex 7.70806 14.0209 10
    endloop
  endfacet
  facet normal 0 0 1
    outer loop
      vertex 7.70806 14.0209 10
      vertex 4.68453 24.5572 10
      vertex 6.81247 14.4772 10
    endloop
  endfacet
  facet normal 0 0 1
    outer loop
      vertex 6.81247 14.4772 10
      vertex 4.68453 24.5572 10
      vertex 5.88999 14.8764 10
    endloop
  endfacet
  facet normal 0 0 1
    outer loop
      vertex 5.88999 14.8764 10
      vertex 4.68453 24.5572 10
      vertex 4.94427 15.2169 10
    endloop
  endfacet
  facet normal 0 0 1
    outer loop
      vertex 4.68453 24.5572 10
      vertex 3.97904 15.4973 10
      vertex 4.94427 15.2169 10
    endloop
  endfacet
  facet normal 0 0 1
    outer loop
      vertex 2.9981 15.7166 10
      vertex 4.68453 24.5572 10
      vertex 3.13333 24.8029 10
    endloop
  endfacet
  facet normal 0 0 1
    outer loop
      vertex 4.68453 24.5572 10
      vertex 2.9981 15.7166 10
      vertex 3.97904 15.4973 10
    endloop
  endfacet
  facet normal 0 0 1
    outer loop
      vertex 3.13333 24.8029 10
      vertex 2.00533 15.8738 10
      vertex 2.9981 15.7166 10
    endloop
  endfacet
  facet normal 0 0 1
    outer loop
      vertex 1.56976 24.9507 10
      vertex 2.00533 15.8738 10
      vertex 3.13333 24.8029 10
    endloop
  endfacet
  facet normal 0 0 1
    outer loop
      vertex 1.56976 24.9507 10
      vertex 1.00465 15.9684 10
      vertex 2.00533 15.8738 10
    endloop
  endfacet
  facet normal 0 0 1
    outer loop
      vertex 0 25 10
      vertex 1.00465 15.9684 10
      vertex 1.56976 24.9507 10
    endloop
  endfacet
  facet normal 0 0 1
    outer loop
      vertex 0 25 10
      vertex 0 16 10
      vertex 1.00465 15.9684 10
    endloop
  endfacet
  facet normal 0 0 1
    outer loop
      vertex 0 25 10
      vertex -1.00465 15.9684 10
      vertex 0 16 10
    endloop
  endfacet
  facet normal -0 0 1
    outer loop
      vertex -1.56976 24.9507 10
      vertex -1.00465 15.9684 10
      vertex 0 25 10
    endloop
  endfacet
  facet normal 0 0 1
    outer loop
      vertex -1.56976 24.9507 10
      vertex -2.00533 15.8738 10
      vertex -1.00465 15.9684 10
    endloop
  endfacet
  facet normal -0 0 1
    outer loop
      vertex -3.13333 24.8029 10
      vertex -2.00533 15.8738 10
      vertex -1.56976 24.9507 10
    endloop
  endfacet
  facet normal 0 0 1
    outer loop
      vertex -2.00533 15.8738 10
      vertex -3.13333 24.8029 10
      vertex -2.9981 15.7166 10
    endloop
  endfacet
  facet normal -0 0 1
    outer loop
      vertex -4.68453 24.5572 10
      vertex -2.9981 15.7166 10
      vertex -3.13333 24.8029 10
    endloop
  endfacet
  facet normal 0 0 1
    outer loop
      vertex -2.9981 15.7166 10
      vertex -4.68453 24.5572 10
      vertex -3.97904 15.4973 10
    endloop
  endfacet
  facet normal -0 0 1
    outer loop
      vertex -6.21725 24.2146 10
      vertex -3.97904 15.4973 10
      vertex -4.68453 24.5572 10
    endloop
  endfacet
  facet normal 0 0 1
    outer loop
      vertex -3.97904 15.4973 10
      vertex -6.21725 24.2146 10
      vertex -4.94427 15.2169 10
    endloop
  endfacet
  facet normal -0 0 1
    outer loop
      vertex -7.72542 23.7764 10
      vertex -4.94427 15.2169 10
      vertex -6.21725 24.2146 10
    endloop
  endfacet
  facet normal 0 0 1
    outer loop
      vertex -4.94427 15.2169 10
      vertex -7.72542 23.7764 10
      vertex -5.88999 14.8764 10
    endloop
  endfacet
  facet normal -0 0 1
    outer loop
      vertex -9.20311 23.2444 10
      vertex -5.88999 14.8764 10
      vertex -7.72542 23.7764 10
    endloop
  endfacet
  facet normal 0 0 1
    outer loop
      vertex -5.88999 14.8764 10
      vertex -9.20311 23.2444 10
      vertex -6.81247 14.4772 10
    endloop
  endfacet
  facet normal -0 0 1
    outer loop
      vertex -10.6445 22.6207 10
      vertex -6.81247 14.4772 10
      vertex -9.20311 23.2444 10
    endloop
  endfacet
  facet normal 0 0 1
    outer loop
      vertex -6.81247 14.4772 10
      vertex -10.6445 22.6207 10
      vertex -7.70806 14.0209 10
    endloop
  endfacet
  facet normal -0 0 1
    outer loop
      vertex -12.0438 21.9077 10
      vertex -7.70806 14.0209 10
      vertex -10.6445 22.6207 10
    endloop
  endfacet
  facet normal 0 0 1
    outer loop
      vertex -7.70806 14.0209 10
      vertex -12.0438 21.9077 10
      vertex -8.57323 13.5092 10
    endloop
  endfacet
  facet normal -0 0 1
    outer loop
      vertex -13.3957 21.1082 10
      vertex -8.57323 13.5092 10
      vertex -12.0438 21.9077 10
    endloop
  endfacet
  facet normal 0 0 1
    outer loop
      vertex -8.57323 13.5092 10
      vertex -13.3957 21.1082 10
      vertex -9.40456 12.9443 10
    endloop
  endfacet
  facet normal -0 0 1
    outer loop
      vertex -14.6946 20.2254 10
      vertex -9.40456 12.9443 10
      vertex -13.3957 21.1082 10
    endloop
  endfacet
  facet normal 0 0 1
    outer loop
      vertex -9.40456 12.9443 10
      vertex -14.6946 20.2254 10
      vertex -10.1988 12.3282 10
    endloop
  endfacet
  facet normal -0 0 1
    outer loop
      vertex -15.9356 19.2628 10
      vertex -10.1988 12.3282 10
      vertex -14.6946 20.2254 10
    endloop
  endfacet
  facet normal 0 0 1
    outer loop
      vertex -10.1988 12.3282 10
      vertex -15.9356 19.2628 10
      vertex -10.9528 11.6635 10
    endloop
  endfacet
  facet normal -0 0 1
    outer loop
      vertex -17.1137 18.2242 10
      vertex -10.9528 11.6635 10
      vertex -15.9356 19.2628 10
    endloop
  endfacet
  facet normal 0 0 1
    outer loop
      vertex -10.9528 11.6635 10
      vertex -17.1137 18.2242 10
      vertex -11.6635 10.9528 10
    endloop
  endfacet
  facet normal -0 0 1
    outer loop
      vertex -18.2242 17.1137 10
      vertex -11.6635 10.9528 10
      vertex -17.1137 18.2242 10
    endloop
  endfacet
  facet normal 0 0 1
    outer loop
      vertex -11.6635 10.9528 10
      vertex -18.2242 17.1137 10
      vertex -12.3282 10.1988 10
    endloop
  endfacet
  facet normal -0 0 1
    outer loop
      vertex -19.2628 15.9356 10
      vertex -12.3282 10.1988 10
      vertex -18.2242 17.1137 10
    endloop
  endfacet
  facet normal 0 0 1
    outer loop
      vertex -12.3282 10.1988 10
      vertex -19.2628 15.9356 10
      vertex -12.9443 9.40456 10
    endloop
  endfacet
  facet normal -0 0 1
    outer loop
      vertex -20.2254 14.6946 10
      vertex -12.9443 9.40456 10
      vertex -19.2628 15.9356 10
    endloop
  endfacet
  facet normal 0 0 1
    outer loop
      vertex -12.9443 9.40456 10
      vertex -20.2254 14.6946 10
      vertex -13.5092 8.57323 10
    endloop
  endfacet
  facet normal -0 0 1
    outer loop
      vertex -21.1082 13.3957 10
      vertex -13.5092 8.57323 10
      vertex -20.2254 14.6946 10
    endloop
  endfacet
  facet normal 0 0 1
    outer loop
      vertex -13.5092 8.57323 10
      vertex -21.1082 13.3957 10
      vertex -14.0209 7.70806 10
    endloop
  endfacet
  facet normal -0 0 1
    outer loop
      vertex -21.9077 12.0438 10
      vertex -14.0209 7.70806 10
      vertex -21.1082 13.3957 10
    endloop
  endfacet
  facet normal 0 0 1
    outer loop
      vertex -14.0209 7.70806 10
      vertex -21.9077 12.0438 10
      vertex -14.4772 6.81247 10
    endloop
  endfacet
  facet normal -0 0 1
    outer loop
      vertex -22.6207 10.6445 10
      vertex -14.4772 6.81247 10
      vertex -21.9077 12.0438 10
    endloop
  endfacet
  facet normal 0 0 1
    outer loop
      vertex -14.4772 6.81247 10
      vertex -22.6207 10.6445 10
      vertex -14.8764 5.88999 10
    endloop
  endfacet
  facet normal -0 0 1
    outer loop
      vertex 69.6438 -2.94705 10
      vertex 75.1319 -6.42992 10
      vertex 69.8197 -2.64964 10
    endloop
  endfacet
  facet normal 0 0 1
    outer loop
      vertex 75.1319 -6.42992 10
      vertex 69.6438 -2.94705 10
      vertex 74.7082 -7.05342 10
    endloop
  endfacet
  facet normal -0 0 1
    outer loop
      vertex 69.4496 -3.23282 10
      vertex 74.7082 -7.05342 10
      vertex 69.6438 -2.94705 10
    endloop
  endfacet
  facet normal 0 0 1
    outer loop
      vertex 74.7082 -7.05342 10
      vertex 69.4496 -3.23282 10
      vertex 74.2462 -7.64909 10
    endloop
  endfacet
  facet normal -0 0 1
    outer loop
      vertex 69.2378 -3.50583 10
      vertex 74.2462 -7.64909 10
      vertex 69.4496 -3.23282 10
    endloop
  endfacet
  facet normal 0 0 1
    outer loop
      vertex 74.2462 -7.64909 10
      vertex 69.2378 -3.50583 10
      vertex 73.7476 -8.21456 10
    endloop
  endfacet
  facet normal -0 0 1
    outer loop
      vertex 69.0093 -3.76501 10
      vertex 73.7476 -8.21456 10
      vertex 69.2378 -3.50583 10
    endloop
  endfacet
  facet normal 0 0 1
    outer loop
      vertex 73.7476 -8.21456 10
      vertex 69.0093 -3.76501 10
      vertex 73.2146 -8.74762 10
    endloop
  endfacet
  facet normal -0 0 1
    outer loop
      vertex 68.765 -4.00933 10
      vertex 73.2146 -8.74762 10
      vertex 69.0093 -3.76501 10
    endloop
  endfacet
  facet normal 0 0 1
    outer loop
      vertex 73.2146 -8.74762 10
      vertex 68.765 -4.00933 10
      vertex 72.6491 -9.24616 10
    endloop
  endfacet
  facet normal -0 0 1
    outer loop
      vertex 68.5058 -4.23782 10
      vertex 72.6491 -9.24616 10
      vertex 68.765 -4.00933 10
    endloop
  endfacet
  facet normal 0 0 1
    outer loop
      vertex 72.6491 -9.24616 10
      vertex 68.5058 -4.23782 10
      vertex 72.0534 -9.7082 10
    endloop
  endfacet
  facet normal -0 0 1
    outer loop
      vertex 68.2328 -4.44959 10
      vertex 72.0534 -9.7082 10
      vertex 68.5058 -4.23782 10
    endloop
  endfacet
  facet normal 0 0 1
    outer loop
      vertex 72.0534 -9.7082 10
      vertex 68.2328 -4.44959 10
      vertex 71.4299 -10.1319 10
    endloop
  endfacet
  facet normal -0 0 1
    outer loop
      vertex 67.947 -4.6438 10
      vertex 71.4299 -10.1319 10
      vertex 68.2328 -4.44959 10
    endloop
  endfacet
  facet normal 0 0 1
    outer loop
      vertex 71.4299 -10.1319 10
      vertex 67.947 -4.6438 10
      vertex 70.781 -10.5157 10
    endloop
  endfacet
  facet normal -0 0 1
    outer loop
      vertex 67.6496 -4.81969 10
      vertex 70.781 -10.5157 10
      vertex 67.947 -4.6438 10
    endloop
  endfacet
  facet normal 0 0 1
    outer loop
      vertex 70.781 -10.5157 10
      vertex 67.6496 -4.81969 10
      vertex 70.1094 -10.8579 10
    endloop
  endfacet
  facet normal -0 0 1
    outer loop
      vertex 67.3418 -4.97655 10
      vertex 70.1094 -10.8579 10
      vertex 67.6496 -4.81969 10
    endloop
  endfacet
  facet normal 0 0 1
    outer loop
      vertex 70.1094 -10.8579 10
      vertex 67.3418 -4.97655 10
      vertex 69.4175 -11.1573 10
    endloop
  endfacet
  facet normal -0 0 1
    outer loop
      vertex 67.0247 -5.11377 10
      vertex 69.4175 -11.1573 10
      vertex 67.3418 -4.97655 10
    endloop
  endfacet
  facet normal 0 0 1
    outer loop
      vertex 69.4175 -11.1573 10
      vertex 67.0247 -5.11377 10
      vertex 68.7082 -11.4127 10
    endloop
  endfacet
  facet normal -0 0 1
    outer loop
      vertex 66.6996 -5.23081 10
      vertex 68.7082 -11.4127 10
      vertex 67.0247 -5.11377 10
    endloop
  endfacet
  facet normal 0 0 1
    outer loop
      vertex 68.7082 -11.4127 10
      vertex 66.6996 -5.23081 10
      vertex 67.9843 -11.623 10
    endloop
  endfacet
  facet normal -0 0 1
    outer loop
      vertex 66.3678 -5.32721 10
      vertex 67.9843 -11.623 10
      vertex 66.6996 -5.23081 10
    endloop
  endfacet
  facet normal 0 0 1
    outer loop
      vertex 67.9843 -11.623 10
      vertex 66.3678 -5.32721 10
      vertex 67.2486 -11.7874 10
    endloop
  endfacet
  facet normal -0 0 1
    outer loop
      vertex 66.0306 -5.40258 10
      vertex 67.2486 -11.7874 10
      vertex 66.3678 -5.32721 10
    endloop
  endfacet
  facet normal -0 0 1
    outer loop
      vertex 65.6893 -5.45663 10
      vertex 67.2486 -11.7874 10
      vertex 66.0306 -5.40258 10
    endloop
  endfacet
  facet normal -0 0 1
    outer loop
      vertex 65.3453 -5.48915 10
      vertex 67.2486 -11.7874 10
      vertex 65.6893 -5.45663 10
    endloop
  endfacet
  facet normal -0 0 1
    outer loop
      vertex 65 -5.5 10
      vertex 67.2486 -11.7874 10
      vertex 65.3453 -5.48915 10
    endloop
  endfacet
  facet normal 0 0 1
    outer loop
      vertex 64.6546 -5.48915 10
      vertex 67.2486 -11.7874 10
      vertex 65 -5.5 10
    endloop
  endfacet
  facet normal 0 0 1
    outer loop
      vertex 64.3107 -5.45663 10
      vertex 67.2486 -11.7874 10
      vertex 64.6546 -5.48915 10
    endloop
  endfacet
  facet normal 0 0 1
    outer loop
      vertex 63.9694 -5.40258 10
      vertex 67.2486 -11.7874 10
      vertex 64.3107 -5.45663 10
    endloop
  endfacet
  facet normal 0 0 1
    outer loop
      vertex 63.6322 -5.32721 10
      vertex 67.2486 -11.7874 10
      vertex 63.9694 -5.40258 10
    endloop
  endfacet
  facet normal 0 0 1
    outer loop
      vertex 63.3004 -5.23081 10
      vertex 67.2486 -11.7874 10
      vertex 63.6322 -5.32721 10
    endloop
  endfacet
  facet normal 0 0 1
    outer loop
      vertex 62.9753 -5.11377 10
      vertex 67.2486 -11.7874 10
      vertex 63.3004 -5.23081 10
    endloop
  endfacet
  facet normal 0 0 1
    outer loop
      vertex 62.6582 -4.97655 10
      vertex 67.2486 -11.7874 10
      vertex 62.9753 -5.11377 10
    endloop
  endfacet
  facet normal 0 0 1
    outer loop
      vertex 62.3504 -4.81969 10
      vertex 67.2486 -11.7874 10
      vertex 62.6582 -4.97655 10
    endloop
  endfacet
  facet normal 0 0 1
    outer loop
      vertex 62.053 -4.6438 10
      vertex 67.2486 -11.7874 10
      vertex 62.3504 -4.81969 10
    endloop
  endfacet
  facet normal 0 0 1
    outer loop
      vertex 61.7672 -4.44959 10
      vertex 67.2486 -11.7874 10
      vertex 62.053 -4.6438 10
    endloop
  endfacet
  facet normal 0 0 1
    outer loop
      vertex 54 -1.5 10
      vertex 61.7672 -4.44959 10
      vertex 61.4942 -4.23782 10
    endloop
  endfacet
  facet normal 0 0 1
    outer loop
      vertex 54 -1.5 10
      vertex 61.4942 -4.23782 10
      vertex 61.235 -4.00933 10
    endloop
  endfacet
  facet normal 0 0 1
    outer loop
      vertex 54 -1.5 10
      vertex 61.235 -4.00933 10
      vertex 60.9907 -3.76501 10
    endloop
  endfacet
  facet normal 0 0 1
    outer loop
      vertex 54 -1.5 10
      vertex 60.9907 -3.76501 10
      vertex 60.7622 -3.50583 10
    endloop
  endfacet
  facet normal 0 0 1
    outer loop
      vertex 54 -1.5 10
      vertex 59.5 0 10
      vertex 54 1.5 10
    endloop
  endfacet
  facet normal 0 0 1
    outer loop
      vertex 59.5 0 10
      vertex 54 -1.5 10
      vertex 59.5109 -0.345347 10
    endloop
  endfacet
  facet normal 0 0 1
    outer loop
      vertex 59.5109 -0.345347 10
      vertex 54 -1.5 10
      vertex 59.5434 -0.689332 10
    endloop
  endfacet
  facet normal 0 0 1
    outer loop
      vertex 59.5434 -0.689332 10
      vertex 54 -1.5 10
      vertex 59.5974 -1.0306 10
    endloop
  endfacet
  facet normal 0 0 1
    outer loop
      vertex 59.5974 -1.0306 10
      vertex 54 -1.5 10
      vertex 59.6728 -1.36779 10
    endloop
  endfacet
  facet normal 0 0 1
    outer loop
      vertex 59.6728 -1.36779 10
      vertex 54 -1.5 10
      vertex 59.7692 -1.69959 10
    endloop
  endfacet
  facet normal 0 0 1
    outer loop
      vertex 59.7692 -1.69959 10
      vertex 54 -1.5 10
      vertex 59.8862 -2.02468 10
    endloop
  endfacet
  facet normal 0 0 1
    outer loop
      vertex 59.8862 -2.02468 10
      vertex 54 -1.5 10
      vertex 60.0235 -2.34179 10
    endloop
  endfacet
  facet normal 0 0 1
    outer loop
      vertex 60.0235 -2.34179 10
      vertex 54 -1.5 10
      vertex 60.1803 -2.64964 10
    endloop
  endfacet
  facet normal 0 0 1
    outer loop
      vertex 60.1803 -2.64964 10
      vertex 54 -1.5 10
      vertex 60.3562 -2.94705 10
    endloop
  endfacet
  facet normal 0 0 1
    outer loop
      vertex 60.3562 -2.94705 10
      vertex 54 -1.5 10
      vertex 60.5504 -3.23282 10
    endloop
  endfacet
  facet normal 0 0 1
    outer loop
      vertex 60.5504 -3.23282 10
      vertex 54 -1.5 10
      vertex 60.7622 -3.50583 10
    endloop
  endfacet
  facet normal 0 0 1
    outer loop
      vertex 61.7672 -4.44959 10
      vertex 54 -1.5 10
      vertex 67.2486 -11.7874 10
    endloop
  endfacet
  facet normal 0 0 1
    outer loop
      vertex 15.8738 -2.00533 10
      vertex 54 -1.5 10
      vertex 15.9216 -1.5 10
    endloop
  endfacet
  facet normal 0 0 1
    outer loop
      vertex 15.7166 -2.9981 10
      vertex 54 -1.5 10
      vertex 15.8738 -2.00533 10
    endloop
  endfacet
  facet normal 0 0 1
    outer loop
      vertex 15.4973 -3.97904 10
      vertex 54 -1.5 10
      vertex 15.7166 -2.9981 10
    endloop
  endfacet
  facet normal 0 0 1
    outer loop
      vertex 15.2169 -4.94427 10
      vertex 54 -1.5 10
      vertex 15.4973 -3.97904 10
    endloop
  endfacet
  facet normal 0 0 1
    outer loop
      vertex 14.8764 -5.88999 10
      vertex 54 -1.5 10
      vertex 15.2169 -4.94427 10
    endloop
  endfacet
  facet normal 0 0 1
    outer loop
      vertex 14.4772 -6.81247 10
      vertex 54 -1.5 10
      vertex 14.8764 -5.88999 10
    endloop
  endfacet
  facet normal 0 0 1
    outer loop
      vertex 14.0209 -7.70806 10
      vertex 54 -1.5 10
      vertex 14.4772 -6.81247 10
    endloop
  endfacet
  facet normal 0 0 1
    outer loop
      vertex 13.5092 -8.57323 10
      vertex 54 -1.5 10
      vertex 14.0209 -7.70806 10
    endloop
  endfacet
  facet normal 0 0 1
    outer loop
      vertex 12.9443 -9.40456 10
      vertex 54 -1.5 10
      vertex 13.5092 -8.57323 10
    endloop
  endfacet
  facet normal 0 0 1
    outer loop
      vertex 12.3282 -10.1988 10
      vertex 54 -1.5 10
      vertex 12.9443 -9.40456 10
    endloop
  endfacet
  facet normal 0 0 1
    outer loop
      vertex 4.68453 -24.5572 10
      vertex 54 -1.5 10
      vertex 12.3282 -10.1988 10
    endloop
  endfacet
  facet normal 0 0 1
    outer loop
      vertex 4.68453 -24.5572 10
      vertex 12.3282 -10.1988 10
      vertex 11.6635 -10.9528 10
    endloop
  endfacet
  facet normal 0 0 1
    outer loop
      vertex 4.68453 -24.5572 10
      vertex 11.6635 -10.9528 10
      vertex 10.9528 -11.6635 10
    endloop
  endfacet
  facet normal 0 0 1
    outer loop
      vertex 4.68453 -24.5572 10
      vertex 10.9528 -11.6635 10
      vertex 10.1988 -12.3282 10
    endloop
  endfacet
  facet normal 0 0 1
    outer loop
      vertex 4.68453 -24.5572 10
      vertex 10.1988 -12.3282 10
      vertex 9.40456 -12.9443 10
    endloop
  endfacet
  facet normal 0 0 1
    outer loop
      vertex 4.68453 -24.5572 10
      vertex 9.40456 -12.9443 10
      vertex 8.57323 -13.5092 10
    endloop
  endfacet
  facet normal 0 0 1
    outer loop
      vertex 4.68453 -24.5572 10
      vertex 8.57323 -13.5092 10
      vertex 7.70806 -14.0209 10
    endloop
  endfacet
  facet normal 0 0 1
    outer loop
      vertex 4.68453 -24.5572 10
      vertex 7.70806 -14.0209 10
      vertex 6.81247 -14.4772 10
    endloop
  endfacet
  facet normal 0 0 1
    outer loop
      vertex 4.68453 -24.5572 10
      vertex 6.81247 -14.4772 10
      vertex 5.88999 -14.8764 10
    endloop
  endfacet
  facet normal 0 0 1
    outer loop
      vertex 4.68453 -24.5572 10
      vertex 5.88999 -14.8764 10
      vertex 4.94427 -15.2169 10
    endloop
  endfacet
  facet normal 0 0 1
    outer loop
      vertex 54 -1.5 10
      vertex 4.68453 -24.5572 10
      vertex 67.2486 -11.7874 10
    endloop
  endfacet
  facet normal -0 0 1
    outer loop
      vertex 3.97904 -15.4973 10
      vertex 4.68453 -24.5572 10
      vertex 4.94427 -15.2169 10
    endloop
  endfacet
  facet normal -0 0 1
    outer loop
      vertex 2.9981 -15.7166 10
      vertex 4.68453 -24.5572 10
      vertex 3.97904 -15.4973 10
    endloop
  endfacet
  facet normal 0 0 1
    outer loop
      vertex 4.68453 -24.5572 10
      vertex 2.9981 -15.7166 10
      vertex 3.13333 -24.8029 10
    endloop
  endfacet
  facet normal -0 0 1
    outer loop
      vertex 2.00533 -15.8738 10
      vertex 3.13333 -24.8029 10
      vertex 2.9981 -15.7166 10
    endloop
  endfacet
  facet normal 0 0 1
    outer loop
      vertex 2.00533 -15.8738 10
      vertex 1.56976 -24.9507 10
      vertex 3.13333 -24.8029 10
    endloop
  endfacet
  facet normal -0 0 1
    outer loop
      vertex 1.00465 -15.9684 10
      vertex 1.56976 -24.9507 10
      vertex 2.00533 -15.8738 10
    endloop
  endfacet
  facet normal -0 0 1
    outer loop
      vertex 0 -16 10
      vertex 1.56976 -24.9507 10
      vertex 1.00465 -15.9684 10
    endloop
  endfacet
  facet normal 0 0 1
    outer loop
      vertex 0 -16 10
      vertex 0 -25 10
      vertex 1.56976 -24.9507 10
    endloop
  endfacet
  facet normal 0 0 1
    outer loop
      vertex -1.00465 -15.9684 10
      vertex 0 -25 10
      vertex 0 -16 10
    endloop
  endfacet
  facet normal 0 0 1
    outer loop
      vertex -1.00465 -15.9684 10
      vertex -1.56976 -24.9507 10
      vertex 0 -25 10
    endloop
  endfacet
  facet normal 0 0 1
    outer loop
      vertex -2.00533 -15.8738 10
      vertex -1.56976 -24.9507 10
      vertex -1.00465 -15.9684 10
    endloop
  endfacet
  facet normal 0 0 1
    outer loop
      vertex -3.13333 -24.8029 10
      vertex -2.00533 -15.8738 10
      vertex -2.9981 -15.7166 10
    endloop
  endfacet
  facet normal 0 0 1
    outer loop
      vertex -2.00533 -15.8738 10
      vertex -3.13333 -24.8029 10
      vertex -1.56976 -24.9507 10
    endloop
  endfacet
  facet normal 0 0 1
    outer loop
      vertex -4.68453 -24.5572 10
      vertex -2.9981 -15.7166 10
      vertex -3.97904 -15.4973 10
    endloop
  endfacet
  facet normal 0 0 1
    outer loop
      vertex -2.9981 -15.7166 10
      vertex -4.68453 -24.5572 10
      vertex -3.13333 -24.8029 10
    endloop
  endfacet
  facet normal 0 0 1
    outer loop
      vertex -6.21725 -24.2146 10
      vertex -3.97904 -15.4973 10
      vertex -4.94427 -15.2169 10
    endloop
  endfacet
  facet normal 0 0 1
    outer loop
      vertex -7.72542 -23.7764 10
      vertex -4.94427 -15.2169 10
      vertex -5.88999 -14.8764 10
    endloop
  endfacet
  facet normal 0 0 1
    outer loop
      vertex -3.97904 -15.4973 10
      vertex -6.21725 -24.2146 10
      vertex -4.68453 -24.5572 10
    endloop
  endfacet
  facet normal 0 0 1
    outer loop
      vertex -9.20311 -23.2444 10
      vertex -5.88999 -14.8764 10
      vertex -6.81247 -14.4772 10
    endloop
  endfacet
  facet normal 0 0 1
    outer loop
      vertex -10.6445 -22.6207 10
      vertex -6.81247 -14.4772 10
      vertex -7.70806 -14.0209 10
    endloop
  endfacet
  facet normal 0 0 1
    outer loop
      vertex -4.94427 -15.2169 10
      vertex -7.72542 -23.7764 10
      vertex -6.21725 -24.2146 10
    endloop
  endfacet
  facet normal 0 0 1
    outer loop
      vertex -12.0438 -21.9077 10
      vertex -7.70806 -14.0209 10
      vertex -8.57323 -13.5092 10
    endloop
  endfacet
  facet normal 0 0 1
    outer loop
      vertex -5.88999 -14.8764 10
      vertex -9.20311 -23.2444 10
      vertex -7.72542 -23.7764 10
    endloop
  endfacet
  facet normal 0 0 1
    outer loop
      vertex -13.3957 -21.1082 10
      vertex -8.57323 -13.5092 10
      vertex -9.40456 -12.9443 10
    endloop
  endfacet
  facet normal 0 0 1
    outer loop
      vertex -14.6946 -20.2254 10
      vertex -9.40456 -12.9443 10
      vertex -10.1988 -12.3282 10
    endloop
  endfacet
  facet normal 0 0 1
    outer loop
      vertex -6.81247 -14.4772 10
      vertex -10.6445 -22.6207 10
      vertex -9.20311 -23.2444 10
    endloop
  endfacet
  facet normal 0 0 1
    outer loop
      vertex -15.9356 -19.2628 10
      vertex -10.1988 -12.3282 10
      vertex -10.9528 -11.6635 10
    endloop
  endfacet
  facet normal 0 0 1
    outer loop
      vertex -17.1137 -18.2242 10
      vertex -10.9528 -11.6635 10
      vertex -11.6635 -10.9528 10
    endloop
  endfacet
  facet normal 0 0 1
    outer loop
      vertex -7.70806 -14.0209 10
      vertex -12.0438 -21.9077 10
      vertex -10.6445 -22.6207 10
    endloop
  endfacet
  facet normal 0 0 1
    outer loop
      vertex -18.2242 -17.1137 10
      vertex -11.6635 -10.9528 10
      vertex -12.3282 -10.1988 10
    endloop
  endfacet
  facet normal 0 0 1
    outer loop
      vertex -19.2628 -15.9356 10
      vertex -12.3282 -10.1988 10
      vertex -12.9443 -9.40456 10
    endloop
  endfacet
  facet normal 0 0 1
    outer loop
      vertex -8.57323 -13.5092 10
      vertex -13.3957 -21.1082 10
      vertex -12.0438 -21.9077 10
    endloop
  endfacet
  facet normal 0 0 1
    outer loop
      vertex -20.2254 -14.6946 10
      vertex -12.9443 -9.40456 10
      vertex -13.5092 -8.57323 10
    endloop
  endfacet
  facet normal 0 0 1
    outer loop
      vertex -21.1082 -13.3957 10
      vertex -13.5092 -8.57323 10
      vertex -14.0209 -7.70806 10
    endloop
  endfacet
  facet normal 0 0 1
    outer loop
      vertex -21.9077 -12.0438 10
      vertex -14.0209 -7.70806 10
      vertex -14.4772 -6.81247 10
    endloop
  endfacet
  facet normal 0 0 1
    outer loop
      vertex -9.40456 -12.9443 10
      vertex -14.6946 -20.2254 10
      vertex -13.3957 -21.1082 10
    endloop
  endfacet
  facet normal 0 0 1
    outer loop
      vertex -22.6207 -10.6445 10
      vertex -14.4772 -6.81247 10
      vertex -14.8764 -5.88999 10
    endloop
  endfacet
  facet normal 0 0 1
    outer loop
      vertex -23.2444 -9.20311 10
      vertex -14.8764 -5.88999 10
      vertex -15.2169 -4.94427 10
    endloop
  endfacet
  facet normal 0 0 1
    outer loop
      vertex -23.7764 -7.72542 10
      vertex -15.2169 -4.94427 10
      vertex -15.4973 -3.97904 10
    endloop
  endfacet
  facet normal 0 0 1
    outer loop
      vertex -24.2146 -6.21725 10
      vertex -15.4973 -3.97904 10
      vertex -15.7166 -2.9981 10
    endloop
  endfacet
  facet normal 0 0 1
    outer loop
      vertex -24.5572 -4.68453 10
      vertex -15.7166 -2.9981 10
      vertex -15.8738 -2.00533 10
    endloop
  endfacet
  facet normal 0 0 1
    outer loop
      vertex -10.1988 -12.3282 10
      vertex -15.9356 -19.2628 10
      vertex -14.6946 -20.2254 10
    endloop
  endfacet
  facet normal 0 0 1
    outer loop
      vertex -24.8029 -3.13333 10
      vertex -15.8738 -2.00533 10
      vertex -15.9684 -1.00465 10
    endloop
  endfacet
  facet normal 0 0 1
    outer loop
      vertex -24.9507 -1.56976 10
      vertex -15.9684 -1.00465 10
      vertex -16 0 10
    endloop
  endfacet
  facet normal -0 0 1
    outer loop
      vertex -23.2444 9.20311 10
      vertex -14.8764 5.88999 10
      vertex -22.6207 10.6445 10
    endloop
  endfacet
  facet normal 0 0 1
    outer loop
      vertex -10.9528 -11.6635 10
      vertex -17.1137 -18.2242 10
      vertex -15.9356 -19.2628 10
    endloop
  endfacet
  facet normal 0 0 1
    outer loop
      vertex -14.8764 5.88999 10
      vertex -23.2444 9.20311 10
      vertex -15.2169 4.94427 10
    endloop
  endfacet
  facet normal 0 0 1
    outer loop
      vertex -11.6635 -10.9528 10
      vertex -18.2242 -17.1137 10
      vertex -17.1137 -18.2242 10
    endloop
  endfacet
  facet normal -0 0 1
    outer loop
      vertex -23.7764 7.72542 10
      vertex -15.2169 4.94427 10
      vertex -23.2444 9.20311 10
    endloop
  endfacet
  facet normal 0 0 1
    outer loop
      vertex -12.3282 -10.1988 10
      vertex -19.2628 -15.9356 10
      vertex -18.2242 -17.1137 10
    endloop
  endfacet
  facet normal 0 0 1
    outer loop
      vertex -15.2169 4.94427 10
      vertex -23.7764 7.72542 10
      vertex -15.4973 3.97904 10
    endloop
  endfacet
  facet normal 0 0 1
    outer loop
      vertex -12.9443 -9.40456 10
      vertex -20.2254 -14.6946 10
      vertex -19.2628 -15.9356 10
    endloop
  endfacet
  facet normal -0 0 1
    outer loop
      vertex -24.2146 6.21725 10
      vertex -15.4973 3.97904 10
      vertex -23.7764 7.72542 10
    endloop
  endfacet
  facet normal 0 0 1
    outer loop
      vertex -13.5092 -8.57323 10
      vertex -21.1082 -13.3957 10
      vertex -20.2254 -14.6946 10
    endloop
  endfacet
  facet normal 0 0 1
    outer loop
      vertex -15.4973 3.97904 10
      vertex -24.2146 6.21725 10
      vertex -15.7166 2.9981 10
    endloop
  endfacet
  facet normal 0 0 1
    outer loop
      vertex -14.0209 -7.70806 10
      vertex -21.9077 -12.0438 10
      vertex -21.1082 -13.3957 10
    endloop
  endfacet
  facet normal -0 0 1
    outer loop
      vertex -24.5572 4.68453 10
      vertex -15.7166 2.9981 10
      vertex -24.2146 6.21725 10
    endloop
  endfacet
  facet normal 0 0 1
    outer loop
      vertex -14.4772 -6.81247 10
      vertex -22.6207 -10.6445 10
      vertex -21.9077 -12.0438 10
    endloop
  endfacet
  facet normal 0 0 1
    outer loop
      vertex -15.7166 2.9981 10
      vertex -24.5572 4.68453 10
      vertex -15.8738 2.00533 10
    endloop
  endfacet
  facet normal 0 0 1
    outer loop
      vertex -14.8764 -5.88999 10
      vertex -23.2444 -9.20311 10
      vertex -22.6207 -10.6445 10
    endloop
  endfacet
  facet normal -0 0 1
    outer loop
      vertex -24.8029 3.13333 10
      vertex -15.8738 2.00533 10
      vertex -24.5572 4.68453 10
    endloop
  endfacet
  facet normal 0 0 1
    outer loop
      vertex -15.2169 -4.94427 10
      vertex -23.7764 -7.72542 10
      vertex -23.2444 -9.20311 10
    endloop
  endfacet
  facet normal 0 0 1
    outer loop
      vertex -15.8738 2.00533 10
      vertex -24.8029 3.13333 10
      vertex -15.9684 1.00465 10
    endloop
  endfacet
  facet normal 0 0 1
    outer loop
      vertex -15.4973 -3.97904 10
      vertex -24.2146 -6.21725 10
      vertex -23.7764 -7.72542 10
    endloop
  endfacet
  facet normal -0 0 1
    outer loop
      vertex -24.9507 1.56976 10
      vertex -15.9684 1.00465 10
      vertex -24.8029 3.13333 10
    endloop
  endfacet
  facet normal 0 0 1
    outer loop
      vertex -15.7166 -2.9981 10
      vertex -24.5572 -4.68453 10
      vertex -24.2146 -6.21725 10
    endloop
  endfacet
  facet normal 0 0 1
    outer loop
      vertex -15.9684 1.00465 10
      vertex -24.9507 1.56976 10
      vertex -16 0 10
    endloop
  endfacet
  facet normal 0 0 1
    outer loop
      vertex -15.8738 -2.00533 10
      vertex -24.8029 -3.13333 10
      vertex -24.5572 -4.68453 10
    endloop
  endfacet
  facet normal 0 0 1
    outer loop
      vertex -25 0 10
      vertex -16 0 10
      vertex -24.9507 1.56976 10
    endloop
  endfacet
  facet normal 0 0 1
    outer loop
      vertex -15.9684 -1.00465 10
      vertex -24.9507 -1.56976 10
      vertex -24.8029 -3.13333 10
    endloop
  endfacet
  facet normal 0 0 1
    outer loop
      vertex -16 0 10
      vertex -25 0 10
      vertex -24.9507 -1.56976 10
    endloop
  endfacet
  facet normal -0.917765 -0.397124 0
    outer loop
      vertex -22.6207 -10.6445 0
      vertex -23.2444 -9.20311 10
      vertex -23.2444 -9.20311 0
    endloop
  endfacet
  facet normal -0.917765 -0.397124 0
    outer loop
      vertex -23.2444 -9.20311 10
      vertex -22.6207 -10.6445 0
      vertex -22.6207 -10.6445 10
    endloop
  endfacet
  facet normal -0.338737 0.940881 0
    outer loop
      vertex -7.72542 23.7764 0
      vertex -9.20311 23.2444 10
      vertex -7.72542 23.7764 10
    endloop
  endfacet
  facet normal -0.338737 0.940881 0
    outer loop
      vertex -9.20311 23.2444 10
      vertex -7.72542 23.7764 0
      vertex -9.20311 23.2444 0
    endloop
  endfacet
  facet normal -0.987687 0.156443 0
    outer loop
      vertex -24.8029 3.13333 0
      vertex -24.5572 4.68453 10
      vertex -24.5572 4.68453 0
    endloop
  endfacet
  facet normal -0.987687 0.156443 0
    outer loop
      vertex -24.5572 4.68453 10
      vertex -24.8029 3.13333 0
      vertex -24.8029 3.13333 10
    endloop
  endfacet
  facet normal -0.661299 -0.750122 0
    outer loop
      vertex -17.1137 -18.2242 0
      vertex -15.9356 -19.2628 10
      vertex -17.1137 -18.2242 10
    endloop
  endfacet
  facet normal -0.661299 -0.750122 -0
    outer loop
      vertex -15.9356 -19.2628 10
      vertex -17.1137 -18.2242 0
      vertex -15.9356 -19.2628 0
    endloop
  endfacet
  facet normal -0.960288 0.279012 0
    outer loop
      vertex -24.2146 6.21725 0
      vertex -23.7764 7.72542 10
      vertex -23.7764 7.72542 0
    endloop
  endfacet
  facet normal -0.960288 0.279012 0
    outer loop
      vertex -23.7764 7.72542 10
      vertex -24.2146 6.21725 0
      vertex -24.2146 6.21725 10
    endloop
  endfacet
  facet normal -0.999507 -0.0313906 0
    outer loop
      vertex -24.9507 -1.56976 0
      vertex -25 0 10
      vertex -25 0 0
    endloop
  endfacet
  facet normal -0.999507 -0.0313906 0
    outer loop
      vertex -25 0 10
      vertex -24.9507 -1.56976 0
      vertex -24.9507 -1.56976 10
    endloop
  endfacet
  facet normal -0.0941078 -0.995562 0
    outer loop
      vertex -3.13333 -24.8029 0
      vertex -1.56976 -24.9507 10
      vertex -3.13333 -24.8029 10
    endloop
  endfacet
  facet normal -0.0941078 -0.995562 -0
    outer loop
      vertex -1.56976 -24.9507 10
      vertex -3.13333 -24.8029 0
      vertex -1.56976 -24.9507 0
    endloop
  endfacet
  facet normal -0.995562 -0.0941078 0
    outer loop
      vertex -24.8029 -3.13333 0
      vertex -24.9507 -1.56976 10
      vertex -24.9507 -1.56976 0
    endloop
  endfacet
  facet normal -0.995562 -0.0941078 0
    outer loop
      vertex -24.9507 -1.56976 10
      vertex -24.8029 -3.13333 0
      vertex -24.8029 -3.13333 10
    endloop
  endfacet
  facet normal -0.397124 -0.917765 0
    outer loop
      vertex -10.6445 -22.6207 0
      vertex -9.20311 -23.2444 10
      vertex -10.6445 -22.6207 10
    endloop
  endfacet
  facet normal -0.397124 -0.917765 -0
    outer loop
      vertex -9.20311 -23.2444 10
      vertex -10.6445 -22.6207 0
      vertex -9.20311 -23.2444 0
    endloop
  endfacet
  facet normal -0.0313906 0.999507 0
    outer loop
      vertex 0 25 0
      vertex -1.56976 24.9507 10
      vertex 0 25 10
    endloop
  endfacet
  facet normal -0.0313906 0.999507 0
    outer loop
      vertex -1.56976 24.9507 10
      vertex 0 25 0
      vertex -1.56976 24.9507 0
    endloop
  endfacet
  facet normal -0.960288 -0.279012 0
    outer loop
      vertex -23.7764 -7.72542 0
      vertex -24.2146 -6.21725 10
      vertex -24.2146 -6.21725 0
    endloop
  endfacet
  facet normal -0.960288 -0.279012 0
    outer loop
      vertex -24.2146 -6.21725 10
      vertex -23.7764 -7.72542 0
      vertex -23.7764 -7.72542 10
    endloop
  endfacet
  facet normal 0.0313906 0.999507 -0
    outer loop
      vertex 1.56976 24.9507 0
      vertex 0 25 10
      vertex 1.56976 24.9507 10
    endloop
  endfacet
  facet normal 0.0313906 0.999507 0
    outer loop
      vertex 0 25 10
      vertex 1.56976 24.9507 0
      vertex 0 25 0
    endloop
  endfacet
  facet normal 0 0 -1
    outer loop
      vertex 30 -17 0
      vertex 9 0 0
      vertex 30 17 0
    endloop
  endfacet
  facet normal 0 0 -1
    outer loop
      vertex 30 -17 0
      vertex 8.98224 -0.565114 0
      vertex 9 0 0
    endloop
  endfacet
  facet normal 0 0 -1
    outer loop
      vertex 30 -17 0
      vertex 8.92903 -1.128 0
      vertex 8.98224 -0.565114 0
    endloop
  endfacet
  facet normal 0 0 -1
    outer loop
      vertex 30 -17 0
      vertex 8.84058 -1.68643 0
      vertex 8.92903 -1.128 0
    endloop
  endfacet
  facet normal 0 0 -1
    outer loop
      vertex 30 -17 0
      vertex 8.71725 -2.23821 0
      vertex 8.84058 -1.68643 0
    endloop
  endfacet
  facet normal 0 0 -1
    outer loop
      vertex 30 -17 0
      vertex 8.55951 -2.78115 0
      vertex 8.71725 -2.23821 0
    endloop
  endfacet
  facet normal 0 0 -1
    outer loop
      vertex 30 -17 0
      vertex 8.36799 -3.31312 0
      vertex 8.55951 -2.78115 0
    endloop
  endfacet
  facet normal 0 0 -1
    outer loop
      vertex 30 -17 0
      vertex 8.14344 -3.83201 0
      vertex 8.36799 -3.31312 0
    endloop
  endfacet
  facet normal 0 0 -1
    outer loop
      vertex 30 -17 0
      vertex 7.88676 -4.33578 0
      vertex 8.14344 -3.83201 0
    endloop
  endfacet
  facet normal 0 0 -1
    outer loop
      vertex 30 -17 0
      vertex 7.59895 -4.82244 0
      vertex 7.88676 -4.33578 0
    endloop
  endfacet
  facet normal 0 0 -1
    outer loop
      vertex 30 -17 0
      vertex 7.28115 -5.29007 0
      vertex 7.59895 -4.82244 0
    endloop
  endfacet
  facet normal 0 0 -1
    outer loop
      vertex 30 -17 0
      vertex 6.93462 -5.73682 0
      vertex 7.28115 -5.29007 0
    endloop
  endfacet
  facet normal 0 0 -1
    outer loop
      vertex 30 -17 0
      vertex 6.56072 -6.16092 0
      vertex 6.93462 -5.73682 0
    endloop
  endfacet
  facet normal 0 0 -1
    outer loop
      vertex 30 -17 0
      vertex 6.16092 -6.56072 0
      vertex 6.56072 -6.16092 0
    endloop
  endfacet
  facet normal 0 0 -1
    outer loop
      vertex 4.68453 -24.5572 0
      vertex 6.16092 -6.56072 0
      vertex 30 -17 0
    endloop
  endfacet
  facet normal 0 0 -1
    outer loop
      vertex 6.16092 -6.56072 0
      vertex 4.68453 -24.5572 0
      vertex 5.73682 -6.93462 0
    endloop
  endfacet
  facet normal 0 0 -1
    outer loop
      vertex 5.73682 -6.93462 0
      vertex 4.68453 -24.5572 0
      vertex 5.29007 -7.28115 0
    endloop
  endfacet
  facet normal 0 0 -1
    outer loop
      vertex 4.68453 -24.5572 0
      vertex 30 -17 0
      vertex 41.7102 -17 0
    endloop
  endfacet
  facet normal 0 0 -1
    outer loop
      vertex 5.29007 -7.28115 0
      vertex 4.68453 -24.5572 0
      vertex 4.82244 -7.59895 0
    endloop
  endfacet
  facet normal 0 0 -1
    outer loop
      vertex 4.68453 -24.5572 0
      vertex 4.33578 -7.88676 0
      vertex 4.82244 -7.59895 0
    endloop
  endfacet
  facet normal 0 0 -1
    outer loop
      vertex 4.68453 -24.5572 0
      vertex 3.83201 -8.14344 0
      vertex 4.33578 -7.88676 0
    endloop
  endfacet
  facet normal 0 0 -1
    outer loop
      vertex 4.68453 -24.5572 0
      vertex 3.31312 -8.36799 0
      vertex 3.83201 -8.14344 0
    endloop
  endfacet
  facet normal 0 0 -1
    outer loop
      vertex 1.68643 -8.84058 0
      vertex 4.68453 -24.5572 0
      vertex 3.13333 -24.8029 0
    endloop
  endfacet
  facet normal 0 0 -1
    outer loop
      vertex 4.68453 -24.5572 0
      vertex 2.78115 -8.55951 0
      vertex 3.31312 -8.36799 0
    endloop
  endfacet
  facet normal 0 0 -1
    outer loop
      vertex 4.68453 -24.5572 0
      vertex 2.23821 -8.71725 0
      vertex 2.78115 -8.55951 0
    endloop
  endfacet
  facet normal 0 0 -1
    outer loop
      vertex 4.68453 -24.5572 0
      vertex 1.68643 -8.84058 0
      vertex 2.23821 -8.71725 0
    endloop
  endfacet
  facet normal 0 0 -1
    outer loop
      vertex 1.128 -8.92903 0
      vertex 3.13333 -24.8029 0
      vertex 1.56976 -24.9507 0
    endloop
  endfacet
  facet normal 0 0 -1
    outer loop
      vertex 3.13333 -24.8029 0
      vertex 1.128 -8.92903 0
      vertex 1.68643 -8.84058 0
    endloop
  endfacet
  facet normal 0 0 -1
    outer loop
      vertex 1.56976 -24.9507 0
      vertex 0.565114 -8.98224 0
      vertex 1.128 -8.92903 0
    endloop
  endfacet
  facet normal 0 0 -1
    outer loop
      vertex 0 -25 0
      vertex 0.565114 -8.98224 0
      vertex 1.56976 -24.9507 0
    endloop
  endfacet
  facet normal 0 0 -1
    outer loop
      vertex 0 -25 0
      vertex 0 -9 0
      vertex 0.565114 -8.98224 0
    endloop
  endfacet
  facet normal 0 0 -1
    outer loop
      vertex 0 -25 0
      vertex -0.565114 -8.98224 0
      vertex 0 -9 0
    endloop
  endfacet
  facet normal 0 0 -1
    outer loop
      vertex -1.56976 -24.9507 0
      vertex -0.565114 -8.98224 0
      vertex 0 -25 0
    endloop
  endfacet
  facet normal -0 0 -1
    outer loop
      vertex -0.565114 -8.98224 0
      vertex -1.56976 -24.9507 0
      vertex -1.128 -8.92903 0
    endloop
  endfacet
  facet normal 0 0 -1
    outer loop
      vertex -3.13333 -24.8029 0
      vertex -1.128 -8.92903 0
      vertex -1.56976 -24.9507 0
    endloop
  endfacet
  facet normal -0 0 -1
    outer loop
      vertex -1.128 -8.92903 0
      vertex -3.13333 -24.8029 0
      vertex -1.68643 -8.84058 0
    endloop
  endfacet
  facet normal 0 0 -1
    outer loop
      vertex -4.68453 -24.5572 0
      vertex -1.68643 -8.84058 0
      vertex -3.13333 -24.8029 0
    endloop
  endfacet
  facet normal -0 0 -1
    outer loop
      vertex -1.68643 -8.84058 0
      vertex -4.68453 -24.5572 0
      vertex -2.23821 -8.71725 0
    endloop
  endfacet
  facet normal 0 0 -1
    outer loop
      vertex -6.21725 -24.2146 0
      vertex -2.23821 -8.71725 0
      vertex -4.68453 -24.5572 0
    endloop
  endfacet
  facet normal -0 0 -1
    outer loop
      vertex -2.23821 -8.71725 0
      vertex -6.21725 -24.2146 0
      vertex -2.78115 -8.55951 0
    endloop
  endfacet
  facet normal 0 0 -1
    outer loop
      vertex -7.72542 -23.7764 0
      vertex -2.78115 -8.55951 0
      vertex -6.21725 -24.2146 0
    endloop
  endfacet
  facet normal -0 0 -1
    outer loop
      vertex -2.78115 -8.55951 0
      vertex -7.72542 -23.7764 0
      vertex -3.31312 -8.36799 0
    endloop
  endfacet
  facet normal 0 0 -1
    outer loop
      vertex -9.20311 -23.2444 0
      vertex -3.31312 -8.36799 0
      vertex -7.72542 -23.7764 0
    endloop
  endfacet
  facet normal -0 0 -1
    outer loop
      vertex -3.31312 -8.36799 0
      vertex -9.20311 -23.2444 0
      vertex -3.83201 -8.14344 0
    endloop
  endfacet
  facet normal 0 0 -1
    outer loop
      vertex -10.6445 -22.6207 0
      vertex -3.83201 -8.14344 0
      vertex -9.20311 -23.2444 0
    endloop
  endfacet
  facet normal -0 0 -1
    outer loop
      vertex -3.83201 -8.14344 0
      vertex -10.6445 -22.6207 0
      vertex -4.33578 -7.88676 0
    endloop
  endfacet
  facet normal 0 0 -1
    outer loop
      vertex -12.0438 -21.9077 0
      vertex -4.33578 -7.88676 0
      vertex -10.6445 -22.6207 0
    endloop
  endfacet
  facet normal -0 0 -1
    outer loop
      vertex -4.33578 -7.88676 0
      vertex -12.0438 -21.9077 0
      vertex -4.82244 -7.59895 0
    endloop
  endfacet
  facet normal 0 0 -1
    outer loop
      vertex -13.3957 -21.1082 0
      vertex -4.82244 -7.59895 0
      vertex -12.0438 -21.9077 0
    endloop
  endfacet
  facet normal -0 0 -1
    outer loop
      vertex -4.82244 -7.59895 0
      vertex -13.3957 -21.1082 0
      vertex -5.29007 -7.28115 0
    endloop
  endfacet
  facet normal 0 0 -1
    outer loop
      vertex -14.6946 -20.2254 0
      vertex -5.29007 -7.28115 0
      vertex -13.3957 -21.1082 0
    endloop
  endfacet
  facet normal -0 0 -1
    outer loop
      vertex -5.29007 -7.28115 0
      vertex -14.6946 -20.2254 0
      vertex -5.73682 -6.93462 0
    endloop
  endfacet
  facet normal 0 0 -1
    outer loop
      vertex -15.9356 -19.2628 0
      vertex -5.73682 -6.93462 0
      vertex -14.6946 -20.2254 0
    endloop
  endfacet
  facet normal -0 0 -1
    outer loop
      vertex -5.73682 -6.93462 0
      vertex -15.9356 -19.2628 0
      vertex -6.16092 -6.56072 0
    endloop
  endfacet
  facet normal 0 0 -1
    outer loop
      vertex -17.1137 -18.2242 0
      vertex -6.16092 -6.56072 0
      vertex -15.9356 -19.2628 0
    endloop
  endfacet
  facet normal -0 0 -1
    outer loop
      vertex -6.16092 -6.56072 0
      vertex -17.1137 -18.2242 0
      vertex -6.56072 -6.16092 0
    endloop
  endfacet
  facet normal 0 0 -1
    outer loop
      vertex -18.2242 -17.1137 0
      vertex -6.56072 -6.16092 0
      vertex -17.1137 -18.2242 0
    endloop
  endfacet
  facet normal -0 0 -1
    outer loop
      vertex -6.56072 -6.16092 0
      vertex -18.2242 -17.1137 0
      vertex -6.93462 -5.73682 0
    endloop
  endfacet
  facet normal 0 0 -1
    outer loop
      vertex -19.2628 -15.9356 0
      vertex -6.93462 -5.73682 0
      vertex -18.2242 -17.1137 0
    endloop
  endfacet
  facet normal -0 0 -1
    outer loop
      vertex -6.93462 -5.73682 0
      vertex -19.2628 -15.9356 0
      vertex -7.28115 -5.29007 0
    endloop
  endfacet
  facet normal -0 0 -1
    outer loop
      vertex -7.28115 -5.29007 0
      vertex -20.2254 -14.6946 0
      vertex -7.59895 -4.82244 0
    endloop
  endfacet
  facet normal 0 0 -1
    outer loop
      vertex -20.2254 -14.6946 0
      vertex -7.28115 -5.29007 0
      vertex -19.2628 -15.9356 0
    endloop
  endfacet
  facet normal 0 0 -1
    outer loop
      vertex 8.98224 0.565114 0
      vertex 30 17 0
      vertex 9 0 0
    endloop
  endfacet
  facet normal 0 0 -1
    outer loop
      vertex 8.92903 1.128 0
      vertex 30 17 0
      vertex 8.98224 0.565114 0
    endloop
  endfacet
  facet normal 0 0 -1
    outer loop
      vertex 8.84058 1.68643 0
      vertex 30 17 0
      vertex 8.92903 1.128 0
    endloop
  endfacet
  facet normal 0 0 -1
    outer loop
      vertex 8.71725 2.23821 0
      vertex 30 17 0
      vertex 8.84058 1.68643 0
    endloop
  endfacet
  facet normal 0 0 -1
    outer loop
      vertex 8.55951 2.78115 0
      vertex 30 17 0
      vertex 8.71725 2.23821 0
    endloop
  endfacet
  facet normal 0 0 -1
    outer loop
      vertex 8.36799 3.31312 0
      vertex 30 17 0
      vertex 8.55951 2.78115 0
    endloop
  endfacet
  facet normal 0 0 -1
    outer loop
      vertex 8.14344 3.83201 0
      vertex 30 17 0
      vertex 8.36799 3.31312 0
    endloop
  endfacet
  facet normal 0 0 -1
    outer loop
      vertex 7.88676 4.33578 0
      vertex 30 17 0
      vertex 8.14344 3.83201 0
    endloop
  endfacet
  facet normal 0 0 -1
    outer loop
      vertex 7.59895 4.82244 0
      vertex 30 17 0
      vertex 7.88676 4.33578 0
    endloop
  endfacet
  facet normal 0 0 -1
    outer loop
      vertex 7.28115 5.29007 0
      vertex 30 17 0
      vertex 7.59895 4.82244 0
    endloop
  endfacet
  facet normal 0 0 -1
    outer loop
      vertex 6.93462 5.73682 0
      vertex 30 17 0
      vertex 7.28115 5.29007 0
    endloop
  endfacet
  facet normal 0 0 -1
    outer loop
      vertex 6.56072 6.16092 0
      vertex 30 17 0
      vertex 6.93462 5.73682 0
    endloop
  endfacet
  facet normal 0 0 -1
    outer loop
      vertex 6.16092 6.56072 0
      vertex 30 17 0
      vertex 6.56072 6.16092 0
    endloop
  endfacet
  facet normal 0 0 -1
    outer loop
      vertex 4.68453 24.5572 0
      vertex 6.16092 6.56072 0
      vertex 5.73682 6.93462 0
    endloop
  endfacet
  facet normal 0 0 -1
    outer loop
      vertex 4.68453 24.5572 0
      vertex 5.73682 6.93462 0
      vertex 5.29007 7.28115 0
    endloop
  endfacet
  facet normal 0 0 -1
    outer loop
      vertex 4.68453 24.5572 0
      vertex 5.29007 7.28115 0
      vertex 4.82244 7.59895 0
    endloop
  endfacet
  facet normal 0 0 -1
    outer loop
      vertex 30 17 0
      vertex 4.68453 24.5572 0
      vertex 41.7102 17 0
    endloop
  endfacet
  facet normal 0 0 -1
    outer loop
      vertex 6.16092 6.56072 0
      vertex 4.68453 24.5572 0
      vertex 30 17 0
    endloop
  endfacet
  facet normal 0 0 -1
    outer loop
      vertex 4.33578 7.88676 0
      vertex 4.68453 24.5572 0
      vertex 4.82244 7.59895 0
    endloop
  endfacet
  facet normal 0 0 -1
    outer loop
      vertex 3.83201 8.14344 0
      vertex 4.68453 24.5572 0
      vertex 4.33578 7.88676 0
    endloop
  endfacet
  facet normal 0 0 -1
    outer loop
      vertex 3.31312 8.36799 0
      vertex 4.68453 24.5572 0
      vertex 3.83201 8.14344 0
    endloop
  endfacet
  facet normal 0 0 -1
    outer loop
      vertex 2.78115 8.55951 0
      vertex 4.68453 24.5572 0
      vertex 3.31312 8.36799 0
    endloop
  endfacet
  facet normal 0 0 -1
    outer loop
      vertex 2.23821 8.71725 0
      vertex 4.68453 24.5572 0
      vertex 2.78115 8.55951 0
    endloop
  endfacet
  facet normal 0 0 -1
    outer loop
      vertex 1.68643 8.84058 0
      vertex 4.68453 24.5572 0
      vertex 2.23821 8.71725 0
    endloop
  endfacet
  facet normal -0 0 -1
    outer loop
      vertex 4.68453 24.5572 0
      vertex 1.68643 8.84058 0
      vertex 3.13333 24.8029 0
    endloop
  endfacet
  facet normal 0 0 -1
    outer loop
      vertex 1.128 8.92903 0
      vertex 3.13333 24.8029 0
      vertex 1.68643 8.84058 0
    endloop
  endfacet
  facet normal -0 0 -1
    outer loop
      vertex 3.13333 24.8029 0
      vertex 1.128 8.92903 0
      vertex 1.56976 24.9507 0
    endloop
  endfacet
  facet normal 0 0 -1
    outer loop
      vertex 0.565114 8.98224 0
      vertex 1.56976 24.9507 0
      vertex 1.128 8.92903 0
    endloop
  endfacet
  facet normal 0 0 -1
    outer loop
      vertex 0 9 0
      vertex 1.56976 24.9507 0
      vertex 0.565114 8.98224 0
    endloop
  endfacet
  facet normal 0 0 -1
    outer loop
      vertex 0 9 0
      vertex 0 25 0
      vertex 1.56976 24.9507 0
    endloop
  endfacet
  facet normal 0 0 -1
    outer loop
      vertex -0.565114 8.98224 0
      vertex 0 25 0
      vertex 0 9 0
    endloop
  endfacet
  facet normal 0 0 -1
    outer loop
      vertex -1.56976 24.9507 0
      vertex -0.565114 8.98224 0
      vertex -1.128 8.92903 0
    endloop
  endfacet
  facet normal 0 0 -1
    outer loop
      vertex -0.565114 8.98224 0
      vertex -1.56976 24.9507 0
      vertex 0 25 0
    endloop
  endfacet
  facet normal 0 0 -1
    outer loop
      vertex -3.13333 24.8029 0
      vertex -1.128 8.92903 0
      vertex -1.68643 8.84058 0
    endloop
  endfacet
  facet normal 0 0 -1
    outer loop
      vertex -4.68453 24.5572 0
      vertex -1.68643 8.84058 0
      vertex -2.23821 8.71725 0
    endloop
  endfacet
  facet normal 0 0 -1
    outer loop
      vertex -6.21725 24.2146 0
      vertex -2.23821 8.71725 0
      vertex -2.78115 8.55951 0
    endloop
  endfacet
  facet normal 0 0 -1
    outer loop
      vertex -1.128 8.92903 0
      vertex -3.13333 24.8029 0
      vertex -1.56976 24.9507 0
    endloop
  endfacet
  facet normal 0 0 -1
    outer loop
      vertex -7.72542 23.7764 0
      vertex -2.78115 8.55951 0
      vertex -3.31312 8.36799 0
    endloop
  endfacet
  facet normal 0 0 -1
    outer loop
      vertex -9.20311 23.2444 0
      vertex -3.31312 8.36799 0
      vertex -3.83201 8.14344 0
    endloop
  endfacet
  facet normal 0 0 -1
    outer loop
      vertex -10.6445 22.6207 0
      vertex -3.83201 8.14344 0
      vertex -4.33578 7.88676 0
    endloop
  endfacet
  facet normal 0 0 -1
    outer loop
      vertex -1.68643 8.84058 0
      vertex -4.68453 24.5572 0
      vertex -3.13333 24.8029 0
    endloop
  endfacet
  facet normal 0 0 -1
    outer loop
      vertex -12.0438 21.9077 0
      vertex -4.33578 7.88676 0
      vertex -4.82244 7.59895 0
    endloop
  endfacet
  facet normal 0 0 -1
    outer loop
      vertex -13.3957 21.1082 0
      vertex -4.82244 7.59895 0
      vertex -5.29007 7.28115 0
    endloop
  endfacet
  facet normal 0 0 -1
    outer loop
      vertex -14.6946 20.2254 0
      vertex -5.29007 7.28115 0
      vertex -5.73682 6.93462 0
    endloop
  endfacet
  facet normal 0 0 -1
    outer loop
      vertex -15.9356 19.2628 0
      vertex -5.73682 6.93462 0
      vertex -6.16092 6.56072 0
    endloop
  endfacet
  facet normal 0 0 -1
    outer loop
      vertex -2.23821 8.71725 0
      vertex -6.21725 24.2146 0
      vertex -4.68453 24.5572 0
    endloop
  endfacet
  facet normal 0 0 -1
    outer loop
      vertex -17.1137 18.2242 0
      vertex -6.16092 6.56072 0
      vertex -6.56072 6.16092 0
    endloop
  endfacet
  facet normal 0 0 -1
    outer loop
      vertex -18.2242 17.1137 0
      vertex -6.56072 6.16092 0
      vertex -6.93462 5.73682 0
    endloop
  endfacet
  facet normal 0 0 -1
    outer loop
      vertex -19.2628 15.9356 0
      vertex -6.93462 5.73682 0
      vertex -7.28115 5.29007 0
    endloop
  endfacet
  facet normal 0 0 -1
    outer loop
      vertex -20.2254 14.6946 0
      vertex -7.28115 5.29007 0
      vertex -7.59895 4.82244 0
    endloop
  endfacet
  facet normal 0 0 -1
    outer loop
      vertex -2.78115 8.55951 0
      vertex -7.72542 23.7764 0
      vertex -6.21725 24.2146 0
    endloop
  endfacet
  facet normal 0 0 -1
    outer loop
      vertex -21.1082 13.3957 0
      vertex -7.59895 4.82244 0
      vertex -7.88676 4.33578 0
    endloop
  endfacet
  facet normal 0 0 -1
    outer loop
      vertex -21.9077 12.0438 0
      vertex -7.88676 4.33578 0
      vertex -8.14344 3.83201 0
    endloop
  endfacet
  facet normal 0 0 -1
    outer loop
      vertex -22.6207 10.6445 0
      vertex -8.14344 3.83201 0
      vertex -8.36799 3.31312 0
    endloop
  endfacet
  facet normal 0 0 -1
    outer loop
      vertex -23.2444 9.20311 0
      vertex -8.36799 3.31312 0
      vertex -8.55951 2.78115 0
    endloop
  endfacet
  facet normal 0 0 -1
    outer loop
      vertex -23.7764 7.72542 0
      vertex -8.55951 2.78115 0
      vertex -8.71725 2.23821 0
    endloop
  endfacet
  facet normal 0 0 -1
    outer loop
      vertex -24.2146 6.21725 0
      vertex -8.71725 2.23821 0
      vertex -8.84058 1.68643 0
    endloop
  endfacet
  facet normal 0 0 -1
    outer loop
      vertex -24.5572 4.68453 0
      vertex -8.84058 1.68643 0
      vertex -8.92903 1.128 0
    endloop
  endfacet
  facet normal 0 0 -1
    outer loop
      vertex -24.8029 3.13333 0
      vertex -8.92903 1.128 0
      vertex -8.98224 0.565114 0
    endloop
  endfacet
  facet normal 0 0 -1
    outer loop
      vertex -3.31312 8.36799 0
      vertex -9.20311 23.2444 0
      vertex -7.72542 23.7764 0
    endloop
  endfacet
  facet normal 0 0 -1
    outer loop
      vertex -24.9507 1.56976 0
      vertex -8.98224 0.565114 0
      vertex -9 0 0
    endloop
  endfacet
  facet normal 0 0 -1
    outer loop
      vertex -21.1082 -13.3957 0
      vertex -7.59895 -4.82244 0
      vertex -20.2254 -14.6946 0
    endloop
  endfacet
  facet normal -0 0 -1
    outer loop
      vertex -7.59895 -4.82244 0
      vertex -21.1082 -13.3957 0
      vertex -7.88676 -4.33578 0
    endloop
  endfacet
  facet normal 0 0 -1
    outer loop
      vertex -3.83201 8.14344 0
      vertex -10.6445 22.6207 0
      vertex -9.20311 23.2444 0
    endloop
  endfacet
  facet normal 0 0 -1
    outer loop
      vertex -21.9077 -12.0438 0
      vertex -7.88676 -4.33578 0
      vertex -21.1082 -13.3957 0
    endloop
  endfacet
  facet normal 0 0 -1
    outer loop
      vertex -4.33578 7.88676 0
      vertex -12.0438 21.9077 0
      vertex -10.6445 22.6207 0
    endloop
  endfacet
  facet normal -0 0 -1
    outer loop
      vertex -7.88676 -4.33578 0
      vertex -21.9077 -12.0438 0
      vertex -8.14344 -3.83201 0
    endloop
  endfacet
  facet normal 0 0 -1
    outer loop
      vertex -4.82244 7.59895 0
      vertex -13.3957 21.1082 0
      vertex -12.0438 21.9077 0
    endloop
  endfacet
  facet normal 0 0 -1
    outer loop
      vertex -22.6207 -10.6445 0
      vertex -8.14344 -3.83201 0
      vertex -21.9077 -12.0438 0
    endloop
  endfacet
  facet normal 0 0 -1
    outer loop
      vertex -5.29007 7.28115 0
      vertex -14.6946 20.2254 0
      vertex -13.3957 21.1082 0
    endloop
  endfacet
  facet normal -0 0 -1
    outer loop
      vertex -8.14344 -3.83201 0
      vertex -22.6207 -10.6445 0
      vertex -8.36799 -3.31312 0
    endloop
  endfacet
  facet normal 0 0 -1
    outer loop
      vertex -5.73682 6.93462 0
      vertex -15.9356 19.2628 0
      vertex -14.6946 20.2254 0
    endloop
  endfacet
  facet normal 0 0 -1
    outer loop
      vertex -23.2444 -9.20311 0
      vertex -8.36799 -3.31312 0
      vertex -22.6207 -10.6445 0
    endloop
  endfacet
  facet normal 0 0 -1
    outer loop
      vertex -6.16092 6.56072 0
      vertex -17.1137 18.2242 0
      vertex -15.9356 19.2628 0
    endloop
  endfacet
  facet normal -0 0 -1
    outer loop
      vertex -8.36799 -3.31312 0
      vertex -23.2444 -9.20311 0
      vertex -8.55951 -2.78115 0
    endloop
  endfacet
  facet normal 0 0 -1
    outer loop
      vertex -6.56072 6.16092 0
      vertex -18.2242 17.1137 0
      vertex -17.1137 18.2242 0
    endloop
  endfacet
  facet normal 0 0 -1
    outer loop
      vertex -23.7764 -7.72542 0
      vertex -8.55951 -2.78115 0
      vertex -23.2444 -9.20311 0
    endloop
  endfacet
  facet normal 0 0 -1
    outer loop
      vertex -6.93462 5.73682 0
      vertex -19.2628 15.9356 0
      vertex -18.2242 17.1137 0
    endloop
  endfacet
  facet normal -0 0 -1
    outer loop
      vertex -8.55951 -2.78115 0
      vertex -23.7764 -7.72542 0
      vertex -8.71725 -2.23821 0
    endloop
  endfacet
  facet normal 0 0 -1
    outer loop
      vertex -7.28115 5.29007 0
      vertex -20.2254 14.6946 0
      vertex -19.2628 15.9356 0
    endloop
  endfacet
  facet normal 0 0 -1
    outer loop
      vertex -24.2146 -6.21725 0
      vertex -8.71725 -2.23821 0
      vertex -23.7764 -7.72542 0
    endloop
  endfacet
  facet normal 0 0 -1
    outer loop
      vertex -7.59895 4.82244 0
      vertex -21.1082 13.3957 0
      vertex -20.2254 14.6946 0
    endloop
  endfacet
  facet normal -0 0 -1
    outer loop
      vertex -8.71725 -2.23821 0
      vertex -24.2146 -6.21725 0
      vertex -8.84058 -1.68643 0
    endloop
  endfacet
  facet normal 0 0 -1
    outer loop
      vertex -7.88676 4.33578 0
      vertex -21.9077 12.0438 0
      vertex -21.1082 13.3957 0
    endloop
  endfacet
  facet normal 0 0 -1
    outer loop
      vertex -24.5572 -4.68453 0
      vertex -8.84058 -1.68643 0
      vertex -24.2146 -6.21725 0
    endloop
  endfacet
  facet normal 0 0 -1
    outer loop
      vertex -8.14344 3.83201 0
      vertex -22.6207 10.6445 0
      vertex -21.9077 12.0438 0
    endloop
  endfacet
  facet normal -0 0 -1
    outer loop
      vertex -8.84058 -1.68643 0
      vertex -24.5572 -4.68453 0
      vertex -8.92903 -1.128 0
    endloop
  endfacet
  facet normal 0 0 -1
    outer loop
      vertex -8.36799 3.31312 0
      vertex -23.2444 9.20311 0
      vertex -22.6207 10.6445 0
    endloop
  endfacet
  facet normal 0 0 -1
    outer loop
      vertex -24.8029 -3.13333 0
      vertex -8.92903 -1.128 0
      vertex -24.5572 -4.68453 0
    endloop
  endfacet
  facet normal 0 0 -1
    outer loop
      vertex -8.55951 2.78115 0
      vertex -23.7764 7.72542 0
      vertex -23.2444 9.20311 0
    endloop
  endfacet
  facet normal -0 0 -1
    outer loop
      vertex -8.92903 -1.128 0
      vertex -24.8029 -3.13333 0
      vertex -8.98224 -0.565114 0
    endloop
  endfacet
  facet normal 0 0 -1
    outer loop
      vertex -8.71725 2.23821 0
      vertex -24.2146 6.21725 0
      vertex -23.7764 7.72542 0
    endloop
  endfacet
  facet normal 0 0 -1
    outer loop
      vertex -24.9507 -1.56976 0
      vertex -8.98224 -0.565114 0
      vertex -24.8029 -3.13333 0
    endloop
  endfacet
  facet normal 0 0 -1
    outer loop
      vertex -8.84058 1.68643 0
      vertex -24.5572 4.68453 0
      vertex -24.2146 6.21725 0
    endloop
  endfacet
  facet normal -0 0 -1
    outer loop
      vertex -8.98224 -0.565114 0
      vertex -24.9507 -1.56976 0
      vertex -9 0 0
    endloop
  endfacet
  facet normal 0 0 -1
    outer loop
      vertex -8.92903 1.128 0
      vertex -24.8029 3.13333 0
      vertex -24.5572 4.68453 0
    endloop
  endfacet
  facet normal 0 0 -1
    outer loop
      vertex -25 0 0
      vertex -9 0 0
      vertex -24.9507 -1.56976 0
    endloop
  endfacet
  facet normal 0 0 -1
    outer loop
      vertex -8.98224 0.565114 0
      vertex -24.9507 1.56976 0
      vertex -24.8029 3.13333 0
    endloop
  endfacet
  facet normal 0 0 -1
    outer loop
      vertex -9 0 0
      vertex -25 0 0
      vertex -24.9507 1.56976 0
    endloop
  endfacet
  facet normal -0.707107 0.707107 0
    outer loop
      vertex -18.2242 17.1137 0
      vertex -17.1137 18.2242 10
      vertex -17.1137 18.2242 0
    endloop
  endfacet
  facet normal -0.707107 0.707107 0
    outer loop
      vertex -17.1137 18.2242 10
      vertex -18.2242 17.1137 0
      vertex -18.2242 17.1137 10
    endloop
  endfacet
  facet normal -0.891001 -0.454001 0
    outer loop
      vertex -21.9077 -12.0438 0
      vertex -22.6207 -10.6445 10
      vertex -22.6207 -10.6445 0
    endloop
  endfacet
  facet normal -0.891001 -0.454001 0
    outer loop
      vertex -22.6207 -10.6445 10
      vertex -21.9077 -12.0438 0
      vertex -21.9077 -12.0438 10
    endloop
  endfacet
  facet normal -0.562113 -0.82706 0
    outer loop
      vertex -14.6946 -20.2254 0
      vertex -13.3957 -21.1082 10
      vertex -14.6946 -20.2254 10
    endloop
  endfacet
  facet normal -0.562113 -0.82706 -0
    outer loop
      vertex -13.3957 -21.1082 10
      vertex -14.6946 -20.2254 0
      vertex -13.3957 -21.1082 0
    endloop
  endfacet
  facet normal -0.975917 0.218141 0
    outer loop
      vertex -24.5572 4.68453 0
      vertex -24.2146 6.21725 10
      vertex -24.2146 6.21725 0
    endloop
  endfacet
  facet normal -0.975917 0.218141 0
    outer loop
      vertex -24.2146 6.21725 10
      vertex -24.5572 4.68453 0
      vertex -24.5572 4.68453 10
    endloop
  endfacet
  facet normal -0.860745 -0.509036 0
    outer loop
      vertex -21.1082 -13.3957 0
      vertex -21.9077 -12.0438 10
      vertex -21.9077 -12.0438 0
    endloop
  endfacet
  facet normal -0.860745 -0.509036 0
    outer loop
      vertex -21.9077 -12.0438 10
      vertex -21.1082 -13.3957 0
      vertex -21.1082 -13.3957 10
    endloop
  endfacet
  facet normal -0.891001 0.454001 0
    outer loop
      vertex -22.6207 10.6445 0
      vertex -21.9077 12.0438 10
      vertex -21.9077 12.0438 0
    endloop
  endfacet
  facet normal -0.891001 0.454001 0
    outer loop
      vertex -21.9077 12.0438 10
      vertex -22.6207 10.6445 0
      vertex -22.6207 10.6445 10
    endloop
  endfacet
  facet normal -0.156443 -0.987687 0
    outer loop
      vertex -4.68453 -24.5572 0
      vertex -3.13333 -24.8029 10
      vertex -4.68453 -24.5572 10
    endloop
  endfacet
  facet normal -0.156443 -0.987687 -0
    outer loop
      vertex -3.13333 -24.8029 10
      vertex -4.68453 -24.5572 0
      vertex -3.13333 -24.8029 0
    endloop
  endfacet
  facet normal -0.860745 0.509036 0
    outer loop
      vertex -21.9077 12.0438 0
      vertex -21.1082 13.3957 10
      vertex -21.1082 13.3957 0
    endloop
  endfacet
  facet normal -0.860745 0.509036 0
    outer loop
      vertex -21.1082 13.3957 10
      vertex -21.9077 12.0438 0
      vertex -21.9077 12.0438 10
    endloop
  endfacet
  facet normal -0.279012 -0.960288 0
    outer loop
      vertex -7.72542 -23.7764 0
      vertex -6.21725 -24.2146 10
      vertex -7.72542 -23.7764 10
    endloop
  endfacet
  facet normal -0.279012 -0.960288 -0
    outer loop
      vertex -6.21725 -24.2146 10
      vertex -7.72542 -23.7764 0
      vertex -6.21725 -24.2146 0
    endloop
  endfacet
  facet normal 0.987694 0.156396 0
    outer loop
      vertex 15.8738 2.00533 45
      vertex 15.7166 2.9981 10
      vertex 15.7166 2.9981 45
    endloop
  endfacet
  facet normal 0.987694 0.156396 0
    outer loop
      vertex 15.7166 2.9981 10
      vertex 15.8738 2.00533 45
      vertex 15.8738 2.00533 10
    endloop
  endfacet
  facet normal -0.827114 -0.562035 0
    outer loop
      vertex -12.9443 -9.40456 10
      vertex -13.5092 -8.57323 45
      vertex -13.5092 -8.57323 10
    endloop
  endfacet
  facet normal -0.827114 -0.562035 0
    outer loop
      vertex -13.5092 -8.57323 45
      vertex -12.9443 -9.40456 10
      vertex -12.9443 -9.40456 45
    endloop
  endfacet
  facet normal -0.940874 -0.338755 0
    outer loop
      vertex -14.8764 -5.88999 10
      vertex -15.2169 -4.94427 45
      vertex -15.2169 -4.94427 10
    endloop
  endfacet
  facet normal -0.940874 -0.338755 0
    outer loop
      vertex -15.2169 -4.94427 45
      vertex -14.8764 -5.88999 10
      vertex -14.8764 -5.88999 45
    endloop
  endfacet
  facet normal -0.750131 -0.661289 0
    outer loop
      vertex -11.6635 -10.9528 10
      vertex -12.3282 -10.1988 45
      vertex -12.3282 -10.1988 10
    endloop
  endfacet
  facet normal -0.750131 -0.661289 0
    outer loop
      vertex -12.3282 -10.1988 45
      vertex -11.6635 -10.9528 10
      vertex -11.6635 -10.9528 45
    endloop
  endfacet
  facet normal 0.750131 0.661289 0
    outer loop
      vertex 12.3282 10.1988 45
      vertex 11.6635 10.9528 10
      vertex 11.6635 10.9528 45
    endloop
  endfacet
  facet normal 0.750131 0.661289 0
    outer loop
      vertex 11.6635 10.9528 10
      vertex 12.3282 10.1988 45
      vertex 12.3282 10.1988 10
    endloop
  endfacet
  facet normal 0.156396 0.987694 -0
    outer loop
      vertex 2.9981 15.7166 10
      vertex 2.00533 15.8738 45
      vertex 2.9981 15.7166 45
    endloop
  endfacet
  facet normal 0.156396 0.987694 0
    outer loop
      vertex 2.00533 15.8738 45
      vertex 2.9981 15.7166 10
      vertex 2.00533 15.8738 10
    endloop
  endfacet
  facet normal -0.0941161 0.995561 0
    outer loop
      vertex -1.00465 15.9684 10
      vertex -2.00533 15.8738 45
      vertex -1.00465 15.9684 45
    endloop
  endfacet
  facet normal -0.0941161 0.995561 0
    outer loop
      vertex -2.00533 15.8738 45
      vertex -1.00465 15.9684 10
      vertex -2.00533 15.8738 10
    endloop
  endfacet
  facet normal 0.790143 0.612922 0
    outer loop
      vertex 12.9443 9.40456 45
      vertex 12.3282 10.1988 10
      vertex 12.3282 10.1988 45
    endloop
  endfacet
  facet normal 0.790143 0.612922 0
    outer loop
      vertex 12.3282 10.1988 10
      vertex 12.9443 9.40456 45
      vertex 12.9443 9.40456 10
    endloop
  endfacet
  facet normal 0.860725 0.509071 0
    outer loop
      vertex 14.0209 7.70806 45
      vertex 13.5092 8.57323 10
      vertex 13.5092 8.57323 45
    endloop
  endfacet
  facet normal 0.860725 0.509071 0
    outer loop
      vertex 13.5092 8.57323 10
      vertex 14.0209 7.70806 45
      vertex 14.0209 7.70806 10
    endloop
  endfacet
  facet normal 0.338755 -0.940874 0
    outer loop
      vertex 4.94427 -15.2169 10
      vertex 5.88999 -14.8764 45
      vertex 4.94427 -15.2169 45
    endloop
  endfacet
  facet normal 0.338755 -0.940874 0
    outer loop
      vertex 5.88999 -14.8764 45
      vertex 4.94427 -15.2169 10
      vertex 5.88999 -14.8764 10
    endloop
  endfacet
  facet normal 0.917752 0.397154 0
    outer loop
      vertex 14.8764 5.88999 45
      vertex 14.4772 6.81247 10
      vertex 14.4772 6.81247 45
    endloop
  endfacet
  facet normal 0.917752 0.397154 0
    outer loop
      vertex 14.4772 6.81247 10
      vertex 14.8764 5.88999 45
      vertex 14.8764 5.88999 10
    endloop
  endfacet
  facet normal 0.995567 -0.0940598 0
    outer loop
      vertex 15.9684 -1.00465 45
      vertex 15.9216 -1.5 31.7591
      vertex 15.9684 -1.00465 31.7323
    endloop
  endfacet
  facet normal 0.995561 -0.0941161 2.12533e-06
    outer loop
      vertex 15.8738 -2.00533 45
      vertex 15.9216 -1.5 31.7591
      vertex 15.9684 -1.00465 45
    endloop
  endfacet
  facet normal 0.995556 -0.0941713 0
    outer loop
      vertex 15.8738 -2.00533 10
      vertex 15.9216 -1.5 31.7591
      vertex 15.8738 -2.00533 45
    endloop
  endfacet
  facet normal 0.995556 -0.0941713 0
    outer loop
      vertex 15.9216 -1.5 31.7591
      vertex 15.8738 -2.00533 10
      vertex 15.9216 -1.5 10
    endloop
  endfacet
  facet normal -0.9603 0.278968 0
    outer loop
      vertex -15.4973 3.97904 10
      vertex -15.2169 4.94427 45
      vertex -15.2169 4.94427 10
    endloop
  endfacet
  facet normal -0.9603 0.278968 0
    outer loop
      vertex -15.2169 4.94427 45
      vertex -15.4973 3.97904 10
      vertex -15.4973 3.97904 45
    endloop
  endfacet
  facet normal 0.45397 0.891017 -0
    outer loop
      vertex 7.70806 14.0209 10
      vertex 6.81247 14.4772 45
      vertex 7.70806 14.0209 45
    endloop
  endfacet
  facet normal 0.45397 0.891017 0
    outer loop
      vertex 6.81247 14.4772 45
      vertex 7.70806 14.0209 10
      vertex 6.81247 14.4772 10
    endloop
  endfacet
  facet normal -0.278968 -0.9603 0
    outer loop
      vertex -4.94427 -15.2169 10
      vertex -3.97904 -15.4973 45
      vertex -4.94427 -15.2169 45
    endloop
  endfacet
  facet normal -0.278968 -0.9603 -0
    outer loop
      vertex -3.97904 -15.4973 45
      vertex -4.94427 -15.2169 10
      vertex -3.97904 -15.4973 10
    endloop
  endfacet
  facet normal -0.891017 0.45397 0
    outer loop
      vertex -14.4772 6.81247 10
      vertex -14.0209 7.70806 45
      vertex -14.0209 7.70806 10
    endloop
  endfacet
  facet normal -0.891017 0.45397 0
    outer loop
      vertex -14.0209 7.70806 45
      vertex -14.4772 6.81247 10
      vertex -14.4772 6.81247 45
    endloop
  endfacet
  facet normal 0.999506 0.0314382 0
    outer loop
      vertex 16 0 45
      vertex 15.9684 1.00465 31.7323
      vertex 15.9684 1.00465 45
    endloop
  endfacet
  facet normal 0.999506 0.0314382 0
    outer loop
      vertex 15.9684 1.00465 31.7323
      vertex 16 0 45
      vertex 16 0 31.7143
    endloop
  endfacet
  facet normal -0.995561 0.0941161 0
    outer loop
      vertex -15.9684 1.00465 10
      vertex -15.8738 2.00533 45
      vertex -15.8738 2.00533 10
    endloop
  endfacet
  facet normal -0.995561 0.0941161 0
    outer loop
      vertex -15.8738 2.00533 45
      vertex -15.9684 1.00465 10
      vertex -15.9684 1.00465 45
    endloop
  endfacet
  facet normal 0.790143 -0.612922 0
    outer loop
      vertex 12.3282 -10.1988 45
      vertex 12.9443 -9.40456 10
      vertex 12.9443 -9.40456 45
    endloop
  endfacet
  facet normal 0.790143 -0.612922 0
    outer loop
      vertex 12.9443 -9.40456 10
      vertex 12.3282 -10.1988 45
      vertex 12.3282 -10.1988 10
    endloop
  endfacet
  facet normal 0.97591 0.218175 0
    outer loop
      vertex 15.7166 2.9981 45
      vertex 15.4973 3.97904 10
      vertex 15.4973 3.97904 45
    endloop
  endfacet
  facet normal 0.97591 0.218175 0
    outer loop
      vertex 15.4973 3.97904 10
      vertex 15.7166 2.9981 45
      vertex 15.7166 2.9981 10
    endloop
  endfacet
  facet normal 0.995556 0.0941713 0
    outer loop
      vertex 15.8738 2.00533 45
      vertex 15.9216 1.5 31.7591
      vertex 15.8738 2.00533 10
    endloop
  endfacet
  facet normal 0.995561 0.0941161 2.12533e-06
    outer loop
      vertex 15.9684 1.00465 45
      vertex 15.9216 1.5 31.7591
      vertex 15.8738 2.00533 45
    endloop
  endfacet
  facet normal 0.995567 0.0940598 0
    outer loop
      vertex 15.9216 1.5 31.7591
      vertex 15.9684 1.00465 45
      vertex 15.9684 1.00465 31.7323
    endloop
  endfacet
  facet normal 0.995556 0.0941713 0
    outer loop
      vertex 15.8738 2.00533 10
      vertex 15.9216 1.5 31.7591
      vertex 15.9216 1.5 10
    endloop
  endfacet
  facet normal 0.0314382 -0.999506 0
    outer loop
      vertex 0 -16 10
      vertex 1.00465 -15.9684 45
      vertex 0 -16 45
    endloop
  endfacet
  facet normal 0.0314382 -0.999506 0
    outer loop
      vertex 1.00465 -15.9684 45
      vertex 0 -16 10
      vertex 1.00465 -15.9684 10
    endloop
  endfacet
  facet normal 0.999506 -0.0314382 0
    outer loop
      vertex 15.9684 -1.00465 31.7323
      vertex 16 0 45
      vertex 15.9684 -1.00465 45
    endloop
  endfacet
  facet normal 0.999506 -0.0314382 0
    outer loop
      vertex 16 0 45
      vertex 15.9684 -1.00465 31.7323
      vertex 16 0 31.7143
    endloop
  endfacet
  facet normal 0.987694 -0.156396 0
    outer loop
      vertex 15.7166 -2.9981 45
      vertex 15.8738 -2.00533 10
      vertex 15.8738 -2.00533 45
    endloop
  endfacet
  facet normal 0.987694 -0.156396 0
    outer loop
      vertex 15.8738 -2.00533 10
      vertex 15.7166 -2.9981 45
      vertex 15.7166 -2.9981 10
    endloop
  endfacet
  facet normal 0.612922 -0.790143 0
    outer loop
      vertex 9.40456 -12.9443 10
      vertex 10.1988 -12.3282 45
      vertex 9.40456 -12.9443 45
    endloop
  endfacet
  facet normal 0.612922 -0.790143 0
    outer loop
      vertex 10.1988 -12.3282 45
      vertex 9.40456 -12.9443 10
      vertex 10.1988 -12.3282 10
    endloop
  endfacet
  facet normal 0.707107 0.707107 0
    outer loop
      vertex 11.6635 10.9528 45
      vertex 10.9528 11.6635 10
      vertex 10.9528 11.6635 45
    endloop
  endfacet
  facet normal 0.707107 0.707107 0
    outer loop
      vertex 10.9528 11.6635 10
      vertex 11.6635 10.9528 45
      vertex 11.6635 10.9528 10
    endloop
  endfacet
  facet normal 0.397154 -0.917752 0
    outer loop
      vertex 5.88999 -14.8764 10
      vertex 6.81247 -14.4772 45
      vertex 5.88999 -14.8764 45
    endloop
  endfacet
  facet normal 0.397154 -0.917752 0
    outer loop
      vertex 6.81247 -14.4772 45
      vertex 5.88999 -14.8764 10
      vertex 6.81247 -14.4772 10
    endloop
  endfacet
  facet normal -0.999506 0.0314382 0
    outer loop
      vertex -16 0 10
      vertex -15.9684 1.00465 45
      vertex -15.9684 1.00465 10
    endloop
  endfacet
  facet normal -0.999506 0.0314382 0
    outer loop
      vertex -15.9684 1.00465 45
      vertex -16 0 10
      vertex -16 0 45
    endloop
  endfacet
  facet normal -0.45397 -0.891017 0
    outer loop
      vertex -7.70806 -14.0209 10
      vertex -6.81247 -14.4772 45
      vertex -7.70806 -14.0209 45
    endloop
  endfacet
  facet normal -0.45397 -0.891017 -0
    outer loop
      vertex -6.81247 -14.4772 45
      vertex -7.70806 -14.0209 10
      vertex -6.81247 -14.4772 10
    endloop
  endfacet
  facet normal -0.995561 -0.0941161 0
    outer loop
      vertex -15.8738 -2.00533 10
      vertex -15.9684 -1.00465 45
      vertex -15.9684 -1.00465 10
    endloop
  endfacet
  facet normal -0.995561 -0.0941161 0
    outer loop
      vertex -15.9684 -1.00465 45
      vertex -15.8738 -2.00533 10
      vertex -15.8738 -2.00533 45
    endloop
  endfacet
  facet normal 0.612922 0.790143 -0
    outer loop
      vertex 10.1988 12.3282 10
      vertex 9.40456 12.9443 45
      vertex 10.1988 12.3282 45
    endloop
  endfacet
  facet normal 0.612922 0.790143 0
    outer loop
      vertex 9.40456 12.9443 45
      vertex 10.1988 12.3282 10
      vertex 9.40456 12.9443 10
    endloop
  endfacet
  facet normal 0.940874 -0.338755 0
    outer loop
      vertex 14.8764 -5.88999 45
      vertex 15.2169 -4.94427 10
      vertex 15.2169 -4.94427 45
    endloop
  endfacet
  facet normal 0.940874 -0.338755 0
    outer loop
      vertex 15.2169 -4.94427 10
      vertex 14.8764 -5.88999 45
      vertex 14.8764 -5.88999 10
    endloop
  endfacet
  facet normal 0.397154 0.917752 -0
    outer loop
      vertex 6.81247 14.4772 10
      vertex 5.88999 14.8764 45
      vertex 6.81247 14.4772 45
    endloop
  endfacet
  facet normal 0.397154 0.917752 0
    outer loop
      vertex 5.88999 14.8764 45
      vertex 6.81247 14.4772 10
      vertex 5.88999 14.8764 10
    endloop
  endfacet
  facet normal -0.612922 -0.790143 0
    outer loop
      vertex -10.1988 -12.3282 10
      vertex -9.40456 -12.9443 45
      vertex -10.1988 -12.3282 45
    endloop
  endfacet
  facet normal -0.612922 -0.790143 -0
    outer loop
      vertex -9.40456 -12.9443 45
      vertex -10.1988 -12.3282 10
      vertex -9.40456 -12.9443 10
    endloop
  endfacet
  facet normal -0.156396 0.987694 0
    outer loop
      vertex -2.00533 15.8738 10
      vertex -2.9981 15.7166 45
      vertex -2.00533 15.8738 45
    endloop
  endfacet
  facet normal -0.156396 0.987694 0
    outer loop
      vertex -2.9981 15.7166 45
      vertex -2.00533 15.8738 10
      vertex -2.9981 15.7166 10
    endloop
  endfacet
  facet normal -0.156396 -0.987694 0
    outer loop
      vertex -2.9981 -15.7166 10
      vertex -2.00533 -15.8738 45
      vertex -2.9981 -15.7166 45
    endloop
  endfacet
  facet normal -0.156396 -0.987694 -0
    outer loop
      vertex -2.00533 -15.8738 45
      vertex -2.9981 -15.7166 10
      vertex -2.00533 -15.8738 10
    endloop
  endfacet
  facet normal 0.827114 0.562035 0
    outer loop
      vertex 13.5092 8.57323 45
      vertex 12.9443 9.40456 10
      vertex 12.9443 9.40456 45
    endloop
  endfacet
  facet normal 0.827114 0.562035 0
    outer loop
      vertex 12.9443 9.40456 10
      vertex 13.5092 8.57323 45
      vertex 13.5092 8.57323 10
    endloop
  endfacet
  facet normal 0.9603 0.278968 0
    outer loop
      vertex 15.4973 3.97904 45
      vertex 15.2169 4.94427 10
      vertex 15.2169 4.94427 45
    endloop
  endfacet
  facet normal 0.9603 0.278968 0
    outer loop
      vertex 15.2169 4.94427 10
      vertex 15.4973 3.97904 45
      vertex 15.4973 3.97904 10
    endloop
  endfacet
  facet normal 0.509071 0.860725 -0
    outer loop
      vertex 8.57323 13.5092 10
      vertex 7.70806 14.0209 45
      vertex 8.57323 13.5092 45
    endloop
  endfacet
  facet normal 0.509071 0.860725 0
    outer loop
      vertex 7.70806 14.0209 45
      vertex 8.57323 13.5092 10
      vertex 7.70806 14.0209 10
    endloop
  endfacet
  facet normal -0.218175 -0.97591 0
    outer loop
      vertex -3.97904 -15.4973 10
      vertex -2.9981 -15.7166 45
      vertex -3.97904 -15.4973 45
    endloop
  endfacet
  facet normal -0.218175 -0.97591 -0
    outer loop
      vertex -2.9981 -15.7166 45
      vertex -3.97904 -15.4973 10
      vertex -2.9981 -15.7166 10
    endloop
  endfacet
  facet normal -0.0314382 0.999506 0
    outer loop
      vertex 0 16 10
      vertex -1.00465 15.9684 45
      vertex 0 16 45
    endloop
  endfacet
  facet normal -0.0314382 0.999506 0
    outer loop
      vertex -1.00465 15.9684 45
      vertex 0 16 10
      vertex -1.00465 15.9684 10
    endloop
  endfacet
  facet normal -0.917752 -0.397154 0
    outer loop
      vertex -14.4772 -6.81247 10
      vertex -14.8764 -5.88999 45
      vertex -14.8764 -5.88999 10
    endloop
  endfacet
  facet normal -0.917752 -0.397154 0
    outer loop
      vertex -14.8764 -5.88999 45
      vertex -14.4772 -6.81247 10
      vertex -14.4772 -6.81247 45
    endloop
  endfacet
  facet normal 0.156396 -0.987694 0
    outer loop
      vertex 2.00533 -15.8738 10
      vertex 2.9981 -15.7166 45
      vertex 2.00533 -15.8738 45
    endloop
  endfacet
  facet normal 0.156396 -0.987694 0
    outer loop
      vertex 2.9981 -15.7166 45
      vertex 2.00533 -15.8738 10
      vertex 2.9981 -15.7166 10
    endloop
  endfacet
  facet normal 0.661289 -0.750131 0
    outer loop
      vertex 10.1988 -12.3282 10
      vertex 10.9528 -11.6635 45
      vertex 10.1988 -12.3282 45
    endloop
  endfacet
  facet normal 0.661289 -0.750131 0
    outer loop
      vertex 10.9528 -11.6635 45
      vertex 10.1988 -12.3282 10
      vertex 10.9528 -11.6635 10
    endloop
  endfacet
  facet normal 0.891017 0.45397 0
    outer loop
      vertex 14.4772 6.81247 45
      vertex 14.0209 7.70806 10
      vertex 14.0209 7.70806 45
    endloop
  endfacet
  facet normal 0.891017 0.45397 0
    outer loop
      vertex 14.0209 7.70806 10
      vertex 14.4772 6.81247 45
      vertex 14.4772 6.81247 10
    endloop
  endfacet
  facet normal -0.860725 0.509071 0
    outer loop
      vertex -14.0209 7.70806 10
      vertex -13.5092 8.57323 45
      vertex -13.5092 8.57323 10
    endloop
  endfacet
  facet normal -0.860725 0.509071 0
    outer loop
      vertex -13.5092 8.57323 45
      vertex -14.0209 7.70806 10
      vertex -14.0209 7.70806 45
    endloop
  endfacet
  facet normal 0.218175 0.97591 -0
    outer loop
      vertex 3.97904 15.4973 10
      vertex 2.9981 15.7166 45
      vertex 3.97904 15.4973 45
    endloop
  endfacet
  facet normal 0.218175 0.97591 0
    outer loop
      vertex 2.9981 15.7166 45
      vertex 3.97904 15.4973 10
      vertex 2.9981 15.7166 10
    endloop
  endfacet
  facet normal -0.661289 0.750131 0
    outer loop
      vertex -10.1988 12.3282 10
      vertex -10.9528 11.6635 45
      vertex -10.1988 12.3282 45
    endloop
  endfacet
  facet normal -0.661289 0.750131 0
    outer loop
      vertex -10.9528 11.6635 45
      vertex -10.1988 12.3282 10
      vertex -10.9528 11.6635 10
    endloop
  endfacet
  facet normal -0.999506 -0.0314382 0
    outer loop
      vertex -15.9684 -1.00465 10
      vertex -16 0 45
      vertex -16 0 10
    endloop
  endfacet
  facet normal -0.999506 -0.0314382 0
    outer loop
      vertex -16 0 45
      vertex -15.9684 -1.00465 10
      vertex -15.9684 -1.00465 45
    endloop
  endfacet
  facet normal -0.562035 0.827114 0
    outer loop
      vertex -8.57323 13.5092 10
      vertex -9.40456 12.9443 45
      vertex -8.57323 13.5092 45
    endloop
  endfacet
  facet normal -0.562035 0.827114 0
    outer loop
      vertex -9.40456 12.9443 45
      vertex -8.57323 13.5092 10
      vertex -9.40456 12.9443 10
    endloop
  endfacet
  facet normal 0.562035 0.827114 -0
    outer loop
      vertex 9.40456 12.9443 10
      vertex 8.57323 13.5092 45
      vertex 9.40456 12.9443 45
    endloop
  endfacet
  facet normal 0.562035 0.827114 0
    outer loop
      vertex 8.57323 13.5092 45
      vertex 9.40456 12.9443 10
      vertex 8.57323 13.5092 10
    endloop
  endfacet
  facet normal -0.509071 0.860725 0
    outer loop
      vertex -7.70806 14.0209 10
      vertex -8.57323 13.5092 45
      vertex -7.70806 14.0209 45
    endloop
  endfacet
  facet normal -0.509071 0.860725 0
    outer loop
      vertex -8.57323 13.5092 45
      vertex -7.70806 14.0209 10
      vertex -8.57323 13.5092 10
    endloop
  endfacet
  facet normal -0.397154 -0.917752 0
    outer loop
      vertex -6.81247 -14.4772 10
      vertex -5.88999 -14.8764 45
      vertex -6.81247 -14.4772 45
    endloop
  endfacet
  facet normal -0.397154 -0.917752 -0
    outer loop
      vertex -5.88999 -14.8764 45
      vertex -6.81247 -14.4772 10
      vertex -5.88999 -14.8764 10
    endloop
  endfacet
  facet normal 0.562035 -0.827114 0
    outer loop
      vertex 8.57323 -13.5092 10
      vertex 9.40456 -12.9443 45
      vertex 8.57323 -13.5092 45
    endloop
  endfacet
  facet normal 0.562035 -0.827114 0
    outer loop
      vertex 9.40456 -12.9443 45
      vertex 8.57323 -13.5092 10
      vertex 9.40456 -12.9443 10
    endloop
  endfacet
  facet normal -0.987694 0.156396 0
    outer loop
      vertex -15.8738 2.00533 10
      vertex -15.7166 2.9981 45
      vertex -15.7166 2.9981 10
    endloop
  endfacet
  facet normal -0.987694 0.156396 0
    outer loop
      vertex -15.7166 2.9981 45
      vertex -15.8738 2.00533 10
      vertex -15.8738 2.00533 45
    endloop
  endfacet
  facet normal 0.9603 -0.278968 0
    outer loop
      vertex 15.2169 -4.94427 45
      vertex 15.4973 -3.97904 10
      vertex 15.4973 -3.97904 45
    endloop
  endfacet
  facet normal 0.9603 -0.278968 0
    outer loop
      vertex 15.4973 -3.97904 10
      vertex 15.2169 -4.94427 45
      vertex 15.2169 -4.94427 10
    endloop
  endfacet
  facet normal 0.97591 -0.218175 0
    outer loop
      vertex 15.4973 -3.97904 45
      vertex 15.7166 -2.9981 10
      vertex 15.7166 -2.9981 45
    endloop
  endfacet
  facet normal 0.97591 -0.218175 0
    outer loop
      vertex 15.7166 -2.9981 10
      vertex 15.4973 -3.97904 45
      vertex 15.4973 -3.97904 10
    endloop
  endfacet
  facet normal -0.790143 -0.612922 0
    outer loop
      vertex -12.3282 -10.1988 10
      vertex -12.9443 -9.40456 45
      vertex -12.9443 -9.40456 10
    endloop
  endfacet
  facet normal -0.790143 -0.612922 0
    outer loop
      vertex -12.9443 -9.40456 45
      vertex -12.3282 -10.1988 10
      vertex -12.3282 -10.1988 45
    endloop
  endfacet
  facet normal -0.0941161 -0.995561 0
    outer loop
      vertex -2.00533 -15.8738 10
      vertex -1.00465 -15.9684 45
      vertex -2.00533 -15.8738 45
    endloop
  endfacet
  facet normal -0.0941161 -0.995561 -0
    outer loop
      vertex -1.00465 -15.9684 45
      vertex -2.00533 -15.8738 10
      vertex -1.00465 -15.9684 10
    endloop
  endfacet
  facet normal -0.338755 0.940874 0
    outer loop
      vertex -4.94427 15.2169 10
      vertex -5.88999 14.8764 45
      vertex -4.94427 15.2169 45
    endloop
  endfacet
  facet normal -0.338755 0.940874 0
    outer loop
      vertex -5.88999 14.8764 45
      vertex -4.94427 15.2169 10
      vertex -5.88999 14.8764 10
    endloop
  endfacet
  facet normal -0.891017 -0.45397 0
    outer loop
      vertex -14.0209 -7.70806 10
      vertex -14.4772 -6.81247 45
      vertex -14.4772 -6.81247 10
    endloop
  endfacet
  facet normal -0.891017 -0.45397 0
    outer loop
      vertex -14.4772 -6.81247 45
      vertex -14.0209 -7.70806 10
      vertex -14.0209 -7.70806 45
    endloop
  endfacet
  facet normal 0.0941161 -0.995561 0
    outer loop
      vertex 1.00465 -15.9684 10
      vertex 2.00533 -15.8738 45
      vertex 1.00465 -15.9684 45
    endloop
  endfacet
  facet normal 0.0941161 -0.995561 0
    outer loop
      vertex 2.00533 -15.8738 45
      vertex 1.00465 -15.9684 10
      vertex 2.00533 -15.8738 10
    endloop
  endfacet
  facet normal 0.661289 0.750131 -0
    outer loop
      vertex 10.9528 11.6635 10
      vertex 10.1988 12.3282 45
      vertex 10.9528 11.6635 45
    endloop
  endfacet
  facet normal 0.661289 0.750131 0
    outer loop
      vertex 10.1988 12.3282 45
      vertex 10.9528 11.6635 10
      vertex 10.1988 12.3282 10
    endloop
  endfacet
  facet normal -0.987694 -0.156396 0
    outer loop
      vertex -15.7166 -2.9981 10
      vertex -15.8738 -2.00533 45
      vertex -15.8738 -2.00533 10
    endloop
  endfacet
  facet normal -0.987694 -0.156396 0
    outer loop
      vertex -15.8738 -2.00533 45
      vertex -15.7166 -2.9981 10
      vertex -15.7166 -2.9981 45
    endloop
  endfacet
  facet normal 0.338755 0.940874 -0
    outer loop
      vertex 5.88999 14.8764 10
      vertex 4.94427 15.2169 45
      vertex 5.88999 14.8764 45
    endloop
  endfacet
  facet normal 0.338755 0.940874 0
    outer loop
      vertex 4.94427 15.2169 45
      vertex 5.88999 14.8764 10
      vertex 4.94427 15.2169 10
    endloop
  endfacet
  facet normal 0.509071 -0.860725 0
    outer loop
      vertex 7.70806 -14.0209 10
      vertex 8.57323 -13.5092 45
      vertex 7.70806 -14.0209 45
    endloop
  endfacet
  facet normal 0.509071 -0.860725 0
    outer loop
      vertex 8.57323 -13.5092 45
      vertex 7.70806 -14.0209 10
      vertex 8.57323 -13.5092 10
    endloop
  endfacet
  facet normal -0.509071 -0.860725 0
    outer loop
      vertex -8.57323 -13.5092 10
      vertex -7.70806 -14.0209 45
      vertex -8.57323 -13.5092 45
    endloop
  endfacet
  facet normal -0.509071 -0.860725 -0
    outer loop
      vertex -7.70806 -14.0209 45
      vertex -8.57323 -13.5092 10
      vertex -7.70806 -14.0209 10
    endloop
  endfacet
  facet normal -0.750131 0.661289 0
    outer loop
      vertex -12.3282 10.1988 10
      vertex -11.6635 10.9528 45
      vertex -11.6635 10.9528 10
    endloop
  endfacet
  facet normal -0.750131 0.661289 0
    outer loop
      vertex -11.6635 10.9528 45
      vertex -12.3282 10.1988 10
      vertex -12.3282 10.1988 45
    endloop
  endfacet
  facet normal 0.45397 -0.891017 0
    outer loop
      vertex 6.81247 -14.4772 10
      vertex 7.70806 -14.0209 45
      vertex 6.81247 -14.4772 45
    endloop
  endfacet
  facet normal 0.45397 -0.891017 0
    outer loop
      vertex 7.70806 -14.0209 45
      vertex 6.81247 -14.4772 10
      vertex 7.70806 -14.0209 10
    endloop
  endfacet
  facet normal -0.0314382 -0.999506 0
    outer loop
      vertex -1.00465 -15.9684 10
      vertex 0 -16 45
      vertex -1.00465 -15.9684 45
    endloop
  endfacet
  facet normal -0.0314382 -0.999506 -0
    outer loop
      vertex 0 -16 45
      vertex -1.00465 -15.9684 10
      vertex 0 -16 10
    endloop
  endfacet
  facet normal -0.97591 -0.218175 0
    outer loop
      vertex -15.4973 -3.97904 10
      vertex -15.7166 -2.9981 45
      vertex -15.7166 -2.9981 10
    endloop
  endfacet
  facet normal -0.97591 -0.218175 0
    outer loop
      vertex -15.7166 -2.9981 45
      vertex -15.4973 -3.97904 10
      vertex -15.4973 -3.97904 45
    endloop
  endfacet
  facet normal -0.97591 0.218175 0
    outer loop
      vertex -15.7166 2.9981 10
      vertex -15.4973 3.97904 45
      vertex -15.4973 3.97904 10
    endloop
  endfacet
  facet normal -0.97591 0.218175 0
    outer loop
      vertex -15.4973 3.97904 45
      vertex -15.7166 2.9981 10
      vertex -15.7166 2.9981 45
    endloop
  endfacet
  facet normal -0.940874 0.338755 0
    outer loop
      vertex -15.2169 4.94427 10
      vertex -14.8764 5.88999 45
      vertex -14.8764 5.88999 10
    endloop
  endfacet
  facet normal -0.940874 0.338755 0
    outer loop
      vertex -14.8764 5.88999 45
      vertex -15.2169 4.94427 10
      vertex -15.2169 4.94427 45
    endloop
  endfacet
  facet normal -0.860725 -0.509071 0
    outer loop
      vertex -13.5092 -8.57323 10
      vertex -14.0209 -7.70806 45
      vertex -14.0209 -7.70806 10
    endloop
  endfacet
  facet normal -0.860725 -0.509071 0
    outer loop
      vertex -14.0209 -7.70806 45
      vertex -13.5092 -8.57323 10
      vertex -13.5092 -8.57323 45
    endloop
  endfacet
  facet normal 0.750131 -0.661289 0
    outer loop
      vertex 11.6635 -10.9528 45
      vertex 12.3282 -10.1988 10
      vertex 12.3282 -10.1988 45
    endloop
  endfacet
  facet normal 0.750131 -0.661289 0
    outer loop
      vertex 12.3282 -10.1988 10
      vertex 11.6635 -10.9528 45
      vertex 11.6635 -10.9528 10
    endloop
  endfacet
  facet normal -0.707107 -0.707107 0
    outer loop
      vertex -10.9528 -11.6635 10
      vertex -11.6635 -10.9528 45
      vertex -11.6635 -10.9528 10
    endloop
  endfacet
  facet normal -0.707107 -0.707107 0
    outer loop
      vertex -11.6635 -10.9528 45
      vertex -10.9528 -11.6635 10
      vertex -10.9528 -11.6635 45
    endloop
  endfacet
  facet normal 0.218175 -0.97591 0
    outer loop
      vertex 2.9981 -15.7166 10
      vertex 3.97904 -15.4973 45
      vertex 2.9981 -15.7166 45
    endloop
  endfacet
  facet normal 0.218175 -0.97591 0
    outer loop
      vertex 3.97904 -15.4973 45
      vertex 2.9981 -15.7166 10
      vertex 3.97904 -15.4973 10
    endloop
  endfacet
  facet normal -0.338755 -0.940874 0
    outer loop
      vertex -5.88999 -14.8764 10
      vertex -4.94427 -15.2169 45
      vertex -5.88999 -14.8764 45
    endloop
  endfacet
  facet normal -0.338755 -0.940874 -0
    outer loop
      vertex -4.94427 -15.2169 45
      vertex -5.88999 -14.8764 10
      vertex -4.94427 -15.2169 10
    endloop
  endfacet
  facet normal -0.612922 0.790143 0
    outer loop
      vertex -9.40456 12.9443 10
      vertex -10.1988 12.3282 45
      vertex -9.40456 12.9443 45
    endloop
  endfacet
  facet normal -0.612922 0.790143 0
    outer loop
      vertex -10.1988 12.3282 45
      vertex -9.40456 12.9443 10
      vertex -10.1988 12.3282 10
    endloop
  endfacet
  facet normal 0.940874 0.338755 0
    outer loop
      vertex 15.2169 4.94427 45
      vertex 14.8764 5.88999 10
      vertex 14.8764 5.88999 45
    endloop
  endfacet
  facet normal 0.940874 0.338755 0
    outer loop
      vertex 14.8764 5.88999 10
      vertex 15.2169 4.94427 45
      vertex 15.2169 4.94427 10
    endloop
  endfacet
  facet normal -0.917752 0.397154 0
    outer loop
      vertex -14.8764 5.88999 10
      vertex -14.4772 6.81247 45
      vertex -14.4772 6.81247 10
    endloop
  endfacet
  facet normal -0.917752 0.397154 0
    outer loop
      vertex -14.4772 6.81247 45
      vertex -14.8764 5.88999 10
      vertex -14.8764 5.88999 45
    endloop
  endfacet
  facet normal 0.278968 -0.9603 0
    outer loop
      vertex 3.97904 -15.4973 10
      vertex 4.94427 -15.2169 45
      vertex 3.97904 -15.4973 45
    endloop
  endfacet
  facet normal 0.278968 -0.9603 0
    outer loop
      vertex 4.94427 -15.2169 45
      vertex 3.97904 -15.4973 10
      vertex 4.94427 -15.2169 10
    endloop
  endfacet
  facet normal 0.860725 -0.509071 0
    outer loop
      vertex 13.5092 -8.57323 45
      vertex 14.0209 -7.70806 10
      vertex 14.0209 -7.70806 45
    endloop
  endfacet
  facet normal 0.860725 -0.509071 0
    outer loop
      vertex 14.0209 -7.70806 10
      vertex 13.5092 -8.57323 45
      vertex 13.5092 -8.57323 10
    endloop
  endfacet
  facet normal 0.827114 -0.562035 0
    outer loop
      vertex 12.9443 -9.40456 45
      vertex 13.5092 -8.57323 10
      vertex 13.5092 -8.57323 45
    endloop
  endfacet
  facet normal 0.827114 -0.562035 0
    outer loop
      vertex 13.5092 -8.57323 10
      vertex 12.9443 -9.40456 45
      vertex 12.9443 -9.40456 10
    endloop
  endfacet
  facet normal 0.707107 -0.707107 0
    outer loop
      vertex 10.9528 -11.6635 45
      vertex 11.6635 -10.9528 10
      vertex 11.6635 -10.9528 45
    endloop
  endfacet
  facet normal 0.707107 -0.707107 0
    outer loop
      vertex 11.6635 -10.9528 10
      vertex 10.9528 -11.6635 45
      vertex 10.9528 -11.6635 10
    endloop
  endfacet
  facet normal 0.0941161 0.995561 -0
    outer loop
      vertex 2.00533 15.8738 10
      vertex 1.00465 15.9684 45
      vertex 2.00533 15.8738 45
    endloop
  endfacet
  facet normal 0.0941161 0.995561 0
    outer loop
      vertex 1.00465 15.9684 45
      vertex 2.00533 15.8738 10
      vertex 1.00465 15.9684 10
    endloop
  endfacet
  facet normal 0.0314382 0.999506 -0
    outer loop
      vertex 1.00465 15.9684 10
      vertex 0 16 45
      vertex 1.00465 15.9684 45
    endloop
  endfacet
  facet normal 0.0314382 0.999506 0
    outer loop
      vertex 0 16 45
      vertex 1.00465 15.9684 10
      vertex 0 16 10
    endloop
  endfacet
  facet normal 0.891017 -0.45397 0
    outer loop
      vertex 14.0209 -7.70806 45
      vertex 14.4772 -6.81247 10
      vertex 14.4772 -6.81247 45
    endloop
  endfacet
  facet normal 0.891017 -0.45397 0
    outer loop
      vertex 14.4772 -6.81247 10
      vertex 14.0209 -7.70806 45
      vertex 14.0209 -7.70806 10
    endloop
  endfacet
  facet normal 0.917752 -0.397154 0
    outer loop
      vertex 14.4772 -6.81247 45
      vertex 14.8764 -5.88999 10
      vertex 14.8764 -5.88999 45
    endloop
  endfacet
  facet normal 0.917752 -0.397154 0
    outer loop
      vertex 14.8764 -5.88999 10
      vertex 14.4772 -6.81247 45
      vertex 14.4772 -6.81247 10
    endloop
  endfacet
  facet normal -0.790143 0.612922 0
    outer loop
      vertex -12.9443 9.40456 10
      vertex -12.3282 10.1988 45
      vertex -12.3282 10.1988 10
    endloop
  endfacet
  facet normal -0.790143 0.612922 0
    outer loop
      vertex -12.3282 10.1988 45
      vertex -12.9443 9.40456 10
      vertex -12.9443 9.40456 45
    endloop
  endfacet
  facet normal -0.9603 -0.278968 0
    outer loop
      vertex -15.2169 -4.94427 10
      vertex -15.4973 -3.97904 45
      vertex -15.4973 -3.97904 10
    endloop
  endfacet
  facet normal -0.9603 -0.278968 0
    outer loop
      vertex -15.4973 -3.97904 45
      vertex -15.2169 -4.94427 10
      vertex -15.2169 -4.94427 45
    endloop
  endfacet
  facet normal -0.707107 0.707107 0
    outer loop
      vertex -11.6635 10.9528 10
      vertex -10.9528 11.6635 45
      vertex -10.9528 11.6635 10
    endloop
  endfacet
  facet normal -0.707107 0.707107 0
    outer loop
      vertex -10.9528 11.6635 45
      vertex -11.6635 10.9528 10
      vertex -11.6635 10.9528 45
    endloop
  endfacet
  facet normal -0.397154 0.917752 0
    outer loop
      vertex -5.88999 14.8764 10
      vertex -6.81247 14.4772 45
      vertex -5.88999 14.8764 45
    endloop
  endfacet
  facet normal -0.397154 0.917752 0
    outer loop
      vertex -6.81247 14.4772 45
      vertex -5.88999 14.8764 10
      vertex -6.81247 14.4772 10
    endloop
  endfacet
  facet normal -0.278968 0.9603 0
    outer loop
      vertex -3.97904 15.4973 10
      vertex -4.94427 15.2169 45
      vertex -3.97904 15.4973 45
    endloop
  endfacet
  facet normal -0.278968 0.9603 0
    outer loop
      vertex -4.94427 15.2169 45
      vertex -3.97904 15.4973 10
      vertex -4.94427 15.2169 10
    endloop
  endfacet
  facet normal -0.218175 0.97591 0
    outer loop
      vertex -2.9981 15.7166 10
      vertex -3.97904 15.4973 45
      vertex -2.9981 15.7166 45
    endloop
  endfacet
  facet normal -0.218175 0.97591 0
    outer loop
      vertex -3.97904 15.4973 45
      vertex -2.9981 15.7166 10
      vertex -3.97904 15.4973 10
    endloop
  endfacet
  facet normal -0.661289 -0.750131 0
    outer loop
      vertex -10.9528 -11.6635 10
      vertex -10.1988 -12.3282 45
      vertex -10.9528 -11.6635 45
    endloop
  endfacet
  facet normal -0.661289 -0.750131 -0
    outer loop
      vertex -10.1988 -12.3282 45
      vertex -10.9528 -11.6635 10
      vertex -10.1988 -12.3282 10
    endloop
  endfacet
  facet normal 0.278968 0.9603 -0
    outer loop
      vertex 4.94427 15.2169 10
      vertex 3.97904 15.4973 45
      vertex 4.94427 15.2169 45
    endloop
  endfacet
  facet normal 0.278968 0.9603 0
    outer loop
      vertex 3.97904 15.4973 45
      vertex 4.94427 15.2169 10
      vertex 3.97904 15.4973 10
    endloop
  endfacet
  facet normal -0.827114 0.562035 0
    outer loop
      vertex -13.5092 8.57323 10
      vertex -12.9443 9.40456 45
      vertex -12.9443 9.40456 10
    endloop
  endfacet
  facet normal -0.827114 0.562035 0
    outer loop
      vertex -12.9443 9.40456 45
      vertex -13.5092 8.57323 10
      vertex -13.5092 8.57323 45
    endloop
  endfacet
  facet normal 0 0 1
    outer loop
      vertex 9 0 45
      vertex 16 0 45
      vertex 15.9684 1.00465 45
    endloop
  endfacet
  facet normal 0 0 1
    outer loop
      vertex 8.98224 0.565114 45
      vertex 15.9684 1.00465 45
      vertex 15.8738 2.00533 45
    endloop
  endfacet
  facet normal 0 0 1
    outer loop
      vertex 16 0 45
      vertex 9 0 45
      vertex 15.9684 -1.00465 45
    endloop
  endfacet
  facet normal 0 0 1
    outer loop
      vertex 8.92903 1.128 45
      vertex 15.8738 2.00533 45
      vertex 15.7166 2.9981 45
    endloop
  endfacet
  facet normal -0 0 1
    outer loop
      vertex 8.98224 -0.565114 45
      vertex 15.9684 -1.00465 45
      vertex 9 0 45
    endloop
  endfacet
  facet normal 0 0 1
    outer loop
      vertex 8.84058 1.68643 45
      vertex 15.7166 2.9981 45
      vertex 15.4973 3.97904 45
    endloop
  endfacet
  facet normal 0 0 1
    outer loop
      vertex 15.9684 -1.00465 45
      vertex 8.98224 -0.565114 45
      vertex 15.8738 -2.00533 45
    endloop
  endfacet
  facet normal 0 0 1
    outer loop
      vertex 8.71725 2.23821 45
      vertex 15.4973 3.97904 45
      vertex 15.2169 4.94427 45
    endloop
  endfacet
  facet normal -0 0 1
    outer loop
      vertex 8.92903 -1.128 45
      vertex 15.8738 -2.00533 45
      vertex 8.98224 -0.565114 45
    endloop
  endfacet
  facet normal 0 0 1
    outer loop
      vertex 8.55951 2.78115 45
      vertex 15.2169 4.94427 45
      vertex 14.8764 5.88999 45
    endloop
  endfacet
  facet normal 0 0 1
    outer loop
      vertex 15.8738 -2.00533 45
      vertex 8.92903 -1.128 45
      vertex 15.7166 -2.9981 45
    endloop
  endfacet
  facet normal 0 0 1
    outer loop
      vertex 8.36799 3.31312 45
      vertex 14.8764 5.88999 45
      vertex 14.4772 6.81247 45
    endloop
  endfacet
  facet normal -0 0 1
    outer loop
      vertex 8.84058 -1.68643 45
      vertex 15.7166 -2.9981 45
      vertex 8.92903 -1.128 45
    endloop
  endfacet
  facet normal 0 0 1
    outer loop
      vertex 8.14344 3.83201 45
      vertex 14.4772 6.81247 45
      vertex 14.0209 7.70806 45
    endloop
  endfacet
  facet normal 0 0 1
    outer loop
      vertex 15.7166 -2.9981 45
      vertex 8.84058 -1.68643 45
      vertex 15.4973 -3.97904 45
    endloop
  endfacet
  facet normal 0 0 1
    outer loop
      vertex 7.88676 4.33578 45
      vertex 14.0209 7.70806 45
      vertex 13.5092 8.57323 45
    endloop
  endfacet
  facet normal -0 0 1
    outer loop
      vertex 8.71725 -2.23821 45
      vertex 15.4973 -3.97904 45
      vertex 8.84058 -1.68643 45
    endloop
  endfacet
  facet normal 0 0 1
    outer loop
      vertex 7.59895 4.82244 45
      vertex 13.5092 8.57323 45
      vertex 12.9443 9.40456 45
    endloop
  endfacet
  facet normal 0 0 1
    outer loop
      vertex 15.4973 -3.97904 45
      vertex 8.71725 -2.23821 45
      vertex 15.2169 -4.94427 45
    endloop
  endfacet
  facet normal 0 0 1
    outer loop
      vertex 7.28115 5.29007 45
      vertex 12.9443 9.40456 45
      vertex 12.3282 10.1988 45
    endloop
  endfacet
  facet normal -0 0 1
    outer loop
      vertex 8.55951 -2.78115 45
      vertex 15.2169 -4.94427 45
      vertex 8.71725 -2.23821 45
    endloop
  endfacet
  facet normal 0 0 1
    outer loop
      vertex 6.93462 5.73682 45
      vertex 12.3282 10.1988 45
      vertex 11.6635 10.9528 45
    endloop
  endfacet
  facet normal 0 0 1
    outer loop
      vertex 15.2169 -4.94427 45
      vertex 8.55951 -2.78115 45
      vertex 14.8764 -5.88999 45
    endloop
  endfacet
  facet normal 0 0 1
    outer loop
      vertex 6.56072 6.16092 45
      vertex 11.6635 10.9528 45
      vertex 10.9528 11.6635 45
    endloop
  endfacet
  facet normal -0 0 1
    outer loop
      vertex 8.36799 -3.31312 45
      vertex 14.8764 -5.88999 45
      vertex 8.55951 -2.78115 45
    endloop
  endfacet
  facet normal 0 0 1
    outer loop
      vertex 6.16092 6.56072 45
      vertex 10.9528 11.6635 45
      vertex 10.1988 12.3282 45
    endloop
  endfacet
  facet normal 0 0 1
    outer loop
      vertex 14.8764 -5.88999 45
      vertex 8.36799 -3.31312 45
      vertex 14.4772 -6.81247 45
    endloop
  endfacet
  facet normal 0 0 1
    outer loop
      vertex 5.73682 6.93462 45
      vertex 10.1988 12.3282 45
      vertex 9.40456 12.9443 45
    endloop
  endfacet
  facet normal -0 0 1
    outer loop
      vertex 8.14344 -3.83201 45
      vertex 14.4772 -6.81247 45
      vertex 8.36799 -3.31312 45
    endloop
  endfacet
  facet normal 0 0 1
    outer loop
      vertex 14.4772 -6.81247 45
      vertex 8.14344 -3.83201 45
      vertex 14.0209 -7.70806 45
    endloop
  endfacet
  facet normal 0 0 1
    outer loop
      vertex 15.9684 1.00465 45
      vertex 8.98224 0.565114 45
      vertex 9 0 45
    endloop
  endfacet
  facet normal 0 0 1
    outer loop
      vertex 15.8738 2.00533 45
      vertex 8.92903 1.128 45
      vertex 8.98224 0.565114 45
    endloop
  endfacet
  facet normal 0 0 1
    outer loop
      vertex 15.7166 2.9981 45
      vertex 8.84058 1.68643 45
      vertex 8.92903 1.128 45
    endloop
  endfacet
  facet normal 0 0 1
    outer loop
      vertex 15.4973 3.97904 45
      vertex 8.71725 2.23821 45
      vertex 8.84058 1.68643 45
    endloop
  endfacet
  facet normal 0 0 1
    outer loop
      vertex 5.29007 7.28115 45
      vertex 9.40456 12.9443 45
      vertex 8.57323 13.5092 45
    endloop
  endfacet
  facet normal 0 0 1
    outer loop
      vertex 15.2169 4.94427 45
      vertex 8.55951 2.78115 45
      vertex 8.71725 2.23821 45
    endloop
  endfacet
  facet normal 0 0 1
    outer loop
      vertex 14.8764 5.88999 45
      vertex 8.36799 3.31312 45
      vertex 8.55951 2.78115 45
    endloop
  endfacet
  facet normal 0 0 1
    outer loop
      vertex 14.4772 6.81247 45
      vertex 8.14344 3.83201 45
      vertex 8.36799 3.31312 45
    endloop
  endfacet
  facet normal 0 0 1
    outer loop
      vertex 14.0209 7.70806 45
      vertex 7.88676 4.33578 45
      vertex 8.14344 3.83201 45
    endloop
  endfacet
  facet normal 0 0 1
    outer loop
      vertex 4.82244 7.59895 45
      vertex 8.57323 13.5092 45
      vertex 7.70806 14.0209 45
    endloop
  endfacet
  facet normal 0 0 1
    outer loop
      vertex 13.5092 8.57323 45
      vertex 7.59895 4.82244 45
      vertex 7.88676 4.33578 45
    endloop
  endfacet
  facet normal 0 0 1
    outer loop
      vertex 12.9443 9.40456 45
      vertex 7.28115 5.29007 45
      vertex 7.59895 4.82244 45
    endloop
  endfacet
  facet normal 0 0 1
    outer loop
      vertex 12.3282 10.1988 45
      vertex 6.93462 5.73682 45
      vertex 7.28115 5.29007 45
    endloop
  endfacet
  facet normal 0 0 1
    outer loop
      vertex 4.33578 7.88676 45
      vertex 7.70806 14.0209 45
      vertex 6.81247 14.4772 45
    endloop
  endfacet
  facet normal 0 0 1
    outer loop
      vertex 11.6635 10.9528 45
      vertex 6.56072 6.16092 45
      vertex 6.93462 5.73682 45
    endloop
  endfacet
  facet normal 0 0 1
    outer loop
      vertex 10.9528 11.6635 45
      vertex 6.16092 6.56072 45
      vertex 6.56072 6.16092 45
    endloop
  endfacet
  facet normal 0 0 1
    outer loop
      vertex 3.83201 8.14344 45
      vertex 6.81247 14.4772 45
      vertex 5.88999 14.8764 45
    endloop
  endfacet
  facet normal 0 0 1
    outer loop
      vertex 10.1988 12.3282 45
      vertex 5.73682 6.93462 45
      vertex 6.16092 6.56072 45
    endloop
  endfacet
  facet normal 0 0 1
    outer loop
      vertex 9.40456 12.9443 45
      vertex 5.29007 7.28115 45
      vertex 5.73682 6.93462 45
    endloop
  endfacet
  facet normal 0 0 1
    outer loop
      vertex 3.31312 8.36799 45
      vertex 5.88999 14.8764 45
      vertex 4.94427 15.2169 45
    endloop
  endfacet
  facet normal 0 0 1
    outer loop
      vertex 8.57323 13.5092 45
      vertex 4.82244 7.59895 45
      vertex 5.29007 7.28115 45
    endloop
  endfacet
  facet normal 0 0 1
    outer loop
      vertex 7.70806 14.0209 45
      vertex 4.33578 7.88676 45
      vertex 4.82244 7.59895 45
    endloop
  endfacet
  facet normal 0 0 1
    outer loop
      vertex 2.78115 8.55951 45
      vertex 4.94427 15.2169 45
      vertex 3.97904 15.4973 45
    endloop
  endfacet
  facet normal 0 0 1
    outer loop
      vertex 6.81247 14.4772 45
      vertex 3.83201 8.14344 45
      vertex 4.33578 7.88676 45
    endloop
  endfacet
  facet normal 0 0 1
    outer loop
      vertex 5.88999 14.8764 45
      vertex 3.31312 8.36799 45
      vertex 3.83201 8.14344 45
    endloop
  endfacet
  facet normal 0 0 1
    outer loop
      vertex 2.23821 8.71725 45
      vertex 3.97904 15.4973 45
      vertex 2.9981 15.7166 45
    endloop
  endfacet
  facet normal 0 0 1
    outer loop
      vertex 4.94427 15.2169 45
      vertex 2.78115 8.55951 45
      vertex 3.31312 8.36799 45
    endloop
  endfacet
  facet normal 0 0 1
    outer loop
      vertex 3.97904 15.4973 45
      vertex 2.23821 8.71725 45
      vertex 2.78115 8.55951 45
    endloop
  endfacet
  facet normal 0 0 1
    outer loop
      vertex 1.68643 8.84058 45
      vertex 2.9981 15.7166 45
      vertex 2.00533 15.8738 45
    endloop
  endfacet
  facet normal 0 0 1
    outer loop
      vertex 2.9981 15.7166 45
      vertex 1.68643 8.84058 45
      vertex 2.23821 8.71725 45
    endloop
  endfacet
  facet normal 0 0 1
    outer loop
      vertex 2.00533 15.8738 45
      vertex 1.128 8.92903 45
      vertex 1.68643 8.84058 45
    endloop
  endfacet
  facet normal 0 0 1
    outer loop
      vertex 1.00465 15.9684 45
      vertex 1.128 8.92903 45
      vertex 2.00533 15.8738 45
    endloop
  endfacet
  facet normal 0 0 1
    outer loop
      vertex 1.00465 15.9684 45
      vertex 0.565114 8.98224 45
      vertex 1.128 8.92903 45
    endloop
  endfacet
  facet normal 0 0 1
    outer loop
      vertex 0 16 45
      vertex 0.565114 8.98224 45
      vertex 1.00465 15.9684 45
    endloop
  endfacet
  facet normal 0 0 1
    outer loop
      vertex 0 16 45
      vertex 0 9 45
      vertex 0.565114 8.98224 45
    endloop
  endfacet
  facet normal 0 0 1
    outer loop
      vertex 0 16 45
      vertex -0.565114 8.98224 45
      vertex 0 9 45
    endloop
  endfacet
  facet normal -0 0 1
    outer loop
      vertex -1.00465 15.9684 45
      vertex -0.565114 8.98224 45
      vertex 0 16 45
    endloop
  endfacet
  facet normal 0 0 1
    outer loop
      vertex -1.00465 15.9684 45
      vertex -1.128 8.92903 45
      vertex -0.565114 8.98224 45
    endloop
  endfacet
  facet normal -0 0 1
    outer loop
      vertex -2.00533 15.8738 45
      vertex -1.128 8.92903 45
      vertex -1.00465 15.9684 45
    endloop
  endfacet
  facet normal 0 0 1
    outer loop
      vertex -1.128 8.92903 45
      vertex -2.00533 15.8738 45
      vertex -1.68643 8.84058 45
    endloop
  endfacet
  facet normal -0 0 1
    outer loop
      vertex -2.9981 15.7166 45
      vertex -1.68643 8.84058 45
      vertex -2.00533 15.8738 45
    endloop
  endfacet
  facet normal 0 0 1
    outer loop
      vertex -1.68643 8.84058 45
      vertex -2.9981 15.7166 45
      vertex -2.23821 8.71725 45
    endloop
  endfacet
  facet normal -0 0 1
    outer loop
      vertex -3.97904 15.4973 45
      vertex -2.23821 8.71725 45
      vertex -2.9981 15.7166 45
    endloop
  endfacet
  facet normal 0 0 1
    outer loop
      vertex -2.23821 8.71725 45
      vertex -3.97904 15.4973 45
      vertex -2.78115 8.55951 45
    endloop
  endfacet
  facet normal -0 0 1
    outer loop
      vertex -4.94427 15.2169 45
      vertex -2.78115 8.55951 45
      vertex -3.97904 15.4973 45
    endloop
  endfacet
  facet normal 0 0 1
    outer loop
      vertex -2.78115 8.55951 45
      vertex -4.94427 15.2169 45
      vertex -3.31312 8.36799 45
    endloop
  endfacet
  facet normal -0 0 1
    outer loop
      vertex -5.88999 14.8764 45
      vertex -3.31312 8.36799 45
      vertex -4.94427 15.2169 45
    endloop
  endfacet
  facet normal 0 0 1
    outer loop
      vertex -3.31312 8.36799 45
      vertex -5.88999 14.8764 45
      vertex -3.83201 8.14344 45
    endloop
  endfacet
  facet normal -0 0 1
    outer loop
      vertex -6.81247 14.4772 45
      vertex -3.83201 8.14344 45
      vertex -5.88999 14.8764 45
    endloop
  endfacet
  facet normal 0 0 1
    outer loop
      vertex -3.83201 8.14344 45
      vertex -6.81247 14.4772 45
      vertex -4.33578 7.88676 45
    endloop
  endfacet
  facet normal -0 0 1
    outer loop
      vertex -7.70806 14.0209 45
      vertex -4.33578 7.88676 45
      vertex -6.81247 14.4772 45
    endloop
  endfacet
  facet normal 0 0 1
    outer loop
      vertex -4.33578 7.88676 45
      vertex -7.70806 14.0209 45
      vertex -4.82244 7.59895 45
    endloop
  endfacet
  facet normal -0 0 1
    outer loop
      vertex -8.57323 13.5092 45
      vertex -4.82244 7.59895 45
      vertex -7.70806 14.0209 45
    endloop
  endfacet
  facet normal 0 0 1
    outer loop
      vertex -4.82244 7.59895 45
      vertex -8.57323 13.5092 45
      vertex -5.29007 7.28115 45
    endloop
  endfacet
  facet normal -0 0 1
    outer loop
      vertex -9.40456 12.9443 45
      vertex -5.29007 7.28115 45
      vertex -8.57323 13.5092 45
    endloop
  endfacet
  facet normal 0 0 1
    outer loop
      vertex -5.29007 7.28115 45
      vertex -9.40456 12.9443 45
      vertex -5.73682 6.93462 45
    endloop
  endfacet
  facet normal -0 0 1
    outer loop
      vertex -10.1988 12.3282 45
      vertex -5.73682 6.93462 45
      vertex -9.40456 12.9443 45
    endloop
  endfacet
  facet normal 0 0 1
    outer loop
      vertex -5.73682 6.93462 45
      vertex -10.1988 12.3282 45
      vertex -6.16092 6.56072 45
    endloop
  endfacet
  facet normal -0 0 1
    outer loop
      vertex -10.9528 11.6635 45
      vertex -6.16092 6.56072 45
      vertex -10.1988 12.3282 45
    endloop
  endfacet
  facet normal 0 0 1
    outer loop
      vertex -6.16092 6.56072 45
      vertex -10.9528 11.6635 45
      vertex -6.56072 6.16092 45
    endloop
  endfacet
  facet normal -0 0 1
    outer loop
      vertex -11.6635 10.9528 45
      vertex -6.56072 6.16092 45
      vertex -10.9528 11.6635 45
    endloop
  endfacet
  facet normal 0 0 1
    outer loop
      vertex -6.56072 6.16092 45
      vertex -11.6635 10.9528 45
      vertex -6.93462 5.73682 45
    endloop
  endfacet
  facet normal -0 0 1
    outer loop
      vertex -12.3282 10.1988 45
      vertex -6.93462 5.73682 45
      vertex -11.6635 10.9528 45
    endloop
  endfacet
  facet normal 0 0 1
    outer loop
      vertex -6.93462 5.73682 45
      vertex -12.3282 10.1988 45
      vertex -7.28115 5.29007 45
    endloop
  endfacet
  facet normal -0 0 1
    outer loop
      vertex -12.9443 9.40456 45
      vertex -7.28115 5.29007 45
      vertex -12.3282 10.1988 45
    endloop
  endfacet
  facet normal 0 0 1
    outer loop
      vertex -7.28115 5.29007 45
      vertex -12.9443 9.40456 45
      vertex -7.59895 4.82244 45
    endloop
  endfacet
  facet normal -0 0 1
    outer loop
      vertex -13.5092 8.57323 45
      vertex -7.59895 4.82244 45
      vertex -12.9443 9.40456 45
    endloop
  endfacet
  facet normal 0 0 1
    outer loop
      vertex -7.59895 4.82244 45
      vertex -13.5092 8.57323 45
      vertex -7.88676 4.33578 45
    endloop
  endfacet
  facet normal 0 0 1
    outer loop
      vertex -7.88676 4.33578 45
      vertex -14.0209 7.70806 45
      vertex -8.14344 3.83201 45
    endloop
  endfacet
  facet normal -0 0 1
    outer loop
      vertex -14.0209 7.70806 45
      vertex -7.88676 4.33578 45
      vertex -13.5092 8.57323 45
    endloop
  endfacet
  facet normal -0 0 1
    outer loop
      vertex 7.88676 -4.33578 45
      vertex 14.0209 -7.70806 45
      vertex 8.14344 -3.83201 45
    endloop
  endfacet
  facet normal 0 0 1
    outer loop
      vertex 14.0209 -7.70806 45
      vertex 7.88676 -4.33578 45
      vertex 13.5092 -8.57323 45
    endloop
  endfacet
  facet normal -0 0 1
    outer loop
      vertex 7.59895 -4.82244 45
      vertex 13.5092 -8.57323 45
      vertex 7.88676 -4.33578 45
    endloop
  endfacet
  facet normal 0 0 1
    outer loop
      vertex 13.5092 -8.57323 45
      vertex 7.59895 -4.82244 45
      vertex 12.9443 -9.40456 45
    endloop
  endfacet
  facet normal -0 0 1
    outer loop
      vertex 7.28115 -5.29007 45
      vertex 12.9443 -9.40456 45
      vertex 7.59895 -4.82244 45
    endloop
  endfacet
  facet normal 0 0 1
    outer loop
      vertex 12.9443 -9.40456 45
      vertex 7.28115 -5.29007 45
      vertex 12.3282 -10.1988 45
    endloop
  endfacet
  facet normal -0 0 1
    outer loop
      vertex 6.93462 -5.73682 45
      vertex 12.3282 -10.1988 45
      vertex 7.28115 -5.29007 45
    endloop
  endfacet
  facet normal 0 0 1
    outer loop
      vertex 12.3282 -10.1988 45
      vertex 6.93462 -5.73682 45
      vertex 11.6635 -10.9528 45
    endloop
  endfacet
  facet normal -0 0 1
    outer loop
      vertex 6.56072 -6.16092 45
      vertex 11.6635 -10.9528 45
      vertex 6.93462 -5.73682 45
    endloop
  endfacet
  facet normal 0 0 1
    outer loop
      vertex 11.6635 -10.9528 45
      vertex 6.56072 -6.16092 45
      vertex 10.9528 -11.6635 45
    endloop
  endfacet
  facet normal -0 0 1
    outer loop
      vertex 6.16092 -6.56072 45
      vertex 10.9528 -11.6635 45
      vertex 6.56072 -6.16092 45
    endloop
  endfacet
  facet normal 0 0 1
    outer loop
      vertex 10.9528 -11.6635 45
      vertex 6.16092 -6.56072 45
      vertex 10.1988 -12.3282 45
    endloop
  endfacet
  facet normal -0 0 1
    outer loop
      vertex 5.73682 -6.93462 45
      vertex 10.1988 -12.3282 45
      vertex 6.16092 -6.56072 45
    endloop
  endfacet
  facet normal 0 0 1
    outer loop
      vertex 10.1988 -12.3282 45
      vertex 5.73682 -6.93462 45
      vertex 9.40456 -12.9443 45
    endloop
  endfacet
  facet normal -0 0 1
    outer loop
      vertex 5.29007 -7.28115 45
      vertex 9.40456 -12.9443 45
      vertex 5.73682 -6.93462 45
    endloop
  endfacet
  facet normal 0 0 1
    outer loop
      vertex 9.40456 -12.9443 45
      vertex 5.29007 -7.28115 45
      vertex 8.57323 -13.5092 45
    endloop
  endfacet
  facet normal -0 0 1
    outer loop
      vertex 4.82244 -7.59895 45
      vertex 8.57323 -13.5092 45
      vertex 5.29007 -7.28115 45
    endloop
  endfacet
  facet normal 0 0 1
    outer loop
      vertex 8.57323 -13.5092 45
      vertex 4.82244 -7.59895 45
      vertex 7.70806 -14.0209 45
    endloop
  endfacet
  facet normal -0 0 1
    outer loop
      vertex 4.33578 -7.88676 45
      vertex 7.70806 -14.0209 45
      vertex 4.82244 -7.59895 45
    endloop
  endfacet
  facet normal 0 0 1
    outer loop
      vertex 7.70806 -14.0209 45
      vertex 4.33578 -7.88676 45
      vertex 6.81247 -14.4772 45
    endloop
  endfacet
  facet normal -0 0 1
    outer loop
      vertex 3.83201 -8.14344 45
      vertex 6.81247 -14.4772 45
      vertex 4.33578 -7.88676 45
    endloop
  endfacet
  facet normal 0 0 1
    outer loop
      vertex 6.81247 -14.4772 45
      vertex 3.83201 -8.14344 45
      vertex 5.88999 -14.8764 45
    endloop
  endfacet
  facet normal -0 0 1
    outer loop
      vertex 3.31312 -8.36799 45
      vertex 5.88999 -14.8764 45
      vertex 3.83201 -8.14344 45
    endloop
  endfacet
  facet normal 0 0 1
    outer loop
      vertex 5.88999 -14.8764 45
      vertex 3.31312 -8.36799 45
      vertex 4.94427 -15.2169 45
    endloop
  endfacet
  facet normal -0 0 1
    outer loop
      vertex 2.78115 -8.55951 45
      vertex 4.94427 -15.2169 45
      vertex 3.31312 -8.36799 45
    endloop
  endfacet
  facet normal 0 0 1
    outer loop
      vertex 4.94427 -15.2169 45
      vertex 2.78115 -8.55951 45
      vertex 3.97904 -15.4973 45
    endloop
  endfacet
  facet normal -0 0 1
    outer loop
      vertex 2.23821 -8.71725 45
      vertex 3.97904 -15.4973 45
      vertex 2.78115 -8.55951 45
    endloop
  endfacet
  facet normal 0 0 1
    outer loop
      vertex 3.97904 -15.4973 45
      vertex 2.23821 -8.71725 45
      vertex 2.9981 -15.7166 45
    endloop
  endfacet
  facet normal -0 0 1
    outer loop
      vertex 1.68643 -8.84058 45
      vertex 2.9981 -15.7166 45
      vertex 2.23821 -8.71725 45
    endloop
  endfacet
  facet normal 0 0 1
    outer loop
      vertex 2.9981 -15.7166 45
      vertex 1.68643 -8.84058 45
      vertex 2.00533 -15.8738 45
    endloop
  endfacet
  facet normal -0 0 1
    outer loop
      vertex 1.128 -8.92903 45
      vertex 2.00533 -15.8738 45
      vertex 1.68643 -8.84058 45
    endloop
  endfacet
  facet normal 0 0 1
    outer loop
      vertex 1.128 -8.92903 45
      vertex 1.00465 -15.9684 45
      vertex 2.00533 -15.8738 45
    endloop
  endfacet
  facet normal -0 0 1
    outer loop
      vertex 0.565114 -8.98224 45
      vertex 1.00465 -15.9684 45
      vertex 1.128 -8.92903 45
    endloop
  endfacet
  facet normal -0 0 1
    outer loop
      vertex 0 -9 45
      vertex 1.00465 -15.9684 45
      vertex 0.565114 -8.98224 45
    endloop
  endfacet
  facet normal 0 0 1
    outer loop
      vertex 0 -9 45
      vertex 0 -16 45
      vertex 1.00465 -15.9684 45
    endloop
  endfacet
  facet normal 0 0 1
    outer loop
      vertex -0.565114 -8.98224 45
      vertex 0 -16 45
      vertex 0 -9 45
    endloop
  endfacet
  facet normal 0 0 1
    outer loop
      vertex -0.565114 -8.98224 45
      vertex -1.00465 -15.9684 45
      vertex 0 -16 45
    endloop
  endfacet
  facet normal 0 0 1
    outer loop
      vertex -1.128 -8.92903 45
      vertex -1.00465 -15.9684 45
      vertex -0.565114 -8.98224 45
    endloop
  endfacet
  facet normal 0 0 1
    outer loop
      vertex -2.00533 -15.8738 45
      vertex -1.128 -8.92903 45
      vertex -1.68643 -8.84058 45
    endloop
  endfacet
  facet normal 0 0 1
    outer loop
      vertex -1.128 -8.92903 45
      vertex -2.00533 -15.8738 45
      vertex -1.00465 -15.9684 45
    endloop
  endfacet
  facet normal 0 0 1
    outer loop
      vertex -2.9981 -15.7166 45
      vertex -1.68643 -8.84058 45
      vertex -2.23821 -8.71725 45
    endloop
  endfacet
  facet normal 0 0 1
    outer loop
      vertex -3.97904 -15.4973 45
      vertex -2.23821 -8.71725 45
      vertex -2.78115 -8.55951 45
    endloop
  endfacet
  facet normal 0 0 1
    outer loop
      vertex -1.68643 -8.84058 45
      vertex -2.9981 -15.7166 45
      vertex -2.00533 -15.8738 45
    endloop
  endfacet
  facet normal 0 0 1
    outer loop
      vertex -4.94427 -15.2169 45
      vertex -2.78115 -8.55951 45
      vertex -3.31312 -8.36799 45
    endloop
  endfacet
  facet normal 0 0 1
    outer loop
      vertex -5.88999 -14.8764 45
      vertex -3.31312 -8.36799 45
      vertex -3.83201 -8.14344 45
    endloop
  endfacet
  facet normal 0 0 1
    outer loop
      vertex -2.23821 -8.71725 45
      vertex -3.97904 -15.4973 45
      vertex -2.9981 -15.7166 45
    endloop
  endfacet
  facet normal 0 0 1
    outer loop
      vertex -6.81247 -14.4772 45
      vertex -3.83201 -8.14344 45
      vertex -4.33578 -7.88676 45
    endloop
  endfacet
  facet normal 0 0 1
    outer loop
      vertex -7.70806 -14.0209 45
      vertex -4.33578 -7.88676 45
      vertex -4.82244 -7.59895 45
    endloop
  endfacet
  facet normal 0 0 1
    outer loop
      vertex -2.78115 -8.55951 45
      vertex -4.94427 -15.2169 45
      vertex -3.97904 -15.4973 45
    endloop
  endfacet
  facet normal 0 0 1
    outer loop
      vertex -8.57323 -13.5092 45
      vertex -4.82244 -7.59895 45
      vertex -5.29007 -7.28115 45
    endloop
  endfacet
  facet normal 0 0 1
    outer loop
      vertex -9.40456 -12.9443 45
      vertex -5.29007 -7.28115 45
      vertex -5.73682 -6.93462 45
    endloop
  endfacet
  facet normal 0 0 1
    outer loop
      vertex -3.31312 -8.36799 45
      vertex -5.88999 -14.8764 45
      vertex -4.94427 -15.2169 45
    endloop
  endfacet
  facet normal 0 0 1
    outer loop
      vertex -10.1988 -12.3282 45
      vertex -5.73682 -6.93462 45
      vertex -6.16092 -6.56072 45
    endloop
  endfacet
  facet normal 0 0 1
    outer loop
      vertex -10.9528 -11.6635 45
      vertex -6.16092 -6.56072 45
      vertex -6.56072 -6.16092 45
    endloop
  endfacet
  facet normal 0 0 1
    outer loop
      vertex -3.83201 -8.14344 45
      vertex -6.81247 -14.4772 45
      vertex -5.88999 -14.8764 45
    endloop
  endfacet
  facet normal 0 0 1
    outer loop
      vertex -11.6635 -10.9528 45
      vertex -6.56072 -6.16092 45
      vertex -6.93462 -5.73682 45
    endloop
  endfacet
  facet normal 0 0 1
    outer loop
      vertex -12.3282 -10.1988 45
      vertex -6.93462 -5.73682 45
      vertex -7.28115 -5.29007 45
    endloop
  endfacet
  facet normal 0 0 1
    outer loop
      vertex -12.9443 -9.40456 45
      vertex -7.28115 -5.29007 45
      vertex -7.59895 -4.82244 45
    endloop
  endfacet
  facet normal 0 0 1
    outer loop
      vertex -4.33578 -7.88676 45
      vertex -7.70806 -14.0209 45
      vertex -6.81247 -14.4772 45
    endloop
  endfacet
  facet normal 0 0 1
    outer loop
      vertex -13.5092 -8.57323 45
      vertex -7.59895 -4.82244 45
      vertex -7.88676 -4.33578 45
    endloop
  endfacet
  facet normal 0 0 1
    outer loop
      vertex -14.0209 -7.70806 45
      vertex -7.88676 -4.33578 45
      vertex -8.14344 -3.83201 45
    endloop
  endfacet
  facet normal 0 0 1
    outer loop
      vertex -14.4772 -6.81247 45
      vertex -8.14344 -3.83201 45
      vertex -8.36799 -3.31312 45
    endloop
  endfacet
  facet normal 0 0 1
    outer loop
      vertex -14.8764 -5.88999 45
      vertex -8.36799 -3.31312 45
      vertex -8.55951 -2.78115 45
    endloop
  endfacet
  facet normal 0 0 1
    outer loop
      vertex -4.82244 -7.59895 45
      vertex -8.57323 -13.5092 45
      vertex -7.70806 -14.0209 45
    endloop
  endfacet
  facet normal 0 0 1
    outer loop
      vertex -15.2169 -4.94427 45
      vertex -8.55951 -2.78115 45
      vertex -8.71725 -2.23821 45
    endloop
  endfacet
  facet normal 0 0 1
    outer loop
      vertex -15.4973 -3.97904 45
      vertex -8.71725 -2.23821 45
      vertex -8.84058 -1.68643 45
    endloop
  endfacet
  facet normal 0 0 1
    outer loop
      vertex -15.7166 -2.9981 45
      vertex -8.84058 -1.68643 45
      vertex -8.92903 -1.128 45
    endloop
  endfacet
  facet normal 0 0 1
    outer loop
      vertex -15.8738 -2.00533 45
      vertex -8.92903 -1.128 45
      vertex -8.98224 -0.565114 45
    endloop
  endfacet
  facet normal 0 0 1
    outer loop
      vertex -5.29007 -7.28115 45
      vertex -9.40456 -12.9443 45
      vertex -8.57323 -13.5092 45
    endloop
  endfacet
  facet normal 0 0 1
    outer loop
      vertex -15.9684 -1.00465 45
      vertex -8.98224 -0.565114 45
      vertex -9 0 45
    endloop
  endfacet
  facet normal -0 0 1
    outer loop
      vertex -14.4772 6.81247 45
      vertex -8.14344 3.83201 45
      vertex -14.0209 7.70806 45
    endloop
  endfacet
  facet normal 0 0 1
    outer loop
      vertex -8.14344 3.83201 45
      vertex -14.4772 6.81247 45
      vertex -8.36799 3.31312 45
    endloop
  endfacet
  facet normal 0 0 1
    outer loop
      vertex -5.73682 -6.93462 45
      vertex -10.1988 -12.3282 45
      vertex -9.40456 -12.9443 45
    endloop
  endfacet
  facet normal -0 0 1
    outer loop
      vertex -14.8764 5.88999 45
      vertex -8.36799 3.31312 45
      vertex -14.4772 6.81247 45
    endloop
  endfacet
  facet normal 0 0 1
    outer loop
      vertex -6.16092 -6.56072 45
      vertex -10.9528 -11.6635 45
      vertex -10.1988 -12.3282 45
    endloop
  endfacet
  facet normal 0 0 1
    outer loop
      vertex -8.36799 3.31312 45
      vertex -14.8764 5.88999 45
      vertex -8.55951 2.78115 45
    endloop
  endfacet
  facet normal 0 0 1
    outer loop
      vertex -6.56072 -6.16092 45
      vertex -11.6635 -10.9528 45
      vertex -10.9528 -11.6635 45
    endloop
  endfacet
  facet normal -0 0 1
    outer loop
      vertex -15.2169 4.94427 45
      vertex -8.55951 2.78115 45
      vertex -14.8764 5.88999 45
    endloop
  endfacet
  facet normal 0 0 1
    outer loop
      vertex -6.93462 -5.73682 45
      vertex -12.3282 -10.1988 45
      vertex -11.6635 -10.9528 45
    endloop
  endfacet
  facet normal 0 0 1
    outer loop
      vertex -8.55951 2.78115 45
      vertex -15.2169 4.94427 45
      vertex -8.71725 2.23821 45
    endloop
  endfacet
  facet normal 0 0 1
    outer loop
      vertex -7.28115 -5.29007 45
      vertex -12.9443 -9.40456 45
      vertex -12.3282 -10.1988 45
    endloop
  endfacet
  facet normal -0 0 1
    outer loop
      vertex -15.4973 3.97904 45
      vertex -8.71725 2.23821 45
      vertex -15.2169 4.94427 45
    endloop
  endfacet
  facet normal 0 0 1
    outer loop
      vertex -7.59895 -4.82244 45
      vertex -13.5092 -8.57323 45
      vertex -12.9443 -9.40456 45
    endloop
  endfacet
  facet normal 0 0 1
    outer loop
      vertex -8.71725 2.23821 45
      vertex -15.4973 3.97904 45
      vertex -8.84058 1.68643 45
    endloop
  endfacet
  facet normal 0 0 1
    outer loop
      vertex -7.88676 -4.33578 45
      vertex -14.0209 -7.70806 45
      vertex -13.5092 -8.57323 45
    endloop
  endfacet
  facet normal -0 0 1
    outer loop
      vertex -15.7166 2.9981 45
      vertex -8.84058 1.68643 45
      vertex -15.4973 3.97904 45
    endloop
  endfacet
  facet normal 0 0 1
    outer loop
      vertex -8.14344 -3.83201 45
      vertex -14.4772 -6.81247 45
      vertex -14.0209 -7.70806 45
    endloop
  endfacet
  facet normal 0 0 1
    outer loop
      vertex -8.84058 1.68643 45
      vertex -15.7166 2.9981 45
      vertex -8.92903 1.128 45
    endloop
  endfacet
  facet normal 0 0 1
    outer loop
      vertex -8.36799 -3.31312 45
      vertex -14.8764 -5.88999 45
      vertex -14.4772 -6.81247 45
    endloop
  endfacet
  facet normal -0 0 1
    outer loop
      vertex -15.8738 2.00533 45
      vertex -8.92903 1.128 45
      vertex -15.7166 2.9981 45
    endloop
  endfacet
  facet normal 0 0 1
    outer loop
      vertex -8.55951 -2.78115 45
      vertex -15.2169 -4.94427 45
      vertex -14.8764 -5.88999 45
    endloop
  endfacet
  facet normal 0 0 1
    outer loop
      vertex -8.92903 1.128 45
      vertex -15.8738 2.00533 45
      vertex -8.98224 0.565114 45
    endloop
  endfacet
  facet normal 0 0 1
    outer loop
      vertex -8.71725 -2.23821 45
      vertex -15.4973 -3.97904 45
      vertex -15.2169 -4.94427 45
    endloop
  endfacet
  facet normal -0 0 1
    outer loop
      vertex -15.9684 1.00465 45
      vertex -8.98224 0.565114 45
      vertex -15.8738 2.00533 45
    endloop
  endfacet
  facet normal 0 0 1
    outer loop
      vertex -8.84058 -1.68643 45
      vertex -15.7166 -2.9981 45
      vertex -15.4973 -3.97904 45
    endloop
  endfacet
  facet normal 0 0 1
    outer loop
      vertex -8.98224 0.565114 45
      vertex -15.9684 1.00465 45
      vertex -9 0 45
    endloop
  endfacet
  facet normal 0 0 1
    outer loop
      vertex -8.92903 -1.128 45
      vertex -15.8738 -2.00533 45
      vertex -15.7166 -2.9981 45
    endloop
  endfacet
  facet normal 0 0 1
    outer loop
      vertex -16 0 45
      vertex -9 0 45
      vertex -15.9684 1.00465 45
    endloop
  endfacet
  facet normal 0 0 1
    outer loop
      vertex -8.98224 -0.565114 45
      vertex -15.9684 -1.00465 45
      vertex -15.8738 -2.00533 45
    endloop
  endfacet
  facet normal 0 0 1
    outer loop
      vertex -9 0 45
      vertex -16 0 45
      vertex -15.9684 -1.00465 45
    endloop
  endfacet
  facet normal -0.45397 0.891017 0
    outer loop
      vertex -6.81247 14.4772 10
      vertex -7.70806 14.0209 45
      vertex -6.81247 14.4772 45
    endloop
  endfacet
  facet normal -0.45397 0.891017 0
    outer loop
      vertex -7.70806 14.0209 45
      vertex -6.81247 14.4772 10
      vertex -7.70806 14.0209 10
    endloop
  endfacet
  facet normal -0.562035 -0.827114 0
    outer loop
      vertex -9.40456 -12.9443 10
      vertex -8.57323 -13.5092 45
      vertex -9.40456 -12.9443 45
    endloop
  endfacet
  facet normal -0.562035 -0.827114 -0
    outer loop
      vertex -8.57323 -13.5092 45
      vertex -9.40456 -12.9443 10
      vertex -8.57323 -13.5092 10
    endloop
  endfacet
  facet normal 0.827099 0.562056 0
    outer loop
      vertex 75.1319 6.42992 10
      vertex 74.7082 7.05342 5
      vertex 74.7082 7.05342 10
    endloop
  endfacet
  facet normal 0.827099 0.562056 0
    outer loop
      vertex 74.7082 7.05342 5
      vertex 75.1319 6.42992 10
      vertex 75.1319 6.42992 5
    endloop
  endfacet
  facet normal 0.397135 0.91776 -0
    outer loop
      vertex 70.1094 10.8579 5
      vertex 69.4175 11.1573 10
      vertex 70.1094 10.8579 10
    endloop
  endfacet
  facet normal 0.397135 0.91776 0
    outer loop
      vertex 69.4175 11.1573 10
      vertex 70.1094 10.8579 5
      vertex 69.4175 11.1573 5
    endloop
  endfacet
  facet normal 0.562056 0.827099 -0
    outer loop
      vertex 72.0534 9.7082 5
      vertex 71.4299 10.1319 10
      vertex 72.0534 9.7082 10
    endloop
  endfacet
  facet normal 0.562056 0.827099 0
    outer loop
      vertex 71.4299 10.1319 10
      vertex 72.0534 9.7082 5
      vertex 71.4299 10.1319 5
    endloop
  endfacet
  facet normal 0.199984 -0.979799 3.79291e-06
    outer loop
      vertex 4.68453 -24.5572 10
      vertex 41.7102 -17 5
      vertex 67.2486 -11.7874 10
    endloop
  endfacet
  facet normal 0.199984 -0.979799 0
    outer loop
      vertex 4.68453 -24.5572 0
      vertex 41.7102 -17 5
      vertex 4.68453 -24.5572 10
    endloop
  endfacet
  facet normal 0.199984 -0.979799 0
    outer loop
      vertex 41.7102 -17 5
      vertex 4.68453 -24.5572 0
      vertex 41.7102 -17 0
    endloop
  endfacet
  facet normal 0.199985 -0.979799 0
    outer loop
      vertex 67.2486 -11.7874 10
      vertex 41.7102 -17 5
      vertex 67.2486 -11.7874 5
    endloop
  endfacet
  facet normal 0.860711 -0.509094 0
    outer loop
      vertex 75.1319 -6.42992 10
      vertex 75.5157 -5.78104 5
      vertex 75.5157 -5.78104 10
    endloop
  endfacet
  facet normal 0.860711 -0.509094 0
    outer loop
      vertex 75.5157 -5.78104 5
      vertex 75.1319 -6.42992 10
      vertex 75.1319 -6.42992 5
    endloop
  endfacet
  facet normal 0.827099 -0.562056 0
    outer loop
      vertex 74.7082 -7.05342 10
      vertex 75.1319 -6.42992 5
      vertex 75.1319 -6.42992 10
    endloop
  endfacet
  facet normal 0.827099 -0.562056 0
    outer loop
      vertex 75.1319 -6.42992 5
      vertex 74.7082 -7.05342 10
      vertex 74.7082 -7.05342 5
    endloop
  endfacet
  facet normal 0.509082 -0.860718 0
    outer loop
      vertex 70.781 -10.5157 5
      vertex 71.4299 -10.1319 10
      vertex 70.781 -10.5157 10
    endloop
  endfacet
  facet normal 0.509082 -0.860718 0
    outer loop
      vertex 71.4299 -10.1319 10
      vertex 70.781 -10.5157 5
      vertex 71.4299 -10.1319 5
    endloop
  endfacet
  facet normal 0.218082 -0.97593 0
    outer loop
      vertex 67.2486 -11.7874 5
      vertex 67.9843 -11.623 10
      vertex 67.2486 -11.7874 10
    endloop
  endfacet
  facet normal 0.218082 -0.97593 0
    outer loop
      vertex 67.9843 -11.623 10
      vertex 67.2486 -11.7874 5
      vertex 67.9843 -11.623 5
    endloop
  endfacet
  facet normal 0.707147 -0.707067 0
    outer loop
      vertex 73.2146 -8.74762 10
      vertex 73.7476 -8.21456 5
      vertex 73.7476 -8.21456 10
    endloop
  endfacet
  facet normal 0.707147 -0.707067 0
    outer loop
      vertex 73.7476 -8.21456 5
      vertex 73.2146 -8.74762 10
      vertex 73.2146 -8.74762 5
    endloop
  endfacet
  facet normal 0.999506 -0.0314383 0
    outer loop
      vertex 76.9763 -0.753486 10
      vertex 77 0 5
      vertex 77 0 10
    endloop
  endfacet
  facet normal 0.999506 -0.0314383 0
    outer loop
      vertex 77 0 5
      vertex 76.9763 -0.753486 10
      vertex 76.9763 -0.753486 5
    endloop
  endfacet
  facet normal 0.199985 0.979799 0
    outer loop
      vertex 41.7102 17 5
      vertex 67.2486 11.7874 10
      vertex 67.2486 11.7874 5
    endloop
  endfacet
  facet normal 0.199984 0.979799 3.79291e-06
    outer loop
      vertex 67.2486 11.7874 10
      vertex 41.7102 17 5
      vertex 4.68453 24.5572 10
    endloop
  endfacet
  facet normal 0.199984 0.979799 0
    outer loop
      vertex 4.68453 24.5572 0
      vertex 41.7102 17 5
      vertex 41.7102 17 0
    endloop
  endfacet
  facet normal 0.199984 0.979799 0
    outer loop
      vertex 41.7102 17 5
      vertex 4.68453 24.5572 0
      vertex 4.68453 24.5572 10
    endloop
  endfacet
  facet normal 0.750064 0.661365 0
    outer loop
      vertex 74.2462 7.64909 10
      vertex 73.7476 8.21456 5
      vertex 73.7476 8.21456 10
    endloop
  endfacet
  facet normal 0.750064 0.661365 0
    outer loop
      vertex 73.7476 8.21456 5
      vertex 74.2462 7.64909 10
      vertex 74.2462 7.64909 5
    endloop
  endfacet
  facet normal 0.218082 0.97593 -0
    outer loop
      vertex 67.9843 11.623 5
      vertex 67.2486 11.7874 10
      vertex 67.9843 11.623 10
    endloop
  endfacet
  facet normal 0.218082 0.97593 0
    outer loop
      vertex 67.2486 11.7874 10
      vertex 67.9843 11.623 5
      vertex 67.2486 11.7874 5
    endloop
  endfacet
  facet normal 0.995567 0.0940499 0
    outer loop
      vertex 76.9763 0.753486 10
      vertex 76.9054 1.504 5
      vertex 76.9054 1.504 10
    endloop
  endfacet
  facet normal 0.995567 0.0940499 0
    outer loop
      vertex 76.9054 1.504 5
      vertex 76.9763 0.753486 10
      vertex 76.9763 0.753486 5
    endloop
  endfacet
  facet normal 0.6613 -0.750121 0
    outer loop
      vertex 72.6491 -9.24616 5
      vertex 73.2146 -8.74762 10
      vertex 72.6491 -9.24616 10
    endloop
  endfacet
  facet normal 0.6613 -0.750121 0
    outer loop
      vertex 73.2146 -8.74762 10
      vertex 72.6491 -9.24616 5
      vertex 73.2146 -8.74762 5
    endloop
  endfacet
  facet normal 0.917752 0.397154 0
    outer loop
      vertex 76.1573 4.41749 10
      vertex 75.8579 5.10935 5
      vertex 75.8579 5.10935 10
    endloop
  endfacet
  facet normal 0.917752 0.397154 0
    outer loop
      vertex 75.8579 5.10935 5
      vertex 76.1573 4.41749 10
      vertex 76.1573 4.41749 5
    endloop
  endfacet
  facet normal 0.338781 0.940865 -0
    outer loop
      vertex 69.4175 11.1573 5
      vertex 68.7082 11.4127 10
      vertex 69.4175 11.1573 10
    endloop
  endfacet
  facet normal 0.338781 0.940865 0
    outer loop
      vertex 68.7082 11.4127 10
      vertex 69.4175 11.1573 5
      vertex 68.7082 11.4127 5
    endloop
  endfacet
  facet normal 0.278976 0.960298 -0
    outer loop
      vertex 68.7082 11.4127 5
      vertex 67.9843 11.623 10
      vertex 68.7082 11.4127 10
    endloop
  endfacet
  facet normal 0.278976 0.960298 0
    outer loop
      vertex 67.9843 11.623 10
      vertex 68.7082 11.4127 5
      vertex 67.9843 11.623 5
    endloop
  endfacet
  facet normal 0.97593 0.218082 0
    outer loop
      vertex 76.7874 2.24858 10
      vertex 76.623 2.98428 5
      vertex 76.623 2.98428 10
    endloop
  endfacet
  facet normal 0.97593 0.218082 0
    outer loop
      vertex 76.623 2.98428 5
      vertex 76.7874 2.24858 10
      vertex 76.7874 2.24858 5
    endloop
  endfacet
  facet normal 0.453993 0.891005 -0
    outer loop
      vertex 70.781 10.5157 5
      vertex 70.1094 10.8579 10
      vertex 70.781 10.5157 10
    endloop
  endfacet
  facet normal 0.453993 0.891005 0
    outer loop
      vertex 70.1094 10.8579 10
      vertex 70.781 10.5157 5
      vertex 70.1094 10.8579 5
    endloop
  endfacet
  facet normal 0.790186 -0.612866 0
    outer loop
      vertex 74.2462 -7.64909 10
      vertex 74.7082 -7.05342 5
      vertex 74.7082 -7.05342 10
    endloop
  endfacet
  facet normal 0.790186 -0.612866 0
    outer loop
      vertex 74.7082 -7.05342 5
      vertex 74.2462 -7.64909 10
      vertex 74.2462 -7.64909 5
    endloop
  endfacet
  facet normal 0.999506 0.0314383 0
    outer loop
      vertex 77 0 10
      vertex 76.9763 0.753486 5
      vertex 76.9763 0.753486 10
    endloop
  endfacet
  facet normal 0.999506 0.0314383 0
    outer loop
      vertex 76.9763 0.753486 5
      vertex 77 0 10
      vertex 77 0 5
    endloop
  endfacet
  facet normal 0.61288 0.790176 -0
    outer loop
      vertex 72.6491 9.24616 5
      vertex 72.0534 9.7082 10
      vertex 72.6491 9.24616 10
    endloop
  endfacet
  facet normal 0.61288 0.790176 0
    outer loop
      vertex 72.0534 9.7082 10
      vertex 72.6491 9.24616 5
      vertex 72.0534 9.7082 5
    endloop
  endfacet
  facet normal 0.6613 0.750121 -0
    outer loop
      vertex 73.2146 8.74762 5
      vertex 72.6491 9.24616 10
      vertex 73.2146 8.74762 10
    endloop
  endfacet
  facet normal 0.6613 0.750121 0
    outer loop
      vertex 72.6491 9.24616 10
      vertex 73.2146 8.74762 5
      vertex 72.6491 9.24616 5
    endloop
  endfacet
  facet normal 0.707147 0.707067 0
    outer loop
      vertex 73.7476 8.21456 10
      vertex 73.2146 8.74762 5
      vertex 73.2146 8.74762 10
    endloop
  endfacet
  facet normal 0.707147 0.707067 0
    outer loop
      vertex 73.2146 8.74762 5
      vertex 73.7476 8.21456 10
      vertex 73.7476 8.21456 5
    endloop
  endfacet
  facet normal 0.9603 0.278969 0
    outer loop
      vertex 76.623 2.98428 10
      vertex 76.4127 3.7082 5
      vertex 76.4127 3.7082 10
    endloop
  endfacet
  facet normal 0.9603 0.278969 0
    outer loop
      vertex 76.4127 3.7082 5
      vertex 76.623 2.98428 10
      vertex 76.623 2.98428 5
    endloop
  endfacet
  facet normal 0.9603 -0.278969 0
    outer loop
      vertex 76.4127 -3.7082 10
      vertex 76.623 -2.98428 5
      vertex 76.623 -2.98428 10
    endloop
  endfacet
  facet normal 0.9603 -0.278969 0
    outer loop
      vertex 76.623 -2.98428 5
      vertex 76.4127 -3.7082 10
      vertex 76.4127 -3.7082 5
    endloop
  endfacet
  facet normal 0.860711 0.509094 0
    outer loop
      vertex 75.5157 5.78104 10
      vertex 75.1319 6.42992 5
      vertex 75.1319 6.42992 10
    endloop
  endfacet
  facet normal 0.860711 0.509094 0
    outer loop
      vertex 75.1319 6.42992 5
      vertex 75.5157 5.78104 10
      vertex 75.5157 5.78104 5
    endloop
  endfacet
  facet normal 0.917752 -0.397154 0
    outer loop
      vertex 75.8579 -5.10935 10
      vertex 76.1573 -4.41749 5
      vertex 76.1573 -4.41749 10
    endloop
  endfacet
  facet normal 0.917752 -0.397154 0
    outer loop
      vertex 76.1573 -4.41749 5
      vertex 75.8579 -5.10935 10
      vertex 75.8579 -5.10935 5
    endloop
  endfacet
  facet normal 0.995567 -0.0940499 0
    outer loop
      vertex 76.9054 -1.504 10
      vertex 76.9763 -0.753486 5
      vertex 76.9763 -0.753486 10
    endloop
  endfacet
  facet normal 0.995567 -0.0940499 0
    outer loop
      vertex 76.9763 -0.753486 5
      vertex 76.9054 -1.504 10
      vertex 76.9054 -1.504 5
    endloop
  endfacet
  facet normal 0.509082 0.860718 -0
    outer loop
      vertex 71.4299 10.1319 5
      vertex 70.781 10.5157 10
      vertex 71.4299 10.1319 10
    endloop
  endfacet
  facet normal 0.509082 0.860718 0
    outer loop
      vertex 70.781 10.5157 10
      vertex 71.4299 10.1319 5
      vertex 70.781 10.5157 5
    endloop
  endfacet
  facet normal 0.987674 -0.156525 0
    outer loop
      vertex 76.7874 -2.24858 10
      vertex 76.9054 -1.504 5
      vertex 76.9054 -1.504 10
    endloop
  endfacet
  facet normal 0.987674 -0.156525 0
    outer loop
      vertex 76.9054 -1.504 5
      vertex 76.7874 -2.24858 10
      vertex 76.7874 -2.24858 5
    endloop
  endfacet
  facet normal 0.338781 -0.940865 0
    outer loop
      vertex 68.7082 -11.4127 5
      vertex 69.4175 -11.1573 10
      vertex 68.7082 -11.4127 10
    endloop
  endfacet
  facet normal 0.338781 -0.940865 0
    outer loop
      vertex 69.4175 -11.1573 10
      vertex 68.7082 -11.4127 5
      vertex 69.4175 -11.1573 5
    endloop
  endfacet
  facet normal 0.89103 0.453945 0
    outer loop
      vertex 75.8579 5.10935 10
      vertex 75.5157 5.78104 5
      vertex 75.5157 5.78104 10
    endloop
  endfacet
  facet normal 0.89103 0.453945 0
    outer loop
      vertex 75.5157 5.78104 5
      vertex 75.8579 5.10935 10
      vertex 75.8579 5.10935 5
    endloop
  endfacet
  facet normal 0.89103 -0.453945 0
    outer loop
      vertex 75.5157 -5.78104 10
      vertex 75.8579 -5.10935 5
      vertex 75.8579 -5.10935 10
    endloop
  endfacet
  facet normal 0.89103 -0.453945 0
    outer loop
      vertex 75.8579 -5.10935 5
      vertex 75.5157 -5.78104 10
      vertex 75.5157 -5.78104 5
    endloop
  endfacet
  facet normal 0.562056 -0.827099 0
    outer loop
      vertex 71.4299 -10.1319 5
      vertex 72.0534 -9.7082 10
      vertex 71.4299 -10.1319 10
    endloop
  endfacet
  facet normal 0.562056 -0.827099 0
    outer loop
      vertex 72.0534 -9.7082 10
      vertex 71.4299 -10.1319 5
      vertex 72.0534 -9.7082 5
    endloop
  endfacet
  facet normal 0.987674 0.156525 0
    outer loop
      vertex 76.9054 1.504 10
      vertex 76.7874 2.24858 5
      vertex 76.7874 2.24858 10
    endloop
  endfacet
  facet normal 0.987674 0.156525 0
    outer loop
      vertex 76.7874 2.24858 5
      vertex 76.9054 1.504 10
      vertex 76.9054 1.504 5
    endloop
  endfacet
  facet normal 0.940864 0.338785 0
    outer loop
      vertex 76.4127 3.7082 10
      vertex 76.1573 4.41749 5
      vertex 76.1573 4.41749 10
    endloop
  endfacet
  facet normal 0.940864 0.338785 0
    outer loop
      vertex 76.1573 4.41749 5
      vertex 76.4127 3.7082 10
      vertex 76.4127 3.7082 5
    endloop
  endfacet
  facet normal 0.397135 -0.91776 0
    outer loop
      vertex 69.4175 -11.1573 5
      vertex 70.1094 -10.8579 10
      vertex 69.4175 -11.1573 10
    endloop
  endfacet
  facet normal 0.397135 -0.91776 0
    outer loop
      vertex 70.1094 -10.8579 10
      vertex 69.4175 -11.1573 5
      vertex 70.1094 -10.8579 5
    endloop
  endfacet
  facet normal 0.97593 -0.218082 0
    outer loop
      vertex 76.623 -2.98428 10
      vertex 76.7874 -2.24858 5
      vertex 76.7874 -2.24858 10
    endloop
  endfacet
  facet normal 0.97593 -0.218082 0
    outer loop
      vertex 76.7874 -2.24858 5
      vertex 76.623 -2.98428 10
      vertex 76.623 -2.98428 5
    endloop
  endfacet
  facet normal 0.790186 0.612866 0
    outer loop
      vertex 74.7082 7.05342 10
      vertex 74.2462 7.64909 5
      vertex 74.2462 7.64909 10
    endloop
  endfacet
  facet normal 0.790186 0.612866 0
    outer loop
      vertex 74.2462 7.64909 5
      vertex 74.7082 7.05342 10
      vertex 74.7082 7.05342 5
    endloop
  endfacet
  facet normal 0.940864 -0.338785 0
    outer loop
      vertex 76.1573 -4.41749 10
      vertex 76.4127 -3.7082 5
      vertex 76.4127 -3.7082 10
    endloop
  endfacet
  facet normal 0.940864 -0.338785 0
    outer loop
      vertex 76.4127 -3.7082 5
      vertex 76.1573 -4.41749 10
      vertex 76.1573 -4.41749 5
    endloop
  endfacet
  facet normal 0.750064 -0.661365 0
    outer loop
      vertex 73.7476 -8.21456 10
      vertex 74.2462 -7.64909 5
      vertex 74.2462 -7.64909 10
    endloop
  endfacet
  facet normal 0.750064 -0.661365 0
    outer loop
      vertex 74.2462 -7.64909 5
      vertex 73.7476 -8.21456 10
      vertex 73.7476 -8.21456 5
    endloop
  endfacet
  facet normal 0.61288 -0.790176 0
    outer loop
      vertex 72.0534 -9.7082 5
      vertex 72.6491 -9.24616 10
      vertex 72.0534 -9.7082 10
    endloop
  endfacet
  facet normal 0.61288 -0.790176 0
    outer loop
      vertex 72.6491 -9.24616 10
      vertex 72.0534 -9.7082 5
      vertex 72.6491 -9.24616 5
    endloop
  endfacet
  facet normal 0.453993 -0.891005 0
    outer loop
      vertex 70.1094 -10.8579 5
      vertex 70.781 -10.5157 10
      vertex 70.1094 -10.8579 10
    endloop
  endfacet
  facet normal 0.453993 -0.891005 0
    outer loop
      vertex 70.781 -10.5157 10
      vertex 70.1094 -10.8579 5
      vertex 70.781 -10.5157 5
    endloop
  endfacet
  facet normal 0.278976 -0.960298 0
    outer loop
      vertex 67.9843 -11.623 5
      vertex 68.7082 -11.4127 10
      vertex 67.9843 -11.623 10
    endloop
  endfacet
  facet normal 0.278976 -0.960298 0
    outer loop
      vertex 68.7082 -11.4127 10
      vertex 67.9843 -11.623 5
      vertex 68.7082 -11.4127 5
    endloop
  endfacet
  facet normal 0 1 0
    outer loop
      vertex 54 1.5 10
      vertex 15.9216 1.5 10
      vertex 15.9216 1.5 31.7591
    endloop
  endfacet
  facet normal 0 -1 0
    outer loop
      vertex 15.9216 -1.5 31.7591
      vertex 15.9216 -1.5 10
      vertex 54 -1.5 10
    endloop
  endfacet
  facet normal 0.496139 0 0.868243
    outer loop
      vertex 54 1.5 10
      vertex 16 0 31.7143
      vertex 54 -1.5 10
    endloop
  endfacet
  facet normal 0.496138 4.93333e-05 0.868244
    outer loop
      vertex 54 1.5 10
      vertex 15.9684 1.00465 31.7323
      vertex 16 0 31.7143
    endloop
  endfacet
  facet normal 0.496139 -0.000100128 0.868243
    outer loop
      vertex 15.9684 1.00465 31.7323
      vertex 54 1.5 10
      vertex 15.9216 1.5 31.7591
    endloop
  endfacet
  facet normal 0.496138 -4.93333e-05 0.868244
    outer loop
      vertex 15.9684 -1.00465 31.7323
      vertex 54 -1.5 10
      vertex 16 0 31.7143
    endloop
  endfacet
  facet normal 0.496139 0.000100128 0.868243
    outer loop
      vertex 54 -1.5 10
      vertex 15.9684 -1.00465 31.7323
      vertex 15.9216 -1.5 31.7591
    endloop
  endfacet
  facet normal 0.0941111 -0.995562 0
    outer loop
      vertex -1.128 8.92903 0
      vertex -0.565114 8.98224 45
      vertex -1.128 8.92903 45
    endloop
  endfacet
  facet normal 0.0941111 -0.995562 0
    outer loop
      vertex -0.565114 8.98224 45
      vertex -1.128 8.92903 0
      vertex -0.565114 8.98224 0
    endloop
  endfacet
  facet normal -0.987687 0.15644 0
    outer loop
      vertex 8.84058 -1.68643 0
      vertex 8.92903 -1.128 45
      vertex 8.92903 -1.128 0
    endloop
  endfacet
  facet normal -0.987687 0.15644 0
    outer loop
      vertex 8.92903 -1.128 45
      vertex 8.84058 -1.68643 0
      vertex 8.84058 -1.68643 45
    endloop
  endfacet
  facet normal -0.509042 -0.860742 0
    outer loop
      vertex 4.33578 7.88676 0
      vertex 4.82244 7.59895 45
      vertex 4.33578 7.88676 45
    endloop
  endfacet
  facet normal -0.509042 -0.860742 -0
    outer loop
      vertex 4.82244 7.59895 45
      vertex 4.33578 7.88676 0
      vertex 4.82244 7.59895 0
    endloop
  endfacet
  facet normal 0.987687 0.15644 0
    outer loop
      vertex -8.84058 -1.68643 45
      vertex -8.92903 -1.128 0
      vertex -8.92903 -1.128 45
    endloop
  endfacet
  facet normal 0.987687 0.15644 0
    outer loop
      vertex -8.92903 -1.128 0
      vertex -8.84058 -1.68643 45
      vertex -8.84058 -1.68643 0
    endloop
  endfacet
  facet normal -0.453985 -0.891009 0
    outer loop
      vertex 3.83201 8.14344 0
      vertex 4.33578 7.88676 45
      vertex 3.83201 8.14344 45
    endloop
  endfacet
  facet normal -0.453985 -0.891009 -0
    outer loop
      vertex 4.33578 7.88676 45
      vertex 3.83201 8.14344 0
      vertex 4.33578 7.88676 0
    endloop
  endfacet
  facet normal 0.397157 0.917751 -0
    outer loop
      vertex -3.31312 -8.36799 0
      vertex -3.83201 -8.14344 45
      vertex -3.31312 -8.36799 45
    endloop
  endfacet
  facet normal 0.397157 0.917751 0
    outer loop
      vertex -3.83201 -8.14344 45
      vertex -3.31312 -8.36799 0
      vertex -3.83201 -8.14344 0
    endloop
  endfacet
  facet normal -0.750106 -0.661317 0
    outer loop
      vertex 6.93462 5.73682 0
      vertex 6.56072 6.16092 45
      vertex 6.56072 6.16092 0
    endloop
  endfacet
  facet normal -0.750106 -0.661317 0
    outer loop
      vertex 6.56072 6.16092 45
      vertex 6.93462 5.73682 0
      vertex 6.93462 5.73682 45
    endloop
  endfacet
  facet normal 0.827081 0.562082 0
    outer loop
      vertex -7.28115 -5.29007 45
      vertex -7.59895 -4.82244 0
      vertex -7.59895 -4.82244 45
    endloop
  endfacet
  facet normal 0.827081 0.562082 0
    outer loop
      vertex -7.59895 -4.82244 0
      vertex -7.28115 -5.29007 45
      vertex -7.28115 -5.29007 0
    endloop
  endfacet
  facet normal 0.509042 0.860742 -0
    outer loop
      vertex -4.33578 -7.88676 0
      vertex -4.82244 -7.59895 45
      vertex -4.33578 -7.88676 45
    endloop
  endfacet
  facet normal 0.509042 0.860742 0
    outer loop
      vertex -4.82244 -7.59895 45
      vertex -4.33578 -7.88676 0
      vertex -4.82244 -7.59895 0
    endloop
  endfacet
  facet normal -0.995562 -0.0941111 0
    outer loop
      vertex 8.98224 0.565114 0
      vertex 8.92903 1.128 45
      vertex 8.92903 1.128 0
    endloop
  endfacet
  facet normal -0.995562 -0.0941111 0
    outer loop
      vertex 8.92903 1.128 45
      vertex 8.98224 0.565114 0
      vertex 8.98224 0.565114 45
    endloop
  endfacet
  facet normal -0.827081 0.562082 0
    outer loop
      vertex 7.28115 -5.29007 0
      vertex 7.59895 -4.82244 45
      vertex 7.59895 -4.82244 0
    endloop
  endfacet
  facet normal -0.827081 0.562082 0
    outer loop
      vertex 7.59895 -4.82244 45
      vertex 7.28115 -5.29007 0
      vertex 7.28115 -5.29007 45
    endloop
  endfacet
  facet normal 0.278993 0.960293 -0
    outer loop
      vertex -2.23821 -8.71725 0
      vertex -2.78115 -8.55951 45
      vertex -2.23821 -8.71725 45
    endloop
  endfacet
  facet normal 0.278993 0.960293 0
    outer loop
      vertex -2.78115 -8.55951 45
      vertex -2.23821 -8.71725 0
      vertex -2.78115 -8.55951 0
    endloop
  endfacet
  facet normal 0.97592 -0.218131 0
    outer loop
      vertex -8.84058 1.68643 45
      vertex -8.71725 2.23821 0
      vertex -8.71725 2.23821 45
    endloop
  endfacet
  facet normal 0.97592 -0.218131 0
    outer loop
      vertex -8.71725 2.23821 0
      vertex -8.84058 1.68643 45
      vertex -8.84058 1.68643 0
    endloop
  endfacet
  facet normal 0.661317 -0.750106 0
    outer loop
      vertex -6.16092 6.56072 0
      vertex -5.73682 6.93462 45
      vertex -6.16092 6.56072 45
    endloop
  endfacet
  facet normal 0.661317 -0.750106 0
    outer loop
      vertex -5.73682 6.93462 45
      vertex -6.16092 6.56072 0
      vertex -5.73682 6.93462 0
    endloop
  endfacet
  facet normal -0.999507 0.0314118 0
    outer loop
      vertex 8.98224 -0.565114 0
      vertex 9 0 45
      vertex 9 0 0
    endloop
  endfacet
  facet normal -0.999507 0.0314118 0
    outer loop
      vertex 9 0 45
      vertex 8.98224 -0.565114 0
      vertex 8.98224 -0.565114 45
    endloop
  endfacet
  facet normal -0.218131 -0.97592 0
    outer loop
      vertex 1.68643 8.84058 0
      vertex 2.23821 8.71725 45
      vertex 1.68643 8.84058 45
    endloop
  endfacet
  facet normal -0.218131 -0.97592 -0
    outer loop
      vertex 2.23821 8.71725 45
      vertex 1.68643 8.84058 0
      vertex 2.23821 8.71725 0
    endloop
  endfacet
  facet normal 0.960293 -0.278993 0
    outer loop
      vertex -8.71725 2.23821 45
      vertex -8.55951 2.78115 0
      vertex -8.55951 2.78115 45
    endloop
  endfacet
  facet normal 0.960293 -0.278993 0
    outer loop
      vertex -8.55951 2.78115 0
      vertex -8.71725 2.23821 45
      vertex -8.71725 2.23821 0
    endloop
  endfacet
  facet normal -0.891009 -0.453985 0
    outer loop
      vertex 8.14344 3.83201 0
      vertex 7.88676 4.33578 45
      vertex 7.88676 4.33578 0
    endloop
  endfacet
  facet normal -0.891009 -0.453985 0
    outer loop
      vertex 7.88676 4.33578 45
      vertex 8.14344 3.83201 0
      vertex 8.14344 3.83201 45
    endloop
  endfacet
  facet normal 0.940881 0.338736 0
    outer loop
      vertex -8.36799 -3.31312 45
      vertex -8.55951 -2.78115 0
      vertex -8.55951 -2.78115 45
    endloop
  endfacet
  facet normal 0.940881 0.338736 0
    outer loop
      vertex -8.55951 -2.78115 0
      vertex -8.36799 -3.31312 45
      vertex -8.36799 -3.31312 0
    endloop
  endfacet
  facet normal 0.790159 -0.612902 0
    outer loop
      vertex -7.28115 5.29007 45
      vertex -6.93462 5.73682 0
      vertex -6.93462 5.73682 45
    endloop
  endfacet
  facet normal 0.790159 -0.612902 0
    outer loop
      vertex -6.93462 5.73682 0
      vertex -7.28115 5.29007 45
      vertex -7.28115 5.29007 0
    endloop
  endfacet
  facet normal 0.995562 -0.0941111 0
    outer loop
      vertex -8.98224 0.565114 45
      vertex -8.92903 1.128 0
      vertex -8.92903 1.128 45
    endloop
  endfacet
  facet normal 0.995562 -0.0941111 0
    outer loop
      vertex -8.92903 1.128 0
      vertex -8.98224 0.565114 45
      vertex -8.98224 0.565114 0
    endloop
  endfacet
  facet normal -0.987687 -0.15644 0
    outer loop
      vertex 8.92903 1.128 0
      vertex 8.84058 1.68643 45
      vertex 8.84058 1.68643 0
    endloop
  endfacet
  facet normal -0.987687 -0.15644 0
    outer loop
      vertex 8.84058 1.68643 45
      vertex 8.92903 1.128 0
      vertex 8.92903 1.128 45
    endloop
  endfacet
  facet normal -0.999507 -0.0314118 0
    outer loop
      vertex 9 0 0
      vertex 8.98224 0.565114 45
      vertex 8.98224 0.565114 0
    endloop
  endfacet
  facet normal -0.999507 -0.0314118 0
    outer loop
      vertex 8.98224 0.565114 45
      vertex 9 0 0
      vertex 9 0 45
    endloop
  endfacet
  facet normal -0.509042 0.860742 0
    outer loop
      vertex 4.82244 -7.59895 0
      vertex 4.33578 -7.88676 45
      vertex 4.82244 -7.59895 45
    endloop
  endfacet
  facet normal -0.509042 0.860742 0
    outer loop
      vertex 4.33578 -7.88676 45
      vertex 4.82244 -7.59895 0
      vertex 4.33578 -7.88676 0
    endloop
  endfacet
  facet normal -0.0941111 0.995562 0
    outer loop
      vertex 1.128 -8.92903 0
      vertex 0.565114 -8.98224 45
      vertex 1.128 -8.92903 45
    endloop
  endfacet
  facet normal -0.0941111 0.995562 0
    outer loop
      vertex 0.565114 -8.98224 45
      vertex 1.128 -8.92903 0
      vertex 0.565114 -8.98224 0
    endloop
  endfacet
  facet normal -0.940881 -0.338736 0
    outer loop
      vertex 8.55951 2.78115 0
      vertex 8.36799 3.31312 45
      vertex 8.36799 3.31312 0
    endloop
  endfacet
  facet normal -0.940881 -0.338736 0
    outer loop
      vertex 8.36799 3.31312 45
      vertex 8.55951 2.78115 0
      vertex 8.55951 2.78115 45
    endloop
  endfacet
  facet normal -0.397157 -0.917751 0
    outer loop
      vertex 3.31312 8.36799 0
      vertex 3.83201 8.14344 45
      vertex 3.31312 8.36799 45
    endloop
  endfacet
  facet normal -0.397157 -0.917751 -0
    outer loop
      vertex 3.83201 8.14344 45
      vertex 3.31312 8.36799 0
      vertex 3.83201 8.14344 0
    endloop
  endfacet
  facet normal -0.827081 -0.562082 0
    outer loop
      vertex 7.59895 4.82244 0
      vertex 7.28115 5.29007 45
      vertex 7.28115 5.29007 0
    endloop
  endfacet
  facet normal -0.827081 -0.562082 0
    outer loop
      vertex 7.28115 5.29007 45
      vertex 7.59895 4.82244 0
      vertex 7.59895 4.82244 45
    endloop
  endfacet
  facet normal 0.999507 -0.0314118 0
    outer loop
      vertex -9 0 45
      vertex -8.98224 0.565114 0
      vertex -8.98224 0.565114 45
    endloop
  endfacet
  facet normal 0.999507 -0.0314118 0
    outer loop
      vertex -8.98224 0.565114 0
      vertex -9 0 45
      vertex -9 0 0
    endloop
  endfacet
  facet normal -0.97592 -0.218131 0
    outer loop
      vertex 8.84058 1.68643 0
      vertex 8.71725 2.23821 45
      vertex 8.71725 2.23821 0
    endloop
  endfacet
  facet normal -0.97592 -0.218131 0
    outer loop
      vertex 8.71725 2.23821 45
      vertex 8.84058 1.68643 0
      vertex 8.84058 1.68643 45
    endloop
  endfacet
  facet normal -0.338736 -0.940881 0
    outer loop
      vertex 2.78115 8.55951 0
      vertex 3.31312 8.36799 45
      vertex 2.78115 8.55951 45
    endloop
  endfacet
  facet normal -0.338736 -0.940881 -0
    outer loop
      vertex 3.31312 8.36799 45
      vertex 2.78115 8.55951 0
      vertex 3.31312 8.36799 0
    endloop
  endfacet
  facet normal 0.707107 0.707107 0
    outer loop
      vertex -6.16092 -6.56072 45
      vertex -6.56072 -6.16092 0
      vertex -6.56072 -6.16092 45
    endloop
  endfacet
  facet normal 0.707107 0.707107 0
    outer loop
      vertex -6.56072 -6.16092 0
      vertex -6.16092 -6.56072 45
      vertex -6.16092 -6.56072 0
    endloop
  endfacet
  facet normal -0.917751 -0.397157 0
    outer loop
      vertex 8.36799 3.31312 0
      vertex 8.14344 3.83201 45
      vertex 8.14344 3.83201 0
    endloop
  endfacet
  facet normal -0.917751 -0.397157 0
    outer loop
      vertex 8.14344 3.83201 45
      vertex 8.36799 3.31312 0
      vertex 8.36799 3.31312 45
    endloop
  endfacet
  facet normal -0.278993 0.960293 0
    outer loop
      vertex 2.78115 -8.55951 0
      vertex 2.23821 -8.71725 45
      vertex 2.78115 -8.55951 45
    endloop
  endfacet
  facet normal -0.278993 0.960293 0
    outer loop
      vertex 2.23821 -8.71725 45
      vertex 2.78115 -8.55951 0
      vertex 2.23821 -8.71725 0
    endloop
  endfacet
  facet normal -0.397157 0.917751 0
    outer loop
      vertex 3.83201 -8.14344 0
      vertex 3.31312 -8.36799 45
      vertex 3.83201 -8.14344 45
    endloop
  endfacet
  facet normal -0.397157 0.917751 0
    outer loop
      vertex 3.31312 -8.36799 45
      vertex 3.83201 -8.14344 0
      vertex 3.31312 -8.36799 0
    endloop
  endfacet
  facet normal 0.750106 0.661317 0
    outer loop
      vertex -6.56072 -6.16092 45
      vertex -6.93462 -5.73682 0
      vertex -6.93462 -5.73682 45
    endloop
  endfacet
  facet normal 0.750106 0.661317 0
    outer loop
      vertex -6.93462 -5.73682 0
      vertex -6.56072 -6.16092 45
      vertex -6.56072 -6.16092 0
    endloop
  endfacet
  facet normal -0.960293 0.278993 0
    outer loop
      vertex 8.55951 -2.78115 0
      vertex 8.71725 -2.23821 45
      vertex 8.71725 -2.23821 0
    endloop
  endfacet
  facet normal -0.960293 0.278993 0
    outer loop
      vertex 8.71725 -2.23821 45
      vertex 8.55951 -2.78115 0
      vertex 8.55951 -2.78115 45
    endloop
  endfacet
  facet normal 0.827081 -0.562082 0
    outer loop
      vertex -7.59895 4.82244 45
      vertex -7.28115 5.29007 0
      vertex -7.28115 5.29007 45
    endloop
  endfacet
  facet normal 0.827081 -0.562082 0
    outer loop
      vertex -7.28115 5.29007 0
      vertex -7.59895 4.82244 45
      vertex -7.59895 4.82244 0
    endloop
  endfacet
  facet normal -0.661317 0.750106 0
    outer loop
      vertex 6.16092 -6.56072 0
      vertex 5.73682 -6.93462 45
      vertex 6.16092 -6.56072 45
    endloop
  endfacet
  facet normal -0.661317 0.750106 0
    outer loop
      vertex 5.73682 -6.93462 45
      vertex 6.16092 -6.56072 0
      vertex 5.73682 -6.93462 0
    endloop
  endfacet
  facet normal -0.960293 -0.278993 0
    outer loop
      vertex 8.71725 2.23821 0
      vertex 8.55951 2.78115 45
      vertex 8.55951 2.78115 0
    endloop
  endfacet
  facet normal -0.960293 -0.278993 0
    outer loop
      vertex 8.55951 2.78115 45
      vertex 8.71725 2.23821 0
      vertex 8.71725 2.23821 45
    endloop
  endfacet
  facet normal -0.860742 -0.509042 0
    outer loop
      vertex 7.88676 4.33578 0
      vertex 7.59895 4.82244 45
      vertex 7.59895 4.82244 0
    endloop
  endfacet
  facet normal -0.860742 -0.509042 0
    outer loop
      vertex 7.59895 4.82244 45
      vertex 7.88676 4.33578 0
      vertex 7.88676 4.33578 45
    endloop
  endfacet
  facet normal 0.338736 -0.940881 0
    outer loop
      vertex -3.31312 8.36799 0
      vertex -2.78115 8.55951 45
      vertex -3.31312 8.36799 45
    endloop
  endfacet
  facet normal 0.338736 -0.940881 0
    outer loop
      vertex -2.78115 8.55951 45
      vertex -3.31312 8.36799 0
      vertex -2.78115 8.55951 0
    endloop
  endfacet
  facet normal 0.562082 0.827081 -0
    outer loop
      vertex -4.82244 -7.59895 0
      vertex -5.29007 -7.28115 45
      vertex -4.82244 -7.59895 45
    endloop
  endfacet
  facet normal 0.562082 0.827081 0
    outer loop
      vertex -5.29007 -7.28115 45
      vertex -4.82244 -7.59895 0
      vertex -5.29007 -7.28115 0
    endloop
  endfacet
  facet normal -0.661317 -0.750106 0
    outer loop
      vertex 5.73682 6.93462 0
      vertex 6.16092 6.56072 45
      vertex 5.73682 6.93462 45
    endloop
  endfacet
  facet normal -0.661317 -0.750106 -0
    outer loop
      vertex 6.16092 6.56072 45
      vertex 5.73682 6.93462 0
      vertex 6.16092 6.56072 0
    endloop
  endfacet
  facet normal -0.562082 -0.827081 0
    outer loop
      vertex 4.82244 7.59895 0
      vertex 5.29007 7.28115 45
      vertex 4.82244 7.59895 45
    endloop
  endfacet
  facet normal -0.562082 -0.827081 -0
    outer loop
      vertex 5.29007 7.28115 45
      vertex 4.82244 7.59895 0
      vertex 5.29007 7.28115 0
    endloop
  endfacet
  facet normal 0.860742 -0.509042 0
    outer loop
      vertex -7.88676 4.33578 45
      vertex -7.59895 4.82244 0
      vertex -7.59895 4.82244 45
    endloop
  endfacet
  facet normal 0.860742 -0.509042 0
    outer loop
      vertex -7.59895 4.82244 0
      vertex -7.88676 4.33578 45
      vertex -7.88676 4.33578 0
    endloop
  endfacet
  facet normal 0.218131 0.97592 -0
    outer loop
      vertex -1.68643 -8.84058 0
      vertex -2.23821 -8.71725 45
      vertex -1.68643 -8.84058 45
    endloop
  endfacet
  facet normal 0.218131 0.97592 0
    outer loop
      vertex -2.23821 -8.71725 45
      vertex -1.68643 -8.84058 0
      vertex -2.23821 -8.71725 0
    endloop
  endfacet
  facet normal -0.218131 0.97592 0
    outer loop
      vertex 2.23821 -8.71725 0
      vertex 1.68643 -8.84058 45
      vertex 2.23821 -8.71725 45
    endloop
  endfacet
  facet normal -0.218131 0.97592 0
    outer loop
      vertex 1.68643 -8.84058 45
      vertex 2.23821 -8.71725 0
      vertex 1.68643 -8.84058 0
    endloop
  endfacet
  facet normal 0.612902 -0.790159 0
    outer loop
      vertex -5.73682 6.93462 0
      vertex -5.29007 7.28115 45
      vertex -5.73682 6.93462 45
    endloop
  endfacet
  facet normal 0.612902 -0.790159 0
    outer loop
      vertex -5.29007 7.28115 45
      vertex -5.73682 6.93462 0
      vertex -5.29007 7.28115 0
    endloop
  endfacet
  facet normal -0.0314118 0.999507 0
    outer loop
      vertex 0.565114 -8.98224 0
      vertex 0 -9 45
      vertex 0.565114 -8.98224 45
    endloop
  endfacet
  facet normal -0.0314118 0.999507 0
    outer loop
      vertex 0 -9 45
      vertex 0.565114 -8.98224 0
      vertex 0 -9 0
    endloop
  endfacet
  facet normal 0.612902 0.790159 -0
    outer loop
      vertex -5.29007 -7.28115 0
      vertex -5.73682 -6.93462 45
      vertex -5.29007 -7.28115 45
    endloop
  endfacet
  facet normal 0.612902 0.790159 0
    outer loop
      vertex -5.73682 -6.93462 45
      vertex -5.29007 -7.28115 0
      vertex -5.73682 -6.93462 0
    endloop
  endfacet
  facet normal -0.790159 -0.612902 0
    outer loop
      vertex 7.28115 5.29007 0
      vertex 6.93462 5.73682 45
      vertex 6.93462 5.73682 0
    endloop
  endfacet
  facet normal -0.790159 -0.612902 0
    outer loop
      vertex 6.93462 5.73682 45
      vertex 7.28115 5.29007 0
      vertex 7.28115 5.29007 45
    endloop
  endfacet
  facet normal -0.453985 0.891009 0
    outer loop
      vertex 4.33578 -7.88676 0
      vertex 3.83201 -8.14344 45
      vertex 4.33578 -7.88676 45
    endloop
  endfacet
  facet normal -0.453985 0.891009 0
    outer loop
      vertex 3.83201 -8.14344 45
      vertex 4.33578 -7.88676 0
      vertex 3.83201 -8.14344 0
    endloop
  endfacet
  facet normal 0.0941111 0.995562 -0
    outer loop
      vertex -0.565114 -8.98224 0
      vertex -1.128 -8.92903 45
      vertex -0.565114 -8.98224 45
    endloop
  endfacet
  facet normal 0.0941111 0.995562 0
    outer loop
      vertex -1.128 -8.92903 45
      vertex -0.565114 -8.98224 0
      vertex -1.128 -8.92903 0
    endloop
  endfacet
  facet normal 0.661317 0.750106 -0
    outer loop
      vertex -5.73682 -6.93462 0
      vertex -6.16092 -6.56072 45
      vertex -5.73682 -6.93462 45
    endloop
  endfacet
  facet normal 0.661317 0.750106 0
    outer loop
      vertex -6.16092 -6.56072 45
      vertex -5.73682 -6.93462 0
      vertex -6.16092 -6.56072 0
    endloop
  endfacet
  facet normal 0.917751 -0.397157 0
    outer loop
      vertex -8.36799 3.31312 45
      vertex -8.14344 3.83201 0
      vertex -8.14344 3.83201 45
    endloop
  endfacet
  facet normal 0.917751 -0.397157 0
    outer loop
      vertex -8.14344 3.83201 0
      vertex -8.36799 3.31312 45
      vertex -8.36799 3.31312 0
    endloop
  endfacet
  facet normal 0.987687 -0.15644 0
    outer loop
      vertex -8.92903 1.128 45
      vertex -8.84058 1.68643 0
      vertex -8.84058 1.68643 45
    endloop
  endfacet
  facet normal 0.987687 -0.15644 0
    outer loop
      vertex -8.84058 1.68643 0
      vertex -8.92903 1.128 45
      vertex -8.92903 1.128 0
    endloop
  endfacet
  facet normal -0.338736 0.940881 0
    outer loop
      vertex 3.31312 -8.36799 0
      vertex 2.78115 -8.55951 45
      vertex 3.31312 -8.36799 45
    endloop
  endfacet
  facet normal -0.338736 0.940881 0
    outer loop
      vertex 2.78115 -8.55951 45
      vertex 3.31312 -8.36799 0
      vertex 2.78115 -8.55951 0
    endloop
  endfacet
  facet normal -0.750106 0.661317 0
    outer loop
      vertex 6.56072 -6.16092 0
      vertex 6.93462 -5.73682 45
      vertex 6.93462 -5.73682 0
    endloop
  endfacet
  facet normal -0.750106 0.661317 0
    outer loop
      vertex 6.93462 -5.73682 45
      vertex 6.56072 -6.16092 0
      vertex 6.56072 -6.16092 45
    endloop
  endfacet
  facet normal 0.0314118 0.999507 -0
    outer loop
      vertex 0 -9 0
      vertex -0.565114 -8.98224 45
      vertex 0 -9 45
    endloop
  endfacet
  facet normal 0.0314118 0.999507 0
    outer loop
      vertex -0.565114 -8.98224 45
      vertex 0 -9 0
      vertex -0.565114 -8.98224 0
    endloop
  endfacet
  facet normal 0.15644 -0.987687 0
    outer loop
      vertex -1.68643 8.84058 0
      vertex -1.128 8.92903 45
      vertex -1.68643 8.84058 45
    endloop
  endfacet
  facet normal 0.15644 -0.987687 0
    outer loop
      vertex -1.128 8.92903 45
      vertex -1.68643 8.84058 0
      vertex -1.128 8.92903 0
    endloop
  endfacet
  facet normal -0.995562 0.0941111 0
    outer loop
      vertex 8.92903 -1.128 0
      vertex 8.98224 -0.565114 45
      vertex 8.98224 -0.565114 0
    endloop
  endfacet
  facet normal -0.995562 0.0941111 0
    outer loop
      vertex 8.98224 -0.565114 45
      vertex 8.92903 -1.128 0
      vertex 8.92903 -1.128 45
    endloop
  endfacet
  facet normal -0.612902 -0.790159 0
    outer loop
      vertex 5.29007 7.28115 0
      vertex 5.73682 6.93462 45
      vertex 5.29007 7.28115 45
    endloop
  endfacet
  facet normal -0.612902 -0.790159 -0
    outer loop
      vertex 5.73682 6.93462 45
      vertex 5.29007 7.28115 0
      vertex 5.73682 6.93462 0
    endloop
  endfacet
  facet normal 0.940881 -0.338736 0
    outer loop
      vertex -8.55951 2.78115 45
      vertex -8.36799 3.31312 0
      vertex -8.36799 3.31312 45
    endloop
  endfacet
  facet normal 0.940881 -0.338736 0
    outer loop
      vertex -8.36799 3.31312 0
      vertex -8.55951 2.78115 45
      vertex -8.55951 2.78115 0
    endloop
  endfacet
  facet normal -0.15644 0.987687 0
    outer loop
      vertex 1.68643 -8.84058 0
      vertex 1.128 -8.92903 45
      vertex 1.68643 -8.84058 45
    endloop
  endfacet
  facet normal -0.15644 0.987687 0
    outer loop
      vertex 1.128 -8.92903 45
      vertex 1.68643 -8.84058 0
      vertex 1.128 -8.92903 0
    endloop
  endfacet
  facet normal 0.453985 -0.891009 0
    outer loop
      vertex -4.33578 7.88676 0
      vertex -3.83201 8.14344 45
      vertex -4.33578 7.88676 45
    endloop
  endfacet
  facet normal 0.453985 -0.891009 0
    outer loop
      vertex -3.83201 8.14344 45
      vertex -4.33578 7.88676 0
      vertex -3.83201 8.14344 0
    endloop
  endfacet
  facet normal -0.562082 0.827081 0
    outer loop
      vertex 5.29007 -7.28115 0
      vertex 4.82244 -7.59895 45
      vertex 5.29007 -7.28115 45
    endloop
  endfacet
  facet normal -0.562082 0.827081 0
    outer loop
      vertex 4.82244 -7.59895 45
      vertex 5.29007 -7.28115 0
      vertex 4.82244 -7.59895 0
    endloop
  endfacet
  facet normal -0.790159 0.612902 0
    outer loop
      vertex 6.93462 -5.73682 0
      vertex 7.28115 -5.29007 45
      vertex 7.28115 -5.29007 0
    endloop
  endfacet
  facet normal -0.790159 0.612902 0
    outer loop
      vertex 7.28115 -5.29007 45
      vertex 6.93462 -5.73682 0
      vertex 6.93462 -5.73682 45
    endloop
  endfacet
  facet normal -0.15644 -0.987687 0
    outer loop
      vertex 1.128 8.92903 0
      vertex 1.68643 8.84058 45
      vertex 1.128 8.92903 45
    endloop
  endfacet
  facet normal -0.15644 -0.987687 -0
    outer loop
      vertex 1.68643 8.84058 45
      vertex 1.128 8.92903 0
      vertex 1.68643 8.84058 0
    endloop
  endfacet
  facet normal 0.453985 0.891009 -0
    outer loop
      vertex -3.83201 -8.14344 0
      vertex -4.33578 -7.88676 45
      vertex -3.83201 -8.14344 45
    endloop
  endfacet
  facet normal 0.453985 0.891009 0
    outer loop
      vertex -4.33578 -7.88676 45
      vertex -3.83201 -8.14344 0
      vertex -4.33578 -7.88676 0
    endloop
  endfacet
  facet normal -0.97592 0.218131 0
    outer loop
      vertex 8.71725 -2.23821 0
      vertex 8.84058 -1.68643 45
      vertex 8.84058 -1.68643 0
    endloop
  endfacet
  facet normal -0.97592 0.218131 0
    outer loop
      vertex 8.84058 -1.68643 45
      vertex 8.71725 -2.23821 0
      vertex 8.71725 -2.23821 45
    endloop
  endfacet
  facet normal 0.891009 -0.453985 0
    outer loop
      vertex -8.14344 3.83201 45
      vertex -7.88676 4.33578 0
      vertex -7.88676 4.33578 45
    endloop
  endfacet
  facet normal 0.891009 -0.453985 0
    outer loop
      vertex -7.88676 4.33578 0
      vertex -8.14344 3.83201 45
      vertex -8.14344 3.83201 0
    endloop
  endfacet
  facet normal 0.15644 0.987687 -0
    outer loop
      vertex -1.128 -8.92903 0
      vertex -1.68643 -8.84058 45
      vertex -1.128 -8.92903 45
    endloop
  endfacet
  facet normal 0.15644 0.987687 0
    outer loop
      vertex -1.68643 -8.84058 45
      vertex -1.128 -8.92903 0
      vertex -1.68643 -8.84058 0
    endloop
  endfacet
  facet normal -0.278993 -0.960293 0
    outer loop
      vertex 2.23821 8.71725 0
      vertex 2.78115 8.55951 45
      vertex 2.23821 8.71725 45
    endloop
  endfacet
  facet normal -0.278993 -0.960293 -0
    outer loop
      vertex 2.78115 8.55951 45
      vertex 2.23821 8.71725 0
      vertex 2.78115 8.55951 0
    endloop
  endfacet
  facet normal 0.509042 -0.860742 0
    outer loop
      vertex -4.82244 7.59895 0
      vertex -4.33578 7.88676 45
      vertex -4.82244 7.59895 45
    endloop
  endfacet
  facet normal 0.509042 -0.860742 0
    outer loop
      vertex -4.33578 7.88676 45
      vertex -4.82244 7.59895 0
      vertex -4.33578 7.88676 0
    endloop
  endfacet
  facet normal 0.999507 0.0314118 0
    outer loop
      vertex -8.98224 -0.565114 45
      vertex -9 0 0
      vertex -9 0 45
    endloop
  endfacet
  facet normal 0.999507 0.0314118 0
    outer loop
      vertex -9 0 0
      vertex -8.98224 -0.565114 45
      vertex -8.98224 -0.565114 0
    endloop
  endfacet
  facet normal 0.995562 0.0941111 0
    outer loop
      vertex -8.92903 -1.128 45
      vertex -8.98224 -0.565114 0
      vertex -8.98224 -0.565114 45
    endloop
  endfacet
  facet normal 0.995562 0.0941111 0
    outer loop
      vertex -8.98224 -0.565114 0
      vertex -8.92903 -1.128 45
      vertex -8.92903 -1.128 0
    endloop
  endfacet
  facet normal 0.707107 -0.707107 0
    outer loop
      vertex -6.56072 6.16092 45
      vertex -6.16092 6.56072 0
      vertex -6.16092 6.56072 45
    endloop
  endfacet
  facet normal 0.707107 -0.707107 0
    outer loop
      vertex -6.16092 6.56072 0
      vertex -6.56072 6.16092 45
      vertex -6.56072 6.16092 0
    endloop
  endfacet
  facet normal 0.397157 -0.917751 0
    outer loop
      vertex -3.83201 8.14344 0
      vertex -3.31312 8.36799 45
      vertex -3.83201 8.14344 45
    endloop
  endfacet
  facet normal 0.397157 -0.917751 0
    outer loop
      vertex -3.31312 8.36799 45
      vertex -3.83201 8.14344 0
      vertex -3.31312 8.36799 0
    endloop
  endfacet
  facet normal 0.917751 0.397157 0
    outer loop
      vertex -8.14344 -3.83201 45
      vertex -8.36799 -3.31312 0
      vertex -8.36799 -3.31312 45
    endloop
  endfacet
  facet normal 0.917751 0.397157 0
    outer loop
      vertex -8.36799 -3.31312 0
      vertex -8.14344 -3.83201 45
      vertex -8.14344 -3.83201 0
    endloop
  endfacet
  facet normal -0.707107 -0.707107 0
    outer loop
      vertex 6.56072 6.16092 0
      vertex 6.16092 6.56072 45
      vertex 6.16092 6.56072 0
    endloop
  endfacet
  facet normal -0.707107 -0.707107 0
    outer loop
      vertex 6.16092 6.56072 45
      vertex 6.56072 6.16092 0
      vertex 6.56072 6.16092 45
    endloop
  endfacet
  facet normal -0.917751 0.397157 0
    outer loop
      vertex 8.14344 -3.83201 0
      vertex 8.36799 -3.31312 45
      vertex 8.36799 -3.31312 0
    endloop
  endfacet
  facet normal -0.917751 0.397157 0
    outer loop
      vertex 8.36799 -3.31312 45
      vertex 8.14344 -3.83201 0
      vertex 8.14344 -3.83201 45
    endloop
  endfacet
  facet normal 0.0314118 -0.999507 0
    outer loop
      vertex -0.565114 8.98224 0
      vertex 0 9 45
      vertex -0.565114 8.98224 45
    endloop
  endfacet
  facet normal 0.0314118 -0.999507 0
    outer loop
      vertex 0 9 45
      vertex -0.565114 8.98224 0
      vertex 0 9 0
    endloop
  endfacet
  facet normal 0.860742 0.509042 0
    outer loop
      vertex -7.59895 -4.82244 45
      vertex -7.88676 -4.33578 0
      vertex -7.88676 -4.33578 45
    endloop
  endfacet
  facet normal 0.860742 0.509042 0
    outer loop
      vertex -7.88676 -4.33578 0
      vertex -7.59895 -4.82244 45
      vertex -7.59895 -4.82244 0
    endloop
  endfacet
  facet normal -0.0941111 -0.995562 0
    outer loop
      vertex 0.565114 8.98224 0
      vertex 1.128 8.92903 45
      vertex 0.565114 8.98224 45
    endloop
  endfacet
  facet normal -0.0941111 -0.995562 -0
    outer loop
      vertex 1.128 8.92903 45
      vertex 0.565114 8.98224 0
      vertex 1.128 8.92903 0
    endloop
  endfacet
  facet normal -0.891009 0.453985 0
    outer loop
      vertex 7.88676 -4.33578 0
      vertex 8.14344 -3.83201 45
      vertex 8.14344 -3.83201 0
    endloop
  endfacet
  facet normal -0.891009 0.453985 0
    outer loop
      vertex 8.14344 -3.83201 45
      vertex 7.88676 -4.33578 0
      vertex 7.88676 -4.33578 45
    endloop
  endfacet
  facet normal -0.0314118 -0.999507 0
    outer loop
      vertex 0 9 0
      vertex 0.565114 8.98224 45
      vertex 0 9 45
    endloop
  endfacet
  facet normal -0.0314118 -0.999507 -0
    outer loop
      vertex 0.565114 8.98224 45
      vertex 0 9 0
      vertex 0.565114 8.98224 0
    endloop
  endfacet
  facet normal -0.940881 0.338736 0
    outer loop
      vertex 8.36799 -3.31312 0
      vertex 8.55951 -2.78115 45
      vertex 8.55951 -2.78115 0
    endloop
  endfacet
  facet normal -0.940881 0.338736 0
    outer loop
      vertex 8.55951 -2.78115 45
      vertex 8.36799 -3.31312 0
      vertex 8.36799 -3.31312 45
    endloop
  endfacet
  facet normal 0.97592 0.218131 0
    outer loop
      vertex -8.71725 -2.23821 45
      vertex -8.84058 -1.68643 0
      vertex -8.84058 -1.68643 45
    endloop
  endfacet
  facet normal 0.97592 0.218131 0
    outer loop
      vertex -8.84058 -1.68643 0
      vertex -8.71725 -2.23821 45
      vertex -8.71725 -2.23821 0
    endloop
  endfacet
  facet normal 0.338736 0.940881 -0
    outer loop
      vertex -2.78115 -8.55951 0
      vertex -3.31312 -8.36799 45
      vertex -2.78115 -8.55951 45
    endloop
  endfacet
  facet normal 0.338736 0.940881 0
    outer loop
      vertex -3.31312 -8.36799 45
      vertex -2.78115 -8.55951 0
      vertex -3.31312 -8.36799 0
    endloop
  endfacet
  facet normal 0.750106 -0.661317 0
    outer loop
      vertex -6.93462 5.73682 45
      vertex -6.56072 6.16092 0
      vertex -6.56072 6.16092 45
    endloop
  endfacet
  facet normal 0.750106 -0.661317 0
    outer loop
      vertex -6.56072 6.16092 0
      vertex -6.93462 5.73682 45
      vertex -6.93462 5.73682 0
    endloop
  endfacet
  facet normal -0.612902 0.790159 0
    outer loop
      vertex 5.73682 -6.93462 0
      vertex 5.29007 -7.28115 45
      vertex 5.73682 -6.93462 45
    endloop
  endfacet
  facet normal -0.612902 0.790159 0
    outer loop
      vertex 5.29007 -7.28115 45
      vertex 5.73682 -6.93462 0
      vertex 5.29007 -7.28115 0
    endloop
  endfacet
  facet normal -0.860742 0.509042 0
    outer loop
      vertex 7.59895 -4.82244 0
      vertex 7.88676 -4.33578 45
      vertex 7.88676 -4.33578 0
    endloop
  endfacet
  facet normal -0.860742 0.509042 0
    outer loop
      vertex 7.88676 -4.33578 45
      vertex 7.59895 -4.82244 0
      vertex 7.59895 -4.82244 45
    endloop
  endfacet
  facet normal 0.562082 -0.827081 0
    outer loop
      vertex -5.29007 7.28115 0
      vertex -4.82244 7.59895 45
      vertex -5.29007 7.28115 45
    endloop
  endfacet
  facet normal 0.562082 -0.827081 0
    outer loop
      vertex -4.82244 7.59895 45
      vertex -5.29007 7.28115 0
      vertex -4.82244 7.59895 0
    endloop
  endfacet
  facet normal 0.218131 -0.97592 0
    outer loop
      vertex -2.23821 8.71725 0
      vertex -1.68643 8.84058 45
      vertex -2.23821 8.71725 45
    endloop
  endfacet
  facet normal 0.218131 -0.97592 0
    outer loop
      vertex -1.68643 8.84058 45
      vertex -2.23821 8.71725 0
      vertex -1.68643 8.84058 0
    endloop
  endfacet
  facet normal 0.278993 -0.960293 0
    outer loop
      vertex -2.78115 8.55951 0
      vertex -2.23821 8.71725 45
      vertex -2.78115 8.55951 45
    endloop
  endfacet
  facet normal 0.278993 -0.960293 0
    outer loop
      vertex -2.23821 8.71725 45
      vertex -2.78115 8.55951 0
      vertex -2.23821 8.71725 0
    endloop
  endfacet
  facet normal 0.891009 0.453985 0
    outer loop
      vertex -7.88676 -4.33578 45
      vertex -8.14344 -3.83201 0
      vertex -8.14344 -3.83201 45
    endloop
  endfacet
  facet normal 0.891009 0.453985 0
    outer loop
      vertex -8.14344 -3.83201 0
      vertex -7.88676 -4.33578 45
      vertex -7.88676 -4.33578 0
    endloop
  endfacet
  facet normal 0.790159 0.612902 0
    outer loop
      vertex -6.93462 -5.73682 45
      vertex -7.28115 -5.29007 0
      vertex -7.28115 -5.29007 45
    endloop
  endfacet
  facet normal 0.790159 0.612902 0
    outer loop
      vertex -7.28115 -5.29007 0
      vertex -6.93462 -5.73682 45
      vertex -6.93462 -5.73682 0
    endloop
  endfacet
  facet normal 0.960293 0.278993 0
    outer loop
      vertex -8.55951 -2.78115 45
      vertex -8.71725 -2.23821 0
      vertex -8.71725 -2.23821 45
    endloop
  endfacet
  facet normal 0.960293 0.278993 0
    outer loop
      vertex -8.71725 -2.23821 0
      vertex -8.55951 -2.78115 45
      vertex -8.55951 -2.78115 0
    endloop
  endfacet
  facet normal -0.707107 0.707107 0
    outer loop
      vertex 6.16092 -6.56072 0
      vertex 6.56072 -6.16092 45
      vertex 6.56072 -6.16092 0
    endloop
  endfacet
  facet normal -0.707107 0.707107 0
    outer loop
      vertex 6.56072 -6.16092 45
      vertex 6.16092 -6.56072 0
      vertex 6.16092 -6.56072 45
    endloop
  endfacet
  facet normal -0.995566 -0.094062 0
    outer loop
      vertex 70.4891 0.345347 5
      vertex 70.4566 0.689332 10
      vertex 70.4566 0.689332 5
    endloop
  endfacet
  facet normal -0.995566 -0.094062 0
    outer loop
      vertex 70.4566 0.689332 10
      vertex 70.4891 0.345347 5
      vertex 70.4891 0.345347 10
    endloop
  endfacet
  facet normal -0.999502 -0.0315467 0
    outer loop
      vertex 70.5 0 5
      vertex 70.4891 0.345347 10
      vertex 70.4891 0.345347 5
    endloop
  endfacet
  facet normal -0.999502 -0.0315467 0
    outer loop
      vertex 70.4891 0.345347 10
      vertex 70.5 0 5
      vertex 70.5 0 10
    endloop
  endfacet
  facet normal 0.860727 0.509068 0
    outer loop
      vertex 60.3562 -2.94705 10
      vertex 60.1803 -2.64964 5
      vertex 60.1803 -2.64964 10
    endloop
  endfacet
  facet normal 0.860727 0.509068 0
    outer loop
      vertex 60.1803 -2.64964 5
      vertex 60.3562 -2.94705 10
      vertex 60.3562 -2.94705 5
    endloop
  endfacet
  facet normal 0.995566 0.094062 0
    outer loop
      vertex 59.5434 -0.689332 10
      vertex 59.5109 -0.345347 5
      vertex 59.5109 -0.345347 10
    endloop
  endfacet
  facet normal 0.995566 0.094062 0
    outer loop
      vertex 59.5109 -0.345347 5
      vertex 59.5434 -0.689332 10
      vertex 59.5434 -0.689332 5
    endloop
  endfacet
  facet normal 0.509059 0.860732 -0
    outer loop
      vertex 62.3504 -4.81969 5
      vertex 62.053 -4.6438 10
      vertex 62.3504 -4.81969 10
    endloop
  endfacet
  facet normal 0.509059 0.860732 0
    outer loop
      vertex 62.053 -4.6438 10
      vertex 62.3504 -4.81969 5
      vertex 62.053 -4.6438 5
    endloop
  endfacet
  facet normal -0.562045 -0.827107 0
    outer loop
      vertex 67.947 4.6438 5
      vertex 68.2328 4.44959 10
      vertex 67.947 4.6438 10
    endloop
  endfacet
  facet normal -0.562045 -0.827107 -0
    outer loop
      vertex 68.2328 4.44959 10
      vertex 67.947 4.6438 5
      vertex 68.2328 4.44959 5
    endloop
  endfacet
  facet normal -0.960291 -0.279 0
    outer loop
      vertex 70.3272 1.36779 5
      vertex 70.2308 1.69959 10
      vertex 70.2308 1.69959 5
    endloop
  endfacet
  facet normal -0.960291 -0.279 0
    outer loop
      vertex 70.2308 1.69959 10
      vertex 70.3272 1.36779 5
      vertex 70.3272 1.36779 10
    endloop
  endfacet
  facet normal -0.33873 -0.940884 0
    outer loop
      vertex 66.6996 5.23081 5
      vertex 67.0247 5.11377 10
      vertex 66.6996 5.23081 10
    endloop
  endfacet
  facet normal -0.33873 -0.940884 -0
    outer loop
      vertex 67.0247 5.11377 10
      vertex 66.6996 5.23081 5
      vertex 67.0247 5.11377 5
    endloop
  endfacet
  facet normal -0.66127 -0.750148 0
    outer loop
      vertex 68.5058 4.23782 5
      vertex 68.765 4.00933 10
      vertex 68.5058 4.23782 10
    endloop
  endfacet
  facet normal -0.66127 -0.750148 -0
    outer loop
      vertex 68.765 4.00933 10
      vertex 68.5058 4.23782 5
      vertex 68.765 4.00933 5
    endloop
  endfacet
  facet normal 0.454055 0.890974 -0
    outer loop
      vertex 62.6582 -4.97655 5
      vertex 62.3504 -4.81969 10
      vertex 62.6582 -4.97655 10
    endloop
  endfacet
  facet normal 0.454055 0.890974 0
    outer loop
      vertex 62.3504 -4.81969 10
      vertex 62.6582 -4.97655 5
      vertex 62.3504 -4.81969 5
    endloop
  endfacet
  facet normal 0.960291 -0.279 0
    outer loop
      vertex 59.6728 1.36779 10
      vertex 59.7692 1.69959 5
      vertex 59.7692 1.69959 10
    endloop
  endfacet
  facet normal 0.960291 -0.279 0
    outer loop
      vertex 59.7692 1.69959 5
      vertex 59.6728 1.36779 10
      vertex 59.6728 1.36779 5
    endloop
  endfacet
  facet normal 0.860727 -0.509068 0
    outer loop
      vertex 60.1803 2.64964 10
      vertex 60.3562 2.94705 5
      vertex 60.3562 2.94705 10
    endloop
  endfacet
  facet normal 0.860727 -0.509068 0
    outer loop
      vertex 60.3562 2.94705 5
      vertex 60.1803 2.64964 10
      vertex 60.1803 2.64964 5
    endloop
  endfacet
  facet normal 0.0941424 -0.995559 0
    outer loop
      vertex 64.3107 5.45663 5
      vertex 64.6546 5.48915 10
      vertex 64.3107 5.45663 10
    endloop
  endfacet
  facet normal 0.0941424 -0.995559 0
    outer loop
      vertex 64.6546 5.48915 10
      vertex 64.3107 5.45663 5
      vertex 64.6546 5.48915 5
    endloop
  endfacet
  facet normal -0.66127 0.750148 0
    outer loop
      vertex 68.765 -4.00933 5
      vertex 68.5058 -4.23782 10
      vertex 68.765 -4.00933 10
    endloop
  endfacet
  facet normal -0.66127 0.750148 0
    outer loop
      vertex 68.5058 -4.23782 10
      vertex 68.765 -4.00933 5
      vertex 68.5058 -4.23782 5
    endloop
  endfacet
  facet normal -0.940917 0.338636 0
    outer loop
      vertex 70.1138 -2.02468 5
      vertex 70.2308 -1.69959 10
      vertex 70.2308 -1.69959 5
    endloop
  endfacet
  facet normal -0.940917 0.338636 0
    outer loop
      vertex 70.2308 -1.69959 10
      vertex 70.1138 -2.02468 5
      vertex 70.1138 -2.02468 10
    endloop
  endfacet
  facet normal -0.975899 0.218223 0
    outer loop
      vertex 70.3272 -1.36779 5
      vertex 70.4026 -1.0306 10
      vertex 70.4026 -1.0306 5
    endloop
  endfacet
  facet normal -0.975899 0.218223 0
    outer loop
      vertex 70.4026 -1.0306 10
      vertex 70.3272 -1.36779 5
      vertex 70.3272 -1.36779 10
    endloop
  endfacet
  facet normal 0.562045 0.827107 -0
    outer loop
      vertex 62.053 -4.6438 5
      vertex 61.7672 -4.44959 10
      vertex 62.053 -4.6438 10
    endloop
  endfacet
  facet normal 0.562045 0.827107 0
    outer loop
      vertex 61.7672 -4.44959 10
      vertex 62.053 -4.6438 5
      vertex 61.7672 -4.44959 5
    endloop
  endfacet
  facet normal -0.860727 0.509068 0
    outer loop
      vertex 69.6438 -2.94705 5
      vertex 69.8197 -2.64964 10
      vertex 69.8197 -2.64964 5
    endloop
  endfacet
  facet normal -0.860727 0.509068 0
    outer loop
      vertex 69.8197 -2.64964 10
      vertex 69.6438 -2.94705 5
      vertex 69.6438 -2.94705 10
    endloop
  endfacet
  facet normal 0.279 0.960291 -0
    outer loop
      vertex 63.6322 -5.32721 5
      vertex 63.3004 -5.23081 10
      vertex 63.6322 -5.32721 10
    endloop
  endfacet
  facet normal 0.279 0.960291 0
    outer loop
      vertex 63.3004 -5.23081 10
      vertex 63.6322 -5.32721 5
      vertex 63.3004 -5.23081 5
    endloop
  endfacet
  facet normal 0.66127 -0.750148 0
    outer loop
      vertex 61.235 4.00933 5
      vertex 61.4942 4.23782 10
      vertex 61.235 4.00933 10
    endloop
  endfacet
  facet normal 0.66127 -0.750148 0
    outer loop
      vertex 61.4942 4.23782 10
      vertex 61.235 4.00933 5
      vertex 61.4942 4.23782 5
    endloop
  endfacet
  facet normal -0.0941153 0.995561 0
    outer loop
      vertex 65.6893 -5.45663 5
      vertex 65.3453 -5.48915 10
      vertex 65.6893 -5.45663 10
    endloop
  endfacet
  facet normal -0.0941153 0.995561 0
    outer loop
      vertex 65.3453 -5.48915 10
      vertex 65.6893 -5.45663 5
      vertex 65.3453 -5.48915 5
    endloop
  endfacet
  facet normal -0.707136 0.707078 0
    outer loop
      vertex 68.765 -4.00933 5
      vertex 69.0093 -3.76501 10
      vertex 69.0093 -3.76501 5
    endloop
  endfacet
  facet normal -0.707136 0.707078 0
    outer loop
      vertex 69.0093 -3.76501 10
      vertex 68.765 -4.00933 5
      vertex 68.765 -4.00933 10
    endloop
  endfacet
  facet normal -0.790111 -0.612964 0
    outer loop
      vertex 69.4496 3.23282 5
      vertex 69.2378 3.50583 10
      vertex 69.2378 3.50583 5
    endloop
  endfacet
  facet normal -0.790111 -0.612964 0
    outer loop
      vertex 69.2378 3.50583 10
      vertex 69.4496 3.23282 5
      vertex 69.4496 3.23282 10
    endloop
  endfacet
  facet normal 0.995566 -0.094062 0
    outer loop
      vertex 59.5109 0.345347 10
      vertex 59.5434 0.689332 5
      vertex 59.5434 0.689332 10
    endloop
  endfacet
  facet normal 0.995566 -0.094062 0
    outer loop
      vertex 59.5434 0.689332 5
      vertex 59.5109 0.345347 10
      vertex 59.5109 0.345347 5
    endloop
  endfacet
  facet normal 0.790111 -0.612964 0
    outer loop
      vertex 60.5504 3.23282 10
      vertex 60.7622 3.50583 5
      vertex 60.7622 3.50583 10
    endloop
  endfacet
  facet normal 0.790111 -0.612964 0
    outer loop
      vertex 60.7622 3.50583 5
      vertex 60.5504 3.23282 10
      vertex 60.5504 3.23282 5
    endloop
  endfacet
  facet normal -0.960291 0.279 0
    outer loop
      vertex 70.2308 -1.69959 5
      vertex 70.3272 -1.36779 10
      vertex 70.3272 -1.36779 5
    endloop
  endfacet
  facet normal -0.960291 0.279 0
    outer loop
      vertex 70.3272 -1.36779 10
      vertex 70.2308 -1.69959 5
      vertex 70.2308 -1.69959 10
    endloop
  endfacet
  facet normal 0.156416 -0.987691 0
    outer loop
      vertex 63.9694 5.40258 5
      vertex 64.3107 5.45663 10
      vertex 63.9694 5.40258 10
    endloop
  endfacet
  facet normal 0.156416 -0.987691 0
    outer loop
      vertex 64.3107 5.45663 10
      vertex 63.9694 5.40258 5
      vertex 64.3107 5.45663 5
    endloop
  endfacet
  facet normal -0.279 0.960291 0
    outer loop
      vertex 66.6996 -5.23081 5
      vertex 66.3678 -5.32721 10
      vertex 66.6996 -5.23081 10
    endloop
  endfacet
  facet normal -0.279 0.960291 0
    outer loop
      vertex 66.3678 -5.32721 10
      vertex 66.6996 -5.23081 5
      vertex 66.3678 -5.32721 5
    endloop
  endfacet
  facet normal -0.891074 -0.453859 0
    outer loop
      vertex 69.9765 2.34179 5
      vertex 69.8197 2.64964 10
      vertex 69.8197 2.64964 5
    endloop
  endfacet
  facet normal -0.891074 -0.453859 0
    outer loop
      vertex 69.8197 2.64964 10
      vertex 69.9765 2.34179 5
      vertex 69.9765 2.34179 10
    endloop
  endfacet
  facet normal -0.987711 0.156289 0
    outer loop
      vertex 70.4026 -1.0306 5
      vertex 70.4566 -0.689332 10
      vertex 70.4566 -0.689332 5
    endloop
  endfacet
  facet normal -0.987711 0.156289 0
    outer loop
      vertex 70.4566 -0.689332 10
      vertex 70.4026 -1.0306 5
      vertex 70.4026 -1.0306 10
    endloop
  endfacet
  facet normal 0.827093 -0.562065 0
    outer loop
      vertex 60.3562 2.94705 10
      vertex 60.5504 3.23282 5
      vertex 60.5504 3.23282 10
    endloop
  endfacet
  facet normal 0.827093 -0.562065 0
    outer loop
      vertex 60.5504 3.23282 5
      vertex 60.3562 2.94705 10
      vertex 60.3562 2.94705 5
    endloop
  endfacet
  facet normal -0.454055 -0.890974 0
    outer loop
      vertex 67.3418 4.97655 5
      vertex 67.6496 4.81969 10
      vertex 67.3418 4.97655 10
    endloop
  endfacet
  facet normal -0.454055 -0.890974 -0
    outer loop
      vertex 67.6496 4.81969 10
      vertex 67.3418 4.97655 5
      vertex 67.6496 4.81969 5
    endloop
  endfacet
  facet normal -0.975899 -0.218223 0
    outer loop
      vertex 70.4026 1.0306 5
      vertex 70.3272 1.36779 10
      vertex 70.3272 1.36779 5
    endloop
  endfacet
  facet normal -0.975899 -0.218223 0
    outer loop
      vertex 70.3272 1.36779 10
      vertex 70.4026 1.0306 5
      vertex 70.4026 1.0306 10
    endloop
  endfacet
  facet normal -0.995566 0.094062 0
    outer loop
      vertex 70.4566 -0.689332 5
      vertex 70.4891 -0.345347 10
      vertex 70.4891 -0.345347 5
    endloop
  endfacet
  facet normal -0.995566 0.094062 0
    outer loop
      vertex 70.4891 -0.345347 10
      vertex 70.4566 -0.689332 5
      vertex 70.4566 -0.689332 10
    endloop
  endfacet
  facet normal -0.917676 -0.397329 0
    outer loop
      vertex 70.1138 2.02468 5
      vertex 69.9765 2.34179 10
      vertex 69.9765 2.34179 5
    endloop
  endfacet
  facet normal -0.917676 -0.397329 0
    outer loop
      vertex 69.9765 2.34179 10
      vertex 70.1138 2.02468 5
      vertex 70.1138 2.02468 10
    endloop
  endfacet
  facet normal 0.960291 0.279 0
    outer loop
      vertex 59.7692 -1.69959 10
      vertex 59.6728 -1.36779 5
      vertex 59.6728 -1.36779 10
    endloop
  endfacet
  facet normal 0.960291 0.279 0
    outer loop
      vertex 59.6728 -1.36779 5
      vertex 59.7692 -1.69959 10
      vertex 59.7692 -1.69959 5
    endloop
  endfacet
  facet normal -0.509059 -0.860732 0
    outer loop
      vertex 67.6496 4.81969 5
      vertex 67.947 4.6438 10
      vertex 67.6496 4.81969 10
    endloop
  endfacet
  facet normal -0.509059 -0.860732 -0
    outer loop
      vertex 67.947 4.6438 10
      vertex 67.6496 4.81969 5
      vertex 67.947 4.6438 5
    endloop
  endfacet
  facet normal -0.509059 0.860732 0
    outer loop
      vertex 67.947 -4.6438 5
      vertex 67.6496 -4.81969 10
      vertex 67.947 -4.6438 10
    endloop
  endfacet
  facet normal -0.509059 0.860732 0
    outer loop
      vertex 67.6496 -4.81969 10
      vertex 67.947 -4.6438 5
      vertex 67.6496 -4.81969 5
    endloop
  endfacet
  facet normal 0.279 -0.960291 0
    outer loop
      vertex 63.3004 5.23081 5
      vertex 63.6322 5.32721 10
      vertex 63.3004 5.23081 10
    endloop
  endfacet
  facet normal 0.279 -0.960291 0
    outer loop
      vertex 63.6322 5.32721 10
      vertex 63.3004 5.23081 5
      vertex 63.6322 5.32721 5
    endloop
  endfacet
  facet normal 0.218135 -0.975919 0
    outer loop
      vertex 63.6322 5.32721 5
      vertex 63.9694 5.40258 10
      vertex 63.6322 5.32721 10
    endloop
  endfacet
  facet normal 0.218135 -0.975919 0
    outer loop
      vertex 63.9694 5.40258 10
      vertex 63.6322 5.32721 5
      vertex 63.9694 5.40258 5
    endloop
  endfacet
  facet normal 0.987711 0.156289 0
    outer loop
      vertex 59.5974 -1.0306 10
      vertex 59.5434 -0.689332 5
      vertex 59.5434 -0.689332 10
    endloop
  endfacet
  facet normal 0.987711 0.156289 0
    outer loop
      vertex 59.5434 -0.689332 5
      vertex 59.5974 -1.0306 10
      vertex 59.5974 -1.0306 5
    endloop
  endfacet
  facet normal -0.279 -0.960291 0
    outer loop
      vertex 66.3678 5.32721 5
      vertex 66.6996 5.23081 10
      vertex 66.3678 5.32721 10
    endloop
  endfacet
  facet normal -0.279 -0.960291 -0
    outer loop
      vertex 66.6996 5.23081 10
      vertex 66.3678 5.32721 5
      vertex 66.6996 5.23081 5
    endloop
  endfacet
  facet normal -0.891074 0.453859 0
    outer loop
      vertex 69.8197 -2.64964 5
      vertex 69.9765 -2.34179 10
      vertex 69.9765 -2.34179 5
    endloop
  endfacet
  facet normal -0.891074 0.453859 0
    outer loop
      vertex 69.9765 -2.34179 10
      vertex 69.8197 -2.64964 5
      vertex 69.8197 -2.64964 10
    endloop
  endfacet
  facet normal 0.891074 0.453859 0
    outer loop
      vertex 60.1803 -2.64964 10
      vertex 60.0235 -2.34179 5
      vertex 60.0235 -2.34179 10
    endloop
  endfacet
  facet normal 0.891074 0.453859 0
    outer loop
      vertex 60.0235 -2.34179 5
      vertex 60.1803 -2.64964 10
      vertex 60.1803 -2.64964 5
    endloop
  endfacet
  facet normal 0.827093 0.562065 0
    outer loop
      vertex 60.5504 -3.23282 10
      vertex 60.3562 -2.94705 5
      vertex 60.3562 -2.94705 10
    endloop
  endfacet
  facet normal 0.827093 0.562065 0
    outer loop
      vertex 60.3562 -2.94705 5
      vertex 60.5504 -3.23282 10
      vertex 60.5504 -3.23282 5
    endloop
  endfacet
  facet normal -0.999502 0.0315467 0
    outer loop
      vertex 70.4891 -0.345347 5
      vertex 70.5 0 10
      vertex 70.5 0 5
    endloop
  endfacet
  facet normal -0.999502 0.0315467 0
    outer loop
      vertex 70.5 0 10
      vertex 70.4891 -0.345347 5
      vertex 70.4891 -0.345347 10
    endloop
  endfacet
  facet normal 0.397144 -0.917756 0
    outer loop
      vertex 62.6582 4.97655 5
      vertex 62.9753 5.11377 10
      vertex 62.6582 4.97655 10
    endloop
  endfacet
  facet normal 0.397144 -0.917756 0
    outer loop
      vertex 62.9753 5.11377 10
      vertex 62.6582 4.97655 5
      vertex 62.9753 5.11377 5
    endloop
  endfacet
  facet normal 0.612924 0.790142 -0
    outer loop
      vertex 61.7672 -4.44959 5
      vertex 61.4942 -4.23782 10
      vertex 61.7672 -4.44959 10
    endloop
  endfacet
  facet normal 0.612924 0.790142 0
    outer loop
      vertex 61.4942 -4.23782 10
      vertex 61.7672 -4.44959 5
      vertex 61.4942 -4.23782 5
    endloop
  endfacet
  facet normal 0.975899 0.218223 0
    outer loop
      vertex 59.6728 -1.36779 10
      vertex 59.5974 -1.0306 5
      vertex 59.5974 -1.0306 10
    endloop
  endfacet
  facet normal 0.975899 0.218223 0
    outer loop
      vertex 59.5974 -1.0306 5
      vertex 59.6728 -1.36779 10
      vertex 59.6728 -1.36779 5
    endloop
  endfacet
  facet normal -0.612924 -0.790142 0
    outer loop
      vertex 68.2328 4.44959 5
      vertex 68.5058 4.23782 10
      vertex 68.2328 4.44959 10
    endloop
  endfacet
  facet normal -0.612924 -0.790142 -0
    outer loop
      vertex 68.5058 4.23782 10
      vertex 68.2328 4.44959 5
      vertex 68.5058 4.23782 5
    endloop
  endfacet
  facet normal 0.509059 -0.860732 0
    outer loop
      vertex 62.053 4.6438 5
      vertex 62.3504 4.81969 10
      vertex 62.053 4.6438 10
    endloop
  endfacet
  facet normal 0.509059 -0.860732 0
    outer loop
      vertex 62.3504 4.81969 10
      vertex 62.053 4.6438 5
      vertex 62.3504 4.81969 5
    endloop
  endfacet
  facet normal 0.940917 0.338636 0
    outer loop
      vertex 59.8862 -2.02468 10
      vertex 59.7692 -1.69959 5
      vertex 59.7692 -1.69959 10
    endloop
  endfacet
  facet normal 0.940917 0.338636 0
    outer loop
      vertex 59.7692 -1.69959 5
      vertex 59.8862 -2.02468 10
      vertex 59.8862 -2.02468 5
    endloop
  endfacet
  facet normal -0.0314065 0.999507 0
    outer loop
      vertex 65.3453 -5.48915 5
      vertex 65 -5.5 10
      vertex 65.3453 -5.48915 10
    endloop
  endfacet
  facet normal -0.0314065 0.999507 0
    outer loop
      vertex 65 -5.5 10
      vertex 65.3453 -5.48915 5
      vertex 65 -5.5 5
    endloop
  endfacet
  facet normal 0.33873 0.940884 -0
    outer loop
      vertex 63.3004 -5.23081 5
      vertex 62.9753 -5.11377 10
      vertex 63.3004 -5.23081 10
    endloop
  endfacet
  facet normal 0.33873 0.940884 0
    outer loop
      vertex 62.9753 -5.11377 10
      vertex 63.3004 -5.23081 5
      vertex 62.9753 -5.11377 5
    endloop
  endfacet
  facet normal -0.827093 -0.562065 0
    outer loop
      vertex 69.6438 2.94705 5
      vertex 69.4496 3.23282 10
      vertex 69.4496 3.23282 5
    endloop
  endfacet
  facet normal -0.827093 -0.562065 0
    outer loop
      vertex 69.4496 3.23282 10
      vertex 69.6438 2.94705 5
      vertex 69.6438 2.94705 10
    endloop
  endfacet
  facet normal -0.860727 -0.509068 0
    outer loop
      vertex 69.8197 2.64964 5
      vertex 69.6438 2.94705 10
      vertex 69.6438 2.94705 5
    endloop
  endfacet
  facet normal -0.860727 -0.509068 0
    outer loop
      vertex 69.6438 2.94705 10
      vertex 69.8197 2.64964 5
      vertex 69.8197 2.64964 10
    endloop
  endfacet
  facet normal 0.940917 -0.338636 0
    outer loop
      vertex 59.7692 1.69959 10
      vertex 59.8862 2.02468 5
      vertex 59.8862 2.02468 10
    endloop
  endfacet
  facet normal 0.940917 -0.338636 0
    outer loop
      vertex 59.8862 2.02468 5
      vertex 59.7692 1.69959 10
      vertex 59.7692 1.69959 5
    endloop
  endfacet
  facet normal -0.397144 0.917756 0
    outer loop
      vertex 67.3418 -4.97655 5
      vertex 67.0247 -5.11377 10
      vertex 67.3418 -4.97655 10
    endloop
  endfacet
  facet normal -0.397144 0.917756 0
    outer loop
      vertex 67.0247 -5.11377 10
      vertex 67.3418 -4.97655 5
      vertex 67.0247 -5.11377 5
    endloop
  endfacet
  facet normal 0.707136 -0.707078 0
    outer loop
      vertex 60.9907 3.76501 10
      vertex 61.235 4.00933 5
      vertex 61.235 4.00933 10
    endloop
  endfacet
  facet normal 0.707136 -0.707078 0
    outer loop
      vertex 61.235 4.00933 5
      vertex 60.9907 3.76501 10
      vertex 60.9907 3.76501 5
    endloop
  endfacet
  facet normal -0.707136 -0.707078 0
    outer loop
      vertex 69.0093 3.76501 5
      vertex 68.765 4.00933 10
      vertex 68.765 4.00933 5
    endloop
  endfacet
  facet normal -0.707136 -0.707078 0
    outer loop
      vertex 68.765 4.00933 10
      vertex 69.0093 3.76501 5
      vertex 69.0093 3.76501 10
    endloop
  endfacet
  facet normal 0.750108 0.661315 0
    outer loop
      vertex 60.9907 -3.76501 10
      vertex 60.7622 -3.50583 5
      vertex 60.7622 -3.50583 10
    endloop
  endfacet
  facet normal 0.750108 0.661315 0
    outer loop
      vertex 60.7622 -3.50583 5
      vertex 60.9907 -3.76501 10
      vertex 60.9907 -3.76501 5
    endloop
  endfacet
  facet normal -0.397144 -0.917756 0
    outer loop
      vertex 67.0247 5.11377 5
      vertex 67.3418 4.97655 10
      vertex 67.0247 5.11377 10
    endloop
  endfacet
  facet normal -0.397144 -0.917756 -0
    outer loop
      vertex 67.3418 4.97655 10
      vertex 67.0247 5.11377 5
      vertex 67.3418 4.97655 5
    endloop
  endfacet
  facet normal -0.987711 -0.156289 0
    outer loop
      vertex 70.4566 0.689332 5
      vertex 70.4026 1.0306 10
      vertex 70.4026 1.0306 5
    endloop
  endfacet
  facet normal -0.987711 -0.156289 0
    outer loop
      vertex 70.4026 1.0306 10
      vertex 70.4566 0.689332 5
      vertex 70.4566 0.689332 10
    endloop
  endfacet
  facet normal -0.218135 -0.975919 0
    outer loop
      vertex 66.0306 5.40258 5
      vertex 66.3678 5.32721 10
      vertex 66.0306 5.40258 10
    endloop
  endfacet
  facet normal -0.218135 -0.975919 -0
    outer loop
      vertex 66.3678 5.32721 10
      vertex 66.0306 5.40258 5
      vertex 66.3678 5.32721 5
    endloop
  endfacet
  facet normal 0.917676 0.397329 0
    outer loop
      vertex 60.0235 -2.34179 10
      vertex 59.8862 -2.02468 5
      vertex 59.8862 -2.02468 10
    endloop
  endfacet
  facet normal 0.917676 0.397329 0
    outer loop
      vertex 59.8862 -2.02468 5
      vertex 60.0235 -2.34179 10
      vertex 60.0235 -2.34179 5
    endloop
  endfacet
  facet normal -0.33873 0.940884 0
    outer loop
      vertex 67.0247 -5.11377 5
      vertex 66.6996 -5.23081 10
      vertex 67.0247 -5.11377 10
    endloop
  endfacet
  facet normal -0.33873 0.940884 0
    outer loop
      vertex 66.6996 -5.23081 10
      vertex 67.0247 -5.11377 5
      vertex 66.6996 -5.23081 5
    endloop
  endfacet
  facet normal 0.66127 0.750148 -0
    outer loop
      vertex 61.4942 -4.23782 5
      vertex 61.235 -4.00933 10
      vertex 61.4942 -4.23782 10
    endloop
  endfacet
  facet normal 0.66127 0.750148 0
    outer loop
      vertex 61.235 -4.00933 10
      vertex 61.4942 -4.23782 5
      vertex 61.235 -4.00933 5
    endloop
  endfacet
  facet normal -0.940917 -0.338636 0
    outer loop
      vertex 70.2308 1.69959 5
      vertex 70.1138 2.02468 10
      vertex 70.1138 2.02468 5
    endloop
  endfacet
  facet normal -0.940917 -0.338636 0
    outer loop
      vertex 70.1138 2.02468 10
      vertex 70.2308 1.69959 5
      vertex 70.2308 1.69959 10
    endloop
  endfacet
  facet normal 0.218135 0.975919 -0
    outer loop
      vertex 63.9694 -5.40258 5
      vertex 63.6322 -5.32721 10
      vertex 63.9694 -5.40258 10
    endloop
  endfacet
  facet normal 0.218135 0.975919 0
    outer loop
      vertex 63.6322 -5.32721 10
      vertex 63.9694 -5.40258 5
      vertex 63.6322 -5.32721 5
    endloop
  endfacet
  facet normal 0.0313974 -0.999507 0
    outer loop
      vertex 64.6546 5.48915 5
      vertex 65 5.5 10
      vertex 64.6546 5.48915 10
    endloop
  endfacet
  facet normal 0.0313974 -0.999507 0
    outer loop
      vertex 65 5.5 10
      vertex 64.6546 5.48915 5
      vertex 65 5.5 5
    endloop
  endfacet
  facet normal -0.218135 0.975919 0
    outer loop
      vertex 66.3678 -5.32721 5
      vertex 66.0306 -5.40258 10
      vertex 66.3678 -5.32721 10
    endloop
  endfacet
  facet normal -0.218135 0.975919 0
    outer loop
      vertex 66.0306 -5.40258 10
      vertex 66.3678 -5.32721 5
      vertex 66.0306 -5.40258 5
    endloop
  endfacet
  facet normal -0.750108 -0.661315 0
    outer loop
      vertex 69.2378 3.50583 5
      vertex 69.0093 3.76501 10
      vertex 69.0093 3.76501 5
    endloop
  endfacet
  facet normal -0.750108 -0.661315 0
    outer loop
      vertex 69.0093 3.76501 10
      vertex 69.2378 3.50583 5
      vertex 69.2378 3.50583 10
    endloop
  endfacet
  facet normal -0.0314065 -0.999507 0
    outer loop
      vertex 65 5.5 5
      vertex 65.3453 5.48915 10
      vertex 65 5.5 10
    endloop
  endfacet
  facet normal -0.0314065 -0.999507 -0
    outer loop
      vertex 65.3453 5.48915 10
      vertex 65 5.5 5
      vertex 65.3453 5.48915 5
    endloop
  endfacet
  facet normal -0.917676 0.397329 0
    outer loop
      vertex 69.9765 -2.34179 5
      vertex 70.1138 -2.02468 10
      vertex 70.1138 -2.02468 5
    endloop
  endfacet
  facet normal -0.917676 0.397329 0
    outer loop
      vertex 70.1138 -2.02468 10
      vertex 69.9765 -2.34179 5
      vertex 69.9765 -2.34179 10
    endloop
  endfacet
  facet normal 0.917676 -0.397329 0
    outer loop
      vertex 59.8862 2.02468 10
      vertex 60.0235 2.34179 5
      vertex 60.0235 2.34179 10
    endloop
  endfacet
  facet normal 0.917676 -0.397329 0
    outer loop
      vertex 60.0235 2.34179 5
      vertex 59.8862 2.02468 10
      vertex 59.8862 2.02468 5
    endloop
  endfacet
  facet normal 0.707136 0.707078 0
    outer loop
      vertex 61.235 -4.00933 10
      vertex 60.9907 -3.76501 5
      vertex 60.9907 -3.76501 10
    endloop
  endfacet
  facet normal 0.707136 0.707078 0
    outer loop
      vertex 60.9907 -3.76501 5
      vertex 61.235 -4.00933 10
      vertex 61.235 -4.00933 5
    endloop
  endfacet
  facet normal -0.454055 0.890974 0
    outer loop
      vertex 67.6496 -4.81969 5
      vertex 67.3418 -4.97655 10
      vertex 67.6496 -4.81969 10
    endloop
  endfacet
  facet normal -0.454055 0.890974 0
    outer loop
      vertex 67.3418 -4.97655 10
      vertex 67.6496 -4.81969 5
      vertex 67.3418 -4.97655 5
    endloop
  endfacet
  facet normal 0.999502 0.0315467 0
    outer loop
      vertex 59.5109 -0.345347 10
      vertex 59.5 0 5
      vertex 59.5 0 10
    endloop
  endfacet
  facet normal 0.999502 0.0315467 0
    outer loop
      vertex 59.5 0 5
      vertex 59.5109 -0.345347 10
      vertex 59.5109 -0.345347 5
    endloop
  endfacet
  facet normal 0.975899 -0.218223 0
    outer loop
      vertex 59.5974 1.0306 10
      vertex 59.6728 1.36779 5
      vertex 59.6728 1.36779 10
    endloop
  endfacet
  facet normal 0.975899 -0.218223 0
    outer loop
      vertex 59.6728 1.36779 5
      vertex 59.5974 1.0306 10
      vertex 59.5974 1.0306 5
    endloop
  endfacet
  facet normal -0.750108 0.661315 0
    outer loop
      vertex 69.0093 -3.76501 5
      vertex 69.2378 -3.50583 10
      vertex 69.2378 -3.50583 5
    endloop
  endfacet
  facet normal -0.750108 0.661315 0
    outer loop
      vertex 69.2378 -3.50583 10
      vertex 69.0093 -3.76501 5
      vertex 69.0093 -3.76501 10
    endloop
  endfacet
  facet normal -0.827093 0.562065 0
    outer loop
      vertex 69.4496 -3.23282 5
      vertex 69.6438 -2.94705 10
      vertex 69.6438 -2.94705 5
    endloop
  endfacet
  facet normal -0.827093 0.562065 0
    outer loop
      vertex 69.6438 -2.94705 10
      vertex 69.4496 -3.23282 5
      vertex 69.4496 -3.23282 10
    endloop
  endfacet
  facet normal 0.156416 0.987691 -0
    outer loop
      vertex 64.3107 -5.45663 5
      vertex 63.9694 -5.40258 10
      vertex 64.3107 -5.45663 10
    endloop
  endfacet
  facet normal 0.156416 0.987691 0
    outer loop
      vertex 63.9694 -5.40258 10
      vertex 64.3107 -5.45663 5
      vertex 63.9694 -5.40258 5
    endloop
  endfacet
  facet normal -0.0941153 -0.995561 0
    outer loop
      vertex 65.3453 5.48915 5
      vertex 65.6893 5.45663 10
      vertex 65.3453 5.48915 10
    endloop
  endfacet
  facet normal -0.0941153 -0.995561 -0
    outer loop
      vertex 65.6893 5.45663 10
      vertex 65.3453 5.48915 5
      vertex 65.6893 5.45663 5
    endloop
  endfacet
  facet normal -0.790111 0.612964 0
    outer loop
      vertex 69.2378 -3.50583 5
      vertex 69.4496 -3.23282 10
      vertex 69.4496 -3.23282 5
    endloop
  endfacet
  facet normal -0.790111 0.612964 0
    outer loop
      vertex 69.4496 -3.23282 10
      vertex 69.2378 -3.50583 5
      vertex 69.2378 -3.50583 10
    endloop
  endfacet
  facet normal 0.750108 -0.661315 0
    outer loop
      vertex 60.7622 3.50583 10
      vertex 60.9907 3.76501 5
      vertex 60.9907 3.76501 10
    endloop
  endfacet
  facet normal 0.750108 -0.661315 0
    outer loop
      vertex 60.9907 3.76501 5
      vertex 60.7622 3.50583 10
      vertex 60.7622 3.50583 5
    endloop
  endfacet
  facet normal 0.790111 0.612964 0
    outer loop
      vertex 60.7622 -3.50583 10
      vertex 60.5504 -3.23282 5
      vertex 60.5504 -3.23282 10
    endloop
  endfacet
  facet normal 0.790111 0.612964 0
    outer loop
      vertex 60.5504 -3.23282 5
      vertex 60.7622 -3.50583 10
      vertex 60.7622 -3.50583 5
    endloop
  endfacet
  facet normal 0.562045 -0.827107 0
    outer loop
      vertex 61.7672 4.44959 5
      vertex 62.053 4.6438 10
      vertex 61.7672 4.44959 10
    endloop
  endfacet
  facet normal 0.562045 -0.827107 0
    outer loop
      vertex 62.053 4.6438 10
      vertex 61.7672 4.44959 5
      vertex 62.053 4.6438 5
    endloop
  endfacet
  facet normal 0.397144 0.917756 -0
    outer loop
      vertex 62.9753 -5.11377 5
      vertex 62.6582 -4.97655 10
      vertex 62.9753 -5.11377 10
    endloop
  endfacet
  facet normal 0.397144 0.917756 0
    outer loop
      vertex 62.6582 -4.97655 10
      vertex 62.9753 -5.11377 5
      vertex 62.6582 -4.97655 5
    endloop
  endfacet
  facet normal 0.612924 -0.790142 0
    outer loop
      vertex 61.4942 4.23782 5
      vertex 61.7672 4.44959 10
      vertex 61.4942 4.23782 10
    endloop
  endfacet
  facet normal 0.612924 -0.790142 0
    outer loop
      vertex 61.7672 4.44959 10
      vertex 61.4942 4.23782 5
      vertex 61.7672 4.44959 5
    endloop
  endfacet
  facet normal -0.156416 0.987691 0
    outer loop
      vertex 66.0306 -5.40258 5
      vertex 65.6893 -5.45663 10
      vertex 66.0306 -5.40258 10
    endloop
  endfacet
  facet normal -0.156416 0.987691 0
    outer loop
      vertex 65.6893 -5.45663 10
      vertex 66.0306 -5.40258 5
      vertex 65.6893 -5.45663 5
    endloop
  endfacet
  facet normal 0.999502 -0.0315467 0
    outer loop
      vertex 59.5 0 10
      vertex 59.5109 0.345347 5
      vertex 59.5109 0.345347 10
    endloop
  endfacet
  facet normal 0.999502 -0.0315467 0
    outer loop
      vertex 59.5109 0.345347 5
      vertex 59.5 0 10
      vertex 59.5 0 5
    endloop
  endfacet
  facet normal 0.987711 -0.156289 0
    outer loop
      vertex 59.5434 0.689332 10
      vertex 59.5974 1.0306 5
      vertex 59.5974 1.0306 10
    endloop
  endfacet
  facet normal 0.987711 -0.156289 0
    outer loop
      vertex 59.5974 1.0306 5
      vertex 59.5434 0.689332 10
      vertex 59.5434 0.689332 5
    endloop
  endfacet
  facet normal 0.454055 -0.890974 0
    outer loop
      vertex 62.3504 4.81969 5
      vertex 62.6582 4.97655 10
      vertex 62.3504 4.81969 10
    endloop
  endfacet
  facet normal 0.454055 -0.890974 0
    outer loop
      vertex 62.6582 4.97655 10
      vertex 62.3504 4.81969 5
      vertex 62.6582 4.97655 5
    endloop
  endfacet
  facet normal 0.33873 -0.940884 0
    outer loop
      vertex 62.9753 5.11377 5
      vertex 63.3004 5.23081 10
      vertex 62.9753 5.11377 10
    endloop
  endfacet
  facet normal 0.33873 -0.940884 0
    outer loop
      vertex 63.3004 5.23081 10
      vertex 62.9753 5.11377 5
      vertex 63.3004 5.23081 5
    endloop
  endfacet
  facet normal 0.0941424 0.995559 -0
    outer loop
      vertex 64.6546 -5.48915 5
      vertex 64.3107 -5.45663 10
      vertex 64.6546 -5.48915 10
    endloop
  endfacet
  facet normal 0.0941424 0.995559 0
    outer loop
      vertex 64.3107 -5.45663 10
      vertex 64.6546 -5.48915 5
      vertex 64.3107 -5.45663 5
    endloop
  endfacet
  facet normal 0.0313974 0.999507 -0
    outer loop
      vertex 65 -5.5 5
      vertex 64.6546 -5.48915 10
      vertex 65 -5.5 10
    endloop
  endfacet
  facet normal 0.0313974 0.999507 0
    outer loop
      vertex 64.6546 -5.48915 10
      vertex 65 -5.5 5
      vertex 64.6546 -5.48915 5
    endloop
  endfacet
  facet normal -0.562045 0.827107 0
    outer loop
      vertex 68.2328 -4.44959 5
      vertex 67.947 -4.6438 10
      vertex 68.2328 -4.44959 10
    endloop
  endfacet
  facet normal -0.562045 0.827107 0
    outer loop
      vertex 67.947 -4.6438 10
      vertex 68.2328 -4.44959 5
      vertex 67.947 -4.6438 5
    endloop
  endfacet
  facet normal -0.156416 -0.987691 0
    outer loop
      vertex 65.6893 5.45663 5
      vertex 66.0306 5.40258 10
      vertex 65.6893 5.45663 10
    endloop
  endfacet
  facet normal -0.156416 -0.987691 -0
    outer loop
      vertex 66.0306 5.40258 10
      vertex 65.6893 5.45663 5
      vertex 66.0306 5.40258 5
    endloop
  endfacet
  facet normal -0.612924 0.790142 0
    outer loop
      vertex 68.5058 -4.23782 5
      vertex 68.2328 -4.44959 10
      vertex 68.5058 -4.23782 10
    endloop
  endfacet
  facet normal -0.612924 0.790142 0
    outer loop
      vertex 68.2328 -4.44959 10
      vertex 68.5058 -4.23782 5
      vertex 68.2328 -4.44959 5
    endloop
  endfacet
  facet normal 0.891074 -0.453859 0
    outer loop
      vertex 60.0235 2.34179 10
      vertex 60.1803 2.64964 5
      vertex 60.1803 2.64964 10
    endloop
  endfacet
  facet normal 0.891074 -0.453859 0
    outer loop
      vertex 60.1803 2.64964 5
      vertex 60.0235 2.34179 10
      vertex 60.0235 2.34179 5
    endloop
  endfacet
  facet normal 0 0 -1
    outer loop
      vertex 70.5 0 5
      vertex 77 0 5
      vertex 76.9763 -0.753486 5
    endloop
  endfacet
  facet normal 0 0 -1
    outer loop
      vertex 70.4891 -0.345347 5
      vertex 76.9763 -0.753486 5
      vertex 76.9054 -1.504 5
    endloop
  endfacet
  facet normal 0 0 -1
    outer loop
      vertex 77 0 5
      vertex 70.5 0 5
      vertex 76.9763 0.753486 5
    endloop
  endfacet
  facet normal 0 0 -1
    outer loop
      vertex 70.4566 -0.689332 5
      vertex 76.9054 -1.504 5
      vertex 76.7874 -2.24858 5
    endloop
  endfacet
  facet normal 0 0 -1
    outer loop
      vertex 70.4891 0.345347 5
      vertex 76.9763 0.753486 5
      vertex 70.5 0 5
    endloop
  endfacet
  facet normal 0 0 -1
    outer loop
      vertex 70.4026 -1.0306 5
      vertex 76.7874 -2.24858 5
      vertex 76.623 -2.98428 5
    endloop
  endfacet
  facet normal -0 0 -1
    outer loop
      vertex 76.9763 0.753486 5
      vertex 70.4891 0.345347 5
      vertex 76.9054 1.504 5
    endloop
  endfacet
  facet normal 0 0 -1
    outer loop
      vertex 70.3272 -1.36779 5
      vertex 76.623 -2.98428 5
      vertex 76.4127 -3.7082 5
    endloop
  endfacet
  facet normal 0 0 -1
    outer loop
      vertex 70.4566 0.689332 5
      vertex 76.9054 1.504 5
      vertex 70.4891 0.345347 5
    endloop
  endfacet
  facet normal 0 0 -1
    outer loop
      vertex 70.2308 -1.69959 5
      vertex 76.4127 -3.7082 5
      vertex 76.1573 -4.41749 5
    endloop
  endfacet
  facet normal -0 0 -1
    outer loop
      vertex 76.9054 1.504 5
      vertex 70.4566 0.689332 5
      vertex 76.7874 2.24858 5
    endloop
  endfacet
  facet normal 0 0 -1
    outer loop
      vertex 70.1138 -2.02468 5
      vertex 76.1573 -4.41749 5
      vertex 75.8579 -5.10935 5
    endloop
  endfacet
  facet normal 0 0 -1
    outer loop
      vertex 70.4026 1.0306 5
      vertex 76.7874 2.24858 5
      vertex 70.4566 0.689332 5
    endloop
  endfacet
  facet normal 0 0 -1
    outer loop
      vertex 69.9765 -2.34179 5
      vertex 75.8579 -5.10935 5
      vertex 75.5157 -5.78104 5
    endloop
  endfacet
  facet normal -0 0 -1
    outer loop
      vertex 76.7874 2.24858 5
      vertex 70.4026 1.0306 5
      vertex 76.623 2.98428 5
    endloop
  endfacet
  facet normal 0 0 -1
    outer loop
      vertex 69.8197 -2.64964 5
      vertex 75.5157 -5.78104 5
      vertex 75.1319 -6.42992 5
    endloop
  endfacet
  facet normal 0 0 -1
    outer loop
      vertex 70.3272 1.36779 5
      vertex 76.623 2.98428 5
      vertex 70.4026 1.0306 5
    endloop
  endfacet
  facet normal 0 0 -1
    outer loop
      vertex 69.6438 -2.94705 5
      vertex 75.1319 -6.42992 5
      vertex 74.7082 -7.05342 5
    endloop
  endfacet
  facet normal -0 0 -1
    outer loop
      vertex 76.623 2.98428 5
      vertex 70.3272 1.36779 5
      vertex 76.4127 3.7082 5
    endloop
  endfacet
  facet normal 0 0 -1
    outer loop
      vertex 69.4496 -3.23282 5
      vertex 74.7082 -7.05342 5
      vertex 74.2462 -7.64909 5
    endloop
  endfacet
  facet normal 0 0 -1
    outer loop
      vertex 70.2308 1.69959 5
      vertex 76.4127 3.7082 5
      vertex 70.3272 1.36779 5
    endloop
  endfacet
  facet normal 0 0 -1
    outer loop
      vertex 69.2378 -3.50583 5
      vertex 74.2462 -7.64909 5
      vertex 73.7476 -8.21456 5
    endloop
  endfacet
  facet normal -0 0 -1
    outer loop
      vertex 76.4127 3.7082 5
      vertex 70.2308 1.69959 5
      vertex 76.1573 4.41749 5
    endloop
  endfacet
  facet normal 0 0 -1
    outer loop
      vertex 69.0093 -3.76501 5
      vertex 73.7476 -8.21456 5
      vertex 73.2146 -8.74762 5
    endloop
  endfacet
  facet normal 0 0 -1
    outer loop
      vertex 70.1138 2.02468 5
      vertex 76.1573 4.41749 5
      vertex 70.2308 1.69959 5
    endloop
  endfacet
  facet normal 0 0 -1
    outer loop
      vertex 68.765 -4.00933 5
      vertex 73.2146 -8.74762 5
      vertex 72.6491 -9.24616 5
    endloop
  endfacet
  facet normal -0 0 -1
    outer loop
      vertex 76.1573 4.41749 5
      vertex 70.1138 2.02468 5
      vertex 75.8579 5.10935 5
    endloop
  endfacet
  facet normal 0 0 -1
    outer loop
      vertex 68.5058 -4.23782 5
      vertex 72.6491 -9.24616 5
      vertex 72.0534 -9.7082 5
    endloop
  endfacet
  facet normal 0 0 -1
    outer loop
      vertex 69.9765 2.34179 5
      vertex 75.8579 5.10935 5
      vertex 70.1138 2.02468 5
    endloop
  endfacet
  facet normal 0 0 -1
    outer loop
      vertex 68.2328 -4.44959 5
      vertex 72.0534 -9.7082 5
      vertex 71.4299 -10.1319 5
    endloop
  endfacet
  facet normal -0 0 -1
    outer loop
      vertex 75.8579 5.10935 5
      vertex 69.9765 2.34179 5
      vertex 75.5157 5.78104 5
    endloop
  endfacet
  facet normal 0 0 -1
    outer loop
      vertex 67.947 -4.6438 5
      vertex 71.4299 -10.1319 5
      vertex 70.781 -10.5157 5
    endloop
  endfacet
  facet normal 0 0 -1
    outer loop
      vertex 69.8197 2.64964 5
      vertex 75.5157 5.78104 5
      vertex 69.9765 2.34179 5
    endloop
  endfacet
  facet normal -0 0 -1
    outer loop
      vertex 75.5157 5.78104 5
      vertex 69.8197 2.64964 5
      vertex 75.1319 6.42992 5
    endloop
  endfacet
  facet normal 0 0 -1
    outer loop
      vertex 76.9763 -0.753486 5
      vertex 70.4891 -0.345347 5
      vertex 70.5 0 5
    endloop
  endfacet
  facet normal 0 0 -1
    outer loop
      vertex 76.9054 -1.504 5
      vertex 70.4566 -0.689332 5
      vertex 70.4891 -0.345347 5
    endloop
  endfacet
  facet normal 0 0 -1
    outer loop
      vertex 76.7874 -2.24858 5
      vertex 70.4026 -1.0306 5
      vertex 70.4566 -0.689332 5
    endloop
  endfacet
  facet normal 0 0 -1
    outer loop
      vertex 76.623 -2.98428 5
      vertex 70.3272 -1.36779 5
      vertex 70.4026 -1.0306 5
    endloop
  endfacet
  facet normal 0 0 -1
    outer loop
      vertex 76.4127 -3.7082 5
      vertex 70.2308 -1.69959 5
      vertex 70.3272 -1.36779 5
    endloop
  endfacet
  facet normal 0 0 -1
    outer loop
      vertex 76.1573 -4.41749 5
      vertex 70.1138 -2.02468 5
      vertex 70.2308 -1.69959 5
    endloop
  endfacet
  facet normal 0 0 -1
    outer loop
      vertex 67.6496 -4.81969 5
      vertex 70.781 -10.5157 5
      vertex 70.1094 -10.8579 5
    endloop
  endfacet
  facet normal 0 0 -1
    outer loop
      vertex 75.8579 -5.10935 5
      vertex 69.9765 -2.34179 5
      vertex 70.1138 -2.02468 5
    endloop
  endfacet
  facet normal 0 0 -1
    outer loop
      vertex 75.5157 -5.78104 5
      vertex 69.8197 -2.64964 5
      vertex 69.9765 -2.34179 5
    endloop
  endfacet
  facet normal 0 0 -1
    outer loop
      vertex 75.1319 -6.42992 5
      vertex 69.6438 -2.94705 5
      vertex 69.8197 -2.64964 5
    endloop
  endfacet
  facet normal 0 0 -1
    outer loop
      vertex 74.7082 -7.05342 5
      vertex 69.4496 -3.23282 5
      vertex 69.6438 -2.94705 5
    endloop
  endfacet
  facet normal 0 0 -1
    outer loop
      vertex 67.3418 -4.97655 5
      vertex 70.1094 -10.8579 5
      vertex 69.4175 -11.1573 5
    endloop
  endfacet
  facet normal 0 0 -1
    outer loop
      vertex 74.2462 -7.64909 5
      vertex 69.2378 -3.50583 5
      vertex 69.4496 -3.23282 5
    endloop
  endfacet
  facet normal 0 0 -1
    outer loop
      vertex 73.7476 -8.21456 5
      vertex 69.0093 -3.76501 5
      vertex 69.2378 -3.50583 5
    endloop
  endfacet
  facet normal 0 0 -1
    outer loop
      vertex 73.2146 -8.74762 5
      vertex 68.765 -4.00933 5
      vertex 69.0093 -3.76501 5
    endloop
  endfacet
  facet normal 0 0 -1
    outer loop
      vertex 67.0247 -5.11377 5
      vertex 69.4175 -11.1573 5
      vertex 68.7082 -11.4127 5
    endloop
  endfacet
  facet normal 0 0 -1
    outer loop
      vertex 72.6491 -9.24616 5
      vertex 68.5058 -4.23782 5
      vertex 68.765 -4.00933 5
    endloop
  endfacet
  facet normal 0 0 -1
    outer loop
      vertex 72.0534 -9.7082 5
      vertex 68.2328 -4.44959 5
      vertex 68.5058 -4.23782 5
    endloop
  endfacet
  facet normal 0 0 -1
    outer loop
      vertex 66.6996 -5.23081 5
      vertex 68.7082 -11.4127 5
      vertex 67.9843 -11.623 5
    endloop
  endfacet
  facet normal 0 0 -1
    outer loop
      vertex 71.4299 -10.1319 5
      vertex 67.947 -4.6438 5
      vertex 68.2328 -4.44959 5
    endloop
  endfacet
  facet normal 0 0 -1
    outer loop
      vertex 70.781 -10.5157 5
      vertex 67.6496 -4.81969 5
      vertex 67.947 -4.6438 5
    endloop
  endfacet
  facet normal 0 0 -1
    outer loop
      vertex 70.1094 -10.8579 5
      vertex 67.3418 -4.97655 5
      vertex 67.6496 -4.81969 5
    endloop
  endfacet
  facet normal 0 0 -1
    outer loop
      vertex 66.3678 -5.32721 5
      vertex 67.9843 -11.623 5
      vertex 67.2486 -11.7874 5
    endloop
  endfacet
  facet normal 0 0 -1
    outer loop
      vertex 69.4175 -11.1573 5
      vertex 67.0247 -5.11377 5
      vertex 67.3418 -4.97655 5
    endloop
  endfacet
  facet normal 0 0 -1
    outer loop
      vertex 68.7082 -11.4127 5
      vertex 66.6996 -5.23081 5
      vertex 67.0247 -5.11377 5
    endloop
  endfacet
  facet normal 0 0 -1
    outer loop
      vertex 67.9843 -11.623 5
      vertex 66.3678 -5.32721 5
      vertex 66.6996 -5.23081 5
    endloop
  endfacet
  facet normal 0 0 -1
    outer loop
      vertex 67.2486 -11.7874 5
      vertex 66.0306 -5.40258 5
      vertex 66.3678 -5.32721 5
    endloop
  endfacet
  facet normal 0 0 -1
    outer loop
      vertex 67.2486 -11.7874 5
      vertex 65.6893 -5.45663 5
      vertex 66.0306 -5.40258 5
    endloop
  endfacet
  facet normal 0 0 -1
    outer loop
      vertex 67.2486 -11.7874 5
      vertex 65.3453 -5.48915 5
      vertex 65.6893 -5.45663 5
    endloop
  endfacet
  facet normal 0 0 -1
    outer loop
      vertex 67.2486 -11.7874 5
      vertex 65 -5.5 5
      vertex 65.3453 -5.48915 5
    endloop
  endfacet
  facet normal 0 0 -1
    outer loop
      vertex 67.2486 -11.7874 5
      vertex 64.6546 -5.48915 5
      vertex 65 -5.5 5
    endloop
  endfacet
  facet normal 0 0 -1
    outer loop
      vertex 67.2486 -11.7874 5
      vertex 64.3107 -5.45663 5
      vertex 64.6546 -5.48915 5
    endloop
  endfacet
  facet normal 0 0 -1
    outer loop
      vertex 67.2486 -11.7874 5
      vertex 63.9694 -5.40258 5
      vertex 64.3107 -5.45663 5
    endloop
  endfacet
  facet normal 0 0 -1
    outer loop
      vertex 67.2486 -11.7874 5
      vertex 63.6322 -5.32721 5
      vertex 63.9694 -5.40258 5
    endloop
  endfacet
  facet normal 0 0 -1
    outer loop
      vertex 67.2486 -11.7874 5
      vertex 63.3004 -5.23081 5
      vertex 63.6322 -5.32721 5
    endloop
  endfacet
  facet normal 0 0 -1
    outer loop
      vertex 67.2486 -11.7874 5
      vertex 62.9753 -5.11377 5
      vertex 63.3004 -5.23081 5
    endloop
  endfacet
  facet normal 0 0 -1
    outer loop
      vertex 67.2486 -11.7874 5
      vertex 62.6582 -4.97655 5
      vertex 62.9753 -5.11377 5
    endloop
  endfacet
  facet normal 0 0 -1
    outer loop
      vertex 67.2486 -11.7874 5
      vertex 62.3504 -4.81969 5
      vertex 62.6582 -4.97655 5
    endloop
  endfacet
  facet normal 0 0 -1
    outer loop
      vertex 67.2486 -11.7874 5
      vertex 62.053 -4.6438 5
      vertex 62.3504 -4.81969 5
    endloop
  endfacet
  facet normal 0 0 -1
    outer loop
      vertex 41.7102 -17 5
      vertex 62.053 -4.6438 5
      vertex 67.2486 -11.7874 5
    endloop
  endfacet
  facet normal -0 0 -1
    outer loop
      vertex 62.053 -4.6438 5
      vertex 41.7102 -17 5
      vertex 61.7672 -4.44959 5
    endloop
  endfacet
  facet normal -0 0 -1
    outer loop
      vertex 61.7672 -4.44959 5
      vertex 41.7102 -17 5
      vertex 61.4942 -4.23782 5
    endloop
  endfacet
  facet normal -0 0 -1
    outer loop
      vertex 61.4942 -4.23782 5
      vertex 41.7102 -17 5
      vertex 61.235 -4.00933 5
    endloop
  endfacet
  facet normal -0 0 -1
    outer loop
      vertex 61.235 -4.00933 5
      vertex 41.7102 -17 5
      vertex 60.9907 -3.76501 5
    endloop
  endfacet
  facet normal -0 0 -1
    outer loop
      vertex 59.5109 -0.345347 5
      vertex 41.7102 -17 5
      vertex 59.5 0 5
    endloop
  endfacet
  facet normal -0 0 -1
    outer loop
      vertex 59.5434 -0.689332 5
      vertex 41.7102 -17 5
      vertex 59.5109 -0.345347 5
    endloop
  endfacet
  facet normal -0 0 -1
    outer loop
      vertex 59.5974 -1.0306 5
      vertex 41.7102 -17 5
      vertex 59.5434 -0.689332 5
    endloop
  endfacet
  facet normal -0 0 -1
    outer loop
      vertex 59.6728 -1.36779 5
      vertex 41.7102 -17 5
      vertex 59.5974 -1.0306 5
    endloop
  endfacet
  facet normal -0 0 -1
    outer loop
      vertex 59.7692 -1.69959 5
      vertex 41.7102 -17 5
      vertex 59.6728 -1.36779 5
    endloop
  endfacet
  facet normal -0 0 -1
    outer loop
      vertex 59.8862 -2.02468 5
      vertex 41.7102 -17 5
      vertex 59.7692 -1.69959 5
    endloop
  endfacet
  facet normal -0 0 -1
    outer loop
      vertex 60.0235 -2.34179 5
      vertex 41.7102 -17 5
      vertex 59.8862 -2.02468 5
    endloop
  endfacet
  facet normal -0 0 -1
    outer loop
      vertex 60.1803 -2.64964 5
      vertex 41.7102 -17 5
      vertex 60.0235 -2.34179 5
    endloop
  endfacet
  facet normal -0 0 -1
    outer loop
      vertex 60.3562 -2.94705 5
      vertex 41.7102 -17 5
      vertex 60.1803 -2.64964 5
    endloop
  endfacet
  facet normal -0 0 -1
    outer loop
      vertex 60.5504 -3.23282 5
      vertex 41.7102 -17 5
      vertex 60.3562 -2.94705 5
    endloop
  endfacet
  facet normal -0 0 -1
    outer loop
      vertex 60.7622 -3.50583 5
      vertex 41.7102 -17 5
      vertex 60.5504 -3.23282 5
    endloop
  endfacet
  facet normal -0 0 -1
    outer loop
      vertex 60.9907 -3.76501 5
      vertex 41.7102 -17 5
      vertex 60.7622 -3.50583 5
    endloop
  endfacet
  facet normal 0 0 -1
    outer loop
      vertex 69.6438 2.94705 5
      vertex 75.1319 6.42992 5
      vertex 69.8197 2.64964 5
    endloop
  endfacet
  facet normal -0 0 -1
    outer loop
      vertex 75.1319 6.42992 5
      vertex 69.6438 2.94705 5
      vertex 74.7082 7.05342 5
    endloop
  endfacet
  facet normal 0 0 -1
    outer loop
      vertex 69.4496 3.23282 5
      vertex 74.7082 7.05342 5
      vertex 69.6438 2.94705 5
    endloop
  endfacet
  facet normal -0 0 -1
    outer loop
      vertex 74.7082 7.05342 5
      vertex 69.4496 3.23282 5
      vertex 74.2462 7.64909 5
    endloop
  endfacet
  facet normal 0 0 -1
    outer loop
      vertex 69.2378 3.50583 5
      vertex 74.2462 7.64909 5
      vertex 69.4496 3.23282 5
    endloop
  endfacet
  facet normal -0 0 -1
    outer loop
      vertex 74.2462 7.64909 5
      vertex 69.2378 3.50583 5
      vertex 73.7476 8.21456 5
    endloop
  endfacet
  facet normal 0 0 -1
    outer loop
      vertex 69.0093 3.76501 5
      vertex 73.7476 8.21456 5
      vertex 69.2378 3.50583 5
    endloop
  endfacet
  facet normal -0 0 -1
    outer loop
      vertex 73.7476 8.21456 5
      vertex 69.0093 3.76501 5
      vertex 73.2146 8.74762 5
    endloop
  endfacet
  facet normal 0 0 -1
    outer loop
      vertex 68.765 4.00933 5
      vertex 73.2146 8.74762 5
      vertex 69.0093 3.76501 5
    endloop
  endfacet
  facet normal -0 0 -1
    outer loop
      vertex 73.2146 8.74762 5
      vertex 68.765 4.00933 5
      vertex 72.6491 9.24616 5
    endloop
  endfacet
  facet normal 0 0 -1
    outer loop
      vertex 68.5058 4.23782 5
      vertex 72.6491 9.24616 5
      vertex 68.765 4.00933 5
    endloop
  endfacet
  facet normal -0 0 -1
    outer loop
      vertex 72.6491 9.24616 5
      vertex 68.5058 4.23782 5
      vertex 72.0534 9.7082 5
    endloop
  endfacet
  facet normal 0 0 -1
    outer loop
      vertex 68.2328 4.44959 5
      vertex 72.0534 9.7082 5
      vertex 68.5058 4.23782 5
    endloop
  endfacet
  facet normal -0 0 -1
    outer loop
      vertex 72.0534 9.7082 5
      vertex 68.2328 4.44959 5
      vertex 71.4299 10.1319 5
    endloop
  endfacet
  facet normal 0 0 -1
    outer loop
      vertex 67.947 4.6438 5
      vertex 71.4299 10.1319 5
      vertex 68.2328 4.44959 5
    endloop
  endfacet
  facet normal -0 0 -1
    outer loop
      vertex 71.4299 10.1319 5
      vertex 67.947 4.6438 5
      vertex 70.781 10.5157 5
    endloop
  endfacet
  facet normal 0 0 -1
    outer loop
      vertex 67.6496 4.81969 5
      vertex 70.781 10.5157 5
      vertex 67.947 4.6438 5
    endloop
  endfacet
  facet normal -0 0 -1
    outer loop
      vertex 70.781 10.5157 5
      vertex 67.6496 4.81969 5
      vertex 70.1094 10.8579 5
    endloop
  endfacet
  facet normal 0 0 -1
    outer loop
      vertex 67.3418 4.97655 5
      vertex 70.1094 10.8579 5
      vertex 67.6496 4.81969 5
    endloop
  endfacet
  facet normal -0 0 -1
    outer loop
      vertex 70.1094 10.8579 5
      vertex 67.3418 4.97655 5
      vertex 69.4175 11.1573 5
    endloop
  endfacet
  facet normal 0 0 -1
    outer loop
      vertex 67.0247 5.11377 5
      vertex 69.4175 11.1573 5
      vertex 67.3418 4.97655 5
    endloop
  endfacet
  facet normal -0 0 -1
    outer loop
      vertex 69.4175 11.1573 5
      vertex 67.0247 5.11377 5
      vertex 68.7082 11.4127 5
    endloop
  endfacet
  facet normal 0 0 -1
    outer loop
      vertex 66.6996 5.23081 5
      vertex 68.7082 11.4127 5
      vertex 67.0247 5.11377 5
    endloop
  endfacet
  facet normal -0 0 -1
    outer loop
      vertex 68.7082 11.4127 5
      vertex 66.6996 5.23081 5
      vertex 67.9843 11.623 5
    endloop
  endfacet
  facet normal 0 0 -1
    outer loop
      vertex 66.3678 5.32721 5
      vertex 67.9843 11.623 5
      vertex 66.6996 5.23081 5
    endloop
  endfacet
  facet normal -0 0 -1
    outer loop
      vertex 67.9843 11.623 5
      vertex 66.3678 5.32721 5
      vertex 67.2486 11.7874 5
    endloop
  endfacet
  facet normal 0 0 -1
    outer loop
      vertex 66.0306 5.40258 5
      vertex 67.2486 11.7874 5
      vertex 66.3678 5.32721 5
    endloop
  endfacet
  facet normal 0 0 -1
    outer loop
      vertex 65.6893 5.45663 5
      vertex 67.2486 11.7874 5
      vertex 66.0306 5.40258 5
    endloop
  endfacet
  facet normal 0 0 -1
    outer loop
      vertex 65.3453 5.48915 5
      vertex 67.2486 11.7874 5
      vertex 65.6893 5.45663 5
    endloop
  endfacet
  facet normal 0 0 -1
    outer loop
      vertex 65 5.5 5
      vertex 67.2486 11.7874 5
      vertex 65.3453 5.48915 5
    endloop
  endfacet
  facet normal 0 0 -1
    outer loop
      vertex 64.6546 5.48915 5
      vertex 67.2486 11.7874 5
      vertex 65 5.5 5
    endloop
  endfacet
  facet normal 0 0 -1
    outer loop
      vertex 64.3107 5.45663 5
      vertex 67.2486 11.7874 5
      vertex 64.6546 5.48915 5
    endloop
  endfacet
  facet normal 0 0 -1
    outer loop
      vertex 63.9694 5.40258 5
      vertex 67.2486 11.7874 5
      vertex 64.3107 5.45663 5
    endloop
  endfacet
  facet normal 0 0 -1
    outer loop
      vertex 63.6322 5.32721 5
      vertex 67.2486 11.7874 5
      vertex 63.9694 5.40258 5
    endloop
  endfacet
  facet normal 0 0 -1
    outer loop
      vertex 63.3004 5.23081 5
      vertex 67.2486 11.7874 5
      vertex 63.6322 5.32721 5
    endloop
  endfacet
  facet normal 0 0 -1
    outer loop
      vertex 62.9753 5.11377 5
      vertex 67.2486 11.7874 5
      vertex 63.3004 5.23081 5
    endloop
  endfacet
  facet normal 0 0 -1
    outer loop
      vertex 62.6582 4.97655 5
      vertex 67.2486 11.7874 5
      vertex 62.9753 5.11377 5
    endloop
  endfacet
  facet normal 0 0 -1
    outer loop
      vertex 62.3504 4.81969 5
      vertex 67.2486 11.7874 5
      vertex 62.6582 4.97655 5
    endloop
  endfacet
  facet normal 0 0 -1
    outer loop
      vertex 62.053 4.6438 5
      vertex 67.2486 11.7874 5
      vertex 62.3504 4.81969 5
    endloop
  endfacet
  facet normal 0 0 -1
    outer loop
      vertex 41.7102 17 5
      vertex 62.053 4.6438 5
      vertex 61.7672 4.44959 5
    endloop
  endfacet
  facet normal 0 0 -1
    outer loop
      vertex 41.7102 17 5
      vertex 61.7672 4.44959 5
      vertex 61.4942 4.23782 5
    endloop
  endfacet
  facet normal 0 0 -1
    outer loop
      vertex 41.7102 17 5
      vertex 61.4942 4.23782 5
      vertex 61.235 4.00933 5
    endloop
  endfacet
  facet normal 0 0 -1
    outer loop
      vertex 41.7102 17 5
      vertex 61.235 4.00933 5
      vertex 60.9907 3.76501 5
    endloop
  endfacet
  facet normal 0 0 -1
    outer loop
      vertex 41.7102 17 5
      vertex 60.9907 3.76501 5
      vertex 60.7622 3.50583 5
    endloop
  endfacet
  facet normal 0 0 -1
    outer loop
      vertex 41.7102 17 5
      vertex 59.5 0 5
      vertex 41.7102 -17 5
    endloop
  endfacet
  facet normal 0 0 -1
    outer loop
      vertex 59.5 0 5
      vertex 41.7102 17 5
      vertex 59.5109 0.345347 5
    endloop
  endfacet
  facet normal 0 0 -1
    outer loop
      vertex 59.5109 0.345347 5
      vertex 41.7102 17 5
      vertex 59.5434 0.689332 5
    endloop
  endfacet
  facet normal 0 0 -1
    outer loop
      vertex 59.5434 0.689332 5
      vertex 41.7102 17 5
      vertex 59.5974 1.0306 5
    endloop
  endfacet
  facet normal 0 0 -1
    outer loop
      vertex 59.5974 1.0306 5
      vertex 41.7102 17 5
      vertex 59.6728 1.36779 5
    endloop
  endfacet
  facet normal 0 0 -1
    outer loop
      vertex 59.6728 1.36779 5
      vertex 41.7102 17 5
      vertex 59.7692 1.69959 5
    endloop
  endfacet
  facet normal 0 0 -1
    outer loop
      vertex 59.7692 1.69959 5
      vertex 41.7102 17 5
      vertex 59.8862 2.02468 5
    endloop
  endfacet
  facet normal 0 0 -1
    outer loop
      vertex 59.8862 2.02468 5
      vertex 41.7102 17 5
      vertex 60.0235 2.34179 5
    endloop
  endfacet
  facet normal 0 0 -1
    outer loop
      vertex 60.0235 2.34179 5
      vertex 41.7102 17 5
      vertex 60.1803 2.64964 5
    endloop
  endfacet
  facet normal 0 0 -1
    outer loop
      vertex 60.1803 2.64964 5
      vertex 41.7102 17 5
      vertex 60.3562 2.94705 5
    endloop
  endfacet
  facet normal 0 0 -1
    outer loop
      vertex 60.3562 2.94705 5
      vertex 41.7102 17 5
      vertex 60.5504 3.23282 5
    endloop
  endfacet
  facet normal 0 0 -1
    outer loop
      vertex 60.5504 3.23282 5
      vertex 41.7102 17 5
      vertex 60.7622 3.50583 5
    endloop
  endfacet
  facet normal 0 0 -1
    outer loop
      vertex 62.053 4.6438 5
      vertex 41.7102 17 5
      vertex 67.2486 11.7874 5
    endloop
  endfacet
  facet normal 0 0 -1
    outer loop
      vertex 30 -17 5
      vertex 41.7102 17 5
      vertex 41.7102 -17 5
    endloop
  endfacet
  facet normal -0 0 -1
    outer loop
      vertex 41.7102 17 5
      vertex 30 -17 5
      vertex 30 17 5
    endloop
  endfacet
  facet normal 1 -0 0
    outer loop
      vertex 30 -17 5
      vertex 30 17 0
      vertex 30 17 5
    endloop
  endfacet
  facet normal 1 0 0
    outer loop
      vertex 30 17 0
      vertex 30 -17 5
      vertex 30 -17 0
    endloop
  endfacet
  facet normal 0 -1 0
    outer loop
      vertex 30 17 0
      vertex 41.7102 17 5
      vertex 30 17 5
    endloop
  endfacet
  facet normal 0 -1 -0
    outer loop
      vertex 41.7102 17 5
      vertex 30 17 0
      vertex 41.7102 17 0
    endloop
  endfacet
  facet normal 0 1 -0
    outer loop
      vertex 41.7102 -17 0
      vertex 30 -17 5
      vertex 41.7102 -17 5
    endloop
  endfacet
  facet normal 0 1 0
    outer loop
      vertex 30 -17 5
      vertex 41.7102 -17 0
      vertex 30 -17 0
    endloop
  endfacet
endsolid OpenSCAD_Model
