solid OpenSCAD_Model
  facet normal -1 0 0
    outer loop
      vertex -60 0 0
      vertex -60 40 20
      vertex -60 40 0
    endloop
  endfacet
  facet normal -1 -0 0
    outer loop
      vertex -60 40 20
      vertex -60 0 0
      vertex -60 0 20
    endloop
  endfacet
  facet normal -0 0 1
    outer loop
      vertex 43.3013 10 20
      vertex 60 0 20
      vertex 60 40 20
    endloop
  endfacet
  facet normal 0 0 1
    outer loop
      vertex 60 0 20
      vertex 47.5528 0.45085 20
      vertex 47.6864 0 20
    endloop
  endfacet
  facet normal 0 0 1
    outer loop
      vertex 60 0 20
      vertex 46.679 2.9184 20
      vertex 47.5528 0.45085 20
    endloop
  endfacet
  facet normal 0 0 1
    outer loop
      vertex 60 0 20
      vertex 45.6773 5.33683 20
      vertex 46.679 2.9184 20
    endloop
  endfacet
  facet normal 0 0 1
    outer loop
      vertex 60 0 20
      vertex 44.5503 7.69952 20
      vertex 45.6773 5.33683 20
    endloop
  endfacet
  facet normal 0 0 1
    outer loop
      vertex 60 0 20
      vertex 43.3013 10 20
      vertex 44.5503 7.69952 20
    endloop
  endfacet
  facet normal 0 0 1
    outer loop
      vertex 60 40 20
      vertex 41.9335 12.232 20
      vertex 43.3013 10 20
    endloop
  endfacet
  facet normal -0 0 1
    outer loop
      vertex 39.8769 24.4357 20
      vertex 41.9335 12.232 20
      vertex 60 40 20
    endloop
  endfacet
  facet normal 0 0 1
    outer loop
      vertex 39.9863 25.4766 20
      vertex 60 40 20
      vertex 40 26 20
    endloop
  endfacet
  facet normal 0 0 1
    outer loop
      vertex 60 40 20
      vertex 39.9863 26.5234 20
      vertex 40 26 20
    endloop
  endfacet
  facet normal 0 0 1
    outer loop
      vertex 60 40 20
      vertex 39.9452 27.0453 20
      vertex 39.9863 26.5234 20
    endloop
  endfacet
  facet normal 0 0 1
    outer loop
      vertex 60 40 20
      vertex 39.8769 27.5643 20
      vertex 39.9452 27.0453 20
    endloop
  endfacet
  facet normal 0 0 1
    outer loop
      vertex 60 40 20
      vertex 39.7815 28.0791 20
      vertex 39.8769 27.5643 20
    endloop
  endfacet
  facet normal 0 0 1
    outer loop
      vertex 60 40 20
      vertex 39.6593 28.5882 20
      vertex 39.7815 28.0791 20
    endloop
  endfacet
  facet normal 0 0 1
    outer loop
      vertex 60 40 20
      vertex 39.5106 29.0902 20
      vertex 39.6593 28.5882 20
    endloop
  endfacet
  facet normal 0 0 1
    outer loop
      vertex 60 40 20
      vertex 39.3358 29.5837 20
      vertex 39.5106 29.0902 20
    endloop
  endfacet
  facet normal 0 0 1
    outer loop
      vertex 60 40 20
      vertex 39.1355 30.0674 20
      vertex 39.3358 29.5837 20
    endloop
  endfacet
  facet normal 0 0 1
    outer loop
      vertex 60 40 20
      vertex 38.9101 30.5399 20
      vertex 39.1355 30.0674 20
    endloop
  endfacet
  facet normal 0 0 1
    outer loop
      vertex 60 40 20
      vertex 38.6603 31 20
      vertex 38.9101 30.5399 20
    endloop
  endfacet
  facet normal 0 0 1
    outer loop
      vertex 60 40 20
      vertex 38.3867 31.4464 20
      vertex 38.6603 31 20
    endloop
  endfacet
  facet normal 0 0 1
    outer loop
      vertex 60 40 20
      vertex 38.0902 31.8779 20
      vertex 38.3867 31.4464 20
    endloop
  endfacet
  facet normal 0 0 1
    outer loop
      vertex 60 40 20
      vertex 37.7715 32.2932 20
      vertex 38.0902 31.8779 20
    endloop
  endfacet
  facet normal 0 0 1
    outer loop
      vertex 60 40 20
      vertex 37.4314 32.6913 20
      vertex 37.7715 32.2932 20
    endloop
  endfacet
  facet normal 0 0 1
    outer loop
      vertex 60 40 20
      vertex 37.0711 33.0711 20
      vertex 37.4314 32.6913 20
    endloop
  endfacet
  facet normal 0 0 1
    outer loop
      vertex 60 40 20
      vertex 36.6913 33.4314 20
      vertex 37.0711 33.0711 20
    endloop
  endfacet
  facet normal 0 0 1
    outer loop
      vertex 60 40 20
      vertex 36.2932 33.7715 20
      vertex 36.6913 33.4314 20
    endloop
  endfacet
  facet normal 0 0 1
    outer loop
      vertex 60 40 20
      vertex 35.8779 34.0902 20
      vertex 36.2932 33.7715 20
    endloop
  endfacet
  facet normal 0 0 1
    outer loop
      vertex 60 40 20
      vertex 35.4464 34.3867 20
      vertex 35.8779 34.0902 20
    endloop
  endfacet
  facet normal 0 0 1
    outer loop
      vertex 60 40 20
      vertex 35 34.6603 20
      vertex 35.4464 34.3867 20
    endloop
  endfacet
  facet normal 0 0 1
    outer loop
      vertex 60 40 20
      vertex 34.5399 34.9101 20
      vertex 35 34.6603 20
    endloop
  endfacet
  facet normal 0 0 1
    outer loop
      vertex 60 40 20
      vertex 34.0674 35.1355 20
      vertex 34.5399 34.9101 20
    endloop
  endfacet
  facet normal 0 0 1
    outer loop
      vertex 60 40 20
      vertex 33.5837 35.3358 20
      vertex 34.0674 35.1355 20
    endloop
  endfacet
  facet normal 0 0 1
    outer loop
      vertex 60 40 20
      vertex 33.0902 35.5106 20
      vertex 33.5837 35.3358 20
    endloop
  endfacet
  facet normal 0 0 1
    outer loop
      vertex 60 40 20
      vertex 32.5882 35.6593 20
      vertex 33.0902 35.5106 20
    endloop
  endfacet
  facet normal 0 0 1
    outer loop
      vertex 60 40 20
      vertex 32.0791 35.7815 20
      vertex 32.5882 35.6593 20
    endloop
  endfacet
  facet normal 0 0 1
    outer loop
      vertex 60 40 20
      vertex 31.5643 35.8769 20
      vertex 32.0791 35.7815 20
    endloop
  endfacet
  facet normal 0 0 1
    outer loop
      vertex 60 40 20
      vertex 31.0453 35.9452 20
      vertex 31.5643 35.8769 20
    endloop
  endfacet
  facet normal 0 0 1
    outer loop
      vertex 60 40 20
      vertex 30.5234 35.9863 20
      vertex 31.0453 35.9452 20
    endloop
  endfacet
  facet normal 0 0 1
    outer loop
      vertex 60 40 20
      vertex 30 36 20
      vertex 30.5234 35.9863 20
    endloop
  endfacet
  facet normal 0 0 1
    outer loop
      vertex 60 40 20
      vertex 29.4766 35.9863 20
      vertex 30 36 20
    endloop
  endfacet
  facet normal 0 0 1
    outer loop
      vertex 60 40 20
      vertex 28.9547 35.9452 20
      vertex 29.4766 35.9863 20
    endloop
  endfacet
  facet normal 0 0 1
    outer loop
      vertex 21.0899 30.5399 20
      vertex 20.3368 30.6773 20
      vertex 21.0037 30.3592 20
    endloop
  endfacet
  facet normal 0 0 1
    outer loop
      vertex 21.3397 31 20
      vertex 20.3368 30.6773 20
      vertex 21.0899 30.5399 20
    endloop
  endfacet
  facet normal 0 0 1
    outer loop
      vertex 21.6133 31.4464 20
      vertex 20.3368 30.6773 20
      vertex 21.3397 31 20
    endloop
  endfacet
  facet normal -0 0 1
    outer loop
      vertex 17.9184 31.679 20
      vertex 21.6133 31.4464 20
      vertex 21.9098 31.8779 20
    endloop
  endfacet
  facet normal 0 0 1
    outer loop
      vertex 17.9184 31.679 20
      vertex 21.9098 31.8779 20
      vertex 22.2285 32.2932 20
    endloop
  endfacet
  facet normal 0 0 1
    outer loop
      vertex 17.9184 31.679 20
      vertex 22.2285 32.2932 20
      vertex 22.5686 32.6913 20
    endloop
  endfacet
  facet normal 0 0 1
    outer loop
      vertex 17.9184 31.679 20
      vertex 22.5686 32.6913 20
      vertex 22.9289 33.0711 20
    endloop
  endfacet
  facet normal 0 0 1
    outer loop
      vertex 17.9184 31.679 20
      vertex 22.9289 33.0711 20
      vertex 23.3087 33.4314 20
    endloop
  endfacet
  facet normal 0 0 1
    outer loop
      vertex 21.6133 31.4464 20
      vertex 17.9184 31.679 20
      vertex 20.3368 30.6773 20
    endloop
  endfacet
  facet normal 0 0 1
    outer loop
      vertex 15.4508 32.5528 20
      vertex 23.3087 33.4314 20
      vertex 23.7068 33.7715 20
    endloop
  endfacet
  facet normal 0 0 1
    outer loop
      vertex 15.4508 32.5528 20
      vertex 23.7068 33.7715 20
      vertex 24.1221 34.0902 20
    endloop
  endfacet
  facet normal 0 0 1
    outer loop
      vertex 15.4508 32.5528 20
      vertex 24.1221 34.0902 20
      vertex 24.5536 34.3867 20
    endloop
  endfacet
  facet normal 0 0 1
    outer loop
      vertex 12.941 33.2963 20
      vertex 24.5536 34.3867 20
      vertex 25 34.6603 20
    endloop
  endfacet
  facet normal 0 0 1
    outer loop
      vertex 12.941 33.2963 20
      vertex 25 34.6603 20
      vertex 25.4601 34.9101 20
    endloop
  endfacet
  facet normal 0 0 1
    outer loop
      vertex 12.941 33.2963 20
      vertex 25.4601 34.9101 20
      vertex 25.9326 35.1355 20
    endloop
  endfacet
  facet normal 0 0 1
    outer loop
      vertex 23.3087 33.4314 20
      vertex 15.4508 32.5528 20
      vertex 17.9184 31.679 20
    endloop
  endfacet
  facet normal 0 0 1
    outer loop
      vertex 10.3956 33.9074 20
      vertex 25.9326 35.1355 20
      vertex 26.4163 35.3358 20
    endloop
  endfacet
  facet normal 0 0 1
    outer loop
      vertex 10.3956 33.9074 20
      vertex 26.4163 35.3358 20
      vertex 26.9098 35.5106 20
    endloop
  endfacet
  facet normal 0 0 1
    outer loop
      vertex 7.82172 34.3844 20
      vertex 26.9098 35.5106 20
      vertex 27.4118 35.6593 20
    endloop
  endfacet
  facet normal 0 0 1
    outer loop
      vertex 24.5536 34.3867 20
      vertex 12.941 33.2963 20
      vertex 15.4508 32.5528 20
    endloop
  endfacet
  facet normal 0 0 1
    outer loop
      vertex 7.82172 34.3844 20
      vertex 27.4118 35.6593 20
      vertex 27.9209 35.7815 20
    endloop
  endfacet
  facet normal 0 0 1
    outer loop
      vertex 5.22642 34.7261 20
      vertex 27.9209 35.7815 20
      vertex 28.4357 35.8769 20
    endloop
  endfacet
  facet normal 0 0 1
    outer loop
      vertex 25.9326 35.1355 20
      vertex 10.3956 33.9074 20
      vertex 12.941 33.2963 20
    endloop
  endfacet
  facet normal 0 0 1
    outer loop
      vertex 2.6168 34.9315 20
      vertex 28.4357 35.8769 20
      vertex 28.9547 35.9452 20
    endloop
  endfacet
  facet normal 0 0 1
    outer loop
      vertex 0 35 20
      vertex 28.9547 35.9452 20
      vertex 60 40 20
    endloop
  endfacet
  facet normal 0 0 1
    outer loop
      vertex 26.9098 35.5106 20
      vertex 7.82172 34.3844 20
      vertex 10.3956 33.9074 20
    endloop
  endfacet
  facet normal 0 0 1
    outer loop
      vertex 27.9209 35.7815 20
      vertex 5.22642 34.7261 20
      vertex 7.82172 34.3844 20
    endloop
  endfacet
  facet normal 0 0 1
    outer loop
      vertex 28.4357 35.8769 20
      vertex 2.6168 34.9315 20
      vertex 5.22642 34.7261 20
    endloop
  endfacet
  facet normal 0 0 1
    outer loop
      vertex 28.9547 35.9452 20
      vertex 0 35 20
      vertex 2.6168 34.9315 20
    endloop
  endfacet
  facet normal -0 0 1
    outer loop
      vertex -28.9547 35.9452 20
      vertex 0 35 20
      vertex 60 40 20
    endloop
  endfacet
  facet normal 0 0 1
    outer loop
      vertex 0 35 20
      vertex -28.9547 35.9452 20
      vertex -2.6168 34.9315 20
    endloop
  endfacet
  facet normal 0 0 1
    outer loop
      vertex -20.3368 30.6773 20
      vertex -21.0899 30.5399 20
      vertex -21.0037 30.3592 20
    endloop
  endfacet
  facet normal -0 0 1
    outer loop
      vertex -21.6133 31.4464 20
      vertex -20.3368 30.6773 20
      vertex -17.9184 31.679 20
    endloop
  endfacet
  facet normal 0 0 1
    outer loop
      vertex -20.3368 30.6773 20
      vertex -21.3397 31 20
      vertex -21.0899 30.5399 20
    endloop
  endfacet
  facet normal 0 0 1
    outer loop
      vertex -23.3087 33.4314 20
      vertex -17.9184 31.679 20
      vertex -15.4508 32.5528 20
    endloop
  endfacet
  facet normal 0 0 1
    outer loop
      vertex -24.5536 34.3867 20
      vertex -15.4508 32.5528 20
      vertex -12.941 33.2963 20
    endloop
  endfacet
  facet normal 0 0 1
    outer loop
      vertex -20.3368 30.6773 20
      vertex -21.6133 31.4464 20
      vertex -21.3397 31 20
    endloop
  endfacet
  facet normal 0 0 1
    outer loop
      vertex -25.4601 34.9101 20
      vertex -12.941 33.2963 20
      vertex -10.3956 33.9074 20
    endloop
  endfacet
  facet normal 0 0 1
    outer loop
      vertex -17.9184 31.679 20
      vertex -21.9098 31.8779 20
      vertex -21.6133 31.4464 20
    endloop
  endfacet
  facet normal 0 0 1
    outer loop
      vertex -26.4163 35.3358 20
      vertex -10.3956 33.9074 20
      vertex -7.82172 34.3844 20
    endloop
  endfacet
  facet normal 0 0 1
    outer loop
      vertex -17.9184 31.679 20
      vertex -22.2285 32.2932 20
      vertex -21.9098 31.8779 20
    endloop
  endfacet
  facet normal 0 0 1
    outer loop
      vertex -17.9184 31.679 20
      vertex -22.5686 32.6913 20
      vertex -22.2285 32.2932 20
    endloop
  endfacet
  facet normal 0 0 1
    outer loop
      vertex -27.4118 35.6593 20
      vertex -7.82172 34.3844 20
      vertex -5.22642 34.7261 20
    endloop
  endfacet
  facet normal 0 0 1
    outer loop
      vertex -17.9184 31.679 20
      vertex -22.9289 33.0711 20
      vertex -22.5686 32.6913 20
    endloop
  endfacet
  facet normal 0 0 1
    outer loop
      vertex -17.9184 31.679 20
      vertex -23.3087 33.4314 20
      vertex -22.9289 33.0711 20
    endloop
  endfacet
  facet normal -0 -0 1
    outer loop
      vertex -28.4357 35.8769 20
      vertex -2.6168 34.9315 20
      vertex -28.9547 35.9452 20
    endloop
  endfacet
  facet normal 0 0 1
    outer loop
      vertex -15.4508 32.5528 20
      vertex -23.7068 33.7715 20
      vertex -23.3087 33.4314 20
    endloop
  endfacet
  facet normal 0 0 1
    outer loop
      vertex -15.4508 32.5528 20
      vertex -24.1221 34.0902 20
      vertex -23.7068 33.7715 20
    endloop
  endfacet
  facet normal 0 0 1
    outer loop
      vertex -15.4508 32.5528 20
      vertex -24.5536 34.3867 20
      vertex -24.1221 34.0902 20
    endloop
  endfacet
  facet normal 0 0 1
    outer loop
      vertex -12.941 33.2963 20
      vertex -25 34.6603 20
      vertex -24.5536 34.3867 20
    endloop
  endfacet
  facet normal 0 0 1
    outer loop
      vertex -12.941 33.2963 20
      vertex -25.4601 34.9101 20
      vertex -25 34.6603 20
    endloop
  endfacet
  facet normal 0 0 1
    outer loop
      vertex -10.3956 33.9074 20
      vertex -25.9326 35.1355 20
      vertex -25.4601 34.9101 20
    endloop
  endfacet
  facet normal 0 0 1
    outer loop
      vertex -10.3956 33.9074 20
      vertex -26.4163 35.3358 20
      vertex -25.9326 35.1355 20
    endloop
  endfacet
  facet normal 0 0 1
    outer loop
      vertex -7.82172 34.3844 20
      vertex -26.9098 35.5106 20
      vertex -26.4163 35.3358 20
    endloop
  endfacet
  facet normal 0 0 1
    outer loop
      vertex -7.82172 34.3844 20
      vertex -27.4118 35.6593 20
      vertex -26.9098 35.5106 20
    endloop
  endfacet
  facet normal 0 0 1
    outer loop
      vertex -5.22642 34.7261 20
      vertex -27.9209 35.7815 20
      vertex -27.4118 35.6593 20
    endloop
  endfacet
  facet normal 0 0 1
    outer loop
      vertex -5.22642 34.7261 20
      vertex -28.4357 35.8769 20
      vertex -27.9209 35.7815 20
    endloop
  endfacet
  facet normal 0 0 1
    outer loop
      vertex -2.6168 34.9315 20
      vertex -28.4357 35.8769 20
      vertex -5.22642 34.7261 20
    endloop
  endfacet
  facet normal 0 0 1
    outer loop
      vertex 60 40 20
      vertex -29.4766 35.9863 20
      vertex -28.9547 35.9452 20
    endloop
  endfacet
  facet normal -0 0 1
    outer loop
      vertex -60 40 20
      vertex -29.4766 35.9863 20
      vertex 60 40 20
    endloop
  endfacet
  facet normal 0 0 1
    outer loop
      vertex -29.4766 35.9863 20
      vertex -60 40 20
      vertex -30 36 20
    endloop
  endfacet
  facet normal 0 0 1
    outer loop
      vertex -60 40 20
      vertex -40 26 20
      vertex -39.9863 26.5234 20
    endloop
  endfacet
  facet normal 0 0 1
    outer loop
      vertex -40 26 20
      vertex -41.9335 12.232 20
      vertex -40.4509 14.3893 20
    endloop
  endfacet
  facet normal 0 0 1
    outer loop
      vertex -60 40 20
      vertex -39.9863 26.5234 20
      vertex -39.9452 27.0453 20
    endloop
  endfacet
  facet normal 0 0 1
    outer loop
      vertex -60 40 20
      vertex -39.9452 27.0453 20
      vertex -39.8769 27.5643 20
    endloop
  endfacet
  facet normal 0 0 1
    outer loop
      vertex -40 26 20
      vertex -60 40 20
      vertex -41.9335 12.232 20
    endloop
  endfacet
  facet normal 0 0 1
    outer loop
      vertex -60 40 20
      vertex -39.8769 27.5643 20
      vertex -39.7815 28.0791 20
    endloop
  endfacet
  facet normal 0 0 1
    outer loop
      vertex -41.9335 12.232 20
      vertex -60 40 20
      vertex -43.3013 10 20
    endloop
  endfacet
  facet normal 0 0 1
    outer loop
      vertex -60 0 20
      vertex -43.3013 10 20
      vertex -60 40 20
    endloop
  endfacet
  facet normal 0 0 1
    outer loop
      vertex -60 40 20
      vertex -39.7815 28.0791 20
      vertex -39.6593 28.5882 20
    endloop
  endfacet
  facet normal 0 0 1
    outer loop
      vertex -43.3013 10 20
      vertex -60 0 20
      vertex -44.5503 7.69952 20
    endloop
  endfacet
  facet normal 0 0 1
    outer loop
      vertex -45.6773 5.33683 20
      vertex -60 0 20
      vertex -46.679 2.9184 20
    endloop
  endfacet
  facet normal 0 0 1
    outer loop
      vertex -46.679 2.9184 20
      vertex -60 0 20
      vertex -47.5528 0.45085 20
    endloop
  endfacet
  facet normal 0 0 1
    outer loop
      vertex -30 36 20
      vertex -60 40 20
      vertex -30.5234 35.9863 20
    endloop
  endfacet
  facet normal 0 0 1
    outer loop
      vertex -60 40 20
      vertex -31.0453 35.9452 20
      vertex -30.5234 35.9863 20
    endloop
  endfacet
  facet normal 0 0 1
    outer loop
      vertex -60 40 20
      vertex -31.5643 35.8769 20
      vertex -31.0453 35.9452 20
    endloop
  endfacet
  facet normal 0 0 1
    outer loop
      vertex -60 40 20
      vertex -32.0791 35.7815 20
      vertex -31.5643 35.8769 20
    endloop
  endfacet
  facet normal 0 0 1
    outer loop
      vertex -60 40 20
      vertex -32.5882 35.6593 20
      vertex -32.0791 35.7815 20
    endloop
  endfacet
  facet normal 0 0 1
    outer loop
      vertex -60 40 20
      vertex -33.0902 35.5106 20
      vertex -32.5882 35.6593 20
    endloop
  endfacet
  facet normal 0 0 1
    outer loop
      vertex -60 40 20
      vertex -33.5837 35.3358 20
      vertex -33.0902 35.5106 20
    endloop
  endfacet
  facet normal 0 0 1
    outer loop
      vertex -60 40 20
      vertex -34.0674 35.1355 20
      vertex -33.5837 35.3358 20
    endloop
  endfacet
  facet normal 0 0 1
    outer loop
      vertex -60 40 20
      vertex -34.5399 34.9101 20
      vertex -34.0674 35.1355 20
    endloop
  endfacet
  facet normal 0 0 1
    outer loop
      vertex -60 40 20
      vertex -35 34.6603 20
      vertex -34.5399 34.9101 20
    endloop
  endfacet
  facet normal 0 0 1
    outer loop
      vertex -60 40 20
      vertex -35.4464 34.3867 20
      vertex -35 34.6603 20
    endloop
  endfacet
  facet normal 0 0 1
    outer loop
      vertex -60 40 20
      vertex -35.8779 34.0902 20
      vertex -35.4464 34.3867 20
    endloop
  endfacet
  facet normal 0 0 1
    outer loop
      vertex -60 40 20
      vertex -36.2932 33.7715 20
      vertex -35.8779 34.0902 20
    endloop
  endfacet
  facet normal 0 0 1
    outer loop
      vertex -60 40 20
      vertex -36.6913 33.4314 20
      vertex -36.2932 33.7715 20
    endloop
  endfacet
  facet normal 0 0 1
    outer loop
      vertex -60 40 20
      vertex -37.0711 33.0711 20
      vertex -36.6913 33.4314 20
    endloop
  endfacet
  facet normal 0 0 1
    outer loop
      vertex -60 40 20
      vertex -37.4314 32.6913 20
      vertex -37.0711 33.0711 20
    endloop
  endfacet
  facet normal 0 0 1
    outer loop
      vertex -60 40 20
      vertex -37.7715 32.2932 20
      vertex -37.4314 32.6913 20
    endloop
  endfacet
  facet normal 0 0 1
    outer loop
      vertex -60 40 20
      vertex -38.0902 31.8779 20
      vertex -37.7715 32.2932 20
    endloop
  endfacet
  facet normal 0 0 1
    outer loop
      vertex -60 40 20
      vertex -38.3867 31.4464 20
      vertex -38.0902 31.8779 20
    endloop
  endfacet
  facet normal 0 0 1
    outer loop
      vertex -60 40 20
      vertex -38.6603 31 20
      vertex -38.3867 31.4464 20
    endloop
  endfacet
  facet normal 0 0 1
    outer loop
      vertex -60 40 20
      vertex -38.9101 30.5399 20
      vertex -38.6603 31 20
    endloop
  endfacet
  facet normal 0 0 1
    outer loop
      vertex -60 40 20
      vertex -39.1355 30.0674 20
      vertex -38.9101 30.5399 20
    endloop
  endfacet
  facet normal 0 0 1
    outer loop
      vertex -60 40 20
      vertex -39.3358 29.5837 20
      vertex -39.1355 30.0674 20
    endloop
  endfacet
  facet normal 0 0 1
    outer loop
      vertex -60 40 20
      vertex -39.5106 29.0902 20
      vertex -39.3358 29.5837 20
    endloop
  endfacet
  facet normal 0 0 1
    outer loop
      vertex -60 40 20
      vertex -39.6593 28.5882 20
      vertex -39.5106 29.0902 20
    endloop
  endfacet
  facet normal 0 0 1
    outer loop
      vertex -44.5503 7.69952 20
      vertex -60 0 20
      vertex -45.6773 5.33683 20
    endloop
  endfacet
  facet normal 0 0 1
    outer loop
      vertex -47.5528 0.45085 20
      vertex -60 0 20
      vertex -47.6864 0 20
    endloop
  endfacet
  facet normal 0 0 1
    outer loop
      vertex 39.9452 24.9547 20
      vertex 60 40 20
      vertex 39.9863 25.4766 20
    endloop
  endfacet
  facet normal 0 0 1
    outer loop
      vertex 39.8769 24.4357 20
      vertex 60 40 20
      vertex 39.9452 24.9547 20
    endloop
  endfacet
  facet normal -0 0 1
    outer loop
      vertex 39.7815 23.9209 20
      vertex 41.9335 12.232 20
      vertex 39.8769 24.4357 20
    endloop
  endfacet
  facet normal -0 0 1
    outer loop
      vertex 39.6593 23.4118 20
      vertex 41.9335 12.232 20
      vertex 39.7815 23.9209 20
    endloop
  endfacet
  facet normal 0 0 1
    outer loop
      vertex 41.9335 12.232 20
      vertex 39.6593 23.4118 20
      vertex 40.4509 14.3893 20
    endloop
  endfacet
  facet normal -0 0 1
    outer loop
      vertex 39.5106 22.9098 20
      vertex 40.4509 14.3893 20
      vertex 39.6593 23.4118 20
    endloop
  endfacet
  facet normal -0 0 1
    outer loop
      vertex 39.3358 22.4163 20
      vertex 40.4509 14.3893 20
      vertex 39.5106 22.9098 20
    endloop
  endfacet
  facet normal -0 0 1
    outer loop
      vertex 39.1355 21.9326 20
      vertex 40.4509 14.3893 20
      vertex 39.3358 22.4163 20
    endloop
  endfacet
  facet normal -0 0 1
    outer loop
      vertex 38.9101 21.4601 20
      vertex 40.4509 14.3893 20
      vertex 39.1355 21.9326 20
    endloop
  endfacet
  facet normal 0 0 1
    outer loop
      vertex 38.9101 21.4601 20
      vertex 38.8573 16.466 20
      vertex 40.4509 14.3893 20
    endloop
  endfacet
  facet normal -0 0 1
    outer loop
      vertex 38.6603 21 20
      vertex 38.8573 16.466 20
      vertex 38.9101 21.4601 20
    endloop
  endfacet
  facet normal -0 0 1
    outer loop
      vertex 38.3867 20.5536 20
      vertex 38.8573 16.466 20
      vertex 38.6603 21 20
    endloop
  endfacet
  facet normal -0 0 1
    outer loop
      vertex 38.0902 20.1221 20
      vertex 38.8573 16.466 20
      vertex 38.3867 20.5536 20
    endloop
  endfacet
  facet normal -0 0 1
    outer loop
      vertex 37.7715 19.7068 20
      vertex 38.8573 16.466 20
      vertex 38.0902 20.1221 20
    endloop
  endfacet
  facet normal 0 0 1
    outer loop
      vertex 37.1572 18.4565 20
      vertex 37.7715 19.7068 20
      vertex 37.4314 19.3087 20
    endloop
  endfacet
  facet normal 0 0 1
    outer loop
      vertex 37.7715 19.7068 20
      vertex 37.1572 18.4565 20
      vertex 38.8573 16.466 20
    endloop
  endfacet
  facet normal -0 0 1
    outer loop
      vertex 37.0711 18.9289 20
      vertex 37.1572 18.4565 20
      vertex 37.4314 19.3087 20
    endloop
  endfacet
  facet normal 0 0 1
    outer loop
      vertex 37.1572 18.4565 20
      vertex 37.0711 18.9289 20
      vertex 36.8805 18.7481 20
    endloop
  endfacet
  facet normal 0 0 1
    outer loop
      vertex -37.0711 18.9289 20
      vertex -37.1572 18.4565 20
      vertex -36.8805 18.7481 20
    endloop
  endfacet
  facet normal 0 0 1
    outer loop
      vertex -37.4314 19.3087 20
      vertex -37.1572 18.4565 20
      vertex -37.0711 18.9289 20
    endloop
  endfacet
  facet normal 0 0 1
    outer loop
      vertex -37.7715 19.7068 20
      vertex -37.1572 18.4565 20
      vertex -37.4314 19.3087 20
    endloop
  endfacet
  facet normal 0 0 1
    outer loop
      vertex -38.8573 16.466 20
      vertex -37.7715 19.7068 20
      vertex -38.0902 20.1221 20
    endloop
  endfacet
  facet normal 0 0 1
    outer loop
      vertex -38.8573 16.466 20
      vertex -38.0902 20.1221 20
      vertex -38.3867 20.5536 20
    endloop
  endfacet
  facet normal 0 0 1
    outer loop
      vertex -38.8573 16.466 20
      vertex -38.3867 20.5536 20
      vertex -38.6603 21 20
    endloop
  endfacet
  facet normal 0 0 1
    outer loop
      vertex -37.7715 19.7068 20
      vertex -38.8573 16.466 20
      vertex -37.1572 18.4565 20
    endloop
  endfacet
  facet normal 0 0 1
    outer loop
      vertex -38.9101 21.4601 20
      vertex -38.8573 16.466 20
      vertex -38.6603 21 20
    endloop
  endfacet
  facet normal 0 0 1
    outer loop
      vertex -40.4509 14.3893 20
      vertex -38.9101 21.4601 20
      vertex -39.1355 21.9326 20
    endloop
  endfacet
  facet normal 0 0 1
    outer loop
      vertex -40.4509 14.3893 20
      vertex -39.1355 21.9326 20
      vertex -39.3358 22.4163 20
    endloop
  endfacet
  facet normal 0 0 1
    outer loop
      vertex -40.4509 14.3893 20
      vertex -39.3358 22.4163 20
      vertex -39.5106 22.9098 20
    endloop
  endfacet
  facet normal 0 0 1
    outer loop
      vertex -40.4509 14.3893 20
      vertex -39.5106 22.9098 20
      vertex -39.6593 23.4118 20
    endloop
  endfacet
  facet normal 0 0 1
    outer loop
      vertex -40.4509 14.3893 20
      vertex -39.6593 23.4118 20
      vertex -39.7815 23.9209 20
    endloop
  endfacet
  facet normal 0 0 1
    outer loop
      vertex -40.4509 14.3893 20
      vertex -39.7815 23.9209 20
      vertex -39.8769 24.4357 20
    endloop
  endfacet
  facet normal 0 0 1
    outer loop
      vertex -40.4509 14.3893 20
      vertex -39.8769 24.4357 20
      vertex -39.9452 24.9547 20
    endloop
  endfacet
  facet normal 0 0 1
    outer loop
      vertex -38.9101 21.4601 20
      vertex -40.4509 14.3893 20
      vertex -38.8573 16.466 20
    endloop
  endfacet
  facet normal 0 0 1
    outer loop
      vertex -39.9863 25.4766 20
      vertex -40.4509 14.3893 20
      vertex -39.9452 24.9547 20
    endloop
  endfacet
  facet normal 0 0 1
    outer loop
      vertex -40.4509 14.3893 20
      vertex -39.9863 25.4766 20
      vertex -40 26 20
    endloop
  endfacet
  facet normal 1 -0 0
    outer loop
      vertex 60 0 20
      vertex 60 40 0
      vertex 60 40 20
    endloop
  endfacet
  facet normal 1 0 0
    outer loop
      vertex 60 40 0
      vertex 60 0 20
      vertex 60 0 0
    endloop
  endfacet
  facet normal 0 1 -0
    outer loop
      vertex 60 40 0
      vertex -60 40 20
      vertex 60 40 20
    endloop
  endfacet
  facet normal 0 1 0
    outer loop
      vertex -60 40 20
      vertex 60 40 0
      vertex -60 40 0
    endloop
  endfacet
  facet normal 0 0 -1
    outer loop
      vertex 47.5528 0.45085 0
      vertex 60 0 0
      vertex 47.6864 0 0
    endloop
  endfacet
  facet normal 0 0 -1
    outer loop
      vertex 46.679 2.9184 0
      vertex 60 0 0
      vertex 47.5528 0.45085 0
    endloop
  endfacet
  facet normal 0 0 -1
    outer loop
      vertex 45.6773 5.33683 0
      vertex 60 0 0
      vertex 46.679 2.9184 0
    endloop
  endfacet
  facet normal 0 0 -1
    outer loop
      vertex 44.5503 7.69952 0
      vertex 60 0 0
      vertex 45.6773 5.33683 0
    endloop
  endfacet
  facet normal 0 0 -1
    outer loop
      vertex 43.3013 10 0
      vertex 60 0 0
      vertex 44.5503 7.69952 0
    endloop
  endfacet
  facet normal 0 0 -1
    outer loop
      vertex 60 0 0
      vertex 43.3013 10 0
      vertex 60 40 0
    endloop
  endfacet
  facet normal 0 0 -1
    outer loop
      vertex 41.9335 12.232 0
      vertex 60 40 0
      vertex 43.3013 10 0
    endloop
  endfacet
  facet normal 0 0 -1
    outer loop
      vertex 40.4509 14.3893 0
      vertex 60 40 0
      vertex 41.9335 12.232 0
    endloop
  endfacet
  facet normal 0 0 -1
    outer loop
      vertex 38.8573 16.466 0
      vertex 60 40 0
      vertex 40.4509 14.3893 0
    endloop
  endfacet
  facet normal 0 0 -1
    outer loop
      vertex 37.1572 18.4565 0
      vertex 60 40 0
      vertex 38.8573 16.466 0
    endloop
  endfacet
  facet normal 0 0 -1
    outer loop
      vertex 35.3553 20.3553 0
      vertex 60 40 0
      vertex 37.1572 18.4565 0
    endloop
  endfacet
  facet normal 0 0 -1
    outer loop
      vertex 33.4565 22.1572 0
      vertex 60 40 0
      vertex 35.3553 20.3553 0
    endloop
  endfacet
  facet normal 0 0 -1
    outer loop
      vertex 31.466 23.8573 0
      vertex 60 40 0
      vertex 33.4565 22.1572 0
    endloop
  endfacet
  facet normal 0 0 -1
    outer loop
      vertex 29.3893 25.4508 0
      vertex 60 40 0
      vertex 31.466 23.8573 0
    endloop
  endfacet
  facet normal 0 0 -1
    outer loop
      vertex 27.232 26.9335 0
      vertex 60 40 0
      vertex 29.3893 25.4508 0
    endloop
  endfacet
  facet normal 0 0 -1
    outer loop
      vertex 25 28.3013 0
      vertex 60 40 0
      vertex 27.232 26.9335 0
    endloop
  endfacet
  facet normal 0 0 -1
    outer loop
      vertex 22.6995 29.5503 0
      vertex 60 40 0
      vertex 25 28.3013 0
    endloop
  endfacet
  facet normal 0 0 -1
    outer loop
      vertex 20.3368 30.6773 0
      vertex 60 40 0
      vertex 22.6995 29.5503 0
    endloop
  endfacet
  facet normal 0 0 -1
    outer loop
      vertex 17.9184 31.679 0
      vertex 60 40 0
      vertex 20.3368 30.6773 0
    endloop
  endfacet
  facet normal 0 0 -1
    outer loop
      vertex 15.4508 32.5528 0
      vertex 60 40 0
      vertex 17.9184 31.679 0
    endloop
  endfacet
  facet normal 0 0 -1
    outer loop
      vertex 12.941 33.2963 0
      vertex 60 40 0
      vertex 15.4508 32.5528 0
    endloop
  endfacet
  facet normal 0 0 -1
    outer loop
      vertex 10.3956 33.9074 0
      vertex 60 40 0
      vertex 12.941 33.2963 0
    endloop
  endfacet
  facet normal 0 0 -1
    outer loop
      vertex 7.82172 34.3844 0
      vertex 60 40 0
      vertex 10.3956 33.9074 0
    endloop
  endfacet
  facet normal 0 0 -1
    outer loop
      vertex 5.22642 34.7261 0
      vertex 60 40 0
      vertex 7.82172 34.3844 0
    endloop
  endfacet
  facet normal 0 0 -1
    outer loop
      vertex 2.6168 34.9315 0
      vertex 60 40 0
      vertex 5.22642 34.7261 0
    endloop
  endfacet
  facet normal 0 0 -1
    outer loop
      vertex 0 35 0
      vertex 60 40 0
      vertex 2.6168 34.9315 0
    endloop
  endfacet
  facet normal 0 0 -1
    outer loop
      vertex -60 40 0
      vertex 0 35 0
      vertex -2.6168 34.9315 0
    endloop
  endfacet
  facet normal 0 0 -1
    outer loop
      vertex -60 40 0
      vertex -2.6168 34.9315 0
      vertex -5.22642 34.7261 0
    endloop
  endfacet
  facet normal 0 0 -1
    outer loop
      vertex -60 0 0
      vertex -47.5528 0.45085 0
      vertex -47.6864 0 0
    endloop
  endfacet
  facet normal 0 0 -1
    outer loop
      vertex -60 0 0
      vertex -46.679 2.9184 0
      vertex -47.5528 0.45085 0
    endloop
  endfacet
  facet normal 0 0 -1
    outer loop
      vertex -60 0 0
      vertex -45.6773 5.33683 0
      vertex -46.679 2.9184 0
    endloop
  endfacet
  facet normal 0 0 -1
    outer loop
      vertex -60 0 0
      vertex -44.5503 7.69952 0
      vertex -45.6773 5.33683 0
    endloop
  endfacet
  facet normal 0 0 -1
    outer loop
      vertex -60 0 0
      vertex -43.3013 10 0
      vertex -44.5503 7.69952 0
    endloop
  endfacet
  facet normal 0 0 -1
    outer loop
      vertex -60 40 0
      vertex -43.3013 10 0
      vertex -60 0 0
    endloop
  endfacet
  facet normal 0 0 -1
    outer loop
      vertex -43.3013 10 0
      vertex -60 40 0
      vertex -41.9335 12.232 0
    endloop
  endfacet
  facet normal 0 0 -1
    outer loop
      vertex -41.9335 12.232 0
      vertex -60 40 0
      vertex -40.4509 14.3893 0
    endloop
  endfacet
  facet normal 0 0 -1
    outer loop
      vertex -40.4509 14.3893 0
      vertex -60 40 0
      vertex -38.8573 16.466 0
    endloop
  endfacet
  facet normal 0 0 -1
    outer loop
      vertex -38.8573 16.466 0
      vertex -60 40 0
      vertex -37.1572 18.4565 0
    endloop
  endfacet
  facet normal 0 0 -1
    outer loop
      vertex -37.1572 18.4565 0
      vertex -60 40 0
      vertex -35.3553 20.3553 0
    endloop
  endfacet
  facet normal 0 0 -1
    outer loop
      vertex -35.3553 20.3553 0
      vertex -60 40 0
      vertex -33.4565 22.1572 0
    endloop
  endfacet
  facet normal 0 0 -1
    outer loop
      vertex 0 35 0
      vertex -60 40 0
      vertex 60 40 0
    endloop
  endfacet
  facet normal 0 0 -1
    outer loop
      vertex -7.82172 34.3844 0
      vertex -60 40 0
      vertex -5.22642 34.7261 0
    endloop
  endfacet
  facet normal 0 0 -1
    outer loop
      vertex -10.3956 33.9074 0
      vertex -60 40 0
      vertex -7.82172 34.3844 0
    endloop
  endfacet
  facet normal 0 0 -1
    outer loop
      vertex -12.941 33.2963 0
      vertex -60 40 0
      vertex -10.3956 33.9074 0
    endloop
  endfacet
  facet normal 0 0 -1
    outer loop
      vertex -15.4508 32.5528 0
      vertex -60 40 0
      vertex -12.941 33.2963 0
    endloop
  endfacet
  facet normal 0 0 -1
    outer loop
      vertex -17.9184 31.679 0
      vertex -60 40 0
      vertex -15.4508 32.5528 0
    endloop
  endfacet
  facet normal 0 0 -1
    outer loop
      vertex -20.3368 30.6773 0
      vertex -60 40 0
      vertex -17.9184 31.679 0
    endloop
  endfacet
  facet normal 0 0 -1
    outer loop
      vertex -22.6995 29.5503 0
      vertex -60 40 0
      vertex -20.3368 30.6773 0
    endloop
  endfacet
  facet normal 0 0 -1
    outer loop
      vertex -25 28.3013 0
      vertex -60 40 0
      vertex -22.6995 29.5503 0
    endloop
  endfacet
  facet normal 0 0 -1
    outer loop
      vertex -27.232 26.9335 0
      vertex -60 40 0
      vertex -25 28.3013 0
    endloop
  endfacet
  facet normal 0 0 -1
    outer loop
      vertex -29.3893 25.4508 0
      vertex -60 40 0
      vertex -27.232 26.9335 0
    endloop
  endfacet
  facet normal 0 0 -1
    outer loop
      vertex -31.466 23.8573 0
      vertex -60 40 0
      vertex -29.3893 25.4508 0
    endloop
  endfacet
  facet normal 0 0 -1
    outer loop
      vertex -33.4565 22.1572 0
      vertex -60 40 0
      vertex -31.466 23.8573 0
    endloop
  endfacet
  facet normal 0 -1 0
    outer loop
      vertex 47.6864 0 0
      vertex 60 0 20
      vertex 47.6864 0 20
    endloop
  endfacet
  facet normal 0 -1 -0
    outer loop
      vertex 60 0 20
      vertex 47.6864 0 0
      vertex 60 0 0
    endloop
  endfacet
  facet normal 0 -1 0
    outer loop
      vertex -60 0 0
      vertex -47.6864 0 20
      vertex -60 0 20
    endloop
  endfacet
  facet normal 0 -1 -0
    outer loop
      vertex -47.6864 0 20
      vertex -60 0 0
      vertex -47.6864 0 0
    endloop
  endfacet
  facet normal -0.026168 -0.999658 0
    outer loop
      vertex 0 35 0
      vertex 2.6168 34.9315 20
      vertex 0 35 20
    endloop
  endfacet
  facet normal -0.026168 -0.999658 -0
    outer loop
      vertex 2.6168 34.9315 20
      vertex 0 35 0
      vertex 2.6168 34.9315 0
    endloop
  endfacet
  facet normal -0.725369 -0.68836 0
    outer loop
      vertex 35.3553 20.3553 0
      vertex 36.8805 18.7481 12
      vertex 35.3553 20.3553 12
    endloop
  endfacet
  facet normal -0.725373 -0.688356 1.1486e-06
    outer loop
      vertex 37.1572 18.4565 0
      vertex 36.8805 18.7481 12
      vertex 35.3553 20.3553 0
    endloop
  endfacet
  facet normal -0.725397 -0.688331 -0
    outer loop
      vertex 37.1572 18.4565 20
      vertex 36.8805 18.7481 12
      vertex 37.1572 18.4565 0
    endloop
  endfacet
  facet normal -0.725397 -0.688331 0
    outer loop
      vertex 36.8805 18.7481 12
      vertex 37.1572 18.4565 20
      vertex 36.8805 18.7481 20
    endloop
  endfacet
  facet normal 0.688356 -0.725373 0
    outer loop
      vertex -35.3553 20.3553 0
      vertex -33.4565 22.1572 12
      vertex -35.3553 20.3553 12
    endloop
  endfacet
  facet normal 0.688356 -0.725373 0
    outer loop
      vertex -33.4565 22.1572 12
      vertex -35.3553 20.3553 0
      vertex -33.4565 22.1572 0
    endloop
  endfacet
  facet normal 0.382672 -0.923884 0
    outer loop
      vertex -20.3368 30.6773 0
      vertex -17.9184 31.679 20
      vertex -20.3368 30.6773 20
    endloop
  endfacet
  facet normal 0.382672 -0.923884 0
    outer loop
      vertex -17.9184 31.679 20
      vertex -20.3368 30.6773 0
      vertex -17.9184 31.679 0
    endloop
  endfacet
  facet normal -0.923886 -0.382668 0
    outer loop
      vertex 46.679 2.9184 0
      vertex 45.6773 5.33683 20
      vertex 45.6773 5.33683 0
    endloop
  endfacet
  facet normal -0.923886 -0.382668 0
    outer loop
      vertex 45.6773 5.33683 20
      vertex 46.679 2.9184 0
      vertex 46.679 2.9184 20
    endloop
  endfacet
  facet normal -0.430517 -0.902583 0
    outer loop
      vertex 20.3368 30.6773 20
      vertex 21.0037 30.3592 12
      vertex 21.0037 30.3592 20
    endloop
  endfacet
  facet normal -0.430517 -0.902583 0
    outer loop
      vertex 20.3368 30.6773 0
      vertex 21.0037 30.3592 12
      vertex 20.3368 30.6773 20
    endloop
  endfacet
  facet normal -0.430527 -0.902578 6.82208e-07
    outer loop
      vertex 22.6995 29.5503 0
      vertex 21.0037 30.3592 12
      vertex 20.3368 30.6773 0
    endloop
  endfacet
  facet normal -0.430531 -0.902576 0
    outer loop
      vertex 21.0037 30.3592 12
      vertex 22.6995 29.5503 0
      vertex 22.6995 29.5503 12
    endloop
  endfacet
  facet normal -0.566414 -0.824121 0
    outer loop
      vertex 27.232 26.9335 0
      vertex 29.3893 25.4508 12
      vertex 27.232 26.9335 12
    endloop
  endfacet
  facet normal -0.566414 -0.824121 -0
    outer loop
      vertex 29.3893 25.4508 12
      vertex 27.232 26.9335 0
      vertex 29.3893 25.4508 0
    endloop
  endfacet
  facet normal 0.902577 -0.430528 0
    outer loop
      vertex -45.6773 5.33683 20
      vertex -44.5503 7.69952 0
      vertex -44.5503 7.69952 20
    endloop
  endfacet
  facet normal 0.902577 -0.430528 0
    outer loop
      vertex -44.5503 7.69952 0
      vertex -45.6773 5.33683 20
      vertex -45.6773 5.33683 0
    endloop
  endfacet
  facet normal 0.182221 -0.983258 0
    outer loop
      vertex -10.3956 33.9074 0
      vertex -7.82172 34.3844 20
      vertex -10.3956 33.9074 20
    endloop
  endfacet
  facet normal 0.182221 -0.983258 0
    outer loop
      vertex -7.82172 34.3844 20
      vertex -10.3956 33.9074 0
      vertex -7.82172 34.3844 0
    endloop
  endfacet
  facet normal -0.852635 -0.522507 0
    outer loop
      vertex 43.3013 10 0
      vertex 41.9335 12.232 20
      vertex 41.9335 12.232 0
    endloop
  endfacet
  facet normal -0.852635 -0.522507 0
    outer loop
      vertex 41.9335 12.232 20
      vertex 43.3013 10 0
      vertex 43.3013 10 20
    endloop
  endfacet
  facet normal -0.878827 -0.477141 0
    outer loop
      vertex 44.5503 7.69952 0
      vertex 43.3013 10 20
      vertex 43.3013 10 0
    endloop
  endfacet
  facet normal -0.878827 -0.477141 0
    outer loop
      vertex 43.3013 10 20
      vertex 44.5503 7.69952 0
      vertex 44.5503 7.69952 20
    endloop
  endfacet
  facet normal -0.233447 -0.97237 0
    outer loop
      vertex 10.3956 33.9074 0
      vertex 12.941 33.2963 20
      vertex 10.3956 33.9074 20
    endloop
  endfacet
  facet normal -0.233447 -0.97237 -0
    outer loop
      vertex 12.941 33.2963 20
      vertex 10.3956 33.9074 0
      vertex 12.941 33.2963 0
    endloop
  endfacet
  facet normal -0.522507 -0.852635 0
    outer loop
      vertex 25 28.3013 0
      vertex 27.232 26.9335 12
      vertex 25 28.3013 12
    endloop
  endfacet
  facet normal -0.522507 -0.852635 -0
    outer loop
      vertex 27.232 26.9335 12
      vertex 25 28.3013 0
      vertex 27.232 26.9335 0
    endloop
  endfacet
  facet normal -0.64946 -0.760396 0
    outer loop
      vertex 31.466 23.8573 0
      vertex 33.4565 22.1572 12
      vertex 31.466 23.8573 12
    endloop
  endfacet
  facet normal -0.64946 -0.760396 -0
    outer loop
      vertex 33.4565 22.1572 12
      vertex 31.466 23.8573 0
      vertex 33.4565 22.1572 0
    endloop
  endfacet
  facet normal 0.824139 -0.566388 0
    outer loop
      vertex -41.9335 12.232 20
      vertex -40.4509 14.3893 0
      vertex -40.4509 14.3893 20
    endloop
  endfacet
  facet normal 0.824139 -0.566388 0
    outer loop
      vertex -40.4509 14.3893 0
      vertex -41.9335 12.232 20
      vertex -41.9335 12.232 0
    endloop
  endfacet
  facet normal 0.852635 -0.522507 0
    outer loop
      vertex -43.3013 10 20
      vertex -41.9335 12.232 0
      vertex -41.9335 12.232 20
    endloop
  endfacet
  facet normal 0.852635 -0.522507 0
    outer loop
      vertex -41.9335 12.232 0
      vertex -43.3013 10 20
      vertex -43.3013 10 0
    endloop
  endfacet
  facet normal 0.522507 -0.852635 0
    outer loop
      vertex -27.232 26.9335 0
      vertex -25 28.3013 12
      vertex -27.232 26.9335 12
    endloop
  endfacet
  facet normal 0.522507 -0.852635 0
    outer loop
      vertex -25 28.3013 12
      vertex -27.232 26.9335 0
      vertex -25 28.3013 0
    endloop
  endfacet
  facet normal 0.0784661 -0.996917 0
    outer loop
      vertex -5.22642 34.7261 0
      vertex -2.6168 34.9315 20
      vertex -5.22642 34.7261 20
    endloop
  endfacet
  facet normal 0.0784661 -0.996917 0
    outer loop
      vertex -2.6168 34.9315 20
      vertex -5.22642 34.7261 0
      vertex -2.6168 34.9315 0
    endloop
  endfacet
  facet normal -0.95879 -0.284117 0
    outer loop
      vertex 47.6864 0 0
      vertex 47.5528 0.45085 20
      vertex 47.5528 0.45085 0
    endloop
  endfacet
  facet normal -0.95879 -0.284117 0
    outer loop
      vertex 47.5528 0.45085 20
      vertex 47.6864 0 0
      vertex 47.6864 0 20
    endloop
  endfacet
  facet normal -0.942642 -0.333805 0
    outer loop
      vertex 47.5528 0.45085 0
      vertex 46.679 2.9184 20
      vertex 46.679 2.9184 0
    endloop
  endfacet
  facet normal -0.942642 -0.333805 0
    outer loop
      vertex 46.679 2.9184 20
      vertex 47.5528 0.45085 0
      vertex 47.5528 0.45085 20
    endloop
  endfacet
  facet normal -0.793336 -0.608784 0
    outer loop
      vertex 40.4509 14.3893 0
      vertex 38.8573 16.466 20
      vertex 38.8573 16.466 0
    endloop
  endfacet
  facet normal -0.793336 -0.608784 0
    outer loop
      vertex 38.8573 16.466 20
      vertex 40.4509 14.3893 0
      vertex 40.4509 14.3893 20
    endloop
  endfacet
  facet normal -0.824139 -0.566388 0
    outer loop
      vertex 41.9335 12.232 0
      vertex 40.4509 14.3893 20
      vertex 40.4509 14.3893 0
    endloop
  endfacet
  facet normal -0.824139 -0.566388 0
    outer loop
      vertex 40.4509 14.3893 20
      vertex 41.9335 12.232 0
      vertex 41.9335 12.232 20
    endloop
  endfacet
  facet normal -0.760396 -0.64946 0
    outer loop
      vertex 38.8573 16.466 0
      vertex 37.1572 18.4565 20
      vertex 37.1572 18.4565 0
    endloop
  endfacet
  facet normal -0.760396 -0.64946 0
    outer loop
      vertex 37.1572 18.4565 20
      vertex 38.8573 16.466 0
      vertex 38.8573 16.466 20
    endloop
  endfacet
  facet normal -0.902577 -0.430528 0
    outer loop
      vertex 45.6773 5.33683 0
      vertex 44.5503 7.69952 20
      vertex 44.5503 7.69952 0
    endloop
  endfacet
  facet normal -0.902577 -0.430528 0
    outer loop
      vertex 44.5503 7.69952 20
      vertex 45.6773 5.33683 0
      vertex 45.6773 5.33683 20
    endloop
  endfacet
  facet normal -0.130535 -0.991444 0
    outer loop
      vertex 5.22642 34.7261 0
      vertex 7.82172 34.3844 20
      vertex 5.22642 34.7261 20
    endloop
  endfacet
  facet normal -0.130535 -0.991444 -0
    outer loop
      vertex 7.82172 34.3844 20
      vertex 5.22642 34.7261 0
      vertex 7.82172 34.3844 0
    endloop
  endfacet
  facet normal -0.333799 -0.942644 0
    outer loop
      vertex 15.4508 32.5528 0
      vertex 17.9184 31.679 20
      vertex 15.4508 32.5528 20
    endloop
  endfacet
  facet normal -0.333799 -0.942644 -0
    outer loop
      vertex 17.9184 31.679 20
      vertex 15.4508 32.5528 0
      vertex 17.9184 31.679 0
    endloop
  endfacet
  facet normal -0.382672 -0.923884 0
    outer loop
      vertex 17.9184 31.679 0
      vertex 20.3368 30.6773 20
      vertex 17.9184 31.679 20
    endloop
  endfacet
  facet normal -0.382672 -0.923884 -0
    outer loop
      vertex 20.3368 30.6773 20
      vertex 17.9184 31.679 0
      vertex 20.3368 30.6773 0
    endloop
  endfacet
  facet normal -0.284038 -0.958813 0
    outer loop
      vertex 12.941 33.2963 0
      vertex 15.4508 32.5528 20
      vertex 12.941 33.2963 20
    endloop
  endfacet
  facet normal -0.284038 -0.958813 -0
    outer loop
      vertex 15.4508 32.5528 20
      vertex 12.941 33.2963 0
      vertex 15.4508 32.5528 0
    endloop
  endfacet
  facet normal -0.182221 -0.983258 0
    outer loop
      vertex 7.82172 34.3844 0
      vertex 10.3956 33.9074 20
      vertex 7.82172 34.3844 20
    endloop
  endfacet
  facet normal -0.182221 -0.983258 -0
    outer loop
      vertex 10.3956 33.9074 20
      vertex 7.82172 34.3844 0
      vertex 10.3956 33.9074 0
    endloop
  endfacet
  facet normal -0.0784661 -0.996917 0
    outer loop
      vertex 2.6168 34.9315 0
      vertex 5.22642 34.7261 20
      vertex 2.6168 34.9315 20
    endloop
  endfacet
  facet normal -0.0784661 -0.996917 -0
    outer loop
      vertex 5.22642 34.7261 20
      vertex 2.6168 34.9315 0
      vertex 5.22642 34.7261 0
    endloop
  endfacet
  facet normal -0.477138 -0.878828 0
    outer loop
      vertex 22.6995 29.5503 0
      vertex 25 28.3013 12
      vertex 22.6995 29.5503 12
    endloop
  endfacet
  facet normal -0.477138 -0.878828 -0
    outer loop
      vertex 25 28.3013 12
      vertex 22.6995 29.5503 0
      vertex 25 28.3013 0
    endloop
  endfacet
  facet normal -0.60876 -0.793355 0
    outer loop
      vertex 29.3893 25.4508 0
      vertex 31.466 23.8573 12
      vertex 29.3893 25.4508 12
    endloop
  endfacet
  facet normal -0.60876 -0.793355 -0
    outer loop
      vertex 31.466 23.8573 12
      vertex 29.3893 25.4508 0
      vertex 31.466 23.8573 0
    endloop
  endfacet
  facet normal -0.688356 -0.725373 0
    outer loop
      vertex 33.4565 22.1572 0
      vertex 35.3553 20.3553 12
      vertex 33.4565 22.1572 12
    endloop
  endfacet
  facet normal -0.688356 -0.725373 -0
    outer loop
      vertex 35.3553 20.3553 12
      vertex 33.4565 22.1572 0
      vertex 35.3553 20.3553 0
    endloop
  endfacet
  facet normal 0.760396 -0.64946 0
    outer loop
      vertex -38.8573 16.466 20
      vertex -37.1572 18.4565 0
      vertex -37.1572 18.4565 20
    endloop
  endfacet
  facet normal 0.760396 -0.64946 0
    outer loop
      vertex -37.1572 18.4565 0
      vertex -38.8573 16.466 20
      vertex -38.8573 16.466 0
    endloop
  endfacet
  facet normal 0.725397 -0.688331 0
    outer loop
      vertex -36.8805 18.7481 20
      vertex -37.1572 18.4565 20
      vertex -36.8805 18.7481 12
    endloop
  endfacet
  facet normal 0.725369 -0.68836 0
    outer loop
      vertex -36.8805 18.7481 12
      vertex -35.3553 20.3553 0
      vertex -35.3553 20.3553 12
    endloop
  endfacet
  facet normal 0.725373 -0.688356 1.1486e-06
    outer loop
      vertex -36.8805 18.7481 12
      vertex -37.1572 18.4565 0
      vertex -35.3553 20.3553 0
    endloop
  endfacet
  facet normal 0.725397 -0.688331 0
    outer loop
      vertex -37.1572 18.4565 0
      vertex -36.8805 18.7481 12
      vertex -37.1572 18.4565 20
    endloop
  endfacet
  facet normal 0.793336 -0.608784 0
    outer loop
      vertex -40.4509 14.3893 20
      vertex -38.8573 16.466 0
      vertex -38.8573 16.466 20
    endloop
  endfacet
  facet normal 0.793336 -0.608784 0
    outer loop
      vertex -38.8573 16.466 0
      vertex -40.4509 14.3893 20
      vertex -40.4509 14.3893 0
    endloop
  endfacet
  facet normal 0.878827 -0.477141 0
    outer loop
      vertex -44.5503 7.69952 20
      vertex -43.3013 10 0
      vertex -43.3013 10 20
    endloop
  endfacet
  facet normal 0.878827 -0.477141 0
    outer loop
      vertex -43.3013 10 0
      vertex -44.5503 7.69952 20
      vertex -44.5503 7.69952 0
    endloop
  endfacet
  facet normal 0.942642 -0.333805 0
    outer loop
      vertex -47.5528 0.45085 20
      vertex -46.679 2.9184 0
      vertex -46.679 2.9184 20
    endloop
  endfacet
  facet normal 0.942642 -0.333805 0
    outer loop
      vertex -46.679 2.9184 0
      vertex -47.5528 0.45085 20
      vertex -47.5528 0.45085 0
    endloop
  endfacet
  facet normal 0.923886 -0.382668 0
    outer loop
      vertex -46.679 2.9184 20
      vertex -45.6773 5.33683 0
      vertex -45.6773 5.33683 20
    endloop
  endfacet
  facet normal 0.923886 -0.382668 0
    outer loop
      vertex -45.6773 5.33683 0
      vertex -46.679 2.9184 20
      vertex -46.679 2.9184 0
    endloop
  endfacet
  facet normal 0.95879 -0.284117 0
    outer loop
      vertex -47.6864 0 20
      vertex -47.5528 0.45085 0
      vertex -47.5528 0.45085 20
    endloop
  endfacet
  facet normal 0.95879 -0.284117 0
    outer loop
      vertex -47.5528 0.45085 0
      vertex -47.6864 0 20
      vertex -47.6864 0 0
    endloop
  endfacet
  facet normal 0.60876 -0.793355 0
    outer loop
      vertex -31.466 23.8573 0
      vertex -29.3893 25.4508 12
      vertex -31.466 23.8573 12
    endloop
  endfacet
  facet normal 0.60876 -0.793355 0
    outer loop
      vertex -29.3893 25.4508 12
      vertex -31.466 23.8573 0
      vertex -29.3893 25.4508 0
    endloop
  endfacet
  facet normal 0.477138 -0.878828 0
    outer loop
      vertex -25 28.3013 0
      vertex -22.6995 29.5503 12
      vertex -25 28.3013 12
    endloop
  endfacet
  facet normal 0.477138 -0.878828 0
    outer loop
      vertex -22.6995 29.5503 12
      vertex -25 28.3013 0
      vertex -22.6995 29.5503 0
    endloop
  endfacet
  facet normal 0.430531 -0.902576 0
    outer loop
      vertex -22.6995 29.5503 12
      vertex -22.6995 29.5503 0
      vertex -21.0037 30.3592 12
    endloop
  endfacet
  facet normal 0.430517 -0.902583 0
    outer loop
      vertex -21.0037 30.3592 12
      vertex -20.3368 30.6773 20
      vertex -21.0037 30.3592 20
    endloop
  endfacet
  facet normal 0.430517 -0.902583 0
    outer loop
      vertex -21.0037 30.3592 12
      vertex -20.3368 30.6773 0
      vertex -20.3368 30.6773 20
    endloop
  endfacet
  facet normal 0.430527 -0.902578 6.82208e-07
    outer loop
      vertex -20.3368 30.6773 0
      vertex -21.0037 30.3592 12
      vertex -22.6995 29.5503 0
    endloop
  endfacet
  facet normal 0.566414 -0.824121 0
    outer loop
      vertex -29.3893 25.4508 0
      vertex -27.232 26.9335 12
      vertex -29.3893 25.4508 12
    endloop
  endfacet
  facet normal 0.566414 -0.824121 0
    outer loop
      vertex -27.232 26.9335 12
      vertex -29.3893 25.4508 0
      vertex -27.232 26.9335 0
    endloop
  endfacet
  facet normal 0.64946 -0.760396 0
    outer loop
      vertex -33.4565 22.1572 0
      vertex -31.466 23.8573 12
      vertex -33.4565 22.1572 12
    endloop
  endfacet
  facet normal 0.64946 -0.760396 0
    outer loop
      vertex -31.466 23.8573 12
      vertex -33.4565 22.1572 0
      vertex -31.466 23.8573 0
    endloop
  endfacet
  facet normal 0.284038 -0.958813 0
    outer loop
      vertex -15.4508 32.5528 0
      vertex -12.941 33.2963 20
      vertex -15.4508 32.5528 20
    endloop
  endfacet
  facet normal 0.284038 -0.958813 0
    outer loop
      vertex -12.941 33.2963 20
      vertex -15.4508 32.5528 0
      vertex -12.941 33.2963 0
    endloop
  endfacet
  facet normal 0.233447 -0.97237 0
    outer loop
      vertex -12.941 33.2963 0
      vertex -10.3956 33.9074 20
      vertex -12.941 33.2963 20
    endloop
  endfacet
  facet normal 0.233447 -0.97237 0
    outer loop
      vertex -10.3956 33.9074 20
      vertex -12.941 33.2963 0
      vertex -10.3956 33.9074 0
    endloop
  endfacet
  facet normal 0.333799 -0.942644 0
    outer loop
      vertex -17.9184 31.679 0
      vertex -15.4508 32.5528 20
      vertex -17.9184 31.679 20
    endloop
  endfacet
  facet normal 0.333799 -0.942644 0
    outer loop
      vertex -15.4508 32.5528 20
      vertex -17.9184 31.679 0
      vertex -15.4508 32.5528 0
    endloop
  endfacet
  facet normal 0.130535 -0.991444 0
    outer loop
      vertex -7.82172 34.3844 0
      vertex -5.22642 34.7261 20
      vertex -7.82172 34.3844 20
    endloop
  endfacet
  facet normal 0.130535 -0.991444 0
    outer loop
      vertex -5.22642 34.7261 20
      vertex -7.82172 34.3844 0
      vertex -5.22642 34.7261 0
    endloop
  endfacet
  facet normal 0.026168 -0.999658 0
    outer loop
      vertex -2.6168 34.9315 0
      vertex 0 35 20
      vertex -2.6168 34.9315 20
    endloop
  endfacet
  facet normal 0.026168 -0.999658 0
    outer loop
      vertex 0 35 20
      vertex -2.6168 34.9315 0
      vertex 0 35 0
    endloop
  endfacet
  facet normal 0.999658 -0.026166 0
    outer loop
      vertex -40 26 20
      vertex -39.9863 26.5234 12
      vertex -39.9863 26.5234 20
    endloop
  endfacet
  facet normal 0.999658 -0.026166 0
    outer loop
      vertex -39.9863 26.5234 12
      vertex -40 26 20
      vertex -40 26 12
    endloop
  endfacet
  facet normal -0.026166 -0.999658 0
    outer loop
      vertex -30 36 12
      vertex -29.4766 35.9863 20
      vertex -30 36 20
    endloop
  endfacet
  facet normal -0.026166 -0.999658 -0
    outer loop
      vertex -29.4766 35.9863 20
      vertex -30 36 12
      vertex -29.4766 35.9863 12
    endloop
  endfacet
  facet normal -0.725486 -0.688237 0
    outer loop
      vertex -22.5686 32.6913 12
      vertex -22.9289 33.0711 20
      vertex -22.9289 33.0711 12
    endloop
  endfacet
  facet normal -0.725486 -0.688237 0
    outer loop
      vertex -22.9289 33.0711 20
      vertex -22.5686 32.6913 12
      vertex -22.5686 32.6913 20
    endloop
  endfacet
  facet normal 0.688237 -0.725486 0
    outer loop
      vertex -37.0711 33.0711 12
      vertex -36.6913 33.4314 20
      vertex -37.0711 33.0711 20
    endloop
  endfacet
  facet normal 0.688237 -0.725486 0
    outer loop
      vertex -36.6913 33.4314 20
      vertex -37.0711 33.0711 12
      vertex -36.6913 33.4314 12
    endloop
  endfacet
  facet normal 0.333879 -0.942616 0
    outer loop
      vertex -33.5837 35.3358 12
      vertex -33.0902 35.5106 20
      vertex -33.5837 35.3358 20
    endloop
  endfacet
  facet normal 0.333879 -0.942616 0
    outer loop
      vertex -33.0902 35.5106 20
      vertex -33.5837 35.3358 12
      vertex -33.0902 35.5106 12
    endloop
  endfacet
  facet normal -0.382594 -0.923917 0
    outer loop
      vertex -26.4163 35.3358 12
      vertex -25.9326 35.1355 20
      vertex -26.4163 35.3358 20
    endloop
  endfacet
  facet normal -0.382594 -0.923917 -0
    outer loop
      vertex -25.9326 35.1355 20
      vertex -26.4163 35.3358 12
      vertex -25.9326 35.1355 12
    endloop
  endfacet
  facet normal -0.566326 -0.824181 0
    outer loop
      vertex -24.5536 34.3867 12
      vertex -24.1221 34.0902 20
      vertex -24.5536 34.3867 20
    endloop
  endfacet
  facet normal -0.566326 -0.824181 -0
    outer loop
      vertex -24.1221 34.0902 20
      vertex -24.5536 34.3867 12
      vertex -24.1221 34.0902 12
    endloop
  endfacet
  facet normal 0.923917 -0.382594 0
    outer loop
      vertex -39.3358 29.5837 20
      vertex -39.1355 30.0674 12
      vertex -39.1355 30.0674 20
    endloop
  endfacet
  facet normal 0.923917 -0.382594 0
    outer loop
      vertex -39.1355 30.0674 12
      vertex -39.3358 29.5837 20
      vertex -39.3358 29.5837 12
    endloop
  endfacet
  facet normal 0.130474 -0.991452 0
    outer loop
      vertex -31.5643 35.8769 12
      vertex -31.0453 35.9452 20
      vertex -31.5643 35.8769 20
    endloop
  endfacet
  facet normal 0.130474 -0.991452 0
    outer loop
      vertex -31.0453 35.9452 20
      vertex -31.5643 35.8769 12
      vertex -31.0453 35.9452 12
    endloop
  endfacet
  facet normal -0.824181 -0.566326 0
    outer loop
      vertex -21.6133 31.4464 12
      vertex -21.9098 31.8779 20
      vertex -21.9098 31.8779 12
    endloop
  endfacet
  facet normal -0.824181 -0.566326 0
    outer loop
      vertex -21.9098 31.8779 20
      vertex -21.6133 31.4464 12
      vertex -21.6133 31.4464 20
    endloop
  endfacet
  facet normal -0.793326 -0.608796 0
    outer loop
      vertex -21.9098 31.8779 12
      vertex -22.2285 32.2932 20
      vertex -22.2285 32.2932 12
    endloop
  endfacet
  facet normal -0.793326 -0.608796 0
    outer loop
      vertex -22.2285 32.2932 20
      vertex -21.9098 31.8779 12
      vertex -21.9098 31.8779 20
    endloop
  endfacet
  facet normal -0.878828 -0.477138 0
    outer loop
      vertex -21.0899 30.5399 12
      vertex -21.3397 31 20
      vertex -21.3397 31 12
    endloop
  endfacet
  facet normal -0.878828 -0.477138 0
    outer loop
      vertex -21.3397 31 20
      vertex -21.0899 30.5399 12
      vertex -21.0899 30.5399 20
    endloop
  endfacet
  facet normal -0.182212 -0.983259 0
    outer loop
      vertex -28.4357 35.8769 12
      vertex -27.9209 35.7815 20
      vertex -28.4357 35.8769 20
    endloop
  endfacet
  facet normal -0.182212 -0.983259 -0
    outer loop
      vertex -27.9209 35.7815 20
      vertex -28.4357 35.8769 12
      vertex -27.9209 35.7815 12
    endloop
  endfacet
  facet normal -0.649548 -0.760321 0
    outer loop
      vertex -23.7068 33.7715 12
      vertex -23.3087 33.4314 20
      vertex -23.7068 33.7715 20
    endloop
  endfacet
  facet normal -0.649548 -0.760321 -0
    outer loop
      vertex -23.3087 33.4314 20
      vertex -23.7068 33.7715 12
      vertex -23.3087 33.4314 12
    endloop
  endfacet
  facet normal 0.983259 -0.182212 0
    outer loop
      vertex -39.8769 27.5643 20
      vertex -39.7815 28.0791 12
      vertex -39.7815 28.0791 20
    endloop
  endfacet
  facet normal 0.983259 -0.182212 0
    outer loop
      vertex -39.7815 28.0791 12
      vertex -39.8769 27.5643 20
      vertex -39.8769 27.5643 12
    endloop
  endfacet
  facet normal 0.824181 -0.566326 0
    outer loop
      vertex -38.3867 31.4464 20
      vertex -38.0902 31.8779 12
      vertex -38.0902 31.8779 20
    endloop
  endfacet
  facet normal 0.824181 -0.566326 0
    outer loop
      vertex -38.0902 31.8779 12
      vertex -38.3867 31.4464 20
      vertex -38.3867 31.4464 12
    endloop
  endfacet
  facet normal 0.991452 -0.130474 0
    outer loop
      vertex -39.9452 27.0453 20
      vertex -39.8769 27.5643 12
      vertex -39.8769 27.5643 20
    endloop
  endfacet
  facet normal 0.991452 -0.130474 0
    outer loop
      vertex -39.8769 27.5643 12
      vertex -39.9452 27.0453 20
      vertex -39.9452 27.0453 12
    endloop
  endfacet
  facet normal 0.522562 -0.852601 0
    outer loop
      vertex -35.4464 34.3867 12
      vertex -35 34.6603 20
      vertex -35.4464 34.3867 20
    endloop
  endfacet
  facet normal 0.522562 -0.852601 0
    outer loop
      vertex -35 34.6603 20
      vertex -35.4464 34.3867 12
      vertex -35 34.6603 12
    endloop
  endfacet
  facet normal 0.0785077 -0.996914 0
    outer loop
      vertex -31.0453 35.9452 12
      vertex -30.5234 35.9863 20
      vertex -31.0453 35.9452 20
    endloop
  endfacet
  facet normal 0.0785077 -0.996914 0
    outer loop
      vertex -30.5234 35.9863 20
      vertex -31.0453 35.9452 12
      vertex -30.5234 35.9863 12
    endloop
  endfacet
  facet normal 0.688209 0.725512 -0
    outer loop
      vertex -36.8805 18.7481 12
      vertex -37.0711 18.9289 20
      vertex -36.8805 18.7481 20
    endloop
  endfacet
  facet normal 0.688209 0.725512 0
    outer loop
      vertex -37.0711 18.9289 20
      vertex -36.8805 18.7481 12
      vertex -37.0711 18.9289 12
    endloop
  endfacet
  facet normal 0.923917 0.382594 0
    outer loop
      vertex -39.1355 21.9326 20
      vertex -39.3358 22.4163 12
      vertex -39.3358 22.4163 20
    endloop
  endfacet
  facet normal 0.923917 0.382594 0
    outer loop
      vertex -39.3358 22.4163 12
      vertex -39.1355 21.9326 20
      vertex -39.1355 21.9326 12
    endloop
  endfacet
  facet normal 0.824181 0.566326 0
    outer loop
      vertex -38.0902 20.1221 20
      vertex -38.3867 20.5536 12
      vertex -38.3867 20.5536 20
    endloop
  endfacet
  facet normal 0.824181 0.566326 0
    outer loop
      vertex -38.3867 20.5536 12
      vertex -38.0902 20.1221 20
      vertex -38.0902 20.1221 12
    endloop
  endfacet
  facet normal 0 0 1
    outer loop
      vertex -22.6995 29.5503 12
      vertex -21.0899 30.5399 12
      vertex -21.3397 31 12
    endloop
  endfacet
  facet normal 0 0 1
    outer loop
      vertex -22.6995 29.5503 12
      vertex -21.3397 31 12
      vertex -21.6133 31.4464 12
    endloop
  endfacet
  facet normal 0 0 1
    outer loop
      vertex -22.6995 29.5503 12
      vertex -21.6133 31.4464 12
      vertex -21.9098 31.8779 12
    endloop
  endfacet
  facet normal 0 0 1
    outer loop
      vertex -22.6995 29.5503 12
      vertex -21.9098 31.8779 12
      vertex -22.2285 32.2932 12
    endloop
  endfacet
  facet normal 0 0 1
    outer loop
      vertex -22.6995 29.5503 12
      vertex -22.2285 32.2932 12
      vertex -22.5686 32.6913 12
    endloop
  endfacet
  facet normal 0 0 1
    outer loop
      vertex -21.0899 30.5399 12
      vertex -22.6995 29.5503 12
      vertex -21.0037 30.3592 12
    endloop
  endfacet
  facet normal 0 0 1
    outer loop
      vertex -22.9289 33.0711 12
      vertex -22.6995 29.5503 12
      vertex -22.5686 32.6913 12
    endloop
  endfacet
  facet normal 0 0 1
    outer loop
      vertex -23.3087 33.4314 12
      vertex -22.6995 29.5503 12
      vertex -22.9289 33.0711 12
    endloop
  endfacet
  facet normal 0 0 1
    outer loop
      vertex -25 28.3013 12
      vertex -23.3087 33.4314 12
      vertex -23.7068 33.7715 12
    endloop
  endfacet
  facet normal 0 0 1
    outer loop
      vertex -25 28.3013 12
      vertex -23.7068 33.7715 12
      vertex -24.1221 34.0902 12
    endloop
  endfacet
  facet normal 0 0 1
    outer loop
      vertex -25 28.3013 12
      vertex -24.1221 34.0902 12
      vertex -24.5536 34.3867 12
    endloop
  endfacet
  facet normal 0 0 1
    outer loop
      vertex -25 28.3013 12
      vertex -24.5536 34.3867 12
      vertex -25 34.6603 12
    endloop
  endfacet
  facet normal 0 0 1
    outer loop
      vertex -23.3087 33.4314 12
      vertex -25 28.3013 12
      vertex -22.6995 29.5503 12
    endloop
  endfacet
  facet normal 0 0 1
    outer loop
      vertex -25.4601 34.9101 12
      vertex -25 28.3013 12
      vertex -25 34.6603 12
    endloop
  endfacet
  facet normal 0 0 1
    outer loop
      vertex -25.9326 35.1355 12
      vertex -25 28.3013 12
      vertex -25.4601 34.9101 12
    endloop
  endfacet
  facet normal 0 0 1
    outer loop
      vertex -26.4163 35.3358 12
      vertex -25 28.3013 12
      vertex -25.9326 35.1355 12
    endloop
  endfacet
  facet normal 0 0 1
    outer loop
      vertex -26.9098 35.5106 12
      vertex -25 28.3013 12
      vertex -26.4163 35.3358 12
    endloop
  endfacet
  facet normal 0 0 1
    outer loop
      vertex -26.9098 35.5106 12
      vertex -27.232 26.9335 12
      vertex -25 28.3013 12
    endloop
  endfacet
  facet normal 0 0 1
    outer loop
      vertex -27.4118 35.6593 12
      vertex -27.232 26.9335 12
      vertex -26.9098 35.5106 12
    endloop
  endfacet
  facet normal 0 0 1
    outer loop
      vertex -27.9209 35.7815 12
      vertex -27.232 26.9335 12
      vertex -27.4118 35.6593 12
    endloop
  endfacet
  facet normal 0 0 1
    outer loop
      vertex -28.4357 35.8769 12
      vertex -27.232 26.9335 12
      vertex -27.9209 35.7815 12
    endloop
  endfacet
  facet normal 0 0 1
    outer loop
      vertex -28.9547 35.9452 12
      vertex -27.232 26.9335 12
      vertex -28.4357 35.8769 12
    endloop
  endfacet
  facet normal 0 0 1
    outer loop
      vertex -29.4766 35.9863 12
      vertex -27.232 26.9335 12
      vertex -28.9547 35.9452 12
    endloop
  endfacet
  facet normal 0 0 1
    outer loop
      vertex -30 36 12
      vertex -27.232 26.9335 12
      vertex -29.4766 35.9863 12
    endloop
  endfacet
  facet normal -0 0 1
    outer loop
      vertex -30.5234 35.9863 12
      vertex -27.232 26.9335 12
      vertex -30 36 12
    endloop
  endfacet
  facet normal -0 0 1
    outer loop
      vertex -31.0453 35.9452 12
      vertex -27.232 26.9335 12
      vertex -30.5234 35.9863 12
    endloop
  endfacet
  facet normal -0 0 1
    outer loop
      vertex -31.5643 35.8769 12
      vertex -27.232 26.9335 12
      vertex -31.0453 35.9452 12
    endloop
  endfacet
  facet normal -0 0 1
    outer loop
      vertex -32.0791 35.7815 12
      vertex -27.232 26.9335 12
      vertex -31.5643 35.8769 12
    endloop
  endfacet
  facet normal -0 0 1
    outer loop
      vertex -32.5882 35.6593 12
      vertex -27.232 26.9335 12
      vertex -32.0791 35.7815 12
    endloop
  endfacet
  facet normal 0 0 1
    outer loop
      vertex -27.232 26.9335 12
      vertex -32.5882 35.6593 12
      vertex -29.3893 25.4508 12
    endloop
  endfacet
  facet normal -0 0 1
    outer loop
      vertex -33.0902 35.5106 12
      vertex -29.3893 25.4508 12
      vertex -32.5882 35.6593 12
    endloop
  endfacet
  facet normal -0 0 1
    outer loop
      vertex -33.5837 35.3358 12
      vertex -29.3893 25.4508 12
      vertex -33.0902 35.5106 12
    endloop
  endfacet
  facet normal -0 0 1
    outer loop
      vertex -34.0674 35.1355 12
      vertex -29.3893 25.4508 12
      vertex -33.5837 35.3358 12
    endloop
  endfacet
  facet normal -0 0 1
    outer loop
      vertex -34.5399 34.9101 12
      vertex -29.3893 25.4508 12
      vertex -34.0674 35.1355 12
    endloop
  endfacet
  facet normal -0 0 1
    outer loop
      vertex -35 34.6603 12
      vertex -29.3893 25.4508 12
      vertex -34.5399 34.9101 12
    endloop
  endfacet
  facet normal -0 0 1
    outer loop
      vertex -35.4464 34.3867 12
      vertex -29.3893 25.4508 12
      vertex -35 34.6603 12
    endloop
  endfacet
  facet normal -0 0 1
    outer loop
      vertex -35.8779 34.0902 12
      vertex -29.3893 25.4508 12
      vertex -35.4464 34.3867 12
    endloop
  endfacet
  facet normal -0 0 1
    outer loop
      vertex -36.2932 33.7715 12
      vertex -29.3893 25.4508 12
      vertex -35.8779 34.0902 12
    endloop
  endfacet
  facet normal -0 0 1
    outer loop
      vertex -36.6913 33.4314 12
      vertex -29.3893 25.4508 12
      vertex -36.2932 33.7715 12
    endloop
  endfacet
  facet normal -0 0 1
    outer loop
      vertex -37.0711 33.0711 12
      vertex -29.3893 25.4508 12
      vertex -36.6913 33.4314 12
    endloop
  endfacet
  facet normal -0 0 1
    outer loop
      vertex -37.4314 32.6913 12
      vertex -29.3893 25.4508 12
      vertex -37.0711 33.0711 12
    endloop
  endfacet
  facet normal -0 0 1
    outer loop
      vertex -37.7715 32.2932 12
      vertex -29.3893 25.4508 12
      vertex -37.4314 32.6913 12
    endloop
  endfacet
  facet normal 0 0 1
    outer loop
      vertex -29.3893 25.4508 12
      vertex -37.7715 32.2932 12
      vertex -31.466 23.8573 12
    endloop
  endfacet
  facet normal -0 0 1
    outer loop
      vertex -38.0902 31.8779 12
      vertex -31.466 23.8573 12
      vertex -37.7715 32.2932 12
    endloop
  endfacet
  facet normal -0 0 1
    outer loop
      vertex -38.3867 31.4464 12
      vertex -31.466 23.8573 12
      vertex -38.0902 31.8779 12
    endloop
  endfacet
  facet normal 0 -0 1
    outer loop
      vertex -37.0711 18.9289 12
      vertex -35.3553 20.3553 12
      vertex -37.4314 19.3087 12
    endloop
  endfacet
  facet normal 0 0 1
    outer loop
      vertex -35.3553 20.3553 12
      vertex -37.0711 18.9289 12
      vertex -36.8805 18.7481 12
    endloop
  endfacet
  facet normal -0 0 1
    outer loop
      vertex -38.6603 31 12
      vertex -31.466 23.8573 12
      vertex -38.3867 31.4464 12
    endloop
  endfacet
  facet normal 0 0 1
    outer loop
      vertex -35.3553 20.3553 12
      vertex -37.7715 19.7068 12
      vertex -37.4314 19.3087 12
    endloop
  endfacet
  facet normal -0 0 1
    outer loop
      vertex -38.9101 30.5399 12
      vertex -31.466 23.8573 12
      vertex -38.6603 31 12
    endloop
  endfacet
  facet normal 0 0 1
    outer loop
      vertex -35.3553 20.3553 12
      vertex -38.0902 20.1221 12
      vertex -37.7715 19.7068 12
    endloop
  endfacet
  facet normal -0 0 1
    outer loop
      vertex -39.1355 30.0674 12
      vertex -31.466 23.8573 12
      vertex -38.9101 30.5399 12
    endloop
  endfacet
  facet normal 0 0 1
    outer loop
      vertex -35.3553 20.3553 12
      vertex -38.3867 20.5536 12
      vertex -38.0902 20.1221 12
    endloop
  endfacet
  facet normal -0 0 1
    outer loop
      vertex -39.3358 29.5837 12
      vertex -31.466 23.8573 12
      vertex -39.1355 30.0674 12
    endloop
  endfacet
  facet normal 0 0 1
    outer loop
      vertex -35.3553 20.3553 12
      vertex -38.6603 21 12
      vertex -38.3867 20.5536 12
    endloop
  endfacet
  facet normal -0 0 1
    outer loop
      vertex -39.5106 29.0902 12
      vertex -31.466 23.8573 12
      vertex -39.3358 29.5837 12
    endloop
  endfacet
  facet normal 0 0 1
    outer loop
      vertex -35.3553 20.3553 12
      vertex -38.9101 21.4601 12
      vertex -38.6603 21 12
    endloop
  endfacet
  facet normal -0 0 1
    outer loop
      vertex -39.6593 28.5882 12
      vertex -31.466 23.8573 12
      vertex -39.5106 29.0902 12
    endloop
  endfacet
  facet normal 0 0 1
    outer loop
      vertex -35.3553 20.3553 12
      vertex -39.1355 21.9326 12
      vertex -38.9101 21.4601 12
    endloop
  endfacet
  facet normal -0 0 1
    outer loop
      vertex -39.7815 28.0791 12
      vertex -31.466 23.8573 12
      vertex -39.6593 28.5882 12
    endloop
  endfacet
  facet normal 0 0 1
    outer loop
      vertex -33.4565 22.1572 12
      vertex -39.1355 21.9326 12
      vertex -35.3553 20.3553 12
    endloop
  endfacet
  facet normal -0 0 1
    outer loop
      vertex -39.8769 27.5643 12
      vertex -31.466 23.8573 12
      vertex -39.7815 28.0791 12
    endloop
  endfacet
  facet normal 0 -0 1
    outer loop
      vertex -39.1355 21.9326 12
      vertex -33.4565 22.1572 12
      vertex -39.3358 22.4163 12
    endloop
  endfacet
  facet normal -0 0 1
    outer loop
      vertex -39.9452 27.0453 12
      vertex -31.466 23.8573 12
      vertex -39.8769 27.5643 12
    endloop
  endfacet
  facet normal -0 -0 1
    outer loop
      vertex -39.3358 22.4163 12
      vertex -33.4565 22.1572 12
      vertex -39.5106 22.9098 12
    endloop
  endfacet
  facet normal 0 0 1
    outer loop
      vertex -31.466 23.8573 12
      vertex -39.9452 27.0453 12
      vertex -33.4565 22.1572 12
    endloop
  endfacet
  facet normal -0 -0 1
    outer loop
      vertex -39.5106 22.9098 12
      vertex -33.4565 22.1572 12
      vertex -39.6593 23.4118 12
    endloop
  endfacet
  facet normal -0 0 1
    outer loop
      vertex -39.9863 26.5234 12
      vertex -33.4565 22.1572 12
      vertex -39.9452 27.0453 12
    endloop
  endfacet
  facet normal -0 -0 1
    outer loop
      vertex -39.6593 23.4118 12
      vertex -33.4565 22.1572 12
      vertex -39.7815 23.9209 12
    endloop
  endfacet
  facet normal -0 0 1
    outer loop
      vertex -40 26 12
      vertex -33.4565 22.1572 12
      vertex -39.9863 26.5234 12
    endloop
  endfacet
  facet normal -0 -0 1
    outer loop
      vertex -39.7815 23.9209 12
      vertex -33.4565 22.1572 12
      vertex -39.8769 24.4357 12
    endloop
  endfacet
  facet normal -0 -0 1
    outer loop
      vertex -39.9863 25.4766 12
      vertex -33.4565 22.1572 12
      vertex -40 26 12
    endloop
  endfacet
  facet normal -0 -0 1
    outer loop
      vertex -39.8769 24.4357 12
      vertex -33.4565 22.1572 12
      vertex -39.9452 24.9547 12
    endloop
  endfacet
  facet normal -0 -0 1
    outer loop
      vertex -39.9452 24.9547 12
      vertex -33.4565 22.1572 12
      vertex -39.9863 25.4766 12
    endloop
  endfacet
  facet normal -0.760321 -0.649548 0
    outer loop
      vertex -22.2285 32.2932 12
      vertex -22.5686 32.6913 20
      vertex -22.5686 32.6913 12
    endloop
  endfacet
  facet normal -0.760321 -0.649548 0
    outer loop
      vertex -22.5686 32.6913 20
      vertex -22.2285 32.2932 12
      vertex -22.2285 32.2932 20
    endloop
  endfacet
  facet normal -0.852601 -0.522562 0
    outer loop
      vertex -21.3397 31 12
      vertex -21.6133 31.4464 20
      vertex -21.6133 31.4464 12
    endloop
  endfacet
  facet normal -0.852601 -0.522562 0
    outer loop
      vertex -21.6133 31.4464 20
      vertex -21.3397 31 12
      vertex -21.3397 31 20
    endloop
  endfacet
  facet normal -0.902565 -0.430554 0
    outer loop
      vertex -21.0037 30.3592 12
      vertex -21.0899 30.5399 20
      vertex -21.0899 30.5399 12
    endloop
  endfacet
  facet normal -0.902565 -0.430554 0
    outer loop
      vertex -21.0899 30.5399 20
      vertex -21.0037 30.3592 12
      vertex -21.0037 30.3592 20
    endloop
  endfacet
  facet normal -0.284017 -0.958819 0
    outer loop
      vertex -27.4118 35.6593 12
      vertex -26.9098 35.5106 20
      vertex -27.4118 35.6593 20
    endloop
  endfacet
  facet normal -0.284017 -0.958819 -0
    outer loop
      vertex -26.9098 35.5106 20
      vertex -27.4118 35.6593 12
      vertex -26.9098 35.5106 12
    endloop
  endfacet
  facet normal -0.333879 -0.942616 0
    outer loop
      vertex -26.9098 35.5106 12
      vertex -26.4163 35.3358 20
      vertex -26.9098 35.5106 20
    endloop
  endfacet
  facet normal -0.333879 -0.942616 -0
    outer loop
      vertex -26.4163 35.3358 20
      vertex -26.9098 35.5106 12
      vertex -26.4163 35.3358 12
    endloop
  endfacet
  facet normal -0.233402 -0.97238 0
    outer loop
      vertex -27.9209 35.7815 12
      vertex -27.4118 35.6593 20
      vertex -27.9209 35.7815 20
    endloop
  endfacet
  facet normal -0.233402 -0.97238 -0
    outer loop
      vertex -27.4118 35.6593 20
      vertex -27.9209 35.7815 12
      vertex -27.4118 35.6593 12
    endloop
  endfacet
  facet normal -0.130474 -0.991452 0
    outer loop
      vertex -28.9547 35.9452 12
      vertex -28.4357 35.8769 20
      vertex -28.9547 35.9452 20
    endloop
  endfacet
  facet normal -0.130474 -0.991452 -0
    outer loop
      vertex -28.4357 35.8769 20
      vertex -28.9547 35.9452 12
      vertex -28.4357 35.8769 12
    endloop
  endfacet
  facet normal -0.0785077 -0.996914 0
    outer loop
      vertex -29.4766 35.9863 12
      vertex -28.9547 35.9452 20
      vertex -29.4766 35.9863 20
    endloop
  endfacet
  facet normal -0.0785077 -0.996914 -0
    outer loop
      vertex -28.9547 35.9452 20
      vertex -29.4766 35.9863 12
      vertex -28.9547 35.9452 12
    endloop
  endfacet
  facet normal -0.477138 -0.878828 0
    outer loop
      vertex -25.4601 34.9101 12
      vertex -25 34.6603 20
      vertex -25.4601 34.9101 20
    endloop
  endfacet
  facet normal -0.477138 -0.878828 -0
    outer loop
      vertex -25 34.6603 20
      vertex -25.4601 34.9101 12
      vertex -25 34.6603 12
    endloop
  endfacet
  facet normal -0.522562 -0.852601 0
    outer loop
      vertex -25 34.6603 12
      vertex -24.5536 34.3867 20
      vertex -25 34.6603 20
    endloop
  endfacet
  facet normal -0.522562 -0.852601 -0
    outer loop
      vertex -24.5536 34.3867 20
      vertex -25 34.6603 12
      vertex -24.5536 34.3867 12
    endloop
  endfacet
  facet normal -0.430556 -0.902564 0
    outer loop
      vertex -25.9326 35.1355 12
      vertex -25.4601 34.9101 20
      vertex -25.9326 35.1355 20
    endloop
  endfacet
  facet normal -0.430556 -0.902564 -0
    outer loop
      vertex -25.4601 34.9101 20
      vertex -25.9326 35.1355 12
      vertex -25.4601 34.9101 12
    endloop
  endfacet
  facet normal -0.608796 -0.793326 0
    outer loop
      vertex -24.1221 34.0902 12
      vertex -23.7068 33.7715 20
      vertex -24.1221 34.0902 20
    endloop
  endfacet
  facet normal -0.608796 -0.793326 -0
    outer loop
      vertex -23.7068 33.7715 20
      vertex -24.1221 34.0902 12
      vertex -23.7068 33.7715 12
    endloop
  endfacet
  facet normal -0.688237 -0.725486 0
    outer loop
      vertex -23.3087 33.4314 12
      vertex -22.9289 33.0711 20
      vertex -23.3087 33.4314 20
    endloop
  endfacet
  facet normal -0.688237 -0.725486 -0
    outer loop
      vertex -22.9289 33.0711 20
      vertex -23.3087 33.4314 12
      vertex -22.9289 33.0711 12
    endloop
  endfacet
  facet normal 0.760321 -0.649548 0
    outer loop
      vertex -37.7715 32.2932 20
      vertex -37.4314 32.6913 12
      vertex -37.4314 32.6913 20
    endloop
  endfacet
  facet normal 0.760321 -0.649548 0
    outer loop
      vertex -37.4314 32.6913 12
      vertex -37.7715 32.2932 20
      vertex -37.7715 32.2932 12
    endloop
  endfacet
  facet normal 0.725486 -0.688237 0
    outer loop
      vertex -37.4314 32.6913 20
      vertex -37.0711 33.0711 12
      vertex -37.0711 33.0711 20
    endloop
  endfacet
  facet normal 0.725486 -0.688237 0
    outer loop
      vertex -37.0711 33.0711 12
      vertex -37.4314 32.6913 20
      vertex -37.4314 32.6913 12
    endloop
  endfacet
  facet normal 0.793326 -0.608796 0
    outer loop
      vertex -38.0902 31.8779 20
      vertex -37.7715 32.2932 12
      vertex -37.7715 32.2932 20
    endloop
  endfacet
  facet normal 0.793326 -0.608796 0
    outer loop
      vertex -37.7715 32.2932 12
      vertex -38.0902 31.8779 20
      vertex -38.0902 31.8779 12
    endloop
  endfacet
  facet normal 0.878828 -0.477138 0
    outer loop
      vertex -38.9101 30.5399 20
      vertex -38.6603 31 12
      vertex -38.6603 31 20
    endloop
  endfacet
  facet normal 0.878828 -0.477138 0
    outer loop
      vertex -38.6603 31 12
      vertex -38.9101 30.5399 20
      vertex -38.9101 30.5399 12
    endloop
  endfacet
  facet normal 0.902564 -0.430556 0
    outer loop
      vertex -39.1355 30.0674 20
      vertex -38.9101 30.5399 12
      vertex -38.9101 30.5399 20
    endloop
  endfacet
  facet normal 0.902564 -0.430556 0
    outer loop
      vertex -38.9101 30.5399 12
      vertex -39.1355 30.0674 20
      vertex -39.1355 30.0674 12
    endloop
  endfacet
  facet normal 0.852601 -0.522562 0
    outer loop
      vertex -38.6603 31 20
      vertex -38.3867 31.4464 12
      vertex -38.3867 31.4464 20
    endloop
  endfacet
  facet normal 0.852601 -0.522562 0
    outer loop
      vertex -38.3867 31.4464 12
      vertex -38.6603 31 20
      vertex -38.6603 31 12
    endloop
  endfacet
  facet normal 0.958819 -0.284017 0
    outer loop
      vertex -39.6593 28.5882 20
      vertex -39.5106 29.0902 12
      vertex -39.5106 29.0902 20
    endloop
  endfacet
  facet normal 0.958819 -0.284017 0
    outer loop
      vertex -39.5106 29.0902 12
      vertex -39.6593 28.5882 20
      vertex -39.6593 28.5882 12
    endloop
  endfacet
  facet normal 0.942616 -0.333879 0
    outer loop
      vertex -39.5106 29.0902 20
      vertex -39.3358 29.5837 12
      vertex -39.3358 29.5837 20
    endloop
  endfacet
  facet normal 0.942616 -0.333879 0
    outer loop
      vertex -39.3358 29.5837 12
      vertex -39.5106 29.0902 20
      vertex -39.5106 29.0902 12
    endloop
  endfacet
  facet normal 0.97238 -0.233402 0
    outer loop
      vertex -39.7815 28.0791 20
      vertex -39.6593 28.5882 12
      vertex -39.6593 28.5882 20
    endloop
  endfacet
  facet normal 0.97238 -0.233402 0
    outer loop
      vertex -39.6593 28.5882 12
      vertex -39.7815 28.0791 20
      vertex -39.7815 28.0791 12
    endloop
  endfacet
  facet normal 0.996914 -0.0785077 0
    outer loop
      vertex -39.9863 26.5234 20
      vertex -39.9452 27.0453 12
      vertex -39.9452 27.0453 20
    endloop
  endfacet
  facet normal 0.996914 -0.0785077 0
    outer loop
      vertex -39.9452 27.0453 12
      vertex -39.9863 26.5234 20
      vertex -39.9863 26.5234 12
    endloop
  endfacet
  facet normal 0.608796 -0.793326 0
    outer loop
      vertex -36.2932 33.7715 12
      vertex -35.8779 34.0902 20
      vertex -36.2932 33.7715 20
    endloop
  endfacet
  facet normal 0.608796 -0.793326 0
    outer loop
      vertex -35.8779 34.0902 20
      vertex -36.2932 33.7715 12
      vertex -35.8779 34.0902 12
    endloop
  endfacet
  facet normal 0.430556 -0.902564 0
    outer loop
      vertex -34.5399 34.9101 12
      vertex -34.0674 35.1355 20
      vertex -34.5399 34.9101 20
    endloop
  endfacet
  facet normal 0.430556 -0.902564 0
    outer loop
      vertex -34.0674 35.1355 20
      vertex -34.5399 34.9101 12
      vertex -34.0674 35.1355 12
    endloop
  endfacet
  facet normal 0.382594 -0.923917 0
    outer loop
      vertex -34.0674 35.1355 12
      vertex -33.5837 35.3358 20
      vertex -34.0674 35.1355 20
    endloop
  endfacet
  facet normal 0.382594 -0.923917 0
    outer loop
      vertex -33.5837 35.3358 20
      vertex -34.0674 35.1355 12
      vertex -33.5837 35.3358 12
    endloop
  endfacet
  facet normal 0.477138 -0.878828 0
    outer loop
      vertex -35 34.6603 12
      vertex -34.5399 34.9101 20
      vertex -35 34.6603 20
    endloop
  endfacet
  facet normal 0.477138 -0.878828 0
    outer loop
      vertex -34.5399 34.9101 20
      vertex -35 34.6603 12
      vertex -34.5399 34.9101 12
    endloop
  endfacet
  facet normal 0.566326 -0.824181 0
    outer loop
      vertex -35.8779 34.0902 12
      vertex -35.4464 34.3867 20
      vertex -35.8779 34.0902 20
    endloop
  endfacet
  facet normal 0.566326 -0.824181 0
    outer loop
      vertex -35.4464 34.3867 20
      vertex -35.8779 34.0902 12
      vertex -35.4464 34.3867 12
    endloop
  endfacet
  facet normal 0.649548 -0.760321 0
    outer loop
      vertex -36.6913 33.4314 12
      vertex -36.2932 33.7715 20
      vertex -36.6913 33.4314 20
    endloop
  endfacet
  facet normal 0.649548 -0.760321 0
    outer loop
      vertex -36.2932 33.7715 20
      vertex -36.6913 33.4314 12
      vertex -36.2932 33.7715 12
    endloop
  endfacet
  facet normal 0.233402 -0.97238 0
    outer loop
      vertex -32.5882 35.6593 12
      vertex -32.0791 35.7815 20
      vertex -32.5882 35.6593 20
    endloop
  endfacet
  facet normal 0.233402 -0.97238 0
    outer loop
      vertex -32.0791 35.7815 20
      vertex -32.5882 35.6593 12
      vertex -32.0791 35.7815 12
    endloop
  endfacet
  facet normal 0.182212 -0.983259 0
    outer loop
      vertex -32.0791 35.7815 12
      vertex -31.5643 35.8769 20
      vertex -32.0791 35.7815 20
    endloop
  endfacet
  facet normal 0.182212 -0.983259 0
    outer loop
      vertex -31.5643 35.8769 20
      vertex -32.0791 35.7815 12
      vertex -31.5643 35.8769 12
    endloop
  endfacet
  facet normal 0.284017 -0.958819 0
    outer loop
      vertex -33.0902 35.5106 12
      vertex -32.5882 35.6593 20
      vertex -33.0902 35.5106 20
    endloop
  endfacet
  facet normal 0.284017 -0.958819 0
    outer loop
      vertex -32.5882 35.6593 20
      vertex -33.0902 35.5106 12
      vertex -32.5882 35.6593 12
    endloop
  endfacet
  facet normal 0.026166 -0.999658 0
    outer loop
      vertex -30.5234 35.9863 12
      vertex -30 36 20
      vertex -30.5234 35.9863 20
    endloop
  endfacet
  facet normal 0.026166 -0.999658 0
    outer loop
      vertex -30 36 20
      vertex -30.5234 35.9863 12
      vertex -30 36 12
    endloop
  endfacet
  facet normal 0.760321 0.649548 0
    outer loop
      vertex -37.4314 19.3087 20
      vertex -37.7715 19.7068 12
      vertex -37.7715 19.7068 20
    endloop
  endfacet
  facet normal 0.760321 0.649548 0
    outer loop
      vertex -37.7715 19.7068 12
      vertex -37.4314 19.3087 20
      vertex -37.4314 19.3087 12
    endloop
  endfacet
  facet normal 0.983259 0.182212 0
    outer loop
      vertex -39.7815 23.9209 20
      vertex -39.8769 24.4357 12
      vertex -39.8769 24.4357 20
    endloop
  endfacet
  facet normal 0.983259 0.182212 0
    outer loop
      vertex -39.8769 24.4357 12
      vertex -39.7815 23.9209 20
      vertex -39.7815 23.9209 12
    endloop
  endfacet
  facet normal 0.878828 0.477138 0
    outer loop
      vertex -38.6603 21 20
      vertex -38.9101 21.4601 12
      vertex -38.9101 21.4601 20
    endloop
  endfacet
  facet normal 0.878828 0.477138 0
    outer loop
      vertex -38.9101 21.4601 12
      vertex -38.6603 21 20
      vertex -38.6603 21 12
    endloop
  endfacet
  facet normal 0.725486 0.688237 0
    outer loop
      vertex -37.0711 18.9289 20
      vertex -37.4314 19.3087 12
      vertex -37.4314 19.3087 20
    endloop
  endfacet
  facet normal 0.725486 0.688237 0
    outer loop
      vertex -37.4314 19.3087 12
      vertex -37.0711 18.9289 20
      vertex -37.0711 18.9289 12
    endloop
  endfacet
  facet normal 0.999658 0.026166 0
    outer loop
      vertex -39.9863 25.4766 20
      vertex -40 26 12
      vertex -40 26 20
    endloop
  endfacet
  facet normal 0.999658 0.026166 0
    outer loop
      vertex -40 26 12
      vertex -39.9863 25.4766 20
      vertex -39.9863 25.4766 12
    endloop
  endfacet
  facet normal 0.902564 0.430556 0
    outer loop
      vertex -38.9101 21.4601 20
      vertex -39.1355 21.9326 12
      vertex -39.1355 21.9326 20
    endloop
  endfacet
  facet normal 0.902564 0.430556 0
    outer loop
      vertex -39.1355 21.9326 12
      vertex -38.9101 21.4601 20
      vertex -38.9101 21.4601 12
    endloop
  endfacet
  facet normal 0.852601 0.522562 0
    outer loop
      vertex -38.3867 20.5536 20
      vertex -38.6603 21 12
      vertex -38.6603 21 20
    endloop
  endfacet
  facet normal 0.852601 0.522562 0
    outer loop
      vertex -38.6603 21 12
      vertex -38.3867 20.5536 20
      vertex -38.3867 20.5536 12
    endloop
  endfacet
  facet normal 0.793326 0.608796 0
    outer loop
      vertex -37.7715 19.7068 20
      vertex -38.0902 20.1221 12
      vertex -38.0902 20.1221 20
    endloop
  endfacet
  facet normal 0.793326 0.608796 0
    outer loop
      vertex -38.0902 20.1221 12
      vertex -37.7715 19.7068 20
      vertex -37.7715 19.7068 12
    endloop
  endfacet
  facet normal 0.97238 0.233402 0
    outer loop
      vertex -39.6593 23.4118 20
      vertex -39.7815 23.9209 12
      vertex -39.7815 23.9209 20
    endloop
  endfacet
  facet normal 0.97238 0.233402 0
    outer loop
      vertex -39.7815 23.9209 12
      vertex -39.6593 23.4118 20
      vertex -39.6593 23.4118 12
    endloop
  endfacet
  facet normal 0.942616 0.333879 0
    outer loop
      vertex -39.3358 22.4163 20
      vertex -39.5106 22.9098 12
      vertex -39.5106 22.9098 20
    endloop
  endfacet
  facet normal 0.942616 0.333879 0
    outer loop
      vertex -39.5106 22.9098 12
      vertex -39.3358 22.4163 20
      vertex -39.3358 22.4163 12
    endloop
  endfacet
  facet normal 0.958819 0.284017 0
    outer loop
      vertex -39.5106 22.9098 20
      vertex -39.6593 23.4118 12
      vertex -39.6593 23.4118 20
    endloop
  endfacet
  facet normal 0.958819 0.284017 0
    outer loop
      vertex -39.6593 23.4118 12
      vertex -39.5106 22.9098 20
      vertex -39.5106 22.9098 12
    endloop
  endfacet
  facet normal 0.991452 0.130474 0
    outer loop
      vertex -39.8769 24.4357 20
      vertex -39.9452 24.9547 12
      vertex -39.9452 24.9547 20
    endloop
  endfacet
  facet normal 0.991452 0.130474 0
    outer loop
      vertex -39.9452 24.9547 12
      vertex -39.8769 24.4357 20
      vertex -39.8769 24.4357 12
    endloop
  endfacet
  facet normal 0.996914 0.0785077 0
    outer loop
      vertex -39.9452 24.9547 20
      vertex -39.9863 25.4766 12
      vertex -39.9863 25.4766 20
    endloop
  endfacet
  facet normal 0.996914 0.0785077 0
    outer loop
      vertex -39.9863 25.4766 12
      vertex -39.9452 24.9547 20
      vertex -39.9452 24.9547 12
    endloop
  endfacet
  facet normal -0.958819 0.284017 0
    outer loop
      vertex 39.5106 22.9098 12
      vertex 39.6593 23.4118 20
      vertex 39.6593 23.4118 12
    endloop
  endfacet
  facet normal -0.958819 0.284017 0
    outer loop
      vertex 39.6593 23.4118 20
      vertex 39.5106 22.9098 12
      vertex 39.5106 22.9098 20
    endloop
  endfacet
  facet normal -0.958819 -0.284017 0
    outer loop
      vertex 39.6593 28.5882 12
      vertex 39.5106 29.0902 20
      vertex 39.5106 29.0902 12
    endloop
  endfacet
  facet normal -0.958819 -0.284017 0
    outer loop
      vertex 39.5106 29.0902 20
      vertex 39.6593 28.5882 12
      vertex 39.6593 28.5882 20
    endloop
  endfacet
  facet normal -0.793326 -0.608796 0
    outer loop
      vertex 38.0902 31.8779 12
      vertex 37.7715 32.2932 20
      vertex 37.7715 32.2932 12
    endloop
  endfacet
  facet normal -0.793326 -0.608796 0
    outer loop
      vertex 37.7715 32.2932 20
      vertex 38.0902 31.8779 12
      vertex 38.0902 31.8779 20
    endloop
  endfacet
  facet normal -0.477138 -0.878828 0
    outer loop
      vertex 34.5399 34.9101 12
      vertex 35 34.6603 20
      vertex 34.5399 34.9101 20
    endloop
  endfacet
  facet normal -0.477138 -0.878828 -0
    outer loop
      vertex 35 34.6603 20
      vertex 34.5399 34.9101 12
      vertex 35 34.6603 12
    endloop
  endfacet
  facet normal 0.382594 -0.923917 0
    outer loop
      vertex 25.9326 35.1355 12
      vertex 26.4163 35.3358 20
      vertex 25.9326 35.1355 20
    endloop
  endfacet
  facet normal 0.382594 -0.923917 0
    outer loop
      vertex 26.4163 35.3358 20
      vertex 25.9326 35.1355 12
      vertex 26.4163 35.3358 12
    endloop
  endfacet
  facet normal 0.608796 -0.793326 0
    outer loop
      vertex 23.7068 33.7715 12
      vertex 24.1221 34.0902 20
      vertex 23.7068 33.7715 20
    endloop
  endfacet
  facet normal 0.608796 -0.793326 0
    outer loop
      vertex 24.1221 34.0902 20
      vertex 23.7068 33.7715 12
      vertex 24.1221 34.0902 12
    endloop
  endfacet
  facet normal -0.760321 0.649548 0
    outer loop
      vertex 37.4314 19.3087 12
      vertex 37.7715 19.7068 20
      vertex 37.7715 19.7068 12
    endloop
  endfacet
  facet normal -0.760321 0.649548 0
    outer loop
      vertex 37.7715 19.7068 20
      vertex 37.4314 19.3087 12
      vertex 37.4314 19.3087 20
    endloop
  endfacet
  facet normal -0.688209 0.725512 0
    outer loop
      vertex 37.0711 18.9289 12
      vertex 36.8805 18.7481 20
      vertex 37.0711 18.9289 20
    endloop
  endfacet
  facet normal -0.688209 0.725512 0
    outer loop
      vertex 36.8805 18.7481 20
      vertex 37.0711 18.9289 12
      vertex 36.8805 18.7481 12
    endloop
  endfacet
  facet normal -0.878828 -0.477138 0
    outer loop
      vertex 38.9101 30.5399 12
      vertex 38.6603 31 20
      vertex 38.6603 31 12
    endloop
  endfacet
  facet normal -0.878828 -0.477138 0
    outer loop
      vertex 38.6603 31 20
      vertex 38.9101 30.5399 12
      vertex 38.9101 30.5399 20
    endloop
  endfacet
  facet normal 0.026166 -0.999658 0
    outer loop
      vertex 29.4766 35.9863 12
      vertex 30 36 20
      vertex 29.4766 35.9863 20
    endloop
  endfacet
  facet normal 0.026166 -0.999658 0
    outer loop
      vertex 30 36 20
      vertex 29.4766 35.9863 12
      vertex 30 36 12
    endloop
  endfacet
  facet normal -0.130474 -0.991452 0
    outer loop
      vertex 31.0453 35.9452 12
      vertex 31.5643 35.8769 20
      vertex 31.0453 35.9452 20
    endloop
  endfacet
  facet normal -0.130474 -0.991452 -0
    outer loop
      vertex 31.5643 35.8769 20
      vertex 31.0453 35.9452 12
      vertex 31.5643 35.8769 12
    endloop
  endfacet
  facet normal -0.566326 -0.824181 0
    outer loop
      vertex 35.4464 34.3867 12
      vertex 35.8779 34.0902 20
      vertex 35.4464 34.3867 20
    endloop
  endfacet
  facet normal -0.566326 -0.824181 -0
    outer loop
      vertex 35.8779 34.0902 20
      vertex 35.4464 34.3867 12
      vertex 35.8779 34.0902 12
    endloop
  endfacet
  facet normal -0.026166 -0.999658 0
    outer loop
      vertex 30 36 12
      vertex 30.5234 35.9863 20
      vertex 30 36 20
    endloop
  endfacet
  facet normal -0.026166 -0.999658 -0
    outer loop
      vertex 30.5234 35.9863 20
      vertex 30 36 12
      vertex 30.5234 35.9863 12
    endloop
  endfacet
  facet normal 0 0 1
    outer loop
      vertex 33.4565 22.1572 12
      vertex 40 26 12
      vertex 39.9863 26.5234 12
    endloop
  endfacet
  facet normal 0 0 1
    outer loop
      vertex 33.4565 22.1572 12
      vertex 39.9863 26.5234 12
      vertex 39.9452 27.0453 12
    endloop
  endfacet
  facet normal 0 0 1
    outer loop
      vertex 40 26 12
      vertex 33.4565 22.1572 12
      vertex 39.9863 25.4766 12
    endloop
  endfacet
  facet normal 0 0 1
    outer loop
      vertex 31.466 23.8573 12
      vertex 39.9452 27.0453 12
      vertex 39.8769 27.5643 12
    endloop
  endfacet
  facet normal 0 0 1
    outer loop
      vertex 39.9863 25.4766 12
      vertex 33.4565 22.1572 12
      vertex 39.9452 24.9547 12
    endloop
  endfacet
  facet normal 0 0 1
    outer loop
      vertex 31.466 23.8573 12
      vertex 39.8769 27.5643 12
      vertex 39.7815 28.0791 12
    endloop
  endfacet
  facet normal 0 0 1
    outer loop
      vertex 39.9452 24.9547 12
      vertex 33.4565 22.1572 12
      vertex 39.8769 24.4357 12
    endloop
  endfacet
  facet normal 0 0 1
    outer loop
      vertex 31.466 23.8573 12
      vertex 39.7815 28.0791 12
      vertex 39.6593 28.5882 12
    endloop
  endfacet
  facet normal 0 0 1
    outer loop
      vertex 39.8769 24.4357 12
      vertex 33.4565 22.1572 12
      vertex 39.7815 23.9209 12
    endloop
  endfacet
  facet normal 0 0 1
    outer loop
      vertex 31.466 23.8573 12
      vertex 39.6593 28.5882 12
      vertex 39.5106 29.0902 12
    endloop
  endfacet
  facet normal 0 0 1
    outer loop
      vertex 39.7815 23.9209 12
      vertex 33.4565 22.1572 12
      vertex 39.6593 23.4118 12
    endloop
  endfacet
  facet normal 0 0 1
    outer loop
      vertex 31.466 23.8573 12
      vertex 39.5106 29.0902 12
      vertex 39.3358 29.5837 12
    endloop
  endfacet
  facet normal 0 0 1
    outer loop
      vertex 39.6593 23.4118 12
      vertex 33.4565 22.1572 12
      vertex 39.5106 22.9098 12
    endloop
  endfacet
  facet normal 0 0 1
    outer loop
      vertex 31.466 23.8573 12
      vertex 39.3358 29.5837 12
      vertex 39.1355 30.0674 12
    endloop
  endfacet
  facet normal 0 0 1
    outer loop
      vertex 39.5106 22.9098 12
      vertex 33.4565 22.1572 12
      vertex 39.3358 22.4163 12
    endloop
  endfacet
  facet normal 0 0 1
    outer loop
      vertex 31.466 23.8573 12
      vertex 39.1355 30.0674 12
      vertex 38.9101 30.5399 12
    endloop
  endfacet
  facet normal 0 0 1
    outer loop
      vertex 39.3358 22.4163 12
      vertex 33.4565 22.1572 12
      vertex 39.1355 21.9326 12
    endloop
  endfacet
  facet normal 0 0 1
    outer loop
      vertex 31.466 23.8573 12
      vertex 38.9101 30.5399 12
      vertex 38.6603 31 12
    endloop
  endfacet
  facet normal 0 -0 1
    outer loop
      vertex 35.3553 20.3553 12
      vertex 39.1355 21.9326 12
      vertex 33.4565 22.1572 12
    endloop
  endfacet
  facet normal 0 0 1
    outer loop
      vertex 31.466 23.8573 12
      vertex 38.6603 31 12
      vertex 38.3867 31.4464 12
    endloop
  endfacet
  facet normal 0 0 1
    outer loop
      vertex 39.1355 21.9326 12
      vertex 35.3553 20.3553 12
      vertex 38.9101 21.4601 12
    endloop
  endfacet
  facet normal 0 0 1
    outer loop
      vertex 31.466 23.8573 12
      vertex 38.3867 31.4464 12
      vertex 38.0902 31.8779 12
    endloop
  endfacet
  facet normal 0 0 1
    outer loop
      vertex 38.9101 21.4601 12
      vertex 35.3553 20.3553 12
      vertex 38.6603 21 12
    endloop
  endfacet
  facet normal 0 0 1
    outer loop
      vertex 31.466 23.8573 12
      vertex 38.0902 31.8779 12
      vertex 37.7715 32.2932 12
    endloop
  endfacet
  facet normal 0 0 1
    outer loop
      vertex 38.6603 21 12
      vertex 35.3553 20.3553 12
      vertex 38.3867 20.5536 12
    endloop
  endfacet
  facet normal 0 0 1
    outer loop
      vertex 29.3893 25.4508 12
      vertex 37.7715 32.2932 12
      vertex 37.4314 32.6913 12
    endloop
  endfacet
  facet normal 0 0 1
    outer loop
      vertex 38.3867 20.5536 12
      vertex 35.3553 20.3553 12
      vertex 38.0902 20.1221 12
    endloop
  endfacet
  facet normal 0 0 1
    outer loop
      vertex 29.3893 25.4508 12
      vertex 37.4314 32.6913 12
      vertex 37.0711 33.0711 12
    endloop
  endfacet
  facet normal 0 0 1
    outer loop
      vertex 37.7715 19.7068 12
      vertex 35.3553 20.3553 12
      vertex 37.4314 19.3087 12
    endloop
  endfacet
  facet normal 0 0 1
    outer loop
      vertex 37.4314 19.3087 12
      vertex 35.3553 20.3553 12
      vertex 37.0711 18.9289 12
    endloop
  endfacet
  facet normal 0 0 1
    outer loop
      vertex 29.3893 25.4508 12
      vertex 37.0711 33.0711 12
      vertex 36.6913 33.4314 12
    endloop
  endfacet
  facet normal 0 0 1
    outer loop
      vertex 29.3893 25.4508 12
      vertex 36.6913 33.4314 12
      vertex 36.2932 33.7715 12
    endloop
  endfacet
  facet normal 0 0 1
    outer loop
      vertex 29.3893 25.4508 12
      vertex 36.2932 33.7715 12
      vertex 35.8779 34.0902 12
    endloop
  endfacet
  facet normal 0 0 1
    outer loop
      vertex 29.3893 25.4508 12
      vertex 35.8779 34.0902 12
      vertex 35.4464 34.3867 12
    endloop
  endfacet
  facet normal 0 0 1
    outer loop
      vertex 37.0711 18.9289 12
      vertex 35.3553 20.3553 12
      vertex 36.8805 18.7481 12
    endloop
  endfacet
  facet normal 0 0 1
    outer loop
      vertex 29.3893 25.4508 12
      vertex 35.4464 34.3867 12
      vertex 35 34.6603 12
    endloop
  endfacet
  facet normal 0 0 1
    outer loop
      vertex 29.3893 25.4508 12
      vertex 35 34.6603 12
      vertex 34.5399 34.9101 12
    endloop
  endfacet
  facet normal 0 0 1
    outer loop
      vertex 29.3893 25.4508 12
      vertex 34.5399 34.9101 12
      vertex 34.0674 35.1355 12
    endloop
  endfacet
  facet normal 0 0 1
    outer loop
      vertex 29.3893 25.4508 12
      vertex 34.0674 35.1355 12
      vertex 33.5837 35.3358 12
    endloop
  endfacet
  facet normal 0 0 1
    outer loop
      vertex 38.0902 20.1221 12
      vertex 35.3553 20.3553 12
      vertex 37.7715 19.7068 12
    endloop
  endfacet
  facet normal 0 0 1
    outer loop
      vertex 29.3893 25.4508 12
      vertex 33.5837 35.3358 12
      vertex 33.0902 35.5106 12
    endloop
  endfacet
  facet normal 0 0 1
    outer loop
      vertex 29.3893 25.4508 12
      vertex 33.0902 35.5106 12
      vertex 32.5882 35.6593 12
    endloop
  endfacet
  facet normal 0 0 1
    outer loop
      vertex 27.232 26.9335 12
      vertex 32.5882 35.6593 12
      vertex 32.0791 35.7815 12
    endloop
  endfacet
  facet normal 0 0 1
    outer loop
      vertex 27.232 26.9335 12
      vertex 32.0791 35.7815 12
      vertex 31.5643 35.8769 12
    endloop
  endfacet
  facet normal 0 0 1
    outer loop
      vertex 39.9452 27.0453 12
      vertex 31.466 23.8573 12
      vertex 33.4565 22.1572 12
    endloop
  endfacet
  facet normal 0 0 1
    outer loop
      vertex 27.232 26.9335 12
      vertex 31.5643 35.8769 12
      vertex 31.0453 35.9452 12
    endloop
  endfacet
  facet normal 0 0 1
    outer loop
      vertex 27.232 26.9335 12
      vertex 31.0453 35.9452 12
      vertex 30.5234 35.9863 12
    endloop
  endfacet
  facet normal 0 0 1
    outer loop
      vertex 27.232 26.9335 12
      vertex 30.5234 35.9863 12
      vertex 30 36 12
    endloop
  endfacet
  facet normal 0 0 1
    outer loop
      vertex 27.232 26.9335 12
      vertex 30 36 12
      vertex 29.4766 35.9863 12
    endloop
  endfacet
  facet normal 0 0 1
    outer loop
      vertex 37.7715 32.2932 12
      vertex 29.3893 25.4508 12
      vertex 31.466 23.8573 12
    endloop
  endfacet
  facet normal 0 0 1
    outer loop
      vertex 27.232 26.9335 12
      vertex 29.4766 35.9863 12
      vertex 28.9547 35.9452 12
    endloop
  endfacet
  facet normal 0 0 1
    outer loop
      vertex 27.232 26.9335 12
      vertex 28.9547 35.9452 12
      vertex 28.4357 35.8769 12
    endloop
  endfacet
  facet normal 0 0 1
    outer loop
      vertex 27.232 26.9335 12
      vertex 28.4357 35.8769 12
      vertex 27.9209 35.7815 12
    endloop
  endfacet
  facet normal 0 0 1
    outer loop
      vertex 27.232 26.9335 12
      vertex 27.9209 35.7815 12
      vertex 27.4118 35.6593 12
    endloop
  endfacet
  facet normal 0 0 1
    outer loop
      vertex 32.5882 35.6593 12
      vertex 27.232 26.9335 12
      vertex 29.3893 25.4508 12
    endloop
  endfacet
  facet normal -0 0 1
    outer loop
      vertex 26.9098 35.5106 12
      vertex 27.232 26.9335 12
      vertex 27.4118 35.6593 12
    endloop
  endfacet
  facet normal 0 0 1
    outer loop
      vertex 25 28.3013 12
      vertex 26.9098 35.5106 12
      vertex 26.4163 35.3358 12
    endloop
  endfacet
  facet normal 0 0 1
    outer loop
      vertex 25 28.3013 12
      vertex 26.4163 35.3358 12
      vertex 25.9326 35.1355 12
    endloop
  endfacet
  facet normal 0 0 1
    outer loop
      vertex 25 28.3013 12
      vertex 25.9326 35.1355 12
      vertex 25.4601 34.9101 12
    endloop
  endfacet
  facet normal 0 0 1
    outer loop
      vertex 25 28.3013 12
      vertex 25.4601 34.9101 12
      vertex 25 34.6603 12
    endloop
  endfacet
  facet normal 0 0 1
    outer loop
      vertex 26.9098 35.5106 12
      vertex 25 28.3013 12
      vertex 27.232 26.9335 12
    endloop
  endfacet
  facet normal -0 0 1
    outer loop
      vertex 24.5536 34.3867 12
      vertex 25 28.3013 12
      vertex 25 34.6603 12
    endloop
  endfacet
  facet normal -0 0 1
    outer loop
      vertex 24.1221 34.0902 12
      vertex 25 28.3013 12
      vertex 24.5536 34.3867 12
    endloop
  endfacet
  facet normal -0 0 1
    outer loop
      vertex 23.7068 33.7715 12
      vertex 25 28.3013 12
      vertex 24.1221 34.0902 12
    endloop
  endfacet
  facet normal -0 0 1
    outer loop
      vertex 23.3087 33.4314 12
      vertex 25 28.3013 12
      vertex 23.7068 33.7715 12
    endloop
  endfacet
  facet normal -0 0 1
    outer loop
      vertex 22.9289 33.0711 12
      vertex 25 28.3013 12
      vertex 23.3087 33.4314 12
    endloop
  endfacet
  facet normal 0 0 1
    outer loop
      vertex 22.9289 33.0711 12
      vertex 22.6995 29.5503 12
      vertex 25 28.3013 12
    endloop
  endfacet
  facet normal -0 0 1
    outer loop
      vertex 22.5686 32.6913 12
      vertex 22.6995 29.5503 12
      vertex 22.9289 33.0711 12
    endloop
  endfacet
  facet normal -0 0 1
    outer loop
      vertex 22.2285 32.2932 12
      vertex 22.6995 29.5503 12
      vertex 22.5686 32.6913 12
    endloop
  endfacet
  facet normal -0 0 1
    outer loop
      vertex 21.9098 31.8779 12
      vertex 22.6995 29.5503 12
      vertex 22.2285 32.2932 12
    endloop
  endfacet
  facet normal -0 0 1
    outer loop
      vertex 21.6133 31.4464 12
      vertex 22.6995 29.5503 12
      vertex 21.9098 31.8779 12
    endloop
  endfacet
  facet normal -0 0 1
    outer loop
      vertex 21.3397 31 12
      vertex 22.6995 29.5503 12
      vertex 21.6133 31.4464 12
    endloop
  endfacet
  facet normal -0 0 1
    outer loop
      vertex 21.0899 30.5399 12
      vertex 22.6995 29.5503 12
      vertex 21.3397 31 12
    endloop
  endfacet
  facet normal 0 0 1
    outer loop
      vertex 22.6995 29.5503 12
      vertex 21.0899 30.5399 12
      vertex 21.0037 30.3592 12
    endloop
  endfacet
  facet normal 0.793326 -0.608796 0
    outer loop
      vertex 21.9098 31.8779 20
      vertex 22.2285 32.2932 12
      vertex 22.2285 32.2932 20
    endloop
  endfacet
  facet normal 0.793326 -0.608796 0
    outer loop
      vertex 22.2285 32.2932 12
      vertex 21.9098 31.8779 20
      vertex 21.9098 31.8779 12
    endloop
  endfacet
  facet normal 0.902565 -0.430554 0
    outer loop
      vertex 21.0037 30.3592 20
      vertex 21.0899 30.5399 12
      vertex 21.0899 30.5399 20
    endloop
  endfacet
  facet normal 0.902565 -0.430554 0
    outer loop
      vertex 21.0899 30.5399 12
      vertex 21.0037 30.3592 20
      vertex 21.0037 30.3592 12
    endloop
  endfacet
  facet normal 0.130474 -0.991452 0
    outer loop
      vertex 28.4357 35.8769 12
      vertex 28.9547 35.9452 20
      vertex 28.4357 35.8769 20
    endloop
  endfacet
  facet normal 0.130474 -0.991452 0
    outer loop
      vertex 28.9547 35.9452 20
      vertex 28.4357 35.8769 12
      vertex 28.9547 35.9452 12
    endloop
  endfacet
  facet normal 0.333879 -0.942616 0
    outer loop
      vertex 26.4163 35.3358 12
      vertex 26.9098 35.5106 20
      vertex 26.4163 35.3358 20
    endloop
  endfacet
  facet normal 0.333879 -0.942616 0
    outer loop
      vertex 26.9098 35.5106 20
      vertex 26.4163 35.3358 12
      vertex 26.9098 35.5106 12
    endloop
  endfacet
  facet normal 0.522562 -0.852601 0
    outer loop
      vertex 24.5536 34.3867 12
      vertex 25 34.6603 20
      vertex 24.5536 34.3867 20
    endloop
  endfacet
  facet normal 0.522562 -0.852601 0
    outer loop
      vertex 25 34.6603 20
      vertex 24.5536 34.3867 12
      vertex 25 34.6603 12
    endloop
  endfacet
  facet normal 0.566326 -0.824181 0
    outer loop
      vertex 24.1221 34.0902 12
      vertex 24.5536 34.3867 20
      vertex 24.1221 34.0902 20
    endloop
  endfacet
  facet normal 0.566326 -0.824181 0
    outer loop
      vertex 24.5536 34.3867 20
      vertex 24.1221 34.0902 12
      vertex 24.5536 34.3867 12
    endloop
  endfacet
  facet normal -0.999658 -0.026166 0
    outer loop
      vertex 40 26 12
      vertex 39.9863 26.5234 20
      vertex 39.9863 26.5234 12
    endloop
  endfacet
  facet normal -0.999658 -0.026166 0
    outer loop
      vertex 39.9863 26.5234 20
      vertex 40 26 12
      vertex 40 26 20
    endloop
  endfacet
  facet normal -0.942616 -0.333879 0
    outer loop
      vertex 39.5106 29.0902 12
      vertex 39.3358 29.5837 20
      vertex 39.3358 29.5837 12
    endloop
  endfacet
  facet normal -0.942616 -0.333879 0
    outer loop
      vertex 39.3358 29.5837 20
      vertex 39.5106 29.0902 12
      vertex 39.5106 29.0902 20
    endloop
  endfacet
  facet normal -0.902564 -0.430556 0
    outer loop
      vertex 39.1355 30.0674 12
      vertex 38.9101 30.5399 20
      vertex 38.9101 30.5399 12
    endloop
  endfacet
  facet normal -0.902564 -0.430556 0
    outer loop
      vertex 38.9101 30.5399 20
      vertex 39.1355 30.0674 12
      vertex 39.1355 30.0674 20
    endloop
  endfacet
  facet normal -0.923917 -0.382594 0
    outer loop
      vertex 39.3358 29.5837 12
      vertex 39.1355 30.0674 20
      vertex 39.1355 30.0674 12
    endloop
  endfacet
  facet normal -0.923917 -0.382594 0
    outer loop
      vertex 39.1355 30.0674 20
      vertex 39.3358 29.5837 12
      vertex 39.3358 29.5837 20
    endloop
  endfacet
  facet normal -0.852601 -0.522562 0
    outer loop
      vertex 38.6603 31 12
      vertex 38.3867 31.4464 20
      vertex 38.3867 31.4464 12
    endloop
  endfacet
  facet normal -0.852601 -0.522562 0
    outer loop
      vertex 38.3867 31.4464 20
      vertex 38.6603 31 12
      vertex 38.6603 31 20
    endloop
  endfacet
  facet normal -0.824181 -0.566326 0
    outer loop
      vertex 38.3867 31.4464 12
      vertex 38.0902 31.8779 20
      vertex 38.0902 31.8779 12
    endloop
  endfacet
  facet normal -0.824181 -0.566326 0
    outer loop
      vertex 38.0902 31.8779 20
      vertex 38.3867 31.4464 12
      vertex 38.3867 31.4464 20
    endloop
  endfacet
  facet normal -0.760321 -0.649548 0
    outer loop
      vertex 37.7715 32.2932 12
      vertex 37.4314 32.6913 20
      vertex 37.4314 32.6913 12
    endloop
  endfacet
  facet normal -0.760321 -0.649548 0
    outer loop
      vertex 37.4314 32.6913 20
      vertex 37.7715 32.2932 12
      vertex 37.7715 32.2932 20
    endloop
  endfacet
  facet normal -0.688237 -0.725486 0
    outer loop
      vertex 36.6913 33.4314 12
      vertex 37.0711 33.0711 20
      vertex 36.6913 33.4314 20
    endloop
  endfacet
  facet normal -0.688237 -0.725486 -0
    outer loop
      vertex 37.0711 33.0711 20
      vertex 36.6913 33.4314 12
      vertex 37.0711 33.0711 12
    endloop
  endfacet
  facet normal -0.725486 -0.688237 0
    outer loop
      vertex 37.4314 32.6913 12
      vertex 37.0711 33.0711 20
      vertex 37.0711 33.0711 12
    endloop
  endfacet
  facet normal -0.725486 -0.688237 0
    outer loop
      vertex 37.0711 33.0711 20
      vertex 37.4314 32.6913 12
      vertex 37.4314 32.6913 20
    endloop
  endfacet
  facet normal -0.649548 -0.760321 0
    outer loop
      vertex 36.2932 33.7715 12
      vertex 36.6913 33.4314 20
      vertex 36.2932 33.7715 20
    endloop
  endfacet
  facet normal -0.649548 -0.760321 -0
    outer loop
      vertex 36.6913 33.4314 20
      vertex 36.2932 33.7715 12
      vertex 36.6913 33.4314 12
    endloop
  endfacet
  facet normal -0.522562 -0.852601 0
    outer loop
      vertex 35 34.6603 12
      vertex 35.4464 34.3867 20
      vertex 35 34.6603 20
    endloop
  endfacet
  facet normal -0.522562 -0.852601 -0
    outer loop
      vertex 35.4464 34.3867 20
      vertex 35 34.6603 12
      vertex 35.4464 34.3867 12
    endloop
  endfacet
  facet normal -0.608796 -0.793326 0
    outer loop
      vertex 35.8779 34.0902 12
      vertex 36.2932 33.7715 20
      vertex 35.8779 34.0902 20
    endloop
  endfacet
  facet normal -0.608796 -0.793326 -0
    outer loop
      vertex 36.2932 33.7715 20
      vertex 35.8779 34.0902 12
      vertex 36.2932 33.7715 12
    endloop
  endfacet
  facet normal -0.430556 -0.902564 0
    outer loop
      vertex 34.0674 35.1355 12
      vertex 34.5399 34.9101 20
      vertex 34.0674 35.1355 20
    endloop
  endfacet
  facet normal -0.430556 -0.902564 -0
    outer loop
      vertex 34.5399 34.9101 20
      vertex 34.0674 35.1355 12
      vertex 34.5399 34.9101 12
    endloop
  endfacet
  facet normal -0.333879 -0.942616 0
    outer loop
      vertex 33.0902 35.5106 12
      vertex 33.5837 35.3358 20
      vertex 33.0902 35.5106 20
    endloop
  endfacet
  facet normal -0.333879 -0.942616 -0
    outer loop
      vertex 33.5837 35.3358 20
      vertex 33.0902 35.5106 12
      vertex 33.5837 35.3358 12
    endloop
  endfacet
  facet normal -0.382594 -0.923917 0
    outer loop
      vertex 33.5837 35.3358 12
      vertex 34.0674 35.1355 20
      vertex 33.5837 35.3358 20
    endloop
  endfacet
  facet normal -0.382594 -0.923917 -0
    outer loop
      vertex 34.0674 35.1355 20
      vertex 33.5837 35.3358 12
      vertex 34.0674 35.1355 12
    endloop
  endfacet
  facet normal -0.284017 -0.958819 0
    outer loop
      vertex 32.5882 35.6593 12
      vertex 33.0902 35.5106 20
      vertex 32.5882 35.6593 20
    endloop
  endfacet
  facet normal -0.284017 -0.958819 -0
    outer loop
      vertex 33.0902 35.5106 20
      vertex 32.5882 35.6593 12
      vertex 33.0902 35.5106 12
    endloop
  endfacet
  facet normal -0.233402 -0.97238 0
    outer loop
      vertex 32.0791 35.7815 12
      vertex 32.5882 35.6593 20
      vertex 32.0791 35.7815 20
    endloop
  endfacet
  facet normal -0.233402 -0.97238 -0
    outer loop
      vertex 32.5882 35.6593 20
      vertex 32.0791 35.7815 12
      vertex 32.5882 35.6593 12
    endloop
  endfacet
  facet normal -0.182212 -0.983259 0
    outer loop
      vertex 31.5643 35.8769 12
      vertex 32.0791 35.7815 20
      vertex 31.5643 35.8769 20
    endloop
  endfacet
  facet normal -0.182212 -0.983259 -0
    outer loop
      vertex 32.0791 35.7815 20
      vertex 31.5643 35.8769 12
      vertex 32.0791 35.7815 12
    endloop
  endfacet
  facet normal -0.0785077 -0.996914 0
    outer loop
      vertex 30.5234 35.9863 12
      vertex 31.0453 35.9452 20
      vertex 30.5234 35.9863 20
    endloop
  endfacet
  facet normal -0.0785077 -0.996914 -0
    outer loop
      vertex 31.0453 35.9452 20
      vertex 30.5234 35.9863 12
      vertex 31.0453 35.9452 12
    endloop
  endfacet
  facet normal 0.878828 -0.477138 0
    outer loop
      vertex 21.0899 30.5399 20
      vertex 21.3397 31 12
      vertex 21.3397 31 20
    endloop
  endfacet
  facet normal 0.878828 -0.477138 0
    outer loop
      vertex 21.3397 31 12
      vertex 21.0899 30.5399 20
      vertex 21.0899 30.5399 12
    endloop
  endfacet
  facet normal 0.824181 -0.566326 0
    outer loop
      vertex 21.6133 31.4464 20
      vertex 21.9098 31.8779 12
      vertex 21.9098 31.8779 20
    endloop
  endfacet
  facet normal 0.824181 -0.566326 0
    outer loop
      vertex 21.9098 31.8779 12
      vertex 21.6133 31.4464 20
      vertex 21.6133 31.4464 12
    endloop
  endfacet
  facet normal 0.760321 -0.649548 0
    outer loop
      vertex 22.2285 32.2932 20
      vertex 22.5686 32.6913 12
      vertex 22.5686 32.6913 20
    endloop
  endfacet
  facet normal 0.760321 -0.649548 0
    outer loop
      vertex 22.5686 32.6913 12
      vertex 22.2285 32.2932 20
      vertex 22.2285 32.2932 12
    endloop
  endfacet
  facet normal 0.852601 -0.522562 0
    outer loop
      vertex 21.3397 31 20
      vertex 21.6133 31.4464 12
      vertex 21.6133 31.4464 20
    endloop
  endfacet
  facet normal 0.852601 -0.522562 0
    outer loop
      vertex 21.6133 31.4464 12
      vertex 21.3397 31 20
      vertex 21.3397 31 12
    endloop
  endfacet
  facet normal 0.430556 -0.902564 0
    outer loop
      vertex 25.4601 34.9101 12
      vertex 25.9326 35.1355 20
      vertex 25.4601 34.9101 20
    endloop
  endfacet
  facet normal 0.430556 -0.902564 0
    outer loop
      vertex 25.9326 35.1355 20
      vertex 25.4601 34.9101 12
      vertex 25.9326 35.1355 12
    endloop
  endfacet
  facet normal 0.284017 -0.958819 0
    outer loop
      vertex 26.9098 35.5106 12
      vertex 27.4118 35.6593 20
      vertex 26.9098 35.5106 20
    endloop
  endfacet
  facet normal 0.284017 -0.958819 0
    outer loop
      vertex 27.4118 35.6593 20
      vertex 26.9098 35.5106 12
      vertex 27.4118 35.6593 12
    endloop
  endfacet
  facet normal 0.182212 -0.983259 0
    outer loop
      vertex 27.9209 35.7815 12
      vertex 28.4357 35.8769 20
      vertex 27.9209 35.7815 20
    endloop
  endfacet
  facet normal 0.182212 -0.983259 0
    outer loop
      vertex 28.4357 35.8769 20
      vertex 27.9209 35.7815 12
      vertex 28.4357 35.8769 12
    endloop
  endfacet
  facet normal 0.0785077 -0.996914 0
    outer loop
      vertex 28.9547 35.9452 12
      vertex 29.4766 35.9863 20
      vertex 28.9547 35.9452 20
    endloop
  endfacet
  facet normal 0.0785077 -0.996914 0
    outer loop
      vertex 29.4766 35.9863 20
      vertex 28.9547 35.9452 12
      vertex 29.4766 35.9863 12
    endloop
  endfacet
  facet normal 0.233402 -0.97238 0
    outer loop
      vertex 27.4118 35.6593 12
      vertex 27.9209 35.7815 20
      vertex 27.4118 35.6593 20
    endloop
  endfacet
  facet normal 0.233402 -0.97238 0
    outer loop
      vertex 27.9209 35.7815 20
      vertex 27.4118 35.6593 12
      vertex 27.9209 35.7815 12
    endloop
  endfacet
  facet normal 0.477138 -0.878828 0
    outer loop
      vertex 25 34.6603 12
      vertex 25.4601 34.9101 20
      vertex 25 34.6603 20
    endloop
  endfacet
  facet normal 0.477138 -0.878828 0
    outer loop
      vertex 25.4601 34.9101 20
      vertex 25 34.6603 12
      vertex 25.4601 34.9101 12
    endloop
  endfacet
  facet normal 0.649548 -0.760321 0
    outer loop
      vertex 23.3087 33.4314 12
      vertex 23.7068 33.7715 20
      vertex 23.3087 33.4314 20
    endloop
  endfacet
  facet normal 0.649548 -0.760321 0
    outer loop
      vertex 23.7068 33.7715 20
      vertex 23.3087 33.4314 12
      vertex 23.7068 33.7715 12
    endloop
  endfacet
  facet normal 0.725486 -0.688237 0
    outer loop
      vertex 22.5686 32.6913 20
      vertex 22.9289 33.0711 12
      vertex 22.9289 33.0711 20
    endloop
  endfacet
  facet normal 0.725486 -0.688237 0
    outer loop
      vertex 22.9289 33.0711 12
      vertex 22.5686 32.6913 20
      vertex 22.5686 32.6913 12
    endloop
  endfacet
  facet normal 0.688237 -0.725486 0
    outer loop
      vertex 22.9289 33.0711 12
      vertex 23.3087 33.4314 20
      vertex 22.9289 33.0711 20
    endloop
  endfacet
  facet normal 0.688237 -0.725486 0
    outer loop
      vertex 23.3087 33.4314 20
      vertex 22.9289 33.0711 12
      vertex 23.3087 33.4314 12
    endloop
  endfacet
  facet normal -0.996914 0.0785077 0
    outer loop
      vertex 39.9452 24.9547 12
      vertex 39.9863 25.4766 20
      vertex 39.9863 25.4766 12
    endloop
  endfacet
  facet normal -0.996914 0.0785077 0
    outer loop
      vertex 39.9863 25.4766 20
      vertex 39.9452 24.9547 12
      vertex 39.9452 24.9547 20
    endloop
  endfacet
  facet normal -0.983259 0.182212 0
    outer loop
      vertex 39.7815 23.9209 12
      vertex 39.8769 24.4357 20
      vertex 39.8769 24.4357 12
    endloop
  endfacet
  facet normal -0.983259 0.182212 0
    outer loop
      vertex 39.8769 24.4357 20
      vertex 39.7815 23.9209 12
      vertex 39.7815 23.9209 20
    endloop
  endfacet
  facet normal -0.999658 0.026166 0
    outer loop
      vertex 39.9863 25.4766 12
      vertex 40 26 20
      vertex 40 26 12
    endloop
  endfacet
  facet normal -0.999658 0.026166 0
    outer loop
      vertex 40 26 20
      vertex 39.9863 25.4766 12
      vertex 39.9863 25.4766 20
    endloop
  endfacet
  facet normal -0.942616 0.333879 0
    outer loop
      vertex 39.3358 22.4163 12
      vertex 39.5106 22.9098 20
      vertex 39.5106 22.9098 12
    endloop
  endfacet
  facet normal -0.942616 0.333879 0
    outer loop
      vertex 39.5106 22.9098 20
      vertex 39.3358 22.4163 12
      vertex 39.3358 22.4163 20
    endloop
  endfacet
  facet normal -0.824181 0.566326 0
    outer loop
      vertex 38.0902 20.1221 12
      vertex 38.3867 20.5536 20
      vertex 38.3867 20.5536 12
    endloop
  endfacet
  facet normal -0.824181 0.566326 0
    outer loop
      vertex 38.3867 20.5536 20
      vertex 38.0902 20.1221 12
      vertex 38.0902 20.1221 20
    endloop
  endfacet
  facet normal -0.97238 -0.233402 0
    outer loop
      vertex 39.7815 28.0791 12
      vertex 39.6593 28.5882 20
      vertex 39.6593 28.5882 12
    endloop
  endfacet
  facet normal -0.97238 -0.233402 0
    outer loop
      vertex 39.6593 28.5882 20
      vertex 39.7815 28.0791 12
      vertex 39.7815 28.0791 20
    endloop
  endfacet
  facet normal -0.983259 -0.182212 0
    outer loop
      vertex 39.8769 27.5643 12
      vertex 39.7815 28.0791 20
      vertex 39.7815 28.0791 12
    endloop
  endfacet
  facet normal -0.983259 -0.182212 0
    outer loop
      vertex 39.7815 28.0791 20
      vertex 39.8769 27.5643 12
      vertex 39.8769 27.5643 20
    endloop
  endfacet
  facet normal -0.991452 -0.130474 0
    outer loop
      vertex 39.9452 27.0453 12
      vertex 39.8769 27.5643 20
      vertex 39.8769 27.5643 12
    endloop
  endfacet
  facet normal -0.991452 -0.130474 0
    outer loop
      vertex 39.8769 27.5643 20
      vertex 39.9452 27.0453 12
      vertex 39.9452 27.0453 20
    endloop
  endfacet
  facet normal -0.97238 0.233402 0
    outer loop
      vertex 39.6593 23.4118 12
      vertex 39.7815 23.9209 20
      vertex 39.7815 23.9209 12
    endloop
  endfacet
  facet normal -0.97238 0.233402 0
    outer loop
      vertex 39.7815 23.9209 20
      vertex 39.6593 23.4118 12
      vertex 39.6593 23.4118 20
    endloop
  endfacet
  facet normal -0.902564 0.430556 0
    outer loop
      vertex 38.9101 21.4601 12
      vertex 39.1355 21.9326 20
      vertex 39.1355 21.9326 12
    endloop
  endfacet
  facet normal -0.902564 0.430556 0
    outer loop
      vertex 39.1355 21.9326 20
      vertex 38.9101 21.4601 12
      vertex 38.9101 21.4601 20
    endloop
  endfacet
  facet normal -0.725486 0.688237 0
    outer loop
      vertex 37.0711 18.9289 12
      vertex 37.4314 19.3087 20
      vertex 37.4314 19.3087 12
    endloop
  endfacet
  facet normal -0.725486 0.688237 0
    outer loop
      vertex 37.4314 19.3087 20
      vertex 37.0711 18.9289 12
      vertex 37.0711 18.9289 20
    endloop
  endfacet
  facet normal -0.996914 -0.0785077 0
    outer loop
      vertex 39.9863 26.5234 12
      vertex 39.9452 27.0453 20
      vertex 39.9452 27.0453 12
    endloop
  endfacet
  facet normal -0.996914 -0.0785077 0
    outer loop
      vertex 39.9452 27.0453 20
      vertex 39.9863 26.5234 12
      vertex 39.9863 26.5234 20
    endloop
  endfacet
  facet normal -0.991452 0.130474 0
    outer loop
      vertex 39.8769 24.4357 12
      vertex 39.9452 24.9547 20
      vertex 39.9452 24.9547 12
    endloop
  endfacet
  facet normal -0.991452 0.130474 0
    outer loop
      vertex 39.9452 24.9547 20
      vertex 39.8769 24.4357 12
      vertex 39.8769 24.4357 20
    endloop
  endfacet
  facet normal -0.923917 0.382594 0
    outer loop
      vertex 39.1355 21.9326 12
      vertex 39.3358 22.4163 20
      vertex 39.3358 22.4163 12
    endloop
  endfacet
  facet normal -0.923917 0.382594 0
    outer loop
      vertex 39.3358 22.4163 20
      vertex 39.1355 21.9326 12
      vertex 39.1355 21.9326 20
    endloop
  endfacet
  facet normal -0.793326 0.608796 0
    outer loop
      vertex 37.7715 19.7068 12
      vertex 38.0902 20.1221 20
      vertex 38.0902 20.1221 12
    endloop
  endfacet
  facet normal -0.793326 0.608796 0
    outer loop
      vertex 38.0902 20.1221 20
      vertex 37.7715 19.7068 12
      vertex 37.7715 19.7068 20
    endloop
  endfacet
  facet normal -0.852601 0.522562 0
    outer loop
      vertex 38.3867 20.5536 12
      vertex 38.6603 21 20
      vertex 38.6603 21 12
    endloop
  endfacet
  facet normal -0.852601 0.522562 0
    outer loop
      vertex 38.6603 21 20
      vertex 38.3867 20.5536 12
      vertex 38.3867 20.5536 20
    endloop
  endfacet
  facet normal -0.878828 0.477138 0
    outer loop
      vertex 38.6603 21 12
      vertex 38.9101 21.4601 20
      vertex 38.9101 21.4601 12
    endloop
  endfacet
  facet normal -0.878828 0.477138 0
    outer loop
      vertex 38.9101 21.4601 20
      vertex 38.6603 21 12
      vertex 38.6603 21 20
    endloop
  endfacet
endsolid OpenSCAD_Model
