solid OpenSCAD_Model
  facet normal -0.995561 -0.0941211 0
    outer loop
      vertex 0.000393867 0.0437326 0
      vertex 9.82285e-05 0.0468597 0.171797
      vertex 9.82285e-05 0.0468597 0
    endloop
  endfacet
  facet normal -0.995561 -0.0941211 0
    outer loop
      vertex 9.82285e-05 0.0468597 0.171797
      vertex 0.000393867 0.0437326 0
      vertex 0.000393867 0.0437326 0.171797
    endloop
  endfacet
  facet normal -0.987699 -0.156368 0
    outer loop
      vertex 0.00088501 0.0406303 0
      vertex 0.000393867 0.0437326 0.171797
      vertex 0.000393867 0.0437326 0
    endloop
  endfacet
  facet normal -0.987699 -0.156368 0
    outer loop
      vertex 0.000393867 0.0437326 0.171797
      vertex 0.00088501 0.0406303 0
      vertex 0.00088501 0.0406303 0.171797
    endloop
  endfacet
  facet normal -0.999511 -0.0312726 0
    outer loop
      vertex 9.82285e-05 0.0468597 0
      vertex 0 0.0499992 0.171797
      vertex 0 0.0499992 0
    endloop
  endfacet
  facet normal -0.999511 -0.0312726 0
    outer loop
      vertex 0 0.0499992 0.171797
      vertex 9.82285e-05 0.0468597 0
      vertex 9.82285e-05 0.0468597 0.171797
    endloop
  endfacet
  facet normal 0 -1 0
    outer loop
      vertex 0.0499992 0 0
      vertex 0.690822 0 0.171797
      vertex 0.0499992 0 0.171797
    endloop
  endfacet
  facet normal 0 -1 -0
    outer loop
      vertex 0.690822 0 0.171797
      vertex 0.0499992 0 0
      vertex 0.690822 0 0
    endloop
  endfacet
  facet normal -0 0 1
    outer loop
      vertex 0.172904 0.520381 0.171797
      vertex 0.405535 0.442328 0.171797
      vertex 0.179079 0.532499 0.171797
    endloop
  endfacet
  facet normal 0 0 1
    outer loop
      vertex 0.4042 0.4282 0.171797
      vertex 0.201983 0.290197 0.171797
      vertex 0.210977 0.279995 0.171797
    endloop
  endfacet
  facet normal -0 0 1
    outer loop
      vertex 0.167503 0.507898 0.171797
      vertex 0.405535 0.442328 0.171797
      vertex 0.172904 0.520381 0.171797
    endloop
  endfacet
  facet normal 0 0 1
    outer loop
      vertex 0.4042 0.4282 0.171797
      vertex 0.193647 0.300944 0.171797
      vertex 0.201983 0.290197 0.171797
    endloop
  endfacet
  facet normal 0 0 1
    outer loop
      vertex 0.405535 0.442328 0.171797
      vertex 0.167503 0.507898 0.171797
      vertex 0.404794 0.43765 0.171797
    endloop
  endfacet
  facet normal 0 0 1
    outer loop
      vertex 0.4042 0.4282 0.171797
      vertex 0.186003 0.312193 0.171797
      vertex 0.193647 0.300944 0.171797
    endloop
  endfacet
  facet normal -0 0 1
    outer loop
      vertex 0.162896 0.495102 0.171797
      vertex 0.404794 0.43765 0.171797
      vertex 0.167503 0.507898 0.171797
    endloop
  endfacet
  facet normal 0 0 1
    outer loop
      vertex 0.4042 0.4282 0.171797
      vertex 0.179079 0.3239 0.171797
      vertex 0.186003 0.312193 0.171797
    endloop
  endfacet
  facet normal -0 0 1
    outer loop
      vertex 0.159101 0.482041 0.171797
      vertex 0.404794 0.43765 0.171797
      vertex 0.162896 0.495102 0.171797
    endloop
  endfacet
  facet normal 0 0 1
    outer loop
      vertex 0.4042 0.4282 0.171797
      vertex 0.172904 0.336019 0.171797
      vertex 0.179079 0.3239 0.171797
    endloop
  endfacet
  facet normal 0 0 1
    outer loop
      vertex 0.404794 0.43765 0.171797
      vertex 0.159101 0.482041 0.171797
      vertex 0.404348 0.432934 0.171797
    endloop
  endfacet
  facet normal 0 0 1
    outer loop
      vertex 0.4042 0.4282 0.171797
      vertex 0.167503 0.3485 0.171797
      vertex 0.172904 0.336019 0.171797
    endloop
  endfacet
  facet normal -0 0 1
    outer loop
      vertex 0.156135 0.468767 0.171797
      vertex 0.404348 0.432934 0.171797
      vertex 0.159101 0.482041 0.171797
    endloop
  endfacet
  facet normal 0 0 1
    outer loop
      vertex 0.4042 0.4282 0.171797
      vertex 0.162896 0.361298 0.171797
      vertex 0.167503 0.3485 0.171797
    endloop
  endfacet
  facet normal -0 0 1
    outer loop
      vertex 0.154007 0.455334 0.171797
      vertex 0.404348 0.432934 0.171797
      vertex 0.156135 0.468767 0.171797
    endloop
  endfacet
  facet normal 0 0 1
    outer loop
      vertex 0.4042 0.4282 0.171797
      vertex 0.159101 0.374358 0.171797
      vertex 0.162896 0.361298 0.171797
    endloop
  endfacet
  facet normal -0 0 1
    outer loop
      vertex 0.152727 0.441793 0.171797
      vertex 0.404348 0.432934 0.171797
      vertex 0.154007 0.455334 0.171797
    endloop
  endfacet
  facet normal 0 0 1
    outer loop
      vertex 0.4042 0.4282 0.171797
      vertex 0.156135 0.387631 0.171797
      vertex 0.159101 0.374358 0.171797
    endloop
  endfacet
  facet normal 0 0 1
    outer loop
      vertex 0.404348 0.432934 0.171797
      vertex 0.152727 0.441793 0.171797
      vertex 0.4042 0.4282 0.171797
    endloop
  endfacet
  facet normal 0 0 1
    outer loop
      vertex 0.4042 0.4282 0.171797
      vertex 0.154007 0.401065 0.171797
      vertex 0.156135 0.387631 0.171797
    endloop
  endfacet
  facet normal 0 0 1
    outer loop
      vertex 0.1523 0.4282 0.171797
      vertex 0.4042 0.4282 0.171797
      vertex 0.152727 0.441793 0.171797
    endloop
  endfacet
  facet normal 0 0 1
    outer loop
      vertex 0.4042 0.4282 0.171797
      vertex 0.152727 0.414605 0.171797
      vertex 0.154007 0.401065 0.171797
    endloop
  endfacet
  facet normal 0 0 1
    outer loop
      vertex 0.4042 0.4282 0.171797
      vertex 0.1523 0.4282 0.171797
      vertex 0.152727 0.414605 0.171797
    endloop
  endfacet
  facet normal 0 0 1
    outer loop
      vertex 0.368768 0.644773 0.171797
      vertex 0.367849 0.644773 0.171797
      vertex 0.368768 0.644698 0.171797
    endloop
  endfacet
  facet normal 0 0 1
    outer loop
      vertex 0.690822 0.672841 0.171797
      vertex 0.740822 0.622842 0.171797
      vertex 0.740723 0.625981 0.171797
    endloop
  endfacet
  facet normal 0 0 1
    outer loop
      vertex 0.740822 0.622842 0.171797
      vertex 0.55263 0.409449 0.171797
      vertex 0.740822 0.0499992 0.171797
    endloop
  endfacet
  facet normal 0 0 1
    outer loop
      vertex 0.690822 0.672841 0.171797
      vertex 0.740723 0.625981 0.171797
      vertex 0.740427 0.629108 0.171797
    endloop
  endfacet
  facet normal -0 0 1
    outer loop
      vertex 0.55131 0.4049 0.171797
      vertex 0.740822 0.0499992 0.171797
      vertex 0.55263 0.409449 0.171797
    endloop
  endfacet
  facet normal 0 0 1
    outer loop
      vertex 0.690822 0.672841 0.171797
      vertex 0.740427 0.629108 0.171797
      vertex 0.739936 0.632211 0.171797
    endloop
  endfacet
  facet normal -0 0 1
    outer loop
      vertex 0.549705 0.400443 0.171797
      vertex 0.740822 0.0499992 0.171797
      vertex 0.55131 0.4049 0.171797
    endloop
  endfacet
  facet normal 0 0 1
    outer loop
      vertex 0.690822 0.672841 0.171797
      vertex 0.739936 0.632211 0.171797
      vertex 0.739251 0.635276 0.171797
    endloop
  endfacet
  facet normal -0 0 1
    outer loop
      vertex 0.547824 0.396096 0.171797
      vertex 0.740822 0.0499992 0.171797
      vertex 0.549705 0.400443 0.171797
    endloop
  endfacet
  facet normal 0 0 1
    outer loop
      vertex 0.690822 0.672841 0.171797
      vertex 0.739251 0.635276 0.171797
      vertex 0.738375 0.638292 0.171797
    endloop
  endfacet
  facet normal 0 0 1
    outer loop
      vertex 0.740822 0.622842 0.171797
      vertex 0.553664 0.414071 0.171797
      vertex 0.55263 0.409449 0.171797
    endloop
  endfacet
  facet normal 0 0 1
    outer loop
      vertex 0.690822 0.672841 0.171797
      vertex 0.738375 0.638292 0.171797
      vertex 0.73731 0.641248 0.171797
    endloop
  endfacet
  facet normal -0 0 1
    outer loop
      vertex 0.545673 0.391875 0.171797
      vertex 0.740822 0.0499992 0.171797
      vertex 0.547824 0.396096 0.171797
    endloop
  endfacet
  facet normal 0 0 1
    outer loop
      vertex 0.690822 0.672841 0.171797
      vertex 0.73731 0.641248 0.171797
      vertex 0.736063 0.644131 0.171797
    endloop
  endfacet
  facet normal -0 0 1
    outer loop
      vertex 0.543262 0.387798 0.171797
      vertex 0.740822 0.0499992 0.171797
      vertex 0.545673 0.391875 0.171797
    endloop
  endfacet
  facet normal 0 0 1
    outer loop
      vertex 0.690822 0.672841 0.171797
      vertex 0.736063 0.644131 0.171797
      vertex 0.734637 0.646929 0.171797
    endloop
  endfacet
  facet normal -0 0 1
    outer loop
      vertex 0.5406 0.383881 0.171797
      vertex 0.740822 0.0499992 0.171797
      vertex 0.543262 0.387798 0.171797
    endloop
  endfacet
  facet normal 0 0 1
    outer loop
      vertex 0.690822 0.672841 0.171797
      vertex 0.734637 0.646929 0.171797
      vertex 0.733038 0.649632 0.171797
    endloop
  endfacet
  facet normal -0 0 1
    outer loop
      vertex 0.537696 0.380137 0.171797
      vertex 0.740822 0.0499992 0.171797
      vertex 0.5406 0.383881 0.171797
    endloop
  endfacet
  facet normal 0 0 1
    outer loop
      vertex 0.690822 0.672841 0.171797
      vertex 0.733038 0.649632 0.171797
      vertex 0.731273 0.652231 0.171797
    endloop
  endfacet
  facet normal -0 0 1
    outer loop
      vertex 0.534564 0.376585 0.171797
      vertex 0.740822 0.0499992 0.171797
      vertex 0.537696 0.380137 0.171797
    endloop
  endfacet
  facet normal 0 0 1
    outer loop
      vertex 0.690822 0.672841 0.171797
      vertex 0.731273 0.652231 0.171797
      vertex 0.729347 0.654713 0.171797
    endloop
  endfacet
  facet normal -0 0 1
    outer loop
      vertex 0.531215 0.373236 0.171797
      vertex 0.740822 0.0499992 0.171797
      vertex 0.534564 0.376585 0.171797
    endloop
  endfacet
  facet normal 0 0 1
    outer loop
      vertex 0.690822 0.672841 0.171797
      vertex 0.729347 0.654713 0.171797
      vertex 0.72727 0.657069 0.171797
    endloop
  endfacet
  facet normal -0 0 1
    outer loop
      vertex 0.527661 0.370103 0.171797
      vertex 0.740822 0.0499992 0.171797
      vertex 0.531215 0.373236 0.171797
    endloop
  endfacet
  facet normal 0 0 1
    outer loop
      vertex 0.690822 0.672841 0.171797
      vertex 0.72727 0.657069 0.171797
      vertex 0.725049 0.65929 0.171797
    endloop
  endfacet
  facet normal -0 0 1
    outer loop
      vertex 0.523918 0.3672 0.171797
      vertex 0.740822 0.0499992 0.171797
      vertex 0.527661 0.370103 0.171797
    endloop
  endfacet
  facet normal 0 0 1
    outer loop
      vertex 0.690822 0.672841 0.171797
      vertex 0.725049 0.65929 0.171797
      vertex 0.722692 0.661367 0.171797
    endloop
  endfacet
  facet normal -0 0 1
    outer loop
      vertex 0.52 0.364537 0.171797
      vertex 0.740822 0.0499992 0.171797
      vertex 0.523918 0.3672 0.171797
    endloop
  endfacet
  facet normal 0 0 1
    outer loop
      vertex 0.690822 0.672841 0.171797
      vertex 0.722692 0.661367 0.171797
      vertex 0.720211 0.663292 0.171797
    endloop
  endfacet
  facet normal -0 0 1
    outer loop
      vertex 0.515924 0.362126 0.171797
      vertex 0.740822 0.0499992 0.171797
      vertex 0.52 0.364537 0.171797
    endloop
  endfacet
  facet normal 0 0 1
    outer loop
      vertex 0.690822 0.672841 0.171797
      vertex 0.720211 0.663292 0.171797
      vertex 0.717613 0.665058 0.171797
    endloop
  endfacet
  facet normal -0 0 1
    outer loop
      vertex 0.511703 0.359976 0.171797
      vertex 0.740822 0.0499992 0.171797
      vertex 0.515924 0.362126 0.171797
    endloop
  endfacet
  facet normal 0 0 1
    outer loop
      vertex 0.690822 0.672841 0.171797
      vertex 0.717613 0.665058 0.171797
      vertex 0.71491 0.666656 0.171797
    endloop
  endfacet
  facet normal -0 0 1
    outer loop
      vertex 0.507356 0.358094 0.171797
      vertex 0.740822 0.0499992 0.171797
      vertex 0.511703 0.359976 0.171797
    endloop
  endfacet
  facet normal 0 0 1
    outer loop
      vertex 0.690822 0.672841 0.171797
      vertex 0.71491 0.666656 0.171797
      vertex 0.712111 0.668083 0.171797
    endloop
  endfacet
  facet normal 0 -0 1
    outer loop
      vertex 0.690822 0 0.171797
      vertex 0.740822 0.0499992 0.171797
      vertex 0.507356 0.358094 0.171797
    endloop
  endfacet
  facet normal 0 0 1
    outer loop
      vertex 0.690822 0.672841 0.171797
      vertex 0.712111 0.668083 0.171797
      vertex 0.709228 0.669331 0.171797
    endloop
  endfacet
  facet normal 0 0 1
    outer loop
      vertex 0.740822 0.0499992 0.171797
      vertex 0.690822 0 0.171797
      vertex 0.740723 0.0468597 0.171797
    endloop
  endfacet
  facet normal 0 0 1
    outer loop
      vertex 0.690822 0.672841 0.171797
      vertex 0.709228 0.669331 0.171797
      vertex 0.706272 0.670394 0.171797
    endloop
  endfacet
  facet normal 0 0 1
    outer loop
      vertex 0.740427 0.0437326 0.171797
      vertex 0.690822 0 0.171797
      vertex 0.739936 0.0406303 0.171797
    endloop
  endfacet
  facet normal 0 0 1
    outer loop
      vertex 0.690822 0.672841 0.171797
      vertex 0.706272 0.670394 0.171797
      vertex 0.703256 0.67127 0.171797
    endloop
  endfacet
  facet normal 0 0 1
    outer loop
      vertex 0.739936 0.0406303 0.171797
      vertex 0.690822 0 0.171797
      vertex 0.739251 0.0375652 0.171797
    endloop
  endfacet
  facet normal 0 0 1
    outer loop
      vertex 0.690822 0.672841 0.171797
      vertex 0.703256 0.67127 0.171797
      vertex 0.700191 0.671956 0.171797
    endloop
  endfacet
  facet normal 0 0 1
    outer loop
      vertex 0.739251 0.0375652 0.171797
      vertex 0.690822 0 0.171797
      vertex 0.738375 0.0345488 0.171797
    endloop
  endfacet
  facet normal 0 0 1
    outer loop
      vertex 0.690822 0.672841 0.171797
      vertex 0.700191 0.671956 0.171797
      vertex 0.697088 0.672447 0.171797
    endloop
  endfacet
  facet normal 0 0 1
    outer loop
      vertex 0.73731 0.0315933 0.171797
      vertex 0.690822 0 0.171797
      vertex 0.736063 0.0287104 0.171797
    endloop
  endfacet
  facet normal 0 0 1
    outer loop
      vertex 0.690822 0.672841 0.171797
      vertex 0.697088 0.672447 0.171797
      vertex 0.693961 0.672743 0.171797
    endloop
  endfacet
  facet normal 0 0 1
    outer loop
      vertex 0.736063 0.0287104 0.171797
      vertex 0.690822 0 0.171797
      vertex 0.734637 0.0259123 0.171797
    endloop
  endfacet
  facet normal 0 0 1
    outer loop
      vertex 0.740822 0.622842 0.171797
      vertex 0.690822 0.672841 0.171797
      vertex 0.526529 0.576496 0.171797
    endloop
  endfacet
  facet normal 0 0 1
    outer loop
      vertex 0.733038 0.0232086 0.171797
      vertex 0.690822 0 0.171797
      vertex 0.731273 0.0206099 0.171797
    endloop
  endfacet
  facet normal 0 0 1
    outer loop
      vertex 0.740822 0.622842 0.171797
      vertex 0.554999 0.4282 0.171797
      vertex 0.554851 0.423465 0.171797
    endloop
  endfacet
  facet normal 0 0 1
    outer loop
      vertex 0.740822 0.622842 0.171797
      vertex 0.554851 0.432934 0.171797
      vertex 0.554999 0.4282 0.171797
    endloop
  endfacet
  facet normal 0 0 1
    outer loop
      vertex 0.740822 0.622842 0.171797
      vertex 0.554405 0.43765 0.171797
      vertex 0.554851 0.432934 0.171797
    endloop
  endfacet
  facet normal 0 0 1
    outer loop
      vertex 0.740822 0.622842 0.171797
      vertex 0.553664 0.442328 0.171797
      vertex 0.554405 0.43765 0.171797
    endloop
  endfacet
  facet normal 0 0 1
    outer loop
      vertex 0.740822 0.622842 0.171797
      vertex 0.55263 0.446951 0.171797
      vertex 0.553664 0.442328 0.171797
    endloop
  endfacet
  facet normal 0 0 1
    outer loop
      vertex 0.740822 0.622842 0.171797
      vertex 0.55131 0.451499 0.171797
      vertex 0.55263 0.446951 0.171797
    endloop
  endfacet
  facet normal 0 0 1
    outer loop
      vertex 0.740822 0.622842 0.171797
      vertex 0.549705 0.455956 0.171797
      vertex 0.55131 0.451499 0.171797
    endloop
  endfacet
  facet normal 0 0 1
    outer loop
      vertex 0.740822 0.622842 0.171797
      vertex 0.547824 0.460303 0.171797
      vertex 0.549705 0.455956 0.171797
    endloop
  endfacet
  facet normal 0 0 1
    outer loop
      vertex 0.740822 0.622842 0.171797
      vertex 0.545673 0.464523 0.171797
      vertex 0.547824 0.460303 0.171797
    endloop
  endfacet
  facet normal 0 0 1
    outer loop
      vertex 0.740822 0.622842 0.171797
      vertex 0.543262 0.468601 0.171797
      vertex 0.545673 0.464523 0.171797
    endloop
  endfacet
  facet normal 0 0 1
    outer loop
      vertex 0.740822 0.622842 0.171797
      vertex 0.526529 0.576496 0.171797
      vertex 0.543262 0.468601 0.171797
    endloop
  endfacet
  facet normal 0 0 1
    outer loop
      vertex 0.543262 0.468601 0.171797
      vertex 0.526529 0.576496 0.171797
      vertex 0.5406 0.472519 0.171797
    endloop
  endfacet
  facet normal 0 0 1
    outer loop
      vertex 0.5406 0.472519 0.171797
      vertex 0.526529 0.576496 0.171797
      vertex 0.537696 0.476261 0.171797
    endloop
  endfacet
  facet normal 0 0 1
    outer loop
      vertex 0.537696 0.476261 0.171797
      vertex 0.526529 0.576496 0.171797
      vertex 0.534564 0.479815 0.171797
    endloop
  endfacet
  facet normal 0 0 1
    outer loop
      vertex 0.534564 0.479815 0.171797
      vertex 0.526529 0.576496 0.171797
      vertex 0.531215 0.483164 0.171797
    endloop
  endfacet
  facet normal 0 0 1
    outer loop
      vertex 0.531215 0.483164 0.171797
      vertex 0.526529 0.576496 0.171797
      vertex 0.527661 0.486297 0.171797
    endloop
  endfacet
  facet normal 0 0 1
    outer loop
      vertex 0.690822 0.672841 0.171797
      vertex 0.526522 0.576504 0.171797
      vertex 0.526529 0.576496 0.171797
    endloop
  endfacet
  facet normal 0 0 1
    outer loop
      vertex 0.690822 0.672841 0.171797
      vertex 0.517004 0.586021 0.171797
      vertex 0.526522 0.576504 0.171797
    endloop
  endfacet
  facet normal 0 0 1
    outer loop
      vertex 0.690822 0.672841 0.171797
      vertex 0.516904 0.586122 0.171797
      vertex 0.517004 0.586021 0.171797
    endloop
  endfacet
  facet normal 0 0 1
    outer loop
      vertex 0.690822 0.672841 0.171797
      vertex 0.506701 0.595116 0.171797
      vertex 0.516904 0.586122 0.171797
    endloop
  endfacet
  facet normal 0 0 1
    outer loop
      vertex 0.690822 0.672841 0.171797
      vertex 0.495955 0.603452 0.171797
      vertex 0.506701 0.595116 0.171797
    endloop
  endfacet
  facet normal 0 0 1
    outer loop
      vertex 0.690822 0.672841 0.171797
      vertex 0.484706 0.611096 0.171797
      vertex 0.495955 0.603452 0.171797
    endloop
  endfacet
  facet normal 0 0 1
    outer loop
      vertex 0.690822 0.672841 0.171797
      vertex 0.473 0.61802 0.171797
      vertex 0.484706 0.611096 0.171797
    endloop
  endfacet
  facet normal 0 0 1
    outer loop
      vertex 0.690822 0.672841 0.171797
      vertex 0.46088 0.624194 0.171797
      vertex 0.473 0.61802 0.171797
    endloop
  endfacet
  facet normal 0 0 1
    outer loop
      vertex 0.690822 0.672841 0.171797
      vertex 0.448399 0.629596 0.171797
      vertex 0.46088 0.624194 0.171797
    endloop
  endfacet
  facet normal 0 0 1
    outer loop
      vertex 0.690822 0.672841 0.171797
      vertex 0.435601 0.634203 0.171797
      vertex 0.448399 0.629596 0.171797
    endloop
  endfacet
  facet normal 0 0 1
    outer loop
      vertex 0.690822 0.672841 0.171797
      vertex 0.422541 0.637998 0.171797
      vertex 0.435601 0.634203 0.171797
    endloop
  endfacet
  facet normal 0 0 1
    outer loop
      vertex 0.690822 0.672841 0.171797
      vertex 0.409267 0.640965 0.171797
      vertex 0.422541 0.637998 0.171797
    endloop
  endfacet
  facet normal 0 0 1
    outer loop
      vertex 0.690822 0.672841 0.171797
      vertex 0.395834 0.643092 0.171797
      vertex 0.409267 0.640965 0.171797
    endloop
  endfacet
  facet normal 0 0 1
    outer loop
      vertex 0.690822 0.672841 0.171797
      vertex 0.382294 0.644372 0.171797
      vertex 0.395834 0.643092 0.171797
    endloop
  endfacet
  facet normal 0 0 1
    outer loop
      vertex 0.690822 0.672841 0.171797
      vertex 0.368699 0.644799 0.171797
      vertex 0.382294 0.644372 0.171797
    endloop
  endfacet
  facet normal -0 0 1
    outer loop
      vertex 0.0499992 0.672841 0.171797
      vertex 0.368699 0.644799 0.171797
      vertex 0.690822 0.672841 0.171797
    endloop
  endfacet
  facet normal 0 0 1
    outer loop
      vertex 0.368699 0.644799 0.171797
      vertex 0.0499992 0.672841 0.171797
      vertex 0.367849 0.644773 0.171797
    endloop
  endfacet
  facet normal 0 0 1
    outer loop
      vertex 0.153907 0.455434 0.171797
      vertex 0 0.622842 0.171797
      vertex 0.152627 0.441894 0.171797
    endloop
  endfacet
  facet normal 0 0 1
    outer loop
      vertex 0.156034 0.468867 0.171797
      vertex 0 0.622842 0.171797
      vertex 0.153907 0.455434 0.171797
    endloop
  endfacet
  facet normal 0 0 1
    outer loop
      vertex 0.159001 0.482141 0.171797
      vertex 0 0.622842 0.171797
      vertex 0.156034 0.468867 0.171797
    endloop
  endfacet
  facet normal 0 0 1
    outer loop
      vertex 0.162796 0.495202 0.171797
      vertex 0 0.622842 0.171797
      vertex 0.159001 0.482141 0.171797
    endloop
  endfacet
  facet normal 0 0 1
    outer loop
      vertex 0.167403 0.507998 0.171797
      vertex 0 0.622842 0.171797
      vertex 0.162796 0.495202 0.171797
    endloop
  endfacet
  facet normal 0 0 1
    outer loop
      vertex 0.172805 0.520481 0.171797
      vertex 0 0.622842 0.171797
      vertex 0.167403 0.507998 0.171797
    endloop
  endfacet
  facet normal 0 0 1
    outer loop
      vertex 0.178979 0.532599 0.171797
      vertex 0 0.622842 0.171797
      vertex 0.172805 0.520481 0.171797
    endloop
  endfacet
  facet normal -0 0 1
    outer loop
      vertex 0 0.622842 0.171797
      vertex 0.178979 0.532599 0.171797
      vertex 0.0499992 0.672841 0.171797
    endloop
  endfacet
  facet normal 0 0 1
    outer loop
      vertex 0.185903 0.544306 0.171797
      vertex 0.0499992 0.672841 0.171797
      vertex 0.178979 0.532599 0.171797
    endloop
  endfacet
  facet normal 0 0 1
    outer loop
      vertex 0.193547 0.555555 0.171797
      vertex 0.0499992 0.672841 0.171797
      vertex 0.185903 0.544306 0.171797
    endloop
  endfacet
  facet normal 0 0 1
    outer loop
      vertex 0.201883 0.566301 0.171797
      vertex 0.0499992 0.672841 0.171797
      vertex 0.193547 0.555555 0.171797
    endloop
  endfacet
  facet normal 0 0 1
    outer loop
      vertex 0.210877 0.576504 0.171797
      vertex 0.0499992 0.672841 0.171797
      vertex 0.201883 0.566301 0.171797
    endloop
  endfacet
  facet normal 0 0 1
    outer loop
      vertex 0.220495 0.586122 0.171797
      vertex 0.0499992 0.672841 0.171797
      vertex 0.210877 0.576504 0.171797
    endloop
  endfacet
  facet normal 0 0 1
    outer loop
      vertex 0.230698 0.595116 0.171797
      vertex 0.0499992 0.672841 0.171797
      vertex 0.220495 0.586122 0.171797
    endloop
  endfacet
  facet normal 0 0 1
    outer loop
      vertex 0.241444 0.603452 0.171797
      vertex 0.0499992 0.672841 0.171797
      vertex 0.230698 0.595116 0.171797
    endloop
  endfacet
  facet normal 0 0 1
    outer loop
      vertex 0.252693 0.611096 0.171797
      vertex 0.0499992 0.672841 0.171797
      vertex 0.241444 0.603452 0.171797
    endloop
  endfacet
  facet normal 0 0 1
    outer loop
      vertex 0.2644 0.61802 0.171797
      vertex 0.0499992 0.672841 0.171797
      vertex 0.252693 0.611096 0.171797
    endloop
  endfacet
  facet normal 0 0 1
    outer loop
      vertex 0.276518 0.624194 0.171797
      vertex 0.0499992 0.672841 0.171797
      vertex 0.2644 0.61802 0.171797
    endloop
  endfacet
  facet normal 0 0 1
    outer loop
      vertex 0.289001 0.629596 0.171797
      vertex 0.0499992 0.672841 0.171797
      vertex 0.276518 0.624194 0.171797
    endloop
  endfacet
  facet normal 0 0 1
    outer loop
      vertex 0.301797 0.634203 0.171797
      vertex 0.0499992 0.672841 0.171797
      vertex 0.289001 0.629596 0.171797
    endloop
  endfacet
  facet normal 0 0 1
    outer loop
      vertex 0.314858 0.637998 0.171797
      vertex 0.0499992 0.672841 0.171797
      vertex 0.301797 0.634203 0.171797
    endloop
  endfacet
  facet normal 0 0 1
    outer loop
      vertex 0.328132 0.640965 0.171797
      vertex 0.0499992 0.672841 0.171797
      vertex 0.314858 0.637998 0.171797
    endloop
  endfacet
  facet normal 0 0 1
    outer loop
      vertex 0.341565 0.643092 0.171797
      vertex 0.0499992 0.672841 0.171797
      vertex 0.328132 0.640965 0.171797
    endloop
  endfacet
  facet normal 0 0 1
    outer loop
      vertex 0.343399 0.643265 0.171797
      vertex 0.0499992 0.672841 0.171797
      vertex 0.341565 0.643092 0.171797
    endloop
  endfacet
  facet normal 0 0 1
    outer loop
      vertex 0.367849 0.644773 0.171797
      vertex 0.0499992 0.672841 0.171797
      vertex 0.343399 0.643265 0.171797
    endloop
  endfacet
  facet normal 0 0 1
    outer loop
      vertex 0.740822 0.622842 0.171797
      vertex 0.554851 0.423465 0.171797
      vertex 0.554405 0.41875 0.171797
    endloop
  endfacet
  facet normal 0 0 1
    outer loop
      vertex 0.740822 0.622842 0.171797
      vertex 0.554405 0.41875 0.171797
      vertex 0.553664 0.414071 0.171797
    endloop
  endfacet
  facet normal 0 0 1
    outer loop
      vertex 0.731273 0.0206099 0.171797
      vertex 0.690822 0 0.171797
      vertex 0.729347 0.0181284 0.171797
    endloop
  endfacet
  facet normal 0 0 1
    outer loop
      vertex 0.729347 0.0181284 0.171797
      vertex 0.690822 0 0.171797
      vertex 0.72727 0.0157719 0.171797
    endloop
  endfacet
  facet normal 0 0 1
    outer loop
      vertex 0.725049 0.0135508 0.171797
      vertex 0.690822 0 0.171797
      vertex 0.722692 0.0114737 0.171797
    endloop
  endfacet
  facet normal 0 0 1
    outer loop
      vertex 0.722692 0.0114737 0.171797
      vertex 0.690822 0 0.171797
      vertex 0.720211 0.00954914 0.171797
    endloop
  endfacet
  facet normal 0 0 1
    outer loop
      vertex 0.717613 0.00778294 0.171797
      vertex 0.690822 0 0.171797
      vertex 0.71491 0.00618458 0.171797
    endloop
  endfacet
  facet normal 0 0 1
    outer loop
      vertex 0.71491 0.00618458 0.171797
      vertex 0.690822 0 0.171797
      vertex 0.712111 0.00475788 0.171797
    endloop
  endfacet
  facet normal 0 0 1
    outer loop
      vertex 0.712111 0.00475788 0.171797
      vertex 0.690822 0 0.171797
      vertex 0.709228 0.00351048 0.171797
    endloop
  endfacet
  facet normal 0 0 1
    outer loop
      vertex 0.706272 0.00244713 0.171797
      vertex 0.690822 0 0.171797
      vertex 0.703256 0.0015707 0.171797
    endloop
  endfacet
  facet normal 0 0 1
    outer loop
      vertex 0.703256 0.0015707 0.171797
      vertex 0.690822 0 0.171797
      vertex 0.700191 0.00088501 0.171797
    endloop
  endfacet
  facet normal 0 0 1
    outer loop
      vertex 0.700191 0.00088501 0.171797
      vertex 0.690822 0 0.171797
      vertex 0.697088 0.000393867 0.171797
    endloop
  endfacet
  facet normal 0 0 1
    outer loop
      vertex 0.697088 0.000393867 0.171797
      vertex 0.690822 0 0.171797
      vertex 0.693961 9.82285e-05 0.171797
    endloop
  endfacet
  facet normal 0 0 1
    outer loop
      vertex 0.709228 0.00351048 0.171797
      vertex 0.690822 0 0.171797
      vertex 0.706272 0.00244713 0.171797
    endloop
  endfacet
  facet normal 0 0 1
    outer loop
      vertex 0.720211 0.00954914 0.171797
      vertex 0.690822 0 0.171797
      vertex 0.717613 0.00778294 0.171797
    endloop
  endfacet
  facet normal 0 0 1
    outer loop
      vertex 0.72727 0.0157719 0.171797
      vertex 0.690822 0 0.171797
      vertex 0.725049 0.0135508 0.171797
    endloop
  endfacet
  facet normal 0 0 1
    outer loop
      vertex 0.734637 0.0259123 0.171797
      vertex 0.690822 0 0.171797
      vertex 0.733038 0.0232086 0.171797
    endloop
  endfacet
  facet normal 0 0 1
    outer loop
      vertex 0.738375 0.0345488 0.171797
      vertex 0.690822 0 0.171797
      vertex 0.73731 0.0315933 0.171797
    endloop
  endfacet
  facet normal 0 0 1
    outer loop
      vertex 0.740723 0.0468597 0.171797
      vertex 0.690822 0 0.171797
      vertex 0.740427 0.0437326 0.171797
    endloop
  endfacet
  facet normal -0 0 1
    outer loop
      vertex 0.502899 0.35649 0.171797
      vertex 0.690822 0 0.171797
      vertex 0.507356 0.358094 0.171797
    endloop
  endfacet
  facet normal -0 0 1
    outer loop
      vertex 0.498351 0.355168 0.171797
      vertex 0.690822 0 0.171797
      vertex 0.502899 0.35649 0.171797
    endloop
  endfacet
  facet normal -0 0 1
    outer loop
      vertex 0.493728 0.354136 0.171797
      vertex 0.690822 0 0.171797
      vertex 0.498351 0.355168 0.171797
    endloop
  endfacet
  facet normal -0 0 1
    outer loop
      vertex 0.48905 0.353395 0.171797
      vertex 0.690822 0 0.171797
      vertex 0.493728 0.354136 0.171797
    endloop
  endfacet
  facet normal -0 0 1
    outer loop
      vertex 0.484334 0.352948 0.171797
      vertex 0.690822 0 0.171797
      vertex 0.48905 0.353395 0.171797
    endloop
  endfacet
  facet normal -0 0 1
    outer loop
      vertex 0.4796 0.352799 0.171797
      vertex 0.690822 0 0.171797
      vertex 0.484334 0.352948 0.171797
    endloop
  endfacet
  facet normal 0 0 1
    outer loop
      vertex 0.474865 0.352948 0.171797
      vertex 0.690822 0 0.171797
      vertex 0.4796 0.352799 0.171797
    endloop
  endfacet
  facet normal 0 0 1
    outer loop
      vertex 0.470149 0.353395 0.171797
      vertex 0.690822 0 0.171797
      vertex 0.474865 0.352948 0.171797
    endloop
  endfacet
  facet normal 0 0 1
    outer loop
      vertex 0.465471 0.354136 0.171797
      vertex 0.690822 0 0.171797
      vertex 0.470149 0.353395 0.171797
    endloop
  endfacet
  facet normal 0 0 1
    outer loop
      vertex 0.210977 0.279995 0.171797
      vertex 0.465471 0.354136 0.171797
      vertex 0.460848 0.355168 0.171797
    endloop
  endfacet
  facet normal 0 0 1
    outer loop
      vertex 0.210977 0.279995 0.171797
      vertex 0.460848 0.355168 0.171797
      vertex 0.4563 0.35649 0.171797
    endloop
  endfacet
  facet normal 0 0 1
    outer loop
      vertex 0.210977 0.279995 0.171797
      vertex 0.4563 0.35649 0.171797
      vertex 0.451843 0.358094 0.171797
    endloop
  endfacet
  facet normal 0 0 1
    outer loop
      vertex 0.210977 0.279995 0.171797
      vertex 0.451843 0.358094 0.171797
      vertex 0.447495 0.359976 0.171797
    endloop
  endfacet
  facet normal 0 0 1
    outer loop
      vertex 0.210977 0.279995 0.171797
      vertex 0.447495 0.359976 0.171797
      vertex 0.443275 0.362126 0.171797
    endloop
  endfacet
  facet normal 0 0 1
    outer loop
      vertex 0.210977 0.279995 0.171797
      vertex 0.443275 0.362126 0.171797
      vertex 0.439198 0.364537 0.171797
    endloop
  endfacet
  facet normal 0 0 1
    outer loop
      vertex 0.210977 0.279995 0.171797
      vertex 0.439198 0.364537 0.171797
      vertex 0.435281 0.3672 0.171797
    endloop
  endfacet
  facet normal 0 0 1
    outer loop
      vertex 0.210977 0.279995 0.171797
      vertex 0.435281 0.3672 0.171797
      vertex 0.431538 0.370103 0.171797
    endloop
  endfacet
  facet normal 0 0 1
    outer loop
      vertex 0.210977 0.279995 0.171797
      vertex 0.431538 0.370103 0.171797
      vertex 0.427984 0.373236 0.171797
    endloop
  endfacet
  facet normal 0 0 1
    outer loop
      vertex 0.210977 0.279995 0.171797
      vertex 0.427984 0.373236 0.171797
      vertex 0.424635 0.376585 0.171797
    endloop
  endfacet
  facet normal 0 0 1
    outer loop
      vertex 0.210977 0.279995 0.171797
      vertex 0.424635 0.376585 0.171797
      vertex 0.421503 0.380137 0.171797
    endloop
  endfacet
  facet normal 0 0 1
    outer loop
      vertex 0.210977 0.279995 0.171797
      vertex 0.421503 0.380137 0.171797
      vertex 0.4186 0.383881 0.171797
    endloop
  endfacet
  facet normal -0 0 1
    outer loop
      vertex 0.276618 0.624095 0.171797
      vertex 0.415937 0.468601 0.171797
      vertex 0.289101 0.629497 0.171797
    endloop
  endfacet
  facet normal 0 0 1
    outer loop
      vertex 0.415937 0.468601 0.171797
      vertex 0.276618 0.624095 0.171797
      vertex 0.413526 0.464523 0.171797
    endloop
  endfacet
  facet normal -0 0 1
    outer loop
      vertex 0.2645 0.61792 0.171797
      vertex 0.413526 0.464523 0.171797
      vertex 0.276618 0.624095 0.171797
    endloop
  endfacet
  facet normal -0 0 1
    outer loop
      vertex 0.252793 0.610996 0.171797
      vertex 0.413526 0.464523 0.171797
      vertex 0.2645 0.61792 0.171797
    endloop
  endfacet
  facet normal 0 0 1
    outer loop
      vertex 0.413526 0.464523 0.171797
      vertex 0.252793 0.610996 0.171797
      vertex 0.411376 0.460303 0.171797
    endloop
  endfacet
  facet normal -0 0 1
    outer loop
      vertex 0.241544 0.603352 0.171797
      vertex 0.411376 0.460303 0.171797
      vertex 0.252793 0.610996 0.171797
    endloop
  endfacet
  facet normal 0 0 1
    outer loop
      vertex 0.343399 0.643156 0.171797
      vertex 0.368768 0.644698 0.171797
      vertex 0.367849 0.644773 0.171797
    endloop
  endfacet
  facet normal 0 0 1
    outer loop
      vertex 0.343399 0.643156 0.171797
      vertex 0.367849 0.644773 0.171797
      vertex 0.343399 0.643265 0.171797
    endloop
  endfacet
  facet normal -0 0 1
    outer loop
      vertex 0.230797 0.595016 0.171797
      vertex 0.411376 0.460303 0.171797
      vertex 0.241544 0.603352 0.171797
    endloop
  endfacet
  facet normal 0 0 1
    outer loop
      vertex 0.411376 0.460303 0.171797
      vertex 0.230797 0.595016 0.171797
      vertex 0.409494 0.455956 0.171797
    endloop
  endfacet
  facet normal -0 0 1
    outer loop
      vertex 0.220595 0.586021 0.171797
      vertex 0.409494 0.455956 0.171797
      vertex 0.230797 0.595016 0.171797
    endloop
  endfacet
  facet normal -0 0 1
    outer loop
      vertex 0.210978 0.576404 0.171797
      vertex 0.409494 0.455956 0.171797
      vertex 0.220595 0.586021 0.171797
    endloop
  endfacet
  facet normal 0 0 1
    outer loop
      vertex 0.409494 0.455956 0.171797
      vertex 0.210978 0.576404 0.171797
      vertex 0.40789 0.451499 0.171797
    endloop
  endfacet
  facet normal -0 0 1
    outer loop
      vertex 0.201983 0.566202 0.171797
      vertex 0.40789 0.451499 0.171797
      vertex 0.210978 0.576404 0.171797
    endloop
  endfacet
  facet normal -0 0 1
    outer loop
      vertex 0.193647 0.555455 0.171797
      vertex 0.40789 0.451499 0.171797
      vertex 0.201983 0.566202 0.171797
    endloop
  endfacet
  facet normal 0 0 1
    outer loop
      vertex 0.40789 0.451499 0.171797
      vertex 0.193647 0.555455 0.171797
      vertex 0.406569 0.446951 0.171797
    endloop
  endfacet
  facet normal -0 0 1
    outer loop
      vertex 0.186003 0.544206 0.171797
      vertex 0.406569 0.446951 0.171797
      vertex 0.193647 0.555455 0.171797
    endloop
  endfacet
  facet normal -0 0 1
    outer loop
      vertex 0.179079 0.532499 0.171797
      vertex 0.406569 0.446951 0.171797
      vertex 0.186003 0.544206 0.171797
    endloop
  endfacet
  facet normal 0 0 1
    outer loop
      vertex 0.406569 0.446951 0.171797
      vertex 0.179079 0.532499 0.171797
      vertex 0.405535 0.442328 0.171797
    endloop
  endfacet
  facet normal 0 0 1
    outer loop
      vertex 0.4042 0.4282 0.171797
      vertex 0.210977 0.279995 0.171797
      vertex 0.404348 0.423465 0.171797
    endloop
  endfacet
  facet normal 0 0 1
    outer loop
      vertex 0.404348 0.423465 0.171797
      vertex 0.210977 0.279995 0.171797
      vertex 0.404794 0.41875 0.171797
    endloop
  endfacet
  facet normal 0 0 1
    outer loop
      vertex 0.404794 0.41875 0.171797
      vertex 0.210977 0.279995 0.171797
      vertex 0.405535 0.414071 0.171797
    endloop
  endfacet
  facet normal 0 0 1
    outer loop
      vertex 0.405535 0.414071 0.171797
      vertex 0.210977 0.279995 0.171797
      vertex 0.406569 0.409449 0.171797
    endloop
  endfacet
  facet normal 0 0 1
    outer loop
      vertex 0.406569 0.409449 0.171797
      vertex 0.210977 0.279995 0.171797
      vertex 0.40789 0.4049 0.171797
    endloop
  endfacet
  facet normal 0 0 1
    outer loop
      vertex 0.40789 0.4049 0.171797
      vertex 0.210977 0.279995 0.171797
      vertex 0.409494 0.400443 0.171797
    endloop
  endfacet
  facet normal 0 0 1
    outer loop
      vertex 0.409494 0.400443 0.171797
      vertex 0.210977 0.279995 0.171797
      vertex 0.411376 0.396096 0.171797
    endloop
  endfacet
  facet normal 0 0 1
    outer loop
      vertex 0.411376 0.396096 0.171797
      vertex 0.210977 0.279995 0.171797
      vertex 0.413526 0.391875 0.171797
    endloop
  endfacet
  facet normal 0 0 1
    outer loop
      vertex 0.413526 0.391875 0.171797
      vertex 0.210977 0.279995 0.171797
      vertex 0.415937 0.387798 0.171797
    endloop
  endfacet
  facet normal 0 0 1
    outer loop
      vertex 0.415937 0.387798 0.171797
      vertex 0.210977 0.279995 0.171797
      vertex 0.4186 0.383881 0.171797
    endloop
  endfacet
  facet normal 0 0 1
    outer loop
      vertex 0.465471 0.354136 0.171797
      vertex 0.210977 0.279995 0.171797
      vertex 0.690822 0 0.171797
    endloop
  endfacet
  facet normal 0 0 1
    outer loop
      vertex 0.152627 0.441894 0.171797
      vertex 0 0.622842 0.171797
      vertex 0.1522 0.4283 0.171797
    endloop
  endfacet
  facet normal 0 0 1
    outer loop
      vertex 0.1522 0.4283 0.171797
      vertex 0 0.622842 0.171797
      vertex 0.152627 0.414705 0.171797
    endloop
  endfacet
  facet normal 0 0 1
    outer loop
      vertex 0.152627 0.414705 0.171797
      vertex 0 0.622842 0.171797
      vertex 0.153907 0.401165 0.171797
    endloop
  endfacet
  facet normal 0 0 1
    outer loop
      vertex 0.153907 0.401165 0.171797
      vertex 0 0.622842 0.171797
      vertex 0.156034 0.387732 0.171797
    endloop
  endfacet
  facet normal 0 0 1
    outer loop
      vertex 0 0.0499992 0.171797
      vertex 0.156034 0.387732 0.171797
      vertex 0 0.622842 0.171797
    endloop
  endfacet
  facet normal 0 0 1
    outer loop
      vertex 0.156034 0.387732 0.171797
      vertex 0 0.0499992 0.171797
      vertex 0.159001 0.374458 0.171797
    endloop
  endfacet
  facet normal 0 0 1
    outer loop
      vertex 0.210977 0.279995 0.171797
      vertex 0.0499992 0 0.171797
      vertex 0.690822 0 0.171797
    endloop
  endfacet
  facet normal 0 0 1
    outer loop
      vertex 0 0.0499992 0.171797
      vertex 0.210977 0.279995 0.171797
      vertex 0.210877 0.280095 0.171797
    endloop
  endfacet
  facet normal 0 0 1
    outer loop
      vertex 0 0.0499992 0.171797
      vertex 0.210877 0.280095 0.171797
      vertex 0.201883 0.290298 0.171797
    endloop
  endfacet
  facet normal 0 0 1
    outer loop
      vertex 0 0.0499992 0.171797
      vertex 0.201883 0.290298 0.171797
      vertex 0.193547 0.301044 0.171797
    endloop
  endfacet
  facet normal 0 0 1
    outer loop
      vertex 0 0.0499992 0.171797
      vertex 0.193547 0.301044 0.171797
      vertex 0.185903 0.312293 0.171797
    endloop
  endfacet
  facet normal 0 0 1
    outer loop
      vertex 0 0.0499992 0.171797
      vertex 0.185903 0.312293 0.171797
      vertex 0.178979 0.323999 0.171797
    endloop
  endfacet
  facet normal 0 0 1
    outer loop
      vertex 0 0.0499992 0.171797
      vertex 0.178979 0.323999 0.171797
      vertex 0.172805 0.336119 0.171797
    endloop
  endfacet
  facet normal 0 0 1
    outer loop
      vertex 0 0.0499992 0.171797
      vertex 0.172805 0.336119 0.171797
      vertex 0.167403 0.3486 0.171797
    endloop
  endfacet
  facet normal 0 0 1
    outer loop
      vertex 0.159001 0.374458 0.171797
      vertex 0 0.0499992 0.171797
      vertex 0.162796 0.361398 0.171797
    endloop
  endfacet
  facet normal 0 0 1
    outer loop
      vertex 0 0.622842 0.171797
      vertex 0.0499992 0.672841 0.171797
      vertex 0.0468597 0.672743 0.171797
    endloop
  endfacet
  facet normal 0 0 1
    outer loop
      vertex 0.162796 0.361398 0.171797
      vertex 0 0.0499992 0.171797
      vertex 0.167403 0.3486 0.171797
    endloop
  endfacet
  facet normal 0 0 1
    outer loop
      vertex 0 0.622842 0.171797
      vertex 0.0468597 0.672743 0.171797
      vertex 0.0437326 0.672447 0.171797
    endloop
  endfacet
  facet normal 0 0 1
    outer loop
      vertex 0.210977 0.279995 0.171797
      vertex 0 0.0499992 0.171797
      vertex 0.0499992 0 0.171797
    endloop
  endfacet
  facet normal 0 0 1
    outer loop
      vertex 0 0.622842 0.171797
      vertex 0.0437326 0.672447 0.171797
      vertex 0.0406303 0.671956 0.171797
    endloop
  endfacet
  facet normal 0 0 1
    outer loop
      vertex 0.0499992 0 0.171797
      vertex 0 0.0499992 0.171797
      vertex 0.0468597 9.82285e-05 0.171797
    endloop
  endfacet
  facet normal 0 0 1
    outer loop
      vertex 0 0.622842 0.171797
      vertex 0.0406303 0.671956 0.171797
      vertex 0.0375652 0.67127 0.171797
    endloop
  endfacet
  facet normal 0 0 1
    outer loop
      vertex 0.0468597 9.82285e-05 0.171797
      vertex 0 0.0499992 0.171797
      vertex 0.0437326 0.000393867 0.171797
    endloop
  endfacet
  facet normal 0 0 1
    outer loop
      vertex 0 0.622842 0.171797
      vertex 0.0375652 0.67127 0.171797
      vertex 0.0345488 0.670394 0.171797
    endloop
  endfacet
  facet normal 0 0 1
    outer loop
      vertex 0.0437326 0.000393867 0.171797
      vertex 0 0.0499992 0.171797
      vertex 0.0406303 0.00088501 0.171797
    endloop
  endfacet
  facet normal 0 0 1
    outer loop
      vertex 0 0.622842 0.171797
      vertex 0.0345488 0.670394 0.171797
      vertex 0.0315933 0.669331 0.171797
    endloop
  endfacet
  facet normal 0 0 1
    outer loop
      vertex 0.0406303 0.00088501 0.171797
      vertex 0 0.0499992 0.171797
      vertex 0.0375652 0.0015707 0.171797
    endloop
  endfacet
  facet normal 0 0 1
    outer loop
      vertex 0 0.622842 0.171797
      vertex 0.0315933 0.669331 0.171797
      vertex 0.0287104 0.668083 0.171797
    endloop
  endfacet
  facet normal 0 0 1
    outer loop
      vertex 0.0375652 0.0015707 0.171797
      vertex 0 0.0499992 0.171797
      vertex 0.0345488 0.00244713 0.171797
    endloop
  endfacet
  facet normal 0 0 1
    outer loop
      vertex 0 0.622842 0.171797
      vertex 0.0287104 0.668083 0.171797
      vertex 0.0259123 0.666656 0.171797
    endloop
  endfacet
  facet normal 0 0 1
    outer loop
      vertex 0.0345488 0.00244713 0.171797
      vertex 0 0.0499992 0.171797
      vertex 0.0315933 0.00351048 0.171797
    endloop
  endfacet
  facet normal 0 0 1
    outer loop
      vertex 0 0.622842 0.171797
      vertex 0.0259123 0.666656 0.171797
      vertex 0.0232086 0.665058 0.171797
    endloop
  endfacet
  facet normal 0 0 1
    outer loop
      vertex 0.0315933 0.00351048 0.171797
      vertex 0 0.0499992 0.171797
      vertex 0.0287104 0.00475788 0.171797
    endloop
  endfacet
  facet normal 0 0 1
    outer loop
      vertex 0 0.622842 0.171797
      vertex 0.0232086 0.665058 0.171797
      vertex 0.0206099 0.663292 0.171797
    endloop
  endfacet
  facet normal 0 0 1
    outer loop
      vertex 0.0287104 0.00475788 0.171797
      vertex 0 0.0499992 0.171797
      vertex 0.0259123 0.00618458 0.171797
    endloop
  endfacet
  facet normal 0 0 1
    outer loop
      vertex 0 0.622842 0.171797
      vertex 0.0206099 0.663292 0.171797
      vertex 0.0181284 0.661367 0.171797
    endloop
  endfacet
  facet normal 0 0 1
    outer loop
      vertex 0.0259123 0.00618458 0.171797
      vertex 0 0.0499992 0.171797
      vertex 0.0232086 0.00778294 0.171797
    endloop
  endfacet
  facet normal 0 0 1
    outer loop
      vertex 0 0.622842 0.171797
      vertex 0.0181284 0.661367 0.171797
      vertex 0.0157719 0.65929 0.171797
    endloop
  endfacet
  facet normal 0 0 1
    outer loop
      vertex 0.0232086 0.00778294 0.171797
      vertex 0 0.0499992 0.171797
      vertex 0.0206099 0.00954914 0.171797
    endloop
  endfacet
  facet normal 0 0 1
    outer loop
      vertex 0 0.622842 0.171797
      vertex 0.0157719 0.65929 0.171797
      vertex 0.0135508 0.657069 0.171797
    endloop
  endfacet
  facet normal 0 0 1
    outer loop
      vertex 0.0206099 0.00954914 0.171797
      vertex 0 0.0499992 0.171797
      vertex 0.0181284 0.0114737 0.171797
    endloop
  endfacet
  facet normal 0 0 1
    outer loop
      vertex 0 0.622842 0.171797
      vertex 0.0135508 0.657069 0.171797
      vertex 0.0114737 0.654713 0.171797
    endloop
  endfacet
  facet normal 0 0 1
    outer loop
      vertex 0.0181284 0.0114737 0.171797
      vertex 0 0.0499992 0.171797
      vertex 0.0157719 0.0135508 0.171797
    endloop
  endfacet
  facet normal 0 0 1
    outer loop
      vertex 0 0.622842 0.171797
      vertex 0.0114737 0.654713 0.171797
      vertex 0.00954914 0.652231 0.171797
    endloop
  endfacet
  facet normal 0 0 1
    outer loop
      vertex 0.0157719 0.0135508 0.171797
      vertex 0 0.0499992 0.171797
      vertex 0.0135508 0.0157719 0.171797
    endloop
  endfacet
  facet normal 0 0 1
    outer loop
      vertex 0 0.622842 0.171797
      vertex 0.00954914 0.652231 0.171797
      vertex 0.00778294 0.649632 0.171797
    endloop
  endfacet
  facet normal 0 0 1
    outer loop
      vertex 0.0135508 0.0157719 0.171797
      vertex 0 0.0499992 0.171797
      vertex 0.0114737 0.0181284 0.171797
    endloop
  endfacet
  facet normal 0 0 1
    outer loop
      vertex 0 0.622842 0.171797
      vertex 0.00778294 0.649632 0.171797
      vertex 0.00618458 0.646929 0.171797
    endloop
  endfacet
  facet normal 0 0 1
    outer loop
      vertex 0.0114737 0.0181284 0.171797
      vertex 0 0.0499992 0.171797
      vertex 0.00954914 0.0206099 0.171797
    endloop
  endfacet
  facet normal 0 0 1
    outer loop
      vertex 0 0.622842 0.171797
      vertex 0.00618458 0.646929 0.171797
      vertex 0.00475788 0.644131 0.171797
    endloop
  endfacet
  facet normal 0 0 1
    outer loop
      vertex 0.00954914 0.0206099 0.171797
      vertex 0 0.0499992 0.171797
      vertex 0.00778294 0.0232086 0.171797
    endloop
  endfacet
  facet normal 0 0 1
    outer loop
      vertex 0 0.622842 0.171797
      vertex 0.00475788 0.644131 0.171797
      vertex 0.00351048 0.641248 0.171797
    endloop
  endfacet
  facet normal 0 0 1
    outer loop
      vertex 0.00778294 0.0232086 0.171797
      vertex 0 0.0499992 0.171797
      vertex 0.00618458 0.0259123 0.171797
    endloop
  endfacet
  facet normal 0 0 1
    outer loop
      vertex 0 0.622842 0.171797
      vertex 0.00351048 0.641248 0.171797
      vertex 0.00244713 0.638292 0.171797
    endloop
  endfacet
  facet normal 0 0 1
    outer loop
      vertex 0.00618458 0.0259123 0.171797
      vertex 0 0.0499992 0.171797
      vertex 0.00475788 0.0287104 0.171797
    endloop
  endfacet
  facet normal 0 0 1
    outer loop
      vertex 0 0.622842 0.171797
      vertex 0.00244713 0.638292 0.171797
      vertex 0.0015707 0.635276 0.171797
    endloop
  endfacet
  facet normal 0 0 1
    outer loop
      vertex 0.00475788 0.0287104 0.171797
      vertex 0 0.0499992 0.171797
      vertex 0.00351048 0.0315933 0.171797
    endloop
  endfacet
  facet normal 0 0 1
    outer loop
      vertex 0 0.622842 0.171797
      vertex 0.0015707 0.635276 0.171797
      vertex 0.00088501 0.632211 0.171797
    endloop
  endfacet
  facet normal 0 0 1
    outer loop
      vertex 0.00351048 0.0315933 0.171797
      vertex 0 0.0499992 0.171797
      vertex 0.00244713 0.0345488 0.171797
    endloop
  endfacet
  facet normal 0 0 1
    outer loop
      vertex 0 0.622842 0.171797
      vertex 0.00088501 0.632211 0.171797
      vertex 0.000393867 0.629108 0.171797
    endloop
  endfacet
  facet normal 0 0 1
    outer loop
      vertex 0.00244713 0.0345488 0.171797
      vertex 0 0.0499992 0.171797
      vertex 0.0015707 0.0375652 0.171797
    endloop
  endfacet
  facet normal 0 0 1
    outer loop
      vertex 0 0.622842 0.171797
      vertex 0.000393867 0.629108 0.171797
      vertex 9.82285e-05 0.625981 0.171797
    endloop
  endfacet
  facet normal 0 0 1
    outer loop
      vertex 0.0015707 0.0375652 0.171797
      vertex 0 0.0499992 0.171797
      vertex 0.00088501 0.0406303 0.171797
    endloop
  endfacet
  facet normal 0 0 1
    outer loop
      vertex 0.00088501 0.0406303 0.171797
      vertex 0 0.0499992 0.171797
      vertex 0.000393867 0.0437326 0.171797
    endloop
  endfacet
  facet normal 0 0 1
    outer loop
      vertex 0.000393867 0.0437326 0.171797
      vertex 0 0.0499992 0.171797
      vertex 9.82285e-05 0.0468597 0.171797
    endloop
  endfacet
  facet normal 0 0 1
    outer loop
      vertex 0.526529 0.576496 0.171797
      vertex 0.523918 0.4892 0.171797
      vertex 0.527661 0.486297 0.171797
    endloop
  endfacet
  facet normal 0 0 1
    outer loop
      vertex 0.526529 0.576496 0.171797
      vertex 0.52 0.491862 0.171797
      vertex 0.523918 0.4892 0.171797
    endloop
  endfacet
  facet normal 0 0 1
    outer loop
      vertex 0.484334 0.50345 0.171797
      vertex 0.526529 0.576496 0.171797
      vertex 0.517004 0.586021 0.171797
    endloop
  endfacet
  facet normal 0 0 1
    outer loop
      vertex 0.526529 0.576496 0.171797
      vertex 0.515924 0.494273 0.171797
      vertex 0.52 0.491862 0.171797
    endloop
  endfacet
  facet normal 0 0 1
    outer loop
      vertex 0.526529 0.576496 0.171797
      vertex 0.511703 0.496424 0.171797
      vertex 0.515924 0.494273 0.171797
    endloop
  endfacet
  facet normal 0 0 1
    outer loop
      vertex 0.526529 0.576496 0.171797
      vertex 0.507356 0.498304 0.171797
      vertex 0.511703 0.496424 0.171797
    endloop
  endfacet
  facet normal 0 0 1
    outer loop
      vertex 0.4796 0.503599 0.171797
      vertex 0.517004 0.586021 0.171797
      vertex 0.506802 0.595016 0.171797
    endloop
  endfacet
  facet normal 0 0 1
    outer loop
      vertex 0.526529 0.576496 0.171797
      vertex 0.502899 0.499909 0.171797
      vertex 0.507356 0.498304 0.171797
    endloop
  endfacet
  facet normal 0 0 1
    outer loop
      vertex 0.526529 0.576496 0.171797
      vertex 0.498351 0.50123 0.171797
      vertex 0.502899 0.499909 0.171797
    endloop
  endfacet
  facet normal 0 0 1
    outer loop
      vertex 0.474865 0.50345 0.171797
      vertex 0.506802 0.595016 0.171797
      vertex 0.496055 0.603352 0.171797
    endloop
  endfacet
  facet normal 0 0 1
    outer loop
      vertex 0.526529 0.576496 0.171797
      vertex 0.493728 0.502264 0.171797
      vertex 0.498351 0.50123 0.171797
    endloop
  endfacet
  facet normal 0 0 1
    outer loop
      vertex 0.526529 0.576496 0.171797
      vertex 0.48905 0.503005 0.171797
      vertex 0.493728 0.502264 0.171797
    endloop
  endfacet
  facet normal 0 0 1
    outer loop
      vertex 0.465471 0.502264 0.171797
      vertex 0.496055 0.603352 0.171797
      vertex 0.484806 0.610996 0.171797
    endloop
  endfacet
  facet normal 0 0 1
    outer loop
      vertex 0.526529 0.576496 0.171797
      vertex 0.484334 0.50345 0.171797
      vertex 0.48905 0.503005 0.171797
    endloop
  endfacet
  facet normal 0 0 1
    outer loop
      vertex 0.517004 0.586021 0.171797
      vertex 0.4796 0.503599 0.171797
      vertex 0.484334 0.50345 0.171797
    endloop
  endfacet
  facet normal 0 0 1
    outer loop
      vertex 0.506802 0.595016 0.171797
      vertex 0.474865 0.50345 0.171797
      vertex 0.4796 0.503599 0.171797
    endloop
  endfacet
  facet normal 0 0 1
    outer loop
      vertex 0.460848 0.50123 0.171797
      vertex 0.484806 0.610996 0.171797
      vertex 0.473099 0.61792 0.171797
    endloop
  endfacet
  facet normal 0 0 1
    outer loop
      vertex 0.496055 0.603352 0.171797
      vertex 0.470149 0.503005 0.171797
      vertex 0.474865 0.50345 0.171797
    endloop
  endfacet
  facet normal 0 0 1
    outer loop
      vertex 0.496055 0.603352 0.171797
      vertex 0.465471 0.502264 0.171797
      vertex 0.470149 0.503005 0.171797
    endloop
  endfacet
  facet normal 0 0 1
    outer loop
      vertex 0.4563 0.499909 0.171797
      vertex 0.473099 0.61792 0.171797
      vertex 0.46098 0.624095 0.171797
    endloop
  endfacet
  facet normal 0 0 1
    outer loop
      vertex 0.484806 0.610996 0.171797
      vertex 0.460848 0.50123 0.171797
      vertex 0.465471 0.502264 0.171797
    endloop
  endfacet
  facet normal 0 0 1
    outer loop
      vertex 0.473099 0.61792 0.171797
      vertex 0.4563 0.499909 0.171797
      vertex 0.460848 0.50123 0.171797
    endloop
  endfacet
  facet normal 0 0 1
    outer loop
      vertex 0.46098 0.624095 0.171797
      vertex 0.451843 0.498304 0.171797
      vertex 0.4563 0.499909 0.171797
    endloop
  endfacet
  facet normal 0 0 1
    outer loop
      vertex 0.448499 0.629497 0.171797
      vertex 0.451843 0.498304 0.171797
      vertex 0.46098 0.624095 0.171797
    endloop
  endfacet
  facet normal 0 0 1
    outer loop
      vertex 0.448499 0.629497 0.171797
      vertex 0.447495 0.496424 0.171797
      vertex 0.451843 0.498304 0.171797
    endloop
  endfacet
  facet normal 0 0 1
    outer loop
      vertex 0.435701 0.634103 0.171797
      vertex 0.447495 0.496424 0.171797
      vertex 0.448499 0.629497 0.171797
    endloop
  endfacet
  facet normal 0 0 1
    outer loop
      vertex 0.447495 0.496424 0.171797
      vertex 0.435701 0.634103 0.171797
      vertex 0.443275 0.494273 0.171797
    endloop
  endfacet
  facet normal 0 0 1
    outer loop
      vertex 0.422641 0.637897 0.171797
      vertex 0.443275 0.494273 0.171797
      vertex 0.435701 0.634103 0.171797
    endloop
  endfacet
  facet normal 0 0 1
    outer loop
      vertex 0.443275 0.494273 0.171797
      vertex 0.422641 0.637897 0.171797
      vertex 0.439198 0.491862 0.171797
    endloop
  endfacet
  facet normal 0 0 1
    outer loop
      vertex 0.409368 0.640864 0.171797
      vertex 0.439198 0.491862 0.171797
      vertex 0.422641 0.637897 0.171797
    endloop
  endfacet
  facet normal 0 0 1
    outer loop
      vertex 0.439198 0.491862 0.171797
      vertex 0.409368 0.640864 0.171797
      vertex 0.435281 0.4892 0.171797
    endloop
  endfacet
  facet normal 0 0 1
    outer loop
      vertex 0.395934 0.642992 0.171797
      vertex 0.435281 0.4892 0.171797
      vertex 0.409368 0.640864 0.171797
    endloop
  endfacet
  facet normal 0 0 1
    outer loop
      vertex 0.382394 0.644272 0.171797
      vertex 0.435281 0.4892 0.171797
      vertex 0.395934 0.642992 0.171797
    endloop
  endfacet
  facet normal 0 0 1
    outer loop
      vertex 0.435281 0.4892 0.171797
      vertex 0.382394 0.644272 0.171797
      vertex 0.431538 0.486297 0.171797
    endloop
  endfacet
  facet normal 0 0 1
    outer loop
      vertex 0.368799 0.644699 0.171797
      vertex 0.431538 0.486297 0.171797
      vertex 0.382394 0.644272 0.171797
    endloop
  endfacet
  facet normal -0 0 1
    outer loop
      vertex 0.368768 0.644698 0.171797
      vertex 0.431538 0.486297 0.171797
      vertex 0.368799 0.644699 0.171797
    endloop
  endfacet
  facet normal 0 0 1
    outer loop
      vertex 0.431538 0.486297 0.171797
      vertex 0.368768 0.644698 0.171797
      vertex 0.427984 0.483164 0.171797
    endloop
  endfacet
  facet normal -0 0 1
    outer loop
      vertex 0.343399 0.643156 0.171797
      vertex 0.427984 0.483164 0.171797
      vertex 0.368768 0.644698 0.171797
    endloop
  endfacet
  facet normal 0 0 1
    outer loop
      vertex 0.427984 0.483164 0.171797
      vertex 0.343399 0.643156 0.171797
      vertex 0.424635 0.479815 0.171797
    endloop
  endfacet
  facet normal -0 0 1
    outer loop
      vertex 0.341665 0.642992 0.171797
      vertex 0.424635 0.479815 0.171797
      vertex 0.343399 0.643156 0.171797
    endloop
  endfacet
  facet normal -0 0 1
    outer loop
      vertex 0.328232 0.640864 0.171797
      vertex 0.424635 0.479815 0.171797
      vertex 0.341665 0.642992 0.171797
    endloop
  endfacet
  facet normal 0 0 1
    outer loop
      vertex 0.424635 0.479815 0.171797
      vertex 0.328232 0.640864 0.171797
      vertex 0.421503 0.476261 0.171797
    endloop
  endfacet
  facet normal -0 0 1
    outer loop
      vertex 0.314959 0.637897 0.171797
      vertex 0.421503 0.476261 0.171797
      vertex 0.328232 0.640864 0.171797
    endloop
  endfacet
  facet normal 0 0 1
    outer loop
      vertex 0.421503 0.476261 0.171797
      vertex 0.314959 0.637897 0.171797
      vertex 0.4186 0.472519 0.171797
    endloop
  endfacet
  facet normal -0 0 1
    outer loop
      vertex 0.301897 0.634103 0.171797
      vertex 0.4186 0.472519 0.171797
      vertex 0.314959 0.637897 0.171797
    endloop
  endfacet
  facet normal -0 0 1
    outer loop
      vertex 0.289101 0.629497 0.171797
      vertex 0.4186 0.472519 0.171797
      vertex 0.301897 0.634103 0.171797
    endloop
  endfacet
  facet normal 0 0 1
    outer loop
      vertex 0.4186 0.472519 0.171797
      vertex 0.289101 0.629497 0.171797
      vertex 0.415937 0.468601 0.171797
    endloop
  endfacet
  facet normal 1 -0 0
    outer loop
      vertex 0.740822 0.0499992 0.171797
      vertex 0.740822 0.622842 0
      vertex 0.740822 0.622842 0.171797
    endloop
  endfacet
  facet normal 1 0 0
    outer loop
      vertex 0.740822 0.622842 0
      vertex 0.740822 0.0499992 0.171797
      vertex 0.740822 0.0499992 0
    endloop
  endfacet
  facet normal -1 0 0
    outer loop
      vertex 0 0.0499992 0
      vertex 0 0.622842 0.171797
      vertex 0 0.622842 0
    endloop
  endfacet
  facet normal -1 -0 0
    outer loop
      vertex 0 0.622842 0.171797
      vertex 0 0.0499992 0
      vertex 0 0.0499992 0.171797
    endloop
  endfacet
  facet normal 0 0 -1
    outer loop
      vertex 0.368768 0.2119 0
      vertex 0.367849 0.644773 0
      vertex 0.368768 0.644773 0
    endloop
  endfacet
  facet normal 0 -0 -1
    outer loop
      vertex 0.367849 0.644773 0
      vertex 0.368768 0.2119 0
      vertex 0.365513 0.2119 0
    endloop
  endfacet
  facet normal 0 0 -1
    outer loop
      vertex 0.690822 0 0
      vertex 0.740822 0.0499992 0
      vertex 0.740723 0.0468597 0
    endloop
  endfacet
  facet normal 0 0 -1
    outer loop
      vertex 0.740822 0.0499992 0
      vertex 0.581365 0.387732 0
      vertex 0.740822 0.622842 0
    endloop
  endfacet
  facet normal 0 0 -1
    outer loop
      vertex 0.690822 0 0
      vertex 0.740723 0.0468597 0
      vertex 0.740427 0.0437326 0
    endloop
  endfacet
  facet normal 0 -0 -1
    outer loop
      vertex 0.583492 0.401165 0
      vertex 0.740822 0.622842 0
      vertex 0.581365 0.387732 0
    endloop
  endfacet
  facet normal 0 0 -1
    outer loop
      vertex 0.690822 0 0
      vertex 0.740427 0.0437326 0
      vertex 0.739936 0.0406303 0
    endloop
  endfacet
  facet normal 0 -0 -1
    outer loop
      vertex 0.584772 0.414705 0
      vertex 0.740822 0.622842 0
      vertex 0.583492 0.401165 0
    endloop
  endfacet
  facet normal 0 0 -1
    outer loop
      vertex 0.690822 0 0
      vertex 0.739936 0.0406303 0
      vertex 0.739251 0.0375652 0
    endloop
  endfacet
  facet normal 0 -0 -1
    outer loop
      vertex 0.585199 0.4283 0
      vertex 0.740822 0.622842 0
      vertex 0.584772 0.414705 0
    endloop
  endfacet
  facet normal 0 0 -1
    outer loop
      vertex 0.690822 0 0
      vertex 0.739251 0.0375652 0
      vertex 0.738375 0.0345488 0
    endloop
  endfacet
  facet normal 0 0 -1
    outer loop
      vertex 0.584772 0.441894 0
      vertex 0.740822 0.622842 0
      vertex 0.585199 0.4283 0
    endloop
  endfacet
  facet normal 0 0 -1
    outer loop
      vertex 0.690822 0 0
      vertex 0.738375 0.0345488 0
      vertex 0.73731 0.0315933 0
    endloop
  endfacet
  facet normal 0 0 -1
    outer loop
      vertex 0.581365 0.468867 0
      vertex 0.740822 0.622842 0
      vertex 0.583492 0.455434 0
    endloop
  endfacet
  facet normal 0 0 -1
    outer loop
      vertex 0.690822 0 0
      vertex 0.73731 0.0315933 0
      vertex 0.736063 0.0287104 0
    endloop
  endfacet
  facet normal 0 0 -1
    outer loop
      vertex 0.578398 0.482141 0
      vertex 0.740822 0.622842 0
      vertex 0.581365 0.468867 0
    endloop
  endfacet
  facet normal 0 0 -1
    outer loop
      vertex 0.690822 0 0
      vertex 0.736063 0.0287104 0
      vertex 0.734637 0.0259123 0
    endloop
  endfacet
  facet normal 0 0 -1
    outer loop
      vertex 0.574603 0.495202 0
      vertex 0.740822 0.622842 0
      vertex 0.578398 0.482141 0
    endloop
  endfacet
  facet normal 0 0 -1
    outer loop
      vertex 0.690822 0 0
      vertex 0.734637 0.0259123 0
      vertex 0.733038 0.0232086 0
    endloop
  endfacet
  facet normal 0 0 -1
    outer loop
      vertex 0.569996 0.507998 0
      vertex 0.740822 0.622842 0
      vertex 0.574603 0.495202 0
    endloop
  endfacet
  facet normal 0 0 -1
    outer loop
      vertex 0.690822 0 0
      vertex 0.733038 0.0232086 0
      vertex 0.731273 0.0206099 0
    endloop
  endfacet
  facet normal 0 0 -1
    outer loop
      vertex 0.564594 0.520481 0
      vertex 0.740822 0.622842 0
      vertex 0.569996 0.507998 0
    endloop
  endfacet
  facet normal 0 0 -1
    outer loop
      vertex 0.690822 0 0
      vertex 0.731273 0.0206099 0
      vertex 0.729347 0.0181284 0
    endloop
  endfacet
  facet normal 0 0 -1
    outer loop
      vertex 0.55842 0.532599 0
      vertex 0.740822 0.622842 0
      vertex 0.564594 0.520481 0
    endloop
  endfacet
  facet normal 0 0 -1
    outer loop
      vertex 0.690822 0 0
      vertex 0.729347 0.0181284 0
      vertex 0.72727 0.0157719 0
    endloop
  endfacet
  facet normal 0 -0 -1
    outer loop
      vertex 0.690822 0.672841 0
      vertex 0.740822 0.622842 0
      vertex 0.55842 0.532599 0
    endloop
  endfacet
  facet normal 0 0 -1
    outer loop
      vertex 0.690822 0 0
      vertex 0.72727 0.0157719 0
      vertex 0.725049 0.0135508 0
    endloop
  endfacet
  facet normal 0 0 -1
    outer loop
      vertex 0.740822 0.622842 0
      vertex 0.690822 0.672841 0
      vertex 0.740723 0.625981 0
    endloop
  endfacet
  facet normal 0 0 -1
    outer loop
      vertex 0.690822 0 0
      vertex 0.725049 0.0135508 0
      vertex 0.722692 0.0114737 0
    endloop
  endfacet
  facet normal 0 0 -1
    outer loop
      vertex 0.740723 0.625981 0
      vertex 0.690822 0.672841 0
      vertex 0.740427 0.629108 0
    endloop
  endfacet
  facet normal 0 0 -1
    outer loop
      vertex 0.690822 0 0
      vertex 0.722692 0.0114737 0
      vertex 0.720211 0.00954914 0
    endloop
  endfacet
  facet normal 0 0 -1
    outer loop
      vertex 0.740427 0.629108 0
      vertex 0.690822 0.672841 0
      vertex 0.739936 0.632211 0
    endloop
  endfacet
  facet normal 0 0 -1
    outer loop
      vertex 0.690822 0 0
      vertex 0.720211 0.00954914 0
      vertex 0.717613 0.00778294 0
    endloop
  endfacet
  facet normal 0 0 -1
    outer loop
      vertex 0.739251 0.635276 0
      vertex 0.690822 0.672841 0
      vertex 0.738375 0.638292 0
    endloop
  endfacet
  facet normal 0 0 -1
    outer loop
      vertex 0.690822 0 0
      vertex 0.717613 0.00778294 0
      vertex 0.71491 0.00618458 0
    endloop
  endfacet
  facet normal 0 0 -1
    outer loop
      vertex 0.738375 0.638292 0
      vertex 0.690822 0.672841 0
      vertex 0.73731 0.641248 0
    endloop
  endfacet
  facet normal 0 0 -1
    outer loop
      vertex 0.690822 0 0
      vertex 0.71491 0.00618458 0
      vertex 0.712111 0.00475788 0
    endloop
  endfacet
  facet normal 0 0 -1
    outer loop
      vertex 0.73731 0.641248 0
      vertex 0.690822 0.672841 0
      vertex 0.736063 0.644131 0
    endloop
  endfacet
  facet normal 0 0 -1
    outer loop
      vertex 0.690822 0 0
      vertex 0.712111 0.00475788 0
      vertex 0.709228 0.00351048 0
    endloop
  endfacet
  facet normal 0 0 -1
    outer loop
      vertex 0.736063 0.644131 0
      vertex 0.690822 0.672841 0
      vertex 0.734637 0.646929 0
    endloop
  endfacet
  facet normal 0 0 -1
    outer loop
      vertex 0.690822 0 0
      vertex 0.709228 0.00351048 0
      vertex 0.706272 0.00244713 0
    endloop
  endfacet
  facet normal 0 0 -1
    outer loop
      vertex 0.734637 0.646929 0
      vertex 0.690822 0.672841 0
      vertex 0.733038 0.649632 0
    endloop
  endfacet
  facet normal 0 0 -1
    outer loop
      vertex 0.690822 0 0
      vertex 0.706272 0.00244713 0
      vertex 0.703256 0.0015707 0
    endloop
  endfacet
  facet normal 0 0 -1
    outer loop
      vertex 0.733038 0.649632 0
      vertex 0.690822 0.672841 0
      vertex 0.731273 0.652231 0
    endloop
  endfacet
  facet normal 0 0 -1
    outer loop
      vertex 0.690822 0 0
      vertex 0.703256 0.0015707 0
      vertex 0.700191 0.00088501 0
    endloop
  endfacet
  facet normal 0 0 -1
    outer loop
      vertex 0.731273 0.652231 0
      vertex 0.690822 0.672841 0
      vertex 0.729347 0.654713 0
    endloop
  endfacet
  facet normal 0 0 -1
    outer loop
      vertex 0.690822 0 0
      vertex 0.700191 0.00088501 0
      vertex 0.697088 0.000393867 0
    endloop
  endfacet
  facet normal 0 0 -1
    outer loop
      vertex 0.729347 0.654713 0
      vertex 0.690822 0.672841 0
      vertex 0.72727 0.657069 0
    endloop
  endfacet
  facet normal 0 0 -1
    outer loop
      vertex 0.690822 0 0
      vertex 0.697088 0.000393867 0
      vertex 0.693961 9.82285e-05 0
    endloop
  endfacet
  facet normal 0 0 -1
    outer loop
      vertex 0.72727 0.657069 0
      vertex 0.690822 0.672841 0
      vertex 0.725049 0.65929 0
    endloop
  endfacet
  facet normal -0 0 -1
    outer loop
      vertex 0.740822 0.0499992 0
      vertex 0.690822 0 0
      vertex 0.506701 0.261483 0
    endloop
  endfacet
  facet normal 0 0 -1
    outer loop
      vertex 0.725049 0.65929 0
      vertex 0.690822 0.672841 0
      vertex 0.722692 0.661367 0
    endloop
  endfacet
  facet normal 0 0 -1
    outer loop
      vertex 0.720211 0.663292 0
      vertex 0.690822 0.672841 0
      vertex 0.717613 0.665058 0
    endloop
  endfacet
  facet normal 0 0 -1
    outer loop
      vertex 0.71491 0.666656 0
      vertex 0.690822 0.672841 0
      vertex 0.712111 0.668083 0
    endloop
  endfacet
  facet normal 0 0 -1
    outer loop
      vertex 0.717613 0.665058 0
      vertex 0.690822 0.672841 0
      vertex 0.71491 0.666656 0
    endloop
  endfacet
  facet normal 0 0 -1
    outer loop
      vertex 0.583492 0.455434 0
      vertex 0.740822 0.622842 0
      vertex 0.584772 0.441894 0
    endloop
  endfacet
  facet normal 0 0 -1
    outer loop
      vertex 0.740822 0.0499992 0
      vertex 0.578398 0.374458 0
      vertex 0.581365 0.387732 0
    endloop
  endfacet
  facet normal 0 0 -1
    outer loop
      vertex 0.740822 0.0499992 0
      vertex 0.574603 0.361398 0
      vertex 0.578398 0.374458 0
    endloop
  endfacet
  facet normal 0 0 -1
    outer loop
      vertex 0.740822 0.0499992 0
      vertex 0.569996 0.3486 0
      vertex 0.574603 0.361398 0
    endloop
  endfacet
  facet normal 0 0 -1
    outer loop
      vertex 0.740822 0.0499992 0
      vertex 0.564594 0.336119 0
      vertex 0.569996 0.3486 0
    endloop
  endfacet
  facet normal 0 0 -1
    outer loop
      vertex 0.740822 0.0499992 0
      vertex 0.55842 0.323999 0
      vertex 0.564594 0.336119 0
    endloop
  endfacet
  facet normal 0 0 -1
    outer loop
      vertex 0.740822 0.0499992 0
      vertex 0.551497 0.312293 0
      vertex 0.55842 0.323999 0
    endloop
  endfacet
  facet normal 0 0 -1
    outer loop
      vertex 0.740822 0.0499992 0
      vertex 0.543852 0.301044 0
      vertex 0.551497 0.312293 0
    endloop
  endfacet
  facet normal 0 0 -1
    outer loop
      vertex 0.740822 0.0499992 0
      vertex 0.535516 0.290298 0
      vertex 0.543852 0.301044 0
    endloop
  endfacet
  facet normal 0 0 -1
    outer loop
      vertex 0.740822 0.0499992 0
      vertex 0.526522 0.280095 0
      vertex 0.535516 0.290298 0
    endloop
  endfacet
  facet normal 0 0 -1
    outer loop
      vertex 0.740822 0.0499992 0
      vertex 0.516904 0.270478 0
      vertex 0.526522 0.280095 0
    endloop
  endfacet
  facet normal 0 0 -1
    outer loop
      vertex 0.740822 0.0499992 0
      vertex 0.506701 0.261483 0
      vertex 0.516904 0.270478 0
    endloop
  endfacet
  facet normal 0 0 -1
    outer loop
      vertex 0.690822 0 0
      vertex 0.495955 0.253147 0
      vertex 0.506701 0.261483 0
    endloop
  endfacet
  facet normal 0 0 -1
    outer loop
      vertex 0.690822 0 0
      vertex 0.484706 0.245502 0
      vertex 0.495955 0.253147 0
    endloop
  endfacet
  facet normal 0 0 -1
    outer loop
      vertex 0.690822 0 0
      vertex 0.473 0.238579 0
      vertex 0.484706 0.245502 0
    endloop
  endfacet
  facet normal 0 0 -1
    outer loop
      vertex 0.690822 0 0
      vertex 0.46088 0.232405 0
      vertex 0.473 0.238579 0
    endloop
  endfacet
  facet normal 0 0 -1
    outer loop
      vertex 0.690822 0 0
      vertex 0.448399 0.227003 0
      vertex 0.46088 0.232405 0
    endloop
  endfacet
  facet normal 0 0 -1
    outer loop
      vertex 0.690822 0 0
      vertex 0.435601 0.222396 0
      vertex 0.448399 0.227003 0
    endloop
  endfacet
  facet normal 0 0 -1
    outer loop
      vertex 0.690822 0 0
      vertex 0.422541 0.218601 0
      vertex 0.435601 0.222396 0
    endloop
  endfacet
  facet normal 0 0 -1
    outer loop
      vertex 0.690822 0 0
      vertex 0.409267 0.215634 0
      vertex 0.422541 0.218601 0
    endloop
  endfacet
  facet normal 0 0 -1
    outer loop
      vertex 0.690822 0 0
      vertex 0.395834 0.213507 0
      vertex 0.409267 0.215634 0
    endloop
  endfacet
  facet normal 0 0 -1
    outer loop
      vertex 0.690822 0 0
      vertex 0.382294 0.212227 0
      vertex 0.395834 0.213507 0
    endloop
  endfacet
  facet normal 0 0 -1
    outer loop
      vertex 0.690822 0 0
      vertex 0.368699 0.2118 0
      vertex 0.382294 0.212227 0
    endloop
  endfacet
  facet normal 0 0 -1
    outer loop
      vertex 0.0499992 0 0
      vertex 0.368699 0.2118 0
      vertex 0.690822 0 0
    endloop
  endfacet
  facet normal -0 0 -1
    outer loop
      vertex 0.368699 0.2118 0
      vertex 0.0499992 0 0
      vertex 0.365513 0.2119 0
    endloop
  endfacet
  facet normal -0 0 -1
    outer loop
      vertex 0.365513 0.2119 0
      vertex 0.0499992 0 0
      vertex 0.343399 0.213333 0
    endloop
  endfacet
  facet normal -0 0 -1
    outer loop
      vertex 0.343399 0.213333 0
      vertex 0.0499992 0 0
      vertex 0.341565 0.213507 0
    endloop
  endfacet
  facet normal -0 0 -1
    outer loop
      vertex 0.341565 0.213507 0
      vertex 0.0499992 0 0
      vertex 0.328132 0.215634 0
    endloop
  endfacet
  facet normal -0 0 -1
    outer loop
      vertex 0.328132 0.215634 0
      vertex 0.0499992 0 0
      vertex 0.314858 0.218601 0
    endloop
  endfacet
  facet normal -0 0 -1
    outer loop
      vertex 0.314858 0.218601 0
      vertex 0.0499992 0 0
      vertex 0.301797 0.222396 0
    endloop
  endfacet
  facet normal -0 0 -1
    outer loop
      vertex 0.301797 0.222396 0
      vertex 0.0499992 0 0
      vertex 0.289001 0.227003 0
    endloop
  endfacet
  facet normal -0 0 -1
    outer loop
      vertex 0.289001 0.227003 0
      vertex 0.0499992 0 0
      vertex 0.276518 0.232405 0
    endloop
  endfacet
  facet normal 0 0 -1
    outer loop
      vertex 0.156034 0.387732 0
      vertex 0 0.622842 0
      vertex 0.153907 0.401165 0
    endloop
  endfacet
  facet normal 0 0 -1
    outer loop
      vertex 0 0.622842 0
      vertex 0.156034 0.387732 0
      vertex 0 0.0499992 0
    endloop
  endfacet
  facet normal -0 0 -1
    outer loop
      vertex 0.159001 0.374458 0
      vertex 0 0.0499992 0
      vertex 0.156034 0.387732 0
    endloop
  endfacet
  facet normal -0 0 -1
    outer loop
      vertex 0.162796 0.361398 0
      vertex 0 0.0499992 0
      vertex 0.159001 0.374458 0
    endloop
  endfacet
  facet normal -0 0 -1
    outer loop
      vertex 0.167403 0.3486 0
      vertex 0 0.0499992 0
      vertex 0.162796 0.361398 0
    endloop
  endfacet
  facet normal -0 0 -1
    outer loop
      vertex 0.172805 0.336119 0
      vertex 0 0.0499992 0
      vertex 0.167403 0.3486 0
    endloop
  endfacet
  facet normal -0 0 -1
    outer loop
      vertex 0.178979 0.323999 0
      vertex 0 0.0499992 0
      vertex 0.172805 0.336119 0
    endloop
  endfacet
  facet normal -0 0 -1
    outer loop
      vertex 0.185903 0.312293 0
      vertex 0 0.0499992 0
      vertex 0.178979 0.323999 0
    endloop
  endfacet
  facet normal -0 0 -1
    outer loop
      vertex 0.193547 0.301044 0
      vertex 0 0.0499992 0
      vertex 0.185903 0.312293 0
    endloop
  endfacet
  facet normal -0 0 -1
    outer loop
      vertex 0.201883 0.290298 0
      vertex 0 0.0499992 0
      vertex 0.193547 0.301044 0
    endloop
  endfacet
  facet normal -0 0 -1
    outer loop
      vertex 0.210877 0.280095 0
      vertex 0 0.0499992 0
      vertex 0.201883 0.290298 0
    endloop
  endfacet
  facet normal -0 0 -1
    outer loop
      vertex 0.220495 0.270478 0
      vertex 0 0.0499992 0
      vertex 0.210877 0.280095 0
    endloop
  endfacet
  facet normal -0 0 -1
    outer loop
      vertex 0.230698 0.261483 0
      vertex 0 0.0499992 0
      vertex 0.220495 0.270478 0
    endloop
  endfacet
  facet normal 0 0 -1
    outer loop
      vertex 0 0.0499992 0
      vertex 0.230698 0.261483 0
      vertex 0.0499992 0 0
    endloop
  endfacet
  facet normal -0 0 -1
    outer loop
      vertex 0.241444 0.253147 0
      vertex 0.0499992 0 0
      vertex 0.230698 0.261483 0
    endloop
  endfacet
  facet normal -0 0 -1
    outer loop
      vertex 0.252693 0.245502 0
      vertex 0.0499992 0 0
      vertex 0.241444 0.253147 0
    endloop
  endfacet
  facet normal -0 0 -1
    outer loop
      vertex 0.2644 0.238579 0
      vertex 0.0499992 0 0
      vertex 0.252693 0.245502 0
    endloop
  endfacet
  facet normal -0 0 -1
    outer loop
      vertex 0.276518 0.232405 0
      vertex 0.0499992 0 0
      vertex 0.2644 0.238579 0
    endloop
  endfacet
  facet normal 0 0 -1
    outer loop
      vertex 0.712111 0.668083 0
      vertex 0.690822 0.672841 0
      vertex 0.709228 0.669331 0
    endloop
  endfacet
  facet normal 0 0 -1
    outer loop
      vertex 0.709228 0.669331 0
      vertex 0.690822 0.672841 0
      vertex 0.706272 0.670394 0
    endloop
  endfacet
  facet normal 0 0 -1
    outer loop
      vertex 0.706272 0.670394 0
      vertex 0.690822 0.672841 0
      vertex 0.703256 0.67127 0
    endloop
  endfacet
  facet normal 0 0 -1
    outer loop
      vertex 0.703256 0.67127 0
      vertex 0.690822 0.672841 0
      vertex 0.700191 0.671956 0
    endloop
  endfacet
  facet normal 0 0 -1
    outer loop
      vertex 0.700191 0.671956 0
      vertex 0.690822 0.672841 0
      vertex 0.697088 0.672447 0
    endloop
  endfacet
  facet normal 0 0 -1
    outer loop
      vertex 0.697088 0.672447 0
      vertex 0.690822 0.672841 0
      vertex 0.693961 0.672743 0
    endloop
  endfacet
  facet normal 0 0 -1
    outer loop
      vertex 0.722692 0.661367 0
      vertex 0.690822 0.672841 0
      vertex 0.720211 0.663292 0
    endloop
  endfacet
  facet normal 0 0 -1
    outer loop
      vertex 0.739936 0.632211 0
      vertex 0.690822 0.672841 0
      vertex 0.739251 0.635276 0
    endloop
  endfacet
  facet normal 0 0 -1
    outer loop
      vertex 0.551497 0.544306 0
      vertex 0.690822 0.672841 0
      vertex 0.55842 0.532599 0
    endloop
  endfacet
  facet normal 0 0 -1
    outer loop
      vertex 0.543852 0.555555 0
      vertex 0.690822 0.672841 0
      vertex 0.551497 0.544306 0
    endloop
  endfacet
  facet normal 0 0 -1
    outer loop
      vertex 0.535516 0.566301 0
      vertex 0.690822 0.672841 0
      vertex 0.543852 0.555555 0
    endloop
  endfacet
  facet normal 0 0 -1
    outer loop
      vertex 0.526522 0.576504 0
      vertex 0.690822 0.672841 0
      vertex 0.535516 0.566301 0
    endloop
  endfacet
  facet normal 0 0 -1
    outer loop
      vertex 0.516904 0.586122 0
      vertex 0.690822 0.672841 0
      vertex 0.526522 0.576504 0
    endloop
  endfacet
  facet normal 0 0 -1
    outer loop
      vertex 0.506701 0.595116 0
      vertex 0.690822 0.672841 0
      vertex 0.516904 0.586122 0
    endloop
  endfacet
  facet normal 0 0 -1
    outer loop
      vertex 0.495955 0.603452 0
      vertex 0.690822 0.672841 0
      vertex 0.506701 0.595116 0
    endloop
  endfacet
  facet normal 0 0 -1
    outer loop
      vertex 0.484706 0.611096 0
      vertex 0.690822 0.672841 0
      vertex 0.495955 0.603452 0
    endloop
  endfacet
  facet normal 0 0 -1
    outer loop
      vertex 0.473 0.61802 0
      vertex 0.690822 0.672841 0
      vertex 0.484706 0.611096 0
    endloop
  endfacet
  facet normal 0 0 -1
    outer loop
      vertex 0.46088 0.624194 0
      vertex 0.690822 0.672841 0
      vertex 0.473 0.61802 0
    endloop
  endfacet
  facet normal 0 0 -1
    outer loop
      vertex 0.448399 0.629596 0
      vertex 0.690822 0.672841 0
      vertex 0.46088 0.624194 0
    endloop
  endfacet
  facet normal 0 0 -1
    outer loop
      vertex 0.435601 0.634203 0
      vertex 0.690822 0.672841 0
      vertex 0.448399 0.629596 0
    endloop
  endfacet
  facet normal 0 0 -1
    outer loop
      vertex 0.422541 0.637998 0
      vertex 0.690822 0.672841 0
      vertex 0.435601 0.634203 0
    endloop
  endfacet
  facet normal 0 0 -1
    outer loop
      vertex 0.409267 0.640965 0
      vertex 0.690822 0.672841 0
      vertex 0.422541 0.637998 0
    endloop
  endfacet
  facet normal 0 0 -1
    outer loop
      vertex 0.395834 0.643092 0
      vertex 0.690822 0.672841 0
      vertex 0.409267 0.640965 0
    endloop
  endfacet
  facet normal 0 0 -1
    outer loop
      vertex 0.382294 0.644372 0
      vertex 0.690822 0.672841 0
      vertex 0.395834 0.643092 0
    endloop
  endfacet
  facet normal 0 0 -1
    outer loop
      vertex 0.368699 0.644799 0
      vertex 0.690822 0.672841 0
      vertex 0.382294 0.644372 0
    endloop
  endfacet
  facet normal 0 0 -1
    outer loop
      vertex 0.0499992 0.672841 0
      vertex 0.368699 0.644799 0
      vertex 0.367849 0.644773 0
    endloop
  endfacet
  facet normal 0 0 -1
    outer loop
      vertex 0.343399 0.213333 0
      vertex 0.367849 0.644773 0
      vertex 0.365513 0.2119 0
    endloop
  endfacet
  facet normal 0 0 -1
    outer loop
      vertex 0.343399 0.643265 0
      vertex 0.367849 0.644773 0
      vertex 0.343399 0.213333 0
    endloop
  endfacet
  facet normal 0 0 -1
    outer loop
      vertex 0.0499992 0.672841 0
      vertex 0.367849 0.644773 0
      vertex 0.343399 0.643265 0
    endloop
  endfacet
  facet normal 0 0 -1
    outer loop
      vertex 0.153907 0.401165 0
      vertex 0 0.622842 0
      vertex 0.152627 0.414705 0
    endloop
  endfacet
  facet normal 0 0 -1
    outer loop
      vertex 0.152627 0.414705 0
      vertex 0 0.622842 0
      vertex 0.1522 0.4283 0
    endloop
  endfacet
  facet normal 0 0 -1
    outer loop
      vertex 0.1522 0.4283 0
      vertex 0 0.622842 0
      vertex 0.152627 0.441894 0
    endloop
  endfacet
  facet normal 0 0 -1
    outer loop
      vertex 0.152627 0.441894 0
      vertex 0 0.622842 0
      vertex 0.153907 0.455434 0
    endloop
  endfacet
  facet normal 0 0 -1
    outer loop
      vertex 0.368699 0.644799 0
      vertex 0.0499992 0.672841 0
      vertex 0.690822 0.672841 0
    endloop
  endfacet
  facet normal 0 0 -1
    outer loop
      vertex 0.341565 0.643092 0
      vertex 0.0499992 0.672841 0
      vertex 0.343399 0.643265 0
    endloop
  endfacet
  facet normal 0 0 -1
    outer loop
      vertex 0.328132 0.640965 0
      vertex 0.0499992 0.672841 0
      vertex 0.341565 0.643092 0
    endloop
  endfacet
  facet normal 0 0 -1
    outer loop
      vertex 0.314858 0.637998 0
      vertex 0.0499992 0.672841 0
      vertex 0.328132 0.640965 0
    endloop
  endfacet
  facet normal 0 0 -1
    outer loop
      vertex 0.301797 0.634203 0
      vertex 0.0499992 0.672841 0
      vertex 0.314858 0.637998 0
    endloop
  endfacet
  facet normal 0 0 -1
    outer loop
      vertex 0.289001 0.629596 0
      vertex 0.0499992 0.672841 0
      vertex 0.301797 0.634203 0
    endloop
  endfacet
  facet normal 0 0 -1
    outer loop
      vertex 0.276518 0.624194 0
      vertex 0.0499992 0.672841 0
      vertex 0.289001 0.629596 0
    endloop
  endfacet
  facet normal 0 0 -1
    outer loop
      vertex 0.2644 0.61802 0
      vertex 0.0499992 0.672841 0
      vertex 0.276518 0.624194 0
    endloop
  endfacet
  facet normal 0 0 -1
    outer loop
      vertex 0.252693 0.611096 0
      vertex 0.0499992 0.672841 0
      vertex 0.2644 0.61802 0
    endloop
  endfacet
  facet normal 0 0 -1
    outer loop
      vertex 0.241444 0.603452 0
      vertex 0.0499992 0.672841 0
      vertex 0.252693 0.611096 0
    endloop
  endfacet
  facet normal 0 0 -1
    outer loop
      vertex 0.230698 0.595116 0
      vertex 0.0499992 0.672841 0
      vertex 0.241444 0.603452 0
    endloop
  endfacet
  facet normal 0 0 -1
    outer loop
      vertex 0.220495 0.586122 0
      vertex 0.0499992 0.672841 0
      vertex 0.230698 0.595116 0
    endloop
  endfacet
  facet normal 0 0 -1
    outer loop
      vertex 0.210877 0.576504 0
      vertex 0.0499992 0.672841 0
      vertex 0.220495 0.586122 0
    endloop
  endfacet
  facet normal 0 0 -1
    outer loop
      vertex 0.201883 0.566301 0
      vertex 0.0499992 0.672841 0
      vertex 0.210877 0.576504 0
    endloop
  endfacet
  facet normal 0 0 -1
    outer loop
      vertex 0.193547 0.555555 0
      vertex 0.0499992 0.672841 0
      vertex 0.201883 0.566301 0
    endloop
  endfacet
  facet normal 0 0 -1
    outer loop
      vertex 0.185903 0.544306 0
      vertex 0.0499992 0.672841 0
      vertex 0.193547 0.555555 0
    endloop
  endfacet
  facet normal 0 0 -1
    outer loop
      vertex 0.178979 0.532599 0
      vertex 0.0499992 0.672841 0
      vertex 0.185903 0.544306 0
    endloop
  endfacet
  facet normal 0 0 -1
    outer loop
      vertex 0 0.622842 0
      vertex 0.178979 0.532599 0
      vertex 0.172805 0.520481 0
    endloop
  endfacet
  facet normal 0 0 -1
    outer loop
      vertex 0 0.622842 0
      vertex 0.172805 0.520481 0
      vertex 0.167403 0.507998 0
    endloop
  endfacet
  facet normal 0 0 -1
    outer loop
      vertex 0 0.622842 0
      vertex 0.167403 0.507998 0
      vertex 0.162796 0.495202 0
    endloop
  endfacet
  facet normal 0 0 -1
    outer loop
      vertex 0 0.622842 0
      vertex 0.162796 0.495202 0
      vertex 0.159001 0.482141 0
    endloop
  endfacet
  facet normal 0 0 -1
    outer loop
      vertex 0.153907 0.455434 0
      vertex 0 0.622842 0
      vertex 0.156034 0.468867 0
    endloop
  endfacet
  facet normal 0 0 -1
    outer loop
      vertex 0 0.0499992 0
      vertex 0.0499992 0 0
      vertex 0.0468597 9.82285e-05 0
    endloop
  endfacet
  facet normal 0 0 -1
    outer loop
      vertex 0.156034 0.468867 0
      vertex 0 0.622842 0
      vertex 0.159001 0.482141 0
    endloop
  endfacet
  facet normal 0 0 -1
    outer loop
      vertex 0 0.0499992 0
      vertex 0.0468597 9.82285e-05 0
      vertex 0.0437326 0.000393867 0
    endloop
  endfacet
  facet normal 0 0 -1
    outer loop
      vertex 0.178979 0.532599 0
      vertex 0 0.622842 0
      vertex 0.0499992 0.672841 0
    endloop
  endfacet
  facet normal 0 0 -1
    outer loop
      vertex 0 0.0499992 0
      vertex 0.0437326 0.000393867 0
      vertex 0.0406303 0.00088501 0
    endloop
  endfacet
  facet normal 0 0 -1
    outer loop
      vertex 0.0499992 0.672841 0
      vertex 0 0.622842 0
      vertex 0.0468597 0.672743 0
    endloop
  endfacet
  facet normal 0 0 -1
    outer loop
      vertex 0 0.0499992 0
      vertex 0.0406303 0.00088501 0
      vertex 0.0375652 0.0015707 0
    endloop
  endfacet
  facet normal 0 0 -1
    outer loop
      vertex 0.0468597 0.672743 0
      vertex 0 0.622842 0
      vertex 0.0437326 0.672447 0
    endloop
  endfacet
  facet normal 0 0 -1
    outer loop
      vertex 0 0.0499992 0
      vertex 0.0375652 0.0015707 0
      vertex 0.0345488 0.00244713 0
    endloop
  endfacet
  facet normal 0 0 -1
    outer loop
      vertex 0.0437326 0.672447 0
      vertex 0 0.622842 0
      vertex 0.0406303 0.671956 0
    endloop
  endfacet
  facet normal 0 0 -1
    outer loop
      vertex 0 0.0499992 0
      vertex 0.0345488 0.00244713 0
      vertex 0.0315933 0.00351048 0
    endloop
  endfacet
  facet normal 0 0 -1
    outer loop
      vertex 0.0406303 0.671956 0
      vertex 0 0.622842 0
      vertex 0.0375652 0.67127 0
    endloop
  endfacet
  facet normal 0 0 -1
    outer loop
      vertex 0 0.0499992 0
      vertex 0.0315933 0.00351048 0
      vertex 0.0287104 0.00475788 0
    endloop
  endfacet
  facet normal 0 0 -1
    outer loop
      vertex 0.0375652 0.67127 0
      vertex 0 0.622842 0
      vertex 0.0345488 0.670394 0
    endloop
  endfacet
  facet normal 0 0 -1
    outer loop
      vertex 0 0.0499992 0
      vertex 0.0287104 0.00475788 0
      vertex 0.0259123 0.00618458 0
    endloop
  endfacet
  facet normal 0 0 -1
    outer loop
      vertex 0.0345488 0.670394 0
      vertex 0 0.622842 0
      vertex 0.0315933 0.669331 0
    endloop
  endfacet
  facet normal 0 0 -1
    outer loop
      vertex 0 0.0499992 0
      vertex 0.0259123 0.00618458 0
      vertex 0.0232086 0.00778294 0
    endloop
  endfacet
  facet normal 0 0 -1
    outer loop
      vertex 0.0315933 0.669331 0
      vertex 0 0.622842 0
      vertex 0.0287104 0.668083 0
    endloop
  endfacet
  facet normal 0 0 -1
    outer loop
      vertex 0 0.0499992 0
      vertex 0.0232086 0.00778294 0
      vertex 0.0206099 0.00954914 0
    endloop
  endfacet
  facet normal 0 0 -1
    outer loop
      vertex 0.0287104 0.668083 0
      vertex 0 0.622842 0
      vertex 0.0259123 0.666656 0
    endloop
  endfacet
  facet normal 0 0 -1
    outer loop
      vertex 0 0.0499992 0
      vertex 0.0206099 0.00954914 0
      vertex 0.0181284 0.0114737 0
    endloop
  endfacet
  facet normal 0 0 -1
    outer loop
      vertex 0.0259123 0.666656 0
      vertex 0 0.622842 0
      vertex 0.0232086 0.665058 0
    endloop
  endfacet
  facet normal 0 0 -1
    outer loop
      vertex 0 0.0499992 0
      vertex 0.0181284 0.0114737 0
      vertex 0.0157719 0.0135508 0
    endloop
  endfacet
  facet normal 0 0 -1
    outer loop
      vertex 0.0232086 0.665058 0
      vertex 0 0.622842 0
      vertex 0.0206099 0.663292 0
    endloop
  endfacet
  facet normal 0 0 -1
    outer loop
      vertex 0 0.0499992 0
      vertex 0.0157719 0.0135508 0
      vertex 0.0135508 0.0157719 0
    endloop
  endfacet
  facet normal 0 0 -1
    outer loop
      vertex 0.0206099 0.663292 0
      vertex 0 0.622842 0
      vertex 0.0181284 0.661367 0
    endloop
  endfacet
  facet normal 0 0 -1
    outer loop
      vertex 0 0.0499992 0
      vertex 0.0135508 0.0157719 0
      vertex 0.0114737 0.0181284 0
    endloop
  endfacet
  facet normal 0 0 -1
    outer loop
      vertex 0.0181284 0.661367 0
      vertex 0 0.622842 0
      vertex 0.0157719 0.65929 0
    endloop
  endfacet
  facet normal 0 0 -1
    outer loop
      vertex 0 0.0499992 0
      vertex 0.0114737 0.0181284 0
      vertex 0.00954914 0.0206099 0
    endloop
  endfacet
  facet normal 0 0 -1
    outer loop
      vertex 0.0157719 0.65929 0
      vertex 0 0.622842 0
      vertex 0.0135508 0.657069 0
    endloop
  endfacet
  facet normal 0 0 -1
    outer loop
      vertex 0 0.0499992 0
      vertex 0.00954914 0.0206099 0
      vertex 0.00778294 0.0232086 0
    endloop
  endfacet
  facet normal 0 0 -1
    outer loop
      vertex 0.0135508 0.657069 0
      vertex 0 0.622842 0
      vertex 0.0114737 0.654713 0
    endloop
  endfacet
  facet normal 0 0 -1
    outer loop
      vertex 0 0.0499992 0
      vertex 0.00778294 0.0232086 0
      vertex 0.00618458 0.0259123 0
    endloop
  endfacet
  facet normal 0 0 -1
    outer loop
      vertex 0.0114737 0.654713 0
      vertex 0 0.622842 0
      vertex 0.00954914 0.652231 0
    endloop
  endfacet
  facet normal 0 0 -1
    outer loop
      vertex 0 0.0499992 0
      vertex 0.00618458 0.0259123 0
      vertex 0.00475788 0.0287104 0
    endloop
  endfacet
  facet normal 0 0 -1
    outer loop
      vertex 0.00954914 0.652231 0
      vertex 0 0.622842 0
      vertex 0.00778294 0.649632 0
    endloop
  endfacet
  facet normal 0 0 -1
    outer loop
      vertex 0 0.0499992 0
      vertex 0.00475788 0.0287104 0
      vertex 0.00351048 0.0315933 0
    endloop
  endfacet
  facet normal 0 0 -1
    outer loop
      vertex 0.00778294 0.649632 0
      vertex 0 0.622842 0
      vertex 0.00618458 0.646929 0
    endloop
  endfacet
  facet normal 0 0 -1
    outer loop
      vertex 0 0.0499992 0
      vertex 0.00351048 0.0315933 0
      vertex 0.00244713 0.0345488 0
    endloop
  endfacet
  facet normal 0 0 -1
    outer loop
      vertex 0.00618458 0.646929 0
      vertex 0 0.622842 0
      vertex 0.00475788 0.644131 0
    endloop
  endfacet
  facet normal 0 0 -1
    outer loop
      vertex 0 0.0499992 0
      vertex 0.00244713 0.0345488 0
      vertex 0.0015707 0.0375652 0
    endloop
  endfacet
  facet normal 0 0 -1
    outer loop
      vertex 0.00475788 0.644131 0
      vertex 0 0.622842 0
      vertex 0.00351048 0.641248 0
    endloop
  endfacet
  facet normal 0 0 -1
    outer loop
      vertex 0 0.0499992 0
      vertex 0.0015707 0.0375652 0
      vertex 0.00088501 0.0406303 0
    endloop
  endfacet
  facet normal 0 0 -1
    outer loop
      vertex 0.00351048 0.641248 0
      vertex 0 0.622842 0
      vertex 0.00244713 0.638292 0
    endloop
  endfacet
  facet normal 0 0 -1
    outer loop
      vertex 0 0.0499992 0
      vertex 0.00088501 0.0406303 0
      vertex 0.000393867 0.0437326 0
    endloop
  endfacet
  facet normal 0 0 -1
    outer loop
      vertex 0.00244713 0.638292 0
      vertex 0 0.622842 0
      vertex 0.0015707 0.635276 0
    endloop
  endfacet
  facet normal 0 0 -1
    outer loop
      vertex 0 0.0499992 0
      vertex 0.000393867 0.0437326 0
      vertex 9.82285e-05 0.0468597 0
    endloop
  endfacet
  facet normal 0 0 -1
    outer loop
      vertex 0.0015707 0.635276 0
      vertex 0 0.622842 0
      vertex 0.00088501 0.632211 0
    endloop
  endfacet
  facet normal 0 0 -1
    outer loop
      vertex 0.00088501 0.632211 0
      vertex 0 0.622842 0
      vertex 0.000393867 0.629108 0
    endloop
  endfacet
  facet normal 0 0 -1
    outer loop
      vertex 0.000393867 0.629108 0
      vertex 0 0.622842 0
      vertex 9.82285e-05 0.625981 0
    endloop
  endfacet
  facet normal 0.0942382 0.99555 -0
    outer loop
      vertex 0.697088 0.672447 0
      vertex 0.693961 0.672743 0.171797
      vertex 0.697088 0.672447 0.171797
    endloop
  endfacet
  facet normal 0.0942382 0.99555 0
    outer loop
      vertex 0.693961 0.672743 0.171797
      vertex 0.697088 0.672447 0
      vertex 0.693961 0.672743 0
    endloop
  endfacet
  facet normal 0.99555 0.0942382 0
    outer loop
      vertex 0.740723 0.625981 0.171797
      vertex 0.740427 0.629108 0
      vertex 0.740427 0.629108 0.171797
    endloop
  endfacet
  facet normal 0.99555 0.0942382 0
    outer loop
      vertex 0.740427 0.629108 0
      vertex 0.740723 0.625981 0.171797
      vertex 0.740723 0.625981 0
    endloop
  endfacet
  facet normal 0.999503 0.031523 0
    outer loop
      vertex 0.740822 0.622842 0.171797
      vertex 0.740723 0.625981 0
      vertex 0.740723 0.625981 0.171797
    endloop
  endfacet
  facet normal 0.999503 0.031523 0
    outer loop
      vertex 0.740723 0.625981 0
      vertex 0.740822 0.622842 0.171797
      vertex 0.740822 0.622842 0
    endloop
  endfacet
  facet normal 0.999503 -0.031518 0
    outer loop
      vertex 0.740723 0.0468597 0.171797
      vertex 0.740822 0.0499992 0
      vertex 0.740822 0.0499992 0.171797
    endloop
  endfacet
  facet normal 0.999503 -0.031518 0
    outer loop
      vertex 0.740822 0.0499992 0
      vertex 0.740723 0.0468597 0.171797
      vertex 0.740723 0.0468597 0
    endloop
  endfacet
  facet normal -0.0312726 -0.999511 0
    outer loop
      vertex 0.0468597 9.82285e-05 0
      vertex 0.0499992 0 0.171797
      vertex 0.0468597 9.82285e-05 0.171797
    endloop
  endfacet
  facet normal -0.0312726 -0.999511 -0
    outer loop
      vertex 0.0499992 0 0.171797
      vertex 0.0468597 9.82285e-05 0
      vertex 0.0499992 0 0
    endloop
  endfacet
  facet normal -0.975879 -0.218313 0
    outer loop
      vertex 0.0015707 0.0375652 0
      vertex 0.00088501 0.0406303 0.171797
      vertex 0.00088501 0.0406303 0
    endloop
  endfacet
  facet normal -0.975879 -0.218313 0
    outer loop
      vertex 0.00088501 0.0406303 0.171797
      vertex 0.0015707 0.0375652 0
      vertex 0.0015707 0.0375652 0.171797
    endloop
  endfacet
  facet normal -0.890872 0.454255 0
    outer loop
      vertex 0.00475788 0.644131 0
      vertex 0.00618458 0.646929 0.171797
      vertex 0.00618458 0.646929 0
    endloop
  endfacet
  facet normal -0.890872 0.454255 0
    outer loop
      vertex 0.00618458 0.646929 0.171797
      vertex 0.00475788 0.644131 0
      vertex 0.00475788 0.644131 0.171797
    endloop
  endfacet
  facet normal -0.999511 0.0312776 0
    outer loop
      vertex 0 0.622842 0
      vertex 9.82285e-05 0.625981 0.171797
      vertex 9.82285e-05 0.625981 0
    endloop
  endfacet
  facet normal -0.999511 0.0312776 0
    outer loop
      vertex 9.82285e-05 0.625981 0.171797
      vertex 0 0.622842 0
      vertex 0 0.622842 0.171797
    endloop
  endfacet
  facet normal 0.707107 0.707107 0
    outer loop
      vertex 0.72727 0.657069 0.171797
      vertex 0.725049 0.65929 0
      vertex 0.725049 0.65929 0.171797
    endloop
  endfacet
  facet normal 0.707107 0.707107 0
    outer loop
      vertex 0.725049 0.65929 0
      vertex 0.72727 0.657069 0.171797
      vertex 0.72727 0.657069 0
    endloop
  endfacet
  facet normal 0 1 -0
    outer loop
      vertex 0.690822 0.672841 0
      vertex 0.0499992 0.672841 0.171797
      vertex 0.690822 0.672841 0.171797
    endloop
  endfacet
  facet normal 0 1 0
    outer loop
      vertex 0.0499992 0.672841 0.171797
      vertex 0.690822 0.672841 0
      vertex 0.0499992 0.672841 0
    endloop
  endfacet
  facet normal 0.0312049 0.999513 -0
    outer loop
      vertex 0.693961 0.672743 0
      vertex 0.690822 0.672841 0.171797
      vertex 0.693961 0.672743 0.171797
    endloop
  endfacet
  facet normal 0.0312049 0.999513 0
    outer loop
      vertex 0.690822 0.672841 0.171797
      vertex 0.693961 0.672743 0
      vertex 0.690822 0.672841 0
    endloop
  endfacet
  facet normal 0.917818 -0.397002 0
    outer loop
      vertex 0.736063 0.0287104 0.171797
      vertex 0.73731 0.0315933 0
      vertex 0.73731 0.0315933 0.171797
    endloop
  endfacet
  facet normal 0.917818 -0.397002 0
    outer loop
      vertex 0.73731 0.0315933 0
      vertex 0.736063 0.0287104 0.171797
      vertex 0.736063 0.0287104 0
    endloop
  endfacet
  facet normal -0.39711 -0.917771 0
    outer loop
      vertex 0.0287104 0.00475788 0
      vertex 0.0315933 0.00351048 0.171797
      vertex 0.0287104 0.00475788 0.171797
    endloop
  endfacet
  facet normal -0.39711 -0.917771 -0
    outer loop
      vertex 0.0315933 0.00351048 0.171797
      vertex 0.0287104 0.00475788 0
      vertex 0.0315933 0.00351048 0
    endloop
  endfacet
  facet normal -0.75018 -0.661234 0
    outer loop
      vertex 0.0135508 0.0157719 0
      vertex 0.0114737 0.0181284 0.171797
      vertex 0.0114737 0.0181284 0
    endloop
  endfacet
  facet normal -0.75018 -0.661234 0
    outer loop
      vertex 0.0114737 0.0181284 0.171797
      vertex 0.0135508 0.0157719 0
      vertex 0.0135508 0.0157719 0.171797
    endloop
  endfacet
  facet normal -0.917771 -0.39711 0
    outer loop
      vertex 0.00475788 0.0287104 0
      vertex 0.00351048 0.0315933 0.171797
      vertex 0.00351048 0.0315933 0
    endloop
  endfacet
  facet normal -0.917771 -0.39711 0
    outer loop
      vertex 0.00351048 0.0315933 0.171797
      vertex 0.00475788 0.0287104 0
      vertex 0.00475788 0.0287104 0.171797
    endloop
  endfacet
  facet normal -0.75011 0.661313 0
    outer loop
      vertex 0.0114737 0.654713 0
      vertex 0.0135508 0.657069 0.171797
      vertex 0.0135508 0.657069 0
    endloop
  endfacet
  facet normal -0.75011 0.661313 0
    outer loop
      vertex 0.0135508 0.657069 0.171797
      vertex 0.0114737 0.654713 0
      vertex 0.0114737 0.654713 0.171797
    endloop
  endfacet
  facet normal -0.975877 0.21832 0
    outer loop
      vertex 0.00088501 0.632211 0
      vertex 0.0015707 0.635276 0.171797
      vertex 0.0015707 0.635276 0
    endloop
  endfacet
  facet normal -0.975877 0.21832 0
    outer loop
      vertex 0.0015707 0.635276 0.171797
      vertex 0.00088501 0.632211 0
      vertex 0.00088501 0.632211 0.171797
    endloop
  endfacet
  facet normal 0.454202 0.890899 -0
    outer loop
      vertex 0.71491 0.666656 0
      vertex 0.712111 0.668083 0.171797
      vertex 0.71491 0.666656 0.171797
    endloop
  endfacet
  facet normal 0.454202 0.890899 0
    outer loop
      vertex 0.712111 0.668083 0.171797
      vertex 0.71491 0.666656 0
      vertex 0.712111 0.668083 0
    endloop
  endfacet
  facet normal 0.917823 0.396991 0
    outer loop
      vertex 0.73731 0.641248 0.171797
      vertex 0.736063 0.644131 0
      vertex 0.736063 0.644131 0.171797
    endloop
  endfacet
  facet normal 0.917823 0.396991 0
    outer loop
      vertex 0.736063 0.644131 0
      vertex 0.73731 0.641248 0.171797
      vertex 0.73731 0.641248 0
    endloop
  endfacet
  facet normal -0.338443 0.940987 0
    outer loop
      vertex 0.0345488 0.670394 0
      vertex 0.0315933 0.669331 0.171797
      vertex 0.0345488 0.670394 0.171797
    endloop
  endfacet
  facet normal -0.338443 0.940987 0
    outer loop
      vertex 0.0315933 0.669331 0.171797
      vertex 0.0345488 0.670394 0
      vertex 0.0315933 0.669331 0
    endloop
  endfacet
  facet normal -0.612937 0.790132 0
    outer loop
      vertex 0.0206099 0.663292 0
      vertex 0.0181284 0.661367 0.171797
      vertex 0.0206099 0.663292 0.171797
    endloop
  endfacet
  facet normal -0.612937 0.790132 0
    outer loop
      vertex 0.0181284 0.661367 0.171797
      vertex 0.0206099 0.663292 0
      vertex 0.0181284 0.661367 0
    endloop
  endfacet
  facet normal 0.975926 -0.218104 0
    outer loop
      vertex 0.739251 0.0375652 0.171797
      vertex 0.739936 0.0406303 0
      vertex 0.739936 0.0406303 0.171797
    endloop
  endfacet
  facet normal 0.975926 -0.218104 0
    outer loop
      vertex 0.739936 0.0406303 0
      vertex 0.739251 0.0375652 0.171797
      vertex 0.739251 0.0375652 0
    endloop
  endfacet
  facet normal 0.562214 -0.826992 0
    outer loop
      vertex 0.717613 0.00778294 0
      vertex 0.720211 0.00954914 0.171797
      vertex 0.717613 0.00778294 0.171797
    endloop
  endfacet
  facet normal 0.562214 -0.826992 0
    outer loop
      vertex 0.720211 0.00954914 0.171797
      vertex 0.717613 0.00778294 0
      vertex 0.720211 0.00954914 0
    endloop
  endfacet
  facet normal 0.82724 -0.561849 0
    outer loop
      vertex 0.731273 0.0206099 0.171797
      vertex 0.733038 0.0232086 0
      vertex 0.733038 0.0232086 0.171797
    endloop
  endfacet
  facet normal 0.82724 -0.561849 0
    outer loop
      vertex 0.733038 0.0232086 0
      vertex 0.731273 0.0206099 0.171797
      vertex 0.731273 0.0206099 0
    endloop
  endfacet
  facet normal -0.218313 -0.975879 0
    outer loop
      vertex 0.0375652 0.0015707 0
      vertex 0.0406303 0.00088501 0.171797
      vertex 0.0375652 0.0015707 0.171797
    endloop
  endfacet
  facet normal -0.218313 -0.975879 -0
    outer loop
      vertex 0.0406303 0.00088501 0.171797
      vertex 0.0375652 0.0015707 0
      vertex 0.0406303 0.00088501 0
    endloop
  endfacet
  facet normal -0.0941211 -0.995561 0
    outer loop
      vertex 0.0437326 0.000393867 0
      vertex 0.0468597 9.82285e-05 0.171797
      vertex 0.0437326 0.000393867 0.171797
    endloop
  endfacet
  facet normal -0.0941211 -0.995561 -0
    outer loop
      vertex 0.0468597 9.82285e-05 0.171797
      vertex 0.0437326 0.000393867 0
      vertex 0.0468597 9.82285e-05 0
    endloop
  endfacet
  facet normal -0.7902 -0.61285 0
    outer loop
      vertex 0.0114737 0.0181284 0
      vertex 0.00954914 0.0206099 0.171797
      vertex 0.00954914 0.0206099 0
    endloop
  endfacet
  facet normal -0.7902 -0.61285 0
    outer loop
      vertex 0.00954914 0.0206099 0.171797
      vertex 0.0114737 0.0181284 0
      vertex 0.0114737 0.0181284 0.171797
    endloop
  endfacet
  facet normal -0.940951 -0.338542 0
    outer loop
      vertex 0.00351048 0.0315933 0
      vertex 0.00244713 0.0345488 0.171797
      vertex 0.00244713 0.0345488 0
    endloop
  endfacet
  facet normal -0.940951 -0.338542 0
    outer loop
      vertex 0.00244713 0.0345488 0.171797
      vertex 0.00351048 0.0315933 0
      vertex 0.00351048 0.0315933 0.171797
    endloop
  endfacet
  facet normal -0.860769 0.508997 0
    outer loop
      vertex 0.00618458 0.646929 0
      vertex 0.00778294 0.649632 0.171797
      vertex 0.00778294 0.649632 0
    endloop
  endfacet
  facet normal -0.860769 0.508997 0
    outer loop
      vertex 0.00778294 0.649632 0.171797
      vertex 0.00618458 0.646929 0
      vertex 0.00618458 0.646929 0.171797
    endloop
  endfacet
  facet normal -0.827092 0.562066 0
    outer loop
      vertex 0.00778294 0.649632 0
      vertex 0.00954914 0.652231 0.171797
      vertex 0.00954914 0.652231 0
    endloop
  endfacet
  facet normal -0.827092 0.562066 0
    outer loop
      vertex 0.00954914 0.652231 0.171797
      vertex 0.00778294 0.649632 0
      vertex 0.00778294 0.649632 0.171797
    endloop
  endfacet
  facet normal -0.790259 0.612773 0
    outer loop
      vertex 0.00954914 0.652231 0
      vertex 0.0114737 0.654713 0.171797
      vertex 0.0114737 0.654713 0
    endloop
  endfacet
  facet normal -0.790259 0.612773 0
    outer loop
      vertex 0.0114737 0.654713 0.171797
      vertex 0.00954914 0.652231 0
      vertex 0.00954914 0.652231 0.171797
    endloop
  endfacet
  facet normal -0.707091 0.707123 0
    outer loop
      vertex 0.0135508 0.657069 0
      vertex 0.0157719 0.65929 0.171797
      vertex 0.0157719 0.65929 0
    endloop
  endfacet
  facet normal -0.707091 0.707123 0
    outer loop
      vertex 0.0157719 0.65929 0.171797
      vertex 0.0135508 0.657069 0
      vertex 0.0135508 0.657069 0.171797
    endloop
  endfacet
  facet normal -0.661216 0.750195 0
    outer loop
      vertex 0.0181284 0.661367 0
      vertex 0.0157719 0.65929 0.171797
      vertex 0.0181284 0.661367 0.171797
    endloop
  endfacet
  facet normal -0.661216 0.750195 0
    outer loop
      vertex 0.0157719 0.65929 0.171797
      vertex 0.0181284 0.661367 0
      vertex 0.0157719 0.65929 0
    endloop
  endfacet
  facet normal -0.960277 0.27905 0
    outer loop
      vertex 0.0015707 0.635276 0
      vertex 0.00244713 0.638292 0.171797
      vertex 0.00244713 0.638292 0
    endloop
  endfacet
  facet normal -0.960277 0.27905 0
    outer loop
      vertex 0.00244713 0.638292 0.171797
      vertex 0.0015707 0.635276 0
      vertex 0.0015707 0.635276 0.171797
    endloop
  endfacet
  facet normal -0.94097 0.338491 0
    outer loop
      vertex 0.00244713 0.638292 0
      vertex 0.00351048 0.641248 0.171797
      vertex 0.00351048 0.641248 0
    endloop
  endfacet
  facet normal -0.94097 0.338491 0
    outer loop
      vertex 0.00351048 0.641248 0.171797
      vertex 0.00244713 0.638292 0
      vertex 0.00244713 0.638292 0.171797
    endloop
  endfacet
  facet normal -0.917776 0.397098 0
    outer loop
      vertex 0.00351048 0.641248 0
      vertex 0.00475788 0.644131 0.171797
      vertex 0.00475788 0.644131 0
    endloop
  endfacet
  facet normal -0.917776 0.397098 0
    outer loop
      vertex 0.00475788 0.644131 0.171797
      vertex 0.00351048 0.641248 0
      vertex 0.00351048 0.641248 0.171797
    endloop
  endfacet
  facet normal -0.99556 0.0941241 0
    outer loop
      vertex 9.82285e-05 0.625981 0
      vertex 0.000393867 0.629108 0.171797
      vertex 0.000393867 0.629108 0
    endloop
  endfacet
  facet normal -0.99556 0.0941241 0
    outer loop
      vertex 0.000393867 0.629108 0.171797
      vertex 9.82285e-05 0.625981 0
      vertex 9.82285e-05 0.625981 0.171797
    endloop
  endfacet
  facet normal -0.987704 0.156334 0
    outer loop
      vertex 0.000393867 0.629108 0
      vertex 0.00088501 0.632211 0.171797
      vertex 0.00088501 0.632211 0
    endloop
  endfacet
  facet normal -0.987704 0.156334 0
    outer loop
      vertex 0.00088501 0.632211 0.171797
      vertex 0.000393867 0.629108 0
      vertex 0.000393867 0.629108 0.171797
    endloop
  endfacet
  facet normal 0.218414 0.975856 -0
    outer loop
      vertex 0.703256 0.67127 0
      vertex 0.700191 0.671956 0.171797
      vertex 0.703256 0.67127 0.171797
    endloop
  endfacet
  facet normal 0.218414 0.975856 0
    outer loop
      vertex 0.700191 0.671956 0.171797
      vertex 0.703256 0.67127 0
      vertex 0.700191 0.671956 0
    endloop
  endfacet
  facet normal 0.397259 0.917707 -0
    outer loop
      vertex 0.712111 0.668083 0
      vertex 0.709228 0.669331 0.171797
      vertex 0.712111 0.668083 0.171797
    endloop
  endfacet
  facet normal 0.397259 0.917707 0
    outer loop
      vertex 0.709228 0.669331 0.171797
      vertex 0.712111 0.668083 0
      vertex 0.709228 0.669331 0
    endloop
  endfacet
  facet normal 0.278924 0.960313 -0
    outer loop
      vertex 0.706272 0.670394 0
      vertex 0.703256 0.67127 0.171797
      vertex 0.706272 0.670394 0.171797
    endloop
  endfacet
  facet normal 0.278924 0.960313 0
    outer loop
      vertex 0.703256 0.67127 0.171797
      vertex 0.706272 0.670394 0
      vertex 0.703256 0.67127 0
    endloop
  endfacet
  facet normal 0.562171 0.827021 -0
    outer loop
      vertex 0.720211 0.663292 0
      vertex 0.717613 0.665058 0.171797
      vertex 0.720211 0.663292 0.171797
    endloop
  endfacet
  facet normal 0.562171 0.827021 0
    outer loop
      vertex 0.717613 0.665058 0.171797
      vertex 0.720211 0.663292 0
      vertex 0.717613 0.665058 0
    endloop
  endfacet
  facet normal 0.661137 0.750265 -0
    outer loop
      vertex 0.725049 0.65929 0
      vertex 0.722692 0.661367 0.171797
      vertex 0.725049 0.65929 0.171797
    endloop
  endfacet
  facet normal 0.661137 0.750265 0
    outer loop
      vertex 0.722692 0.661367 0.171797
      vertex 0.725049 0.65929 0
      vertex 0.722692 0.661367 0
    endloop
  endfacet
  facet normal 0.508912 0.860819 -0
    outer loop
      vertex 0.717613 0.665058 0
      vertex 0.71491 0.666656 0.171797
      vertex 0.717613 0.665058 0.171797
    endloop
  endfacet
  facet normal 0.508912 0.860819 0
    outer loop
      vertex 0.71491 0.666656 0.171797
      vertex 0.717613 0.665058 0
      vertex 0.71491 0.666656 0
    endloop
  endfacet
  facet normal 0.890962 0.454078 0
    outer loop
      vertex 0.736063 0.644131 0.171797
      vertex 0.734637 0.646929 0
      vertex 0.734637 0.646929 0.171797
    endloop
  endfacet
  facet normal 0.890962 0.454078 0
    outer loop
      vertex 0.734637 0.646929 0
      vertex 0.736063 0.644131 0.171797
      vertex 0.736063 0.644131 0
    endloop
  endfacet
  facet normal 0.82727 0.561805 0
    outer loop
      vertex 0.733038 0.649632 0.171797
      vertex 0.731273 0.652231 0
      vertex 0.731273 0.652231 0.171797
    endloop
  endfacet
  facet normal 0.82727 0.561805 0
    outer loop
      vertex 0.731273 0.652231 0
      vertex 0.733038 0.649632 0.171797
      vertex 0.733038 0.649632 0
    endloop
  endfacet
  facet normal 0.960313 0.278924 0
    outer loop
      vertex 0.739251 0.635276 0.171797
      vertex 0.738375 0.638292 0
      vertex 0.738375 0.638292 0.171797
    endloop
  endfacet
  facet normal 0.960313 0.278924 0
    outer loop
      vertex 0.738375 0.638292 0
      vertex 0.739251 0.635276 0.171797
      vertex 0.739251 0.635276 0
    endloop
  endfacet
  facet normal 0.975924 0.21811 0
    outer loop
      vertex 0.739936 0.632211 0.171797
      vertex 0.739251 0.635276 0
      vertex 0.739251 0.635276 0.171797
    endloop
  endfacet
  facet normal 0.975924 0.21811 0
    outer loop
      vertex 0.739251 0.635276 0
      vertex 0.739936 0.632211 0.171797
      vertex 0.739936 0.632211 0
    endloop
  endfacet
  facet normal 0.987711 0.156289 0
    outer loop
      vertex 0.740427 0.629108 0.171797
      vertex 0.739936 0.632211 0
      vertex 0.739936 0.632211 0.171797
    endloop
  endfacet
  facet normal 0.987711 0.156289 0
    outer loop
      vertex 0.739936 0.632211 0
      vertex 0.740427 0.629108 0.171797
      vertex 0.740427 0.629108 0
    endloop
  endfacet
  facet normal -0.218407 0.975858 0
    outer loop
      vertex 0.0406303 0.671956 0
      vertex 0.0375652 0.67127 0.171797
      vertex 0.0406303 0.671956 0.171797
    endloop
  endfacet
  facet normal -0.218407 0.975858 0
    outer loop
      vertex 0.0375652 0.67127 0.171797
      vertex 0.0406303 0.671956 0
      vertex 0.0375652 0.67127 0
    endloop
  endfacet
  facet normal -0.156324 0.987706 0
    outer loop
      vertex 0.0437326 0.672447 0
      vertex 0.0406303 0.671956 0.171797
      vertex 0.0437326 0.672447 0.171797
    endloop
  endfacet
  facet normal -0.156324 0.987706 0
    outer loop
      vertex 0.0406303 0.671956 0.171797
      vertex 0.0437326 0.672447 0
      vertex 0.0406303 0.671956 0
    endloop
  endfacet
  facet normal -0.0312 0.999513 0
    outer loop
      vertex 0.0499992 0.672841 0
      vertex 0.0468597 0.672743 0.171797
      vertex 0.0499992 0.672841 0.171797
    endloop
  endfacet
  facet normal -0.0312 0.999513 0
    outer loop
      vertex 0.0468597 0.672743 0.171797
      vertex 0.0499992 0.672841 0
      vertex 0.0468597 0.672743 0
    endloop
  endfacet
  facet normal -0.508814 0.860876 0
    outer loop
      vertex 0.0259123 0.666656 0
      vertex 0.0232086 0.665058 0.171797
      vertex 0.0259123 0.666656 0.171797
    endloop
  endfacet
  facet normal -0.508814 0.860876 0
    outer loop
      vertex 0.0232086 0.665058 0.171797
      vertex 0.0259123 0.666656 0
      vertex 0.0232086 0.665058 0
    endloop
  endfacet
  facet normal -0.397271 0.917702 0
    outer loop
      vertex 0.0315933 0.669331 0
      vertex 0.0287104 0.668083 0.171797
      vertex 0.0315933 0.669331 0.171797
    endloop
  endfacet
  facet normal -0.397271 0.917702 0
    outer loop
      vertex 0.0287104 0.668083 0.171797
      vertex 0.0315933 0.669331 0
      vertex 0.0287104 0.668083 0
    endloop
  endfacet
  facet normal -0.562067 0.827092 0
    outer loop
      vertex 0.0232086 0.665058 0
      vertex 0.0206099 0.663292 0.171797
      vertex 0.0232086 0.665058 0.171797
    endloop
  endfacet
  facet normal -0.562067 0.827092 0
    outer loop
      vertex 0.0206099 0.663292 0.171797
      vertex 0.0232086 0.665058 0
      vertex 0.0206099 0.663292 0
    endloop
  endfacet
  facet normal 0.99555 -0.0942352 0
    outer loop
      vertex 0.740427 0.0437326 0.171797
      vertex 0.740723 0.0468597 0
      vertex 0.740723 0.0468597 0.171797
    endloop
  endfacet
  facet normal 0.99555 -0.0942352 0
    outer loop
      vertex 0.740723 0.0468597 0
      vertex 0.740427 0.0437326 0.171797
      vertex 0.740427 0.0437326 0
    endloop
  endfacet
  facet normal 0.21832 -0.975877 0
    outer loop
      vertex 0.700191 0.00088501 0
      vertex 0.703256 0.0015707 0.171797
      vertex 0.700191 0.00088501 0.171797
    endloop
  endfacet
  facet normal 0.21832 -0.975877 0
    outer loop
      vertex 0.703256 0.0015707 0.171797
      vertex 0.700191 0.00088501 0
      vertex 0.703256 0.0015707 0
    endloop
  endfacet
  facet normal 0.338491 -0.94097 0
    outer loop
      vertex 0.706272 0.00244713 0
      vertex 0.709228 0.00351048 0.171797
      vertex 0.706272 0.00244713 0.171797
    endloop
  endfacet
  facet normal 0.338491 -0.94097 0
    outer loop
      vertex 0.709228 0.00351048 0.171797
      vertex 0.706272 0.00244713 0
      vertex 0.709228 0.00351048 0
    endloop
  endfacet
  facet normal 0.156334 -0.987704 0
    outer loop
      vertex 0.697088 0.000393867 0
      vertex 0.700191 0.00088501 0.171797
      vertex 0.697088 0.000393867 0.171797
    endloop
  endfacet
  facet normal 0.156334 -0.987704 0
    outer loop
      vertex 0.700191 0.00088501 0.171797
      vertex 0.697088 0.000393867 0
      vertex 0.700191 0.00088501 0
    endloop
  endfacet
  facet normal 0.0312776 -0.999511 0
    outer loop
      vertex 0.690822 0 0
      vertex 0.693961 9.82285e-05 0.171797
      vertex 0.690822 0 0.171797
    endloop
  endfacet
  facet normal 0.0312776 -0.999511 0
    outer loop
      vertex 0.693961 9.82285e-05 0.171797
      vertex 0.690822 0 0
      vertex 0.693961 9.82285e-05 0
    endloop
  endfacet
  facet normal 0.508997 -0.860769 0
    outer loop
      vertex 0.71491 0.00618458 0
      vertex 0.717613 0.00778294 0.171797
      vertex 0.71491 0.00618458 0.171797
    endloop
  endfacet
  facet normal 0.508997 -0.860769 0
    outer loop
      vertex 0.717613 0.00778294 0.171797
      vertex 0.71491 0.00618458 0
      vertex 0.717613 0.00778294 0
    endloop
  endfacet
  facet normal 0.397098 -0.917776 0
    outer loop
      vertex 0.709228 0.00351048 0
      vertex 0.712111 0.00475788 0.171797
      vertex 0.709228 0.00351048 0.171797
    endloop
  endfacet
  facet normal 0.397098 -0.917776 0
    outer loop
      vertex 0.712111 0.00475788 0.171797
      vertex 0.709228 0.00351048 0
      vertex 0.712111 0.00475788 0
    endloop
  endfacet
  facet normal 0.661155 -0.750249 0
    outer loop
      vertex 0.722692 0.0114737 0
      vertex 0.725049 0.0135508 0.171797
      vertex 0.722692 0.0114737 0.171797
    endloop
  endfacet
  facet normal 0.661155 -0.750249 0
    outer loop
      vertex 0.725049 0.0135508 0.171797
      vertex 0.722692 0.0114737 0
      vertex 0.725049 0.0135508 0
    endloop
  endfacet
  facet normal 0.960323 -0.27889 0
    outer loop
      vertex 0.738375 0.0345488 0.171797
      vertex 0.739251 0.0375652 0
      vertex 0.739251 0.0375652 0.171797
    endloop
  endfacet
  facet normal 0.960323 -0.27889 0
    outer loop
      vertex 0.739251 0.0375652 0
      vertex 0.738375 0.0345488 0.171797
      vertex 0.738375 0.0345488 0
    endloop
  endfacet
  facet normal 0.707123 -0.707091 0
    outer loop
      vertex 0.725049 0.0135508 0.171797
      vertex 0.72727 0.0157719 0
      vertex 0.72727 0.0157719 0.171797
    endloop
  endfacet
  facet normal 0.707123 -0.707091 0
    outer loop
      vertex 0.72727 0.0157719 0
      vertex 0.725049 0.0135508 0.171797
      vertex 0.725049 0.0135508 0
    endloop
  endfacet
  facet normal 0.789977 -0.613136 0
    outer loop
      vertex 0.729347 0.0181284 0.171797
      vertex 0.731273 0.0206099 0
      vertex 0.731273 0.0206099 0.171797
    endloop
  endfacet
  facet normal 0.789977 -0.613136 0
    outer loop
      vertex 0.731273 0.0206099 0
      vertex 0.729347 0.0181284 0.171797
      vertex 0.729347 0.0181284 0
    endloop
  endfacet
  facet normal 0.750195 -0.661216 0
    outer loop
      vertex 0.72727 0.0157719 0.171797
      vertex 0.729347 0.0181284 0
      vertex 0.729347 0.0181284 0.171797
    endloop
  endfacet
  facet normal 0.750195 -0.661216 0
    outer loop
      vertex 0.729347 0.0181284 0
      vertex 0.72727 0.0157719 0.171797
      vertex 0.72727 0.0157719 0
    endloop
  endfacet
  facet normal 0.890968 -0.454066 0
    outer loop
      vertex 0.734637 0.0259123 0.171797
      vertex 0.736063 0.0287104 0
      vertex 0.736063 0.0287104 0.171797
    endloop
  endfacet
  facet normal 0.890968 -0.454066 0
    outer loop
      vertex 0.736063 0.0287104 0
      vertex 0.734637 0.0259123 0.171797
      vertex 0.734637 0.0259123 0
    endloop
  endfacet
  facet normal -0.156368 -0.987699 0
    outer loop
      vertex 0.0406303 0.00088501 0
      vertex 0.0437326 0.000393867 0.171797
      vertex 0.0406303 0.00088501 0.171797
    endloop
  endfacet
  facet normal -0.156368 -0.987699 -0
    outer loop
      vertex 0.0437326 0.000393867 0.171797
      vertex 0.0406303 0.00088501 0
      vertex 0.0437326 0.000393867 0
    endloop
  endfacet
  facet normal -0.827062 -0.562111 0
    outer loop
      vertex 0.00954914 0.0206099 0
      vertex 0.00778294 0.0232086 0.171797
      vertex 0.00778294 0.0232086 0
    endloop
  endfacet
  facet normal -0.827062 -0.562111 0
    outer loop
      vertex 0.00778294 0.0232086 0.171797
      vertex 0.00954914 0.0206099 0
      vertex 0.00954914 0.0206099 0.171797
    endloop
  endfacet
  facet normal 0.156289 0.987711 -0
    outer loop
      vertex 0.700191 0.671956 0
      vertex 0.697088 0.672447 0.171797
      vertex 0.700191 0.671956 0.171797
    endloop
  endfacet
  facet normal 0.156289 0.987711 0
    outer loop
      vertex 0.697088 0.672447 0.171797
      vertex 0.700191 0.671956 0
      vertex 0.697088 0.672447 0
    endloop
  endfacet
  facet normal 0.338393 0.941005 -0
    outer loop
      vertex 0.709228 0.669331 0
      vertex 0.706272 0.670394 0.171797
      vertex 0.709228 0.669331 0.171797
    endloop
  endfacet
  facet normal 0.338393 0.941005 0
    outer loop
      vertex 0.706272 0.670394 0.171797
      vertex 0.709228 0.669331 0
      vertex 0.706272 0.670394 0
    endloop
  endfacet
  facet normal 0.613014 0.790072 -0
    outer loop
      vertex 0.722692 0.661367 0
      vertex 0.720211 0.663292 0.171797
      vertex 0.722692 0.661367 0.171797
    endloop
  endfacet
  facet normal 0.613014 0.790072 0
    outer loop
      vertex 0.720211 0.663292 0.171797
      vertex 0.722692 0.661367 0
      vertex 0.720211 0.663292 0
    endloop
  endfacet
  facet normal 0.750126 0.661295 0
    outer loop
      vertex 0.729347 0.654713 0.171797
      vertex 0.72727 0.657069 0
      vertex 0.72727 0.657069 0.171797
    endloop
  endfacet
  facet normal 0.750126 0.661295 0
    outer loop
      vertex 0.72727 0.657069 0
      vertex 0.729347 0.654713 0.171797
      vertex 0.729347 0.654713 0
    endloop
  endfacet
  facet normal 0.790037 0.613059 0
    outer loop
      vertex 0.731273 0.652231 0.171797
      vertex 0.729347 0.654713 0
      vertex 0.729347 0.654713 0.171797
    endloop
  endfacet
  facet normal 0.790037 0.613059 0
    outer loop
      vertex 0.729347 0.654713 0
      vertex 0.731273 0.652231 0.171797
      vertex 0.731273 0.652231 0
    endloop
  endfacet
  facet normal 0.860679 0.509148 0
    outer loop
      vertex 0.734637 0.646929 0.171797
      vertex 0.733038 0.649632 0
      vertex 0.733038 0.649632 0.171797
    endloop
  endfacet
  facet normal 0.860679 0.509148 0
    outer loop
      vertex 0.733038 0.649632 0
      vertex 0.734637 0.646929 0.171797
      vertex 0.734637 0.646929 0
    endloop
  endfacet
  facet normal 0.940802 0.338956 0
    outer loop
      vertex 0.738375 0.638292 0.171797
      vertex 0.73731 0.641248 0
      vertex 0.73731 0.641248 0.171797
    endloop
  endfacet
  facet normal 0.940802 0.338956 0
    outer loop
      vertex 0.73731 0.641248 0
      vertex 0.738375 0.638292 0.171797
      vertex 0.738375 0.638292 0
    endloop
  endfacet
  facet normal -0.27889 0.960323 0
    outer loop
      vertex 0.0375652 0.67127 0
      vertex 0.0345488 0.670394 0.171797
      vertex 0.0375652 0.67127 0.171797
    endloop
  endfacet
  facet normal -0.27889 0.960323 0
    outer loop
      vertex 0.0345488 0.670394 0.171797
      vertex 0.0375652 0.67127 0
      vertex 0.0345488 0.670394 0
    endloop
  endfacet
  facet normal -0.0942352 0.99555 0
    outer loop
      vertex 0.0468597 0.672743 0
      vertex 0.0437326 0.672447 0.171797
      vertex 0.0468597 0.672743 0.171797
    endloop
  endfacet
  facet normal -0.0942352 0.99555 0
    outer loop
      vertex 0.0437326 0.672447 0.171797
      vertex 0.0468597 0.672743 0
      vertex 0.0437326 0.672447 0
    endloop
  endfacet
  facet normal -0.454318 0.890839 0
    outer loop
      vertex 0.0287104 0.668083 0
      vertex 0.0259123 0.666656 0.171797
      vertex 0.0287104 0.668083 0.171797
    endloop
  endfacet
  facet normal -0.454318 0.890839 0
    outer loop
      vertex 0.0259123 0.666656 0.171797
      vertex 0.0287104 0.668083 0
      vertex 0.0259123 0.666656 0
    endloop
  endfacet
  facet normal 0.27905 -0.960277 0
    outer loop
      vertex 0.703256 0.0015707 0
      vertex 0.706272 0.00244713 0.171797
      vertex 0.703256 0.0015707 0.171797
    endloop
  endfacet
  facet normal 0.27905 -0.960277 0
    outer loop
      vertex 0.706272 0.00244713 0.171797
      vertex 0.703256 0.0015707 0
      vertex 0.706272 0.00244713 0
    endloop
  endfacet
  facet normal 0.0941241 -0.99556 0
    outer loop
      vertex 0.693961 9.82285e-05 0
      vertex 0.697088 0.000393867 0.171797
      vertex 0.693961 9.82285e-05 0.171797
    endloop
  endfacet
  facet normal 0.0941241 -0.99556 0
    outer loop
      vertex 0.697088 0.000393867 0.171797
      vertex 0.693961 9.82285e-05 0
      vertex 0.697088 0.000393867 0
    endloop
  endfacet
  facet normal 0.454127 -0.890937 0
    outer loop
      vertex 0.712111 0.00475788 0
      vertex 0.71491 0.00618458 0.171797
      vertex 0.712111 0.00475788 0.171797
    endloop
  endfacet
  facet normal 0.454127 -0.890937 0
    outer loop
      vertex 0.71491 0.00618458 0.171797
      vertex 0.712111 0.00475788 0
      vertex 0.71491 0.00618458 0
    endloop
  endfacet
  facet normal 0.987706 -0.156324 0
    outer loop
      vertex 0.739936 0.0406303 0.171797
      vertex 0.740427 0.0437326 0
      vertex 0.740427 0.0437326 0.171797
    endloop
  endfacet
  facet normal 0.987706 -0.156324 0
    outer loop
      vertex 0.740427 0.0437326 0
      vertex 0.739936 0.0406303 0.171797
      vertex 0.739936 0.0406303 0
    endloop
  endfacet
  facet normal 0.940784 -0.339007 0
    outer loop
      vertex 0.73731 0.0315933 0.171797
      vertex 0.738375 0.0345488 0
      vertex 0.738375 0.0345488 0.171797
    endloop
  endfacet
  facet normal 0.940784 -0.339007 0
    outer loop
      vertex 0.738375 0.0345488 0
      vertex 0.73731 0.0315933 0.171797
      vertex 0.73731 0.0315933 0
    endloop
  endfacet
  facet normal 0.860737 -0.50905 0
    outer loop
      vertex 0.733038 0.0232086 0.171797
      vertex 0.734637 0.0259123 0
      vertex 0.734637 0.0259123 0.171797
    endloop
  endfacet
  facet normal 0.860737 -0.50905 0
    outer loop
      vertex 0.734637 0.0259123 0
      vertex 0.733038 0.0232086 0.171797
      vertex 0.733038 0.0232086 0
    endloop
  endfacet
  facet normal -0.508899 -0.860826 0
    outer loop
      vertex 0.0232086 0.00778294 0
      vertex 0.0259123 0.00618458 0.171797
      vertex 0.0232086 0.00778294 0.171797
    endloop
  endfacet
  facet normal -0.508899 -0.860826 -0
    outer loop
      vertex 0.0259123 0.00618458 0.171797
      vertex 0.0232086 0.00778294 0
      vertex 0.0259123 0.00618458 0
    endloop
  endfacet
  facet normal -0.338542 -0.940951 0
    outer loop
      vertex 0.0315933 0.00351048 0
      vertex 0.0345488 0.00244713 0.171797
      vertex 0.0315933 0.00351048 0.171797
    endloop
  endfacet
  facet normal -0.338542 -0.940951 -0
    outer loop
      vertex 0.0345488 0.00244713 0.171797
      vertex 0.0315933 0.00351048 0
      vertex 0.0345488 0.00244713 0
    endloop
  endfacet
  facet normal 0.612927 -0.79014 0
    outer loop
      vertex 0.720211 0.00954914 0
      vertex 0.722692 0.0114737 0.171797
      vertex 0.720211 0.00954914 0.171797
    endloop
  endfacet
  facet normal 0.612927 -0.79014 0
    outer loop
      vertex 0.722692 0.0114737 0.171797
      vertex 0.720211 0.00954914 0
      vertex 0.722692 0.0114737 0
    endloop
  endfacet
  facet normal -0.454242 -0.890878 0
    outer loop
      vertex 0.0259123 0.00618458 0
      vertex 0.0287104 0.00475788 0.171797
      vertex 0.0259123 0.00618458 0.171797
    endloop
  endfacet
  facet normal -0.454242 -0.890878 -0
    outer loop
      vertex 0.0287104 0.00475788 0.171797
      vertex 0.0259123 0.00618458 0
      vertex 0.0287104 0.00475788 0
    endloop
  endfacet
  facet normal -0.279016 -0.960286 0
    outer loop
      vertex 0.0345488 0.00244713 0
      vertex 0.0375652 0.0015707 0.171797
      vertex 0.0345488 0.00244713 0.171797
    endloop
  endfacet
  facet normal -0.279016 -0.960286 -0
    outer loop
      vertex 0.0375652 0.0015707 0.171797
      vertex 0.0345488 0.00244713 0
      vertex 0.0375652 0.0015707 0
    endloop
  endfacet
  facet normal -0.661234 -0.75018 0
    outer loop
      vertex 0.0157719 0.0135508 0
      vertex 0.0181284 0.0114737 0.171797
      vertex 0.0157719 0.0135508 0.171797
    endloop
  endfacet
  facet normal -0.661234 -0.75018 -0
    outer loop
      vertex 0.0181284 0.0114737 0.171797
      vertex 0.0157719 0.0135508 0
      vertex 0.0181284 0.0114737 0
    endloop
  endfacet
  facet normal -0.707107 -0.707107 0
    outer loop
      vertex 0.0157719 0.0135508 0
      vertex 0.0135508 0.0157719 0.171797
      vertex 0.0135508 0.0157719 0
    endloop
  endfacet
  facet normal -0.707107 -0.707107 0
    outer loop
      vertex 0.0135508 0.0157719 0.171797
      vertex 0.0157719 0.0135508 0
      vertex 0.0157719 0.0135508 0.171797
    endloop
  endfacet
  facet normal -0.860826 -0.508899 0
    outer loop
      vertex 0.00778294 0.0232086 0
      vertex 0.00618458 0.0259123 0.171797
      vertex 0.00618458 0.0259123 0
    endloop
  endfacet
  facet normal -0.860826 -0.508899 0
    outer loop
      vertex 0.00618458 0.0259123 0.171797
      vertex 0.00778294 0.0232086 0
      vertex 0.00778294 0.0232086 0.171797
    endloop
  endfacet
  facet normal -0.61285 -0.7902 0
    outer loop
      vertex 0.0181284 0.0114737 0
      vertex 0.0206099 0.00954914 0.171797
      vertex 0.0181284 0.0114737 0.171797
    endloop
  endfacet
  facet normal -0.61285 -0.7902 -0
    outer loop
      vertex 0.0206099 0.00954914 0.171797
      vertex 0.0181284 0.0114737 0
      vertex 0.0206099 0.00954914 0
    endloop
  endfacet
  facet normal -0.890878 -0.454242 0
    outer loop
      vertex 0.00618458 0.0259123 0
      vertex 0.00475788 0.0287104 0.171797
      vertex 0.00475788 0.0287104 0
    endloop
  endfacet
  facet normal -0.890878 -0.454242 0
    outer loop
      vertex 0.00475788 0.0287104 0.171797
      vertex 0.00618458 0.0259123 0
      vertex 0.00618458 0.0259123 0.171797
    endloop
  endfacet
  facet normal -0.562111 -0.827062 0
    outer loop
      vertex 0.0206099 0.00954914 0
      vertex 0.0232086 0.00778294 0.171797
      vertex 0.0206099 0.00954914 0.171797
    endloop
  endfacet
  facet normal -0.562111 -0.827062 -0
    outer loop
      vertex 0.0232086 0.00778294 0.171797
      vertex 0.0206099 0.00954914 0
      vertex 0.0232086 0.00778294 0
    endloop
  endfacet
  facet normal -0.960286 -0.279016 0
    outer loop
      vertex 0.00244713 0.0345488 0
      vertex 0.0015707 0.0375652 0.171797
      vertex 0.0015707 0.0375652 0
    endloop
  endfacet
  facet normal -0.960286 -0.279016 0
    outer loop
      vertex 0.0015707 0.0375652 0.171797
      vertex 0.00244713 0.0345488 0
      vertex 0.00244713 0.0345488 0.171797
    endloop
  endfacet
  facet normal -0.999507 -0.0313954 0
    outer loop
      vertex 0.585199 0.4283 0
      vertex 0.584772 0.441894 0.15118
      vertex 0.584772 0.441894 0
    endloop
  endfacet
  facet normal -0.999507 -0.0313954 0
    outer loop
      vertex 0.584772 0.441894 0.15118
      vertex 0.585199 0.4283 0
      vertex 0.585199 0.4283 0.15118
    endloop
  endfacet
  facet normal 0.0305739 -0.999533 0
    outer loop
      vertex 0.367849 0.644773 0
      vertex 0.368699 0.644799 0.171797
      vertex 0.367849 0.644773 0.171797
    endloop
  endfacet
  facet normal 0.0305739 -0.999533 0
    outer loop
      vertex 0.368699 0.644799 0.171797
      vertex 0.367849 0.644773 0
      vertex 0.368699 0.644799 0
    endloop
  endfacet
  facet normal -0.0313931 0.999507 0
    outer loop
      vertex 0.382294 0.212227 0
      vertex 0.368699 0.2118 0.15118
      vertex 0.382294 0.212227 0.15118
    endloop
  endfacet
  facet normal -0.0313931 0.999507 0
    outer loop
      vertex 0.368699 0.2118 0.15118
      vertex 0.382294 0.212227 0
      vertex 0.368699 0.2118 0
    endloop
  endfacet
  facet normal -0.710616 -0.70358 0
    outer loop
      vertex 0.516904 0.586122 0
      vertex 0.517004 0.586021 0.171797
      vertex 0.516904 0.586122 0.171797
    endloop
  endfacet
  facet normal -0.707107 -0.707107 -4.11594e-06
    outer loop
      vertex 0.526522 0.576504 0
      vertex 0.517004 0.586021 0.171797
      vertex 0.516904 0.586122 0
    endloop
  endfacet
  facet normal -0.70707 -0.707144 0
    outer loop
      vertex 0.517004 0.586021 0.171797
      vertex 0.526522 0.576504 0
      vertex 0.526522 0.576504 0.171797
    endloop
  endfacet
  facet normal 0.707107 -0.707107 0
    outer loop
      vertex 0.210877 0.576504 0.171797
      vertex 0.220495 0.586122 0
      vertex 0.220495 0.586122 0.171797
    endloop
  endfacet
  facet normal 0.707107 -0.707107 0
    outer loop
      vertex 0.220495 0.586122 0
      vertex 0.210877 0.576504 0.171797
      vertex 0.210877 0.576504 0
    endloop
  endfacet
  facet normal 0.397156 -0.917751 0
    outer loop
      vertex 0.276518 0.624194 0
      vertex 0.289001 0.629596 0.171797
      vertex 0.276518 0.624194 0.171797
    endloop
  endfacet
  facet normal 0.397156 -0.917751 0
    outer loop
      vertex 0.289001 0.629596 0.171797
      vertex 0.276518 0.624194 0
      vertex 0.289001 0.629596 0
    endloop
  endfacet
  facet normal -0.917751 -0.397156 0
    outer loop
      vertex 0.569996 0.507998 0
      vertex 0.564594 0.520481 0.15118
      vertex 0.564594 0.520481 0
    endloop
  endfacet
  facet normal -0.917751 -0.397156 0
    outer loop
      vertex 0.564594 0.520481 0.15118
      vertex 0.569996 0.507998 0
      vertex 0.569996 0.507998 0.15118
    endloop
  endfacet
  facet normal -0.397209 -0.917728 0
    outer loop
      vertex 0.448399 0.629596 0
      vertex 0.46088 0.624194 0.171797
      vertex 0.448399 0.629596 0.171797
    endloop
  endfacet
  facet normal -0.397209 -0.917728 -0
    outer loop
      vertex 0.46088 0.624194 0.171797
      vertex 0.448399 0.629596 0
      vertex 0.46088 0.624194 0
    endloop
  endfacet
  facet normal -0.562043 -0.827108 0
    outer loop
      vertex 0.484706 0.611096 0
      vertex 0.495955 0.603452 0.171797
      vertex 0.484706 0.611096 0.171797
    endloop
  endfacet
  facet normal -0.562043 -0.827108 -0
    outer loop
      vertex 0.495955 0.603452 0.171797
      vertex 0.484706 0.611096 0
      vertex 0.495955 0.603452 0
    endloop
  endfacet
  facet normal 0.940877 -0.338748 0
    outer loop
      vertex 0.162796 0.495202 0.171797
      vertex 0.167403 0.507998 0
      vertex 0.167403 0.507998 0.171797
    endloop
  endfacet
  facet normal 0.940877 -0.338748 0
    outer loop
      vertex 0.167403 0.507998 0
      vertex 0.162796 0.495202 0.171797
      vertex 0.162796 0.495202 0
    endloop
  endfacet
  facet normal 0.218137 -0.975918 0
    outer loop
      vertex 0.314858 0.637998 0
      vertex 0.328132 0.640965 0.171797
      vertex 0.314858 0.637998 0.171797
    endloop
  endfacet
  facet normal 0.218137 -0.975918 0
    outer loop
      vertex 0.328132 0.640965 0.171797
      vertex 0.314858 0.637998 0
      vertex 0.328132 0.640965 0
    endloop
  endfacet
  facet normal -0.975918 -0.218137 0
    outer loop
      vertex 0.581365 0.468867 0
      vertex 0.578398 0.482141 0.15118
      vertex 0.578398 0.482141 0
    endloop
  endfacet
  facet normal -0.975918 -0.218137 0
    outer loop
      vertex 0.578398 0.482141 0.15118
      vertex 0.581365 0.468867 0
      vertex 0.581365 0.468867 0.15118
    endloop
  endfacet
  facet normal -0.995561 -0.0941151 0
    outer loop
      vertex 0.584772 0.441894 0
      vertex 0.583492 0.455434 0.15118
      vertex 0.583492 0.455434 0
    endloop
  endfacet
  facet normal -0.995561 -0.0941151 0
    outer loop
      vertex 0.583492 0.455434 0.15118
      vertex 0.584772 0.441894 0
      vertex 0.584772 0.441894 0.15118
    endloop
  endfacet
  facet normal -0.960285 -0.27902 0
    outer loop
      vertex 0.578398 0.482141 0
      vertex 0.574603 0.495202 0.15118
      vertex 0.574603 0.495202 0
    endloop
  endfacet
  facet normal -0.960285 -0.27902 0
    outer loop
      vertex 0.574603 0.495202 0.15118
      vertex 0.578398 0.482141 0
      vertex 0.578398 0.482141 0.15118
    endloop
  endfacet
  facet normal -0.827074 -0.562093 0
    outer loop
      vertex 0.551497 0.544306 0
      vertex 0.543852 0.555555 0.15118
      vertex 0.543852 0.555555 0
    endloop
  endfacet
  facet normal -0.827074 -0.562093 0
    outer loop
      vertex 0.543852 0.555555 0.15118
      vertex 0.551497 0.544306 0
      vertex 0.551497 0.544306 0.15118
    endloop
  endfacet
  facet normal -0.891019 -0.453965 0
    outer loop
      vertex 0.564594 0.520481 0
      vertex 0.55842 0.532599 0.15118
      vertex 0.55842 0.532599 0
    endloop
  endfacet
  facet normal -0.891019 -0.453965 0
    outer loop
      vertex 0.55842 0.532599 0.15118
      vertex 0.564594 0.520481 0
      vertex 0.564594 0.520481 0.15118
    endloop
  endfacet
  facet normal -0.218137 -0.975918 0
    outer loop
      vertex 0.409267 0.640965 0
      vertex 0.422541 0.637998 0.171797
      vertex 0.409267 0.640965 0.171797
    endloop
  endfacet
  facet normal -0.218137 -0.975918 -0
    outer loop
      vertex 0.422541 0.637998 0.171797
      vertex 0.409267 0.640965 0
      vertex 0.422541 0.637998 0
    endloop
  endfacet
  facet normal -0.509101 -0.860707 0
    outer loop
      vertex 0.473 0.61802 0
      vertex 0.484706 0.611096 0.171797
      vertex 0.473 0.61802 0.171797
    endloop
  endfacet
  facet normal -0.509101 -0.860707 -0
    outer loop
      vertex 0.484706 0.611096 0.171797
      vertex 0.473 0.61802 0
      vertex 0.484706 0.611096 0
    endloop
  endfacet
  facet normal -0.612932 -0.790135 0
    outer loop
      vertex 0.495955 0.603452 0
      vertex 0.506701 0.595116 0.171797
      vertex 0.495955 0.603452 0.171797
    endloop
  endfacet
  facet normal -0.612932 -0.790135 -0
    outer loop
      vertex 0.506701 0.595116 0.171797
      vertex 0.495955 0.603452 0
      vertex 0.506701 0.595116 0
    endloop
  endfacet
  facet normal 0.987695 -0.156393 0
    outer loop
      vertex 0.153907 0.455434 0.171797
      vertex 0.156034 0.468867 0
      vertex 0.156034 0.468867 0.171797
    endloop
  endfacet
  facet normal 0.987695 -0.156393 0
    outer loop
      vertex 0.156034 0.468867 0
      vertex 0.153907 0.455434 0.171797
      vertex 0.153907 0.455434 0
    endloop
  endfacet
  facet normal 0.860726 -0.509069 0
    outer loop
      vertex 0.178979 0.532599 0.171797
      vertex 0.185903 0.544306 0
      vertex 0.185903 0.544306 0.171797
    endloop
  endfacet
  facet normal 0.860726 -0.509069 0
    outer loop
      vertex 0.185903 0.544306 0
      vertex 0.178979 0.532599 0.171797
      vertex 0.178979 0.532599 0
    endloop
  endfacet
  facet normal 0.960285 -0.27902 0
    outer loop
      vertex 0.159001 0.482141 0.171797
      vertex 0.162796 0.495202 0
      vertex 0.162796 0.495202 0.171797
    endloop
  endfacet
  facet normal 0.960285 -0.27902 0
    outer loop
      vertex 0.162796 0.495202 0
      vertex 0.159001 0.482141 0.171797
      vertex 0.159001 0.482141 0
    endloop
  endfacet
  facet normal 0.562043 -0.827108 0
    outer loop
      vertex 0.241444 0.603452 0
      vertex 0.252693 0.611096 0.171797
      vertex 0.241444 0.603452 0.171797
    endloop
  endfacet
  facet normal 0.562043 -0.827108 0
    outer loop
      vertex 0.252693 0.611096 0.171797
      vertex 0.241444 0.603452 0
      vertex 0.252693 0.611096 0
    endloop
  endfacet
  facet normal 0.453965 -0.891019 0
    outer loop
      vertex 0.2644 0.61802 0
      vertex 0.276518 0.624194 0.171797
      vertex 0.2644 0.61802 0.171797
    endloop
  endfacet
  facet normal 0.453965 -0.891019 0
    outer loop
      vertex 0.276518 0.624194 0.171797
      vertex 0.2644 0.61802 0
      vertex 0.276518 0.624194 0
    endloop
  endfacet
  facet normal 0.27902 -0.960285 0
    outer loop
      vertex 0.301797 0.634203 0
      vertex 0.314858 0.637998 0.171797
      vertex 0.301797 0.634203 0.171797
    endloop
  endfacet
  facet normal 0.27902 -0.960285 0
    outer loop
      vertex 0.314858 0.637998 0.171797
      vertex 0.301797 0.634203 0
      vertex 0.314858 0.637998 0
    endloop
  endfacet
  facet normal 0.0939124 -0.99558 0
    outer loop
      vertex 0.341565 0.643092 0
      vertex 0.343399 0.643265 0.171797
      vertex 0.341565 0.643092 0.171797
    endloop
  endfacet
  facet normal 0.0939124 -0.99558 0
    outer loop
      vertex 0.343399 0.643265 0.171797
      vertex 0.341565 0.643092 0
      vertex 0.343399 0.643265 0
    endloop
  endfacet
  facet normal -0.70707 0.707144 0
    outer loop
      vertex 0.526522 0.280095 0
      vertex 0.516904 0.270478 0.15118
      vertex 0.526522 0.280095 0.15118
    endloop
  endfacet
  facet normal -0.70707 0.707144 0
    outer loop
      vertex 0.516904 0.270478 0.15118
      vertex 0.526522 0.280095 0
      vertex 0.516904 0.270478 0
    endloop
  endfacet
  facet normal -0.987695 -0.156393 0
    outer loop
      vertex 0.583492 0.455434 0
      vertex 0.581365 0.468867 0.15118
      vertex 0.581365 0.468867 0
    endloop
  endfacet
  facet normal -0.987695 -0.156393 0
    outer loop
      vertex 0.581365 0.468867 0.15118
      vertex 0.583492 0.455434 0
      vertex 0.583492 0.455434 0.15118
    endloop
  endfacet
  facet normal -0.940877 -0.338748 0
    outer loop
      vertex 0.574603 0.495202 0
      vertex 0.569996 0.507998 0.15118
      vertex 0.569996 0.507998 0
    endloop
  endfacet
  facet normal -0.940877 -0.338748 0
    outer loop
      vertex 0.569996 0.507998 0.15118
      vertex 0.574603 0.495202 0
      vertex 0.574603 0.495202 0.15118
    endloop
  endfacet
  facet normal -0.790135 -0.612932 0
    outer loop
      vertex 0.543852 0.555555 0
      vertex 0.535516 0.566301 0.15118
      vertex 0.535516 0.566301 0
    endloop
  endfacet
  facet normal -0.790135 -0.612932 0
    outer loop
      vertex 0.535516 0.566301 0.15118
      vertex 0.543852 0.555555 0
      vertex 0.543852 0.555555 0.15118
    endloop
  endfacet
  facet normal -0.752577 -0.658505 0
    outer loop
      vertex 0.526522 0.576504 0
      vertex 0.526529 0.576496 0.15118
      vertex 0.526522 0.576504 0.171797
    endloop
  endfacet
  facet normal -0.750153 -0.661264 -2.58239e-07
    outer loop
      vertex 0.535516 0.566301 0
      vertex 0.526529 0.576496 0.15118
      vertex 0.526522 0.576504 0
    endloop
  endfacet
  facet normal -0.750151 -0.661266 0
    outer loop
      vertex 0.526529 0.576496 0.15118
      vertex 0.535516 0.566301 0
      vertex 0.535516 0.566301 0.15118
    endloop
  endfacet
  facet normal -0.752577 -0.658505 0
    outer loop
      vertex 0.526522 0.576504 0.171797
      vertex 0.526529 0.576496 0.15118
      vertex 0.526529 0.576496 0.171797
    endloop
  endfacet
  facet normal -0.860758 -0.509014 0
    outer loop
      vertex 0.55842 0.532599 0
      vertex 0.551497 0.544306 0.15118
      vertex 0.551497 0.544306 0
    endloop
  endfacet
  facet normal -0.860758 -0.509014 0
    outer loop
      vertex 0.551497 0.544306 0.15118
      vertex 0.55842 0.532599 0
      vertex 0.55842 0.532599 0.15118
    endloop
  endfacet
  facet normal -0.0941151 -0.995561 0
    outer loop
      vertex 0.382294 0.644372 0
      vertex 0.395834 0.643092 0.171797
      vertex 0.382294 0.644372 0.171797
    endloop
  endfacet
  facet normal -0.0941151 -0.995561 -0
    outer loop
      vertex 0.395834 0.643092 0.171797
      vertex 0.382294 0.644372 0
      vertex 0.395834 0.643092 0
    endloop
  endfacet
  facet normal -0.27904 -0.96028 0
    outer loop
      vertex 0.422541 0.637998 0
      vertex 0.435601 0.634203 0.171797
      vertex 0.422541 0.637998 0.171797
    endloop
  endfacet
  facet normal -0.27904 -0.96028 -0
    outer loop
      vertex 0.435601 0.634203 0.171797
      vertex 0.422541 0.637998 0
      vertex 0.435601 0.634203 0
    endloop
  endfacet
  facet normal -0.338701 -0.940894 0
    outer loop
      vertex 0.435601 0.634203 0
      vertex 0.448399 0.629596 0.171797
      vertex 0.435601 0.634203 0.171797
    endloop
  endfacet
  facet normal -0.338701 -0.940894 -0
    outer loop
      vertex 0.448399 0.629596 0.171797
      vertex 0.435601 0.634203 0
      vertex 0.448399 0.629596 0
    endloop
  endfacet
  facet normal -0.156393 -0.987695 0
    outer loop
      vertex 0.395834 0.643092 0
      vertex 0.409267 0.640965 0.171797
      vertex 0.395834 0.643092 0.171797
    endloop
  endfacet
  facet normal -0.156393 -0.987695 -0
    outer loop
      vertex 0.409267 0.640965 0.171797
      vertex 0.395834 0.643092 0
      vertex 0.409267 0.640965 0
    endloop
  endfacet
  facet normal -0.0313931 -0.999507 0
    outer loop
      vertex 0.368699 0.644799 0
      vertex 0.382294 0.644372 0.171797
      vertex 0.368699 0.644799 0.171797
    endloop
  endfacet
  facet normal -0.0313931 -0.999507 -0
    outer loop
      vertex 0.382294 0.644372 0.171797
      vertex 0.368699 0.644799 0
      vertex 0.382294 0.644372 0
    endloop
  endfacet
  facet normal -0.453906 -0.89105 0
    outer loop
      vertex 0.46088 0.624194 0
      vertex 0.473 0.61802 0.171797
      vertex 0.46088 0.624194 0.171797
    endloop
  endfacet
  facet normal -0.453906 -0.89105 -0
    outer loop
      vertex 0.473 0.61802 0.171797
      vertex 0.46088 0.624194 0
      vertex 0.473 0.61802 0
    endloop
  endfacet
  facet normal -0.661264 -0.750153 0
    outer loop
      vertex 0.506701 0.595116 0
      vertex 0.516904 0.586122 0.171797
      vertex 0.506701 0.595116 0.171797
    endloop
  endfacet
  facet normal -0.661264 -0.750153 -0
    outer loop
      vertex 0.516904 0.586122 0.171797
      vertex 0.506701 0.595116 0
      vertex 0.516904 0.586122 0
    endloop
  endfacet
  facet normal 0.790135 -0.612932 0
    outer loop
      vertex 0.193547 0.555555 0.171797
      vertex 0.201883 0.566301 0
      vertex 0.201883 0.566301 0.171797
    endloop
  endfacet
  facet normal 0.790135 -0.612932 0
    outer loop
      vertex 0.201883 0.566301 0
      vertex 0.193547 0.555555 0.171797
      vertex 0.193547 0.555555 0
    endloop
  endfacet
  facet normal 0.750153 -0.661264 0
    outer loop
      vertex 0.201883 0.566301 0.171797
      vertex 0.210877 0.576504 0
      vertex 0.210877 0.576504 0.171797
    endloop
  endfacet
  facet normal 0.750153 -0.661264 0
    outer loop
      vertex 0.210877 0.576504 0
      vertex 0.201883 0.566301 0.171797
      vertex 0.201883 0.566301 0
    endloop
  endfacet
  facet normal 0.827108 -0.562043 0
    outer loop
      vertex 0.185903 0.544306 0.171797
      vertex 0.193547 0.555555 0
      vertex 0.193547 0.555555 0.171797
    endloop
  endfacet
  facet normal 0.827108 -0.562043 0
    outer loop
      vertex 0.193547 0.555555 0
      vertex 0.185903 0.544306 0.171797
      vertex 0.185903 0.544306 0
    endloop
  endfacet
  facet normal 0.917751 -0.397156 0
    outer loop
      vertex 0.167403 0.507998 0.171797
      vertex 0.172805 0.520481 0
      vertex 0.172805 0.520481 0.171797
    endloop
  endfacet
  facet normal 0.917751 -0.397156 0
    outer loop
      vertex 0.172805 0.520481 0
      vertex 0.167403 0.507998 0.171797
      vertex 0.167403 0.507998 0
    endloop
  endfacet
  facet normal 0.891019 -0.453965 0
    outer loop
      vertex 0.172805 0.520481 0.171797
      vertex 0.178979 0.532599 0
      vertex 0.178979 0.532599 0.171797
    endloop
  endfacet
  facet normal 0.891019 -0.453965 0
    outer loop
      vertex 0.178979 0.532599 0
      vertex 0.172805 0.520481 0.171797
      vertex 0.172805 0.520481 0
    endloop
  endfacet
  facet normal 0.975918 -0.218137 0
    outer loop
      vertex 0.156034 0.468867 0.171797
      vertex 0.159001 0.482141 0
      vertex 0.159001 0.482141 0.171797
    endloop
  endfacet
  facet normal 0.975918 -0.218137 0
    outer loop
      vertex 0.159001 0.482141 0
      vertex 0.156034 0.468867 0.171797
      vertex 0.156034 0.468867 0
    endloop
  endfacet
  facet normal 0.995561 -0.0941151 0
    outer loop
      vertex 0.152627 0.441894 0.171797
      vertex 0.153907 0.455434 0
      vertex 0.153907 0.455434 0.171797
    endloop
  endfacet
  facet normal 0.995561 -0.0941151 0
    outer loop
      vertex 0.153907 0.455434 0
      vertex 0.152627 0.441894 0.171797
      vertex 0.152627 0.441894 0
    endloop
  endfacet
  facet normal 0.999507 -0.0313954 0
    outer loop
      vertex 0.1522 0.4283 0.171797
      vertex 0.152627 0.441894 0
      vertex 0.152627 0.441894 0.171797
    endloop
  endfacet
  facet normal 0.999507 -0.0313954 0
    outer loop
      vertex 0.152627 0.441894 0
      vertex 0.1522 0.4283 0.171797
      vertex 0.1522 0.4283 0
    endloop
  endfacet
  facet normal 0.999507 0.0313931 0
    outer loop
      vertex 0.152627 0.414705 0.171797
      vertex 0.1522 0.4283 0
      vertex 0.1522 0.4283 0.171797
    endloop
  endfacet
  facet normal 0.999507 0.0313931 0
    outer loop
      vertex 0.1522 0.4283 0
      vertex 0.152627 0.414705 0.171797
      vertex 0.152627 0.414705 0
    endloop
  endfacet
  facet normal 0.509069 -0.860726 0
    outer loop
      vertex 0.252693 0.611096 0
      vertex 0.2644 0.61802 0.171797
      vertex 0.252693 0.611096 0.171797
    endloop
  endfacet
  facet normal 0.509069 -0.860726 0
    outer loop
      vertex 0.2644 0.61802 0.171797
      vertex 0.252693 0.611096 0
      vertex 0.2644 0.61802 0
    endloop
  endfacet
  facet normal 0.612932 -0.790135 0
    outer loop
      vertex 0.230698 0.595116 0
      vertex 0.241444 0.603452 0.171797
      vertex 0.230698 0.595116 0.171797
    endloop
  endfacet
  facet normal 0.612932 -0.790135 0
    outer loop
      vertex 0.241444 0.603452 0.171797
      vertex 0.230698 0.595116 0
      vertex 0.241444 0.603452 0
    endloop
  endfacet
  facet normal 0.661264 -0.750153 0
    outer loop
      vertex 0.220495 0.586122 0
      vertex 0.230698 0.595116 0.171797
      vertex 0.220495 0.586122 0.171797
    endloop
  endfacet
  facet normal 0.661264 -0.750153 0
    outer loop
      vertex 0.230698 0.595116 0.171797
      vertex 0.220495 0.586122 0
      vertex 0.230698 0.595116 0
    endloop
  endfacet
  facet normal 0.338748 -0.940877 0
    outer loop
      vertex 0.289001 0.629596 0
      vertex 0.301797 0.634203 0.171797
      vertex 0.289001 0.629596 0.171797
    endloop
  endfacet
  facet normal 0.338748 -0.940877 0
    outer loop
      vertex 0.301797 0.634203 0.171797
      vertex 0.289001 0.629596 0
      vertex 0.301797 0.634203 0
    endloop
  endfacet
  facet normal 0.156393 -0.987695 0
    outer loop
      vertex 0.328132 0.640965 0
      vertex 0.341565 0.643092 0.171797
      vertex 0.328132 0.640965 0.171797
    endloop
  endfacet
  facet normal 0.156393 -0.987695 0
    outer loop
      vertex 0.341565 0.643092 0.171797
      vertex 0.328132 0.640965 0
      vertex 0.341565 0.643092 0
    endloop
  endfacet
  facet normal -0.999507 0.0313931 0
    outer loop
      vertex 0.584772 0.414705 0
      vertex 0.585199 0.4283 0.15118
      vertex 0.585199 0.4283 0
    endloop
  endfacet
  facet normal -0.999507 0.0313931 0
    outer loop
      vertex 0.585199 0.4283 0.15118
      vertex 0.584772 0.414705 0
      vertex 0.584772 0.414705 0.15118
    endloop
  endfacet
  facet normal -0.453906 0.89105 0
    outer loop
      vertex 0.473 0.238579 0
      vertex 0.46088 0.232405 0.15118
      vertex 0.473 0.238579 0.15118
    endloop
  endfacet
  facet normal -0.453906 0.89105 0
    outer loop
      vertex 0.46088 0.232405 0.15118
      vertex 0.473 0.238579 0
      vertex 0.46088 0.232405 0
    endloop
  endfacet
  facet normal -0.860739 0.509046 0
    outer loop
      vertex 0.551497 0.312293 0
      vertex 0.55842 0.323999 0.15118
      vertex 0.55842 0.323999 0
    endloop
  endfacet
  facet normal -0.860739 0.509046 0
    outer loop
      vertex 0.55842 0.323999 0.15118
      vertex 0.551497 0.312293 0
      vertex 0.551497 0.312293 0.15118
    endloop
  endfacet
  facet normal -0.917728 0.397209 0
    outer loop
      vertex 0.564594 0.336119 0
      vertex 0.569996 0.3486 0.15118
      vertex 0.569996 0.3486 0
    endloop
  endfacet
  facet normal -0.917728 0.397209 0
    outer loop
      vertex 0.569996 0.3486 0.15118
      vertex 0.564594 0.336119 0
      vertex 0.564594 0.336119 0.15118
    endloop
  endfacet
  facet normal -0.975918 0.218137 0
    outer loop
      vertex 0.578398 0.374458 0
      vertex 0.581365 0.387732 0.15118
      vertex 0.581365 0.387732 0
    endloop
  endfacet
  facet normal -0.975918 0.218137 0
    outer loop
      vertex 0.581365 0.387732 0.15118
      vertex 0.578398 0.374458 0
      vertex 0.578398 0.374458 0.15118
    endloop
  endfacet
  facet normal 0.940894 0.338701 0
    outer loop
      vertex 0.167403 0.3486 0.171797
      vertex 0.162796 0.361398 0
      vertex 0.162796 0.361398 0.171797
    endloop
  endfacet
  facet normal 0.940894 0.338701 0
    outer loop
      vertex 0.162796 0.361398 0
      vertex 0.167403 0.3486 0.171797
      vertex 0.167403 0.3486 0
    endloop
  endfacet
  facet normal -0.27904 0.96028 0
    outer loop
      vertex 0.435601 0.222396 0
      vertex 0.422541 0.218601 0.15118
      vertex 0.435601 0.222396 0.15118
    endloop
  endfacet
  facet normal -0.27904 0.96028 0
    outer loop
      vertex 0.422541 0.218601 0.15118
      vertex 0.435601 0.222396 0
      vertex 0.422541 0.218601 0
    endloop
  endfacet
  facet normal -0.397209 0.917728 0
    outer loop
      vertex 0.46088 0.232405 0
      vertex 0.448399 0.227003 0.15118
      vertex 0.46088 0.232405 0.15118
    endloop
  endfacet
  facet normal -0.397209 0.917728 0
    outer loop
      vertex 0.448399 0.227003 0.15118
      vertex 0.46088 0.232405 0
      vertex 0.448399 0.227003 0
    endloop
  endfacet
  facet normal -0.995561 0.0941151 0
    outer loop
      vertex 0.583492 0.401165 0
      vertex 0.584772 0.414705 0.15118
      vertex 0.584772 0.414705 0
    endloop
  endfacet
  facet normal -0.995561 0.0941151 0
    outer loop
      vertex 0.584772 0.414705 0.15118
      vertex 0.583492 0.401165 0
      vertex 0.583492 0.401165 0.15118
    endloop
  endfacet
  facet normal -0.987695 0.156393 0
    outer loop
      vertex 0.581365 0.387732 0
      vertex 0.583492 0.401165 0.15118
      vertex 0.583492 0.401165 0
    endloop
  endfacet
  facet normal -0.987695 0.156393 0
    outer loop
      vertex 0.583492 0.401165 0.15118
      vertex 0.581365 0.387732 0
      vertex 0.581365 0.387732 0.15118
    endloop
  endfacet
  facet normal -0.661305 0.750117 0
    outer loop
      vertex 0.516904 0.270478 0
      vertex 0.506701 0.261483 0.15118
      vertex 0.516904 0.270478 0.15118
    endloop
  endfacet
  facet normal -0.661305 0.750117 0
    outer loop
      vertex 0.506701 0.261483 0.15118
      vertex 0.516904 0.270478 0
      vertex 0.506701 0.261483 0
    endloop
  endfacet
  facet normal -0.827074 0.562093 0
    outer loop
      vertex 0.543852 0.301044 0
      vertex 0.551497 0.312293 0.15118
      vertex 0.551497 0.312293 0
    endloop
  endfacet
  facet normal -0.827074 0.562093 0
    outer loop
      vertex 0.551497 0.312293 0.15118
      vertex 0.543852 0.301044 0
      vertex 0.543852 0.301044 0.15118
    endloop
  endfacet
  facet normal -0.750153 0.661264 0
    outer loop
      vertex 0.526522 0.280095 0
      vertex 0.535516 0.290298 0.15118
      vertex 0.535516 0.290298 0
    endloop
  endfacet
  facet normal -0.750153 0.661264 0
    outer loop
      vertex 0.535516 0.290298 0.15118
      vertex 0.526522 0.280095 0
      vertex 0.526522 0.280095 0.15118
    endloop
  endfacet
  facet normal -0.89105 0.453906 0
    outer loop
      vertex 0.55842 0.323999 0
      vertex 0.564594 0.336119 0.15118
      vertex 0.564594 0.336119 0
    endloop
  endfacet
  facet normal -0.89105 0.453906 0
    outer loop
      vertex 0.564594 0.336119 0.15118
      vertex 0.55842 0.323999 0
      vertex 0.55842 0.323999 0.15118
    endloop
  endfacet
  facet normal 0.860707 0.509101 0
    outer loop
      vertex 0.185903 0.312293 0.171797
      vertex 0.178979 0.323999 0
      vertex 0.178979 0.323999 0.171797
    endloop
  endfacet
  facet normal 0.860707 0.509101 0
    outer loop
      vertex 0.178979 0.323999 0
      vertex 0.185903 0.312293 0.171797
      vertex 0.185903 0.312293 0
    endloop
  endfacet
  facet normal 0.995561 0.0941151 0
    outer loop
      vertex 0.153907 0.401165 0.171797
      vertex 0.152627 0.414705 0
      vertex 0.152627 0.414705 0.171797
    endloop
  endfacet
  facet normal 0.995561 0.0941151 0
    outer loop
      vertex 0.152627 0.414705 0
      vertex 0.153907 0.401165 0.171797
      vertex 0.153907 0.401165 0
    endloop
  endfacet
  facet normal 0.987695 0.156393 0
    outer loop
      vertex 0.156034 0.387732 0.171797
      vertex 0.153907 0.401165 0
      vertex 0.153907 0.401165 0.171797
    endloop
  endfacet
  facet normal 0.987695 0.156393 0
    outer loop
      vertex 0.153907 0.401165 0
      vertex 0.156034 0.387732 0.171797
      vertex 0.156034 0.387732 0
    endloop
  endfacet
  facet normal -0.0941151 0.995561 0
    outer loop
      vertex 0.395834 0.213507 0
      vertex 0.382294 0.212227 0.15118
      vertex 0.395834 0.213507 0.15118
    endloop
  endfacet
  facet normal -0.0941151 0.995561 0
    outer loop
      vertex 0.382294 0.212227 0.15118
      vertex 0.395834 0.213507 0
      vertex 0.382294 0.212227 0
    endloop
  endfacet
  facet normal -0.612932 0.790135 0
    outer loop
      vertex 0.506701 0.261483 0
      vertex 0.495955 0.253147 0.15118
      vertex 0.506701 0.261483 0.15118
    endloop
  endfacet
  facet normal -0.612932 0.790135 0
    outer loop
      vertex 0.495955 0.253147 0.15118
      vertex 0.506701 0.261483 0
      vertex 0.495955 0.253147 0
    endloop
  endfacet
  facet normal -0.509046 0.860739 0
    outer loop
      vertex 0.484706 0.245502 0
      vertex 0.473 0.238579 0.15118
      vertex 0.484706 0.245502 0.15118
    endloop
  endfacet
  facet normal -0.509046 0.860739 0
    outer loop
      vertex 0.473 0.238579 0.15118
      vertex 0.484706 0.245502 0
      vertex 0.473 0.238579 0
    endloop
  endfacet
  facet normal -0.790135 0.612932 0
    outer loop
      vertex 0.535516 0.290298 0
      vertex 0.543852 0.301044 0.15118
      vertex 0.543852 0.301044 0
    endloop
  endfacet
  facet normal -0.790135 0.612932 0
    outer loop
      vertex 0.543852 0.301044 0.15118
      vertex 0.535516 0.290298 0
      vertex 0.535516 0.290298 0.15118
    endloop
  endfacet
  facet normal -0.96028 0.27904 0
    outer loop
      vertex 0.574603 0.361398 0
      vertex 0.578398 0.374458 0.15118
      vertex 0.578398 0.374458 0
    endloop
  endfacet
  facet normal -0.96028 0.27904 0
    outer loop
      vertex 0.578398 0.374458 0.15118
      vertex 0.574603 0.361398 0
      vertex 0.574603 0.361398 0.15118
    endloop
  endfacet
  facet normal -0.940894 0.338701 0
    outer loop
      vertex 0.569996 0.3486 0
      vertex 0.574603 0.361398 0.15118
      vertex 0.574603 0.361398 0
    endloop
  endfacet
  facet normal -0.940894 0.338701 0
    outer loop
      vertex 0.574603 0.361398 0.15118
      vertex 0.569996 0.3486 0
      vertex 0.569996 0.3486 0.15118
    endloop
  endfacet
  facet normal 0.0313719 0.999508 -0
    outer loop
      vertex 0.368699 0.2118 0
      vertex 0.365513 0.2119 0.15118
      vertex 0.368699 0.2118 0.15118
    endloop
  endfacet
  facet normal 0.0313719 0.999508 0
    outer loop
      vertex 0.365513 0.2119 0.15118
      vertex 0.368699 0.2118 0
      vertex 0.365513 0.2119 0
    endloop
  endfacet
  facet normal 0.509014 0.860758 -0
    outer loop
      vertex 0.2644 0.238579 0
      vertex 0.252693 0.245502 0.15118
      vertex 0.2644 0.238579 0.15118
    endloop
  endfacet
  facet normal 0.509014 0.860758 0
    outer loop
      vertex 0.252693 0.245502 0.15118
      vertex 0.2644 0.238579 0
      vertex 0.252693 0.245502 0
    endloop
  endfacet
  facet normal 0.27902 0.960285 -0
    outer loop
      vertex 0.314858 0.218601 0
      vertex 0.301797 0.222396 0.15118
      vertex 0.314858 0.218601 0.15118
    endloop
  endfacet
  facet normal 0.27902 0.960285 0
    outer loop
      vertex 0.301797 0.222396 0.15118
      vertex 0.314858 0.218601 0
      vertex 0.301797 0.222396 0
    endloop
  endfacet
  facet normal 0.218137 0.975918 -0
    outer loop
      vertex 0.328132 0.215634 0
      vertex 0.314858 0.218601 0.15118
      vertex 0.328132 0.215634 0.15118
    endloop
  endfacet
  facet normal 0.218137 0.975918 0
    outer loop
      vertex 0.314858 0.218601 0.15118
      vertex 0.328132 0.215634 0
      vertex 0.314858 0.218601 0
    endloop
  endfacet
  facet normal 0.0944505 0.99553 -0
    outer loop
      vertex 0.343399 0.213333 0
      vertex 0.341565 0.213507 0.15118
      vertex 0.343399 0.213333 0.15118
    endloop
  endfacet
  facet normal 0.0944505 0.99553 0
    outer loop
      vertex 0.341565 0.213507 0.15118
      vertex 0.343399 0.213333 0
      vertex 0.341565 0.213507 0
    endloop
  endfacet
  facet normal 0.790135 0.612932 0
    outer loop
      vertex 0.201883 0.290298 0.171797
      vertex 0.193547 0.301044 0
      vertex 0.193547 0.301044 0.171797
    endloop
  endfacet
  facet normal 0.790135 0.612932 0
    outer loop
      vertex 0.193547 0.301044 0
      vertex 0.201883 0.290298 0.171797
      vertex 0.201883 0.290298 0
    endloop
  endfacet
  facet normal 0.70707 0.707144 0
    outer loop
      vertex 0.220495 0.270478 0.15118
      vertex 0.220495 0.270478 0
      vertex 0.210977 0.279995 0.15118
    endloop
  endfacet
  facet normal 0.707107 0.707107 -0
    outer loop
      vertex 0.210977 0.279995 0.15118
      vertex 0.210877 0.280095 0.171797
      vertex 0.210977 0.279995 0.171797
    endloop
  endfacet
  facet normal 0.707107 0.707107 0
    outer loop
      vertex 0.210977 0.279995 0.15118
      vertex 0.210877 0.280095 0
      vertex 0.210877 0.280095 0.171797
    endloop
  endfacet
  facet normal 0.70707 0.707144 4.86327e-08
    outer loop
      vertex 0.210877 0.280095 0
      vertex 0.210977 0.279995 0.15118
      vertex 0.220495 0.270478 0
    endloop
  endfacet
  facet normal 0.661305 0.750117 -0
    outer loop
      vertex 0.230698 0.261483 0
      vertex 0.220495 0.270478 0.15118
      vertex 0.230698 0.261483 0.15118
    endloop
  endfacet
  facet normal 0.661305 0.750117 0
    outer loop
      vertex 0.220495 0.270478 0.15118
      vertex 0.230698 0.261483 0
      vertex 0.220495 0.270478 0
    endloop
  endfacet
  facet normal 0.917728 0.397209 0
    outer loop
      vertex 0.172805 0.336119 0.171797
      vertex 0.167403 0.3486 0
      vertex 0.167403 0.3486 0.171797
    endloop
  endfacet
  facet normal 0.917728 0.397209 0
    outer loop
      vertex 0.167403 0.3486 0
      vertex 0.172805 0.336119 0.171797
      vertex 0.172805 0.336119 0
    endloop
  endfacet
  facet normal 0.96028 0.27904 0
    outer loop
      vertex 0.162796 0.361398 0.171797
      vertex 0.159001 0.374458 0
      vertex 0.159001 0.374458 0.171797
    endloop
  endfacet
  facet normal 0.96028 0.27904 0
    outer loop
      vertex 0.159001 0.374458 0
      vertex 0.162796 0.361398 0.171797
      vertex 0.162796 0.361398 0
    endloop
  endfacet
  facet normal 0.89105 0.453906 0
    outer loop
      vertex 0.178979 0.323999 0.171797
      vertex 0.172805 0.336119 0
      vertex 0.172805 0.336119 0.171797
    endloop
  endfacet
  facet normal 0.89105 0.453906 0
    outer loop
      vertex 0.172805 0.336119 0
      vertex 0.178979 0.323999 0.171797
      vertex 0.178979 0.323999 0
    endloop
  endfacet
  facet normal 0.975918 0.218137 0
    outer loop
      vertex 0.159001 0.374458 0.171797
      vertex 0.156034 0.387732 0
      vertex 0.156034 0.387732 0.171797
    endloop
  endfacet
  facet normal 0.975918 0.218137 0
    outer loop
      vertex 0.156034 0.387732 0
      vertex 0.159001 0.374458 0.171797
      vertex 0.159001 0.374458 0
    endloop
  endfacet
  facet normal -0.338701 0.940894 0
    outer loop
      vertex 0.448399 0.227003 0
      vertex 0.435601 0.222396 0.15118
      vertex 0.448399 0.227003 0.15118
    endloop
  endfacet
  facet normal -0.338701 0.940894 0
    outer loop
      vertex 0.435601 0.222396 0.15118
      vertex 0.448399 0.227003 0
      vertex 0.435601 0.222396 0
    endloop
  endfacet
  facet normal -0.218137 0.975918 0
    outer loop
      vertex 0.422541 0.218601 0
      vertex 0.409267 0.215634 0.15118
      vertex 0.422541 0.218601 0.15118
    endloop
  endfacet
  facet normal -0.218137 0.975918 0
    outer loop
      vertex 0.409267 0.215634 0.15118
      vertex 0.422541 0.218601 0
      vertex 0.409267 0.215634 0
    endloop
  endfacet
  facet normal -0.156393 0.987695 0
    outer loop
      vertex 0.409267 0.215634 0
      vertex 0.395834 0.213507 0.15118
      vertex 0.409267 0.215634 0.15118
    endloop
  endfacet
  facet normal -0.156393 0.987695 0
    outer loop
      vertex 0.395834 0.213507 0.15118
      vertex 0.409267 0.215634 0
      vertex 0.395834 0.213507 0
    endloop
  endfacet
  facet normal -0.562093 0.827074 0
    outer loop
      vertex 0.495955 0.253147 0
      vertex 0.484706 0.245502 0.15118
      vertex 0.495955 0.253147 0.15118
    endloop
  endfacet
  facet normal -0.562093 0.827074 0
    outer loop
      vertex 0.484706 0.245502 0.15118
      vertex 0.495955 0.253147 0
      vertex 0.484706 0.245502 0
    endloop
  endfacet
  facet normal 0.338748 0.940877 -0
    outer loop
      vertex 0.301797 0.222396 0
      vertex 0.289001 0.227003 0.15118
      vertex 0.301797 0.222396 0.15118
    endloop
  endfacet
  facet normal 0.338748 0.940877 0
    outer loop
      vertex 0.289001 0.227003 0.15118
      vertex 0.301797 0.222396 0
      vertex 0.289001 0.227003 0
    endloop
  endfacet
  facet normal 0.827108 0.562043 0
    outer loop
      vertex 0.193547 0.301044 0.171797
      vertex 0.185903 0.312293 0
      vertex 0.185903 0.312293 0.171797
    endloop
  endfacet
  facet normal 0.827108 0.562043 0
    outer loop
      vertex 0.185903 0.312293 0
      vertex 0.193547 0.301044 0.171797
      vertex 0.193547 0.301044 0
    endloop
  endfacet
  facet normal 0.750153 0.661264 0
    outer loop
      vertex 0.210877 0.280095 0.171797
      vertex 0.201883 0.290298 0
      vertex 0.201883 0.290298 0.171797
    endloop
  endfacet
  facet normal 0.750153 0.661264 0
    outer loop
      vertex 0.201883 0.290298 0
      vertex 0.210877 0.280095 0.171797
      vertex 0.210877 0.280095 0
    endloop
  endfacet
  facet normal 0.453965 0.891019 -0
    outer loop
      vertex 0.276518 0.232405 0
      vertex 0.2644 0.238579 0.15118
      vertex 0.276518 0.232405 0.15118
    endloop
  endfacet
  facet normal 0.453965 0.891019 0
    outer loop
      vertex 0.2644 0.238579 0.15118
      vertex 0.276518 0.232405 0
      vertex 0.2644 0.238579 0
    endloop
  endfacet
  facet normal 0.562093 0.827074 -0
    outer loop
      vertex 0.252693 0.245502 0
      vertex 0.241444 0.253147 0.15118
      vertex 0.252693 0.245502 0.15118
    endloop
  endfacet
  facet normal 0.562093 0.827074 0
    outer loop
      vertex 0.241444 0.253147 0.15118
      vertex 0.252693 0.245502 0
      vertex 0.241444 0.253147 0
    endloop
  endfacet
  facet normal 0.612932 0.790135 -0
    outer loop
      vertex 0.241444 0.253147 0
      vertex 0.230698 0.261483 0.15118
      vertex 0.241444 0.253147 0.15118
    endloop
  endfacet
  facet normal 0.612932 0.790135 0
    outer loop
      vertex 0.230698 0.261483 0.15118
      vertex 0.241444 0.253147 0
      vertex 0.230698 0.261483 0
    endloop
  endfacet
  facet normal 0.156393 0.987695 -0
    outer loop
      vertex 0.341565 0.213507 0
      vertex 0.328132 0.215634 0.15118
      vertex 0.341565 0.213507 0.15118
    endloop
  endfacet
  facet normal 0.156393 0.987695 0
    outer loop
      vertex 0.328132 0.215634 0.15118
      vertex 0.341565 0.213507 0
      vertex 0.328132 0.215634 0
    endloop
  endfacet
  facet normal 0.397156 0.917751 -0
    outer loop
      vertex 0.289001 0.227003 0
      vertex 0.276518 0.232405 0.15118
      vertex 0.289001 0.227003 0.15118
    endloop
  endfacet
  facet normal 0.397156 0.917751 0
    outer loop
      vertex 0.276518 0.232405 0.15118
      vertex 0.289001 0.227003 0
      vertex 0.276518 0.232405 0
    endloop
  endfacet
  facet normal 0.397209 0.917728 -0
    outer loop
      vertex 0.46098 0.624095 0.15118
      vertex 0.448499 0.629497 0.171797
      vertex 0.46098 0.624095 0.171797
    endloop
  endfacet
  facet normal 0.397209 0.917728 0
    outer loop
      vertex 0.448499 0.629497 0.171797
      vertex 0.46098 0.624095 0.15118
      vertex 0.448499 0.629497 0.15118
    endloop
  endfacet
  facet normal -0.397156 0.917751 0
    outer loop
      vertex 0.289101 0.629497 0.15118
      vertex 0.276618 0.624095 0.171797
      vertex 0.289101 0.629497 0.171797
    endloop
  endfacet
  facet normal -0.397156 0.917751 0
    outer loop
      vertex 0.276618 0.624095 0.171797
      vertex 0.289101 0.629497 0.15118
      vertex 0.276618 0.624095 0.15118
    endloop
  endfacet
  facet normal 0 0 -1
    outer loop
      vertex 0.328232 0.640864 0.15118
      vertex 0.343399 0.643156 0.15118
      vertex 0.343399 0.213333 0.15118
    endloop
  endfacet
  facet normal 0 0 -1
    outer loop
      vertex 0.328132 0.215634 0.15118
      vertex 0.343399 0.213333 0.15118
      vertex 0.341565 0.213507 0.15118
    endloop
  endfacet
  facet normal 0 0 -1
    outer loop
      vertex 0.343399 0.643156 0.15118
      vertex 0.328232 0.640864 0.15118
      vertex 0.341665 0.642992 0.15118
    endloop
  endfacet
  facet normal 0 0 -1
    outer loop
      vertex 0.343399 0.213333 0.15118
      vertex 0.328132 0.215634 0.15118
      vertex 0.328232 0.640864 0.15118
    endloop
  endfacet
  facet normal 0 0 -1
    outer loop
      vertex 0.328132 0.215634 0.15118
      vertex 0.314959 0.637897 0.15118
      vertex 0.328232 0.640864 0.15118
    endloop
  endfacet
  facet normal 0 0 -1
    outer loop
      vertex 0.314858 0.218601 0.15118
      vertex 0.314959 0.637897 0.15118
      vertex 0.328132 0.215634 0.15118
    endloop
  endfacet
  facet normal 0 0 -1
    outer loop
      vertex 0.314858 0.218601 0.15118
      vertex 0.301897 0.634103 0.15118
      vertex 0.314959 0.637897 0.15118
    endloop
  endfacet
  facet normal 0 0 -1
    outer loop
      vertex 0.301797 0.222396 0.15118
      vertex 0.301897 0.634103 0.15118
      vertex 0.314858 0.218601 0.15118
    endloop
  endfacet
  facet normal 0 0 -1
    outer loop
      vertex 0.301797 0.222396 0.15118
      vertex 0.289101 0.629497 0.15118
      vertex 0.301897 0.634103 0.15118
    endloop
  endfacet
  facet normal 0 0 -1
    outer loop
      vertex 0.289001 0.227003 0.15118
      vertex 0.289101 0.629497 0.15118
      vertex 0.301797 0.222396 0.15118
    endloop
  endfacet
  facet normal 0 0 -1
    outer loop
      vertex 0.289001 0.227003 0.15118
      vertex 0.276618 0.624095 0.15118
      vertex 0.289101 0.629497 0.15118
    endloop
  endfacet
  facet normal 0 0 -1
    outer loop
      vertex 0.276518 0.232405 0.15118
      vertex 0.276618 0.624095 0.15118
      vertex 0.289001 0.227003 0.15118
    endloop
  endfacet
  facet normal 0 0 -1
    outer loop
      vertex 0.276518 0.232405 0.15118
      vertex 0.2645 0.61792 0.15118
      vertex 0.276618 0.624095 0.15118
    endloop
  endfacet
  facet normal 0 0 -1
    outer loop
      vertex 0.2644 0.238579 0.15118
      vertex 0.2645 0.61792 0.15118
      vertex 0.276518 0.232405 0.15118
    endloop
  endfacet
  facet normal 0 0 -1
    outer loop
      vertex 0.2644 0.238579 0.15118
      vertex 0.252793 0.610996 0.15118
      vertex 0.2645 0.61792 0.15118
    endloop
  endfacet
  facet normal 0 0 -1
    outer loop
      vertex 0.252693 0.245502 0.15118
      vertex 0.252793 0.610996 0.15118
      vertex 0.2644 0.238579 0.15118
    endloop
  endfacet
  facet normal 0 0 -1
    outer loop
      vertex 0.252693 0.245502 0.15118
      vertex 0.241544 0.603352 0.15118
      vertex 0.252793 0.610996 0.15118
    endloop
  endfacet
  facet normal 0 0 -1
    outer loop
      vertex 0.241444 0.253147 0.15118
      vertex 0.241544 0.603352 0.15118
      vertex 0.252693 0.245502 0.15118
    endloop
  endfacet
  facet normal 0 0 -1
    outer loop
      vertex 0.241444 0.253147 0.15118
      vertex 0.230797 0.595016 0.15118
      vertex 0.241544 0.603352 0.15118
    endloop
  endfacet
  facet normal 0 0 -1
    outer loop
      vertex 0.230698 0.261483 0.15118
      vertex 0.230797 0.595016 0.15118
      vertex 0.241444 0.253147 0.15118
    endloop
  endfacet
  facet normal 0 0 -1
    outer loop
      vertex 0.230698 0.261483 0.15118
      vertex 0.220595 0.586021 0.15118
      vertex 0.230797 0.595016 0.15118
    endloop
  endfacet
  facet normal 0 0 -1
    outer loop
      vertex 0.220495 0.270478 0.15118
      vertex 0.220595 0.586021 0.15118
      vertex 0.230698 0.261483 0.15118
    endloop
  endfacet
  facet normal 0 0 -1
    outer loop
      vertex 0.220495 0.270478 0.15118
      vertex 0.210978 0.576404 0.15118
      vertex 0.220595 0.586021 0.15118
    endloop
  endfacet
  facet normal 0 0 -1
    outer loop
      vertex 0.210977 0.279995 0.15118
      vertex 0.210978 0.576404 0.15118
      vertex 0.220495 0.270478 0.15118
    endloop
  endfacet
  facet normal 0 0 -1
    outer loop
      vertex 0.201983 0.290197 0.15118
      vertex 0.210978 0.576404 0.15118
      vertex 0.210977 0.279995 0.15118
    endloop
  endfacet
  facet normal 0 0 -1
    outer loop
      vertex 0.201983 0.290197 0.15118
      vertex 0.201983 0.566202 0.15118
      vertex 0.210978 0.576404 0.15118
    endloop
  endfacet
  facet normal 0 0 -1
    outer loop
      vertex 0.193647 0.300944 0.15118
      vertex 0.201983 0.566202 0.15118
      vertex 0.201983 0.290197 0.15118
    endloop
  endfacet
  facet normal 0 0 -1
    outer loop
      vertex 0.193647 0.300944 0.15118
      vertex 0.193647 0.555455 0.15118
      vertex 0.201983 0.566202 0.15118
    endloop
  endfacet
  facet normal 0 0 -1
    outer loop
      vertex 0.186003 0.312193 0.15118
      vertex 0.193647 0.555455 0.15118
      vertex 0.193647 0.300944 0.15118
    endloop
  endfacet
  facet normal 0 0 -1
    outer loop
      vertex 0.186003 0.312193 0.15118
      vertex 0.186003 0.544206 0.15118
      vertex 0.193647 0.555455 0.15118
    endloop
  endfacet
  facet normal 0 0 -1
    outer loop
      vertex 0.179079 0.3239 0.15118
      vertex 0.186003 0.544206 0.15118
      vertex 0.186003 0.312193 0.15118
    endloop
  endfacet
  facet normal 0 0 -1
    outer loop
      vertex 0.179079 0.3239 0.15118
      vertex 0.179079 0.532499 0.15118
      vertex 0.186003 0.544206 0.15118
    endloop
  endfacet
  facet normal 0 0 -1
    outer loop
      vertex 0.172904 0.336019 0.15118
      vertex 0.179079 0.532499 0.15118
      vertex 0.179079 0.3239 0.15118
    endloop
  endfacet
  facet normal 0 0 -1
    outer loop
      vertex 0.172904 0.336019 0.15118
      vertex 0.172904 0.520381 0.15118
      vertex 0.179079 0.532499 0.15118
    endloop
  endfacet
  facet normal 0 0 -1
    outer loop
      vertex 0.167503 0.3485 0.15118
      vertex 0.172904 0.520381 0.15118
      vertex 0.172904 0.336019 0.15118
    endloop
  endfacet
  facet normal 0 0 -1
    outer loop
      vertex 0.167503 0.3485 0.15118
      vertex 0.167503 0.507898 0.15118
      vertex 0.172904 0.520381 0.15118
    endloop
  endfacet
  facet normal 0 0 -1
    outer loop
      vertex 0.162896 0.361298 0.15118
      vertex 0.167503 0.507898 0.15118
      vertex 0.167503 0.3485 0.15118
    endloop
  endfacet
  facet normal 0 0 -1
    outer loop
      vertex 0.162896 0.361298 0.15118
      vertex 0.162896 0.495102 0.15118
      vertex 0.167503 0.507898 0.15118
    endloop
  endfacet
  facet normal 0 0 -1
    outer loop
      vertex 0.159101 0.374358 0.15118
      vertex 0.162896 0.495102 0.15118
      vertex 0.162896 0.361298 0.15118
    endloop
  endfacet
  facet normal 0 0 -1
    outer loop
      vertex 0.159101 0.374358 0.15118
      vertex 0.159101 0.482041 0.15118
      vertex 0.162896 0.495102 0.15118
    endloop
  endfacet
  facet normal 0 0 -1
    outer loop
      vertex 0.156135 0.387631 0.15118
      vertex 0.159101 0.482041 0.15118
      vertex 0.159101 0.374358 0.15118
    endloop
  endfacet
  facet normal 0 0 -1
    outer loop
      vertex 0.156135 0.387631 0.15118
      vertex 0.156135 0.468767 0.15118
      vertex 0.159101 0.482041 0.15118
    endloop
  endfacet
  facet normal 0 0 -1
    outer loop
      vertex 0.154007 0.401065 0.15118
      vertex 0.156135 0.468767 0.15118
      vertex 0.156135 0.387631 0.15118
    endloop
  endfacet
  facet normal 0 0 -1
    outer loop
      vertex 0.154007 0.401065 0.15118
      vertex 0.154007 0.455334 0.15118
      vertex 0.156135 0.468767 0.15118
    endloop
  endfacet
  facet normal 0 0 -1
    outer loop
      vertex 0.152727 0.414605 0.15118
      vertex 0.154007 0.455334 0.15118
      vertex 0.154007 0.401065 0.15118
    endloop
  endfacet
  facet normal 0 0 -1
    outer loop
      vertex 0.152727 0.414605 0.15118
      vertex 0.152727 0.441793 0.15118
      vertex 0.154007 0.455334 0.15118
    endloop
  endfacet
  facet normal 0 -0 -1
    outer loop
      vertex 0.152727 0.441793 0.15118
      vertex 0.152727 0.414605 0.15118
      vertex 0.1523 0.4282 0.15118
    endloop
  endfacet
  facet normal 0 0 -1
    outer loop
      vertex 0.554851 0.423465 0.15118
      vertex 0.585199 0.4283 0.15118
      vertex 0.584772 0.414705 0.15118
    endloop
  endfacet
  facet normal 0 0 -1
    outer loop
      vertex 0.553664 0.414071 0.15118
      vertex 0.584772 0.414705 0.15118
      vertex 0.583492 0.401165 0.15118
    endloop
  endfacet
  facet normal 0 0 -1
    outer loop
      vertex 0.585199 0.4283 0.15118
      vertex 0.554851 0.423465 0.15118
      vertex 0.554999 0.4282 0.15118
    endloop
  endfacet
  facet normal 0 0 -1
    outer loop
      vertex 0.55131 0.4049 0.15118
      vertex 0.583492 0.401165 0.15118
      vertex 0.581365 0.387732 0.15118
    endloop
  endfacet
  facet normal 0 0 -1
    outer loop
      vertex 0.554851 0.432934 0.15118
      vertex 0.585199 0.4283 0.15118
      vertex 0.554999 0.4282 0.15118
    endloop
  endfacet
  facet normal 0 0 -1
    outer loop
      vertex 0.545673 0.391875 0.15118
      vertex 0.581365 0.387732 0.15118
      vertex 0.578398 0.374458 0.15118
    endloop
  endfacet
  facet normal 0 0 -1
    outer loop
      vertex 0.585199 0.4283 0.15118
      vertex 0.554851 0.432934 0.15118
      vertex 0.584772 0.441894 0.15118
    endloop
  endfacet
  facet normal 0 0 -1
    outer loop
      vertex 0.5406 0.383881 0.15118
      vertex 0.578398 0.374458 0.15118
      vertex 0.574603 0.361398 0.15118
    endloop
  endfacet
  facet normal 0 0 -1
    outer loop
      vertex 0.554405 0.43765 0.15118
      vertex 0.584772 0.441894 0.15118
      vertex 0.554851 0.432934 0.15118
    endloop
  endfacet
  facet normal 0 0 -1
    outer loop
      vertex 0.534564 0.376585 0.15118
      vertex 0.574603 0.361398 0.15118
      vertex 0.569996 0.3486 0.15118
    endloop
  endfacet
  facet normal 0 0 -1
    outer loop
      vertex 0.553664 0.442328 0.15118
      vertex 0.584772 0.441894 0.15118
      vertex 0.554405 0.43765 0.15118
    endloop
  endfacet
  facet normal 0 0 -1
    outer loop
      vertex 0.527661 0.370103 0.15118
      vertex 0.569996 0.3486 0.15118
      vertex 0.564594 0.336119 0.15118
    endloop
  endfacet
  facet normal 0 0 -1
    outer loop
      vertex 0.584772 0.441894 0.15118
      vertex 0.553664 0.442328 0.15118
      vertex 0.583492 0.455434 0.15118
    endloop
  endfacet
  facet normal 0 0 -1
    outer loop
      vertex 0.52 0.364537 0.15118
      vertex 0.564594 0.336119 0.15118
      vertex 0.55842 0.323999 0.15118
    endloop
  endfacet
  facet normal 0 0 -1
    outer loop
      vertex 0.55131 0.451499 0.15118
      vertex 0.583492 0.455434 0.15118
      vertex 0.55263 0.446951 0.15118
    endloop
  endfacet
  facet normal -0 0 -1
    outer loop
      vertex 0.583492 0.455434 0.15118
      vertex 0.55131 0.451499 0.15118
      vertex 0.581365 0.468867 0.15118
    endloop
  endfacet
  facet normal 0 0 -1
    outer loop
      vertex 0.55263 0.446951 0.15118
      vertex 0.583492 0.455434 0.15118
      vertex 0.553664 0.442328 0.15118
    endloop
  endfacet
  facet normal 0 0 -1
    outer loop
      vertex 0.584772 0.414705 0.15118
      vertex 0.554405 0.41875 0.15118
      vertex 0.554851 0.423465 0.15118
    endloop
  endfacet
  facet normal -0 0 -1
    outer loop
      vertex 0.584772 0.414705 0.15118
      vertex 0.553664 0.414071 0.15118
      vertex 0.554405 0.41875 0.15118
    endloop
  endfacet
  facet normal 0 0 -1
    outer loop
      vertex 0.583492 0.401165 0.15118
      vertex 0.55263 0.409449 0.15118
      vertex 0.553664 0.414071 0.15118
    endloop
  endfacet
  facet normal 0 0 -1
    outer loop
      vertex 0.515924 0.362126 0.15118
      vertex 0.55842 0.323999 0.15118
      vertex 0.551497 0.312293 0.15118
    endloop
  endfacet
  facet normal 0 0 -1
    outer loop
      vertex 0.583492 0.401165 0.15118
      vertex 0.55131 0.4049 0.15118
      vertex 0.55263 0.409449 0.15118
    endloop
  endfacet
  facet normal 0 0 -1
    outer loop
      vertex 0.581365 0.387732 0.15118
      vertex 0.549705 0.400443 0.15118
      vertex 0.55131 0.4049 0.15118
    endloop
  endfacet
  facet normal 0 0 -1
    outer loop
      vertex 0.581365 0.387732 0.15118
      vertex 0.547824 0.396096 0.15118
      vertex 0.549705 0.400443 0.15118
    endloop
  endfacet
  facet normal 0 0 -1
    outer loop
      vertex 0.581365 0.387732 0.15118
      vertex 0.545673 0.391875 0.15118
      vertex 0.547824 0.396096 0.15118
    endloop
  endfacet
  facet normal 0 0 -1
    outer loop
      vertex 0.507356 0.358094 0.15118
      vertex 0.551497 0.312293 0.15118
      vertex 0.543852 0.301044 0.15118
    endloop
  endfacet
  facet normal 0 0 -1
    outer loop
      vertex 0.578398 0.374458 0.15118
      vertex 0.543262 0.387798 0.15118
      vertex 0.545673 0.391875 0.15118
    endloop
  endfacet
  facet normal 0 0 -1
    outer loop
      vertex 0.578398 0.374458 0.15118
      vertex 0.5406 0.383881 0.15118
      vertex 0.543262 0.387798 0.15118
    endloop
  endfacet
  facet normal 0 0 -1
    outer loop
      vertex 0.574603 0.361398 0.15118
      vertex 0.537696 0.380137 0.15118
      vertex 0.5406 0.383881 0.15118
    endloop
  endfacet
  facet normal 0 0 -1
    outer loop
      vertex 0.498351 0.355168 0.15118
      vertex 0.543852 0.301044 0.15118
      vertex 0.535516 0.290298 0.15118
    endloop
  endfacet
  facet normal 0 0 -1
    outer loop
      vertex 0.574603 0.361398 0.15118
      vertex 0.534564 0.376585 0.15118
      vertex 0.537696 0.380137 0.15118
    endloop
  endfacet
  facet normal 0 0 -1
    outer loop
      vertex 0.569996 0.3486 0.15118
      vertex 0.531215 0.373236 0.15118
      vertex 0.534564 0.376585 0.15118
    endloop
  endfacet
  facet normal 0 0 -1
    outer loop
      vertex 0.569996 0.3486 0.15118
      vertex 0.527661 0.370103 0.15118
      vertex 0.531215 0.373236 0.15118
    endloop
  endfacet
  facet normal 0 0 -1
    outer loop
      vertex 0.493728 0.354136 0.15118
      vertex 0.535516 0.290298 0.15118
      vertex 0.526522 0.280095 0.15118
    endloop
  endfacet
  facet normal 0 0 -1
    outer loop
      vertex 0.564594 0.336119 0.15118
      vertex 0.523918 0.3672 0.15118
      vertex 0.527661 0.370103 0.15118
    endloop
  endfacet
  facet normal 0 0 -1
    outer loop
      vertex 0.564594 0.336119 0.15118
      vertex 0.52 0.364537 0.15118
      vertex 0.523918 0.3672 0.15118
    endloop
  endfacet
  facet normal 0 0 -1
    outer loop
      vertex 0.484334 0.352948 0.15118
      vertex 0.526522 0.280095 0.15118
      vertex 0.516904 0.270478 0.15118
    endloop
  endfacet
  facet normal 0 0 -1
    outer loop
      vertex 0.55842 0.323999 0.15118
      vertex 0.515924 0.362126 0.15118
      vertex 0.52 0.364537 0.15118
    endloop
  endfacet
  facet normal 0 0 -1
    outer loop
      vertex 0.551497 0.312293 0.15118
      vertex 0.511703 0.359976 0.15118
      vertex 0.515924 0.362126 0.15118
    endloop
  endfacet
  facet normal 0 0 -1
    outer loop
      vertex 0.551497 0.312293 0.15118
      vertex 0.507356 0.358094 0.15118
      vertex 0.511703 0.359976 0.15118
    endloop
  endfacet
  facet normal 0 0 -1
    outer loop
      vertex 0.4796 0.352799 0.15118
      vertex 0.516904 0.270478 0.15118
      vertex 0.506701 0.261483 0.15118
    endloop
  endfacet
  facet normal 0 0 -1
    outer loop
      vertex 0.543852 0.301044 0.15118
      vertex 0.502899 0.35649 0.15118
      vertex 0.507356 0.358094 0.15118
    endloop
  endfacet
  facet normal 0 0 -1
    outer loop
      vertex 0.543852 0.301044 0.15118
      vertex 0.498351 0.355168 0.15118
      vertex 0.502899 0.35649 0.15118
    endloop
  endfacet
  facet normal 0 0 -1
    outer loop
      vertex 0.474865 0.352948 0.15118
      vertex 0.506701 0.261483 0.15118
      vertex 0.495955 0.253147 0.15118
    endloop
  endfacet
  facet normal 0 0 -1
    outer loop
      vertex 0.535516 0.290298 0.15118
      vertex 0.493728 0.354136 0.15118
      vertex 0.498351 0.355168 0.15118
    endloop
  endfacet
  facet normal 0 0 -1
    outer loop
      vertex 0.526522 0.280095 0.15118
      vertex 0.48905 0.353395 0.15118
      vertex 0.493728 0.354136 0.15118
    endloop
  endfacet
  facet normal 0 0 -1
    outer loop
      vertex 0.465471 0.354136 0.15118
      vertex 0.495955 0.253147 0.15118
      vertex 0.484706 0.245502 0.15118
    endloop
  endfacet
  facet normal 0 0 -1
    outer loop
      vertex 0.526522 0.280095 0.15118
      vertex 0.484334 0.352948 0.15118
      vertex 0.48905 0.353395 0.15118
    endloop
  endfacet
  facet normal 0 0 -1
    outer loop
      vertex 0.516904 0.270478 0.15118
      vertex 0.4796 0.352799 0.15118
      vertex 0.484334 0.352948 0.15118
    endloop
  endfacet
  facet normal 0 0 -1
    outer loop
      vertex 0.506701 0.261483 0.15118
      vertex 0.474865 0.352948 0.15118
      vertex 0.4796 0.352799 0.15118
    endloop
  endfacet
  facet normal 0 0 -1
    outer loop
      vertex 0.460848 0.355168 0.15118
      vertex 0.484706 0.245502 0.15118
      vertex 0.473 0.238579 0.15118
    endloop
  endfacet
  facet normal 0 0 -1
    outer loop
      vertex 0.495955 0.253147 0.15118
      vertex 0.470149 0.353395 0.15118
      vertex 0.474865 0.352948 0.15118
    endloop
  endfacet
  facet normal 0 0 -1
    outer loop
      vertex 0.495955 0.253147 0.15118
      vertex 0.465471 0.354136 0.15118
      vertex 0.470149 0.353395 0.15118
    endloop
  endfacet
  facet normal 0 0 -1
    outer loop
      vertex 0.4563 0.35649 0.15118
      vertex 0.473 0.238579 0.15118
      vertex 0.46088 0.232405 0.15118
    endloop
  endfacet
  facet normal 0 0 -1
    outer loop
      vertex 0.484706 0.245502 0.15118
      vertex 0.460848 0.355168 0.15118
      vertex 0.465471 0.354136 0.15118
    endloop
  endfacet
  facet normal 0 0 -1
    outer loop
      vertex 0.473 0.238579 0.15118
      vertex 0.4563 0.35649 0.15118
      vertex 0.460848 0.355168 0.15118
    endloop
  endfacet
  facet normal 0 0 -1
    outer loop
      vertex 0.46088 0.232405 0.15118
      vertex 0.451843 0.358094 0.15118
      vertex 0.4563 0.35649 0.15118
    endloop
  endfacet
  facet normal 0 0 -1
    outer loop
      vertex 0.448399 0.227003 0.15118
      vertex 0.451843 0.358094 0.15118
      vertex 0.46088 0.232405 0.15118
    endloop
  endfacet
  facet normal 0 0 -1
    outer loop
      vertex 0.448399 0.227003 0.15118
      vertex 0.447495 0.359976 0.15118
      vertex 0.451843 0.358094 0.15118
    endloop
  endfacet
  facet normal 0 0 -1
    outer loop
      vertex 0.435601 0.222396 0.15118
      vertex 0.447495 0.359976 0.15118
      vertex 0.448399 0.227003 0.15118
    endloop
  endfacet
  facet normal -0 0 -1
    outer loop
      vertex 0.447495 0.359976 0.15118
      vertex 0.435601 0.222396 0.15118
      vertex 0.443275 0.362126 0.15118
    endloop
  endfacet
  facet normal 0 0 -1
    outer loop
      vertex 0.422541 0.218601 0.15118
      vertex 0.443275 0.362126 0.15118
      vertex 0.435601 0.222396 0.15118
    endloop
  endfacet
  facet normal -0 0 -1
    outer loop
      vertex 0.443275 0.362126 0.15118
      vertex 0.422541 0.218601 0.15118
      vertex 0.439198 0.364537 0.15118
    endloop
  endfacet
  facet normal 0 0 -1
    outer loop
      vertex 0.409267 0.215634 0.15118
      vertex 0.439198 0.364537 0.15118
      vertex 0.422541 0.218601 0.15118
    endloop
  endfacet
  facet normal -0 0 -1
    outer loop
      vertex 0.439198 0.364537 0.15118
      vertex 0.409267 0.215634 0.15118
      vertex 0.435281 0.3672 0.15118
    endloop
  endfacet
  facet normal 0 0 -1
    outer loop
      vertex 0.395834 0.213507 0.15118
      vertex 0.435281 0.3672 0.15118
      vertex 0.409267 0.215634 0.15118
    endloop
  endfacet
  facet normal 0 0 -1
    outer loop
      vertex 0.382294 0.212227 0.15118
      vertex 0.435281 0.3672 0.15118
      vertex 0.395834 0.213507 0.15118
    endloop
  endfacet
  facet normal -0 0 -1
    outer loop
      vertex 0.435281 0.3672 0.15118
      vertex 0.382294 0.212227 0.15118
      vertex 0.431538 0.370103 0.15118
    endloop
  endfacet
  facet normal 0 0 -1
    outer loop
      vertex 0.368768 0.2119 0.15118
      vertex 0.431538 0.370103 0.15118
      vertex 0.382294 0.212227 0.15118
    endloop
  endfacet
  facet normal -0 0 -1
    outer loop
      vertex 0.431538 0.370103 0.15118
      vertex 0.368768 0.2119 0.15118
      vertex 0.427984 0.373236 0.15118
    endloop
  endfacet
  facet normal -0 0 -1
    outer loop
      vertex 0.427984 0.373236 0.15118
      vertex 0.368768 0.2119 0.15118
      vertex 0.424635 0.376585 0.15118
    endloop
  endfacet
  facet normal -0 0 -1
    outer loop
      vertex 0.424635 0.376585 0.15118
      vertex 0.368768 0.2119 0.15118
      vertex 0.421503 0.380137 0.15118
    endloop
  endfacet
  facet normal -0 0 -1
    outer loop
      vertex 0.421503 0.380137 0.15118
      vertex 0.368768 0.2119 0.15118
      vertex 0.4186 0.383881 0.15118
    endloop
  endfacet
  facet normal -0 0 -1
    outer loop
      vertex 0.4186 0.383881 0.15118
      vertex 0.368768 0.2119 0.15118
      vertex 0.415937 0.387798 0.15118
    endloop
  endfacet
  facet normal -0 0 -1
    outer loop
      vertex 0.415937 0.387798 0.15118
      vertex 0.368768 0.2119 0.15118
      vertex 0.413526 0.391875 0.15118
    endloop
  endfacet
  facet normal -0 0 -1
    outer loop
      vertex 0.413526 0.391875 0.15118
      vertex 0.368768 0.2119 0.15118
      vertex 0.411376 0.396096 0.15118
    endloop
  endfacet
  facet normal -0 0 -1
    outer loop
      vertex 0.411376 0.396096 0.15118
      vertex 0.368768 0.2119 0.15118
      vertex 0.409494 0.400443 0.15118
    endloop
  endfacet
  facet normal -0 0 -1
    outer loop
      vertex 0.409494 0.400443 0.15118
      vertex 0.368768 0.2119 0.15118
      vertex 0.40789 0.4049 0.15118
    endloop
  endfacet
  facet normal -0 0 -1
    outer loop
      vertex 0.40789 0.4049 0.15118
      vertex 0.368768 0.2119 0.15118
      vertex 0.406569 0.409449 0.15118
    endloop
  endfacet
  facet normal -0 0 -1
    outer loop
      vertex 0.406569 0.409449 0.15118
      vertex 0.368768 0.2119 0.15118
      vertex 0.405535 0.414071 0.15118
    endloop
  endfacet
  facet normal -0 0 -1
    outer loop
      vertex 0.405535 0.414071 0.15118
      vertex 0.368768 0.2119 0.15118
      vertex 0.404794 0.41875 0.15118
    endloop
  endfacet
  facet normal -0 0 -1
    outer loop
      vertex 0.404794 0.41875 0.15118
      vertex 0.368768 0.2119 0.15118
      vertex 0.404348 0.423465 0.15118
    endloop
  endfacet
  facet normal 0 0 -1
    outer loop
      vertex 0.4042 0.4282 0.15118
      vertex 0.382394 0.644272 0.15118
      vertex 0.395934 0.642992 0.15118
    endloop
  endfacet
  facet normal -0 0 -1
    outer loop
      vertex 0.404348 0.423465 0.15118
      vertex 0.368768 0.2119 0.15118
      vertex 0.4042 0.4282 0.15118
    endloop
  endfacet
  facet normal 0 0 -1
    outer loop
      vertex 0.4042 0.4282 0.15118
      vertex 0.368768 0.644698 0.15118
      vertex 0.382394 0.644272 0.15118
    endloop
  endfacet
  facet normal -0 0 -1
    outer loop
      vertex 0.4042 0.4282 0.15118
      vertex 0.368768 0.2119 0.15118
      vertex 0.368768 0.644698 0.15118
    endloop
  endfacet
  facet normal 0 0 -1
    outer loop
      vertex 0.368699 0.2118 0.15118
      vertex 0.368768 0.2119 0.15118
      vertex 0.382294 0.212227 0.15118
    endloop
  endfacet
  facet normal -0 0 -1
    outer loop
      vertex 0.368768 0.2119 0.15118
      vertex 0.368699 0.2118 0.15118
      vertex 0.365513 0.2119 0.15118
    endloop
  endfacet
  facet normal 0 0 -1
    outer loop
      vertex 0.549705 0.455956 0.15118
      vertex 0.581365 0.468867 0.15118
      vertex 0.55131 0.451499 0.15118
    endloop
  endfacet
  facet normal 0 0 -1
    outer loop
      vertex 0.547824 0.460303 0.15118
      vertex 0.581365 0.468867 0.15118
      vertex 0.549705 0.455956 0.15118
    endloop
  endfacet
  facet normal 0 0 -1
    outer loop
      vertex 0.545673 0.464523 0.15118
      vertex 0.581365 0.468867 0.15118
      vertex 0.547824 0.460303 0.15118
    endloop
  endfacet
  facet normal -0 0 -1
    outer loop
      vertex 0.581365 0.468867 0.15118
      vertex 0.545673 0.464523 0.15118
      vertex 0.578398 0.482141 0.15118
    endloop
  endfacet
  facet normal 0 0 -1
    outer loop
      vertex 0.543262 0.468601 0.15118
      vertex 0.578398 0.482141 0.15118
      vertex 0.545673 0.464523 0.15118
    endloop
  endfacet
  facet normal 0 0 -1
    outer loop
      vertex 0.5406 0.472519 0.15118
      vertex 0.578398 0.482141 0.15118
      vertex 0.543262 0.468601 0.15118
    endloop
  endfacet
  facet normal -0 0 -1
    outer loop
      vertex 0.578398 0.482141 0.15118
      vertex 0.5406 0.472519 0.15118
      vertex 0.574603 0.495202 0.15118
    endloop
  endfacet
  facet normal 0 0 -1
    outer loop
      vertex 0.537696 0.476261 0.15118
      vertex 0.574603 0.495202 0.15118
      vertex 0.5406 0.472519 0.15118
    endloop
  endfacet
  facet normal 0 0 -1
    outer loop
      vertex 0.534564 0.479815 0.15118
      vertex 0.574603 0.495202 0.15118
      vertex 0.537696 0.476261 0.15118
    endloop
  endfacet
  facet normal -0 0 -1
    outer loop
      vertex 0.574603 0.495202 0.15118
      vertex 0.534564 0.479815 0.15118
      vertex 0.569996 0.507998 0.15118
    endloop
  endfacet
  facet normal 0 0 -1
    outer loop
      vertex 0.531215 0.483164 0.15118
      vertex 0.569996 0.507998 0.15118
      vertex 0.534564 0.479815 0.15118
    endloop
  endfacet
  facet normal 0 0 -1
    outer loop
      vertex 0.527661 0.486297 0.15118
      vertex 0.569996 0.507998 0.15118
      vertex 0.531215 0.483164 0.15118
    endloop
  endfacet
  facet normal -0 0 -1
    outer loop
      vertex 0.569996 0.507998 0.15118
      vertex 0.527661 0.486297 0.15118
      vertex 0.564594 0.520481 0.15118
    endloop
  endfacet
  facet normal 0 0 -1
    outer loop
      vertex 0.523918 0.4892 0.15118
      vertex 0.564594 0.520481 0.15118
      vertex 0.527661 0.486297 0.15118
    endloop
  endfacet
  facet normal 0 0 -1
    outer loop
      vertex 0.52 0.491862 0.15118
      vertex 0.564594 0.520481 0.15118
      vertex 0.523918 0.4892 0.15118
    endloop
  endfacet
  facet normal -0 0 -1
    outer loop
      vertex 0.564594 0.520481 0.15118
      vertex 0.52 0.491862 0.15118
      vertex 0.55842 0.532599 0.15118
    endloop
  endfacet
  facet normal 0 0 -1
    outer loop
      vertex 0.515924 0.494273 0.15118
      vertex 0.55842 0.532599 0.15118
      vertex 0.52 0.491862 0.15118
    endloop
  endfacet
  facet normal -0 0 -1
    outer loop
      vertex 0.55842 0.532599 0.15118
      vertex 0.515924 0.494273 0.15118
      vertex 0.551497 0.544306 0.15118
    endloop
  endfacet
  facet normal 0 0 -1
    outer loop
      vertex 0.511703 0.496424 0.15118
      vertex 0.551497 0.544306 0.15118
      vertex 0.515924 0.494273 0.15118
    endloop
  endfacet
  facet normal 0 0 -1
    outer loop
      vertex 0.507356 0.498304 0.15118
      vertex 0.551497 0.544306 0.15118
      vertex 0.511703 0.496424 0.15118
    endloop
  endfacet
  facet normal -0 0 -1
    outer loop
      vertex 0.551497 0.544306 0.15118
      vertex 0.507356 0.498304 0.15118
      vertex 0.543852 0.555555 0.15118
    endloop
  endfacet
  facet normal 0 0 -1
    outer loop
      vertex 0.502899 0.499909 0.15118
      vertex 0.543852 0.555555 0.15118
      vertex 0.507356 0.498304 0.15118
    endloop
  endfacet
  facet normal 0 0 -1
    outer loop
      vertex 0.498351 0.50123 0.15118
      vertex 0.543852 0.555555 0.15118
      vertex 0.502899 0.499909 0.15118
    endloop
  endfacet
  facet normal -0 0 -1
    outer loop
      vertex 0.543852 0.555555 0.15118
      vertex 0.498351 0.50123 0.15118
      vertex 0.535516 0.566301 0.15118
    endloop
  endfacet
  facet normal 0 0 -1
    outer loop
      vertex 0.493728 0.502264 0.15118
      vertex 0.535516 0.566301 0.15118
      vertex 0.498351 0.50123 0.15118
    endloop
  endfacet
  facet normal -0 0 -1
    outer loop
      vertex 0.535516 0.566301 0.15118
      vertex 0.493728 0.502264 0.15118
      vertex 0.526529 0.576496 0.15118
    endloop
  endfacet
  facet normal 0 0 -1
    outer loop
      vertex 0.48905 0.503005 0.15118
      vertex 0.526529 0.576496 0.15118
      vertex 0.493728 0.502264 0.15118
    endloop
  endfacet
  facet normal 0 0 -1
    outer loop
      vertex 0.484334 0.50345 0.15118
      vertex 0.526529 0.576496 0.15118
      vertex 0.48905 0.503005 0.15118
    endloop
  endfacet
  facet normal -0 0 -1
    outer loop
      vertex 0.526529 0.576496 0.15118
      vertex 0.484334 0.50345 0.15118
      vertex 0.517004 0.586021 0.15118
    endloop
  endfacet
  facet normal 0 0 -1
    outer loop
      vertex 0.4796 0.503599 0.15118
      vertex 0.517004 0.586021 0.15118
      vertex 0.484334 0.50345 0.15118
    endloop
  endfacet
  facet normal -0 0 -1
    outer loop
      vertex 0.517004 0.586021 0.15118
      vertex 0.4796 0.503599 0.15118
      vertex 0.506802 0.595016 0.15118
    endloop
  endfacet
  facet normal 0 0 -1
    outer loop
      vertex 0.474865 0.50345 0.15118
      vertex 0.506802 0.595016 0.15118
      vertex 0.4796 0.503599 0.15118
    endloop
  endfacet
  facet normal -0 0 -1
    outer loop
      vertex 0.506802 0.595016 0.15118
      vertex 0.474865 0.50345 0.15118
      vertex 0.496055 0.603352 0.15118
    endloop
  endfacet
  facet normal 0 0 -1
    outer loop
      vertex 0.470149 0.503005 0.15118
      vertex 0.496055 0.603352 0.15118
      vertex 0.474865 0.50345 0.15118
    endloop
  endfacet
  facet normal 0 0 -1
    outer loop
      vertex 0.465471 0.502264 0.15118
      vertex 0.496055 0.603352 0.15118
      vertex 0.470149 0.503005 0.15118
    endloop
  endfacet
  facet normal -0 0 -1
    outer loop
      vertex 0.496055 0.603352 0.15118
      vertex 0.465471 0.502264 0.15118
      vertex 0.484806 0.610996 0.15118
    endloop
  endfacet
  facet normal 0 0 -1
    outer loop
      vertex 0.460848 0.50123 0.15118
      vertex 0.484806 0.610996 0.15118
      vertex 0.465471 0.502264 0.15118
    endloop
  endfacet
  facet normal -0 0 -1
    outer loop
      vertex 0.484806 0.610996 0.15118
      vertex 0.460848 0.50123 0.15118
      vertex 0.473099 0.61792 0.15118
    endloop
  endfacet
  facet normal 0 0 -1
    outer loop
      vertex 0.4563 0.499909 0.15118
      vertex 0.473099 0.61792 0.15118
      vertex 0.460848 0.50123 0.15118
    endloop
  endfacet
  facet normal -0 0 -1
    outer loop
      vertex 0.473099 0.61792 0.15118
      vertex 0.4563 0.499909 0.15118
      vertex 0.46098 0.624095 0.15118
    endloop
  endfacet
  facet normal 0 0 -1
    outer loop
      vertex 0.451843 0.498304 0.15118
      vertex 0.46098 0.624095 0.15118
      vertex 0.4563 0.499909 0.15118
    endloop
  endfacet
  facet normal 0 0 -1
    outer loop
      vertex 0.451843 0.498304 0.15118
      vertex 0.448499 0.629497 0.15118
      vertex 0.46098 0.624095 0.15118
    endloop
  endfacet
  facet normal 0 0 -1
    outer loop
      vertex 0.447495 0.496424 0.15118
      vertex 0.448499 0.629497 0.15118
      vertex 0.451843 0.498304 0.15118
    endloop
  endfacet
  facet normal 0 0 -1
    outer loop
      vertex 0.435701 0.634103 0.15118
      vertex 0.447495 0.496424 0.15118
      vertex 0.443275 0.494273 0.15118
    endloop
  endfacet
  facet normal 0 0 -1
    outer loop
      vertex 0.422641 0.637897 0.15118
      vertex 0.443275 0.494273 0.15118
      vertex 0.439198 0.491862 0.15118
    endloop
  endfacet
  facet normal 0 0 -1
    outer loop
      vertex 0.447495 0.496424 0.15118
      vertex 0.435701 0.634103 0.15118
      vertex 0.448499 0.629497 0.15118
    endloop
  endfacet
  facet normal 0 0 -1
    outer loop
      vertex 0.409368 0.640864 0.15118
      vertex 0.439198 0.491862 0.15118
      vertex 0.435281 0.4892 0.15118
    endloop
  endfacet
  facet normal 0 0 -1
    outer loop
      vertex 0.395934 0.642992 0.15118
      vertex 0.435281 0.4892 0.15118
      vertex 0.431538 0.486297 0.15118
    endloop
  endfacet
  facet normal 0 0 -1
    outer loop
      vertex 0.395934 0.642992 0.15118
      vertex 0.431538 0.486297 0.15118
      vertex 0.427984 0.483164 0.15118
    endloop
  endfacet
  facet normal 0 0 -1
    outer loop
      vertex 0.395934 0.642992 0.15118
      vertex 0.427984 0.483164 0.15118
      vertex 0.424635 0.479815 0.15118
    endloop
  endfacet
  facet normal 0 0 -1
    outer loop
      vertex 0.443275 0.494273 0.15118
      vertex 0.422641 0.637897 0.15118
      vertex 0.435701 0.634103 0.15118
    endloop
  endfacet
  facet normal 0 0 -1
    outer loop
      vertex 0.395934 0.642992 0.15118
      vertex 0.424635 0.479815 0.15118
      vertex 0.421503 0.476261 0.15118
    endloop
  endfacet
  facet normal 0 0 -1
    outer loop
      vertex 0.395934 0.642992 0.15118
      vertex 0.421503 0.476261 0.15118
      vertex 0.4186 0.472519 0.15118
    endloop
  endfacet
  facet normal 0 0 -1
    outer loop
      vertex 0.395934 0.642992 0.15118
      vertex 0.4186 0.472519 0.15118
      vertex 0.415937 0.468601 0.15118
    endloop
  endfacet
  facet normal 0 0 -1
    outer loop
      vertex 0.395934 0.642992 0.15118
      vertex 0.415937 0.468601 0.15118
      vertex 0.413526 0.464523 0.15118
    endloop
  endfacet
  facet normal 0 0 -1
    outer loop
      vertex 0.395934 0.642992 0.15118
      vertex 0.413526 0.464523 0.15118
      vertex 0.411376 0.460303 0.15118
    endloop
  endfacet
  facet normal 0 0 -1
    outer loop
      vertex 0.395934 0.642992 0.15118
      vertex 0.411376 0.460303 0.15118
      vertex 0.409494 0.455956 0.15118
    endloop
  endfacet
  facet normal 0 0 -1
    outer loop
      vertex 0.439198 0.491862 0.15118
      vertex 0.409368 0.640864 0.15118
      vertex 0.422641 0.637897 0.15118
    endloop
  endfacet
  facet normal 0 0 -1
    outer loop
      vertex 0.395934 0.642992 0.15118
      vertex 0.409494 0.455956 0.15118
      vertex 0.40789 0.451499 0.15118
    endloop
  endfacet
  facet normal 0 0 -1
    outer loop
      vertex 0.395934 0.642992 0.15118
      vertex 0.40789 0.451499 0.15118
      vertex 0.406569 0.446951 0.15118
    endloop
  endfacet
  facet normal 0 0 -1
    outer loop
      vertex 0.395934 0.642992 0.15118
      vertex 0.406569 0.446951 0.15118
      vertex 0.405535 0.442328 0.15118
    endloop
  endfacet
  facet normal 0 0 -1
    outer loop
      vertex 0.395934 0.642992 0.15118
      vertex 0.405535 0.442328 0.15118
      vertex 0.404794 0.43765 0.15118
    endloop
  endfacet
  facet normal 0 0 -1
    outer loop
      vertex 0.395934 0.642992 0.15118
      vertex 0.404794 0.43765 0.15118
      vertex 0.404348 0.432934 0.15118
    endloop
  endfacet
  facet normal 0 0 -1
    outer loop
      vertex 0.395934 0.642992 0.15118
      vertex 0.404348 0.432934 0.15118
      vertex 0.4042 0.4282 0.15118
    endloop
  endfacet
  facet normal 0 0 -1
    outer loop
      vertex 0.435281 0.4892 0.15118
      vertex 0.395934 0.642992 0.15118
      vertex 0.409368 0.640864 0.15118
    endloop
  endfacet
  facet normal 0 0 -1
    outer loop
      vertex 0.382394 0.644272 0.15118
      vertex 0.368768 0.644698 0.15118
      vertex 0.368799 0.644699 0.15118
    endloop
  endfacet
  facet normal -0.999507 -0.0313931 0
    outer loop
      vertex 0.152727 0.414605 0.15118
      vertex 0.1523 0.4282 0.171797
      vertex 0.1523 0.4282 0.15118
    endloop
  endfacet
  facet normal -0.999507 -0.0313931 0
    outer loop
      vertex 0.1523 0.4282 0.171797
      vertex 0.152727 0.414605 0.15118
      vertex 0.152727 0.414605 0.171797
    endloop
  endfacet
  facet normal -0.917778 0.397094 0
    outer loop
      vertex 0.167503 0.507898 0.15118
      vertex 0.172904 0.520381 0.171797
      vertex 0.172904 0.520381 0.15118
    endloop
  endfacet
  facet normal -0.917778 0.397094 0
    outer loop
      vertex 0.172904 0.520381 0.171797
      vertex 0.167503 0.507898 0.15118
      vertex 0.167503 0.507898 0.171797
    endloop
  endfacet
  facet normal -0.661342 0.750085 0
    outer loop
      vertex 0.230797 0.595016 0.15118
      vertex 0.220595 0.586021 0.171797
      vertex 0.230797 0.595016 0.171797
    endloop
  endfacet
  facet normal -0.661342 0.750085 0
    outer loop
      vertex 0.220595 0.586021 0.171797
      vertex 0.230797 0.595016 0.15118
      vertex 0.220595 0.586021 0.15118
    endloop
  endfacet
  facet normal -0.0322413 0.99948 0
    outer loop
      vertex 0.368799 0.644699 0.15118
      vertex 0.368768 0.644698 0.171797
      vertex 0.368799 0.644699 0.171797
    endloop
  endfacet
  facet normal -0.0322413 0.99948 0
    outer loop
      vertex 0.368768 0.644698 0.171797
      vertex 0.368799 0.644699 0.15118
      vertex 0.368768 0.644698 0.15118
    endloop
  endfacet
  facet normal 0.156453 0.987685 -0
    outer loop
      vertex 0.409368 0.640864 0.15118
      vertex 0.395934 0.642992 0.171797
      vertex 0.409368 0.640864 0.171797
    endloop
  endfacet
  facet normal 0.156453 0.987685 0
    outer loop
      vertex 0.395934 0.642992 0.171797
      vertex 0.409368 0.640864 0.15118
      vertex 0.395934 0.642992 0.15118
    endloop
  endfacet
  facet normal 0.0313931 0.999507 -0
    outer loop
      vertex 0.382394 0.644272 0.15118
      vertex 0.368799 0.644699 0.171797
      vertex 0.382394 0.644272 0.171797
    endloop
  endfacet
  facet normal 0.0313931 0.999507 0
    outer loop
      vertex 0.368799 0.644699 0.171797
      vertex 0.382394 0.644272 0.15118
      vertex 0.368799 0.644699 0.15118
    endloop
  endfacet
  facet normal 0.612897 0.790163 -0
    outer loop
      vertex 0.506802 0.595016 0.15118
      vertex 0.496055 0.603352 0.171797
      vertex 0.506802 0.595016 0.171797
    endloop
  endfacet
  facet normal 0.612897 0.790163 0
    outer loop
      vertex 0.496055 0.603352 0.171797
      vertex 0.506802 0.595016 0.15118
      vertex 0.496055 0.603352 0.15118
    endloop
  endfacet
  facet normal 0.453994 0.891005 -0
    outer loop
      vertex 0.473099 0.61792 0.15118
      vertex 0.46098 0.624095 0.171797
      vertex 0.473099 0.61792 0.171797
    endloop
  endfacet
  facet normal 0.453994 0.891005 0
    outer loop
      vertex 0.46098 0.624095 0.171797
      vertex 0.473099 0.61792 0.15118
      vertex 0.46098 0.624095 0.15118
    endloop
  endfacet
  facet normal 0.562043 0.827108 -0
    outer loop
      vertex 0.496055 0.603352 0.15118
      vertex 0.484806 0.610996 0.171797
      vertex 0.496055 0.603352 0.171797
    endloop
  endfacet
  facet normal 0.562043 0.827108 0
    outer loop
      vertex 0.484806 0.610996 0.171797
      vertex 0.496055 0.603352 0.15118
      vertex 0.484806 0.610996 0.15118
    endloop
  endfacet
  facet normal -0.987684 0.156465 0
    outer loop
      vertex 0.154007 0.455334 0.15118
      vertex 0.156135 0.468767 0.171797
      vertex 0.156135 0.468767 0.15118
    endloop
  endfacet
  facet normal -0.987684 0.156465 0
    outer loop
      vertex 0.156135 0.468767 0.171797
      vertex 0.154007 0.455334 0.15118
      vertex 0.154007 0.455334 0.171797
    endloop
  endfacet
  facet normal -0.960285 0.27902 0
    outer loop
      vertex 0.159101 0.482041 0.15118
      vertex 0.162896 0.495102 0.171797
      vertex 0.162896 0.495102 0.15118
    endloop
  endfacet
  facet normal -0.960285 0.27902 0
    outer loop
      vertex 0.162896 0.495102 0.171797
      vertex 0.159101 0.482041 0.15118
      vertex 0.159101 0.482041 0.171797
    endloop
  endfacet
  facet normal -0.999507 0.0313977 0
    outer loop
      vertex 0.1523 0.4282 0.15118
      vertex 0.152727 0.441793 0.171797
      vertex 0.152727 0.441793 0.15118
    endloop
  endfacet
  facet normal -0.999507 0.0313977 0
    outer loop
      vertex 0.152727 0.441793 0.171797
      vertex 0.1523 0.4282 0.15118
      vertex 0.1523 0.4282 0.171797
    endloop
  endfacet
  facet normal -0.790163 0.612897 0
    outer loop
      vertex 0.193647 0.555455 0.15118
      vertex 0.201983 0.566202 0.171797
      vertex 0.201983 0.566202 0.15118
    endloop
  endfacet
  facet normal -0.790163 0.612897 0
    outer loop
      vertex 0.201983 0.566202 0.171797
      vertex 0.193647 0.555455 0.15118
      vertex 0.193647 0.555455 0.171797
    endloop
  endfacet
  facet normal -0.0941588 0.995557 0
    outer loop
      vertex 0.343399 0.643156 0.15118
      vertex 0.341665 0.642992 0.171797
      vertex 0.343399 0.643156 0.171797
    endloop
  endfacet
  facet normal -0.0941588 0.995557 0
    outer loop
      vertex 0.341665 0.642992 0.171797
      vertex 0.343399 0.643156 0.15118
      vertex 0.341665 0.642992 0.15118
    endloop
  endfacet
  facet normal -0.338683 0.940901 0
    outer loop
      vertex 0.301897 0.634103 0.15118
      vertex 0.289101 0.629497 0.171797
      vertex 0.301897 0.634103 0.171797
    endloop
  endfacet
  facet normal -0.338683 0.940901 0
    outer loop
      vertex 0.289101 0.629497 0.171797
      vertex 0.301897 0.634103 0.15118
      vertex 0.289101 0.629497 0.15118
    endloop
  endfacet
  facet normal -0.509069 0.860726 0
    outer loop
      vertex 0.2645 0.61792 0.15118
      vertex 0.252793 0.610996 0.171797
      vertex 0.2645 0.61792 0.171797
    endloop
  endfacet
  facet normal -0.509069 0.860726 0
    outer loop
      vertex 0.252793 0.610996 0.171797
      vertex 0.2645 0.61792 0.15118
      vertex 0.252793 0.610996 0.15118
    endloop
  endfacet
  facet normal -0.96028 -0.27904 0
    outer loop
      vertex 0.162896 0.361298 0.15118
      vertex 0.159101 0.374358 0.171797
      vertex 0.159101 0.374358 0.15118
    endloop
  endfacet
  facet normal -0.96028 -0.27904 0
    outer loop
      vertex 0.159101 0.374358 0.171797
      vertex 0.162896 0.361298 0.15118
      vertex 0.162896 0.361298 0.171797
    endloop
  endfacet
  facet normal 0.707107 0.707107 0
    outer loop
      vertex 0.526529 0.576496 0.171797
      vertex 0.517004 0.586021 0.15118
      vertex 0.517004 0.586021 0.171797
    endloop
  endfacet
  facet normal 0.707107 0.707107 0
    outer loop
      vertex 0.517004 0.586021 0.15118
      vertex 0.526529 0.576496 0.171797
      vertex 0.526529 0.576496 0.15118
    endloop
  endfacet
  facet normal 0.338636 0.940917 -0
    outer loop
      vertex 0.448499 0.629497 0.15118
      vertex 0.435701 0.634103 0.171797
      vertex 0.448499 0.629497 0.171797
    endloop
  endfacet
  facet normal 0.338636 0.940917 0
    outer loop
      vertex 0.435701 0.634103 0.171797
      vertex 0.448499 0.629497 0.15118
      vertex 0.435701 0.634103 0.15118
    endloop
  endfacet
  facet normal 0.278972 0.960299 -0
    outer loop
      vertex 0.435701 0.634103 0.15118
      vertex 0.422641 0.637897 0.171797
      vertex 0.435701 0.634103 0.171797
    endloop
  endfacet
  facet normal 0.278972 0.960299 0
    outer loop
      vertex 0.422641 0.637897 0.171797
      vertex 0.435701 0.634103 0.15118
      vertex 0.422641 0.637897 0.15118
    endloop
  endfacet
  facet normal 0.218153 0.975915 -0
    outer loop
      vertex 0.422641 0.637897 0.15118
      vertex 0.409368 0.640864 0.171797
      vertex 0.422641 0.637897 0.171797
    endloop
  endfacet
  facet normal 0.218153 0.975915 0
    outer loop
      vertex 0.409368 0.640864 0.171797
      vertex 0.422641 0.637897 0.15118
      vertex 0.409368 0.640864 0.15118
    endloop
  endfacet
  facet normal 0.0941151 0.995561 -0
    outer loop
      vertex 0.395934 0.642992 0.15118
      vertex 0.382394 0.644272 0.171797
      vertex 0.395934 0.642992 0.171797
    endloop
  endfacet
  facet normal 0.0941151 0.995561 0
    outer loop
      vertex 0.382394 0.644272 0.171797
      vertex 0.395934 0.642992 0.15118
      vertex 0.382394 0.644272 0.15118
    endloop
  endfacet
  facet normal 0.509069 0.860726 -0
    outer loop
      vertex 0.484806 0.610996 0.15118
      vertex 0.473099 0.61792 0.171797
      vertex 0.484806 0.610996 0.171797
    endloop
  endfacet
  facet normal 0.509069 0.860726 0
    outer loop
      vertex 0.473099 0.61792 0.171797
      vertex 0.484806 0.610996 0.15118
      vertex 0.473099 0.61792 0.15118
    endloop
  endfacet
  facet normal 0.661342 0.750085 -0
    outer loop
      vertex 0.517004 0.586021 0.15118
      vertex 0.506802 0.595016 0.171797
      vertex 0.517004 0.586021 0.171797
    endloop
  endfacet
  facet normal 0.661342 0.750085 0
    outer loop
      vertex 0.506802 0.595016 0.171797
      vertex 0.517004 0.586021 0.15118
      vertex 0.506802 0.595016 0.15118
    endloop
  endfacet
  facet normal -0.975934 0.218067 0
    outer loop
      vertex 0.156135 0.468767 0.15118
      vertex 0.159101 0.482041 0.171797
      vertex 0.159101 0.482041 0.15118
    endloop
  endfacet
  facet normal -0.975934 0.218067 0
    outer loop
      vertex 0.159101 0.482041 0.171797
      vertex 0.156135 0.468767 0.15118
      vertex 0.156135 0.468767 0.171797
    endloop
  endfacet
  facet normal -0.995562 0.0941082 0
    outer loop
      vertex 0.152727 0.441793 0.15118
      vertex 0.154007 0.455334 0.171797
      vertex 0.154007 0.455334 0.15118
    endloop
  endfacet
  facet normal -0.995562 0.0941082 0
    outer loop
      vertex 0.154007 0.455334 0.171797
      vertex 0.152727 0.441793 0.15118
      vertex 0.152727 0.441793 0.171797
    endloop
  endfacet
  facet normal -0.940877 0.338748 0
    outer loop
      vertex 0.162896 0.495102 0.15118
      vertex 0.167503 0.507898 0.171797
      vertex 0.167503 0.507898 0.15118
    endloop
  endfacet
  facet normal -0.940877 0.338748 0
    outer loop
      vertex 0.167503 0.507898 0.171797
      vertex 0.162896 0.495102 0.15118
      vertex 0.162896 0.495102 0.171797
    endloop
  endfacet
  facet normal -0.89099 0.454024 0
    outer loop
      vertex 0.172904 0.520381 0.15118
      vertex 0.179079 0.532499 0.171797
      vertex 0.179079 0.532499 0.15118
    endloop
  endfacet
  facet normal -0.89099 0.454024 0
    outer loop
      vertex 0.179079 0.532499 0.171797
      vertex 0.172904 0.520381 0.15118
      vertex 0.172904 0.520381 0.171797
    endloop
  endfacet
  facet normal -0.827108 0.562043 0
    outer loop
      vertex 0.186003 0.544206 0.15118
      vertex 0.193647 0.555455 0.171797
      vertex 0.193647 0.555455 0.15118
    endloop
  endfacet
  facet normal -0.827108 0.562043 0
    outer loop
      vertex 0.193647 0.555455 0.171797
      vertex 0.186003 0.544206 0.15118
      vertex 0.186003 0.544206 0.171797
    endloop
  endfacet
  facet normal -0.860726 0.509069 0
    outer loop
      vertex 0.179079 0.532499 0.15118
      vertex 0.186003 0.544206 0.171797
      vertex 0.186003 0.544206 0.15118
    endloop
  endfacet
  facet normal -0.860726 0.509069 0
    outer loop
      vertex 0.186003 0.544206 0.171797
      vertex 0.179079 0.532499 0.15118
      vertex 0.179079 0.532499 0.171797
    endloop
  endfacet
  facet normal -0.278933 0.960311 0
    outer loop
      vertex 0.314959 0.637897 0.15118
      vertex 0.301897 0.634103 0.171797
      vertex 0.314959 0.637897 0.171797
    endloop
  endfacet
  facet normal -0.278933 0.960311 0
    outer loop
      vertex 0.301897 0.634103 0.171797
      vertex 0.314959 0.637897 0.15118
      vertex 0.301897 0.634103 0.15118
    endloop
  endfacet
  facet normal -0.156465 0.987684 0
    outer loop
      vertex 0.341665 0.642992 0.15118
      vertex 0.328232 0.640864 0.171797
      vertex 0.341665 0.642992 0.171797
    endloop
  endfacet
  facet normal -0.156465 0.987684 0
    outer loop
      vertex 0.328232 0.640864 0.171797
      vertex 0.341665 0.642992 0.15118
      vertex 0.328232 0.640864 0.15118
    endloop
  endfacet
  facet normal -0.218153 0.975915 0
    outer loop
      vertex 0.328232 0.640864 0.15118
      vertex 0.314959 0.637897 0.171797
      vertex 0.328232 0.640864 0.171797
    endloop
  endfacet
  facet normal -0.218153 0.975915 0
    outer loop
      vertex 0.314959 0.637897 0.171797
      vertex 0.328232 0.640864 0.15118
      vertex 0.314959 0.637897 0.15118
    endloop
  endfacet
  facet normal -0.562043 0.827108 0
    outer loop
      vertex 0.252793 0.610996 0.15118
      vertex 0.241544 0.603352 0.171797
      vertex 0.252793 0.610996 0.171797
    endloop
  endfacet
  facet normal -0.562043 0.827108 0
    outer loop
      vertex 0.241544 0.603352 0.171797
      vertex 0.252793 0.610996 0.15118
      vertex 0.241544 0.603352 0.15118
    endloop
  endfacet
  facet normal -0.454024 0.89099 0
    outer loop
      vertex 0.276618 0.624095 0.15118
      vertex 0.2645 0.61792 0.171797
      vertex 0.276618 0.624095 0.171797
    endloop
  endfacet
  facet normal -0.454024 0.89099 0
    outer loop
      vertex 0.2645 0.61792 0.171797
      vertex 0.276618 0.624095 0.15118
      vertex 0.2645 0.61792 0.15118
    endloop
  endfacet
  facet normal -0.612897 0.790163 0
    outer loop
      vertex 0.241544 0.603352 0.15118
      vertex 0.230797 0.595016 0.171797
      vertex 0.241544 0.603352 0.171797
    endloop
  endfacet
  facet normal -0.612897 0.790163 0
    outer loop
      vertex 0.230797 0.595016 0.171797
      vertex 0.241544 0.603352 0.15118
      vertex 0.230797 0.595016 0.15118
    endloop
  endfacet
  facet normal -0.750085 0.661342 0
    outer loop
      vertex 0.201983 0.566202 0.15118
      vertex 0.210978 0.576404 0.171797
      vertex 0.210978 0.576404 0.15118
    endloop
  endfacet
  facet normal -0.750085 0.661342 0
    outer loop
      vertex 0.210978 0.576404 0.171797
      vertex 0.201983 0.566202 0.15118
      vertex 0.201983 0.566202 0.171797
    endloop
  endfacet
  facet normal -0.995561 -0.0941151 0
    outer loop
      vertex 0.154007 0.401065 0.15118
      vertex 0.152727 0.414605 0.171797
      vertex 0.152727 0.414605 0.15118
    endloop
  endfacet
  facet normal -0.995561 -0.0941151 0
    outer loop
      vertex 0.152727 0.414605 0.171797
      vertex 0.154007 0.401065 0.15118
      vertex 0.154007 0.401065 0.171797
    endloop
  endfacet
  facet normal -0.750121 -0.661301 0
    outer loop
      vertex 0.210977 0.279995 0.15118
      vertex 0.201983 0.290197 0.171797
      vertex 0.201983 0.290197 0.15118
    endloop
  endfacet
  facet normal -0.750121 -0.661301 0
    outer loop
      vertex 0.201983 0.290197 0.171797
      vertex 0.210977 0.279995 0.15118
      vertex 0.210977 0.279995 0.171797
    endloop
  endfacet
  facet normal -0.707107 0.707107 0
    outer loop
      vertex 0.210978 0.576404 0.15118
      vertex 0.220595 0.586021 0.171797
      vertex 0.220595 0.586021 0.15118
    endloop
  endfacet
  facet normal -0.707107 0.707107 0
    outer loop
      vertex 0.220595 0.586021 0.171797
      vertex 0.210978 0.576404 0.15118
      vertex 0.210978 0.576404 0.171797
    endloop
  endfacet
  facet normal -0.97593 -0.218083 0
    outer loop
      vertex 0.159101 0.374358 0.15118
      vertex 0.156135 0.387631 0.171797
      vertex 0.156135 0.387631 0.15118
    endloop
  endfacet
  facet normal -0.97593 -0.218083 0
    outer loop
      vertex 0.156135 0.387631 0.171797
      vertex 0.159101 0.374358 0.15118
      vertex 0.159101 0.374358 0.171797
    endloop
  endfacet
  facet normal -0.987685 -0.156453 0
    outer loop
      vertex 0.156135 0.387631 0.15118
      vertex 0.154007 0.401065 0.171797
      vertex 0.154007 0.401065 0.15118
    endloop
  endfacet
  facet normal -0.987685 -0.156453 0
    outer loop
      vertex 0.154007 0.401065 0.171797
      vertex 0.156135 0.387631 0.15118
      vertex 0.156135 0.387631 0.171797
    endloop
  endfacet
  facet normal -0.790163 -0.612897 0
    outer loop
      vertex 0.201983 0.290197 0.15118
      vertex 0.193647 0.300944 0.171797
      vertex 0.193647 0.300944 0.15118
    endloop
  endfacet
  facet normal -0.790163 -0.612897 0
    outer loop
      vertex 0.193647 0.300944 0.171797
      vertex 0.201983 0.290197 0.15118
      vertex 0.201983 0.290197 0.171797
    endloop
  endfacet
  facet normal -0.940894 -0.338701 0
    outer loop
      vertex 0.167503 0.3485 0.15118
      vertex 0.162896 0.361298 0.171797
      vertex 0.162896 0.361298 0.15118
    endloop
  endfacet
  facet normal -0.940894 -0.338701 0
    outer loop
      vertex 0.162896 0.361298 0.171797
      vertex 0.167503 0.3485 0.15118
      vertex 0.167503 0.3485 0.171797
    endloop
  endfacet
  facet normal -0.917755 -0.397147 0
    outer loop
      vertex 0.172904 0.336019 0.15118
      vertex 0.167503 0.3485 0.171797
      vertex 0.167503 0.3485 0.15118
    endloop
  endfacet
  facet normal -0.917755 -0.397147 0
    outer loop
      vertex 0.167503 0.3485 0.171797
      vertex 0.172904 0.336019 0.15118
      vertex 0.172904 0.336019 0.171797
    endloop
  endfacet
  facet normal -0.827108 -0.562043 0
    outer loop
      vertex 0.193647 0.300944 0.15118
      vertex 0.186003 0.312193 0.171797
      vertex 0.186003 0.312193 0.15118
    endloop
  endfacet
  facet normal -0.827108 -0.562043 0
    outer loop
      vertex 0.186003 0.312193 0.171797
      vertex 0.193647 0.300944 0.15118
      vertex 0.193647 0.300944 0.171797
    endloop
  endfacet
  facet normal -0.860726 -0.509069 0
    outer loop
      vertex 0.186003 0.312193 0.15118
      vertex 0.179079 0.3239 0.171797
      vertex 0.179079 0.3239 0.15118
    endloop
  endfacet
  facet normal -0.860726 -0.509069 0
    outer loop
      vertex 0.179079 0.3239 0.171797
      vertex 0.186003 0.312193 0.15118
      vertex 0.186003 0.312193 0.171797
    endloop
  endfacet
  facet normal -0.891005 -0.453994 0
    outer loop
      vertex 0.179079 0.3239 0.15118
      vertex 0.172904 0.336019 0.171797
      vertex 0.172904 0.336019 0.15118
    endloop
  endfacet
  facet normal -0.891005 -0.453994 0
    outer loop
      vertex 0.172904 0.336019 0.171797
      vertex 0.179079 0.3239 0.15118
      vertex 0.179079 0.3239 0.171797
    endloop
  endfacet
  facet normal -1 0 0
    outer loop
      vertex 0.343399 0.643265 0
      vertex 0.343399 0.643156 0.15118
      vertex 0.343399 0.643265 0.171797
    endloop
  endfacet
  facet normal -1 0 0
    outer loop
      vertex 0.343399 0.213333 0
      vertex 0.343399 0.643156 0.15118
      vertex 0.343399 0.643265 0
    endloop
  endfacet
  facet normal -1 -0 0
    outer loop
      vertex 0.343399 0.643156 0.15118
      vertex 0.343399 0.213333 0
      vertex 0.343399 0.213333 0.15118
    endloop
  endfacet
  facet normal -1 -0 0
    outer loop
      vertex 0.343399 0.643265 0.171797
      vertex 0.343399 0.643156 0.15118
      vertex 0.343399 0.643156 0.171797
    endloop
  endfacet
  facet normal 1 0 0
    outer loop
      vertex 0.368768 0.644698 0.15118
      vertex 0.368768 0.644773 0.171797
      vertex 0.368768 0.644698 0.171797
    endloop
  endfacet
  facet normal 1 0 0
    outer loop
      vertex 0.368768 0.644773 0.171797
      vertex 0.368768 0.644698 0.15118
      vertex 0.368768 0.644773 0
    endloop
  endfacet
  facet normal 1 -0 0
    outer loop
      vertex 0.368768 0.2119 0.15118
      vertex 0.368768 0.644773 0
      vertex 0.368768 0.644698 0.15118
    endloop
  endfacet
  facet normal 1 0 0
    outer loop
      vertex 0.368768 0.644773 0
      vertex 0.368768 0.2119 0.15118
      vertex 0.368768 0.2119 0
    endloop
  endfacet
  facet normal 0 -1 0
    outer loop
      vertex 0.365513 0.2119 0
      vertex 0.368768 0.2119 0.15118
      vertex 0.365513 0.2119 0.15118
    endloop
  endfacet
  facet normal 0 -1 -0
    outer loop
      vertex 0.368768 0.2119 0.15118
      vertex 0.365513 0.2119 0
      vertex 0.368768 0.2119 0
    endloop
  endfacet
  facet normal 0 1 -0
    outer loop
      vertex 0.368768 0.644773 0
      vertex 0.367849 0.644773 0.171797
      vertex 0.368768 0.644773 0.171797
    endloop
  endfacet
  facet normal 0 1 0
    outer loop
      vertex 0.367849 0.644773 0.171797
      vertex 0.368768 0.644773 0
      vertex 0.367849 0.644773 0
    endloop
  endfacet
  facet normal 0.612858 0.790193 -0
    outer loop
      vertex 0.527661 0.486297 0.171797
      vertex 0.523918 0.4892 0.1718
      vertex 0.527661 0.486297 0.1718
    endloop
  endfacet
  facet normal 0.612858 0.790193 0
    outer loop
      vertex 0.523918 0.4892 0.1718
      vertex 0.527661 0.486297 0.171797
      vertex 0.523918 0.4892 0.171797
    endloop
  endfacet
  facet normal 0.612858 0.790193 -0
    outer loop
      vertex 0.527661 0.486297 0.0205994
      vertex 0.523918 0.4892 0.15118
      vertex 0.527661 0.486297 0.15118
    endloop
  endfacet
  facet normal 0.612858 0.790193 0
    outer loop
      vertex 0.523918 0.4892 0.15118
      vertex 0.527661 0.486297 0.0205994
      vertex 0.523918 0.4892 0.0205994
    endloop
  endfacet
  facet normal -0.396873 0.917874 0
    outer loop
      vertex 0.451843 0.498304 0.171797
      vertex 0.447495 0.496424 0.1718
      vertex 0.451843 0.498304 0.1718
    endloop
  endfacet
  facet normal -0.396873 0.917874 0
    outer loop
      vertex 0.447495 0.496424 0.1718
      vertex 0.451843 0.498304 0.171797
      vertex 0.447495 0.496424 0.171797
    endloop
  endfacet
  facet normal -0.396873 0.917874 0
    outer loop
      vertex 0.451843 0.498304 0.0205994
      vertex 0.447495 0.496424 0.15118
      vertex 0.451843 0.498304 0.15118
    endloop
  endfacet
  facet normal -0.396873 0.917874 0
    outer loop
      vertex 0.447495 0.496424 0.15118
      vertex 0.451843 0.498304 0.0205994
      vertex 0.447495 0.496424 0.0205994
    endloop
  endfacet
  facet normal -0.917687 0.397305 0
    outer loop
      vertex 0.409494 0.455956 0.171797
      vertex 0.411376 0.460303 0.1718
      vertex 0.411376 0.460303 0.171797
    endloop
  endfacet
  facet normal -0.917687 0.397305 0
    outer loop
      vertex 0.411376 0.460303 0.1718
      vertex 0.409494 0.455956 0.171797
      vertex 0.409494 0.455956 0.1718
    endloop
  endfacet
  facet normal -0.917687 0.397305 0
    outer loop
      vertex 0.409494 0.455956 0.0205994
      vertex 0.411376 0.460303 0.15118
      vertex 0.411376 0.460303 0.0205994
    endloop
  endfacet
  facet normal -0.917687 0.397305 0
    outer loop
      vertex 0.411376 0.460303 0.15118
      vertex 0.409494 0.455956 0.0205994
      vertex 0.409494 0.455956 0.15118
    endloop
  endfacet
  facet normal 0.995556 -0.0941714 0
    outer loop
      vertex 0.554405 0.41875 0.15118
      vertex 0.554851 0.423465 0
      vertex 0.554851 0.423465 0.15118
    endloop
  endfacet
  facet normal 0.995556 -0.0941714 0
    outer loop
      vertex 0.554851 0.423465 0
      vertex 0.554405 0.41875 0.15118
      vertex 0.554405 0.41875 0
    endloop
  endfacet
  facet normal 0.995556 -0.0941714 0
    outer loop
      vertex 0.554405 0.41875 0.1718
      vertex 0.554851 0.423465 0.171797
      vertex 0.554851 0.423465 0.1718
    endloop
  endfacet
  facet normal 0.995556 -0.0941714 0
    outer loop
      vertex 0.554851 0.423465 0.171797
      vertex 0.554405 0.41875 0.1718
      vertex 0.554405 0.41875 0.171797
    endloop
  endfacet
  facet normal -0.891067 -0.453872 0
    outer loop
      vertex 0.413526 0.391875 0
      vertex 0.411376 0.396096 0.15118
      vertex 0.411376 0.396096 0
    endloop
  endfacet
  facet normal -0.891067 -0.453872 0
    outer loop
      vertex 0.411376 0.396096 0.15118
      vertex 0.413526 0.391875 0
      vertex 0.413526 0.391875 0.15118
    endloop
  endfacet
  facet normal -0.891067 -0.453872 0
    outer loop
      vertex 0.413526 0.391875 0.171797
      vertex 0.411376 0.396096 0.1718
      vertex 0.411376 0.396096 0.171797
    endloop
  endfacet
  facet normal -0.891067 -0.453872 0
    outer loop
      vertex 0.411376 0.396096 0.1718
      vertex 0.413526 0.391875 0.171797
      vertex 0.413526 0.391875 0.1718
    endloop
  endfacet
  facet normal 0.890938 0.454125 0
    outer loop
      vertex 0.547824 0.460303 0.1718
      vertex 0.545673 0.464523 0.171797
      vertex 0.545673 0.464523 0.1718
    endloop
  endfacet
  facet normal 0.890938 0.454125 0
    outer loop
      vertex 0.545673 0.464523 0.171797
      vertex 0.547824 0.460303 0.1718
      vertex 0.547824 0.460303 0.171797
    endloop
  endfacet
  facet normal 0.890938 0.454125 0
    outer loop
      vertex 0.547824 0.460303 0.15118
      vertex 0.545673 0.464523 0.0205994
      vertex 0.545673 0.464523 0.15118
    endloop
  endfacet
  facet normal 0.890938 0.454125 0
    outer loop
      vertex 0.545673 0.464523 0.0205994
      vertex 0.547824 0.460303 0.15118
      vertex 0.547824 0.460303 0.0205994
    endloop
  endfacet
  facet normal 0.338809 0.940855 -0
    outer loop
      vertex 0.507356 0.498304 0.171797
      vertex 0.502899 0.499909 0.1718
      vertex 0.507356 0.498304 0.1718
    endloop
  endfacet
  facet normal 0.338809 0.940855 0
    outer loop
      vertex 0.502899 0.499909 0.1718
      vertex 0.507356 0.498304 0.171797
      vertex 0.502899 0.499909 0.171797
    endloop
  endfacet
  facet normal 0.338809 0.940855 -0
    outer loop
      vertex 0.507356 0.498304 0.0205994
      vertex 0.502899 0.499909 0.15118
      vertex 0.507356 0.498304 0.15118
    endloop
  endfacet
  facet normal 0.338809 0.940855 0
    outer loop
      vertex 0.502899 0.499909 0.15118
      vertex 0.507356 0.498304 0.0205994
      vertex 0.502899 0.499909 0.0205994
    endloop
  endfacet
  facet normal -0.750244 0.661161 0
    outer loop
      vertex 0.421503 0.476261 0.171797
      vertex 0.424635 0.479815 0.1718
      vertex 0.424635 0.479815 0.171797
    endloop
  endfacet
  facet normal -0.750244 0.661161 0
    outer loop
      vertex 0.424635 0.479815 0.1718
      vertex 0.421503 0.476261 0.171797
      vertex 0.421503 0.476261 0.1718
    endloop
  endfacet
  facet normal -0.750244 0.661161 0
    outer loop
      vertex 0.421503 0.476261 0.0205994
      vertex 0.424635 0.479815 0.15118
      vertex 0.424635 0.479815 0.0205994
    endloop
  endfacet
  facet normal -0.750244 0.661161 0
    outer loop
      vertex 0.424635 0.479815 0.15118
      vertex 0.421503 0.476261 0.0205994
      vertex 0.421503 0.476261 0.15118
    endloop
  endfacet
  facet normal -0.218271 0.975888 0
    outer loop
      vertex 0.465471 0.502264 0.171797
      vertex 0.460848 0.50123 0.1718
      vertex 0.465471 0.502264 0.1718
    endloop
  endfacet
  facet normal -0.218271 0.975888 0
    outer loop
      vertex 0.460848 0.50123 0.1718
      vertex 0.465471 0.502264 0.171797
      vertex 0.460848 0.50123 0.171797
    endloop
  endfacet
  facet normal -0.218271 0.975888 0
    outer loop
      vertex 0.465471 0.502264 0.0205994
      vertex 0.460848 0.50123 0.15118
      vertex 0.465471 0.502264 0.15118
    endloop
  endfacet
  facet normal -0.218271 0.975888 0
    outer loop
      vertex 0.460848 0.50123 0.15118
      vertex 0.465471 0.502264 0.0205994
      vertex 0.460848 0.50123 0.0205994
    endloop
  endfacet
  facet normal -0.0943608 -0.995538 0
    outer loop
      vertex 0.470149 0.353395 0
      vertex 0.474865 0.352948 0.15118
      vertex 0.470149 0.353395 0.15118
    endloop
  endfacet
  facet normal -0.0943608 -0.995538 -0
    outer loop
      vertex 0.474865 0.352948 0.15118
      vertex 0.470149 0.353395 0
      vertex 0.474865 0.352948 0
    endloop
  endfacet
  facet normal -0.0943608 -0.995538 0
    outer loop
      vertex 0.470149 0.353395 0.171797
      vertex 0.474865 0.352948 0.1718
      vertex 0.470149 0.353395 0.1718
    endloop
  endfacet
  facet normal -0.0943608 -0.995538 -0
    outer loop
      vertex 0.474865 0.352948 0.1718
      vertex 0.470149 0.353395 0.171797
      vertex 0.474865 0.352948 0.171797
    endloop
  endfacet
  facet normal -0.612858 -0.790193 0
    outer loop
      vertex 0.431538 0.370103 0
      vertex 0.435281 0.3672 0.15118
      vertex 0.431538 0.370103 0.15118
    endloop
  endfacet
  facet normal -0.612858 -0.790193 -0
    outer loop
      vertex 0.435281 0.3672 0.15118
      vertex 0.431538 0.370103 0
      vertex 0.435281 0.3672 0
    endloop
  endfacet
  facet normal -0.612858 -0.790193 0
    outer loop
      vertex 0.431538 0.370103 0.171797
      vertex 0.435281 0.3672 0.1718
      vertex 0.431538 0.370103 0.1718
    endloop
  endfacet
  facet normal -0.612858 -0.790193 -0
    outer loop
      vertex 0.435281 0.3672 0.1718
      vertex 0.431538 0.370103 0.171797
      vertex 0.435281 0.3672 0.171797
    endloop
  endfacet
  facet normal 0.975888 0.218271 0
    outer loop
      vertex 0.553664 0.442328 0.1718
      vertex 0.55263 0.446951 0.171797
      vertex 0.55263 0.446951 0.1718
    endloop
  endfacet
  facet normal 0.975888 0.218271 0
    outer loop
      vertex 0.55263 0.446951 0.171797
      vertex 0.553664 0.442328 0.1718
      vertex 0.553664 0.442328 0.171797
    endloop
  endfacet
  facet normal 0.975888 0.218271 0
    outer loop
      vertex 0.553664 0.442328 0.15118
      vertex 0.55263 0.446951 0.0205994
      vertex 0.55263 0.446951 0.15118
    endloop
  endfacet
  facet normal 0.975888 0.218271 0
    outer loop
      vertex 0.55263 0.446951 0.0205994
      vertex 0.553664 0.442328 0.15118
      vertex 0.553664 0.442328 0.0205994
    endloop
  endfacet
  facet normal 0.960368 0.278735 0
    outer loop
      vertex 0.55263 0.446951 0.1718
      vertex 0.55131 0.451499 0.171797
      vertex 0.55131 0.451499 0.1718
    endloop
  endfacet
  facet normal 0.960368 0.278735 0
    outer loop
      vertex 0.55131 0.451499 0.171797
      vertex 0.55263 0.446951 0.1718
      vertex 0.55263 0.446951 0.171797
    endloop
  endfacet
  facet normal 0.960368 0.278735 0
    outer loop
      vertex 0.55263 0.446951 0.15118
      vertex 0.55131 0.451499 0.0205994
      vertex 0.55131 0.451499 0.15118
    endloop
  endfacet
  facet normal 0.960368 0.278735 0
    outer loop
      vertex 0.55131 0.451499 0.0205994
      vertex 0.55263 0.446951 0.15118
      vertex 0.55263 0.446951 0.0205994
    endloop
  endfacet
  facet normal 0.827146 0.561987 0
    outer loop
      vertex 0.543262 0.468601 0.1718
      vertex 0.5406 0.472519 0.171797
      vertex 0.5406 0.472519 0.1718
    endloop
  endfacet
  facet normal 0.827146 0.561987 0
    outer loop
      vertex 0.5406 0.472519 0.171797
      vertex 0.543262 0.468601 0.1718
      vertex 0.543262 0.468601 0.171797
    endloop
  endfacet
  facet normal 0.827146 0.561987 0
    outer loop
      vertex 0.543262 0.468601 0.15118
      vertex 0.5406 0.472519 0.0205994
      vertex 0.5406 0.472519 0.15118
    endloop
  endfacet
  facet normal 0.827146 0.561987 0
    outer loop
      vertex 0.5406 0.472519 0.0205994
      vertex 0.543262 0.468601 0.15118
      vertex 0.543262 0.468601 0.0205994
    endloop
  endfacet
  facet normal 0.509113 0.860699 -0
    outer loop
      vertex 0.52 0.491862 0.171797
      vertex 0.515924 0.494273 0.1718
      vertex 0.52 0.491862 0.1718
    endloop
  endfacet
  facet normal 0.509113 0.860699 0
    outer loop
      vertex 0.515924 0.494273 0.1718
      vertex 0.52 0.491862 0.171797
      vertex 0.515924 0.494273 0.171797
    endloop
  endfacet
  facet normal 0.509113 0.860699 -0
    outer loop
      vertex 0.52 0.491862 0.0205994
      vertex 0.515924 0.494273 0.15118
      vertex 0.52 0.491862 0.15118
    endloop
  endfacet
  facet normal 0.509113 0.860699 0
    outer loop
      vertex 0.515924 0.494273 0.15118
      vertex 0.52 0.491862 0.0205994
      vertex 0.515924 0.494273 0.0205994
    endloop
  endfacet
  facet normal -0.0314522 0.999505 0
    outer loop
      vertex 0.4796 0.503599 0.171797
      vertex 0.474865 0.50345 0.1718
      vertex 0.4796 0.503599 0.1718
    endloop
  endfacet
  facet normal -0.0314522 0.999505 0
    outer loop
      vertex 0.474865 0.50345 0.1718
      vertex 0.4796 0.503599 0.171797
      vertex 0.474865 0.50345 0.171797
    endloop
  endfacet
  facet normal -0.0314522 0.999505 0
    outer loop
      vertex 0.4796 0.503599 0.0205994
      vertex 0.474865 0.50345 0.15118
      vertex 0.4796 0.503599 0.15118
    endloop
  endfacet
  facet normal -0.0314522 0.999505 0
    outer loop
      vertex 0.474865 0.50345 0.15118
      vertex 0.4796 0.503599 0.0205994
      vertex 0.474865 0.50345 0.0205994
    endloop
  endfacet
  facet normal 0.45404 0.890981 -0
    outer loop
      vertex 0.515924 0.494273 0.171797
      vertex 0.511703 0.496424 0.1718
      vertex 0.515924 0.494273 0.1718
    endloop
  endfacet
  facet normal 0.45404 0.890981 0
    outer loop
      vertex 0.511703 0.496424 0.1718
      vertex 0.515924 0.494273 0.171797
      vertex 0.511703 0.496424 0.171797
    endloop
  endfacet
  facet normal 0.45404 0.890981 -0
    outer loop
      vertex 0.515924 0.494273 0.0205994
      vertex 0.511703 0.496424 0.15118
      vertex 0.515924 0.494273 0.15118
    endloop
  endfacet
  facet normal 0.45404 0.890981 0
    outer loop
      vertex 0.511703 0.496424 0.15118
      vertex 0.515924 0.494273 0.0205994
      vertex 0.511703 0.496424 0.0205994
    endloop
  endfacet
  facet normal 0.15645 0.987686 -0
    outer loop
      vertex 0.493728 0.502264 0.171797
      vertex 0.48905 0.503005 0.1718
      vertex 0.493728 0.502264 0.1718
    endloop
  endfacet
  facet normal 0.15645 0.987686 0
    outer loop
      vertex 0.48905 0.503005 0.1718
      vertex 0.493728 0.502264 0.171797
      vertex 0.48905 0.503005 0.171797
    endloop
  endfacet
  facet normal 0.15645 0.987686 -0
    outer loop
      vertex 0.493728 0.502264 0.0205994
      vertex 0.48905 0.503005 0.15118
      vertex 0.493728 0.502264 0.15118
    endloop
  endfacet
  facet normal 0.15645 0.987686 0
    outer loop
      vertex 0.48905 0.503005 0.15118
      vertex 0.493728 0.502264 0.0205994
      vertex 0.48905 0.503005 0.0205994
    endloop
  endfacet
  facet normal -0.975888 0.218271 0
    outer loop
      vertex 0.405535 0.442328 0.171797
      vertex 0.406569 0.446951 0.1718
      vertex 0.406569 0.446951 0.171797
    endloop
  endfacet
  facet normal -0.975888 0.218271 0
    outer loop
      vertex 0.406569 0.446951 0.1718
      vertex 0.405535 0.442328 0.171797
      vertex 0.405535 0.442328 0.1718
    endloop
  endfacet
  facet normal -0.975888 0.218271 0
    outer loop
      vertex 0.405535 0.442328 0.0205994
      vertex 0.406569 0.446951 0.15118
      vertex 0.406569 0.446951 0.0205994
    endloop
  endfacet
  facet normal -0.975888 0.218271 0
    outer loop
      vertex 0.406569 0.446951 0.15118
      vertex 0.405535 0.442328 0.0205994
      vertex 0.405535 0.442328 0.15118
    endloop
  endfacet
  facet normal -0.860809 0.508928 0
    outer loop
      vertex 0.413526 0.464523 0.171797
      vertex 0.415937 0.468601 0.1718
      vertex 0.415937 0.468601 0.171797
    endloop
  endfacet
  facet normal -0.860809 0.508928 0
    outer loop
      vertex 0.415937 0.468601 0.1718
      vertex 0.413526 0.464523 0.171797
      vertex 0.413526 0.464523 0.1718
    endloop
  endfacet
  facet normal -0.860809 0.508928 0
    outer loop
      vertex 0.413526 0.464523 0.0205994
      vertex 0.415937 0.468601 0.15118
      vertex 0.415937 0.468601 0.0205994
    endloop
  endfacet
  facet normal -0.860809 0.508928 0
    outer loop
      vertex 0.415937 0.468601 0.15118
      vertex 0.413526 0.464523 0.0205994
      vertex 0.413526 0.464523 0.15118
    endloop
  endfacet
  facet normal -0.827048 0.562131 0
    outer loop
      vertex 0.415937 0.468601 0.171797
      vertex 0.4186 0.472519 0.1718
      vertex 0.4186 0.472519 0.171797
    endloop
  endfacet
  facet normal -0.827048 0.562131 0
    outer loop
      vertex 0.4186 0.472519 0.1718
      vertex 0.415937 0.468601 0.171797
      vertex 0.415937 0.468601 0.1718
    endloop
  endfacet
  facet normal -0.827048 0.562131 0
    outer loop
      vertex 0.415937 0.468601 0.0205994
      vertex 0.4186 0.472519 0.15118
      vertex 0.4186 0.472519 0.0205994
    endloop
  endfacet
  facet normal -0.827048 0.562131 0
    outer loop
      vertex 0.4186 0.472519 0.15118
      vertex 0.415937 0.468601 0.0205994
      vertex 0.415937 0.468601 0.15118
    endloop
  endfacet
  facet normal -0.27893 0.960312 0
    outer loop
      vertex 0.460848 0.50123 0.171797
      vertex 0.4563 0.499909 0.1718
      vertex 0.460848 0.50123 0.1718
    endloop
  endfacet
  facet normal -0.27893 0.960312 0
    outer loop
      vertex 0.4563 0.499909 0.1718
      vertex 0.460848 0.50123 0.171797
      vertex 0.4563 0.499909 0.171797
    endloop
  endfacet
  facet normal -0.27893 0.960312 0
    outer loop
      vertex 0.460848 0.50123 0.0205994
      vertex 0.4563 0.499909 0.15118
      vertex 0.460848 0.50123 0.15118
    endloop
  endfacet
  facet normal -0.27893 0.960312 0
    outer loop
      vertex 0.4563 0.499909 0.15118
      vertex 0.460848 0.50123 0.0205994
      vertex 0.4563 0.499909 0.0205994
    endloop
  endfacet
  facet normal -0.0939423 0.995578 0
    outer loop
      vertex 0.474865 0.50345 0.171797
      vertex 0.470149 0.503005 0.1718
      vertex 0.474865 0.50345 0.1718
    endloop
  endfacet
  facet normal -0.0939423 0.995578 0
    outer loop
      vertex 0.470149 0.503005 0.1718
      vertex 0.474865 0.50345 0.171797
      vertex 0.470149 0.503005 0.171797
    endloop
  endfacet
  facet normal -0.0939423 0.995578 0
    outer loop
      vertex 0.474865 0.50345 0.0205994
      vertex 0.470149 0.503005 0.15118
      vertex 0.474865 0.50345 0.15118
    endloop
  endfacet
  facet normal -0.0939423 0.995578 0
    outer loop
      vertex 0.470149 0.503005 0.15118
      vertex 0.474865 0.50345 0.0205994
      vertex 0.470149 0.503005 0.0205994
    endloop
  endfacet
  facet normal -0.562085 0.82708 0
    outer loop
      vertex 0.439198 0.491862 0.171797
      vertex 0.435281 0.4892 0.1718
      vertex 0.439198 0.491862 0.1718
    endloop
  endfacet
  facet normal -0.562085 0.82708 0
    outer loop
      vertex 0.435281 0.4892 0.1718
      vertex 0.439198 0.491862 0.171797
      vertex 0.435281 0.4892 0.171797
    endloop
  endfacet
  facet normal -0.562085 0.82708 0
    outer loop
      vertex 0.439198 0.491862 0.0205994
      vertex 0.435281 0.4892 0.15118
      vertex 0.439198 0.491862 0.15118
    endloop
  endfacet
  facet normal -0.562085 0.82708 0
    outer loop
      vertex 0.435281 0.4892 0.15118
      vertex 0.439198 0.491862 0.0205994
      vertex 0.435281 0.4892 0.0205994
    endloop
  endfacet
  facet normal -0.612858 0.790193 0
    outer loop
      vertex 0.435281 0.4892 0.171797
      vertex 0.431538 0.486297 0.1718
      vertex 0.435281 0.4892 0.1718
    endloop
  endfacet
  facet normal -0.612858 0.790193 0
    outer loop
      vertex 0.431538 0.486297 0.1718
      vertex 0.435281 0.4892 0.171797
      vertex 0.431538 0.486297 0.171797
    endloop
  endfacet
  facet normal -0.612858 0.790193 0
    outer loop
      vertex 0.435281 0.4892 0.0205994
      vertex 0.431538 0.486297 0.15118
      vertex 0.435281 0.4892 0.15118
    endloop
  endfacet
  facet normal -0.612858 0.790193 0
    outer loop
      vertex 0.431538 0.486297 0.15118
      vertex 0.435281 0.4892 0.0205994
      vertex 0.431538 0.486297 0.0205994
    endloop
  endfacet
  facet normal -0.509021 0.860754 0
    outer loop
      vertex 0.443275 0.494273 0.171797
      vertex 0.439198 0.491862 0.1718
      vertex 0.443275 0.494273 0.1718
    endloop
  endfacet
  facet normal -0.509021 0.860754 0
    outer loop
      vertex 0.439198 0.491862 0.1718
      vertex 0.443275 0.494273 0.171797
      vertex 0.439198 0.491862 0.171797
    endloop
  endfacet
  facet normal -0.509021 0.860754 0
    outer loop
      vertex 0.443275 0.494273 0.0205994
      vertex 0.439198 0.491862 0.15118
      vertex 0.443275 0.494273 0.15118
    endloop
  endfacet
  facet normal -0.509021 0.860754 0
    outer loop
      vertex 0.439198 0.491862 0.15118
      vertex 0.443275 0.494273 0.0205994
      vertex 0.439198 0.491862 0.0205994
    endloop
  endfacet
  facet normal 0.999512 0.0312479 0
    outer loop
      vertex 0.554999 0.4282 0.1718
      vertex 0.554851 0.432934 0.171797
      vertex 0.554851 0.432934 0.1718
    endloop
  endfacet
  facet normal 0.999512 0.0312479 0
    outer loop
      vertex 0.554851 0.432934 0.171797
      vertex 0.554999 0.4282 0.1718
      vertex 0.554999 0.4282 0.171797
    endloop
  endfacet
  facet normal 0.999508 0.031368 0
    outer loop
      vertex 0.554851 0.432934 0.15118
      vertex 0.554998 0.42825 0.0205994
      vertex 0.554851 0.432934 0.0205994
    endloop
  endfacet
  facet normal 0.999512 0.0312479 4.31063e-06
    outer loop
      vertex 0.554999 0.4282 0.15118
      vertex 0.554998 0.42825 0.0205994
      vertex 0.554851 0.432934 0.15118
    endloop
  endfacet
  facet normal 0.9998 0.019996 -0
    outer loop
      vertex 0.554999 0.4282 0
      vertex 0.554998 0.42825 0.0205994
      vertex 0.554999 0.4282 0.15118
    endloop
  endfacet
  facet normal 0.9998 0.019996 0
    outer loop
      vertex 0.554998 0.42825 0.0205994
      vertex 0.554999 0.4282 0
      vertex 0.554998 0.42825 0
    endloop
  endfacet
  facet normal 0.0943608 -0.995538 0
    outer loop
      vertex 0.484334 0.352948 0
      vertex 0.48905 0.353395 0.15118
      vertex 0.484334 0.352948 0.15118
    endloop
  endfacet
  facet normal 0.0943608 -0.995538 0
    outer loop
      vertex 0.48905 0.353395 0.15118
      vertex 0.484334 0.352948 0
      vertex 0.48905 0.353395 0
    endloop
  endfacet
  facet normal 0.0943608 -0.995538 0
    outer loop
      vertex 0.484334 0.352948 0.171797
      vertex 0.48905 0.353395 0.1718
      vertex 0.484334 0.352948 0.1718
    endloop
  endfacet
  facet normal 0.0943608 -0.995538 0
    outer loop
      vertex 0.48905 0.353395 0.1718
      vertex 0.484334 0.352948 0.171797
      vertex 0.48905 0.353395 0.171797
    endloop
  endfacet
  facet normal 0.75006 -0.66137 0
    outer loop
      vertex 0.534564 0.376585 0.15118
      vertex 0.537696 0.380137 0
      vertex 0.537696 0.380137 0.15118
    endloop
  endfacet
  facet normal 0.75006 -0.66137 0
    outer loop
      vertex 0.537696 0.380137 0
      vertex 0.534564 0.376585 0.15118
      vertex 0.534564 0.376585 0
    endloop
  endfacet
  facet normal 0.75006 -0.66137 0
    outer loop
      vertex 0.534564 0.376585 0.1718
      vertex 0.537696 0.380137 0.171797
      vertex 0.537696 0.380137 0.1718
    endloop
  endfacet
  facet normal 0.75006 -0.66137 0
    outer loop
      vertex 0.537696 0.380137 0.171797
      vertex 0.534564 0.376585 0.1718
      vertex 0.534564 0.376585 0.171797
    endloop
  endfacet
  facet normal 0.917763 -0.397127 0
    outer loop
      vertex 0.547824 0.396096 0.15118
      vertex 0.549705 0.400443 0
      vertex 0.549705 0.400443 0.15118
    endloop
  endfacet
  facet normal 0.917763 -0.397127 0
    outer loop
      vertex 0.549705 0.400443 0
      vertex 0.547824 0.396096 0.15118
      vertex 0.547824 0.396096 0
    endloop
  endfacet
  facet normal 0.917763 -0.397127 0
    outer loop
      vertex 0.547824 0.396096 0.1718
      vertex 0.549705 0.400443 0.171797
      vertex 0.549705 0.400443 0.1718
    endloop
  endfacet
  facet normal 0.917763 -0.397127 0
    outer loop
      vertex 0.549705 0.400443 0.171797
      vertex 0.547824 0.396096 0.1718
      vertex 0.547824 0.396096 0.171797
    endloop
  endfacet
  facet normal 0.612858 -0.790193 0
    outer loop
      vertex 0.523918 0.3672 0.171797
      vertex 0.527661 0.370103 0.1718
      vertex 0.523918 0.3672 0.1718
    endloop
  endfacet
  facet normal 0.612858 -0.790193 0
    outer loop
      vertex 0.527661 0.370103 0.1718
      vertex 0.523918 0.3672 0.171797
      vertex 0.527661 0.370103 0.171797
    endloop
  endfacet
  facet normal 0.612858 -0.790193 0
    outer loop
      vertex 0.523918 0.3672 0
      vertex 0.527661 0.370103 0.15118
      vertex 0.523918 0.3672 0.15118
    endloop
  endfacet
  facet normal 0.612858 -0.790193 0
    outer loop
      vertex 0.527661 0.370103 0.15118
      vertex 0.523918 0.3672 0
      vertex 0.527661 0.370103 0
    endloop
  endfacet
  facet normal 0.0314589 -0.999505 0
    outer loop
      vertex 0.4796 0.352799 0
      vertex 0.484334 0.352948 0.15118
      vertex 0.4796 0.352799 0.15118
    endloop
  endfacet
  facet normal 0.0314589 -0.999505 0
    outer loop
      vertex 0.484334 0.352948 0.15118
      vertex 0.4796 0.352799 0
      vertex 0.484334 0.352948 0
    endloop
  endfacet
  facet normal 0.0314589 -0.999505 0
    outer loop
      vertex 0.4796 0.352799 0.171797
      vertex 0.484334 0.352948 0.1718
      vertex 0.4796 0.352799 0.1718
    endloop
  endfacet
  facet normal 0.0314589 -0.999505 0
    outer loop
      vertex 0.484334 0.352948 0.1718
      vertex 0.4796 0.352799 0.171797
      vertex 0.484334 0.352948 0.171797
    endloop
  endfacet
  facet normal -0.279124 -0.960255 0
    outer loop
      vertex 0.4563 0.35649 0
      vertex 0.460848 0.355168 0.15118
      vertex 0.4563 0.35649 0.15118
    endloop
  endfacet
  facet normal -0.279124 -0.960255 -0
    outer loop
      vertex 0.460848 0.355168 0.15118
      vertex 0.4563 0.35649 0
      vertex 0.460848 0.355168 0
    endloop
  endfacet
  facet normal -0.279124 -0.960255 0
    outer loop
      vertex 0.4563 0.35649 0.171797
      vertex 0.460848 0.355168 0.1718
      vertex 0.4563 0.35649 0.1718
    endloop
  endfacet
  facet normal -0.279124 -0.960255 -0
    outer loop
      vertex 0.460848 0.355168 0.1718
      vertex 0.4563 0.35649 0.171797
      vertex 0.460848 0.355168 0.171797
    endloop
  endfacet
  facet normal -0.15645 -0.987686 0
    outer loop
      vertex 0.465471 0.354136 0
      vertex 0.470149 0.353395 0.15118
      vertex 0.465471 0.354136 0.15118
    endloop
  endfacet
  facet normal -0.15645 -0.987686 -0
    outer loop
      vertex 0.470149 0.353395 0.15118
      vertex 0.465471 0.354136 0
      vertex 0.470149 0.353395 0
    endloop
  endfacet
  facet normal -0.15645 -0.987686 0
    outer loop
      vertex 0.465471 0.354136 0.171797
      vertex 0.470149 0.353395 0.1718
      vertex 0.465471 0.354136 0.1718
    endloop
  endfacet
  facet normal -0.15645 -0.987686 -0
    outer loop
      vertex 0.470149 0.353395 0.1718
      vertex 0.465471 0.354136 0.171797
      vertex 0.470149 0.353395 0.171797
    endloop
  endfacet
  facet normal -0.995556 -0.0941714 0
    outer loop
      vertex 0.404794 0.41875 0
      vertex 0.404348 0.423465 0.15118
      vertex 0.404348 0.423465 0
    endloop
  endfacet
  facet normal -0.995556 -0.0941714 0
    outer loop
      vertex 0.404348 0.423465 0.15118
      vertex 0.404794 0.41875 0
      vertex 0.404794 0.41875 0.15118
    endloop
  endfacet
  facet normal -0.995556 -0.0941714 0
    outer loop
      vertex 0.404794 0.41875 0.171797
      vertex 0.404348 0.423465 0.1718
      vertex 0.404348 0.423465 0.171797
    endloop
  endfacet
  facet normal -0.995556 -0.0941714 0
    outer loop
      vertex 0.404348 0.423465 0.1718
      vertex 0.404794 0.41875 0.171797
      vertex 0.404794 0.41875 0.1718
    endloop
  endfacet
  facet normal -0.75006 -0.66137 0
    outer loop
      vertex 0.424635 0.376585 0
      vertex 0.421503 0.380137 0.15118
      vertex 0.421503 0.380137 0
    endloop
  endfacet
  facet normal -0.75006 -0.66137 0
    outer loop
      vertex 0.421503 0.380137 0.15118
      vertex 0.424635 0.376585 0
      vertex 0.424635 0.376585 0.15118
    endloop
  endfacet
  facet normal -0.75006 -0.66137 0
    outer loop
      vertex 0.424635 0.376585 0.171797
      vertex 0.421503 0.380137 0.1718
      vertex 0.421503 0.380137 0.171797
    endloop
  endfacet
  facet normal -0.75006 -0.66137 0
    outer loop
      vertex 0.421503 0.380137 0.1718
      vertex 0.424635 0.376585 0.171797
      vertex 0.424635 0.376585 0.1718
    endloop
  endfacet
  facet normal -0.790272 -0.612756 0
    outer loop
      vertex 0.421503 0.380137 0
      vertex 0.4186 0.383881 0.15118
      vertex 0.4186 0.383881 0
    endloop
  endfacet
  facet normal -0.790272 -0.612756 0
    outer loop
      vertex 0.4186 0.383881 0.15118
      vertex 0.421503 0.380137 0
      vertex 0.421503 0.380137 0.15118
    endloop
  endfacet
  facet normal -0.790272 -0.612756 0
    outer loop
      vertex 0.421503 0.380137 0.171797
      vertex 0.4186 0.383881 0.1718
      vertex 0.4186 0.383881 0.171797
    endloop
  endfacet
  facet normal -0.790272 -0.612756 0
    outer loop
      vertex 0.4186 0.383881 0.1718
      vertex 0.421503 0.380137 0.171797
      vertex 0.421503 0.380137 0.1718
    endloop
  endfacet
  facet normal -0.860754 -0.509021 0
    outer loop
      vertex 0.415937 0.387798 0
      vertex 0.413526 0.391875 0.15118
      vertex 0.413526 0.391875 0
    endloop
  endfacet
  facet normal -0.860754 -0.509021 0
    outer loop
      vertex 0.413526 0.391875 0.15118
      vertex 0.415937 0.387798 0
      vertex 0.415937 0.387798 0.15118
    endloop
  endfacet
  facet normal -0.860754 -0.509021 0
    outer loop
      vertex 0.415937 0.387798 0.171797
      vertex 0.413526 0.391875 0.1718
      vertex 0.413526 0.391875 0.171797
    endloop
  endfacet
  facet normal -0.860754 -0.509021 0
    outer loop
      vertex 0.413526 0.391875 0.1718
      vertex 0.415937 0.387798 0.171797
      vertex 0.415937 0.387798 0.1718
    endloop
  endfacet
  facet normal -0.707107 -0.707107 0
    outer loop
      vertex 0.427984 0.373236 0
      vertex 0.424635 0.376585 0.15118
      vertex 0.424635 0.376585 0
    endloop
  endfacet
  facet normal -0.707107 -0.707107 0
    outer loop
      vertex 0.424635 0.376585 0.15118
      vertex 0.427984 0.373236 0
      vertex 0.427984 0.373236 0.15118
    endloop
  endfacet
  facet normal -0.707107 -0.707107 0
    outer loop
      vertex 0.427984 0.373236 0.171797
      vertex 0.424635 0.376585 0.1718
      vertex 0.424635 0.376585 0.171797
    endloop
  endfacet
  facet normal -0.707107 -0.707107 0
    outer loop
      vertex 0.424635 0.376585 0.1718
      vertex 0.427984 0.373236 0.171797
      vertex 0.427984 0.373236 0.1718
    endloop
  endfacet
  facet normal 0.987686 0.15645 0
    outer loop
      vertex 0.554405 0.43765 0.1718
      vertex 0.553664 0.442328 0.171797
      vertex 0.553664 0.442328 0.1718
    endloop
  endfacet
  facet normal 0.987686 0.15645 0
    outer loop
      vertex 0.553664 0.442328 0.171797
      vertex 0.554405 0.43765 0.1718
      vertex 0.554405 0.43765 0.171797
    endloop
  endfacet
  facet normal 0.987686 0.15645 0
    outer loop
      vertex 0.554405 0.43765 0.15118
      vertex 0.553664 0.442328 0.0205994
      vertex 0.553664 0.442328 0.15118
    endloop
  endfacet
  facet normal 0.987686 0.15645 0
    outer loop
      vertex 0.553664 0.442328 0.0205994
      vertex 0.554405 0.43765 0.15118
      vertex 0.554405 0.43765 0.0205994
    endloop
  endfacet
  facet normal 0.995558 0.0941516 0
    outer loop
      vertex 0.554851 0.432934 0.1718
      vertex 0.554405 0.43765 0.171797
      vertex 0.554405 0.43765 0.1718
    endloop
  endfacet
  facet normal 0.995558 0.0941516 0
    outer loop
      vertex 0.554405 0.43765 0.171797
      vertex 0.554851 0.432934 0.1718
      vertex 0.554851 0.432934 0.171797
    endloop
  endfacet
  facet normal 0.995558 0.0941516 0
    outer loop
      vertex 0.554851 0.432934 0.15118
      vertex 0.554405 0.43765 0.0205994
      vertex 0.554405 0.43765 0.15118
    endloop
  endfacet
  facet normal 0.995558 0.0941516 0
    outer loop
      vertex 0.554405 0.43765 0.0205994
      vertex 0.554851 0.432934 0.15118
      vertex 0.554851 0.432934 0.0205994
    endloop
  endfacet
  facet normal 0.917763 0.397127 0
    outer loop
      vertex 0.549705 0.455956 0.1718
      vertex 0.547824 0.460303 0.171797
      vertex 0.547824 0.460303 0.1718
    endloop
  endfacet
  facet normal 0.917763 0.397127 0
    outer loop
      vertex 0.547824 0.460303 0.171797
      vertex 0.549705 0.455956 0.1718
      vertex 0.549705 0.455956 0.171797
    endloop
  endfacet
  facet normal 0.917763 0.397127 0
    outer loop
      vertex 0.549705 0.455956 0.15118
      vertex 0.547824 0.460303 0.0205994
      vertex 0.547824 0.460303 0.15118
    endloop
  endfacet
  facet normal 0.917763 0.397127 0
    outer loop
      vertex 0.547824 0.460303 0.0205994
      vertex 0.549705 0.455956 0.15118
      vertex 0.549705 0.455956 0.0205994
    endloop
  endfacet
  facet normal 0.940855 0.338809 0
    outer loop
      vertex 0.55131 0.451499 0.1718
      vertex 0.549705 0.455956 0.171797
      vertex 0.549705 0.455956 0.1718
    endloop
  endfacet
  facet normal 0.940855 0.338809 0
    outer loop
      vertex 0.549705 0.455956 0.171797
      vertex 0.55131 0.451499 0.1718
      vertex 0.55131 0.451499 0.171797
    endloop
  endfacet
  facet normal 0.940855 0.338809 0
    outer loop
      vertex 0.55131 0.451499 0.15118
      vertex 0.549705 0.455956 0.0205994
      vertex 0.549705 0.455956 0.15118
    endloop
  endfacet
  facet normal 0.940855 0.338809 0
    outer loop
      vertex 0.549705 0.455956 0.0205994
      vertex 0.55131 0.451499 0.15118
      vertex 0.55131 0.451499 0.0205994
    endloop
  endfacet
  facet normal 0.860809 0.508928 0
    outer loop
      vertex 0.545673 0.464523 0.1718
      vertex 0.543262 0.468601 0.171797
      vertex 0.543262 0.468601 0.1718
    endloop
  endfacet
  facet normal 0.860809 0.508928 0
    outer loop
      vertex 0.543262 0.468601 0.171797
      vertex 0.545673 0.464523 0.1718
      vertex 0.545673 0.464523 0.171797
    endloop
  endfacet
  facet normal 0.860809 0.508928 0
    outer loop
      vertex 0.545673 0.464523 0.15118
      vertex 0.543262 0.468601 0.0205994
      vertex 0.543262 0.468601 0.15118
    endloop
  endfacet
  facet normal 0.860809 0.508928 0
    outer loop
      vertex 0.543262 0.468601 0.0205994
      vertex 0.545673 0.464523 0.15118
      vertex 0.545673 0.464523 0.0205994
    endloop
  endfacet
  facet normal 0.750244 0.661161 0
    outer loop
      vertex 0.537696 0.476261 0.1718
      vertex 0.534564 0.479815 0.171797
      vertex 0.534564 0.479815 0.1718
    endloop
  endfacet
  facet normal 0.750244 0.661161 0
    outer loop
      vertex 0.534564 0.479815 0.171797
      vertex 0.537696 0.476261 0.1718
      vertex 0.537696 0.476261 0.171797
    endloop
  endfacet
  facet normal 0.750244 0.661161 0
    outer loop
      vertex 0.537696 0.476261 0.15118
      vertex 0.534564 0.479815 0.0205994
      vertex 0.534564 0.479815 0.15118
    endloop
  endfacet
  facet normal 0.750244 0.661161 0
    outer loop
      vertex 0.534564 0.479815 0.0205994
      vertex 0.537696 0.476261 0.15118
      vertex 0.537696 0.476261 0.0205994
    endloop
  endfacet
  facet normal 0.707107 0.707107 0
    outer loop
      vertex 0.534564 0.479815 0.1718
      vertex 0.531215 0.483164 0.171797
      vertex 0.531215 0.483164 0.1718
    endloop
  endfacet
  facet normal 0.707107 0.707107 0
    outer loop
      vertex 0.531215 0.483164 0.171797
      vertex 0.534564 0.479815 0.1718
      vertex 0.534564 0.479815 0.171797
    endloop
  endfacet
  facet normal 0.707107 0.707107 0
    outer loop
      vertex 0.534564 0.479815 0.15118
      vertex 0.531215 0.483164 0.0205994
      vertex 0.531215 0.483164 0.15118
    endloop
  endfacet
  facet normal 0.707107 0.707107 0
    outer loop
      vertex 0.531215 0.483164 0.0205994
      vertex 0.534564 0.479815 0.15118
      vertex 0.534564 0.479815 0.0205994
    endloop
  endfacet
  facet normal 0.790011 0.613093 0
    outer loop
      vertex 0.5406 0.472519 0.1718
      vertex 0.537696 0.476261 0.171797
      vertex 0.537696 0.476261 0.1718
    endloop
  endfacet
  facet normal 0.790011 0.613093 0
    outer loop
      vertex 0.537696 0.476261 0.171797
      vertex 0.5406 0.472519 0.1718
      vertex 0.5406 0.472519 0.171797
    endloop
  endfacet
  facet normal 0.790011 0.613093 0
    outer loop
      vertex 0.5406 0.472519 0.15118
      vertex 0.537696 0.476261 0.0205994
      vertex 0.537696 0.476261 0.15118
    endloop
  endfacet
  facet normal 0.790011 0.613093 0
    outer loop
      vertex 0.537696 0.476261 0.0205994
      vertex 0.5406 0.472519 0.15118
      vertex 0.5406 0.472519 0.0205994
    endloop
  endfacet
  facet normal 0.66128 0.75014 -0
    outer loop
      vertex 0.531215 0.483164 0.171797
      vertex 0.527661 0.486297 0.1718
      vertex 0.531215 0.483164 0.1718
    endloop
  endfacet
  facet normal 0.66128 0.75014 0
    outer loop
      vertex 0.527661 0.486297 0.1718
      vertex 0.531215 0.483164 0.171797
      vertex 0.527661 0.486297 0.171797
    endloop
  endfacet
  facet normal 0.66128 0.75014 -0
    outer loop
      vertex 0.531215 0.483164 0.0205994
      vertex 0.527661 0.486297 0.15118
      vertex 0.531215 0.483164 0.15118
    endloop
  endfacet
  facet normal 0.66128 0.75014 0
    outer loop
      vertex 0.527661 0.486297 0.15118
      vertex 0.531215 0.483164 0.0205994
      vertex 0.527661 0.486297 0.0205994
    endloop
  endfacet
  facet normal 0.561987 0.827146 -0
    outer loop
      vertex 0.523918 0.4892 0.171797
      vertex 0.52 0.491862 0.1718
      vertex 0.523918 0.4892 0.1718
    endloop
  endfacet
  facet normal 0.561987 0.827146 0
    outer loop
      vertex 0.52 0.491862 0.1718
      vertex 0.523918 0.4892 0.171797
      vertex 0.52 0.491862 0.171797
    endloop
  endfacet
  facet normal 0.561987 0.827146 -0
    outer loop
      vertex 0.523918 0.4892 0.0205994
      vertex 0.52 0.491862 0.15118
      vertex 0.523918 0.4892 0.15118
    endloop
  endfacet
  facet normal 0.561987 0.827146 0
    outer loop
      vertex 0.52 0.491862 0.15118
      vertex 0.523918 0.4892 0.0205994
      vertex 0.52 0.491862 0.0205994
    endloop
  endfacet
  facet normal 0.39695 0.91784 -0
    outer loop
      vertex 0.511703 0.496424 0.171797
      vertex 0.507356 0.498304 0.1718
      vertex 0.511703 0.496424 0.1718
    endloop
  endfacet
  facet normal 0.39695 0.91784 0
    outer loop
      vertex 0.507356 0.498304 0.1718
      vertex 0.511703 0.496424 0.171797
      vertex 0.507356 0.498304 0.171797
    endloop
  endfacet
  facet normal 0.39695 0.91784 -0
    outer loop
      vertex 0.511703 0.496424 0.0205994
      vertex 0.507356 0.498304 0.15118
      vertex 0.511703 0.496424 0.15118
    endloop
  endfacet
  facet normal 0.39695 0.91784 0
    outer loop
      vertex 0.507356 0.498304 0.15118
      vertex 0.511703 0.496424 0.0205994
      vertex 0.507356 0.498304 0.0205994
    endloop
  endfacet
  facet normal 0.218271 0.975888 -0
    outer loop
      vertex 0.498351 0.50123 0.171797
      vertex 0.493728 0.502264 0.1718
      vertex 0.498351 0.50123 0.1718
    endloop
  endfacet
  facet normal 0.218271 0.975888 0
    outer loop
      vertex 0.493728 0.502264 0.1718
      vertex 0.498351 0.50123 0.171797
      vertex 0.493728 0.502264 0.171797
    endloop
  endfacet
  facet normal 0.218271 0.975888 -0
    outer loop
      vertex 0.498351 0.50123 0.0205994
      vertex 0.493728 0.502264 0.15118
      vertex 0.498351 0.50123 0.15118
    endloop
  endfacet
  facet normal 0.218271 0.975888 0
    outer loop
      vertex 0.493728 0.502264 0.15118
      vertex 0.498351 0.50123 0.0205994
      vertex 0.493728 0.502264 0.0205994
    endloop
  endfacet
  facet normal 0.27893 0.960312 -0
    outer loop
      vertex 0.502899 0.499909 0.171797
      vertex 0.498351 0.50123 0.1718
      vertex 0.502899 0.499909 0.1718
    endloop
  endfacet
  facet normal 0.27893 0.960312 0
    outer loop
      vertex 0.498351 0.50123 0.1718
      vertex 0.502899 0.499909 0.171797
      vertex 0.498351 0.50123 0.171797
    endloop
  endfacet
  facet normal 0.27893 0.960312 -0
    outer loop
      vertex 0.502899 0.499909 0.0205994
      vertex 0.498351 0.50123 0.15118
      vertex 0.502899 0.499909 0.15118
    endloop
  endfacet
  facet normal 0.27893 0.960312 0
    outer loop
      vertex 0.498351 0.50123 0.15118
      vertex 0.502899 0.499909 0.0205994
      vertex 0.498351 0.50123 0.0205994
    endloop
  endfacet
  facet normal 0.0939423 0.995578 -0
    outer loop
      vertex 0.48905 0.503005 0.171797
      vertex 0.484334 0.50345 0.1718
      vertex 0.48905 0.503005 0.1718
    endloop
  endfacet
  facet normal 0.0939423 0.995578 0
    outer loop
      vertex 0.484334 0.50345 0.1718
      vertex 0.48905 0.503005 0.171797
      vertex 0.484334 0.50345 0.171797
    endloop
  endfacet
  facet normal 0.0939423 0.995578 -0
    outer loop
      vertex 0.48905 0.503005 0.0205994
      vertex 0.484334 0.50345 0.15118
      vertex 0.48905 0.503005 0.15118
    endloop
  endfacet
  facet normal 0.0939423 0.995578 0
    outer loop
      vertex 0.484334 0.50345 0.15118
      vertex 0.48905 0.503005 0.0205994
      vertex 0.484334 0.50345 0.0205994
    endloop
  endfacet
  facet normal 0.0314589 0.999505 -0
    outer loop
      vertex 0.484334 0.50345 0.171797
      vertex 0.4796 0.503599 0.1718
      vertex 0.484334 0.50345 0.1718
    endloop
  endfacet
  facet normal 0.0314589 0.999505 0
    outer loop
      vertex 0.4796 0.503599 0.1718
      vertex 0.484334 0.50345 0.171797
      vertex 0.4796 0.503599 0.171797
    endloop
  endfacet
  facet normal 0.0314589 0.999505 -0
    outer loop
      vertex 0.484334 0.50345 0.0205994
      vertex 0.4796 0.503599 0.15118
      vertex 0.484334 0.50345 0.15118
    endloop
  endfacet
  facet normal 0.0314589 0.999505 0
    outer loop
      vertex 0.4796 0.503599 0.15118
      vertex 0.484334 0.50345 0.0205994
      vertex 0.4796 0.503599 0.0205994
    endloop
  endfacet
  facet normal -0.995558 0.0941516 0
    outer loop
      vertex 0.404348 0.432934 0.171797
      vertex 0.404794 0.43765 0.1718
      vertex 0.404794 0.43765 0.171797
    endloop
  endfacet
  facet normal -0.995558 0.0941516 0
    outer loop
      vertex 0.404794 0.43765 0.1718
      vertex 0.404348 0.432934 0.171797
      vertex 0.404348 0.432934 0.1718
    endloop
  endfacet
  facet normal -0.995558 0.0941516 0
    outer loop
      vertex 0.404348 0.432934 0.0205994
      vertex 0.404794 0.43765 0.15118
      vertex 0.404794 0.43765 0.0205994
    endloop
  endfacet
  facet normal -0.995558 0.0941516 0
    outer loop
      vertex 0.404794 0.43765 0.15118
      vertex 0.404348 0.432934 0.0205994
      vertex 0.404348 0.432934 0.15118
    endloop
  endfacet
  facet normal 0 0 -1
    outer loop
      vertex 0.554851 0.423565 0
      vertex 0.554999 0.4282 0
      vertex 0.554851 0.423465 0
    endloop
  endfacet
  facet normal -0 0 -1
    outer loop
      vertex 0.554999 0.4282 0
      vertex 0.554851 0.423565 0
      vertex 0.554998 0.42825 0
    endloop
  endfacet
  facet normal 0 0 -1
    outer loop
      vertex 0.554405 0.418849 0
      vertex 0.554851 0.423465 0
      vertex 0.554405 0.41875 0
    endloop
  endfacet
  facet normal -0 0 -1
    outer loop
      vertex 0.554851 0.423465 0
      vertex 0.554405 0.418849 0
      vertex 0.554851 0.423565 0
    endloop
  endfacet
  facet normal 0 0 -1
    outer loop
      vertex 0.553664 0.414171 0
      vertex 0.554405 0.41875 0
      vertex 0.553664 0.414071 0
    endloop
  endfacet
  facet normal -0 0 -1
    outer loop
      vertex 0.554405 0.41875 0
      vertex 0.553664 0.414171 0
      vertex 0.554405 0.418849 0
    endloop
  endfacet
  facet normal 0 0 -1
    outer loop
      vertex 0.55263 0.409549 0
      vertex 0.553664 0.414071 0
      vertex 0.55263 0.409449 0
    endloop
  endfacet
  facet normal -0 0 -1
    outer loop
      vertex 0.553664 0.414071 0
      vertex 0.55263 0.409549 0
      vertex 0.553664 0.414171 0
    endloop
  endfacet
  facet normal 0 0 -1
    outer loop
      vertex 0.55131 0.405 0
      vertex 0.55263 0.409449 0
      vertex 0.55131 0.4049 0
    endloop
  endfacet
  facet normal -0 0 -1
    outer loop
      vertex 0.55263 0.409449 0
      vertex 0.55131 0.405 0
      vertex 0.55263 0.409549 0
    endloop
  endfacet
  facet normal 0 0 -1
    outer loop
      vertex 0.549705 0.400543 0
      vertex 0.55131 0.4049 0
      vertex 0.549705 0.400443 0
    endloop
  endfacet
  facet normal -0 0 -1
    outer loop
      vertex 0.55131 0.4049 0
      vertex 0.549705 0.400543 0
      vertex 0.55131 0.405 0
    endloop
  endfacet
  facet normal 0 0 -1
    outer loop
      vertex 0.547824 0.396195 0
      vertex 0.549705 0.400443 0
      vertex 0.547824 0.396096 0
    endloop
  endfacet
  facet normal -0 0 -1
    outer loop
      vertex 0.549705 0.400443 0
      vertex 0.547824 0.396195 0
      vertex 0.549705 0.400543 0
    endloop
  endfacet
  facet normal 0 0 -1
    outer loop
      vertex 0.545673 0.391975 0
      vertex 0.547824 0.396096 0
      vertex 0.545673 0.391875 0
    endloop
  endfacet
  facet normal -0 0 -1
    outer loop
      vertex 0.547824 0.396096 0
      vertex 0.545673 0.391975 0
      vertex 0.547824 0.396195 0
    endloop
  endfacet
  facet normal 0 0 -1
    outer loop
      vertex 0.543262 0.387898 0
      vertex 0.545673 0.391875 0
      vertex 0.543262 0.387798 0
    endloop
  endfacet
  facet normal -0 0 -1
    outer loop
      vertex 0.545673 0.391875 0
      vertex 0.543262 0.387898 0
      vertex 0.545673 0.391975 0
    endloop
  endfacet
  facet normal 0 0 -1
    outer loop
      vertex 0.5406 0.383981 0
      vertex 0.543262 0.387798 0
      vertex 0.5406 0.383881 0
    endloop
  endfacet
  facet normal -0 0 -1
    outer loop
      vertex 0.543262 0.387798 0
      vertex 0.5406 0.383981 0
      vertex 0.543262 0.387898 0
    endloop
  endfacet
  facet normal 0 0 -1
    outer loop
      vertex 0.537696 0.380238 0
      vertex 0.5406 0.383881 0
      vertex 0.537696 0.380137 0
    endloop
  endfacet
  facet normal -0 0 -1
    outer loop
      vertex 0.5406 0.383881 0
      vertex 0.537696 0.380238 0
      vertex 0.5406 0.383981 0
    endloop
  endfacet
  facet normal 0 0 -1
    outer loop
      vertex 0.534564 0.376685 0
      vertex 0.537696 0.380137 0
      vertex 0.534564 0.376585 0
    endloop
  endfacet
  facet normal -0 0 -1
    outer loop
      vertex 0.537696 0.380137 0
      vertex 0.534564 0.376685 0
      vertex 0.537696 0.380238 0
    endloop
  endfacet
  facet normal 0 0 -1
    outer loop
      vertex 0.531215 0.373335 0
      vertex 0.534564 0.376585 0
      vertex 0.531215 0.373236 0
    endloop
  endfacet
  facet normal -0 0 -1
    outer loop
      vertex 0.534564 0.376585 0
      vertex 0.531215 0.373335 0
      vertex 0.534564 0.376685 0
    endloop
  endfacet
  facet normal 0 0 -1
    outer loop
      vertex 0.527661 0.370203 0
      vertex 0.531215 0.373236 0
      vertex 0.527661 0.370103 0
    endloop
  endfacet
  facet normal -0 0 -1
    outer loop
      vertex 0.531215 0.373236 0
      vertex 0.527661 0.370203 0
      vertex 0.531215 0.373335 0
    endloop
  endfacet
  facet normal 0 0 -1
    outer loop
      vertex 0.523918 0.3673 0
      vertex 0.527661 0.370103 0
      vertex 0.523918 0.3672 0
    endloop
  endfacet
  facet normal -0 0 -1
    outer loop
      vertex 0.527661 0.370103 0
      vertex 0.523918 0.3673 0
      vertex 0.527661 0.370203 0
    endloop
  endfacet
  facet normal 0 0 -1
    outer loop
      vertex 0.52 0.364637 0
      vertex 0.523918 0.3672 0
      vertex 0.52 0.364537 0
    endloop
  endfacet
  facet normal -0 0 -1
    outer loop
      vertex 0.523918 0.3672 0
      vertex 0.52 0.364637 0
      vertex 0.523918 0.3673 0
    endloop
  endfacet
  facet normal 0 0 -1
    outer loop
      vertex 0.515924 0.362226 0
      vertex 0.52 0.364537 0
      vertex 0.515924 0.362126 0
    endloop
  endfacet
  facet normal -0 0 -1
    outer loop
      vertex 0.52 0.364537 0
      vertex 0.515924 0.362226 0
      vertex 0.52 0.364637 0
    endloop
  endfacet
  facet normal 0 0 -1
    outer loop
      vertex 0.511703 0.360076 0
      vertex 0.515924 0.362126 0
      vertex 0.511703 0.359976 0
    endloop
  endfacet
  facet normal -0 0 -1
    outer loop
      vertex 0.515924 0.362126 0
      vertex 0.511703 0.360076 0
      vertex 0.515924 0.362226 0
    endloop
  endfacet
  facet normal 0 0 -1
    outer loop
      vertex 0.507356 0.358194 0
      vertex 0.511703 0.359976 0
      vertex 0.507356 0.358094 0
    endloop
  endfacet
  facet normal -0 0 -1
    outer loop
      vertex 0.511703 0.359976 0
      vertex 0.507356 0.358194 0
      vertex 0.511703 0.360076 0
    endloop
  endfacet
  facet normal 0 0 -1
    outer loop
      vertex 0.502899 0.35659 0
      vertex 0.507356 0.358094 0
      vertex 0.502899 0.35649 0
    endloop
  endfacet
  facet normal -0 0 -1
    outer loop
      vertex 0.507356 0.358094 0
      vertex 0.502899 0.35659 0
      vertex 0.507356 0.358194 0
    endloop
  endfacet
  facet normal 0 0 -1
    outer loop
      vertex 0.498351 0.355268 0
      vertex 0.502899 0.35649 0
      vertex 0.498351 0.355168 0
    endloop
  endfacet
  facet normal -0 0 -1
    outer loop
      vertex 0.502899 0.35649 0
      vertex 0.498351 0.355268 0
      vertex 0.502899 0.35659 0
    endloop
  endfacet
  facet normal 0 0 -1
    outer loop
      vertex 0.493728 0.354235 0
      vertex 0.498351 0.355168 0
      vertex 0.493728 0.354136 0
    endloop
  endfacet
  facet normal -0 0 -1
    outer loop
      vertex 0.498351 0.355168 0
      vertex 0.493728 0.354235 0
      vertex 0.498351 0.355268 0
    endloop
  endfacet
  facet normal 0 0 -1
    outer loop
      vertex 0.48905 0.353494 0
      vertex 0.493728 0.354136 0
      vertex 0.48905 0.353395 0
    endloop
  endfacet
  facet normal -0 0 -1
    outer loop
      vertex 0.493728 0.354136 0
      vertex 0.48905 0.353494 0
      vertex 0.493728 0.354235 0
    endloop
  endfacet
  facet normal 0 0 -1
    outer loop
      vertex 0.484334 0.353048 0
      vertex 0.48905 0.353395 0
      vertex 0.484334 0.352948 0
    endloop
  endfacet
  facet normal -0 0 -1
    outer loop
      vertex 0.48905 0.353395 0
      vertex 0.484334 0.353048 0
      vertex 0.48905 0.353494 0
    endloop
  endfacet
  facet normal 0 0 -1
    outer loop
      vertex 0.4796 0.3529 0
      vertex 0.484334 0.352948 0
      vertex 0.4796 0.352799 0
    endloop
  endfacet
  facet normal -0 0 -1
    outer loop
      vertex 0.484334 0.352948 0
      vertex 0.4796 0.3529 0
      vertex 0.484334 0.353048 0
    endloop
  endfacet
  facet normal 0 0 -1
    outer loop
      vertex 0.474865 0.352948 0
      vertex 0.4796 0.3529 0
      vertex 0.4796 0.352799 0
    endloop
  endfacet
  facet normal 0 0 -1
    outer loop
      vertex 0.474865 0.352948 0
      vertex 0.474865 0.353048 0
      vertex 0.4796 0.3529 0
    endloop
  endfacet
  facet normal 0 0 -1
    outer loop
      vertex 0.470149 0.353395 0
      vertex 0.474865 0.353048 0
      vertex 0.474865 0.352948 0
    endloop
  endfacet
  facet normal 0 0 -1
    outer loop
      vertex 0.470149 0.353395 0
      vertex 0.470149 0.353494 0
      vertex 0.474865 0.353048 0
    endloop
  endfacet
  facet normal 0 0 -1
    outer loop
      vertex 0.465471 0.354136 0
      vertex 0.470149 0.353494 0
      vertex 0.470149 0.353395 0
    endloop
  endfacet
  facet normal 0 0 -1
    outer loop
      vertex 0.465471 0.354136 0
      vertex 0.465471 0.354235 0
      vertex 0.470149 0.353494 0
    endloop
  endfacet
  facet normal 0 0 -1
    outer loop
      vertex 0.460848 0.355168 0
      vertex 0.465471 0.354235 0
      vertex 0.465471 0.354136 0
    endloop
  endfacet
  facet normal 0 0 -1
    outer loop
      vertex 0.460848 0.355168 0
      vertex 0.460848 0.355268 0
      vertex 0.465471 0.354235 0
    endloop
  endfacet
  facet normal 0 0 -1
    outer loop
      vertex 0.4563 0.35649 0
      vertex 0.460848 0.355268 0
      vertex 0.460848 0.355168 0
    endloop
  endfacet
  facet normal 0 0 -1
    outer loop
      vertex 0.4563 0.35649 0
      vertex 0.4563 0.35659 0
      vertex 0.460848 0.355268 0
    endloop
  endfacet
  facet normal 0 0 -1
    outer loop
      vertex 0.451843 0.358094 0
      vertex 0.4563 0.35659 0
      vertex 0.4563 0.35649 0
    endloop
  endfacet
  facet normal 0 0 -1
    outer loop
      vertex 0.451843 0.358094 0
      vertex 0.451843 0.358194 0
      vertex 0.4563 0.35659 0
    endloop
  endfacet
  facet normal 0 0 -1
    outer loop
      vertex 0.447495 0.359976 0
      vertex 0.451843 0.358194 0
      vertex 0.451843 0.358094 0
    endloop
  endfacet
  facet normal 0 0 -1
    outer loop
      vertex 0.447495 0.359976 0
      vertex 0.447495 0.360076 0
      vertex 0.451843 0.358194 0
    endloop
  endfacet
  facet normal 0 0 -1
    outer loop
      vertex 0.443275 0.362126 0
      vertex 0.447495 0.360076 0
      vertex 0.447495 0.359976 0
    endloop
  endfacet
  facet normal 0 0 -1
    outer loop
      vertex 0.443275 0.362126 0
      vertex 0.443275 0.362226 0
      vertex 0.447495 0.360076 0
    endloop
  endfacet
  facet normal 0 0 -1
    outer loop
      vertex 0.439198 0.364537 0
      vertex 0.443275 0.362226 0
      vertex 0.443275 0.362126 0
    endloop
  endfacet
  facet normal 0 0 -1
    outer loop
      vertex 0.439198 0.364537 0
      vertex 0.439198 0.364637 0
      vertex 0.443275 0.362226 0
    endloop
  endfacet
  facet normal 0 0 -1
    outer loop
      vertex 0.435281 0.3672 0
      vertex 0.439198 0.364637 0
      vertex 0.439198 0.364537 0
    endloop
  endfacet
  facet normal 0 0 -1
    outer loop
      vertex 0.435281 0.3672 0
      vertex 0.435281 0.3673 0
      vertex 0.439198 0.364637 0
    endloop
  endfacet
  facet normal 0 0 -1
    outer loop
      vertex 0.431538 0.370103 0
      vertex 0.435281 0.3673 0
      vertex 0.435281 0.3672 0
    endloop
  endfacet
  facet normal 0 0 -1
    outer loop
      vertex 0.431538 0.370103 0
      vertex 0.431538 0.370203 0
      vertex 0.435281 0.3673 0
    endloop
  endfacet
  facet normal 0 0 -1
    outer loop
      vertex 0.427984 0.373236 0
      vertex 0.431538 0.370203 0
      vertex 0.431538 0.370103 0
    endloop
  endfacet
  facet normal 0 0 -1
    outer loop
      vertex 0.427984 0.373236 0
      vertex 0.427984 0.373335 0
      vertex 0.431538 0.370203 0
    endloop
  endfacet
  facet normal 0 0 -1
    outer loop
      vertex 0.424635 0.376585 0
      vertex 0.427984 0.373335 0
      vertex 0.427984 0.373236 0
    endloop
  endfacet
  facet normal 0 0 -1
    outer loop
      vertex 0.424635 0.376585 0
      vertex 0.424635 0.376685 0
      vertex 0.427984 0.373335 0
    endloop
  endfacet
  facet normal 0 0 -1
    outer loop
      vertex 0.421503 0.380137 0
      vertex 0.424635 0.376685 0
      vertex 0.424635 0.376585 0
    endloop
  endfacet
  facet normal 0 0 -1
    outer loop
      vertex 0.421503 0.380137 0
      vertex 0.421503 0.380238 0
      vertex 0.424635 0.376685 0
    endloop
  endfacet
  facet normal 0 0 -1
    outer loop
      vertex 0.4186 0.383881 0
      vertex 0.421503 0.380238 0
      vertex 0.421503 0.380137 0
    endloop
  endfacet
  facet normal 0 0 -1
    outer loop
      vertex 0.4186 0.383881 0
      vertex 0.4186 0.383981 0
      vertex 0.421503 0.380238 0
    endloop
  endfacet
  facet normal 0 0 -1
    outer loop
      vertex 0.415937 0.387798 0
      vertex 0.4186 0.383981 0
      vertex 0.4186 0.383881 0
    endloop
  endfacet
  facet normal 0 0 -1
    outer loop
      vertex 0.415937 0.387798 0
      vertex 0.415937 0.387898 0
      vertex 0.4186 0.383981 0
    endloop
  endfacet
  facet normal 0 0 -1
    outer loop
      vertex 0.413526 0.391875 0
      vertex 0.415937 0.387898 0
      vertex 0.415937 0.387798 0
    endloop
  endfacet
  facet normal 0 0 -1
    outer loop
      vertex 0.413526 0.391875 0
      vertex 0.413526 0.391975 0
      vertex 0.415937 0.387898 0
    endloop
  endfacet
  facet normal 0 0 -1
    outer loop
      vertex 0.411376 0.396096 0
      vertex 0.413526 0.391975 0
      vertex 0.413526 0.391875 0
    endloop
  endfacet
  facet normal 0 0 -1
    outer loop
      vertex 0.411376 0.396096 0
      vertex 0.411376 0.396195 0
      vertex 0.413526 0.391975 0
    endloop
  endfacet
  facet normal 0 0 -1
    outer loop
      vertex 0.409494 0.400443 0
      vertex 0.411376 0.396195 0
      vertex 0.411376 0.396096 0
    endloop
  endfacet
  facet normal 0 0 -1
    outer loop
      vertex 0.409494 0.400443 0
      vertex 0.409494 0.400543 0
      vertex 0.411376 0.396195 0
    endloop
  endfacet
  facet normal 0 0 -1
    outer loop
      vertex 0.40789 0.4049 0
      vertex 0.409494 0.400543 0
      vertex 0.409494 0.400443 0
    endloop
  endfacet
  facet normal 0 0 -1
    outer loop
      vertex 0.40789 0.4049 0
      vertex 0.40789 0.405 0
      vertex 0.409494 0.400543 0
    endloop
  endfacet
  facet normal 0 0 -1
    outer loop
      vertex 0.406569 0.409449 0
      vertex 0.40789 0.405 0
      vertex 0.40789 0.4049 0
    endloop
  endfacet
  facet normal 0 0 -1
    outer loop
      vertex 0.406569 0.409449 0
      vertex 0.406569 0.409549 0
      vertex 0.40789 0.405 0
    endloop
  endfacet
  facet normal 0 0 -1
    outer loop
      vertex 0.405535 0.414071 0
      vertex 0.406569 0.409549 0
      vertex 0.406569 0.409449 0
    endloop
  endfacet
  facet normal 0 0 -1
    outer loop
      vertex 0.405535 0.414071 0
      vertex 0.405535 0.414171 0
      vertex 0.406569 0.409549 0
    endloop
  endfacet
  facet normal 0 0 -1
    outer loop
      vertex 0.404794 0.41875 0
      vertex 0.405535 0.414171 0
      vertex 0.405535 0.414071 0
    endloop
  endfacet
  facet normal 0 0 -1
    outer loop
      vertex 0.404794 0.41875 0
      vertex 0.404794 0.418849 0
      vertex 0.405535 0.414171 0
    endloop
  endfacet
  facet normal 0 0 -1
    outer loop
      vertex 0.404348 0.423465 0
      vertex 0.404794 0.418849 0
      vertex 0.404794 0.41875 0
    endloop
  endfacet
  facet normal 0 0 -1
    outer loop
      vertex 0.404348 0.423465 0
      vertex 0.404348 0.423565 0
      vertex 0.404794 0.418849 0
    endloop
  endfacet
  facet normal 0 0 -1
    outer loop
      vertex 0.4042 0.4282 0
      vertex 0.404348 0.423565 0
      vertex 0.404348 0.423465 0
    endloop
  endfacet
  facet normal 0 0 -1
    outer loop
      vertex 0.404348 0.423565 0
      vertex 0.4042 0.4282 0
      vertex 0.404201 0.42825 0
    endloop
  endfacet
  facet normal -0.960312 0.27893 0
    outer loop
      vertex 0.406569 0.446951 0.171797
      vertex 0.40789 0.451499 0.1718
      vertex 0.40789 0.451499 0.171797
    endloop
  endfacet
  facet normal -0.960312 0.27893 0
    outer loop
      vertex 0.40789 0.451499 0.1718
      vertex 0.406569 0.446951 0.171797
      vertex 0.406569 0.446951 0.1718
    endloop
  endfacet
  facet normal -0.960312 0.27893 0
    outer loop
      vertex 0.406569 0.446951 0.0205994
      vertex 0.40789 0.451499 0.15118
      vertex 0.40789 0.451499 0.0205994
    endloop
  endfacet
  facet normal -0.960312 0.27893 0
    outer loop
      vertex 0.40789 0.451499 0.15118
      vertex 0.406569 0.446951 0.0205994
      vertex 0.406569 0.446951 0.15118
    endloop
  endfacet
  facet normal -0.940922 0.338622 0
    outer loop
      vertex 0.40789 0.451499 0.171797
      vertex 0.409494 0.455956 0.1718
      vertex 0.409494 0.455956 0.171797
    endloop
  endfacet
  facet normal -0.940922 0.338622 0
    outer loop
      vertex 0.409494 0.455956 0.1718
      vertex 0.40789 0.451499 0.171797
      vertex 0.40789 0.451499 0.1718
    endloop
  endfacet
  facet normal -0.940922 0.338622 0
    outer loop
      vertex 0.40789 0.451499 0.0205994
      vertex 0.409494 0.455956 0.15118
      vertex 0.409494 0.455956 0.0205994
    endloop
  endfacet
  facet normal -0.940922 0.338622 0
    outer loop
      vertex 0.409494 0.455956 0.15118
      vertex 0.40789 0.451499 0.0205994
      vertex 0.40789 0.451499 0.15118
    endloop
  endfacet
  facet normal -0.987686 0.15645 0
    outer loop
      vertex 0.404794 0.43765 0.171797
      vertex 0.405535 0.442328 0.1718
      vertex 0.405535 0.442328 0.171797
    endloop
  endfacet
  facet normal -0.987686 0.15645 0
    outer loop
      vertex 0.405535 0.442328 0.1718
      vertex 0.404794 0.43765 0.171797
      vertex 0.404794 0.43765 0.1718
    endloop
  endfacet
  facet normal -0.987686 0.15645 0
    outer loop
      vertex 0.404794 0.43765 0.0205994
      vertex 0.405535 0.442328 0.15118
      vertex 0.405535 0.442328 0.0205994
    endloop
  endfacet
  facet normal -0.987686 0.15645 0
    outer loop
      vertex 0.405535 0.442328 0.15118
      vertex 0.404794 0.43765 0.0205994
      vertex 0.404794 0.43765 0.15118
    endloop
  endfacet
  facet normal -0.999512 0.0312479 0
    outer loop
      vertex 0.4042 0.4282 0.171797
      vertex 0.404348 0.432934 0.1718
      vertex 0.404348 0.432934 0.171797
    endloop
  endfacet
  facet normal -0.999512 0.0312479 0
    outer loop
      vertex 0.404348 0.432934 0.1718
      vertex 0.4042 0.4282 0.171797
      vertex 0.4042 0.4282 0.1718
    endloop
  endfacet
  facet normal -0.9998 0.019996 0
    outer loop
      vertex 0.404201 0.42825 0
      vertex 0.4042 0.4282 0
      vertex 0.404201 0.42825 0.0205994
    endloop
  endfacet
  facet normal -0.999508 0.031368 0
    outer loop
      vertex 0.404201 0.42825 0.0205994
      vertex 0.404348 0.432934 0.15118
      vertex 0.404348 0.432934 0.0205994
    endloop
  endfacet
  facet normal -0.999512 0.0312479 4.31063e-06
    outer loop
      vertex 0.404201 0.42825 0.0205994
      vertex 0.4042 0.4282 0.15118
      vertex 0.404348 0.432934 0.15118
    endloop
  endfacet
  facet normal -0.9998 0.019996 0
    outer loop
      vertex 0.4042 0.4282 0.15118
      vertex 0.404201 0.42825 0.0205994
      vertex 0.4042 0.4282 0
    endloop
  endfacet
  facet normal 0 0 1
    outer loop
      vertex 0.554851 0.432934 0.1718
      vertex 0.554851 0.423465 0.1718
      vertex 0.554999 0.4282 0.1718
    endloop
  endfacet
  facet normal 0 0 1
    outer loop
      vertex 0.554405 0.43765 0.1718
      vertex 0.554851 0.423465 0.1718
      vertex 0.554851 0.432934 0.1718
    endloop
  endfacet
  facet normal 0 0 1
    outer loop
      vertex 0.554405 0.43765 0.1718
      vertex 0.554405 0.41875 0.1718
      vertex 0.554851 0.423465 0.1718
    endloop
  endfacet
  facet normal 0 0 1
    outer loop
      vertex 0.553664 0.442328 0.1718
      vertex 0.554405 0.41875 0.1718
      vertex 0.554405 0.43765 0.1718
    endloop
  endfacet
  facet normal 0 0 1
    outer loop
      vertex 0.553664 0.442328 0.1718
      vertex 0.553664 0.414071 0.1718
      vertex 0.554405 0.41875 0.1718
    endloop
  endfacet
  facet normal 0 0 1
    outer loop
      vertex 0.55263 0.446951 0.1718
      vertex 0.553664 0.414071 0.1718
      vertex 0.553664 0.442328 0.1718
    endloop
  endfacet
  facet normal 0 0 1
    outer loop
      vertex 0.55263 0.446951 0.1718
      vertex 0.55263 0.409449 0.1718
      vertex 0.553664 0.414071 0.1718
    endloop
  endfacet
  facet normal 0 0 1
    outer loop
      vertex 0.55131 0.451499 0.1718
      vertex 0.55263 0.409449 0.1718
      vertex 0.55263 0.446951 0.1718
    endloop
  endfacet
  facet normal 0 0 1
    outer loop
      vertex 0.55131 0.451499 0.1718
      vertex 0.55131 0.4049 0.1718
      vertex 0.55263 0.409449 0.1718
    endloop
  endfacet
  facet normal 0 0 1
    outer loop
      vertex 0.549705 0.455956 0.1718
      vertex 0.55131 0.4049 0.1718
      vertex 0.55131 0.451499 0.1718
    endloop
  endfacet
  facet normal 0 0 1
    outer loop
      vertex 0.549705 0.455956 0.1718
      vertex 0.549705 0.400443 0.1718
      vertex 0.55131 0.4049 0.1718
    endloop
  endfacet
  facet normal 0 0 1
    outer loop
      vertex 0.547824 0.460303 0.1718
      vertex 0.549705 0.400443 0.1718
      vertex 0.549705 0.455956 0.1718
    endloop
  endfacet
  facet normal 0 0 1
    outer loop
      vertex 0.547824 0.460303 0.1718
      vertex 0.547824 0.396096 0.1718
      vertex 0.549705 0.400443 0.1718
    endloop
  endfacet
  facet normal 0 0 1
    outer loop
      vertex 0.545673 0.464523 0.1718
      vertex 0.547824 0.396096 0.1718
      vertex 0.547824 0.460303 0.1718
    endloop
  endfacet
  facet normal 0 0 1
    outer loop
      vertex 0.545673 0.464523 0.1718
      vertex 0.545673 0.391875 0.1718
      vertex 0.547824 0.396096 0.1718
    endloop
  endfacet
  facet normal 0 0 1
    outer loop
      vertex 0.543262 0.468601 0.1718
      vertex 0.545673 0.391875 0.1718
      vertex 0.545673 0.464523 0.1718
    endloop
  endfacet
  facet normal 0 0 1
    outer loop
      vertex 0.543262 0.468601 0.1718
      vertex 0.543262 0.387798 0.1718
      vertex 0.545673 0.391875 0.1718
    endloop
  endfacet
  facet normal 0 0 1
    outer loop
      vertex 0.5406 0.472519 0.1718
      vertex 0.543262 0.387798 0.1718
      vertex 0.543262 0.468601 0.1718
    endloop
  endfacet
  facet normal 0 0 1
    outer loop
      vertex 0.5406 0.472519 0.1718
      vertex 0.5406 0.383881 0.1718
      vertex 0.543262 0.387798 0.1718
    endloop
  endfacet
  facet normal 0 0 1
    outer loop
      vertex 0.537696 0.476261 0.1718
      vertex 0.5406 0.383881 0.1718
      vertex 0.5406 0.472519 0.1718
    endloop
  endfacet
  facet normal 0 0 1
    outer loop
      vertex 0.537696 0.476261 0.1718
      vertex 0.537696 0.380137 0.1718
      vertex 0.5406 0.383881 0.1718
    endloop
  endfacet
  facet normal 0 0 1
    outer loop
      vertex 0.534564 0.479815 0.1718
      vertex 0.537696 0.380137 0.1718
      vertex 0.537696 0.476261 0.1718
    endloop
  endfacet
  facet normal 0 0 1
    outer loop
      vertex 0.534564 0.479815 0.1718
      vertex 0.534564 0.376585 0.1718
      vertex 0.537696 0.380137 0.1718
    endloop
  endfacet
  facet normal 0 0 1
    outer loop
      vertex 0.531215 0.483164 0.1718
      vertex 0.534564 0.376585 0.1718
      vertex 0.534564 0.479815 0.1718
    endloop
  endfacet
  facet normal 0 0 1
    outer loop
      vertex 0.531215 0.483164 0.1718
      vertex 0.531215 0.373236 0.1718
      vertex 0.534564 0.376585 0.1718
    endloop
  endfacet
  facet normal 0 0 1
    outer loop
      vertex 0.527661 0.486297 0.1718
      vertex 0.531215 0.373236 0.1718
      vertex 0.531215 0.483164 0.1718
    endloop
  endfacet
  facet normal 0 0 1
    outer loop
      vertex 0.527661 0.486297 0.1718
      vertex 0.527661 0.370103 0.1718
      vertex 0.531215 0.373236 0.1718
    endloop
  endfacet
  facet normal 0 0 1
    outer loop
      vertex 0.523918 0.4892 0.1718
      vertex 0.527661 0.370103 0.1718
      vertex 0.527661 0.486297 0.1718
    endloop
  endfacet
  facet normal 0 0 1
    outer loop
      vertex 0.523918 0.4892 0.1718
      vertex 0.523918 0.3672 0.1718
      vertex 0.527661 0.370103 0.1718
    endloop
  endfacet
  facet normal 0 0 1
    outer loop
      vertex 0.52 0.491862 0.1718
      vertex 0.523918 0.3672 0.1718
      vertex 0.523918 0.4892 0.1718
    endloop
  endfacet
  facet normal 0 0 1
    outer loop
      vertex 0.52 0.491862 0.1718
      vertex 0.52 0.364537 0.1718
      vertex 0.523918 0.3672 0.1718
    endloop
  endfacet
  facet normal 0 0 1
    outer loop
      vertex 0.515924 0.494273 0.1718
      vertex 0.52 0.364537 0.1718
      vertex 0.52 0.491862 0.1718
    endloop
  endfacet
  facet normal 0 0 1
    outer loop
      vertex 0.515924 0.494273 0.1718
      vertex 0.515924 0.362126 0.1718
      vertex 0.52 0.364537 0.1718
    endloop
  endfacet
  facet normal 0 0 1
    outer loop
      vertex 0.511703 0.496424 0.1718
      vertex 0.515924 0.362126 0.1718
      vertex 0.515924 0.494273 0.1718
    endloop
  endfacet
  facet normal 0 0 1
    outer loop
      vertex 0.511703 0.496424 0.1718
      vertex 0.511703 0.359976 0.1718
      vertex 0.515924 0.362126 0.1718
    endloop
  endfacet
  facet normal 0 0 1
    outer loop
      vertex 0.507356 0.498304 0.1718
      vertex 0.511703 0.359976 0.1718
      vertex 0.511703 0.496424 0.1718
    endloop
  endfacet
  facet normal 0 0 1
    outer loop
      vertex 0.507356 0.498304 0.1718
      vertex 0.507356 0.358094 0.1718
      vertex 0.511703 0.359976 0.1718
    endloop
  endfacet
  facet normal 0 0 1
    outer loop
      vertex 0.502899 0.499909 0.1718
      vertex 0.507356 0.358094 0.1718
      vertex 0.507356 0.498304 0.1718
    endloop
  endfacet
  facet normal 0 0 1
    outer loop
      vertex 0.502899 0.499909 0.1718
      vertex 0.502899 0.35649 0.1718
      vertex 0.507356 0.358094 0.1718
    endloop
  endfacet
  facet normal 0 0 1
    outer loop
      vertex 0.498351 0.50123 0.1718
      vertex 0.502899 0.35649 0.1718
      vertex 0.502899 0.499909 0.1718
    endloop
  endfacet
  facet normal 0 0 1
    outer loop
      vertex 0.498351 0.50123 0.1718
      vertex 0.498351 0.355168 0.1718
      vertex 0.502899 0.35649 0.1718
    endloop
  endfacet
  facet normal 0 0 1
    outer loop
      vertex 0.493728 0.502264 0.1718
      vertex 0.498351 0.355168 0.1718
      vertex 0.498351 0.50123 0.1718
    endloop
  endfacet
  facet normal 0 0 1
    outer loop
      vertex 0.493728 0.502264 0.1718
      vertex 0.493728 0.354136 0.1718
      vertex 0.498351 0.355168 0.1718
    endloop
  endfacet
  facet normal 0 0 1
    outer loop
      vertex 0.48905 0.503005 0.1718
      vertex 0.493728 0.354136 0.1718
      vertex 0.493728 0.502264 0.1718
    endloop
  endfacet
  facet normal 0 0 1
    outer loop
      vertex 0.48905 0.503005 0.1718
      vertex 0.48905 0.353395 0.1718
      vertex 0.493728 0.354136 0.1718
    endloop
  endfacet
  facet normal 0 0 1
    outer loop
      vertex 0.484334 0.50345 0.1718
      vertex 0.48905 0.353395 0.1718
      vertex 0.48905 0.503005 0.1718
    endloop
  endfacet
  facet normal 0 0 1
    outer loop
      vertex 0.484334 0.50345 0.1718
      vertex 0.484334 0.352948 0.1718
      vertex 0.48905 0.353395 0.1718
    endloop
  endfacet
  facet normal 0 0 1
    outer loop
      vertex 0.4796 0.503599 0.1718
      vertex 0.484334 0.352948 0.1718
      vertex 0.484334 0.50345 0.1718
    endloop
  endfacet
  facet normal 0 0 1
    outer loop
      vertex 0.4796 0.503599 0.1718
      vertex 0.4796 0.352799 0.1718
      vertex 0.484334 0.352948 0.1718
    endloop
  endfacet
  facet normal -0 0 1
    outer loop
      vertex 0.474865 0.50345 0.1718
      vertex 0.4796 0.352799 0.1718
      vertex 0.4796 0.503599 0.1718
    endloop
  endfacet
  facet normal 0 0 1
    outer loop
      vertex 0.474865 0.50345 0.1718
      vertex 0.474865 0.352948 0.1718
      vertex 0.4796 0.352799 0.1718
    endloop
  endfacet
  facet normal -0 0 1
    outer loop
      vertex 0.470149 0.503005 0.1718
      vertex 0.474865 0.352948 0.1718
      vertex 0.474865 0.50345 0.1718
    endloop
  endfacet
  facet normal 0 0 1
    outer loop
      vertex 0.470149 0.503005 0.1718
      vertex 0.470149 0.353395 0.1718
      vertex 0.474865 0.352948 0.1718
    endloop
  endfacet
  facet normal -0 0 1
    outer loop
      vertex 0.465471 0.502264 0.1718
      vertex 0.470149 0.353395 0.1718
      vertex 0.470149 0.503005 0.1718
    endloop
  endfacet
  facet normal 0 0 1
    outer loop
      vertex 0.465471 0.502264 0.1718
      vertex 0.465471 0.354136 0.1718
      vertex 0.470149 0.353395 0.1718
    endloop
  endfacet
  facet normal -0 0 1
    outer loop
      vertex 0.460848 0.50123 0.1718
      vertex 0.465471 0.354136 0.1718
      vertex 0.465471 0.502264 0.1718
    endloop
  endfacet
  facet normal 0 0 1
    outer loop
      vertex 0.460848 0.50123 0.1718
      vertex 0.460848 0.355168 0.1718
      vertex 0.465471 0.354136 0.1718
    endloop
  endfacet
  facet normal -0 0 1
    outer loop
      vertex 0.4563 0.499909 0.1718
      vertex 0.460848 0.355168 0.1718
      vertex 0.460848 0.50123 0.1718
    endloop
  endfacet
  facet normal 0 0 1
    outer loop
      vertex 0.4563 0.499909 0.1718
      vertex 0.4563 0.35649 0.1718
      vertex 0.460848 0.355168 0.1718
    endloop
  endfacet
  facet normal -0 0 1
    outer loop
      vertex 0.451843 0.498304 0.1718
      vertex 0.4563 0.35649 0.1718
      vertex 0.4563 0.499909 0.1718
    endloop
  endfacet
  facet normal 0 0 1
    outer loop
      vertex 0.451843 0.498304 0.1718
      vertex 0.451843 0.358094 0.1718
      vertex 0.4563 0.35649 0.1718
    endloop
  endfacet
  facet normal -0 0 1
    outer loop
      vertex 0.447495 0.496424 0.1718
      vertex 0.451843 0.358094 0.1718
      vertex 0.451843 0.498304 0.1718
    endloop
  endfacet
  facet normal 0 0 1
    outer loop
      vertex 0.447495 0.496424 0.1718
      vertex 0.447495 0.359976 0.1718
      vertex 0.451843 0.358094 0.1718
    endloop
  endfacet
  facet normal -0 0 1
    outer loop
      vertex 0.443275 0.494273 0.1718
      vertex 0.447495 0.359976 0.1718
      vertex 0.447495 0.496424 0.1718
    endloop
  endfacet
  facet normal 0 0 1
    outer loop
      vertex 0.443275 0.494273 0.1718
      vertex 0.443275 0.362126 0.1718
      vertex 0.447495 0.359976 0.1718
    endloop
  endfacet
  facet normal -0 0 1
    outer loop
      vertex 0.439198 0.491862 0.1718
      vertex 0.443275 0.362126 0.1718
      vertex 0.443275 0.494273 0.1718
    endloop
  endfacet
  facet normal 0 0 1
    outer loop
      vertex 0.439198 0.491862 0.1718
      vertex 0.439198 0.364537 0.1718
      vertex 0.443275 0.362126 0.1718
    endloop
  endfacet
  facet normal -0 0 1
    outer loop
      vertex 0.435281 0.4892 0.1718
      vertex 0.439198 0.364537 0.1718
      vertex 0.439198 0.491862 0.1718
    endloop
  endfacet
  facet normal 0 0 1
    outer loop
      vertex 0.435281 0.4892 0.1718
      vertex 0.435281 0.3672 0.1718
      vertex 0.439198 0.364537 0.1718
    endloop
  endfacet
  facet normal -0 0 1
    outer loop
      vertex 0.431538 0.486297 0.1718
      vertex 0.435281 0.3672 0.1718
      vertex 0.435281 0.4892 0.1718
    endloop
  endfacet
  facet normal 0 0 1
    outer loop
      vertex 0.431538 0.486297 0.1718
      vertex 0.431538 0.370103 0.1718
      vertex 0.435281 0.3672 0.1718
    endloop
  endfacet
  facet normal -0 0 1
    outer loop
      vertex 0.427984 0.483164 0.1718
      vertex 0.431538 0.370103 0.1718
      vertex 0.431538 0.486297 0.1718
    endloop
  endfacet
  facet normal 0 0 1
    outer loop
      vertex 0.427984 0.483164 0.1718
      vertex 0.427984 0.373236 0.1718
      vertex 0.431538 0.370103 0.1718
    endloop
  endfacet
  facet normal -0 0 1
    outer loop
      vertex 0.424635 0.479815 0.1718
      vertex 0.427984 0.373236 0.1718
      vertex 0.427984 0.483164 0.1718
    endloop
  endfacet
  facet normal 0 0 1
    outer loop
      vertex 0.424635 0.479815 0.1718
      vertex 0.424635 0.376585 0.1718
      vertex 0.427984 0.373236 0.1718
    endloop
  endfacet
  facet normal -0 0 1
    outer loop
      vertex 0.421503 0.476261 0.1718
      vertex 0.424635 0.376585 0.1718
      vertex 0.424635 0.479815 0.1718
    endloop
  endfacet
  facet normal 0 0 1
    outer loop
      vertex 0.421503 0.476261 0.1718
      vertex 0.421503 0.380137 0.1718
      vertex 0.424635 0.376585 0.1718
    endloop
  endfacet
  facet normal -0 0 1
    outer loop
      vertex 0.4186 0.472519 0.1718
      vertex 0.421503 0.380137 0.1718
      vertex 0.421503 0.476261 0.1718
    endloop
  endfacet
  facet normal 0 0 1
    outer loop
      vertex 0.4186 0.472519 0.1718
      vertex 0.4186 0.383881 0.1718
      vertex 0.421503 0.380137 0.1718
    endloop
  endfacet
  facet normal -0 0 1
    outer loop
      vertex 0.415937 0.468601 0.1718
      vertex 0.4186 0.383881 0.1718
      vertex 0.4186 0.472519 0.1718
    endloop
  endfacet
  facet normal 0 0 1
    outer loop
      vertex 0.415937 0.468601 0.1718
      vertex 0.415937 0.387798 0.1718
      vertex 0.4186 0.383881 0.1718
    endloop
  endfacet
  facet normal -0 0 1
    outer loop
      vertex 0.413526 0.464523 0.1718
      vertex 0.415937 0.387798 0.1718
      vertex 0.415937 0.468601 0.1718
    endloop
  endfacet
  facet normal 0 0 1
    outer loop
      vertex 0.413526 0.464523 0.1718
      vertex 0.413526 0.391875 0.1718
      vertex 0.415937 0.387798 0.1718
    endloop
  endfacet
  facet normal -0 0 1
    outer loop
      vertex 0.411376 0.460303 0.1718
      vertex 0.413526 0.391875 0.1718
      vertex 0.413526 0.464523 0.1718
    endloop
  endfacet
  facet normal 0 0 1
    outer loop
      vertex 0.411376 0.460303 0.1718
      vertex 0.411376 0.396096 0.1718
      vertex 0.413526 0.391875 0.1718
    endloop
  endfacet
  facet normal -0 0 1
    outer loop
      vertex 0.409494 0.455956 0.1718
      vertex 0.411376 0.396096 0.1718
      vertex 0.411376 0.460303 0.1718
    endloop
  endfacet
  facet normal 0 0 1
    outer loop
      vertex 0.409494 0.455956 0.1718
      vertex 0.409494 0.400443 0.1718
      vertex 0.411376 0.396096 0.1718
    endloop
  endfacet
  facet normal -0 0 1
    outer loop
      vertex 0.40789 0.451499 0.1718
      vertex 0.409494 0.400443 0.1718
      vertex 0.409494 0.455956 0.1718
    endloop
  endfacet
  facet normal 0 0 1
    outer loop
      vertex 0.40789 0.451499 0.1718
      vertex 0.40789 0.4049 0.1718
      vertex 0.409494 0.400443 0.1718
    endloop
  endfacet
  facet normal -0 0 1
    outer loop
      vertex 0.406569 0.446951 0.1718
      vertex 0.40789 0.4049 0.1718
      vertex 0.40789 0.451499 0.1718
    endloop
  endfacet
  facet normal 0 0 1
    outer loop
      vertex 0.406569 0.446951 0.1718
      vertex 0.406569 0.409449 0.1718
      vertex 0.40789 0.4049 0.1718
    endloop
  endfacet
  facet normal -0 0 1
    outer loop
      vertex 0.405535 0.442328 0.1718
      vertex 0.406569 0.409449 0.1718
      vertex 0.406569 0.446951 0.1718
    endloop
  endfacet
  facet normal 0 0 1
    outer loop
      vertex 0.405535 0.442328 0.1718
      vertex 0.405535 0.414071 0.1718
      vertex 0.406569 0.409449 0.1718
    endloop
  endfacet
  facet normal -0 0 1
    outer loop
      vertex 0.404794 0.43765 0.1718
      vertex 0.405535 0.414071 0.1718
      vertex 0.405535 0.442328 0.1718
    endloop
  endfacet
  facet normal 0 0 1
    outer loop
      vertex 0.404794 0.43765 0.1718
      vertex 0.404794 0.41875 0.1718
      vertex 0.405535 0.414071 0.1718
    endloop
  endfacet
  facet normal -0 0 1
    outer loop
      vertex 0.404348 0.432934 0.1718
      vertex 0.404794 0.41875 0.1718
      vertex 0.404794 0.43765 0.1718
    endloop
  endfacet
  facet normal 0 0 1
    outer loop
      vertex 0.404348 0.432934 0.1718
      vertex 0.404348 0.423465 0.1718
      vertex 0.404794 0.41875 0.1718
    endloop
  endfacet
  facet normal 0 -0 1
    outer loop
      vertex 0.404348 0.423465 0.1718
      vertex 0.404348 0.432934 0.1718
      vertex 0.4042 0.4282 0.1718
    endloop
  endfacet
  facet normal -0.891023 0.453957 0
    outer loop
      vertex 0.411376 0.460303 0.171797
      vertex 0.413526 0.464523 0.1718
      vertex 0.413526 0.464523 0.171797
    endloop
  endfacet
  facet normal -0.891023 0.453957 0
    outer loop
      vertex 0.413526 0.464523 0.1718
      vertex 0.411376 0.460303 0.171797
      vertex 0.411376 0.460303 0.1718
    endloop
  endfacet
  facet normal -0.891023 0.453957 0
    outer loop
      vertex 0.411376 0.460303 0.0205994
      vertex 0.413526 0.464523 0.15118
      vertex 0.413526 0.464523 0.0205994
    endloop
  endfacet
  facet normal -0.891023 0.453957 0
    outer loop
      vertex 0.413526 0.464523 0.15118
      vertex 0.411376 0.460303 0.0205994
      vertex 0.411376 0.460303 0.15118
    endloop
  endfacet
  facet normal -0.790113 0.612961 0
    outer loop
      vertex 0.4186 0.472519 0.171797
      vertex 0.421503 0.476261 0.1718
      vertex 0.421503 0.476261 0.171797
    endloop
  endfacet
  facet normal -0.790113 0.612961 0
    outer loop
      vertex 0.421503 0.476261 0.1718
      vertex 0.4186 0.472519 0.171797
      vertex 0.4186 0.472519 0.1718
    endloop
  endfacet
  facet normal -0.790113 0.612961 0
    outer loop
      vertex 0.4186 0.472519 0.0205994
      vertex 0.421503 0.476261 0.15118
      vertex 0.421503 0.476261 0.0205994
    endloop
  endfacet
  facet normal -0.790113 0.612961 0
    outer loop
      vertex 0.421503 0.476261 0.15118
      vertex 0.4186 0.472519 0.0205994
      vertex 0.4186 0.472519 0.15118
    endloop
  endfacet
  facet normal -0.338809 0.940855 0
    outer loop
      vertex 0.4563 0.499909 0.171797
      vertex 0.451843 0.498304 0.1718
      vertex 0.4563 0.499909 0.1718
    endloop
  endfacet
  facet normal -0.338809 0.940855 0
    outer loop
      vertex 0.451843 0.498304 0.1718
      vertex 0.4563 0.499909 0.171797
      vertex 0.451843 0.498304 0.171797
    endloop
  endfacet
  facet normal -0.338809 0.940855 0
    outer loop
      vertex 0.4563 0.499909 0.0205994
      vertex 0.451843 0.498304 0.15118
      vertex 0.4563 0.499909 0.15118
    endloop
  endfacet
  facet normal -0.338809 0.940855 0
    outer loop
      vertex 0.451843 0.498304 0.15118
      vertex 0.4563 0.499909 0.0205994
      vertex 0.451843 0.498304 0.0205994
    endloop
  endfacet
  facet normal -0.15645 0.987686 0
    outer loop
      vertex 0.470149 0.503005 0.171797
      vertex 0.465471 0.502264 0.1718
      vertex 0.470149 0.503005 0.1718
    endloop
  endfacet
  facet normal -0.15645 0.987686 0
    outer loop
      vertex 0.465471 0.502264 0.1718
      vertex 0.470149 0.503005 0.171797
      vertex 0.465471 0.502264 0.171797
    endloop
  endfacet
  facet normal -0.15645 0.987686 0
    outer loop
      vertex 0.470149 0.503005 0.0205994
      vertex 0.465471 0.502264 0.15118
      vertex 0.470149 0.503005 0.15118
    endloop
  endfacet
  facet normal -0.15645 0.987686 0
    outer loop
      vertex 0.465471 0.502264 0.15118
      vertex 0.470149 0.503005 0.0205994
      vertex 0.465471 0.502264 0.0205994
    endloop
  endfacet
  facet normal -0.454125 0.890938 0
    outer loop
      vertex 0.447495 0.496424 0.171797
      vertex 0.443275 0.494273 0.1718
      vertex 0.447495 0.496424 0.1718
    endloop
  endfacet
  facet normal -0.454125 0.890938 0
    outer loop
      vertex 0.443275 0.494273 0.1718
      vertex 0.447495 0.496424 0.171797
      vertex 0.443275 0.494273 0.171797
    endloop
  endfacet
  facet normal -0.454125 0.890938 0
    outer loop
      vertex 0.447495 0.496424 0.0205994
      vertex 0.443275 0.494273 0.15118
      vertex 0.447495 0.496424 0.15118
    endloop
  endfacet
  facet normal -0.454125 0.890938 0
    outer loop
      vertex 0.443275 0.494273 0.15118
      vertex 0.447495 0.496424 0.0205994
      vertex 0.443275 0.494273 0.0205994
    endloop
  endfacet
  facet normal -0.66128 0.75014 0
    outer loop
      vertex 0.431538 0.486297 0.171797
      vertex 0.427984 0.483164 0.1718
      vertex 0.431538 0.486297 0.1718
    endloop
  endfacet
  facet normal -0.66128 0.75014 0
    outer loop
      vertex 0.427984 0.483164 0.1718
      vertex 0.431538 0.486297 0.171797
      vertex 0.427984 0.483164 0.171797
    endloop
  endfacet
  facet normal -0.66128 0.75014 0
    outer loop
      vertex 0.431538 0.486297 0.0205994
      vertex 0.427984 0.483164 0.15118
      vertex 0.431538 0.486297 0.15118
    endloop
  endfacet
  facet normal -0.66128 0.75014 0
    outer loop
      vertex 0.427984 0.483164 0.15118
      vertex 0.431538 0.486297 0.0205994
      vertex 0.427984 0.483164 0.0205994
    endloop
  endfacet
  facet normal -0.707107 0.707107 0
    outer loop
      vertex 0.424635 0.479815 0.171797
      vertex 0.427984 0.483164 0.1718
      vertex 0.427984 0.483164 0.171797
    endloop
  endfacet
  facet normal -0.707107 0.707107 0
    outer loop
      vertex 0.427984 0.483164 0.1718
      vertex 0.424635 0.479815 0.171797
      vertex 0.424635 0.479815 0.1718
    endloop
  endfacet
  facet normal -0.707107 0.707107 0
    outer loop
      vertex 0.424635 0.479815 0.0205994
      vertex 0.427984 0.483164 0.15118
      vertex 0.427984 0.483164 0.0205994
    endloop
  endfacet
  facet normal -0.707107 0.707107 0
    outer loop
      vertex 0.427984 0.483164 0.15118
      vertex 0.424635 0.479815 0.0205994
      vertex 0.424635 0.479815 0.15118
    endloop
  endfacet
  facet normal 0.987691 -0.156418 0
    outer loop
      vertex 0.553664 0.414071 0.15118
      vertex 0.554405 0.41875 0
      vertex 0.554405 0.41875 0.15118
    endloop
  endfacet
  facet normal 0.987691 -0.156418 0
    outer loop
      vertex 0.554405 0.41875 0
      vertex 0.553664 0.414071 0.15118
      vertex 0.553664 0.414071 0
    endloop
  endfacet
  facet normal 0.987691 -0.156418 0
    outer loop
      vertex 0.553664 0.414071 0.1718
      vertex 0.554405 0.41875 0.171797
      vertex 0.554405 0.41875 0.1718
    endloop
  endfacet
  facet normal 0.987691 -0.156418 0
    outer loop
      vertex 0.554405 0.41875 0.171797
      vertex 0.553664 0.414071 0.1718
      vertex 0.553664 0.414071 0.171797
    endloop
  endfacet
  facet normal 0.15645 -0.987686 0
    outer loop
      vertex 0.48905 0.353395 0.171797
      vertex 0.493728 0.354136 0.1718
      vertex 0.48905 0.353395 0.1718
    endloop
  endfacet
  facet normal 0.15645 -0.987686 0
    outer loop
      vertex 0.493728 0.354136 0.1718
      vertex 0.48905 0.353395 0.171797
      vertex 0.493728 0.354136 0.171797
    endloop
  endfacet
  facet normal 0.15645 -0.987686 0
    outer loop
      vertex 0.48905 0.353395 0
      vertex 0.493728 0.354136 0.15118
      vertex 0.48905 0.353395 0.15118
    endloop
  endfacet
  facet normal 0.15645 -0.987686 0
    outer loop
      vertex 0.493728 0.354136 0.15118
      vertex 0.48905 0.353395 0
      vertex 0.493728 0.354136 0
    endloop
  endfacet
  facet normal 0.397305 -0.917687 0
    outer loop
      vertex 0.507356 0.358094 0.171797
      vertex 0.511703 0.359976 0.1718
      vertex 0.507356 0.358094 0.1718
    endloop
  endfacet
  facet normal 0.397305 -0.917687 0
    outer loop
      vertex 0.511703 0.359976 0.1718
      vertex 0.507356 0.358094 0.171797
      vertex 0.511703 0.359976 0.171797
    endloop
  endfacet
  facet normal 0.397305 -0.917687 0
    outer loop
      vertex 0.507356 0.358094 0
      vertex 0.511703 0.359976 0.15118
      vertex 0.507356 0.358094 0.15118
    endloop
  endfacet
  facet normal 0.397305 -0.917687 0
    outer loop
      vertex 0.511703 0.359976 0.15118
      vertex 0.507356 0.358094 0
      vertex 0.511703 0.359976 0
    endloop
  endfacet
  facet normal 0.279124 -0.960255 0
    outer loop
      vertex 0.498351 0.355168 0
      vertex 0.502899 0.35649 0.15118
      vertex 0.498351 0.355168 0.15118
    endloop
  endfacet
  facet normal 0.279124 -0.960255 0
    outer loop
      vertex 0.502899 0.35649 0.15118
      vertex 0.498351 0.355168 0
      vertex 0.502899 0.35649 0
    endloop
  endfacet
  facet normal 0.279124 -0.960255 0
    outer loop
      vertex 0.498351 0.355168 0.171797
      vertex 0.502899 0.35649 0.1718
      vertex 0.498351 0.355168 0.1718
    endloop
  endfacet
  facet normal 0.279124 -0.960255 0
    outer loop
      vertex 0.502899 0.35649 0.1718
      vertex 0.498351 0.355168 0.171797
      vertex 0.502899 0.35649 0.171797
    endloop
  endfacet
  facet normal 0.66128 -0.75014 0
    outer loop
      vertex 0.527661 0.370103 0
      vertex 0.531215 0.373236 0.15118
      vertex 0.527661 0.370103 0.15118
    endloop
  endfacet
  facet normal 0.66128 -0.75014 0
    outer loop
      vertex 0.531215 0.373236 0.15118
      vertex 0.527661 0.370103 0
      vertex 0.531215 0.373236 0
    endloop
  endfacet
  facet normal 0.66128 -0.75014 0
    outer loop
      vertex 0.527661 0.370103 0.171797
      vertex 0.531215 0.373236 0.1718
      vertex 0.527661 0.370103 0.1718
    endloop
  endfacet
  facet normal 0.66128 -0.75014 0
    outer loop
      vertex 0.531215 0.373236 0.1718
      vertex 0.527661 0.370103 0.171797
      vertex 0.531215 0.373236 0.171797
    endloop
  endfacet
  facet normal 0.562131 -0.827048 0
    outer loop
      vertex 0.52 0.364537 0.171797
      vertex 0.523918 0.3672 0.1718
      vertex 0.52 0.364537 0.1718
    endloop
  endfacet
  facet normal 0.562131 -0.827048 0
    outer loop
      vertex 0.523918 0.3672 0.1718
      vertex 0.52 0.364537 0.171797
      vertex 0.523918 0.3672 0.171797
    endloop
  endfacet
  facet normal 0.562131 -0.827048 0
    outer loop
      vertex 0.52 0.364537 0
      vertex 0.523918 0.3672 0.15118
      vertex 0.52 0.364537 0.15118
    endloop
  endfacet
  facet normal 0.562131 -0.827048 0
    outer loop
      vertex 0.523918 0.3672 0.15118
      vertex 0.52 0.364537 0
      vertex 0.523918 0.3672 0
    endloop
  endfacet
  facet normal 0.453872 -0.891067 0
    outer loop
      vertex 0.511703 0.359976 0
      vertex 0.515924 0.362126 0.15118
      vertex 0.511703 0.359976 0.15118
    endloop
  endfacet
  facet normal 0.453872 -0.891067 0
    outer loop
      vertex 0.515924 0.362126 0.15118
      vertex 0.511703 0.359976 0
      vertex 0.515924 0.362126 0
    endloop
  endfacet
  facet normal 0.453872 -0.891067 0
    outer loop
      vertex 0.511703 0.359976 0.171797
      vertex 0.515924 0.362126 0.1718
      vertex 0.511703 0.359976 0.1718
    endloop
  endfacet
  facet normal 0.453872 -0.891067 0
    outer loop
      vertex 0.515924 0.362126 0.1718
      vertex 0.511703 0.359976 0.171797
      vertex 0.515924 0.362126 0.171797
    endloop
  endfacet
  facet normal -0.0314522 -0.999505 0
    outer loop
      vertex 0.474865 0.352948 0
      vertex 0.4796 0.352799 0.15118
      vertex 0.474865 0.352948 0.15118
    endloop
  endfacet
  facet normal -0.0314522 -0.999505 -0
    outer loop
      vertex 0.4796 0.352799 0.15118
      vertex 0.474865 0.352948 0
      vertex 0.4796 0.352799 0
    endloop
  endfacet
  facet normal -0.0314522 -0.999505 0
    outer loop
      vertex 0.474865 0.352948 0.171797
      vertex 0.4796 0.352799 0.1718
      vertex 0.474865 0.352948 0.1718
    endloop
  endfacet
  facet normal -0.0314522 -0.999505 -0
    outer loop
      vertex 0.4796 0.352799 0.1718
      vertex 0.474865 0.352948 0.171797
      vertex 0.4796 0.352799 0.171797
    endloop
  endfacet
  facet normal -0.217869 -0.975978 0
    outer loop
      vertex 0.460848 0.355168 0.171797
      vertex 0.465471 0.354136 0.1718
      vertex 0.460848 0.355168 0.1718
    endloop
  endfacet
  facet normal -0.217869 -0.975978 -0
    outer loop
      vertex 0.465471 0.354136 0.1718
      vertex 0.460848 0.355168 0.171797
      vertex 0.465471 0.354136 0.171797
    endloop
  endfacet
  facet normal -0.217869 -0.975978 0
    outer loop
      vertex 0.460848 0.355168 0
      vertex 0.465471 0.354136 0.15118
      vertex 0.460848 0.355168 0.15118
    endloop
  endfacet
  facet normal -0.217869 -0.975978 -0
    outer loop
      vertex 0.465471 0.354136 0.15118
      vertex 0.460848 0.355168 0
      vertex 0.465471 0.354136 0
    endloop
  endfacet
  facet normal -0.453957 -0.891023 0
    outer loop
      vertex 0.443275 0.362126 0
      vertex 0.447495 0.359976 0.15118
      vertex 0.443275 0.362126 0.15118
    endloop
  endfacet
  facet normal -0.453957 -0.891023 -0
    outer loop
      vertex 0.447495 0.359976 0.15118
      vertex 0.443275 0.362126 0
      vertex 0.447495 0.359976 0
    endloop
  endfacet
  facet normal -0.453957 -0.891023 0
    outer loop
      vertex 0.443275 0.362126 0.171797
      vertex 0.447495 0.359976 0.1718
      vertex 0.443275 0.362126 0.1718
    endloop
  endfacet
  facet normal -0.453957 -0.891023 -0
    outer loop
      vertex 0.447495 0.359976 0.1718
      vertex 0.443275 0.362126 0.171797
      vertex 0.447495 0.359976 0.171797
    endloop
  endfacet
  facet normal -0.338622 -0.940922 0
    outer loop
      vertex 0.451843 0.358094 0
      vertex 0.4563 0.35649 0.15118
      vertex 0.451843 0.358094 0.15118
    endloop
  endfacet
  facet normal -0.338622 -0.940922 -0
    outer loop
      vertex 0.4563 0.35649 0.15118
      vertex 0.451843 0.358094 0
      vertex 0.4563 0.35649 0
    endloop
  endfacet
  facet normal -0.338622 -0.940922 0
    outer loop
      vertex 0.451843 0.358094 0.171797
      vertex 0.4563 0.35649 0.1718
      vertex 0.451843 0.358094 0.1718
    endloop
  endfacet
  facet normal -0.338622 -0.940922 -0
    outer loop
      vertex 0.4563 0.35649 0.1718
      vertex 0.451843 0.358094 0.171797
      vertex 0.4563 0.35649 0.171797
    endloop
  endfacet
  facet normal -0.509021 -0.860754 0
    outer loop
      vertex 0.439198 0.364537 0
      vertex 0.443275 0.362126 0.15118
      vertex 0.439198 0.364537 0.15118
    endloop
  endfacet
  facet normal -0.509021 -0.860754 -0
    outer loop
      vertex 0.443275 0.362126 0.15118
      vertex 0.439198 0.364537 0
      vertex 0.443275 0.362126 0
    endloop
  endfacet
  facet normal -0.509021 -0.860754 0
    outer loop
      vertex 0.439198 0.364537 0.171797
      vertex 0.443275 0.362126 0.1718
      vertex 0.439198 0.364537 0.1718
    endloop
  endfacet
  facet normal -0.509021 -0.860754 -0
    outer loop
      vertex 0.443275 0.362126 0.1718
      vertex 0.439198 0.364537 0.171797
      vertex 0.443275 0.362126 0.171797
    endloop
  endfacet
  facet normal -0.960328 -0.278873 0
    outer loop
      vertex 0.40789 0.4049 0
      vertex 0.406569 0.409449 0.15118
      vertex 0.406569 0.409449 0
    endloop
  endfacet
  facet normal -0.960328 -0.278873 0
    outer loop
      vertex 0.406569 0.409449 0.15118
      vertex 0.40789 0.4049 0
      vertex 0.40789 0.4049 0.15118
    endloop
  endfacet
  facet normal -0.960328 -0.278873 0
    outer loop
      vertex 0.40789 0.4049 0.171797
      vertex 0.406569 0.409449 0.1718
      vertex 0.406569 0.409449 0.171797
    endloop
  endfacet
  facet normal -0.960328 -0.278873 0
    outer loop
      vertex 0.406569 0.409449 0.1718
      vertex 0.40789 0.4049 0.171797
      vertex 0.40789 0.4049 0.1718
    endloop
  endfacet
  facet normal -0.917687 -0.397305 0
    outer loop
      vertex 0.411376 0.396096 0
      vertex 0.409494 0.400443 0.15118
      vertex 0.409494 0.400443 0
    endloop
  endfacet
  facet normal -0.917687 -0.397305 0
    outer loop
      vertex 0.409494 0.400443 0.15118
      vertex 0.411376 0.396096 0
      vertex 0.411376 0.396096 0.15118
    endloop
  endfacet
  facet normal -0.917687 -0.397305 0
    outer loop
      vertex 0.411376 0.396096 0.171797
      vertex 0.409494 0.400443 0.1718
      vertex 0.409494 0.400443 0.171797
    endloop
  endfacet
  facet normal -0.917687 -0.397305 0
    outer loop
      vertex 0.409494 0.400443 0.1718
      vertex 0.411376 0.396096 0.171797
      vertex 0.411376 0.396096 0.1718
    endloop
  endfacet
  facet normal -0.975878 -0.218316 0
    outer loop
      vertex 0.406569 0.409449 0
      vertex 0.405535 0.414071 0.15118
      vertex 0.405535 0.414071 0
    endloop
  endfacet
  facet normal -0.975878 -0.218316 0
    outer loop
      vertex 0.405535 0.414071 0.15118
      vertex 0.406569 0.409449 0
      vertex 0.406569 0.409449 0.15118
    endloop
  endfacet
  facet normal -0.975878 -0.218316 0
    outer loop
      vertex 0.406569 0.409449 0.171797
      vertex 0.405535 0.414071 0.1718
      vertex 0.405535 0.414071 0.171797
    endloop
  endfacet
  facet normal -0.975878 -0.218316 0
    outer loop
      vertex 0.405535 0.414071 0.1718
      vertex 0.406569 0.409449 0.171797
      vertex 0.406569 0.409449 0.1718
    endloop
  endfacet
  facet normal -0.987691 -0.156418 0
    outer loop
      vertex 0.405535 0.414071 0
      vertex 0.404794 0.41875 0.15118
      vertex 0.404794 0.41875 0
    endloop
  endfacet
  facet normal -0.987691 -0.156418 0
    outer loop
      vertex 0.404794 0.41875 0.15118
      vertex 0.405535 0.414071 0
      vertex 0.405535 0.414071 0.15118
    endloop
  endfacet
  facet normal -0.987691 -0.156418 0
    outer loop
      vertex 0.405535 0.414071 0.171797
      vertex 0.404794 0.41875 0.1718
      vertex 0.404794 0.41875 0.171797
    endloop
  endfacet
  facet normal -0.987691 -0.156418 0
    outer loop
      vertex 0.404794 0.41875 0.1718
      vertex 0.405535 0.414071 0.171797
      vertex 0.405535 0.414071 0.1718
    endloop
  endfacet
  facet normal -0.826981 -0.562229 0
    outer loop
      vertex 0.4186 0.383881 0
      vertex 0.415937 0.387798 0.15118
      vertex 0.415937 0.387798 0
    endloop
  endfacet
  facet normal -0.826981 -0.562229 0
    outer loop
      vertex 0.415937 0.387798 0.15118
      vertex 0.4186 0.383881 0
      vertex 0.4186 0.383881 0.15118
    endloop
  endfacet
  facet normal -0.826981 -0.562229 0
    outer loop
      vertex 0.4186 0.383881 0.171797
      vertex 0.415937 0.387798 0.1718
      vertex 0.415937 0.387798 0.171797
    endloop
  endfacet
  facet normal -0.826981 -0.562229 0
    outer loop
      vertex 0.415937 0.387798 0.1718
      vertex 0.4186 0.383881 0.171797
      vertex 0.4186 0.383881 0.1718
    endloop
  endfacet
  facet normal -0.999512 -0.0312413 0
    outer loop
      vertex 0.404348 0.423465 0
      vertex 0.4042 0.4282 0.15118
      vertex 0.4042 0.4282 0
    endloop
  endfacet
  facet normal -0.999512 -0.0312413 0
    outer loop
      vertex 0.4042 0.4282 0.15118
      vertex 0.404348 0.423465 0
      vertex 0.404348 0.423465 0.15118
    endloop
  endfacet
  facet normal -0.999512 -0.0312413 0
    outer loop
      vertex 0.404348 0.423465 0.171797
      vertex 0.4042 0.4282 0.1718
      vertex 0.4042 0.4282 0.171797
    endloop
  endfacet
  facet normal -0.999512 -0.0312413 0
    outer loop
      vertex 0.4042 0.4282 0.1718
      vertex 0.404348 0.423465 0.171797
      vertex 0.404348 0.423465 0.1718
    endloop
  endfacet
  facet normal 0.975878 -0.218316 0
    outer loop
      vertex 0.55263 0.409449 0.15118
      vertex 0.553664 0.414071 0
      vertex 0.553664 0.414071 0.15118
    endloop
  endfacet
  facet normal 0.975878 -0.218316 0
    outer loop
      vertex 0.553664 0.414071 0
      vertex 0.55263 0.409449 0.15118
      vertex 0.55263 0.409449 0
    endloop
  endfacet
  facet normal 0.975878 -0.218316 0
    outer loop
      vertex 0.55263 0.409449 0.1718
      vertex 0.553664 0.414071 0.171797
      vertex 0.553664 0.414071 0.1718
    endloop
  endfacet
  facet normal 0.975878 -0.218316 0
    outer loop
      vertex 0.553664 0.414071 0.171797
      vertex 0.55263 0.409449 0.1718
      vertex 0.55263 0.409449 0.171797
    endloop
  endfacet
  facet normal 0.960385 -0.278678 0
    outer loop
      vertex 0.55131 0.4049 0.15118
      vertex 0.55263 0.409449 0
      vertex 0.55263 0.409449 0.15118
    endloop
  endfacet
  facet normal 0.960385 -0.278678 0
    outer loop
      vertex 0.55263 0.409449 0
      vertex 0.55131 0.4049 0.15118
      vertex 0.55131 0.4049 0
    endloop
  endfacet
  facet normal 0.960385 -0.278678 0
    outer loop
      vertex 0.55131 0.4049 0.1718
      vertex 0.55263 0.409449 0.171797
      vertex 0.55263 0.409449 0.1718
    endloop
  endfacet
  facet normal 0.960385 -0.278678 0
    outer loop
      vertex 0.55263 0.409449 0.171797
      vertex 0.55131 0.4049 0.1718
      vertex 0.55131 0.4049 0.171797
    endloop
  endfacet
  facet normal 0.999512 -0.0312413 0
    outer loop
      vertex 0.554851 0.423465 0.15118
      vertex 0.554999 0.4282 0
      vertex 0.554999 0.4282 0.15118
    endloop
  endfacet
  facet normal 0.999512 -0.0312413 0
    outer loop
      vertex 0.554999 0.4282 0
      vertex 0.554851 0.423465 0.15118
      vertex 0.554851 0.423465 0
    endloop
  endfacet
  facet normal 0.999512 -0.0312413 0
    outer loop
      vertex 0.554851 0.423465 0.1718
      vertex 0.554999 0.4282 0.171797
      vertex 0.554999 0.4282 0.1718
    endloop
  endfacet
  facet normal 0.999512 -0.0312413 0
    outer loop
      vertex 0.554999 0.4282 0.171797
      vertex 0.554851 0.423465 0.1718
      vertex 0.554851 0.423465 0.171797
    endloop
  endfacet
  facet normal 0.890981 -0.45404 0
    outer loop
      vertex 0.545673 0.391875 0.15118
      vertex 0.547824 0.396096 0
      vertex 0.547824 0.396096 0.15118
    endloop
  endfacet
  facet normal 0.890981 -0.45404 0
    outer loop
      vertex 0.547824 0.396096 0
      vertex 0.545673 0.391875 0.15118
      vertex 0.545673 0.391875 0
    endloop
  endfacet
  facet normal 0.890981 -0.45404 0
    outer loop
      vertex 0.545673 0.391875 0.1718
      vertex 0.547824 0.396096 0.171797
      vertex 0.547824 0.396096 0.1718
    endloop
  endfacet
  facet normal 0.890981 -0.45404 0
    outer loop
      vertex 0.547824 0.396096 0.171797
      vertex 0.545673 0.391875 0.1718
      vertex 0.545673 0.391875 0.171797
    endloop
  endfacet
  facet normal 0.82708 -0.562085 0
    outer loop
      vertex 0.5406 0.383881 0.15118
      vertex 0.543262 0.387798 0
      vertex 0.543262 0.387798 0.15118
    endloop
  endfacet
  facet normal 0.82708 -0.562085 0
    outer loop
      vertex 0.543262 0.387798 0
      vertex 0.5406 0.383881 0.15118
      vertex 0.5406 0.383881 0
    endloop
  endfacet
  facet normal 0.82708 -0.562085 0
    outer loop
      vertex 0.5406 0.383881 0.1718
      vertex 0.543262 0.387798 0.171797
      vertex 0.543262 0.387798 0.1718
    endloop
  endfacet
  facet normal 0.82708 -0.562085 0
    outer loop
      vertex 0.543262 0.387798 0.171797
      vertex 0.5406 0.383881 0.1718
      vertex 0.5406 0.383881 0.171797
    endloop
  endfacet
  facet normal 0.217869 -0.975978 0
    outer loop
      vertex 0.493728 0.354136 0
      vertex 0.498351 0.355168 0.15118
      vertex 0.493728 0.354136 0.15118
    endloop
  endfacet
  facet normal 0.217869 -0.975978 0
    outer loop
      vertex 0.498351 0.355168 0.15118
      vertex 0.493728 0.354136 0
      vertex 0.498351 0.355168 0
    endloop
  endfacet
  facet normal 0.217869 -0.975978 0
    outer loop
      vertex 0.493728 0.354136 0.171797
      vertex 0.498351 0.355168 0.1718
      vertex 0.493728 0.354136 0.1718
    endloop
  endfacet
  facet normal 0.217869 -0.975978 0
    outer loop
      vertex 0.498351 0.355168 0.1718
      vertex 0.493728 0.354136 0.171797
      vertex 0.498351 0.355168 0.171797
    endloop
  endfacet
  facet normal 0.338622 -0.940922 0
    outer loop
      vertex 0.502899 0.35649 0.171797
      vertex 0.507356 0.358094 0.1718
      vertex 0.502899 0.35649 0.1718
    endloop
  endfacet
  facet normal 0.338622 -0.940922 0
    outer loop
      vertex 0.507356 0.358094 0.1718
      vertex 0.502899 0.35649 0.171797
      vertex 0.507356 0.358094 0.171797
    endloop
  endfacet
  facet normal 0.338622 -0.940922 0
    outer loop
      vertex 0.502899 0.35649 0
      vertex 0.507356 0.358094 0.15118
      vertex 0.502899 0.35649 0.15118
    endloop
  endfacet
  facet normal 0.338622 -0.940922 0
    outer loop
      vertex 0.507356 0.358094 0.15118
      vertex 0.502899 0.35649 0
      vertex 0.507356 0.358094 0
    endloop
  endfacet
  facet normal 0.707107 -0.707107 0
    outer loop
      vertex 0.531215 0.373236 0.15118
      vertex 0.534564 0.376585 0
      vertex 0.534564 0.376585 0.15118
    endloop
  endfacet
  facet normal 0.707107 -0.707107 0
    outer loop
      vertex 0.534564 0.376585 0
      vertex 0.531215 0.373236 0.15118
      vertex 0.531215 0.373236 0
    endloop
  endfacet
  facet normal 0.707107 -0.707107 0
    outer loop
      vertex 0.531215 0.373236 0.1718
      vertex 0.534564 0.376585 0.171797
      vertex 0.534564 0.376585 0.1718
    endloop
  endfacet
  facet normal 0.707107 -0.707107 0
    outer loop
      vertex 0.534564 0.376585 0.171797
      vertex 0.531215 0.373236 0.1718
      vertex 0.531215 0.373236 0.171797
    endloop
  endfacet
  facet normal 0.509113 -0.860699 0
    outer loop
      vertex 0.515924 0.362126 0
      vertex 0.52 0.364537 0.15118
      vertex 0.515924 0.362126 0.15118
    endloop
  endfacet
  facet normal 0.509113 -0.860699 0
    outer loop
      vertex 0.52 0.364537 0.15118
      vertex 0.515924 0.362126 0
      vertex 0.52 0.364537 0
    endloop
  endfacet
  facet normal 0.509113 -0.860699 0
    outer loop
      vertex 0.515924 0.362126 0.171797
      vertex 0.52 0.364537 0.1718
      vertex 0.515924 0.362126 0.1718
    endloop
  endfacet
  facet normal 0.509113 -0.860699 0
    outer loop
      vertex 0.52 0.364537 0.1718
      vertex 0.515924 0.362126 0.171797
      vertex 0.52 0.364537 0.171797
    endloop
  endfacet
  facet normal -0.397228 -0.91772 0
    outer loop
      vertex 0.447495 0.359976 0.171797
      vertex 0.451843 0.358094 0.1718
      vertex 0.447495 0.359976 0.1718
    endloop
  endfacet
  facet normal -0.397228 -0.91772 -0
    outer loop
      vertex 0.451843 0.358094 0.1718
      vertex 0.447495 0.359976 0.171797
      vertex 0.451843 0.358094 0.171797
    endloop
  endfacet
  facet normal -0.397228 -0.91772 0
    outer loop
      vertex 0.447495 0.359976 0
      vertex 0.451843 0.358094 0.15118
      vertex 0.447495 0.359976 0.15118
    endloop
  endfacet
  facet normal -0.397228 -0.91772 -0
    outer loop
      vertex 0.451843 0.358094 0.15118
      vertex 0.447495 0.359976 0
      vertex 0.451843 0.358094 0
    endloop
  endfacet
  facet normal -0.562229 -0.826981 0
    outer loop
      vertex 0.435281 0.3672 0
      vertex 0.439198 0.364537 0.15118
      vertex 0.435281 0.3672 0.15118
    endloop
  endfacet
  facet normal -0.562229 -0.826981 -0
    outer loop
      vertex 0.439198 0.364537 0.15118
      vertex 0.435281 0.3672 0
      vertex 0.439198 0.364537 0
    endloop
  endfacet
  facet normal -0.562229 -0.826981 0
    outer loop
      vertex 0.435281 0.3672 0.171797
      vertex 0.439198 0.364537 0.1718
      vertex 0.435281 0.3672 0.1718
    endloop
  endfacet
  facet normal -0.562229 -0.826981 -0
    outer loop
      vertex 0.439198 0.364537 0.1718
      vertex 0.435281 0.3672 0.171797
      vertex 0.439198 0.364537 0.171797
    endloop
  endfacet
  facet normal -0.940922 -0.338622 0
    outer loop
      vertex 0.409494 0.400443 0
      vertex 0.40789 0.4049 0.15118
      vertex 0.40789 0.4049 0
    endloop
  endfacet
  facet normal -0.940922 -0.338622 0
    outer loop
      vertex 0.40789 0.4049 0.15118
      vertex 0.409494 0.400443 0
      vertex 0.409494 0.400443 0.15118
    endloop
  endfacet
  facet normal -0.940922 -0.338622 0
    outer loop
      vertex 0.409494 0.400443 0.171797
      vertex 0.40789 0.4049 0.1718
      vertex 0.40789 0.4049 0.171797
    endloop
  endfacet
  facet normal -0.940922 -0.338622 0
    outer loop
      vertex 0.40789 0.4049 0.1718
      vertex 0.409494 0.400443 0.171797
      vertex 0.409494 0.400443 0.1718
    endloop
  endfacet
  facet normal -0.66128 -0.75014 0
    outer loop
      vertex 0.427984 0.373236 0
      vertex 0.431538 0.370103 0.15118
      vertex 0.427984 0.373236 0.15118
    endloop
  endfacet
  facet normal -0.66128 -0.75014 -0
    outer loop
      vertex 0.431538 0.370103 0.15118
      vertex 0.427984 0.373236 0
      vertex 0.431538 0.370103 0
    endloop
  endfacet
  facet normal -0.66128 -0.75014 0
    outer loop
      vertex 0.427984 0.373236 0.171797
      vertex 0.431538 0.370103 0.1718
      vertex 0.427984 0.373236 0.1718
    endloop
  endfacet
  facet normal -0.66128 -0.75014 -0
    outer loop
      vertex 0.431538 0.370103 0.1718
      vertex 0.427984 0.373236 0.171797
      vertex 0.431538 0.370103 0.171797
    endloop
  endfacet
  facet normal 0.940855 -0.338809 0
    outer loop
      vertex 0.549705 0.400443 0.15118
      vertex 0.55131 0.4049 0
      vertex 0.55131 0.4049 0.15118
    endloop
  endfacet
  facet normal 0.940855 -0.338809 0
    outer loop
      vertex 0.55131 0.4049 0
      vertex 0.549705 0.400443 0.15118
      vertex 0.549705 0.400443 0
    endloop
  endfacet
  facet normal 0.940855 -0.338809 0
    outer loop
      vertex 0.549705 0.400443 0.1718
      vertex 0.55131 0.4049 0.171797
      vertex 0.55131 0.4049 0.1718
    endloop
  endfacet
  facet normal 0.940855 -0.338809 0
    outer loop
      vertex 0.55131 0.4049 0.171797
      vertex 0.549705 0.400443 0.1718
      vertex 0.549705 0.400443 0.171797
    endloop
  endfacet
  facet normal 0.79017 -0.612888 0
    outer loop
      vertex 0.537696 0.380137 0.15118
      vertex 0.5406 0.383881 0
      vertex 0.5406 0.383881 0.15118
    endloop
  endfacet
  facet normal 0.79017 -0.612888 0
    outer loop
      vertex 0.5406 0.383881 0
      vertex 0.537696 0.380137 0.15118
      vertex 0.537696 0.380137 0
    endloop
  endfacet
  facet normal 0.79017 -0.612888 0
    outer loop
      vertex 0.537696 0.380137 0.1718
      vertex 0.5406 0.383881 0.171797
      vertex 0.5406 0.383881 0.1718
    endloop
  endfacet
  facet normal 0.79017 -0.612888 0
    outer loop
      vertex 0.5406 0.383881 0.171797
      vertex 0.537696 0.380137 0.1718
      vertex 0.537696 0.380137 0.171797
    endloop
  endfacet
  facet normal 0.860754 -0.509021 0
    outer loop
      vertex 0.543262 0.387798 0.15118
      vertex 0.545673 0.391875 0
      vertex 0.545673 0.391875 0.15118
    endloop
  endfacet
  facet normal 0.860754 -0.509021 0
    outer loop
      vertex 0.545673 0.391875 0
      vertex 0.543262 0.387798 0.15118
      vertex 0.543262 0.387798 0
    endloop
  endfacet
  facet normal 0.860754 -0.509021 0
    outer loop
      vertex 0.543262 0.387798 0.1718
      vertex 0.545673 0.391875 0.171797
      vertex 0.545673 0.391875 0.1718
    endloop
  endfacet
  facet normal 0.860754 -0.509021 0
    outer loop
      vertex 0.545673 0.391875 0.171797
      vertex 0.543262 0.387798 0.1718
      vertex 0.543262 0.387798 0.171797
    endloop
  endfacet
  facet normal 0.891023 0.453957 0
    outer loop
      vertex 0.413526 0.391975 0.0205994
      vertex 0.411376 0.396195 0
      vertex 0.411376 0.396195 0.0205994
    endloop
  endfacet
  facet normal 0.891023 0.453957 0
    outer loop
      vertex 0.411376 0.396195 0
      vertex 0.413526 0.391975 0.0205994
      vertex 0.413526 0.391975 0
    endloop
  endfacet
  facet normal 0.999508 0.0313613 0
    outer loop
      vertex 0.404348 0.423565 0.0205994
      vertex 0.404201 0.42825 0
      vertex 0.404201 0.42825 0.0205994
    endloop
  endfacet
  facet normal 0.999508 0.0313613 0
    outer loop
      vertex 0.404201 0.42825 0
      vertex 0.404348 0.423565 0.0205994
      vertex 0.404348 0.423565 0
    endloop
  endfacet
  facet normal -0.279124 0.960255 0
    outer loop
      vertex 0.502899 0.35659 0
      vertex 0.498351 0.355268 0.0205994
      vertex 0.502899 0.35659 0.0205994
    endloop
  endfacet
  facet normal -0.279124 0.960255 0
    outer loop
      vertex 0.498351 0.355268 0.0205994
      vertex 0.502899 0.35659 0
      vertex 0.498351 0.355268 0
    endloop
  endfacet
  facet normal -0.707212 0.707001 0
    outer loop
      vertex 0.531215 0.373335 0
      vertex 0.534564 0.376685 0.0205994
      vertex 0.534564 0.376685 0
    endloop
  endfacet
  facet normal -0.707212 0.707001 0
    outer loop
      vertex 0.534564 0.376685 0.0205994
      vertex 0.531215 0.373335 0
      vertex 0.531215 0.373335 0.0205994
    endloop
  endfacet
  facet normal -0.0312479 0.999512 0
    outer loop
      vertex 0.484334 0.353048 0
      vertex 0.4796 0.3529 0.0205994
      vertex 0.484334 0.353048 0.0205994
    endloop
  endfacet
  facet normal -0.0312479 0.999512 0
    outer loop
      vertex 0.4796 0.3529 0.0205994
      vertex 0.484334 0.353048 0
      vertex 0.4796 0.3529 0
    endloop
  endfacet
  facet normal 0.509021 0.860754 -0
    outer loop
      vertex 0.443275 0.362226 0
      vertex 0.439198 0.364637 0.0205994
      vertex 0.443275 0.362226 0.0205994
    endloop
  endfacet
  facet normal 0.509021 0.860754 0
    outer loop
      vertex 0.439198 0.364637 0.0205994
      vertex 0.443275 0.362226 0
      vertex 0.439198 0.364637 0
    endloop
  endfacet
  facet normal -0.0941516 0.995558 0
    outer loop
      vertex 0.48905 0.353494 0
      vertex 0.484334 0.353048 0.0205994
      vertex 0.48905 0.353494 0.0205994
    endloop
  endfacet
  facet normal -0.0941516 0.995558 0
    outer loop
      vertex 0.484334 0.353048 0.0205994
      vertex 0.48905 0.353494 0
      vertex 0.484334 0.353048 0
    endloop
  endfacet
  facet normal -0.453872 0.891067 0
    outer loop
      vertex 0.515924 0.362226 0
      vertex 0.511703 0.360076 0.0205994
      vertex 0.515924 0.362226 0.0205994
    endloop
  endfacet
  facet normal -0.453872 0.891067 0
    outer loop
      vertex 0.511703 0.360076 0.0205994
      vertex 0.515924 0.362226 0
      vertex 0.511703 0.360076 0
    endloop
  endfacet
  facet normal 0.453957 0.891023 -0
    outer loop
      vertex 0.447495 0.360076 0
      vertex 0.443275 0.362226 0.0205994
      vertex 0.447495 0.360076 0.0205994
    endloop
  endfacet
  facet normal 0.453957 0.891023 0
    outer loop
      vertex 0.443275 0.362226 0.0205994
      vertex 0.447495 0.360076 0
      vertex 0.443275 0.362226 0
    endloop
  endfacet
  facet normal 0.661161 0.750244 -0
    outer loop
      vertex 0.431538 0.370203 0
      vertex 0.427984 0.373335 0.0205994
      vertex 0.431538 0.370203 0.0205994
    endloop
  endfacet
  facet normal 0.661161 0.750244 0
    outer loop
      vertex 0.427984 0.373335 0.0205994
      vertex 0.431538 0.370203 0
      vertex 0.427984 0.373335 0
    endloop
  endfacet
  facet normal 0.995558 0.0941516 0
    outer loop
      vertex 0.404794 0.418849 0.0205994
      vertex 0.404348 0.423565 0
      vertex 0.404348 0.423565 0.0205994
    endloop
  endfacet
  facet normal 0.995558 0.0941516 0
    outer loop
      vertex 0.404348 0.423565 0
      vertex 0.404794 0.418849 0.0205994
      vertex 0.404794 0.418849 0
    endloop
  endfacet
  facet normal 0.790193 0.612858 0
    outer loop
      vertex 0.421503 0.380238 0.0205994
      vertex 0.4186 0.383981 0
      vertex 0.4186 0.383981 0.0205994
    endloop
  endfacet
  facet normal 0.790193 0.612858 0
    outer loop
      vertex 0.4186 0.383981 0
      vertex 0.421503 0.380238 0.0205994
      vertex 0.421503 0.380238 0
    endloop
  endfacet
  facet normal 0.750152 0.661265 0
    outer loop
      vertex 0.424635 0.376685 0.0205994
      vertex 0.421503 0.380238 0
      vertex 0.421503 0.380238 0.0205994
    endloop
  endfacet
  facet normal 0.750152 0.661265 0
    outer loop
      vertex 0.421503 0.380238 0
      vertex 0.424635 0.376685 0.0205994
      vertex 0.424635 0.376685 0
    endloop
  endfacet
  facet normal -0.995558 0.0941516 0
    outer loop
      vertex 0.554405 0.418849 0
      vertex 0.554851 0.423565 0.0205994
      vertex 0.554851 0.423565 0
    endloop
  endfacet
  facet normal -0.995558 0.0941516 0
    outer loop
      vertex 0.554851 0.423565 0.0205994
      vertex 0.554405 0.418849 0
      vertex 0.554405 0.418849 0.0205994
    endloop
  endfacet
  facet normal -0.987686 0.15645 0
    outer loop
      vertex 0.553664 0.414171 0
      vertex 0.554405 0.418849 0.0205994
      vertex 0.554405 0.418849 0
    endloop
  endfacet
  facet normal -0.987686 0.15645 0
    outer loop
      vertex 0.554405 0.418849 0.0205994
      vertex 0.553664 0.414171 0
      vertex 0.553664 0.414171 0.0205994
    endloop
  endfacet
  facet normal -0.999508 0.0313613 0
    outer loop
      vertex 0.554851 0.423565 0
      vertex 0.554998 0.42825 0.0205994
      vertex 0.554998 0.42825 0
    endloop
  endfacet
  facet normal -0.999508 0.0313613 0
    outer loop
      vertex 0.554998 0.42825 0.0205994
      vertex 0.554851 0.423565 0
      vertex 0.554851 0.423565 0.0205994
    endloop
  endfacet
  facet normal -0.960385 0.278678 0
    outer loop
      vertex 0.55131 0.405 0
      vertex 0.55263 0.409549 0.0205994
      vertex 0.55263 0.409549 0
    endloop
  endfacet
  facet normal -0.960385 0.278678 0
    outer loop
      vertex 0.55263 0.409549 0.0205994
      vertex 0.55131 0.405 0
      vertex 0.55131 0.405 0.0205994
    endloop
  endfacet
  facet normal -0.82708 0.562085 0
    outer loop
      vertex 0.5406 0.383981 0
      vertex 0.543262 0.387898 0.0205994
      vertex 0.543262 0.387898 0
    endloop
  endfacet
  facet normal -0.82708 0.562085 0
    outer loop
      vertex 0.543262 0.387898 0.0205994
      vertex 0.5406 0.383981 0
      vertex 0.5406 0.383981 0.0205994
    endloop
  endfacet
  facet normal -0.15645 0.987686 0
    outer loop
      vertex 0.493728 0.354235 0
      vertex 0.48905 0.353494 0.0205994
      vertex 0.493728 0.354235 0.0205994
    endloop
  endfacet
  facet normal -0.15645 0.987686 0
    outer loop
      vertex 0.48905 0.353494 0.0205994
      vertex 0.493728 0.354235 0
      vertex 0.48905 0.353494 0
    endloop
  endfacet
  facet normal -0.397305 0.917687 0
    outer loop
      vertex 0.511703 0.360076 0
      vertex 0.507356 0.358194 0.0205994
      vertex 0.511703 0.360076 0.0205994
    endloop
  endfacet
  facet normal -0.397305 0.917687 0
    outer loop
      vertex 0.507356 0.358194 0.0205994
      vertex 0.511703 0.360076 0
      vertex 0.507356 0.358194 0
    endloop
  endfacet
  facet normal -0.612858 0.790193 0
    outer loop
      vertex 0.527661 0.370203 0
      vertex 0.523918 0.3673 0.0205994
      vertex 0.527661 0.370203 0.0205994
    endloop
  endfacet
  facet normal -0.612858 0.790193 0
    outer loop
      vertex 0.523918 0.3673 0.0205994
      vertex 0.527661 0.370203 0
      vertex 0.523918 0.3673 0
    endloop
  endfacet
  facet normal -0.509113 0.860699 0
    outer loop
      vertex 0.52 0.364637 0
      vertex 0.515924 0.362226 0.0205994
      vertex 0.52 0.364637 0.0205994
    endloop
  endfacet
  facet normal -0.509113 0.860699 0
    outer loop
      vertex 0.515924 0.362226 0.0205994
      vertex 0.52 0.364637 0
      vertex 0.515924 0.362226 0
    endloop
  endfacet
  facet normal 0.338622 0.940922 -0
    outer loop
      vertex 0.4563 0.35659 0
      vertex 0.451843 0.358194 0.0205994
      vertex 0.4563 0.35659 0.0205994
    endloop
  endfacet
  facet normal 0.338622 0.940922 0
    outer loop
      vertex 0.451843 0.358194 0.0205994
      vertex 0.4563 0.35659 0
      vertex 0.451843 0.358194 0
    endloop
  endfacet
  facet normal 0.279124 0.960255 -0
    outer loop
      vertex 0.460848 0.355268 0
      vertex 0.4563 0.35659 0.0205994
      vertex 0.460848 0.355268 0.0205994
    endloop
  endfacet
  facet normal 0.279124 0.960255 0
    outer loop
      vertex 0.4563 0.35659 0.0205994
      vertex 0.460848 0.355268 0
      vertex 0.4563 0.35659 0
    endloop
  endfacet
  facet normal 0.21807 0.975933 -0
    outer loop
      vertex 0.465471 0.354235 0
      vertex 0.460848 0.355268 0.0205994
      vertex 0.465471 0.354235 0.0205994
    endloop
  endfacet
  facet normal 0.21807 0.975933 0
    outer loop
      vertex 0.460848 0.355268 0.0205994
      vertex 0.465471 0.354235 0
      vertex 0.460848 0.355268 0
    endloop
  endfacet
  facet normal 0.0941516 0.995558 -0
    outer loop
      vertex 0.474865 0.353048 0
      vertex 0.470149 0.353494 0.0205994
      vertex 0.474865 0.353048 0.0205994
    endloop
  endfacet
  facet normal 0.0941516 0.995558 0
    outer loop
      vertex 0.470149 0.353494 0.0205994
      vertex 0.474865 0.353048 0
      vertex 0.470149 0.353494 0
    endloop
  endfacet
  facet normal 0.397228 0.91772 -0
    outer loop
      vertex 0.451843 0.358194 0
      vertex 0.447495 0.360076 0.0205994
      vertex 0.451843 0.358194 0.0205994
    endloop
  endfacet
  facet normal 0.397228 0.91772 0
    outer loop
      vertex 0.447495 0.360076 0.0205994
      vertex 0.451843 0.358194 0
      vertex 0.447495 0.360076 0
    endloop
  endfacet
  facet normal 0.612858 0.790193 -0
    outer loop
      vertex 0.435281 0.3673 0
      vertex 0.431538 0.370203 0.0205994
      vertex 0.435281 0.3673 0.0205994
    endloop
  endfacet
  facet normal 0.612858 0.790193 0
    outer loop
      vertex 0.431538 0.370203 0.0205994
      vertex 0.435281 0.3673 0
      vertex 0.431538 0.370203 0
    endloop
  endfacet
  facet normal 0.987686 0.15645 0
    outer loop
      vertex 0.405535 0.414171 0.0205994
      vertex 0.404794 0.418849 0
      vertex 0.404794 0.418849 0.0205994
    endloop
  endfacet
  facet normal 0.987686 0.15645 0
    outer loop
      vertex 0.404794 0.418849 0
      vertex 0.405535 0.414171 0.0205994
      vertex 0.405535 0.414171 0
    endloop
  endfacet
  facet normal 0.91772 0.397228 0
    outer loop
      vertex 0.411376 0.396195 0.0205994
      vertex 0.409494 0.400543 0
      vertex 0.409494 0.400543 0.0205994
    endloop
  endfacet
  facet normal 0.91772 0.397228 0
    outer loop
      vertex 0.409494 0.400543 0
      vertex 0.411376 0.396195 0.0205994
      vertex 0.411376 0.396195 0
    endloop
  endfacet
  facet normal 0.960328 0.278873 0
    outer loop
      vertex 0.40789 0.405 0.0205994
      vertex 0.406569 0.409549 0
      vertex 0.406569 0.409549 0.0205994
    endloop
  endfacet
  facet normal 0.960328 0.278873 0
    outer loop
      vertex 0.406569 0.409549 0
      vertex 0.40789 0.405 0.0205994
      vertex 0.40789 0.405 0
    endloop
  endfacet
  facet normal 0.707212 0.707001 0
    outer loop
      vertex 0.427984 0.373335 0.0205994
      vertex 0.424635 0.376685 0
      vertex 0.424635 0.376685 0.0205994
    endloop
  endfacet
  facet normal 0.707212 0.707001 0
    outer loop
      vertex 0.424635 0.376685 0
      vertex 0.427984 0.373335 0.0205994
      vertex 0.427984 0.373335 0
    endloop
  endfacet
  facet normal 0.860754 0.509021 0
    outer loop
      vertex 0.415937 0.387898 0.0205994
      vertex 0.413526 0.391975 0
      vertex 0.413526 0.391975 0.0205994
    endloop
  endfacet
  facet normal 0.860754 0.509021 0
    outer loop
      vertex 0.413526 0.391975 0
      vertex 0.415937 0.387898 0.0205994
      vertex 0.415937 0.387898 0
    endloop
  endfacet
  facet normal 0 0 -1
    outer loop
      vertex 0.554851 0.423565 0.0205994
      vertex 0.554851 0.432934 0.0205994
      vertex 0.554998 0.42825 0.0205994
    endloop
  endfacet
  facet normal 0 0 -1
    outer loop
      vertex 0.554405 0.418849 0.0205994
      vertex 0.554851 0.432934 0.0205994
      vertex 0.554851 0.423565 0.0205994
    endloop
  endfacet
  facet normal 0 0 -1
    outer loop
      vertex 0.554405 0.418849 0.0205994
      vertex 0.554405 0.43765 0.0205994
      vertex 0.554851 0.432934 0.0205994
    endloop
  endfacet
  facet normal 0 0 -1
    outer loop
      vertex 0.553664 0.414171 0.0205994
      vertex 0.554405 0.43765 0.0205994
      vertex 0.554405 0.418849 0.0205994
    endloop
  endfacet
  facet normal 0 0 -1
    outer loop
      vertex 0.553664 0.414171 0.0205994
      vertex 0.553664 0.442328 0.0205994
      vertex 0.554405 0.43765 0.0205994
    endloop
  endfacet
  facet normal 0 0 -1
    outer loop
      vertex 0.55263 0.409549 0.0205994
      vertex 0.553664 0.442328 0.0205994
      vertex 0.553664 0.414171 0.0205994
    endloop
  endfacet
  facet normal 0 0 -1
    outer loop
      vertex 0.55263 0.409549 0.0205994
      vertex 0.55263 0.446951 0.0205994
      vertex 0.553664 0.442328 0.0205994
    endloop
  endfacet
  facet normal 0 0 -1
    outer loop
      vertex 0.55131 0.405 0.0205994
      vertex 0.55263 0.446951 0.0205994
      vertex 0.55263 0.409549 0.0205994
    endloop
  endfacet
  facet normal 0 0 -1
    outer loop
      vertex 0.55131 0.405 0.0205994
      vertex 0.55131 0.451499 0.0205994
      vertex 0.55263 0.446951 0.0205994
    endloop
  endfacet
  facet normal 0 0 -1
    outer loop
      vertex 0.549705 0.400543 0.0205994
      vertex 0.55131 0.451499 0.0205994
      vertex 0.55131 0.405 0.0205994
    endloop
  endfacet
  facet normal 0 0 -1
    outer loop
      vertex 0.549705 0.400543 0.0205994
      vertex 0.549705 0.455956 0.0205994
      vertex 0.55131 0.451499 0.0205994
    endloop
  endfacet
  facet normal 0 0 -1
    outer loop
      vertex 0.547824 0.396195 0.0205994
      vertex 0.549705 0.455956 0.0205994
      vertex 0.549705 0.400543 0.0205994
    endloop
  endfacet
  facet normal 0 0 -1
    outer loop
      vertex 0.547824 0.396195 0.0205994
      vertex 0.547824 0.460303 0.0205994
      vertex 0.549705 0.455956 0.0205994
    endloop
  endfacet
  facet normal 0 0 -1
    outer loop
      vertex 0.545673 0.391975 0.0205994
      vertex 0.547824 0.460303 0.0205994
      vertex 0.547824 0.396195 0.0205994
    endloop
  endfacet
  facet normal 0 0 -1
    outer loop
      vertex 0.545673 0.391975 0.0205994
      vertex 0.545673 0.464523 0.0205994
      vertex 0.547824 0.460303 0.0205994
    endloop
  endfacet
  facet normal 0 0 -1
    outer loop
      vertex 0.543262 0.387898 0.0205994
      vertex 0.545673 0.464523 0.0205994
      vertex 0.545673 0.391975 0.0205994
    endloop
  endfacet
  facet normal 0 0 -1
    outer loop
      vertex 0.543262 0.387898 0.0205994
      vertex 0.543262 0.468601 0.0205994
      vertex 0.545673 0.464523 0.0205994
    endloop
  endfacet
  facet normal 0 0 -1
    outer loop
      vertex 0.5406 0.383981 0.0205994
      vertex 0.543262 0.468601 0.0205994
      vertex 0.543262 0.387898 0.0205994
    endloop
  endfacet
  facet normal 0 0 -1
    outer loop
      vertex 0.5406 0.383981 0.0205994
      vertex 0.5406 0.472519 0.0205994
      vertex 0.543262 0.468601 0.0205994
    endloop
  endfacet
  facet normal 0 0 -1
    outer loop
      vertex 0.537696 0.380238 0.0205994
      vertex 0.5406 0.472519 0.0205994
      vertex 0.5406 0.383981 0.0205994
    endloop
  endfacet
  facet normal 0 0 -1
    outer loop
      vertex 0.537696 0.380238 0.0205994
      vertex 0.537696 0.476261 0.0205994
      vertex 0.5406 0.472519 0.0205994
    endloop
  endfacet
  facet normal 0 0 -1
    outer loop
      vertex 0.534564 0.376685 0.0205994
      vertex 0.537696 0.476261 0.0205994
      vertex 0.537696 0.380238 0.0205994
    endloop
  endfacet
  facet normal 0 0 -1
    outer loop
      vertex 0.534564 0.376685 0.0205994
      vertex 0.534564 0.479815 0.0205994
      vertex 0.537696 0.476261 0.0205994
    endloop
  endfacet
  facet normal 0 0 -1
    outer loop
      vertex 0.531215 0.373335 0.0205994
      vertex 0.534564 0.479815 0.0205994
      vertex 0.534564 0.376685 0.0205994
    endloop
  endfacet
  facet normal 0 0 -1
    outer loop
      vertex 0.531215 0.373335 0.0205994
      vertex 0.531215 0.483164 0.0205994
      vertex 0.534564 0.479815 0.0205994
    endloop
  endfacet
  facet normal 0 0 -1
    outer loop
      vertex 0.527661 0.370203 0.0205994
      vertex 0.531215 0.483164 0.0205994
      vertex 0.531215 0.373335 0.0205994
    endloop
  endfacet
  facet normal 0 0 -1
    outer loop
      vertex 0.527661 0.370203 0.0205994
      vertex 0.527661 0.486297 0.0205994
      vertex 0.531215 0.483164 0.0205994
    endloop
  endfacet
  facet normal 0 0 -1
    outer loop
      vertex 0.523918 0.3673 0.0205994
      vertex 0.527661 0.486297 0.0205994
      vertex 0.527661 0.370203 0.0205994
    endloop
  endfacet
  facet normal 0 0 -1
    outer loop
      vertex 0.523918 0.3673 0.0205994
      vertex 0.523918 0.4892 0.0205994
      vertex 0.527661 0.486297 0.0205994
    endloop
  endfacet
  facet normal 0 0 -1
    outer loop
      vertex 0.52 0.364637 0.0205994
      vertex 0.523918 0.4892 0.0205994
      vertex 0.523918 0.3673 0.0205994
    endloop
  endfacet
  facet normal 0 0 -1
    outer loop
      vertex 0.52 0.364637 0.0205994
      vertex 0.52 0.491862 0.0205994
      vertex 0.523918 0.4892 0.0205994
    endloop
  endfacet
  facet normal 0 0 -1
    outer loop
      vertex 0.515924 0.362226 0.0205994
      vertex 0.52 0.491862 0.0205994
      vertex 0.52 0.364637 0.0205994
    endloop
  endfacet
  facet normal 0 0 -1
    outer loop
      vertex 0.515924 0.362226 0.0205994
      vertex 0.515924 0.494273 0.0205994
      vertex 0.52 0.491862 0.0205994
    endloop
  endfacet
  facet normal 0 0 -1
    outer loop
      vertex 0.511703 0.360076 0.0205994
      vertex 0.515924 0.494273 0.0205994
      vertex 0.515924 0.362226 0.0205994
    endloop
  endfacet
  facet normal 0 0 -1
    outer loop
      vertex 0.511703 0.360076 0.0205994
      vertex 0.511703 0.496424 0.0205994
      vertex 0.515924 0.494273 0.0205994
    endloop
  endfacet
  facet normal 0 0 -1
    outer loop
      vertex 0.507356 0.358194 0.0205994
      vertex 0.511703 0.496424 0.0205994
      vertex 0.511703 0.360076 0.0205994
    endloop
  endfacet
  facet normal 0 0 -1
    outer loop
      vertex 0.507356 0.358194 0.0205994
      vertex 0.507356 0.498304 0.0205994
      vertex 0.511703 0.496424 0.0205994
    endloop
  endfacet
  facet normal 0 0 -1
    outer loop
      vertex 0.502899 0.35659 0.0205994
      vertex 0.507356 0.498304 0.0205994
      vertex 0.507356 0.358194 0.0205994
    endloop
  endfacet
  facet normal 0 0 -1
    outer loop
      vertex 0.502899 0.35659 0.0205994
      vertex 0.502899 0.499909 0.0205994
      vertex 0.507356 0.498304 0.0205994
    endloop
  endfacet
  facet normal 0 0 -1
    outer loop
      vertex 0.498351 0.355268 0.0205994
      vertex 0.502899 0.499909 0.0205994
      vertex 0.502899 0.35659 0.0205994
    endloop
  endfacet
  facet normal 0 0 -1
    outer loop
      vertex 0.498351 0.355268 0.0205994
      vertex 0.498351 0.50123 0.0205994
      vertex 0.502899 0.499909 0.0205994
    endloop
  endfacet
  facet normal 0 0 -1
    outer loop
      vertex 0.493728 0.354235 0.0205994
      vertex 0.498351 0.50123 0.0205994
      vertex 0.498351 0.355268 0.0205994
    endloop
  endfacet
  facet normal 0 0 -1
    outer loop
      vertex 0.493728 0.354235 0.0205994
      vertex 0.493728 0.502264 0.0205994
      vertex 0.498351 0.50123 0.0205994
    endloop
  endfacet
  facet normal 0 0 -1
    outer loop
      vertex 0.48905 0.353494 0.0205994
      vertex 0.493728 0.502264 0.0205994
      vertex 0.493728 0.354235 0.0205994
    endloop
  endfacet
  facet normal 0 0 -1
    outer loop
      vertex 0.48905 0.353494 0.0205994
      vertex 0.48905 0.503005 0.0205994
      vertex 0.493728 0.502264 0.0205994
    endloop
  endfacet
  facet normal 0 0 -1
    outer loop
      vertex 0.484334 0.353048 0.0205994
      vertex 0.48905 0.503005 0.0205994
      vertex 0.48905 0.353494 0.0205994
    endloop
  endfacet
  facet normal 0 0 -1
    outer loop
      vertex 0.484334 0.353048 0.0205994
      vertex 0.484334 0.50345 0.0205994
      vertex 0.48905 0.503005 0.0205994
    endloop
  endfacet
  facet normal 0 0 -1
    outer loop
      vertex 0.4796 0.3529 0.0205994
      vertex 0.484334 0.50345 0.0205994
      vertex 0.484334 0.353048 0.0205994
    endloop
  endfacet
  facet normal 0 0 -1
    outer loop
      vertex 0.4796 0.3529 0.0205994
      vertex 0.4796 0.503599 0.0205994
      vertex 0.484334 0.50345 0.0205994
    endloop
  endfacet
  facet normal 0 0 -1
    outer loop
      vertex 0.474865 0.353048 0.0205994
      vertex 0.4796 0.503599 0.0205994
      vertex 0.4796 0.3529 0.0205994
    endloop
  endfacet
  facet normal 0 0 -1
    outer loop
      vertex 0.474865 0.353048 0.0205994
      vertex 0.474865 0.50345 0.0205994
      vertex 0.4796 0.503599 0.0205994
    endloop
  endfacet
  facet normal 0 0 -1
    outer loop
      vertex 0.470149 0.353494 0.0205994
      vertex 0.474865 0.50345 0.0205994
      vertex 0.474865 0.353048 0.0205994
    endloop
  endfacet
  facet normal 0 0 -1
    outer loop
      vertex 0.470149 0.353494 0.0205994
      vertex 0.470149 0.503005 0.0205994
      vertex 0.474865 0.50345 0.0205994
    endloop
  endfacet
  facet normal 0 0 -1
    outer loop
      vertex 0.465471 0.354235 0.0205994
      vertex 0.470149 0.503005 0.0205994
      vertex 0.470149 0.353494 0.0205994
    endloop
  endfacet
  facet normal 0 0 -1
    outer loop
      vertex 0.465471 0.354235 0.0205994
      vertex 0.465471 0.502264 0.0205994
      vertex 0.470149 0.503005 0.0205994
    endloop
  endfacet
  facet normal 0 0 -1
    outer loop
      vertex 0.460848 0.355268 0.0205994
      vertex 0.465471 0.502264 0.0205994
      vertex 0.465471 0.354235 0.0205994
    endloop
  endfacet
  facet normal 0 0 -1
    outer loop
      vertex 0.460848 0.355268 0.0205994
      vertex 0.460848 0.50123 0.0205994
      vertex 0.465471 0.502264 0.0205994
    endloop
  endfacet
  facet normal 0 0 -1
    outer loop
      vertex 0.4563 0.35659 0.0205994
      vertex 0.460848 0.50123 0.0205994
      vertex 0.460848 0.355268 0.0205994
    endloop
  endfacet
  facet normal 0 0 -1
    outer loop
      vertex 0.4563 0.35659 0.0205994
      vertex 0.4563 0.499909 0.0205994
      vertex 0.460848 0.50123 0.0205994
    endloop
  endfacet
  facet normal 0 0 -1
    outer loop
      vertex 0.451843 0.358194 0.0205994
      vertex 0.4563 0.499909 0.0205994
      vertex 0.4563 0.35659 0.0205994
    endloop
  endfacet
  facet normal 0 0 -1
    outer loop
      vertex 0.451843 0.358194 0.0205994
      vertex 0.451843 0.498304 0.0205994
      vertex 0.4563 0.499909 0.0205994
    endloop
  endfacet
  facet normal 0 0 -1
    outer loop
      vertex 0.447495 0.360076 0.0205994
      vertex 0.451843 0.498304 0.0205994
      vertex 0.451843 0.358194 0.0205994
    endloop
  endfacet
  facet normal 0 0 -1
    outer loop
      vertex 0.447495 0.360076 0.0205994
      vertex 0.447495 0.496424 0.0205994
      vertex 0.451843 0.498304 0.0205994
    endloop
  endfacet
  facet normal 0 0 -1
    outer loop
      vertex 0.443275 0.362226 0.0205994
      vertex 0.447495 0.496424 0.0205994
      vertex 0.447495 0.360076 0.0205994
    endloop
  endfacet
  facet normal 0 0 -1
    outer loop
      vertex 0.443275 0.362226 0.0205994
      vertex 0.443275 0.494273 0.0205994
      vertex 0.447495 0.496424 0.0205994
    endloop
  endfacet
  facet normal 0 0 -1
    outer loop
      vertex 0.439198 0.364637 0.0205994
      vertex 0.443275 0.494273 0.0205994
      vertex 0.443275 0.362226 0.0205994
    endloop
  endfacet
  facet normal 0 0 -1
    outer loop
      vertex 0.439198 0.364637 0.0205994
      vertex 0.439198 0.491862 0.0205994
      vertex 0.443275 0.494273 0.0205994
    endloop
  endfacet
  facet normal 0 0 -1
    outer loop
      vertex 0.435281 0.3673 0.0205994
      vertex 0.439198 0.491862 0.0205994
      vertex 0.439198 0.364637 0.0205994
    endloop
  endfacet
  facet normal 0 0 -1
    outer loop
      vertex 0.435281 0.3673 0.0205994
      vertex 0.435281 0.4892 0.0205994
      vertex 0.439198 0.491862 0.0205994
    endloop
  endfacet
  facet normal 0 0 -1
    outer loop
      vertex 0.431538 0.370203 0.0205994
      vertex 0.435281 0.4892 0.0205994
      vertex 0.435281 0.3673 0.0205994
    endloop
  endfacet
  facet normal 0 0 -1
    outer loop
      vertex 0.431538 0.370203 0.0205994
      vertex 0.431538 0.486297 0.0205994
      vertex 0.435281 0.4892 0.0205994
    endloop
  endfacet
  facet normal 0 0 -1
    outer loop
      vertex 0.427984 0.373335 0.0205994
      vertex 0.431538 0.486297 0.0205994
      vertex 0.431538 0.370203 0.0205994
    endloop
  endfacet
  facet normal 0 0 -1
    outer loop
      vertex 0.427984 0.373335 0.0205994
      vertex 0.427984 0.483164 0.0205994
      vertex 0.431538 0.486297 0.0205994
    endloop
  endfacet
  facet normal 0 0 -1
    outer loop
      vertex 0.424635 0.376685 0.0205994
      vertex 0.427984 0.483164 0.0205994
      vertex 0.427984 0.373335 0.0205994
    endloop
  endfacet
  facet normal 0 0 -1
    outer loop
      vertex 0.424635 0.376685 0.0205994
      vertex 0.424635 0.479815 0.0205994
      vertex 0.427984 0.483164 0.0205994
    endloop
  endfacet
  facet normal 0 0 -1
    outer loop
      vertex 0.421503 0.380238 0.0205994
      vertex 0.424635 0.479815 0.0205994
      vertex 0.424635 0.376685 0.0205994
    endloop
  endfacet
  facet normal 0 0 -1
    outer loop
      vertex 0.421503 0.380238 0.0205994
      vertex 0.421503 0.476261 0.0205994
      vertex 0.424635 0.479815 0.0205994
    endloop
  endfacet
  facet normal 0 0 -1
    outer loop
      vertex 0.4186 0.383981 0.0205994
      vertex 0.421503 0.476261 0.0205994
      vertex 0.421503 0.380238 0.0205994
    endloop
  endfacet
  facet normal 0 0 -1
    outer loop
      vertex 0.4186 0.383981 0.0205994
      vertex 0.4186 0.472519 0.0205994
      vertex 0.421503 0.476261 0.0205994
    endloop
  endfacet
  facet normal 0 0 -1
    outer loop
      vertex 0.415937 0.387898 0.0205994
      vertex 0.4186 0.472519 0.0205994
      vertex 0.4186 0.383981 0.0205994
    endloop
  endfacet
  facet normal 0 0 -1
    outer loop
      vertex 0.415937 0.387898 0.0205994
      vertex 0.415937 0.468601 0.0205994
      vertex 0.4186 0.472519 0.0205994
    endloop
  endfacet
  facet normal 0 0 -1
    outer loop
      vertex 0.413526 0.391975 0.0205994
      vertex 0.415937 0.468601 0.0205994
      vertex 0.415937 0.387898 0.0205994
    endloop
  endfacet
  facet normal 0 0 -1
    outer loop
      vertex 0.413526 0.391975 0.0205994
      vertex 0.413526 0.464523 0.0205994
      vertex 0.415937 0.468601 0.0205994
    endloop
  endfacet
  facet normal 0 0 -1
    outer loop
      vertex 0.411376 0.396195 0.0205994
      vertex 0.413526 0.464523 0.0205994
      vertex 0.413526 0.391975 0.0205994
    endloop
  endfacet
  facet normal 0 0 -1
    outer loop
      vertex 0.411376 0.396195 0.0205994
      vertex 0.411376 0.460303 0.0205994
      vertex 0.413526 0.464523 0.0205994
    endloop
  endfacet
  facet normal 0 0 -1
    outer loop
      vertex 0.409494 0.400543 0.0205994
      vertex 0.411376 0.460303 0.0205994
      vertex 0.411376 0.396195 0.0205994
    endloop
  endfacet
  facet normal 0 0 -1
    outer loop
      vertex 0.409494 0.400543 0.0205994
      vertex 0.409494 0.455956 0.0205994
      vertex 0.411376 0.460303 0.0205994
    endloop
  endfacet
  facet normal 0 0 -1
    outer loop
      vertex 0.40789 0.405 0.0205994
      vertex 0.409494 0.455956 0.0205994
      vertex 0.409494 0.400543 0.0205994
    endloop
  endfacet
  facet normal 0 0 -1
    outer loop
      vertex 0.40789 0.405 0.0205994
      vertex 0.40789 0.451499 0.0205994
      vertex 0.409494 0.455956 0.0205994
    endloop
  endfacet
  facet normal 0 0 -1
    outer loop
      vertex 0.406569 0.409549 0.0205994
      vertex 0.40789 0.451499 0.0205994
      vertex 0.40789 0.405 0.0205994
    endloop
  endfacet
  facet normal 0 0 -1
    outer loop
      vertex 0.406569 0.409549 0.0205994
      vertex 0.406569 0.446951 0.0205994
      vertex 0.40789 0.451499 0.0205994
    endloop
  endfacet
  facet normal 0 0 -1
    outer loop
      vertex 0.405535 0.414171 0.0205994
      vertex 0.406569 0.446951 0.0205994
      vertex 0.406569 0.409549 0.0205994
    endloop
  endfacet
  facet normal 0 0 -1
    outer loop
      vertex 0.405535 0.414171 0.0205994
      vertex 0.405535 0.442328 0.0205994
      vertex 0.406569 0.446951 0.0205994
    endloop
  endfacet
  facet normal 0 0 -1
    outer loop
      vertex 0.404794 0.418849 0.0205994
      vertex 0.405535 0.442328 0.0205994
      vertex 0.405535 0.414171 0.0205994
    endloop
  endfacet
  facet normal 0 0 -1
    outer loop
      vertex 0.404794 0.418849 0.0205994
      vertex 0.404794 0.43765 0.0205994
      vertex 0.405535 0.442328 0.0205994
    endloop
  endfacet
  facet normal 0 0 -1
    outer loop
      vertex 0.404348 0.423565 0.0205994
      vertex 0.404794 0.43765 0.0205994
      vertex 0.404794 0.418849 0.0205994
    endloop
  endfacet
  facet normal 0 0 -1
    outer loop
      vertex 0.404348 0.423565 0.0205994
      vertex 0.404348 0.432934 0.0205994
      vertex 0.404794 0.43765 0.0205994
    endloop
  endfacet
  facet normal 0 -0 -1
    outer loop
      vertex 0.404348 0.432934 0.0205994
      vertex 0.404348 0.423565 0.0205994
      vertex 0.404201 0.42825 0.0205994
    endloop
  endfacet
  facet normal -0.940855 0.338809 0
    outer loop
      vertex 0.549705 0.400543 0
      vertex 0.55131 0.405 0.0205994
      vertex 0.55131 0.405 0
    endloop
  endfacet
  facet normal -0.940855 0.338809 0
    outer loop
      vertex 0.55131 0.405 0.0205994
      vertex 0.549705 0.400543 0
      vertex 0.549705 0.400543 0.0205994
    endloop
  endfacet
  facet normal -0.917797 0.397051 0
    outer loop
      vertex 0.547824 0.396195 0
      vertex 0.549705 0.400543 0.0205994
      vertex 0.549705 0.400543 0
    endloop
  endfacet
  facet normal -0.917797 0.397051 0
    outer loop
      vertex 0.549705 0.400543 0.0205994
      vertex 0.547824 0.396195 0
      vertex 0.547824 0.396195 0.0205994
    endloop
  endfacet
  facet normal -0.750152 0.661265 0
    outer loop
      vertex 0.534564 0.376685 0
      vertex 0.537696 0.380238 0.0205994
      vertex 0.537696 0.380238 0
    endloop
  endfacet
  facet normal -0.750152 0.661265 0
    outer loop
      vertex 0.537696 0.380238 0.0205994
      vertex 0.534564 0.376685 0
      vertex 0.534564 0.376685 0.0205994
    endloop
  endfacet
  facet normal -0.21807 0.975933 0
    outer loop
      vertex 0.498351 0.355268 0
      vertex 0.493728 0.354235 0.0205994
      vertex 0.498351 0.355268 0.0205994
    endloop
  endfacet
  facet normal -0.21807 0.975933 0
    outer loop
      vertex 0.493728 0.354235 0.0205994
      vertex 0.498351 0.355268 0
      vertex 0.493728 0.354235 0
    endloop
  endfacet
  facet normal -0.338622 0.940922 0
    outer loop
      vertex 0.507356 0.358194 0
      vertex 0.502899 0.35659 0.0205994
      vertex 0.507356 0.358194 0.0205994
    endloop
  endfacet
  facet normal -0.338622 0.940922 0
    outer loop
      vertex 0.502899 0.35659 0.0205994
      vertex 0.507356 0.358194 0
      vertex 0.502899 0.35659 0
    endloop
  endfacet
  facet normal -0.661161 0.750244 0
    outer loop
      vertex 0.531215 0.373335 0
      vertex 0.527661 0.370203 0.0205994
      vertex 0.531215 0.373335 0.0205994
    endloop
  endfacet
  facet normal -0.661161 0.750244 0
    outer loop
      vertex 0.527661 0.370203 0.0205994
      vertex 0.531215 0.373335 0
      vertex 0.527661 0.370203 0
    endloop
  endfacet
  facet normal -0.562131 0.827048 0
    outer loop
      vertex 0.523918 0.3673 0
      vertex 0.52 0.364637 0.0205994
      vertex 0.523918 0.3673 0.0205994
    endloop
  endfacet
  facet normal -0.562131 0.827048 0
    outer loop
      vertex 0.52 0.364637 0.0205994
      vertex 0.523918 0.3673 0
      vertex 0.52 0.364637 0
    endloop
  endfacet
  facet normal 0.15645 0.987686 -0
    outer loop
      vertex 0.470149 0.353494 0
      vertex 0.465471 0.354235 0.0205994
      vertex 0.470149 0.353494 0.0205994
    endloop
  endfacet
  facet normal 0.15645 0.987686 0
    outer loop
      vertex 0.465471 0.354235 0.0205994
      vertex 0.470149 0.353494 0
      vertex 0.465471 0.354235 0
    endloop
  endfacet
  facet normal 0.0312413 0.999512 -0
    outer loop
      vertex 0.4796 0.3529 0
      vertex 0.474865 0.353048 0.0205994
      vertex 0.4796 0.3529 0.0205994
    endloop
  endfacet
  facet normal 0.0312413 0.999512 0
    outer loop
      vertex 0.474865 0.353048 0.0205994
      vertex 0.4796 0.3529 0
      vertex 0.474865 0.353048 0
    endloop
  endfacet
  facet normal 0.562229 0.826981 -0
    outer loop
      vertex 0.439198 0.364637 0
      vertex 0.435281 0.3673 0.0205994
      vertex 0.439198 0.364637 0.0205994
    endloop
  endfacet
  facet normal 0.562229 0.826981 0
    outer loop
      vertex 0.435281 0.3673 0.0205994
      vertex 0.439198 0.364637 0
      vertex 0.435281 0.3673 0
    endloop
  endfacet
  facet normal 0.975878 0.218316 0
    outer loop
      vertex 0.406569 0.409549 0.0205994
      vertex 0.405535 0.414171 0
      vertex 0.405535 0.414171 0.0205994
    endloop
  endfacet
  facet normal 0.975878 0.218316 0
    outer loop
      vertex 0.405535 0.414171 0
      vertex 0.406569 0.409549 0.0205994
      vertex 0.406569 0.409549 0
    endloop
  endfacet
  facet normal 0.940922 0.338622 0
    outer loop
      vertex 0.409494 0.400543 0.0205994
      vertex 0.40789 0.405 0
      vertex 0.40789 0.405 0.0205994
    endloop
  endfacet
  facet normal 0.940922 0.338622 0
    outer loop
      vertex 0.40789 0.405 0
      vertex 0.409494 0.400543 0.0205994
      vertex 0.409494 0.400543 0
    endloop
  endfacet
  facet normal 0.826981 0.562229 0
    outer loop
      vertex 0.4186 0.383981 0.0205994
      vertex 0.415937 0.387898 0
      vertex 0.415937 0.387898 0.0205994
    endloop
  endfacet
  facet normal 0.826981 0.562229 0
    outer loop
      vertex 0.415937 0.387898 0
      vertex 0.4186 0.383981 0.0205994
      vertex 0.4186 0.383981 0
    endloop
  endfacet
  facet normal -0.975878 0.218316 0
    outer loop
      vertex 0.55263 0.409549 0
      vertex 0.553664 0.414171 0.0205994
      vertex 0.553664 0.414171 0
    endloop
  endfacet
  facet normal -0.975878 0.218316 0
    outer loop
      vertex 0.553664 0.414171 0.0205994
      vertex 0.55263 0.409549 0
      vertex 0.55263 0.409549 0.0205994
    endloop
  endfacet
  facet normal -0.79009 0.61299 0
    outer loop
      vertex 0.537696 0.380238 0
      vertex 0.5406 0.383981 0.0205994
      vertex 0.5406 0.383981 0
    endloop
  endfacet
  facet normal -0.79009 0.61299 0
    outer loop
      vertex 0.5406 0.383981 0.0205994
      vertex 0.537696 0.380238 0
      vertex 0.537696 0.380238 0.0205994
    endloop
  endfacet
  facet normal -0.890938 0.454125 0
    outer loop
      vertex 0.545673 0.391975 0
      vertex 0.547824 0.396195 0.0205994
      vertex 0.547824 0.396195 0
    endloop
  endfacet
  facet normal -0.890938 0.454125 0
    outer loop
      vertex 0.547824 0.396195 0.0205994
      vertex 0.545673 0.391975 0
      vertex 0.545673 0.391975 0.0205994
    endloop
  endfacet
  facet normal -0.860754 0.509021 0
    outer loop
      vertex 0.543262 0.387898 0
      vertex 0.545673 0.391975 0.0205994
      vertex 0.545673 0.391975 0
    endloop
  endfacet
  facet normal -0.860754 0.509021 0
    outer loop
      vertex 0.545673 0.391975 0.0205994
      vertex 0.543262 0.387898 0
      vertex 0.543262 0.387898 0.0205994
    endloop
  endfacet
endsolid OpenSCAD_Model
