solid OpenSCAD_Model
  facet normal 0.904819 0.425797 0
    outer loop
      vertex 37.4711 13.9724 45
      vertex 37.4695 13.9758 15
      vertex 37.4695 13.9758 45
    endloop
  endfacet
  facet normal 0.904819 0.425797 0
    outer loop
      vertex 37.4695 13.9758 15
      vertex 37.4711 13.9724 45
      vertex 37.4711 13.9724 15
    endloop
  endfacet
  facet normal 0.928521 0.371281 0
    outer loop
      vertex 37.5877 13.6808 45
      vertex 37.4711 13.9724 15
      vertex 37.4711 13.9724 45
    endloop
  endfacet
  facet normal 0.928521 0.371281 -0
    outer loop
      vertex 37.5877 13.6808 0
      vertex 37.4711 13.9724 15
      vertex 37.5877 13.6808 45
    endloop
  endfacet
  facet normal 0.928521 0.371281 0
    outer loop
      vertex 37.4711 13.9724 15
      vertex 37.5877 13.6808 0
      vertex 37.4711 13.9724 0
    endloop
  endfacet
  facet normal 0.931045 -0.364904 0
    outer loop
      vertex 37.4849 10.001 45
      vertex 37.5995 10.2934 0
      vertex 37.5995 10.2934 45
    endloop
  endfacet
  facet normal 0.931045 -0.364904 0
    outer loop
      vertex 37.5995 10.2934 0
      vertex 37.4849 10.001 45
      vertex 37.4849 10.001 0
    endloop
  endfacet
  facet normal 0.590708 -0.806886 0
    outer loop
      vertex 35.7141 7.84514 15
      vertex 35.9675 8.03065 45
      vertex 35.7141 7.84514 45
    endloop
  endfacet
  facet normal 0.590708 -0.806886 0
    outer loop
      vertex 35.9675 8.03065 45
      vertex 35.7141 7.84514 15
      vertex 35.9675 8.03065 15
    endloop
  endfacet
  facet normal 0.639984 -0.768388 0
    outer loop
      vertex 35.9675 8.03065 15
      vertex 36.2089 8.23171 45
      vertex 35.9675 8.03065 45
    endloop
  endfacet
  facet normal 0.639984 -0.768388 0
    outer loop
      vertex 36.2089 8.23171 45
      vertex 35.9675 8.03065 15
      vertex 36.2089 8.23171 15
    endloop
  endfacet
  facet normal -0.806979 -0.590581 0
    outer loop
      vertex 28.9492 8.8924 15
      vertex 28.7637 9.14587 45
      vertex 28.7637 9.14587 15
    endloop
  endfacet
  facet normal -0.806979 -0.590581 0
    outer loop
      vertex 28.7637 9.14587 45
      vertex 28.9492 8.8924 15
      vertex 28.9492 8.8924 45
    endloop
  endfacet
  facet normal 0.252099 -0.967701 0
    outer loop
      vertex 33.997 7.09496 15
      vertex 34.3009 7.17413 45
      vertex 33.997 7.09496 45
    endloop
  endfacet
  facet normal 0.252099 -0.967701 0
    outer loop
      vertex 34.3009 7.17413 45
      vertex 33.997 7.09496 15
      vertex 34.3009 7.17413 15
    endloop
  endfacet
  facet normal 0.371308 -0.92851 0
    outer loop
      vertex 34.5993 7.27224 15
      vertex 34.891 7.38889 45
      vertex 34.5993 7.27224 45
    endloop
  endfacet
  facet normal 0.371308 -0.92851 0
    outer loop
      vertex 34.891 7.38889 45
      vertex 34.5993 7.27224 15
      vertex 34.891 7.38889 15
    endloop
  endfacet
  facet normal -0.903254 -0.429106 0
    outer loop
      vertex 28.4422 9.68521 15
      vertex 28.3074 9.96896 45
      vertex 28.3074 9.96896 15
    endloop
  endfacet
  facet normal -0.903254 -0.429106 0
    outer loop
      vertex 28.3074 9.96896 45
      vertex 28.4422 9.68521 15
      vertex 28.4422 9.68521 45
    endloop
  endfacet
  facet normal -0.768391 -0.639981 0
    outer loop
      vertex 29.1502 8.65107 15
      vertex 28.9492 8.8924 45
      vertex 28.9492 8.8924 15
    endloop
  endfacet
  facet normal -0.768391 -0.639981 0
    outer loop
      vertex 28.9492 8.8924 45
      vertex 29.1502 8.65107 15
      vertex 29.1502 8.65107 45
    endloop
  endfacet
  facet normal 0.190788 -0.981631 0
    outer loop
      vertex 33.6886 7.03502 15
      vertex 33.997 7.09496 45
      vertex 33.6886 7.03502 45
    endloop
  endfacet
  facet normal 0.190788 -0.981631 0
    outer loop
      vertex 33.997 7.09496 45
      vertex 33.6886 7.03502 15
      vertex 33.997 7.09496 15
    endloop
  endfacet
  facet normal 0.998246 -0.0592072 0
    outer loop
      vertex 37.8687 11.5175 45
      vertex 37.8873 11.8311 0
      vertex 37.8873 11.8311 45
    endloop
  endfacet
  facet normal 0.998246 -0.0592072 0
    outer loop
      vertex 37.8873 11.8311 0
      vertex 37.8687 11.5175 45
      vertex 37.8687 11.5175 0
    endloop
  endfacet
  facet normal 0.846169 -0.532915 0
    outer loop
      vertex 37.0344 9.17474 45
      vertex 37.2018 9.44054 0
      vertex 37.2018 9.44054 45
    endloop
  endfacet
  facet normal 0.846169 -0.532915 0
    outer loop
      vertex 37.2018 9.44054 0
      vertex 37.0344 9.17474 45
      vertex 37.0344 9.17474 0
    endloop
  endfacet
  facet normal -0.842353 -0.538925 0
    outer loop
      vertex 28.7637 9.14587 15
      vertex 28.5944 9.41049 45
      vertex 28.5944 9.41049 15
    endloop
  endfacet
  facet normal -0.842353 -0.538925 0
    outer loop
      vertex 28.5944 9.41049 45
      vertex 28.7637 9.14587 15
      vertex 28.7637 9.14587 45
    endloop
  endfacet
  facet normal 0.952158 -0.305607 0
    outer loop
      vertex 37.5995 10.2934 45
      vertex 37.6955 10.5925 0
      vertex 37.6955 10.5925 45
    endloop
  endfacet
  facet normal 0.952158 -0.305607 0
    outer loop
      vertex 37.6955 10.5925 0
      vertex 37.5995 10.2934 45
      vertex 37.5995 10.2934 0
    endloop
  endfacet
  facet normal 0.687124 -0.72654 0
    outer loop
      vertex 36.2089 8.23171 15
      vertex 36.4371 8.44753 45
      vertex 36.2089 8.23171 45
    endloop
  endfacet
  facet normal 0.687124 -0.72654 0
    outer loop
      vertex 36.4371 8.44753 45
      vertex 36.2089 8.23171 15
      vertex 36.4371 8.44753 15
    endloop
  endfacet
  facet normal -0.305665 -0.952139 0
    outer loop
      vertex 31.212 7.26042 15
      vertex 31.5111 7.1644 45
      vertex 31.212 7.26042 45
    endloop
  endfacet
  facet normal -0.305665 -0.952139 -0
    outer loop
      vertex 31.5111 7.1644 45
      vertex 31.212 7.26042 15
      vertex 31.5111 7.1644 15
    endloop
  endfacet
  facet normal 0.0662655 -0.997802 0
    outer loop
      vertex 33.0637 6.97375 15
      vertex 33.3772 6.99457 45
      vertex 33.0637 6.97375 45
    endloop
  endfacet
  facet normal 0.0662655 -0.997802 0
    outer loop
      vertex 33.3772 6.99457 45
      vertex 33.0637 6.97375 15
      vertex 33.3772 6.99457 15
    endloop
  endfacet
  facet normal 0.87793 -0.47879 0
    outer loop
      vertex 37.2018 9.44054 45
      vertex 37.3522 9.71632 0
      vertex 37.3522 9.71632 45
    endloop
  endfacet
  facet normal 0.87793 -0.47879 0
    outer loop
      vertex 37.3522 9.71632 0
      vertex 37.2018 9.44054 45
      vertex 37.2018 9.44054 0
    endloop
  endfacet
  facet normal -0.532869 -0.846198 0
    outer loop
      vertex 30.0933 7.82552 15
      vertex 30.3591 7.65814 45
      vertex 30.0933 7.82552 45
    endloop
  endfacet
  facet normal -0.532869 -0.846198 -0
    outer loop
      vertex 30.3591 7.65814 45
      vertex 30.0933 7.82552 15
      vertex 30.3591 7.65814 15
    endloop
  endfacet
  facet normal 0.428985 -0.903311 0
    outer loop
      vertex 34.891 7.38889 15
      vertex 35.1747 7.52362 45
      vertex 34.891 7.38889 45
    endloop
  endfacet
  facet normal 0.428985 -0.903311 0
    outer loop
      vertex 35.1747 7.52362 45
      vertex 34.891 7.38889 15
      vertex 35.1747 7.52362 15
    endloop
  endfacet
  facet normal 0 0 -1
    outer loop
      vertex 37.8687 11.5175 0
      vertex 37.8862 12.1452 0
      vertex 37.8873 11.8311 0
    endloop
  endfacet
  facet normal 0 0 -1
    outer loop
      vertex 37.8687 11.5175 0
      vertex 37.8654 12.4586 0
      vertex 37.8862 12.1452 0
    endloop
  endfacet
  facet normal 0 0 -1
    outer loop
      vertex 37.8304 11.2058 0
      vertex 37.8654 12.4586 0
      vertex 37.8687 11.5175 0
    endloop
  endfacet
  facet normal 0 0 -1
    outer loop
      vertex 37.8304 11.2058 0
      vertex 37.8249 12.7701 0
      vertex 37.8654 12.4586 0
    endloop
  endfacet
  facet normal 0 0 -1
    outer loop
      vertex 37.7726 10.897 0
      vertex 37.8249 12.7701 0
      vertex 37.8304 11.2058 0
    endloop
  endfacet
  facet normal 0 0 -1
    outer loop
      vertex 37.7726 10.897 0
      vertex 37.765 13.0784 0
      vertex 37.8249 12.7701 0
    endloop
  endfacet
  facet normal 0 0 -1
    outer loop
      vertex 37.6955 10.5925 0
      vertex 37.765 13.0784 0
      vertex 37.7726 10.897 0
    endloop
  endfacet
  facet normal 0 0 -1
    outer loop
      vertex 37.6955 10.5925 0
      vertex 37.6858 13.3824 0
      vertex 37.765 13.0784 0
    endloop
  endfacet
  facet normal 0 0 -1
    outer loop
      vertex 37.5995 10.2934 0
      vertex 37.6858 13.3824 0
      vertex 37.6955 10.5925 0
    endloop
  endfacet
  facet normal 0 0 -1
    outer loop
      vertex 37.5995 10.2934 0
      vertex 37.5877 13.6808 0
      vertex 37.6858 13.3824 0
    endloop
  endfacet
  facet normal 0 0 -1
    outer loop
      vertex 37.4849 10.001 0
      vertex 37.5877 13.6808 0
      vertex 37.5995 10.2934 0
    endloop
  endfacet
  facet normal 0 0 -1
    outer loop
      vertex 37.4849 10.001 0
      vertex 37.4711 13.9724 0
      vertex 37.5877 13.6808 0
    endloop
  endfacet
  facet normal 0 0 -1
    outer loop
      vertex 37.3522 9.71632 0
      vertex 37.4711 13.9724 0
      vertex 37.4849 10.001 0
    endloop
  endfacet
  facet normal 0 0 -1
    outer loop
      vertex 37.2018 9.44054 0
      vertex 37.4711 13.9724 0
      vertex 37.3522 9.71632 0
    endloop
  endfacet
  facet normal 0 0 -1
    outer loop
      vertex 37.0344 9.17474 0
      vertex 37.4711 13.9724 0
      vertex 37.2018 9.44054 0
    endloop
  endfacet
  facet normal 0 0 -1
    outer loop
      vertex 36.8507 8.91998 0
      vertex 37.4711 13.9724 0
      vertex 37.0344 9.17474 0
    endloop
  endfacet
  facet normal 0 0 -1
    outer loop
      vertex 36.6513 8.67726 0
      vertex 37.4711 13.9724 0
      vertex 36.8507 8.91998 0
    endloop
  endfacet
  facet normal 0 0 -1
    outer loop
      vertex 36.4371 8.44753 0
      vertex 37.4711 13.9724 0
      vertex 36.6513 8.67726 0
    endloop
  endfacet
  facet normal -0 0 -1
    outer loop
      vertex 37.4711 13.9724 0
      vertex 36.4371 8.44753 0
      vertex 36.6309 16.0678 0
    endloop
  endfacet
  facet normal 0 0 -1
    outer loop
      vertex 36.4371 8.44753 0
      vertex 35.5228 18.3884 0
      vertex 36.6309 16.0678 0
    endloop
  endfacet
  facet normal 0 0 -1
    outer loop
      vertex 14.4772 6.81247 0
      vertex 35.5228 18.3884 0
      vertex 36.4371 8.44753 0
    endloop
  endfacet
  facet normal -0 0 -1
    outer loop
      vertex 35.5228 18.3884 0
      vertex 14.0209 7.70806 0
      vertex 34.2678 20.633 0
    endloop
  endfacet
  facet normal 0 0 -1
    outer loop
      vertex 13.5092 8.57323 0
      vertex 34.2678 20.633 0
      vertex 14.0209 7.70806 0
    endloop
  endfacet
  facet normal -0 0 -1
    outer loop
      vertex 34.2678 20.633 0
      vertex 13.5092 8.57323 0
      vertex 32.8711 22.7923 0
    endloop
  endfacet
  facet normal -0 0 -1
    outer loop
      vertex 32.8711 22.7923 0
      vertex 12.9443 9.40456 0
      vertex 31.3386 24.8574 0
    endloop
  endfacet
  facet normal 0 0 -1
    outer loop
      vertex 12.3282 10.1988 0
      vertex 31.3386 24.8574 0
      vertex 12.9443 9.40456 0
    endloop
  endfacet
  facet normal -0 0 -1
    outer loop
      vertex 31.3386 24.8574 0
      vertex 12.3282 10.1988 0
      vertex 29.6766 26.8198 0
    endloop
  endfacet
  facet normal -0 0 -1
    outer loop
      vertex 29.6766 26.8198 0
      vertex 11.6635 10.9528 0
      vertex 27.8919 28.6713 0
    endloop
  endfacet
  facet normal 0 0 -1
    outer loop
      vertex 10.9528 11.6635 0
      vertex 27.8919 28.6713 0
      vertex 11.6635 10.9528 0
    endloop
  endfacet
  facet normal 0 0 -1
    outer loop
      vertex 10.1988 12.3282 0
      vertex 25.9919 30.4043 0
      vertex 10.9528 11.6635 0
    endloop
  endfacet
  facet normal 0 0 -1
    outer loop
      vertex 15.9684 1.00465 0
      vertex 36.4371 8.44753 0
      vertex 16 0 0
    endloop
  endfacet
  facet normal 0 0 -1
    outer loop
      vertex 36.4371 8.44753 0
      vertex 15.9684 -1.00465 0
      vertex 16 0 0
    endloop
  endfacet
  facet normal 0 0 -1
    outer loop
      vertex 36.4371 8.44753 0
      vertex 15.8738 -2.00533 0
      vertex 15.9684 -1.00465 0
    endloop
  endfacet
  facet normal 0 0 -1
    outer loop
      vertex 36.4371 8.44753 0
      vertex 15.7166 -2.9981 0
      vertex 15.8738 -2.00533 0
    endloop
  endfacet
  facet normal 0 0 -1
    outer loop
      vertex 36.4371 8.44753 0
      vertex 15.4973 -3.97904 0
      vertex 15.7166 -2.9981 0
    endloop
  endfacet
  facet normal 0 0 -1
    outer loop
      vertex 36.4371 8.44753 0
      vertex 15.2169 -4.94427 0
      vertex 15.4973 -3.97904 0
    endloop
  endfacet
  facet normal 0 0 -1
    outer loop
      vertex 14.5794 -13.6909 0
      vertex 15.2169 -4.94427 0
      vertex 36.4371 8.44753 0
    endloop
  endfacet
  facet normal 0 0 -1
    outer loop
      vertex 15.2169 -4.94427 0
      vertex 14.5794 -13.6909 0
      vertex 14.8764 -5.88999 0
    endloop
  endfacet
  facet normal 0 0 -1
    outer loop
      vertex 14.5794 -13.6909 0
      vertex 14.4772 -6.81247 0
      vertex 14.8764 -5.88999 0
    endloop
  endfacet
  facet normal 0 0 -1
    outer loop
      vertex 14.5794 -13.6909 0
      vertex 14.0209 -7.70806 0
      vertex 14.4772 -6.81247 0
    endloop
  endfacet
  facet normal 0 0 -1
    outer loop
      vertex 11.6635 -10.9528 0
      vertex 14.5794 -13.6909 0
      vertex 13.6909 -14.5794 0
    endloop
  endfacet
  facet normal 0 0 -1
    outer loop
      vertex 14.5794 -13.6909 0
      vertex 13.5092 -8.57323 0
      vertex 14.0209 -7.70806 0
    endloop
  endfacet
  facet normal 0 0 -1
    outer loop
      vertex 14.5794 -13.6909 0
      vertex 12.9443 -9.40456 0
      vertex 13.5092 -8.57323 0
    endloop
  endfacet
  facet normal 0 0 -1
    outer loop
      vertex 10.9528 -11.6635 0
      vertex 13.6909 -14.5794 0
      vertex 12.7485 -15.4103 0
    endloop
  endfacet
  facet normal 0 0 -1
    outer loop
      vertex 14.5794 -13.6909 0
      vertex 12.3282 -10.1988 0
      vertex 12.9443 -9.40456 0
    endloop
  endfacet
  facet normal 0 0 -1
    outer loop
      vertex 10.1988 -12.3282 0
      vertex 12.7485 -15.4103 0
      vertex 11.7557 -16.1803 0
    endloop
  endfacet
  facet normal 0 0 -1
    outer loop
      vertex 14.5794 -13.6909 0
      vertex 11.6635 -10.9528 0
      vertex 12.3282 -10.1988 0
    endloop
  endfacet
  facet normal 0 0 -1
    outer loop
      vertex 13.6909 -14.5794 0
      vertex 10.9528 -11.6635 0
      vertex 11.6635 -10.9528 0
    endloop
  endfacet
  facet normal 0 0 -1
    outer loop
      vertex 9.40456 -12.9443 0
      vertex 11.7557 -16.1803 0
      vertex 10.7165 -16.8866 0
    endloop
  endfacet
  facet normal 0 0 -1
    outer loop
      vertex 12.7485 -15.4103 0
      vertex 10.1988 -12.3282 0
      vertex 10.9528 -11.6635 0
    endloop
  endfacet
  facet normal 0 0 -1
    outer loop
      vertex 8.57323 -13.5092 0
      vertex 10.7165 -16.8866 0
      vertex 9.63507 -17.5261 0
    endloop
  endfacet
  facet normal 0 0 -1
    outer loop
      vertex 11.7557 -16.1803 0
      vertex 9.40456 -12.9443 0
      vertex 10.1988 -12.3282 0
    endloop
  endfacet
  facet normal 0 0 -1
    outer loop
      vertex 10.7165 -16.8866 0
      vertex 8.57323 -13.5092 0
      vertex 9.40456 -12.9443 0
    endloop
  endfacet
  facet normal 0 0 -1
    outer loop
      vertex 7.70806 -14.0209 0
      vertex 9.63507 -17.5261 0
      vertex 8.51558 -18.0965 0
    endloop
  endfacet
  facet normal 0 0 -1
    outer loop
      vertex 9.63507 -17.5261 0
      vertex 7.70806 -14.0209 0
      vertex 8.57323 -13.5092 0
    endloop
  endfacet
  facet normal 0 0 -1
    outer loop
      vertex 6.81247 -14.4772 0
      vertex 8.51558 -18.0965 0
      vertex 7.36249 -18.5955 0
    endloop
  endfacet
  facet normal 0 0 -1
    outer loop
      vertex 8.51558 -18.0965 0
      vertex 6.81247 -14.4772 0
      vertex 7.70806 -14.0209 0
    endloop
  endfacet
  facet normal 0 0 -1
    outer loop
      vertex 5.88999 -14.8764 0
      vertex 7.36249 -18.5955 0
      vertex 6.18034 -19.0211 0
    endloop
  endfacet
  facet normal 0 0 -1
    outer loop
      vertex 7.36249 -18.5955 0
      vertex 5.88999 -14.8764 0
      vertex 6.81247 -14.4772 0
    endloop
  endfacet
  facet normal 0 0 -1
    outer loop
      vertex 4.94427 -15.2169 0
      vertex 6.18034 -19.0211 0
      vertex 4.9738 -19.3717 0
    endloop
  endfacet
  facet normal 0 0 -1
    outer loop
      vertex 6.18034 -19.0211 0
      vertex 4.94427 -15.2169 0
      vertex 5.88999 -14.8764 0
    endloop
  endfacet
  facet normal 0 0 -1
    outer loop
      vertex 4.9738 -19.3717 0
      vertex 3.97904 -15.4973 0
      vertex 4.94427 -15.2169 0
    endloop
  endfacet
  facet normal 0 0 -1
    outer loop
      vertex 3.74763 -19.6457 0
      vertex 3.97904 -15.4973 0
      vertex 4.9738 -19.3717 0
    endloop
  endfacet
  facet normal 0 0 -1
    outer loop
      vertex 3.74763 -19.6457 0
      vertex 2.9981 -15.7166 0
      vertex 3.97904 -15.4973 0
    endloop
  endfacet
  facet normal 0 0 -1
    outer loop
      vertex 2.50666 -19.8423 0
      vertex 2.9981 -15.7166 0
      vertex 3.74763 -19.6457 0
    endloop
  endfacet
  facet normal 0 0 -1
    outer loop
      vertex 2.50666 -19.8423 0
      vertex 2.00533 -15.8738 0
      vertex 2.9981 -15.7166 0
    endloop
  endfacet
  facet normal 0 0 -1
    outer loop
      vertex 1.25581 -19.9605 0
      vertex 2.00533 -15.8738 0
      vertex 2.50666 -19.8423 0
    endloop
  endfacet
  facet normal 0 0 -1
    outer loop
      vertex 1.25581 -19.9605 0
      vertex 1.00465 -15.9684 0
      vertex 2.00533 -15.8738 0
    endloop
  endfacet
  facet normal 0 0 -1
    outer loop
      vertex 0 -20 0
      vertex 1.00465 -15.9684 0
      vertex 1.25581 -19.9605 0
    endloop
  endfacet
  facet normal 0 0 -1
    outer loop
      vertex 0 -20 0
      vertex 0 -16 0
      vertex 1.00465 -15.9684 0
    endloop
  endfacet
  facet normal 0 0 -1
    outer loop
      vertex 0 -20 0
      vertex -1.00465 -15.9684 0
      vertex 0 -16 0
    endloop
  endfacet
  facet normal 0 0 -1
    outer loop
      vertex -1.25581 -19.9605 0
      vertex -1.00465 -15.9684 0
      vertex 0 -20 0
    endloop
  endfacet
  facet normal 0 0 -1
    outer loop
      vertex -1.25581 -19.9605 0
      vertex -2.00533 -15.8738 0
      vertex -1.00465 -15.9684 0
    endloop
  endfacet
  facet normal 0 0 -1
    outer loop
      vertex -2.50666 -19.8423 0
      vertex -2.00533 -15.8738 0
      vertex -1.25581 -19.9605 0
    endloop
  endfacet
  facet normal 0 0 -1
    outer loop
      vertex -2.50666 -19.8423 0
      vertex -2.9981 -15.7166 0
      vertex -2.00533 -15.8738 0
    endloop
  endfacet
  facet normal 0 0 -1
    outer loop
      vertex -3.74763 -19.6457 0
      vertex -2.9981 -15.7166 0
      vertex -2.50666 -19.8423 0
    endloop
  endfacet
  facet normal 0 0 -1
    outer loop
      vertex -3.74763 -19.6457 0
      vertex -3.97904 -15.4973 0
      vertex -2.9981 -15.7166 0
    endloop
  endfacet
  facet normal 0 0 -1
    outer loop
      vertex -4.9738 -19.3717 0
      vertex -3.97904 -15.4973 0
      vertex -3.74763 -19.6457 0
    endloop
  endfacet
  facet normal -0 0 -1
    outer loop
      vertex -3.97904 -15.4973 0
      vertex -4.9738 -19.3717 0
      vertex -4.94427 -15.2169 0
    endloop
  endfacet
  facet normal 0 0 -1
    outer loop
      vertex -6.18034 -19.0211 0
      vertex -4.94427 -15.2169 0
      vertex -4.9738 -19.3717 0
    endloop
  endfacet
  facet normal -0 0 -1
    outer loop
      vertex -4.94427 -15.2169 0
      vertex -6.18034 -19.0211 0
      vertex -5.88999 -14.8764 0
    endloop
  endfacet
  facet normal 0 0 -1
    outer loop
      vertex -7.36249 -18.5955 0
      vertex -5.88999 -14.8764 0
      vertex -6.18034 -19.0211 0
    endloop
  endfacet
  facet normal -0 0 -1
    outer loop
      vertex -5.88999 -14.8764 0
      vertex -7.36249 -18.5955 0
      vertex -6.81247 -14.4772 0
    endloop
  endfacet
  facet normal 0 0 -1
    outer loop
      vertex -8.51558 -18.0965 0
      vertex -6.81247 -14.4772 0
      vertex -7.36249 -18.5955 0
    endloop
  endfacet
  facet normal -0 0 -1
    outer loop
      vertex -6.81247 -14.4772 0
      vertex -8.51558 -18.0965 0
      vertex -7.70806 -14.0209 0
    endloop
  endfacet
  facet normal 0 0 -1
    outer loop
      vertex -9.63507 -17.5261 0
      vertex -7.70806 -14.0209 0
      vertex -8.51558 -18.0965 0
    endloop
  endfacet
  facet normal -0 0 -1
    outer loop
      vertex -7.70806 -14.0209 0
      vertex -9.63507 -17.5261 0
      vertex -8.57323 -13.5092 0
    endloop
  endfacet
  facet normal 0 0 -1
    outer loop
      vertex -10.7165 -16.8866 0
      vertex -8.57323 -13.5092 0
      vertex -9.63507 -17.5261 0
    endloop
  endfacet
  facet normal -0 0 -1
    outer loop
      vertex -8.57323 -13.5092 0
      vertex -10.7165 -16.8866 0
      vertex -9.40456 -12.9443 0
    endloop
  endfacet
  facet normal 0 0 -1
    outer loop
      vertex -11.7557 -16.1803 0
      vertex -9.40456 -12.9443 0
      vertex -10.7165 -16.8866 0
    endloop
  endfacet
  facet normal -0 0 -1
    outer loop
      vertex -9.40456 -12.9443 0
      vertex -11.7557 -16.1803 0
      vertex -10.1988 -12.3282 0
    endloop
  endfacet
  facet normal 0 0 -1
    outer loop
      vertex -12.7485 -15.4103 0
      vertex -10.1988 -12.3282 0
      vertex -11.7557 -16.1803 0
    endloop
  endfacet
  facet normal -0 0 -1
    outer loop
      vertex -10.1988 -12.3282 0
      vertex -12.7485 -15.4103 0
      vertex -10.9528 -11.6635 0
    endloop
  endfacet
  facet normal 0 0 -1
    outer loop
      vertex -13.6909 -14.5794 0
      vertex -10.9528 -11.6635 0
      vertex -12.7485 -15.4103 0
    endloop
  endfacet
  facet normal -0 0 -1
    outer loop
      vertex -10.9528 -11.6635 0
      vertex -13.6909 -14.5794 0
      vertex -11.6635 -10.9528 0
    endloop
  endfacet
  facet normal 0 0 -1
    outer loop
      vertex -14.5794 -13.6909 0
      vertex -11.6635 -10.9528 0
      vertex -13.6909 -14.5794 0
    endloop
  endfacet
  facet normal -0 0 -1
    outer loop
      vertex -11.6635 -10.9528 0
      vertex -14.5794 -13.6909 0
      vertex -12.3282 -10.1988 0
    endloop
  endfacet
  facet normal -0 0 -1
    outer loop
      vertex -12.3282 -10.1988 0
      vertex -14.5794 -13.6909 0
      vertex -12.9443 -9.40456 0
    endloop
  endfacet
  facet normal -0 0 -1
    outer loop
      vertex -12.9443 -9.40456 0
      vertex -14.5794 -13.6909 0
      vertex -13.5092 -8.57323 0
    endloop
  endfacet
  facet normal -0 0 -1
    outer loop
      vertex -13.5092 -8.57323 0
      vertex -14.5794 -13.6909 0
      vertex -14.0209 -7.70806 0
    endloop
  endfacet
  facet normal -0 0 -1
    outer loop
      vertex -14.0209 -7.70806 0
      vertex -14.5794 -13.6909 0
      vertex -14.4772 -6.81247 0
    endloop
  endfacet
  facet normal 0 0 -1
    outer loop
      vertex -14.5794 -13.6909 0
      vertex -14.8764 -5.88999 0
      vertex -14.4772 -6.81247 0
    endloop
  endfacet
  facet normal 0 0 -1
    outer loop
      vertex -14.5794 -13.6909 0
      vertex -15.2169 -4.94427 0
      vertex -14.8764 -5.88999 0
    endloop
  endfacet
  facet normal 0 0 -1
    outer loop
      vertex -36.4371 8.44753 0
      vertex -15.2169 -4.94427 0
      vertex -14.5794 -13.6909 0
    endloop
  endfacet
  facet normal 0 0 -1
    outer loop
      vertex -15.2169 -4.94427 0
      vertex -36.4371 8.44753 0
      vertex -15.4973 -3.97904 0
    endloop
  endfacet
  facet normal 0 0 -1
    outer loop
      vertex -15.4973 -3.97904 0
      vertex -36.4371 8.44753 0
      vertex -15.7166 -2.9981 0
    endloop
  endfacet
  facet normal 0 0 -1
    outer loop
      vertex -36.4371 8.44753 0
      vertex -16 0 0
      vertex -15.9684 -1.00465 0
    endloop
  endfacet
  facet normal 0 0 -1
    outer loop
      vertex -16 0 0
      vertex -19.681 34.8233 0
      vertex -17.4026 36.0159 0
    endloop
  endfacet
  facet normal 0 0 -1
    outer loop
      vertex -36.4371 8.44753 0
      vertex -15.9684 -1.00465 0
      vertex -15.8738 -2.00533 0
    endloop
  endfacet
  facet normal 0 0 -1
    outer loop
      vertex -16 0 0
      vertex -21.8779 33.4867 0
      vertex -19.681 34.8233 0
    endloop
  endfacet
  facet normal 0 0 -1
    outer loop
      vertex -15.7166 -2.9981 0
      vertex -36.4371 8.44753 0
      vertex -15.8738 -2.00533 0
    endloop
  endfacet
  facet normal 0 0 -1
    outer loop
      vertex -16 0 0
      vertex -23.9845 32.0116 0
      vertex -21.8779 33.4867 0
    endloop
  endfacet
  facet normal 0 0 -1
    outer loop
      vertex -16 0 0
      vertex -25.9919 30.4043 0
      vertex -23.9845 32.0116 0
    endloop
  endfacet
  facet normal 0 0 -1
    outer loop
      vertex -16 0 0
      vertex -27.8919 28.6713 0
      vertex -25.9919 30.4043 0
    endloop
  endfacet
  facet normal 0 0 -1
    outer loop
      vertex -16 0 0
      vertex -29.6766 26.8198 0
      vertex -27.8919 28.6713 0
    endloop
  endfacet
  facet normal 0 0 -1
    outer loop
      vertex -16 0 0
      vertex -31.3386 24.8574 0
      vertex -29.6766 26.8198 0
    endloop
  endfacet
  facet normal 0 0 -1
    outer loop
      vertex -16 0 0
      vertex -36.4371 8.44753 0
      vertex -35.5228 18.3884 0
    endloop
  endfacet
  facet normal 0 0 -1
    outer loop
      vertex -16 0 0
      vertex -32.8711 22.7923 0
      vertex -31.3386 24.8574 0
    endloop
  endfacet
  facet normal 0 0 -1
    outer loop
      vertex -16 0 0
      vertex -34.2678 20.633 0
      vertex -32.8711 22.7923 0
    endloop
  endfacet
  facet normal 0 0 -1
    outer loop
      vertex -16 0 0
      vertex -35.5228 18.3884 0
      vertex -34.2678 20.633 0
    endloop
  endfacet
  facet normal 0 0 -1
    outer loop
      vertex -36.4371 8.44753 0
      vertex -36.6309 16.0678 0
      vertex -35.5228 18.3884 0
    endloop
  endfacet
  facet normal 0 0 -1
    outer loop
      vertex -37.4711 13.9724 0
      vertex -36.4371 8.44753 0
      vertex -36.6513 8.67726 0
    endloop
  endfacet
  facet normal 0 0 -1
    outer loop
      vertex -37.4711 13.9724 0
      vertex -36.6513 8.67726 0
      vertex -36.8507 8.91998 0
    endloop
  endfacet
  facet normal 0 0 -1
    outer loop
      vertex -37.4711 13.9724 0
      vertex -36.8507 8.91998 0
      vertex -37.0344 9.17474 0
    endloop
  endfacet
  facet normal 0 0 -1
    outer loop
      vertex -37.4711 13.9724 0
      vertex -37.0344 9.17474 0
      vertex -37.2018 9.44054 0
    endloop
  endfacet
  facet normal 0 0 -1
    outer loop
      vertex -37.4711 13.9724 0
      vertex -37.2018 9.44054 0
      vertex -37.3522 9.71632 0
    endloop
  endfacet
  facet normal 0 0 -1
    outer loop
      vertex -36.4371 8.44753 0
      vertex -37.4711 13.9724 0
      vertex -36.6309 16.0678 0
    endloop
  endfacet
  facet normal 0 0 -1
    outer loop
      vertex -37.4849 10.001 0
      vertex -37.4711 13.9724 0
      vertex -37.3522 9.71632 0
    endloop
  endfacet
  facet normal 0 0 -1
    outer loop
      vertex -37.4849 10.001 0
      vertex -37.5877 13.6808 0
      vertex -37.4711 13.9724 0
    endloop
  endfacet
  facet normal 0 0 -1
    outer loop
      vertex -37.5995 10.2934 0
      vertex -37.5877 13.6808 0
      vertex -37.4849 10.001 0
    endloop
  endfacet
  facet normal 0 0 -1
    outer loop
      vertex -37.5995 10.2934 0
      vertex -37.6858 13.3824 0
      vertex -37.5877 13.6808 0
    endloop
  endfacet
  facet normal 0 0 -1
    outer loop
      vertex -37.6955 10.5925 0
      vertex -37.6858 13.3824 0
      vertex -37.5995 10.2934 0
    endloop
  endfacet
  facet normal 0 0 -1
    outer loop
      vertex -37.6955 10.5925 0
      vertex -37.765 13.0784 0
      vertex -37.6858 13.3824 0
    endloop
  endfacet
  facet normal 0 0 -1
    outer loop
      vertex -37.7726 10.897 0
      vertex -37.765 13.0784 0
      vertex -37.6955 10.5925 0
    endloop
  endfacet
  facet normal 0 0 -1
    outer loop
      vertex -37.7726 10.897 0
      vertex -37.8249 12.7701 0
      vertex -37.765 13.0784 0
    endloop
  endfacet
  facet normal 0 0 -1
    outer loop
      vertex -37.8304 11.2058 0
      vertex -37.8249 12.7701 0
      vertex -37.7726 10.897 0
    endloop
  endfacet
  facet normal 0 0 -1
    outer loop
      vertex -37.8304 11.2058 0
      vertex -37.8654 12.4586 0
      vertex -37.8249 12.7701 0
    endloop
  endfacet
  facet normal 0 0 -1
    outer loop
      vertex -37.8687 11.5175 0
      vertex -37.8654 12.4586 0
      vertex -37.8304 11.2058 0
    endloop
  endfacet
  facet normal 0 0 -1
    outer loop
      vertex -37.8687 11.5175 0
      vertex -37.8862 12.1452 0
      vertex -37.8654 12.4586 0
    endloop
  endfacet
  facet normal 0 -0 -1
    outer loop
      vertex -37.8862 12.1452 0
      vertex -37.8687 11.5175 0
      vertex -37.8873 11.8311 0
    endloop
  endfacet
  facet normal 0 0 -1
    outer loop
      vertex 15.8738 2.00533 0
      vertex 36.4371 8.44753 0
      vertex 15.9684 1.00465 0
    endloop
  endfacet
  facet normal 0 0 -1
    outer loop
      vertex 15.7166 2.9981 0
      vertex 36.4371 8.44753 0
      vertex 15.8738 2.00533 0
    endloop
  endfacet
  facet normal 0 0 -1
    outer loop
      vertex 15.4973 3.97904 0
      vertex 36.4371 8.44753 0
      vertex 15.7166 2.9981 0
    endloop
  endfacet
  facet normal 0 0 -1
    outer loop
      vertex 15.2169 4.94427 0
      vertex 36.4371 8.44753 0
      vertex 15.4973 3.97904 0
    endloop
  endfacet
  facet normal 0 0 -1
    outer loop
      vertex 14.8764 5.88999 0
      vertex 36.4371 8.44753 0
      vertex 15.2169 4.94427 0
    endloop
  endfacet
  facet normal 0 0 -1
    outer loop
      vertex 14.4772 6.81247 0
      vertex 36.4371 8.44753 0
      vertex 14.8764 5.88999 0
    endloop
  endfacet
  facet normal 0 0 -1
    outer loop
      vertex 35.5228 18.3884 0
      vertex 14.4772 6.81247 0
      vertex 14.0209 7.70806 0
    endloop
  endfacet
  facet normal 0 0 -1
    outer loop
      vertex 12.9443 9.40456 0
      vertex 32.8711 22.7923 0
      vertex 13.5092 8.57323 0
    endloop
  endfacet
  facet normal 0 0 -1
    outer loop
      vertex 11.6635 10.9528 0
      vertex 29.6766 26.8198 0
      vertex 12.3282 10.1988 0
    endloop
  endfacet
  facet normal -0 0 -1
    outer loop
      vertex 27.8919 28.6713 0
      vertex 10.9528 11.6635 0
      vertex 25.9919 30.4043 0
    endloop
  endfacet
  facet normal -0 0 -1
    outer loop
      vertex 25.9919 30.4043 0
      vertex 10.1988 12.3282 0
      vertex 23.9845 32.0116 0
    endloop
  endfacet
  facet normal 0 0 -1
    outer loop
      vertex 9.40456 12.9443 0
      vertex 23.9845 32.0116 0
      vertex 10.1988 12.3282 0
    endloop
  endfacet
  facet normal -0 0 -1
    outer loop
      vertex 23.9845 32.0116 0
      vertex 9.40456 12.9443 0
      vertex 21.8779 33.4867 0
    endloop
  endfacet
  facet normal 0 0 -1
    outer loop
      vertex 8.57323 13.5092 0
      vertex 21.8779 33.4867 0
      vertex 9.40456 12.9443 0
    endloop
  endfacet
  facet normal -0 0 -1
    outer loop
      vertex 21.8779 33.4867 0
      vertex 8.57323 13.5092 0
      vertex 19.681 34.8233 0
    endloop
  endfacet
  facet normal 0 0 -1
    outer loop
      vertex 7.70806 14.0209 0
      vertex 19.681 34.8233 0
      vertex 8.57323 13.5092 0
    endloop
  endfacet
  facet normal -0 0 -1
    outer loop
      vertex 19.681 34.8233 0
      vertex 7.70806 14.0209 0
      vertex 17.4026 36.0159 0
    endloop
  endfacet
  facet normal 0 0 -1
    outer loop
      vertex 6.81247 14.4772 0
      vertex 17.4026 36.0159 0
      vertex 7.70806 14.0209 0
    endloop
  endfacet
  facet normal -0 0 -1
    outer loop
      vertex 17.4026 36.0159 0
      vertex 6.81247 14.4772 0
      vertex 15.0524 37.0598 0
    endloop
  endfacet
  facet normal 0 0 -1
    outer loop
      vertex 5.88999 14.8764 0
      vertex 15.0524 37.0598 0
      vertex 6.81247 14.4772 0
    endloop
  endfacet
  facet normal -0 0 -1
    outer loop
      vertex 15.0524 37.0598 0
      vertex 5.88999 14.8764 0
      vertex 12.6399 37.9504 0
    endloop
  endfacet
  facet normal 0 0 -1
    outer loop
      vertex 4.94427 15.2169 0
      vertex 12.6399 37.9504 0
      vertex 5.88999 14.8764 0
    endloop
  endfacet
  facet normal -0 0 -1
    outer loop
      vertex 12.6399 37.9504 0
      vertex 4.94427 15.2169 0
      vertex 10.1752 38.6842 0
    endloop
  endfacet
  facet normal 0 0 -1
    outer loop
      vertex 3.97904 15.4973 0
      vertex 10.1752 38.6842 0
      vertex 4.94427 15.2169 0
    endloop
  endfacet
  facet normal -0 0 -1
    outer loop
      vertex 10.1752 38.6842 0
      vertex 3.97904 15.4973 0
      vertex 7.66842 39.2581 0
    endloop
  endfacet
  facet normal 0 0 -1
    outer loop
      vertex 2.9981 15.7166 0
      vertex 7.66842 39.2581 0
      vertex 3.97904 15.4973 0
    endloop
  endfacet
  facet normal -0 0 -1
    outer loop
      vertex 7.66842 39.2581 0
      vertex 2.9981 15.7166 0
      vertex 5.12996 39.6697 0
    endloop
  endfacet
  facet normal 0 0 -1
    outer loop
      vertex 2.00533 15.8738 0
      vertex 5.12996 39.6697 0
      vertex 2.9981 15.7166 0
    endloop
  endfacet
  facet normal -0 0 -1
    outer loop
      vertex 5.12996 39.6697 0
      vertex 2.00533 15.8738 0
      vertex 2.57029 39.9173 0
    endloop
  endfacet
  facet normal 0 0 -1
    outer loop
      vertex 1.00465 15.9684 0
      vertex 2.57029 39.9173 0
      vertex 2.00533 15.8738 0
    endloop
  endfacet
  facet normal 0 0 -1
    outer loop
      vertex 0 16 0
      vertex 2.57029 39.9173 0
      vertex 1.00465 15.9684 0
    endloop
  endfacet
  facet normal 0 0 -1
    outer loop
      vertex 0 16 0
      vertex 0 40 0
      vertex 2.57029 39.9173 0
    endloop
  endfacet
  facet normal 0 0 -1
    outer loop
      vertex -1.00465 15.9684 0
      vertex 0 40 0
      vertex 0 16 0
    endloop
  endfacet
  facet normal 0 0 -1
    outer loop
      vertex -2.57029 39.9173 0
      vertex -1.00465 15.9684 0
      vertex -2.00533 15.8738 0
    endloop
  endfacet
  facet normal 0 0 -1
    outer loop
      vertex -1.00465 15.9684 0
      vertex -2.57029 39.9173 0
      vertex 0 40 0
    endloop
  endfacet
  facet normal 0 0 -1
    outer loop
      vertex -5.12996 39.6697 0
      vertex -2.00533 15.8738 0
      vertex -2.9981 15.7166 0
    endloop
  endfacet
  facet normal 0 0 -1
    outer loop
      vertex -7.66842 39.2581 0
      vertex -2.9981 15.7166 0
      vertex -3.97904 15.4973 0
    endloop
  endfacet
  facet normal 0 0 -1
    outer loop
      vertex -10.1752 38.6842 0
      vertex -3.97904 15.4973 0
      vertex -4.94427 15.2169 0
    endloop
  endfacet
  facet normal 0 0 -1
    outer loop
      vertex -2.00533 15.8738 0
      vertex -5.12996 39.6697 0
      vertex -2.57029 39.9173 0
    endloop
  endfacet
  facet normal 0 0 -1
    outer loop
      vertex -12.6399 37.9504 0
      vertex -4.94427 15.2169 0
      vertex -5.88999 14.8764 0
    endloop
  endfacet
  facet normal 0 0 -1
    outer loop
      vertex -15.0524 37.0598 0
      vertex -5.88999 14.8764 0
      vertex -6.81247 14.4772 0
    endloop
  endfacet
  facet normal 0 0 -1
    outer loop
      vertex -2.9981 15.7166 0
      vertex -7.66842 39.2581 0
      vertex -5.12996 39.6697 0
    endloop
  endfacet
  facet normal 0 0 -1
    outer loop
      vertex -17.4026 36.0159 0
      vertex -6.81247 14.4772 0
      vertex -7.70806 14.0209 0
    endloop
  endfacet
  facet normal 0 0 -1
    outer loop
      vertex -17.4026 36.0159 0
      vertex -7.70806 14.0209 0
      vertex -8.57323 13.5092 0
    endloop
  endfacet
  facet normal 0 0 -1
    outer loop
      vertex -17.4026 36.0159 0
      vertex -8.57323 13.5092 0
      vertex -9.40456 12.9443 0
    endloop
  endfacet
  facet normal 0 0 -1
    outer loop
      vertex -3.97904 15.4973 0
      vertex -10.1752 38.6842 0
      vertex -7.66842 39.2581 0
    endloop
  endfacet
  facet normal 0 0 -1
    outer loop
      vertex -17.4026 36.0159 0
      vertex -9.40456 12.9443 0
      vertex -10.1988 12.3282 0
    endloop
  endfacet
  facet normal 0 0 -1
    outer loop
      vertex -17.4026 36.0159 0
      vertex -10.1988 12.3282 0
      vertex -10.9528 11.6635 0
    endloop
  endfacet
  facet normal 0 0 -1
    outer loop
      vertex -17.4026 36.0159 0
      vertex -10.9528 11.6635 0
      vertex -11.6635 10.9528 0
    endloop
  endfacet
  facet normal 0 0 -1
    outer loop
      vertex -17.4026 36.0159 0
      vertex -11.6635 10.9528 0
      vertex -12.3282 10.1988 0
    endloop
  endfacet
  facet normal 0 0 -1
    outer loop
      vertex -4.94427 15.2169 0
      vertex -12.6399 37.9504 0
      vertex -10.1752 38.6842 0
    endloop
  endfacet
  facet normal 0 0 -1
    outer loop
      vertex -17.4026 36.0159 0
      vertex -12.3282 10.1988 0
      vertex -12.9443 9.40456 0
    endloop
  endfacet
  facet normal 0 0 -1
    outer loop
      vertex -17.4026 36.0159 0
      vertex -12.9443 9.40456 0
      vertex -13.5092 8.57323 0
    endloop
  endfacet
  facet normal 0 0 -1
    outer loop
      vertex -17.4026 36.0159 0
      vertex -13.5092 8.57323 0
      vertex -14.0209 7.70806 0
    endloop
  endfacet
  facet normal 0 0 -1
    outer loop
      vertex -17.4026 36.0159 0
      vertex -14.0209 7.70806 0
      vertex -14.4772 6.81247 0
    endloop
  endfacet
  facet normal 0 0 -1
    outer loop
      vertex -17.4026 36.0159 0
      vertex -14.4772 6.81247 0
      vertex -14.8764 5.88999 0
    endloop
  endfacet
  facet normal 0 0 -1
    outer loop
      vertex -5.88999 14.8764 0
      vertex -15.0524 37.0598 0
      vertex -12.6399 37.9504 0
    endloop
  endfacet
  facet normal 0 0 -1
    outer loop
      vertex -17.4026 36.0159 0
      vertex -14.8764 5.88999 0
      vertex -15.2169 4.94427 0
    endloop
  endfacet
  facet normal 0 0 -1
    outer loop
      vertex -17.4026 36.0159 0
      vertex -15.2169 4.94427 0
      vertex -15.4973 3.97904 0
    endloop
  endfacet
  facet normal 0 0 -1
    outer loop
      vertex -17.4026 36.0159 0
      vertex -15.4973 3.97904 0
      vertex -15.7166 2.9981 0
    endloop
  endfacet
  facet normal 0 0 -1
    outer loop
      vertex -17.4026 36.0159 0
      vertex -15.7166 2.9981 0
      vertex -15.8738 2.00533 0
    endloop
  endfacet
  facet normal 0 0 -1
    outer loop
      vertex -17.4026 36.0159 0
      vertex -15.8738 2.00533 0
      vertex -15.9684 1.00465 0
    endloop
  endfacet
  facet normal 0 0 -1
    outer loop
      vertex -17.4026 36.0159 0
      vertex -15.9684 1.00465 0
      vertex -16 0 0
    endloop
  endfacet
  facet normal 0 0 -1
    outer loop
      vertex -6.81247 14.4772 0
      vertex -17.4026 36.0159 0
      vertex -15.0524 37.0598 0
    endloop
  endfacet
  facet normal 0.997805 0.0662232 0
    outer loop
      vertex 37.8862 12.1452 45
      vertex 37.8654 12.4586 0
      vertex 37.8654 12.4586 45
    endloop
  endfacet
  facet normal 0.997805 0.0662232 0
    outer loop
      vertex 37.8654 12.4586 0
      vertex 37.8862 12.1452 45
      vertex 37.8862 12.1452 0
    endloop
  endfacet
  facet normal 0.991654 0.128931 0
    outer loop
      vertex 37.8654 12.4586 45
      vertex 37.8249 12.7701 0
      vertex 37.8249 12.7701 45
    endloop
  endfacet
  facet normal 0.991654 0.128931 0
    outer loop
      vertex 37.8249 12.7701 0
      vertex 37.8654 12.4586 45
      vertex 37.8654 12.4586 0
    endloop
  endfacet
  facet normal 0.969408 -0.245456 0
    outer loop
      vertex 37.6955 10.5925 45
      vertex 37.7726 10.897 0
      vertex 37.7726 10.897 45
    endloop
  endfacet
  facet normal 0.969408 -0.245456 0
    outer loop
      vertex 37.7726 10.897 0
      vertex 37.6955 10.5925 45
      vertex 37.6955 10.5925 0
    endloop
  endfacet
  facet normal -0.726443 -0.687227 0
    outer loop
      vertex 29.3661 8.42285 15
      vertex 29.1502 8.65107 45
      vertex 29.1502 8.65107 15
    endloop
  endfacet
  facet normal -0.726443 -0.687227 0
    outer loop
      vertex 29.1502 8.65107 45
      vertex 29.3661 8.42285 15
      vertex 29.3661 8.42285 45
    endloop
  endfacet
  facet normal -0.245336 -0.969438 0
    outer loop
      vertex 31.5111 7.1644 15
      vertex 31.8156 7.08734 45
      vertex 31.5111 7.1644 45
    endloop
  endfacet
  facet normal -0.245336 -0.969438 -0
    outer loop
      vertex 31.8156 7.08734 45
      vertex 31.5111 7.1644 15
      vertex 31.8156 7.08734 15
    endloop
  endfacet
  facet normal -0.121856 -0.992548 0
    outer loop
      vertex 32.1243 7.02956 15
      vertex 32.4361 6.99128 45
      vertex 32.1243 7.02956 45
    endloop
  endfacet
  facet normal -0.121856 -0.992548 -0
    outer loop
      vertex 32.4361 6.99128 45
      vertex 32.1243 7.02956 15
      vertex 32.4361 6.99128 15
    endloop
  endfacet
  facet normal -0.682035 -0.73132 0
    outer loop
      vertex 29.3661 8.42285 15
      vertex 29.5958 8.20863 45
      vertex 29.3661 8.42285 45
    endloop
  endfacet
  facet normal -0.682035 -0.73132 -0
    outer loop
      vertex 29.5958 8.20863 45
      vertex 29.3661 8.42285 15
      vertex 29.5958 8.20863 15
    endloop
  endfacet
  facet normal 0.811122 -0.584877 0
    outer loop
      vertex 36.8507 8.91998 45
      vertex 37.0344 9.17474 0
      vertex 37.0344 9.17474 45
    endloop
  endfacet
  facet normal 0.811122 -0.584877 0
    outer loop
      vertex 37.0344 9.17474 0
      vertex 36.8507 8.91998 45
      vertex 36.8507 8.91998 0
    endloop
  endfacet
  facet normal 0.906367 -0.422492 0
    outer loop
      vertex 37.3522 9.71632 45
      vertex 37.4849 10.001 0
      vertex 37.4849 10.001 45
    endloop
  endfacet
  facet normal 0.906367 -0.422492 0
    outer loop
      vertex 37.4849 10.001 0
      vertex 37.3522 9.71632 45
      vertex 37.3522 9.71632 0
    endloop
  endfacet
  facet normal -0.874727 -0.484615 0
    outer loop
      vertex 28.5944 9.41049 15
      vertex 28.4422 9.68521 45
      vertex 28.4422 9.68521 15
    endloop
  endfacet
  facet normal -0.874727 -0.484615 0
    outer loop
      vertex 28.4422 9.68521 45
      vertex 28.5944 9.41049 15
      vertex 28.5944 9.41049 45
    endloop
  endfacet
  facet normal 0.772691 -0.634783 0
    outer loop
      vertex 36.6513 8.67726 45
      vertex 36.8507 8.91998 0
      vertex 36.8507 8.91998 45
    endloop
  endfacet
  facet normal 0.772691 -0.634783 0
    outer loop
      vertex 36.8507 8.91998 0
      vertex 36.6513 8.67726 45
      vertex 36.6513 8.67726 0
    endloop
  endfacet
  facet normal -0.5849 -0.811105 0
    outer loop
      vertex 29.8385 8.00926 15
      vertex 30.0933 7.82552 45
      vertex 29.8385 8.00926 45
    endloop
  endfacet
  facet normal -0.5849 -0.811105 -0
    outer loop
      vertex 30.0933 7.82552 45
      vertex 29.8385 8.00926 15
      vertex 30.0933 7.82552 15
    endloop
  endfacet
  facet normal -0.364823 -0.931077 0
    outer loop
      vertex 30.9195 7.37503 15
      vertex 31.212 7.26042 45
      vertex 30.9195 7.37503 45
    endloop
  endfacet
  facet normal -0.364823 -0.931077 -0
    outer loop
      vertex 31.212 7.26042 45
      vertex 30.9195 7.37503 15
      vertex 31.212 7.26042 15
    endloop
  endfacet
  facet normal 0.981644 0.190725 0
    outer loop
      vertex 37.8249 12.7701 45
      vertex 37.765 13.0784 0
      vertex 37.765 13.0784 45
    endloop
  endfacet
  facet normal 0.981644 0.190725 0
    outer loop
      vertex 37.765 13.0784 0
      vertex 37.8249 12.7701 45
      vertex 37.8249 12.7701 0
    endloop
  endfacet
  facet normal -0.928538 -0.371237 0
    outer loop
      vertex 28.3074 9.96896 15
      vertex 28.1908 10.2606 45
      vertex 28.1908 10.2606 15
    endloop
  endfacet
  facet normal -0.928538 -0.371237 0
    outer loop
      vertex 28.1908 10.2606 45
      vertex 28.3074 9.96896 15
      vertex 28.3074 9.96896 45
    endloop
  endfacet
  facet normal 0.94998 0.312309 0
    outer loop
      vertex 37.6858 13.3824 45
      vertex 37.5877 13.6808 0
      vertex 37.5877 13.6808 45
    endloop
  endfacet
  facet normal 0.94998 0.312309 0
    outer loop
      vertex 37.5877 13.6808 0
      vertex 37.6858 13.3824 45
      vertex 37.6858 13.3824 0
    endloop
  endfacet
  facet normal 0.967698 0.252111 0
    outer loop
      vertex 37.765 13.0784 45
      vertex 37.6858 13.3824 0
      vertex 37.6858 13.3824 45
    endloop
  endfacet
  facet normal 0.967698 0.252111 0
    outer loop
      vertex 37.6858 13.3824 0
      vertex 37.765 13.0784 45
      vertex 37.765 13.0784 0
    endloop
  endfacet
  facet normal 0.98293 -0.183981 0
    outer loop
      vertex 37.7726 10.897 45
      vertex 37.8304 11.2058 0
      vertex 37.8304 11.2058 45
    endloop
  endfacet
  facet normal 0.98293 -0.183981 0
    outer loop
      vertex 37.8304 11.2058 0
      vertex 37.7726 10.897 45
      vertex 37.7726 10.897 0
    endloop
  endfacet
  facet normal 0.484727 -0.874666 0
    outer loop
      vertex 35.1747 7.52362 15
      vertex 35.4495 7.67591 45
      vertex 35.1747 7.52362 45
    endloop
  endfacet
  facet normal 0.484727 -0.874666 0
    outer loop
      vertex 35.4495 7.67591 45
      vertex 35.1747 7.52362 15
      vertex 35.4495 7.67591 15
    endloop
  endfacet
  facet normal 0.538796 -0.842436 0
    outer loop
      vertex 35.4495 7.67591 15
      vertex 35.7141 7.84514 45
      vertex 35.4495 7.67591 45
    endloop
  endfacet
  facet normal 0.538796 -0.842436 0
    outer loop
      vertex 35.7141 7.84514 45
      vertex 35.4495 7.67591 15
      vertex 35.7141 7.84514 15
    endloop
  endfacet
  facet normal -0.0593212 -0.998239 0
    outer loop
      vertex 32.4361 6.99128 15
      vertex 32.7496 6.97265 45
      vertex 32.4361 6.99128 45
    endloop
  endfacet
  facet normal -0.0593212 -0.998239 -0
    outer loop
      vertex 32.7496 6.97265 45
      vertex 32.4361 6.99128 15
      vertex 32.7496 6.97265 15
    endloop
  endfacet
  facet normal -0.42272 -0.90626 0
    outer loop
      vertex 30.6349 7.50778 15
      vertex 30.9195 7.37503 45
      vertex 30.6349 7.50778 45
    endloop
  endfacet
  facet normal -0.42272 -0.90626 -0
    outer loop
      vertex 30.9195 7.37503 45
      vertex 30.6349 7.50778 15
      vertex 30.9195 7.37503 15
    endloop
  endfacet
  facet normal -0.478665 -0.877998 0
    outer loop
      vertex 30.3591 7.65814 15
      vertex 30.6349 7.50778 45
      vertex 30.3591 7.65814 45
    endloop
  endfacet
  facet normal -0.478665 -0.877998 -0
    outer loop
      vertex 30.6349 7.50778 45
      vertex 30.3591 7.65814 15
      vertex 30.6349 7.50778 15
    endloop
  endfacet
  facet normal -0.634757 -0.772712 0
    outer loop
      vertex 29.5958 8.20863 15
      vertex 29.8385 8.00926 45
      vertex 29.5958 8.20863 45
    endloop
  endfacet
  facet normal -0.634757 -0.772712 -0
    outer loop
      vertex 29.8385 8.00926 45
      vertex 29.5958 8.20863 15
      vertex 29.8385 8.00926 15
    endloop
  endfacet
  facet normal 0.731396 -0.681953 0
    outer loop
      vertex 36.4371 8.44753 15
      vertex 36.6513 8.67726 45
      vertex 36.4371 8.44753 45
    endloop
  endfacet
  facet normal 0.731396 -0.681953 0
    outer loop
      vertex 36.6513 8.67726 45
      vertex 36.4371 8.44753 15
      vertex 36.6513 8.67726 0
    endloop
  endfacet
  facet normal 0.731396 -0.681953 0
    outer loop
      vertex 36.6513 8.67726 0
      vertex 36.4371 8.44753 15
      vertex 36.4371 8.44753 0
    endloop
  endfacet
  facet normal 0.999994 0.00350205 0
    outer loop
      vertex 37.8873 11.8311 45
      vertex 37.8862 12.1452 0
      vertex 37.8862 12.1452 45
    endloop
  endfacet
  facet normal 0.999994 0.00350205 0
    outer loop
      vertex 37.8862 12.1452 0
      vertex 37.8873 11.8311 45
      vertex 37.8873 11.8311 0
    endloop
  endfacet
  facet normal -0.183977 -0.982931 0
    outer loop
      vertex 31.8156 7.08734 15
      vertex 32.1243 7.02956 45
      vertex 31.8156 7.08734 45
    endloop
  endfacet
  facet normal -0.183977 -0.982931 -0
    outer loop
      vertex 32.1243 7.02956 45
      vertex 31.8156 7.08734 15
      vertex 32.1243 7.02956 15
    endloop
  endfacet
  facet normal 0.128815 -0.991669 0
    outer loop
      vertex 33.3772 6.99457 15
      vertex 33.6886 7.03502 45
      vertex 33.3772 6.99457 45
    endloop
  endfacet
  facet normal 0.128815 -0.991669 0
    outer loop
      vertex 33.6886 7.03502 45
      vertex 33.3772 6.99457 15
      vertex 33.6886 7.03502 15
    endloop
  endfacet
  facet normal 0.992535 -0.121957 0
    outer loop
      vertex 37.8304 11.2058 45
      vertex 37.8687 11.5175 0
      vertex 37.8687 11.5175 45
    endloop
  endfacet
  facet normal 0.992535 -0.121957 0
    outer loop
      vertex 37.8687 11.5175 0
      vertex 37.8304 11.2058 45
      vertex 37.8304 11.2058 0
    endloop
  endfacet
  facet normal 0.00350205 -0.999994 0
    outer loop
      vertex 32.7496 6.97265 15
      vertex 33.0637 6.97375 45
      vertex 32.7496 6.97265 45
    endloop
  endfacet
  facet normal 0.00350205 -0.999994 0
    outer loop
      vertex 33.0637 6.97375 45
      vertex 32.7496 6.97265 15
      vertex 33.0637 6.97375 15
    endloop
  endfacet
  facet normal 0.312338 -0.949971 0
    outer loop
      vertex 34.3009 7.17413 15
      vertex 34.5993 7.27224 45
      vertex 34.3009 7.17413 45
    endloop
  endfacet
  facet normal 0.312338 -0.949971 0
    outer loop
      vertex 34.5993 7.27224 45
      vertex 34.3009 7.17413 15
      vertex 34.5993 7.27224 15
    endloop
  endfacet
  facet normal 0 0 1
    outer loop
      vertex 37.8862 12.1452 45
      vertex 37.8687 11.5175 45
      vertex 37.8873 11.8311 45
    endloop
  endfacet
  facet normal 0 0 1
    outer loop
      vertex 37.8654 12.4586 45
      vertex 37.8687 11.5175 45
      vertex 37.8862 12.1452 45
    endloop
  endfacet
  facet normal 0 0 1
    outer loop
      vertex 37.8654 12.4586 45
      vertex 37.8304 11.2058 45
      vertex 37.8687 11.5175 45
    endloop
  endfacet
  facet normal 0 0 1
    outer loop
      vertex 37.8249 12.7701 45
      vertex 37.8304 11.2058 45
      vertex 37.8654 12.4586 45
    endloop
  endfacet
  facet normal 0 0 1
    outer loop
      vertex 37.8249 12.7701 45
      vertex 37.7726 10.897 45
      vertex 37.8304 11.2058 45
    endloop
  endfacet
  facet normal 0 0 1
    outer loop
      vertex 37.765 13.0784 45
      vertex 37.7726 10.897 45
      vertex 37.8249 12.7701 45
    endloop
  endfacet
  facet normal 0 0 1
    outer loop
      vertex 37.765 13.0784 45
      vertex 37.6955 10.5925 45
      vertex 37.7726 10.897 45
    endloop
  endfacet
  facet normal 0 0 1
    outer loop
      vertex 37.6858 13.3824 45
      vertex 37.6955 10.5925 45
      vertex 37.765 13.0784 45
    endloop
  endfacet
  facet normal 0 0 1
    outer loop
      vertex 37.6858 13.3824 45
      vertex 37.5995 10.2934 45
      vertex 37.6955 10.5925 45
    endloop
  endfacet
  facet normal 0 0 1
    outer loop
      vertex 37.5877 13.6808 45
      vertex 37.5995 10.2934 45
      vertex 37.6858 13.3824 45
    endloop
  endfacet
  facet normal 0 0 1
    outer loop
      vertex 37.5877 13.6808 45
      vertex 37.4849 10.001 45
      vertex 37.5995 10.2934 45
    endloop
  endfacet
  facet normal 0 0 1
    outer loop
      vertex 37.4695 13.9758 45
      vertex 37.5877 13.6808 45
      vertex 37.4711 13.9724 45
    endloop
  endfacet
  facet normal 0 0 1
    outer loop
      vertex 37.5877 13.6808 45
      vertex 37.4695 13.9758 45
      vertex 37.4849 10.001 45
    endloop
  endfacet
  facet normal 0 0 1
    outer loop
      vertex 37.4695 13.9758 45
      vertex 37.3522 9.71632 45
      vertex 37.4849 10.001 45
    endloop
  endfacet
  facet normal 0 0 1
    outer loop
      vertex 37.4695 13.9758 45
      vertex 37.2018 9.44054 45
      vertex 37.3522 9.71632 45
    endloop
  endfacet
  facet normal 0 0 1
    outer loop
      vertex 37.4695 13.9758 45
      vertex 37.0344 9.17474 45
      vertex 37.2018 9.44054 45
    endloop
  endfacet
  facet normal 0 0 1
    outer loop
      vertex 37.4695 13.9758 45
      vertex 36.8507 8.91998 45
      vertex 37.0344 9.17474 45
    endloop
  endfacet
  facet normal 0 0 1
    outer loop
      vertex 37.4695 13.9758 45
      vertex 36.6513 8.67726 45
      vertex 36.8507 8.91998 45
    endloop
  endfacet
  facet normal 0 0 1
    outer loop
      vertex 27.4732 12.0509 45
      vertex 37.4695 13.9758 45
      vertex 36.6309 16.0678 45
    endloop
  endfacet
  facet normal 0 0 1
    outer loop
      vertex 37.4695 13.9758 45
      vertex 28.1908 10.2606 45
      vertex 36.6513 8.67726 45
    endloop
  endfacet
  facet normal 0 0 1
    outer loop
      vertex 36.6513 8.67726 45
      vertex 28.1908 10.2606 45
      vertex 36.4371 8.44753 45
    endloop
  endfacet
  facet normal 0 0 1
    outer loop
      vertex 36.4371 8.44753 45
      vertex 28.1908 10.2606 45
      vertex 36.2089 8.23171 45
    endloop
  endfacet
  facet normal 0 0 1
    outer loop
      vertex 36.2089 8.23171 45
      vertex 28.1908 10.2606 45
      vertex 35.9675 8.03065 45
    endloop
  endfacet
  facet normal 0 0 1
    outer loop
      vertex 27.4732 12.0509 45
      vertex 36.6309 16.0678 45
      vertex 35.5228 18.3884 45
    endloop
  endfacet
  facet normal 0 0 1
    outer loop
      vertex 35.9675 8.03065 45
      vertex 28.1908 10.2606 45
      vertex 35.7141 7.84514 45
    endloop
  endfacet
  facet normal 0 0 1
    outer loop
      vertex 35.7141 7.84514 45
      vertex 28.1908 10.2606 45
      vertex 35.4495 7.67591 45
    endloop
  endfacet
  facet normal 0 0 1
    outer loop
      vertex 35.4495 7.67591 45
      vertex 28.1908 10.2606 45
      vertex 35.1747 7.52362 45
    endloop
  endfacet
  facet normal 0 0 1
    outer loop
      vertex 35.1747 7.52362 45
      vertex 28.1908 10.2606 45
      vertex 34.891 7.38889 45
    endloop
  endfacet
  facet normal 0 0 1
    outer loop
      vertex 34.891 7.38889 45
      vertex 28.1908 10.2606 45
      vertex 34.5993 7.27224 45
    endloop
  endfacet
  facet normal 0 0 1
    outer loop
      vertex 26.6421 13.7913 45
      vertex 35.5228 18.3884 45
      vertex 34.2678 20.633 45
    endloop
  endfacet
  facet normal 0 0 1
    outer loop
      vertex 37.4695 13.9758 45
      vertex 27.4732 12.0509 45
      vertex 28.1908 10.2606 45
    endloop
  endfacet
  facet normal 0 0 1
    outer loop
      vertex 34.5993 7.27224 45
      vertex 28.1908 10.2606 45
      vertex 34.3009 7.17413 45
    endloop
  endfacet
  facet normal 0 0 1
    outer loop
      vertex 34.3009 7.17413 45
      vertex 28.1908 10.2606 45
      vertex 33.997 7.09496 45
    endloop
  endfacet
  facet normal 0 0 1
    outer loop
      vertex 33.997 7.09496 45
      vertex 28.1908 10.2606 45
      vertex 33.6886 7.03502 45
    endloop
  endfacet
  facet normal 0 0 1
    outer loop
      vertex 25.7008 15.4748 45
      vertex 34.2678 20.633 45
      vertex 32.8711 22.7923 45
    endloop
  endfacet
  facet normal 0 0 1
    outer loop
      vertex 33.6886 7.03502 45
      vertex 28.1908 10.2606 45
      vertex 33.3772 6.99457 45
    endloop
  endfacet
  facet normal 0 0 1
    outer loop
      vertex 33.3772 6.99457 45
      vertex 28.1908 10.2606 45
      vertex 33.0637 6.97375 45
    endloop
  endfacet
  facet normal 0 0 1
    outer loop
      vertex 33.0637 6.97375 45
      vertex 28.1908 10.2606 45
      vertex 32.7496 6.97265 45
    endloop
  endfacet
  facet normal 0 0 1
    outer loop
      vertex 32.7496 6.97265 45
      vertex 28.1908 10.2606 45
      vertex 32.4361 6.99128 45
    endloop
  endfacet
  facet normal 0 0 1
    outer loop
      vertex 32.4361 6.99128 45
      vertex 28.1908 10.2606 45
      vertex 32.1243 7.02956 45
    endloop
  endfacet
  facet normal 0 0 1
    outer loop
      vertex 24.6533 17.0942 45
      vertex 32.8711 22.7923 45
      vertex 31.3386 24.8574 45
    endloop
  endfacet
  facet normal 0 0 1
    outer loop
      vertex 32.1243 7.02956 45
      vertex 28.1908 10.2606 45
      vertex 31.8156 7.08734 45
    endloop
  endfacet
  facet normal 0 0 1
    outer loop
      vertex 31.8156 7.08734 45
      vertex 28.1908 10.2606 45
      vertex 31.5111 7.1644 45
    endloop
  endfacet
  facet normal 0 0 1
    outer loop
      vertex 31.5111 7.1644 45
      vertex 28.1908 10.2606 45
      vertex 31.212 7.26042 45
    endloop
  endfacet
  facet normal 0 0 1
    outer loop
      vertex 31.212 7.26042 45
      vertex 28.1908 10.2606 45
      vertex 30.9195 7.37503 45
    endloop
  endfacet
  facet normal 0 0 1
    outer loop
      vertex 30.9195 7.37503 45
      vertex 28.1908 10.2606 45
      vertex 30.6349 7.50778 45
    endloop
  endfacet
  facet normal 0 0 1
    outer loop
      vertex 30.6349 7.50778 45
      vertex 28.1908 10.2606 45
      vertex 30.3591 7.65814 45
    endloop
  endfacet
  facet normal 0 0 1
    outer loop
      vertex 23.504 18.6431 45
      vertex 31.3386 24.8574 45
      vertex 29.6766 26.8198 45
    endloop
  endfacet
  facet normal 0 0 1
    outer loop
      vertex 30.3591 7.65814 45
      vertex 28.1908 10.2606 45
      vertex 30.0933 7.82552 45
    endloop
  endfacet
  facet normal 0 0 1
    outer loop
      vertex 30.0933 7.82552 45
      vertex 28.1908 10.2606 45
      vertex 29.8385 8.00926 45
    endloop
  endfacet
  facet normal 0 0 1
    outer loop
      vertex 29.8385 8.00926 45
      vertex 28.1908 10.2606 45
      vertex 29.5958 8.20863 45
    endloop
  endfacet
  facet normal 0 0 1
    outer loop
      vertex 29.5958 8.20863 45
      vertex 28.1908 10.2606 45
      vertex 29.3661 8.42285 45
    endloop
  endfacet
  facet normal 0 0 1
    outer loop
      vertex 29.3661 8.42285 45
      vertex 28.1908 10.2606 45
      vertex 29.1502 8.65107 45
    endloop
  endfacet
  facet normal 0 0 1
    outer loop
      vertex 28.9492 8.8924 45
      vertex 28.1908 10.2606 45
      vertex 28.7637 9.14587 45
    endloop
  endfacet
  facet normal 0 0 1
    outer loop
      vertex 28.7637 9.14587 45
      vertex 28.1908 10.2606 45
      vertex 28.5944 9.41049 45
    endloop
  endfacet
  facet normal 0 0 1
    outer loop
      vertex 28.5944 9.41049 45
      vertex 28.1908 10.2606 45
      vertex 28.4422 9.68521 45
    endloop
  endfacet
  facet normal 0 0 1
    outer loop
      vertex 28.4422 9.68521 45
      vertex 28.1908 10.2606 45
      vertex 28.3074 9.96896 45
    endloop
  endfacet
  facet normal 0 0 1
    outer loop
      vertex 22.2574 20.1148 45
      vertex 29.6766 26.8198 45
      vertex 27.8919 28.6713 45
    endloop
  endfacet
  facet normal 0 0 1
    outer loop
      vertex 29.1502 8.65107 45
      vertex 28.1908 10.2606 45
      vertex 28.9492 8.8924 45
    endloop
  endfacet
  facet normal 0 0 1
    outer loop
      vertex 35.5228 18.3884 45
      vertex 26.6421 13.7913 45
      vertex 27.4732 12.0509 45
    endloop
  endfacet
  facet normal 0 0 1
    outer loop
      vertex 20.9189 21.5035 45
      vertex 27.8919 28.6713 45
      vertex 25.9919 30.4043 45
    endloop
  endfacet
  facet normal 0 0 1
    outer loop
      vertex 34.2678 20.633 45
      vertex 25.7008 15.4748 45
      vertex 26.6421 13.7913 45
    endloop
  endfacet
  facet normal 0 0 1
    outer loop
      vertex 32.8711 22.7923 45
      vertex 24.6533 17.0942 45
      vertex 25.7008 15.4748 45
    endloop
  endfacet
  facet normal 0 0 1
    outer loop
      vertex 19.4939 22.8032 45
      vertex 25.9919 30.4043 45
      vertex 23.9845 32.0116 45
    endloop
  endfacet
  facet normal 0 0 1
    outer loop
      vertex 31.3386 24.8574 45
      vertex 23.504 18.6431 45
      vertex 24.6533 17.0942 45
    endloop
  endfacet
  facet normal 0 0 1
    outer loop
      vertex 29.6766 26.8198 45
      vertex 22.2574 20.1148 45
      vertex 23.504 18.6431 45
    endloop
  endfacet
  facet normal 0 0 1
    outer loop
      vertex 17.9884 24.0087 45
      vertex 23.9845 32.0116 45
      vertex 21.8779 33.4867 45
    endloop
  endfacet
  facet normal 0 0 1
    outer loop
      vertex 27.8919 28.6713 45
      vertex 20.9189 21.5035 45
      vertex 22.2574 20.1148 45
    endloop
  endfacet
  facet normal 0 0 1
    outer loop
      vertex 16.4084 25.115 45
      vertex 21.8779 33.4867 45
      vertex 19.681 34.8233 45
    endloop
  endfacet
  facet normal 0 0 1
    outer loop
      vertex 25.9919 30.4043 45
      vertex 19.4939 22.8032 45
      vertex 20.9189 21.5035 45
    endloop
  endfacet
  facet normal 0 0 1
    outer loop
      vertex 23.9845 32.0116 45
      vertex 17.9884 24.0087 45
      vertex 19.4939 22.8032 45
    endloop
  endfacet
  facet normal 0 0 1
    outer loop
      vertex 14.7607 26.1175 45
      vertex 19.681 34.8233 45
      vertex 17.4026 36.0159 45
    endloop
  endfacet
  facet normal 0 0 1
    outer loop
      vertex 21.8779 33.4867 45
      vertex 16.4084 25.115 45
      vertex 17.9884 24.0087 45
    endloop
  endfacet
  facet normal 0 0 1
    outer loop
      vertex 13.052 27.012 45
      vertex 17.4026 36.0159 45
      vertex 15.0524 37.0598 45
    endloop
  endfacet
  facet normal 0 0 1
    outer loop
      vertex 19.681 34.8233 45
      vertex 14.7607 26.1175 45
      vertex 16.4084 25.115 45
    endloop
  endfacet
  facet normal 0 0 1
    outer loop
      vertex 17.4026 36.0159 45
      vertex 13.052 27.012 45
      vertex 14.7607 26.1175 45
    endloop
  endfacet
  facet normal 0 0 1
    outer loop
      vertex 11.2893 27.7948 45
      vertex 15.0524 37.0598 45
      vertex 12.6399 37.9504 45
    endloop
  endfacet
  facet normal 0 0 1
    outer loop
      vertex 15.0524 37.0598 45
      vertex 11.2893 27.7948 45
      vertex 13.052 27.012 45
    endloop
  endfacet
  facet normal 0 0 1
    outer loop
      vertex 9.47993 28.4628 45
      vertex 12.6399 37.9504 45
      vertex 10.1752 38.6842 45
    endloop
  endfacet
  facet normal 0 0 1
    outer loop
      vertex 12.6399 37.9504 45
      vertex 9.47993 28.4628 45
      vertex 11.2893 27.7948 45
    endloop
  endfacet
  facet normal 0 0 1
    outer loop
      vertex 7.6314 29.0131 45
      vertex 10.1752 38.6842 45
      vertex 7.66842 39.2581 45
    endloop
  endfacet
  facet normal 0 0 1
    outer loop
      vertex 10.1752 38.6842 45
      vertex 7.6314 29.0131 45
      vertex 9.47993 28.4628 45
    endloop
  endfacet
  facet normal 0 0 1
    outer loop
      vertex 7.66842 39.2581 45
      vertex 5.75132 29.4435 45
      vertex 7.6314 29.0131 45
    endloop
  endfacet
  facet normal 0 0 1
    outer loop
      vertex 5.12996 39.6697 45
      vertex 5.75132 29.4435 45
      vertex 7.66842 39.2581 45
    endloop
  endfacet
  facet normal 0 0 1
    outer loop
      vertex 5.12996 39.6697 45
      vertex 3.84747 29.7523 45
      vertex 5.75132 29.4435 45
    endloop
  endfacet
  facet normal 0 0 1
    outer loop
      vertex 2.57029 39.9173 45
      vertex 3.84747 29.7523 45
      vertex 5.12996 39.6697 45
    endloop
  endfacet
  facet normal 0 0 1
    outer loop
      vertex 2.57029 39.9173 45
      vertex 1.92772 29.938 45
      vertex 3.84747 29.7523 45
    endloop
  endfacet
  facet normal 0 0 1
    outer loop
      vertex 0 40 45
      vertex 1.92772 29.938 45
      vertex 2.57029 39.9173 45
    endloop
  endfacet
  facet normal 0 0 1
    outer loop
      vertex 0 40 45
      vertex 0 30 45
      vertex 1.92772 29.938 45
    endloop
  endfacet
  facet normal 0 0 1
    outer loop
      vertex 0 40 45
      vertex -1.92772 29.938 45
      vertex 0 30 45
    endloop
  endfacet
  facet normal -0 0 1
    outer loop
      vertex -2.57029 39.9173 45
      vertex -1.92772 29.938 45
      vertex 0 40 45
    endloop
  endfacet
  facet normal 0 0 1
    outer loop
      vertex -2.57029 39.9173 45
      vertex -3.84747 29.7523 45
      vertex -1.92772 29.938 45
    endloop
  endfacet
  facet normal -0 0 1
    outer loop
      vertex -5.12996 39.6697 45
      vertex -3.84747 29.7523 45
      vertex -2.57029 39.9173 45
    endloop
  endfacet
  facet normal 0 0 1
    outer loop
      vertex -5.12996 39.6697 45
      vertex -5.75132 29.4435 45
      vertex -3.84747 29.7523 45
    endloop
  endfacet
  facet normal -0 0 1
    outer loop
      vertex -7.66842 39.2581 45
      vertex -5.75132 29.4435 45
      vertex -5.12996 39.6697 45
    endloop
  endfacet
  facet normal 0 0 1
    outer loop
      vertex -5.75132 29.4435 45
      vertex -7.66842 39.2581 45
      vertex -7.6314 29.0131 45
    endloop
  endfacet
  facet normal -0 0 1
    outer loop
      vertex -10.1752 38.6842 45
      vertex -7.6314 29.0131 45
      vertex -7.66842 39.2581 45
    endloop
  endfacet
  facet normal 0 0 1
    outer loop
      vertex -7.6314 29.0131 45
      vertex -10.1752 38.6842 45
      vertex -9.47993 28.4628 45
    endloop
  endfacet
  facet normal -0 0 1
    outer loop
      vertex -12.6399 37.9504 45
      vertex -9.47993 28.4628 45
      vertex -10.1752 38.6842 45
    endloop
  endfacet
  facet normal 0 0 1
    outer loop
      vertex -9.47993 28.4628 45
      vertex -12.6399 37.9504 45
      vertex -11.2893 27.7948 45
    endloop
  endfacet
  facet normal -0 0 1
    outer loop
      vertex -15.0524 37.0598 45
      vertex -11.2893 27.7948 45
      vertex -12.6399 37.9504 45
    endloop
  endfacet
  facet normal 0 0 1
    outer loop
      vertex -11.2893 27.7948 45
      vertex -15.0524 37.0598 45
      vertex -13.052 27.012 45
    endloop
  endfacet
  facet normal -0 0 1
    outer loop
      vertex -17.4026 36.0159 45
      vertex -13.052 27.012 45
      vertex -15.0524 37.0598 45
    endloop
  endfacet
  facet normal 0 0 1
    outer loop
      vertex -13.052 27.012 45
      vertex -17.4026 36.0159 45
      vertex -14.7607 26.1175 45
    endloop
  endfacet
  facet normal -0 0 1
    outer loop
      vertex -19.681 34.8233 45
      vertex -14.7607 26.1175 45
      vertex -17.4026 36.0159 45
    endloop
  endfacet
  facet normal 0 0 1
    outer loop
      vertex -14.7607 26.1175 45
      vertex -19.681 34.8233 45
      vertex -16.4084 25.115 45
    endloop
  endfacet
  facet normal -0 0 1
    outer loop
      vertex -21.8779 33.4867 45
      vertex -16.4084 25.115 45
      vertex -19.681 34.8233 45
    endloop
  endfacet
  facet normal 0 0 1
    outer loop
      vertex -16.4084 25.115 45
      vertex -21.8779 33.4867 45
      vertex -17.9884 24.0087 45
    endloop
  endfacet
  facet normal -0 0 1
    outer loop
      vertex -23.9845 32.0116 45
      vertex -17.9884 24.0087 45
      vertex -21.8779 33.4867 45
    endloop
  endfacet
  facet normal 0 0 1
    outer loop
      vertex -17.9884 24.0087 45
      vertex -23.9845 32.0116 45
      vertex -19.4939 22.8032 45
    endloop
  endfacet
  facet normal -0 0 1
    outer loop
      vertex -25.9919 30.4043 45
      vertex -19.4939 22.8032 45
      vertex -23.9845 32.0116 45
    endloop
  endfacet
  facet normal 0 0 1
    outer loop
      vertex -19.4939 22.8032 45
      vertex -25.9919 30.4043 45
      vertex -20.9189 21.5035 45
    endloop
  endfacet
  facet normal -0 0 1
    outer loop
      vertex -27.8919 28.6713 45
      vertex -20.9189 21.5035 45
      vertex -25.9919 30.4043 45
    endloop
  endfacet
  facet normal 0 0 1
    outer loop
      vertex -20.9189 21.5035 45
      vertex -27.8919 28.6713 45
      vertex -22.2574 20.1148 45
    endloop
  endfacet
  facet normal -0 0 1
    outer loop
      vertex -29.6766 26.8198 45
      vertex -22.2574 20.1148 45
      vertex -27.8919 28.6713 45
    endloop
  endfacet
  facet normal 0 0 1
    outer loop
      vertex -22.2574 20.1148 45
      vertex -29.6766 26.8198 45
      vertex -23.504 18.6431 45
    endloop
  endfacet
  facet normal -0 0 1
    outer loop
      vertex -31.3386 24.8574 45
      vertex -23.504 18.6431 45
      vertex -29.6766 26.8198 45
    endloop
  endfacet
  facet normal 0 0 1
    outer loop
      vertex -23.504 18.6431 45
      vertex -31.3386 24.8574 45
      vertex -24.6533 17.0942 45
    endloop
  endfacet
  facet normal -0 0 1
    outer loop
      vertex -32.8711 22.7923 45
      vertex -24.6533 17.0942 45
      vertex -31.3386 24.8574 45
    endloop
  endfacet
  facet normal 0 0 1
    outer loop
      vertex -24.6533 17.0942 45
      vertex -32.8711 22.7923 45
      vertex -25.7008 15.4748 45
    endloop
  endfacet
  facet normal -0 0 1
    outer loop
      vertex -34.2678 20.633 45
      vertex -25.7008 15.4748 45
      vertex -32.8711 22.7923 45
    endloop
  endfacet
  facet normal 0 0 1
    outer loop
      vertex -26.6421 13.7913 45
      vertex -27.8987 12.2375 45
      vertex -27.4732 12.0509 45
    endloop
  endfacet
  facet normal 0 0 1
    outer loop
      vertex -25.7008 15.4748 45
      vertex -34.2678 20.633 45
      vertex -26.6421 13.7913 45
    endloop
  endfacet
  facet normal -0 0 1
    outer loop
      vertex -35.5228 18.3884 45
      vertex -26.6421 13.7913 45
      vertex -34.2678 20.633 45
    endloop
  endfacet
  facet normal 0 0 1
    outer loop
      vertex -26.6421 13.7913 45
      vertex -35.5228 18.3884 45
      vertex -27.8987 12.2375 45
    endloop
  endfacet
  facet normal -0 0 1
    outer loop
      vertex -36.0728 15.823 45
      vertex -27.8987 12.2375 45
      vertex -35.5228 18.3884 45
    endloop
  endfacet
  facet normal 0 0 1
    outer loop
      vertex -27.8987 12.2375 45
      vertex -36.0728 15.823 45
      vertex -27.9131 11.4828 45
    endloop
  endfacet
  facet normal 0 0 1
    outer loop
      vertex -27.9131 11.4828 45
      vertex -36.0728 15.823 45
      vertex -27.9536 11.1713 45
    endloop
  endfacet
  facet normal 0 0 1
    outer loop
      vertex -27.9536 11.1713 45
      vertex -36.0728 15.823 45
      vertex -28.0135 10.863 45
    endloop
  endfacet
  facet normal 0 0 1
    outer loop
      vertex -28.0135 10.863 45
      vertex -36.0728 15.823 45
      vertex -28.0927 10.559 45
    endloop
  endfacet
  facet normal 0 0 1
    outer loop
      vertex -28.0927 10.559 45
      vertex -36.0728 15.823 45
      vertex -28.1908 10.2606 45
    endloop
  endfacet
  facet normal 0 0 1
    outer loop
      vertex -28.1908 10.2606 45
      vertex -36.0728 15.823 45
      vertex -28.3074 9.96896 45
    endloop
  endfacet
  facet normal 0 0 1
    outer loop
      vertex -28.3074 9.96896 45
      vertex -36.0728 15.823 45
      vertex -28.4422 9.68521 45
    endloop
  endfacet
  facet normal 0 0 1
    outer loop
      vertex -28.4422 9.68521 45
      vertex -36.0728 15.823 45
      vertex -28.5944 9.41049 45
    endloop
  endfacet
  facet normal 0 0 1
    outer loop
      vertex -28.5944 9.41049 45
      vertex -36.0728 15.823 45
      vertex -28.7637 9.14587 45
    endloop
  endfacet
  facet normal 0 0 1
    outer loop
      vertex -28.7637 9.14587 45
      vertex -36.0728 15.823 45
      vertex -28.9492 8.8924 45
    endloop
  endfacet
  facet normal 0 0 1
    outer loop
      vertex -28.9492 8.8924 45
      vertex -36.0728 15.823 45
      vertex -29.1502 8.65107 45
    endloop
  endfacet
  facet normal 0 0 1
    outer loop
      vertex -29.1502 8.65107 45
      vertex -36.0728 15.823 45
      vertex -29.3661 8.42285 45
    endloop
  endfacet
  facet normal 0 0 1
    outer loop
      vertex -29.3661 8.42285 45
      vertex -36.0728 15.823 45
      vertex -29.5958 8.20863 45
    endloop
  endfacet
  facet normal 0 0 1
    outer loop
      vertex -29.5958 8.20863 45
      vertex -36.0728 15.823 45
      vertex -29.8385 8.00926 45
    endloop
  endfacet
  facet normal 0 0 1
    outer loop
      vertex -29.8385 8.00926 45
      vertex -36.0728 15.823 45
      vertex -30.0933 7.82552 45
    endloop
  endfacet
  facet normal 0 0 1
    outer loop
      vertex -30.0933 7.82552 45
      vertex -36.0728 15.823 45
      vertex -30.3591 7.65814 45
    endloop
  endfacet
  facet normal 0 0 1
    outer loop
      vertex -30.6349 7.50778 45
      vertex -36.0728 15.823 45
      vertex -30.9195 7.37503 45
    endloop
  endfacet
  facet normal 0 0 1
    outer loop
      vertex -30.9195 7.37503 45
      vertex -36.0728 15.823 45
      vertex -31.212 7.26042 45
    endloop
  endfacet
  facet normal 0 0 1
    outer loop
      vertex -31.212 7.26042 45
      vertex -36.0728 15.823 45
      vertex -31.5111 7.1644 45
    endloop
  endfacet
  facet normal 0 0 1
    outer loop
      vertex -31.5111 7.1644 45
      vertex -36.0728 15.823 45
      vertex -31.8156 7.08734 45
    endloop
  endfacet
  facet normal 0 0 1
    outer loop
      vertex -31.8156 7.08734 45
      vertex -36.0728 15.823 45
      vertex -32.1243 7.02956 45
    endloop
  endfacet
  facet normal 0 0 1
    outer loop
      vertex -32.1243 7.02956 45
      vertex -36.0728 15.823 45
      vertex -32.4361 6.99128 45
    endloop
  endfacet
  facet normal 0 0 1
    outer loop
      vertex -32.4361 6.99128 45
      vertex -36.0728 15.823 45
      vertex -32.7496 6.97265 45
    endloop
  endfacet
  facet normal 0 0 1
    outer loop
      vertex -32.7496 6.97265 45
      vertex -36.0728 15.823 45
      vertex -33.0637 6.97375 45
    endloop
  endfacet
  facet normal 0 0 1
    outer loop
      vertex -33.0637 6.97375 45
      vertex -36.0728 15.823 45
      vertex -33.3772 6.99457 45
    endloop
  endfacet
  facet normal 0 0 1
    outer loop
      vertex -33.3772 6.99457 45
      vertex -36.0728 15.823 45
      vertex -33.6886 7.03502 45
    endloop
  endfacet
  facet normal 0 0 1
    outer loop
      vertex -33.6886 7.03502 45
      vertex -36.0728 15.823 45
      vertex -33.997 7.09496 45
    endloop
  endfacet
  facet normal 0 0 1
    outer loop
      vertex -33.997 7.09496 45
      vertex -36.0728 15.823 45
      vertex -34.3009 7.17413 45
    endloop
  endfacet
  facet normal 0 0 1
    outer loop
      vertex -34.3009 7.17413 45
      vertex -36.0728 15.823 45
      vertex -34.5993 7.27224 45
    endloop
  endfacet
  facet normal 0 0 1
    outer loop
      vertex -34.5993 7.27224 45
      vertex -36.0728 15.823 45
      vertex -34.891 7.38889 45
    endloop
  endfacet
  facet normal 0 0 1
    outer loop
      vertex -34.891 7.38889 45
      vertex -36.0728 15.823 45
      vertex -35.1747 7.52362 45
    endloop
  endfacet
  facet normal 0 0 1
    outer loop
      vertex -30.3591 7.65814 45
      vertex -36.0728 15.823 45
      vertex -30.6349 7.50778 45
    endloop
  endfacet
  facet normal 0 0 1
    outer loop
      vertex -35.1747 7.52362 45
      vertex -36.0728 15.823 45
      vertex -35.4495 7.67591 45
    endloop
  endfacet
  facet normal 0 0 1
    outer loop
      vertex -35.4495 7.67591 45
      vertex -36.0728 15.823 45
      vertex -35.7141 7.84514 45
    endloop
  endfacet
  facet normal 0 0 1
    outer loop
      vertex -35.7141 7.84514 45
      vertex -36.0728 15.823 45
      vertex -35.9675 8.03065 45
    endloop
  endfacet
  facet normal 0 -0 1
    outer loop
      vertex -36.0728 15.823 45
      vertex -35.5228 18.3884 45
      vertex -36.6309 16.0678 45
    endloop
  endfacet
  facet normal 0 0 1
    outer loop
      vertex -27.8987 12.2375 45
      vertex -27.8923 11.7962 45
      vertex -27.8912 12.1103 45
    endloop
  endfacet
  facet normal 0 0 1
    outer loop
      vertex -27.8923 11.7962 45
      vertex -27.8987 12.2375 45
      vertex -27.9131 11.4828 45
    endloop
  endfacet
  facet normal 0 0 1
    outer loop
      vertex -36.4124 15.5186 45
      vertex -36.0728 15.823 45
      vertex -36.1827 15.7328 45
    endloop
  endfacet
  facet normal 0 0 1
    outer loop
      vertex -36.0728 15.823 45
      vertex -36.2089 8.23171 45
      vertex -35.9675 8.03065 45
    endloop
  endfacet
  facet normal 0 0 1
    outer loop
      vertex -36.0728 15.823 45
      vertex -36.4124 15.5186 45
      vertex -36.2089 8.23171 45
    endloop
  endfacet
  facet normal 0 0 1
    outer loop
      vertex -36.4124 15.5186 45
      vertex -36.4371 8.44753 45
      vertex -36.2089 8.23171 45
    endloop
  endfacet
  facet normal -0 0 1
    outer loop
      vertex -36.6282 15.2903 45
      vertex -36.4371 8.44753 45
      vertex -36.4124 15.5186 45
    endloop
  endfacet
  facet normal 0 0 1
    outer loop
      vertex -36.6282 15.2903 45
      vertex -36.6513 8.67726 45
      vertex -36.4371 8.44753 45
    endloop
  endfacet
  facet normal -0 0 1
    outer loop
      vertex -36.8293 15.049 45
      vertex -36.6513 8.67726 45
      vertex -36.6282 15.2903 45
    endloop
  endfacet
  facet normal 0 0 1
    outer loop
      vertex -36.8293 15.049 45
      vertex -36.8507 8.91998 45
      vertex -36.6513 8.67726 45
    endloop
  endfacet
  facet normal -0 0 1
    outer loop
      vertex -37.0148 14.7955 45
      vertex -36.8507 8.91998 45
      vertex -36.8293 15.049 45
    endloop
  endfacet
  facet normal 0 0 1
    outer loop
      vertex -37.0148 14.7955 45
      vertex -37.0344 9.17474 45
      vertex -36.8507 8.91998 45
    endloop
  endfacet
  facet normal -0 0 1
    outer loop
      vertex -37.184 14.5309 45
      vertex -37.0344 9.17474 45
      vertex -37.0148 14.7955 45
    endloop
  endfacet
  facet normal 0 0 1
    outer loop
      vertex -37.184 14.5309 45
      vertex -37.2018 9.44054 45
      vertex -37.0344 9.17474 45
    endloop
  endfacet
  facet normal -0 0 1
    outer loop
      vertex -37.3363 14.2562 45
      vertex -37.2018 9.44054 45
      vertex -37.184 14.5309 45
    endloop
  endfacet
  facet normal 0 0 1
    outer loop
      vertex -37.3363 14.2562 45
      vertex -37.3522 9.71632 45
      vertex -37.2018 9.44054 45
    endloop
  endfacet
  facet normal -0 0 1
    outer loop
      vertex -37.4711 13.9724 45
      vertex -37.3522 9.71632 45
      vertex -37.3363 14.2562 45
    endloop
  endfacet
  facet normal 0 0 1
    outer loop
      vertex -37.4711 13.9724 45
      vertex -37.4849 10.001 45
      vertex -37.3522 9.71632 45
    endloop
  endfacet
  facet normal -0 0 1
    outer loop
      vertex -37.5877 13.6808 45
      vertex -37.4849 10.001 45
      vertex -37.4711 13.9724 45
    endloop
  endfacet
  facet normal 0 0 1
    outer loop
      vertex -37.5877 13.6808 45
      vertex -37.5995 10.2934 45
      vertex -37.4849 10.001 45
    endloop
  endfacet
  facet normal -0 0 1
    outer loop
      vertex -37.6858 13.3824 45
      vertex -37.5995 10.2934 45
      vertex -37.5877 13.6808 45
    endloop
  endfacet
  facet normal 0 0 1
    outer loop
      vertex -37.6858 13.3824 45
      vertex -37.6955 10.5925 45
      vertex -37.5995 10.2934 45
    endloop
  endfacet
  facet normal -0 0 1
    outer loop
      vertex -37.765 13.0784 45
      vertex -37.6955 10.5925 45
      vertex -37.6858 13.3824 45
    endloop
  endfacet
  facet normal 0 0 1
    outer loop
      vertex -37.765 13.0784 45
      vertex -37.7726 10.897 45
      vertex -37.6955 10.5925 45
    endloop
  endfacet
  facet normal -0 0 1
    outer loop
      vertex -37.8249 12.7701 45
      vertex -37.7726 10.897 45
      vertex -37.765 13.0784 45
    endloop
  endfacet
  facet normal 0 0 1
    outer loop
      vertex -37.8249 12.7701 45
      vertex -37.8304 11.2058 45
      vertex -37.7726 10.897 45
    endloop
  endfacet
  facet normal -0 0 1
    outer loop
      vertex -37.8654 12.4586 45
      vertex -37.8304 11.2058 45
      vertex -37.8249 12.7701 45
    endloop
  endfacet
  facet normal 0 0 1
    outer loop
      vertex -37.8654 12.4586 45
      vertex -37.8687 11.5175 45
      vertex -37.8304 11.2058 45
    endloop
  endfacet
  facet normal -0 0 1
    outer loop
      vertex -37.8862 12.1452 45
      vertex -37.8687 11.5175 45
      vertex -37.8654 12.4586 45
    endloop
  endfacet
  facet normal 0 0 1
    outer loop
      vertex -37.8687 11.5175 45
      vertex -37.8862 12.1452 45
      vertex -37.8873 11.8311 45
    endloop
  endfacet
  facet normal -0.967698 0.252111 0
    outer loop
      vertex -37.765 13.0784 0
      vertex -37.6858 13.3824 45
      vertex -37.6858 13.3824 0
    endloop
  endfacet
  facet normal -0.967698 0.252111 0
    outer loop
      vertex -37.6858 13.3824 45
      vertex -37.765 13.0784 0
      vertex -37.765 13.0784 45
    endloop
  endfacet
  facet normal -0.94998 0.312309 0
    outer loop
      vertex -37.6858 13.3824 0
      vertex -37.5877 13.6808 45
      vertex -37.5877 13.6808 0
    endloop
  endfacet
  facet normal -0.94998 0.312309 0
    outer loop
      vertex -37.5877 13.6808 45
      vertex -37.6858 13.3824 0
      vertex -37.6858 13.3824 45
    endloop
  endfacet
  facet normal -0.190788 -0.981631 0
    outer loop
      vertex -33.997 7.09496 15
      vertex -33.6886 7.03502 45
      vertex -33.997 7.09496 45
    endloop
  endfacet
  facet normal -0.190788 -0.981631 -0
    outer loop
      vertex -33.6886 7.03502 45
      vertex -33.997 7.09496 15
      vertex -33.6886 7.03502 15
    endloop
  endfacet
  facet normal -0.0662655 -0.997802 0
    outer loop
      vertex -33.3772 6.99457 15
      vertex -33.0637 6.97375 45
      vertex -33.3772 6.99457 45
    endloop
  endfacet
  facet normal -0.0662655 -0.997802 -0
    outer loop
      vertex -33.0637 6.97375 45
      vertex -33.3772 6.99457 15
      vertex -33.0637 6.97375 15
    endloop
  endfacet
  facet normal 0.245336 -0.969438 0
    outer loop
      vertex -31.8156 7.08734 15
      vertex -31.5111 7.1644 45
      vertex -31.8156 7.08734 45
    endloop
  endfacet
  facet normal 0.245336 -0.969438 0
    outer loop
      vertex -31.5111 7.1644 45
      vertex -31.8156 7.08734 15
      vertex -31.5111 7.1644 15
    endloop
  endfacet
  facet normal -0.590708 -0.806886 0
    outer loop
      vertex -35.9675 8.03065 15
      vertex -35.7141 7.84514 45
      vertex -35.9675 8.03065 45
    endloop
  endfacet
  facet normal -0.590708 -0.806886 -0
    outer loop
      vertex -35.7141 7.84514 45
      vertex -35.9675 8.03065 15
      vertex -35.7141 7.84514 15
    endloop
  endfacet
  facet normal -0.846169 -0.532915 0
    outer loop
      vertex -37.0344 9.17474 0
      vertex -37.2018 9.44054 45
      vertex -37.2018 9.44054 0
    endloop
  endfacet
  facet normal -0.846169 -0.532915 0
    outer loop
      vertex -37.2018 9.44054 45
      vertex -37.0344 9.17474 0
      vertex -37.0344 9.17474 45
    endloop
  endfacet
  facet normal 0.928538 -0.371237 0
    outer loop
      vertex -28.3074 9.96896 45
      vertex -28.1908 10.2606 15
      vertex -28.1908 10.2606 45
    endloop
  endfacet
  facet normal 0.928538 -0.371237 0
    outer loop
      vertex -28.1908 10.2606 15
      vertex -28.3074 9.96896 45
      vertex -28.3074 9.96896 15
    endloop
  endfacet
  facet normal -0.992535 -0.121957 0
    outer loop
      vertex -37.8304 11.2058 0
      vertex -37.8687 11.5175 45
      vertex -37.8687 11.5175 0
    endloop
  endfacet
  facet normal -0.992535 -0.121957 0
    outer loop
      vertex -37.8687 11.5175 45
      vertex -37.8304 11.2058 0
      vertex -37.8304 11.2058 45
    endloop
  endfacet
  facet normal -0.811122 -0.584877 0
    outer loop
      vertex -36.8507 8.91998 0
      vertex -37.0344 9.17474 45
      vertex -37.0344 9.17474 0
    endloop
  endfacet
  facet normal -0.811122 -0.584877 0
    outer loop
      vertex -37.0344 9.17474 45
      vertex -36.8507 8.91998 0
      vertex -36.8507 8.91998 45
    endloop
  endfacet
  facet normal -0.87793 -0.47879 0
    outer loop
      vertex -37.2018 9.44054 0
      vertex -37.3522 9.71632 45
      vertex -37.3522 9.71632 0
    endloop
  endfacet
  facet normal -0.87793 -0.47879 0
    outer loop
      vertex -37.3522 9.71632 45
      vertex -37.2018 9.44054 0
      vertex -37.2018 9.44054 45
    endloop
  endfacet
  facet normal -0.731396 -0.681953 -0
    outer loop
      vertex -36.4371 8.44753 15
      vertex -36.6513 8.67726 0
      vertex -36.4371 8.44753 0
    endloop
  endfacet
  facet normal -0.731396 -0.681953 0
    outer loop
      vertex -36.6513 8.67726 0
      vertex -36.4371 8.44753 15
      vertex -36.6513 8.67726 45
    endloop
  endfacet
  facet normal -0.731396 -0.681953 0
    outer loop
      vertex -36.6513 8.67726 45
      vertex -36.4371 8.44753 15
      vertex -36.4371 8.44753 45
    endloop
  endfacet
  facet normal -0.931045 -0.364904 0
    outer loop
      vertex -37.4849 10.001 0
      vertex -37.5995 10.2934 45
      vertex -37.5995 10.2934 0
    endloop
  endfacet
  facet normal -0.931045 -0.364904 0
    outer loop
      vertex -37.5995 10.2934 45
      vertex -37.4849 10.001 0
      vertex -37.4849 10.001 45
    endloop
  endfacet
  facet normal -0.991654 0.128931 0
    outer loop
      vertex -37.8654 12.4586 0
      vertex -37.8249 12.7701 45
      vertex -37.8249 12.7701 0
    endloop
  endfacet
  facet normal -0.991654 0.128931 0
    outer loop
      vertex -37.8249 12.7701 45
      vertex -37.8654 12.4586 0
      vertex -37.8654 12.4586 45
    endloop
  endfacet
  facet normal 0.305665 -0.952139 0
    outer loop
      vertex -31.5111 7.1644 15
      vertex -31.212 7.26042 45
      vertex -31.5111 7.1644 45
    endloop
  endfacet
  facet normal 0.305665 -0.952139 0
    outer loop
      vertex -31.212 7.26042 45
      vertex -31.5111 7.1644 15
      vertex -31.212 7.26042 15
    endloop
  endfacet
  facet normal -0.928521 0.371281 0
    outer loop
      vertex -37.5877 13.6808 0
      vertex -37.4711 13.9724 15
      vertex -37.4711 13.9724 0
    endloop
  endfacet
  facet normal -0.928521 0.371281 0
    outer loop
      vertex -37.5877 13.6808 45
      vertex -37.4711 13.9724 15
      vertex -37.5877 13.6808 0
    endloop
  endfacet
  facet normal -0.928521 0.371281 0
    outer loop
      vertex -37.4711 13.9724 15
      vertex -37.5877 13.6808 45
      vertex -37.4711 13.9724 45
    endloop
  endfacet
  facet normal -0.371308 -0.92851 0
    outer loop
      vertex -34.891 7.38889 15
      vertex -34.5993 7.27224 45
      vertex -34.891 7.38889 45
    endloop
  endfacet
  facet normal -0.371308 -0.92851 -0
    outer loop
      vertex -34.5993 7.27224 45
      vertex -34.891 7.38889 15
      vertex -34.5993 7.27224 15
    endloop
  endfacet
  facet normal 0.903254 -0.429106 0
    outer loop
      vertex -28.4422 9.68521 45
      vertex -28.3074 9.96896 15
      vertex -28.3074 9.96896 45
    endloop
  endfacet
  facet normal 0.903254 -0.429106 0
    outer loop
      vertex -28.3074 9.96896 15
      vertex -28.4422 9.68521 45
      vertex -28.4422 9.68521 15
    endloop
  endfacet
  facet normal 0.5849 -0.811105 0
    outer loop
      vertex -30.0933 7.82552 15
      vertex -29.8385 8.00926 45
      vertex -30.0933 7.82552 45
    endloop
  endfacet
  facet normal 0.5849 -0.811105 0
    outer loop
      vertex -29.8385 8.00926 45
      vertex -30.0933 7.82552 15
      vertex -29.8385 8.00926 15
    endloop
  endfacet
  facet normal -0.128815 -0.991669 0
    outer loop
      vertex -33.6886 7.03502 15
      vertex -33.3772 6.99457 45
      vertex -33.6886 7.03502 45
    endloop
  endfacet
  facet normal -0.128815 -0.991669 -0
    outer loop
      vertex -33.3772 6.99457 45
      vertex -33.6886 7.03502 15
      vertex -33.3772 6.99457 15
    endloop
  endfacet
  facet normal -0.999994 0.00350205 0
    outer loop
      vertex -37.8873 11.8311 0
      vertex -37.8862 12.1452 45
      vertex -37.8862 12.1452 0
    endloop
  endfacet
  facet normal -0.999994 0.00350205 0
    outer loop
      vertex -37.8862 12.1452 45
      vertex -37.8873 11.8311 0
      vertex -37.8873 11.8311 45
    endloop
  endfacet
  facet normal -0.252099 -0.967701 0
    outer loop
      vertex -34.3009 7.17413 15
      vertex -33.997 7.09496 45
      vertex -34.3009 7.17413 45
    endloop
  endfacet
  facet normal -0.252099 -0.967701 -0
    outer loop
      vertex -33.997 7.09496 45
      vertex -34.3009 7.17413 15
      vertex -33.997 7.09496 15
    endloop
  endfacet
  facet normal 0.0593212 -0.998239 0
    outer loop
      vertex -32.7496 6.97265 15
      vertex -32.4361 6.99128 45
      vertex -32.7496 6.97265 45
    endloop
  endfacet
  facet normal 0.0593212 -0.998239 0
    outer loop
      vertex -32.4361 6.99128 45
      vertex -32.7496 6.97265 15
      vertex -32.4361 6.99128 15
    endloop
  endfacet
  facet normal -0.00350205 -0.999994 0
    outer loop
      vertex -33.0637 6.97375 15
      vertex -32.7496 6.97265 45
      vertex -33.0637 6.97375 45
    endloop
  endfacet
  facet normal -0.00350205 -0.999994 -0
    outer loop
      vertex -32.7496 6.97265 45
      vertex -33.0637 6.97375 15
      vertex -32.7496 6.97265 15
    endloop
  endfacet
  facet normal -0.952158 -0.305607 0
    outer loop
      vertex -37.5995 10.2934 0
      vertex -37.6955 10.5925 45
      vertex -37.6955 10.5925 0
    endloop
  endfacet
  facet normal -0.952158 -0.305607 0
    outer loop
      vertex -37.6955 10.5925 45
      vertex -37.5995 10.2934 0
      vertex -37.5995 10.2934 45
    endloop
  endfacet
  facet normal -0.98293 -0.183981 0
    outer loop
      vertex -37.7726 10.897 0
      vertex -37.8304 11.2058 45
      vertex -37.8304 11.2058 0
    endloop
  endfacet
  facet normal -0.98293 -0.183981 0
    outer loop
      vertex -37.8304 11.2058 45
      vertex -37.7726 10.897 0
      vertex -37.7726 10.897 45
    endloop
  endfacet
  facet normal 0.364823 -0.931077 0
    outer loop
      vertex -31.212 7.26042 15
      vertex -30.9195 7.37503 45
      vertex -31.212 7.26042 45
    endloop
  endfacet
  facet normal 0.364823 -0.931077 0
    outer loop
      vertex -30.9195 7.37503 45
      vertex -31.212 7.26042 15
      vertex -30.9195 7.37503 15
    endloop
  endfacet
  facet normal -0.906367 -0.422492 0
    outer loop
      vertex -37.3522 9.71632 0
      vertex -37.4849 10.001 45
      vertex -37.4849 10.001 0
    endloop
  endfacet
  facet normal -0.906367 -0.422492 0
    outer loop
      vertex -37.4849 10.001 45
      vertex -37.3522 9.71632 0
      vertex -37.3522 9.71632 45
    endloop
  endfacet
  facet normal 0.682035 -0.73132 0
    outer loop
      vertex -29.5958 8.20863 15
      vertex -29.3661 8.42285 45
      vertex -29.5958 8.20863 45
    endloop
  endfacet
  facet normal 0.682035 -0.73132 0
    outer loop
      vertex -29.3661 8.42285 45
      vertex -29.5958 8.20863 15
      vertex -29.3661 8.42285 15
    endloop
  endfacet
  facet normal -0.687124 -0.72654 0
    outer loop
      vertex -36.4371 8.44753 15
      vertex -36.2089 8.23171 45
      vertex -36.4371 8.44753 45
    endloop
  endfacet
  facet normal -0.687124 -0.72654 -0
    outer loop
      vertex -36.2089 8.23171 45
      vertex -36.4371 8.44753 15
      vertex -36.2089 8.23171 15
    endloop
  endfacet
  facet normal 0.806979 -0.590581 0
    outer loop
      vertex -28.9492 8.8924 45
      vertex -28.7637 9.14587 15
      vertex -28.7637 9.14587 45
    endloop
  endfacet
  facet normal 0.806979 -0.590581 0
    outer loop
      vertex -28.7637 9.14587 15
      vertex -28.9492 8.8924 45
      vertex -28.9492 8.8924 15
    endloop
  endfacet
  facet normal -0.428985 -0.903311 0
    outer loop
      vertex -35.1747 7.52362 15
      vertex -34.891 7.38889 45
      vertex -35.1747 7.52362 45
    endloop
  endfacet
  facet normal -0.428985 -0.903311 -0
    outer loop
      vertex -34.891 7.38889 45
      vertex -35.1747 7.52362 15
      vertex -34.891 7.38889 15
    endloop
  endfacet
  facet normal -0.904819 0.425797 0
    outer loop
      vertex -37.4711 13.9724 15
      vertex -37.4695 13.9758 45
      vertex -37.4695 13.9758 15
    endloop
  endfacet
  facet normal -0.904819 0.425797 0
    outer loop
      vertex -37.4695 13.9758 45
      vertex -37.4711 13.9724 15
      vertex -37.4711 13.9724 45
    endloop
  endfacet
  facet normal -0 0 1
    outer loop
      vertex -37.4695 13.9758 45
      vertex -37.4711 13.9724 45
      vertex -37.3363 14.2562 45
    endloop
  endfacet
  facet normal 0.532869 -0.846198 0
    outer loop
      vertex -30.3591 7.65814 15
      vertex -30.0933 7.82552 45
      vertex -30.3591 7.65814 45
    endloop
  endfacet
  facet normal 0.532869 -0.846198 0
    outer loop
      vertex -30.0933 7.82552 45
      vertex -30.3591 7.65814 15
      vertex -30.0933 7.82552 15
    endloop
  endfacet
  facet normal -0.997805 0.0662232 0
    outer loop
      vertex -37.8862 12.1452 0
      vertex -37.8654 12.4586 45
      vertex -37.8654 12.4586 0
    endloop
  endfacet
  facet normal -0.997805 0.0662232 0
    outer loop
      vertex -37.8654 12.4586 45
      vertex -37.8862 12.1452 0
      vertex -37.8862 12.1452 45
    endloop
  endfacet
  facet normal -0.969408 -0.245456 0
    outer loop
      vertex -37.6955 10.5925 0
      vertex -37.7726 10.897 45
      vertex -37.7726 10.897 0
    endloop
  endfacet
  facet normal -0.969408 -0.245456 0
    outer loop
      vertex -37.7726 10.897 45
      vertex -37.6955 10.5925 0
      vertex -37.6955 10.5925 45
    endloop
  endfacet
  facet normal -0.639984 -0.768388 0
    outer loop
      vertex -36.2089 8.23171 15
      vertex -35.9675 8.03065 45
      vertex -36.2089 8.23171 45
    endloop
  endfacet
  facet normal -0.639984 -0.768388 -0
    outer loop
      vertex -35.9675 8.03065 45
      vertex -36.2089 8.23171 15
      vertex -35.9675 8.03065 15
    endloop
  endfacet
  facet normal 0.726443 -0.687227 0
    outer loop
      vertex -29.3661 8.42285 45
      vertex -29.1502 8.65107 15
      vertex -29.1502 8.65107 45
    endloop
  endfacet
  facet normal 0.726443 -0.687227 0
    outer loop
      vertex -29.1502 8.65107 15
      vertex -29.3661 8.42285 45
      vertex -29.3661 8.42285 15
    endloop
  endfacet
  facet normal -0.312338 -0.949971 0
    outer loop
      vertex -34.5993 7.27224 15
      vertex -34.3009 7.17413 45
      vertex -34.5993 7.27224 45
    endloop
  endfacet
  facet normal -0.312338 -0.949971 -0
    outer loop
      vertex -34.3009 7.17413 45
      vertex -34.5993 7.27224 15
      vertex -34.3009 7.17413 15
    endloop
  endfacet
  facet normal -0.772691 -0.634783 0
    outer loop
      vertex -36.6513 8.67726 0
      vertex -36.8507 8.91998 45
      vertex -36.8507 8.91998 0
    endloop
  endfacet
  facet normal -0.772691 -0.634783 0
    outer loop
      vertex -36.8507 8.91998 45
      vertex -36.6513 8.67726 0
      vertex -36.6513 8.67726 45
    endloop
  endfacet
  facet normal -0.981644 0.190725 0
    outer loop
      vertex -37.8249 12.7701 0
      vertex -37.765 13.0784 45
      vertex -37.765 13.0784 0
    endloop
  endfacet
  facet normal -0.981644 0.190725 0
    outer loop
      vertex -37.765 13.0784 45
      vertex -37.8249 12.7701 0
      vertex -37.8249 12.7701 45
    endloop
  endfacet
  facet normal 0.634757 -0.772712 0
    outer loop
      vertex -29.8385 8.00926 15
      vertex -29.5958 8.20863 45
      vertex -29.8385 8.00926 45
    endloop
  endfacet
  facet normal 0.634757 -0.772712 0
    outer loop
      vertex -29.5958 8.20863 45
      vertex -29.8385 8.00926 15
      vertex -29.5958 8.20863 15
    endloop
  endfacet
  facet normal 0.478665 -0.877998 0
    outer loop
      vertex -30.6349 7.50778 15
      vertex -30.3591 7.65814 45
      vertex -30.6349 7.50778 45
    endloop
  endfacet
  facet normal 0.478665 -0.877998 0
    outer loop
      vertex -30.3591 7.65814 45
      vertex -30.6349 7.50778 15
      vertex -30.3591 7.65814 15
    endloop
  endfacet
  facet normal 0.768391 -0.639981 0
    outer loop
      vertex -29.1502 8.65107 45
      vertex -28.9492 8.8924 15
      vertex -28.9492 8.8924 45
    endloop
  endfacet
  facet normal 0.768391 -0.639981 0
    outer loop
      vertex -28.9492 8.8924 15
      vertex -29.1502 8.65107 45
      vertex -29.1502 8.65107 15
    endloop
  endfacet
  facet normal 0.42272 -0.90626 0
    outer loop
      vertex -30.9195 7.37503 15
      vertex -30.6349 7.50778 45
      vertex -30.9195 7.37503 45
    endloop
  endfacet
  facet normal 0.42272 -0.90626 0
    outer loop
      vertex -30.6349 7.50778 45
      vertex -30.9195 7.37503 15
      vertex -30.6349 7.50778 15
    endloop
  endfacet
  facet normal 0.842353 -0.538925 0
    outer loop
      vertex -28.7637 9.14587 45
      vertex -28.5944 9.41049 15
      vertex -28.5944 9.41049 45
    endloop
  endfacet
  facet normal 0.842353 -0.538925 0
    outer loop
      vertex -28.5944 9.41049 15
      vertex -28.7637 9.14587 45
      vertex -28.7637 9.14587 15
    endloop
  endfacet
  facet normal -0.998246 -0.0592072 0
    outer loop
      vertex -37.8687 11.5175 0
      vertex -37.8873 11.8311 45
      vertex -37.8873 11.8311 0
    endloop
  endfacet
  facet normal -0.998246 -0.0592072 0
    outer loop
      vertex -37.8873 11.8311 45
      vertex -37.8687 11.5175 0
      vertex -37.8687 11.5175 45
    endloop
  endfacet
  facet normal -0.484727 -0.874666 0
    outer loop
      vertex -35.4495 7.67591 15
      vertex -35.1747 7.52362 45
      vertex -35.4495 7.67591 45
    endloop
  endfacet
  facet normal -0.484727 -0.874666 -0
    outer loop
      vertex -35.1747 7.52362 45
      vertex -35.4495 7.67591 15
      vertex -35.1747 7.52362 15
    endloop
  endfacet
  facet normal 0.874727 -0.484615 0
    outer loop
      vertex -28.5944 9.41049 45
      vertex -28.4422 9.68521 15
      vertex -28.4422 9.68521 45
    endloop
  endfacet
  facet normal 0.874727 -0.484615 0
    outer loop
      vertex -28.4422 9.68521 15
      vertex -28.5944 9.41049 45
      vertex -28.5944 9.41049 15
    endloop
  endfacet
  facet normal 0 0 -1
    outer loop
      vertex -27.8917 12.1183 45
      vertex -27.8987 12.2375 45
      vertex -27.8912 12.1103 45
    endloop
  endfacet
  facet normal -0.538796 -0.842436 0
    outer loop
      vertex -35.7141 7.84514 15
      vertex -35.4495 7.67591 45
      vertex -35.7141 7.84514 45
    endloop
  endfacet
  facet normal -0.538796 -0.842436 -0
    outer loop
      vertex -35.4495 7.67591 45
      vertex -35.7141 7.84514 15
      vertex -35.4495 7.67591 15
    endloop
  endfacet
  facet normal 0.121856 -0.992548 0
    outer loop
      vertex -32.4361 6.99128 15
      vertex -32.1243 7.02956 45
      vertex -32.4361 6.99128 45
    endloop
  endfacet
  facet normal 0.121856 -0.992548 0
    outer loop
      vertex -32.1243 7.02956 45
      vertex -32.4361 6.99128 15
      vertex -32.1243 7.02956 15
    endloop
  endfacet
  facet normal 0.183977 -0.982931 0
    outer loop
      vertex -32.1243 7.02956 15
      vertex -31.8156 7.08734 45
      vertex -32.1243 7.02956 45
    endloop
  endfacet
  facet normal 0.183977 -0.982931 0
    outer loop
      vertex -31.8156 7.08734 45
      vertex -32.1243 7.02956 15
      vertex -31.8156 7.08734 15
    endloop
  endfacet
  facet normal 0.928201 0.372079 0
    outer loop
      vertex 37.4695 13.9758 45
      vertex 36.6309 16.0678 15
      vertex 36.6309 16.0678 45
    endloop
  endfacet
  facet normal 0.928201 0.372079 0
    outer loop
      vertex 36.6309 16.0678 15
      vertex 37.4695 13.9758 45
      vertex 37.4695 13.9758 15
    endloop
  endfacet
  facet normal -0.928212 -0.372052 0
    outer loop
      vertex 28.1908 10.2606 15
      vertex 27.4732 12.0509 45
      vertex 27.4732 12.0509 15
    endloop
  endfacet
  facet normal -0.928212 -0.372052 0
    outer loop
      vertex 27.4732 12.0509 45
      vertex 28.1908 10.2606 15
      vertex 28.1908 10.2606 45
    endloop
  endfacet
  facet normal 0.902399 0.430901 -0
    outer loop
      vertex 36.6309 16.0678 15
      vertex 35.5228 18.3884 45
      vertex 36.6309 16.0678 45
    endloop
  endfacet
  facet normal 0.902399 0.430901 0
    outer loop
      vertex 35.5228 18.3884 45
      vertex 36.6309 16.0678 15
      vertex 35.5228 18.3884 0
    endloop
  endfacet
  facet normal 0.902399 0.430901 0
    outer loop
      vertex 35.5228 18.3884 0
      vertex 36.6309 16.0678 15
      vertex 36.6309 16.0678 0
    endloop
  endfacet
  facet normal -0.902389 -0.430922 0
    outer loop
      vertex 27.4732 12.0509 15
      vertex 26.6421 13.7913 45
      vertex 26.6421 13.7913 15
    endloop
  endfacet
  facet normal -0.902389 -0.430922 0
    outer loop
      vertex 26.6421 13.7913 45
      vertex 27.4732 12.0509 15
      vertex 27.4732 12.0509 45
    endloop
  endfacet
  facet normal 0.872833 0.488018 0
    outer loop
      vertex 35.5228 18.3884 45
      vertex 34.2678 20.633 0
      vertex 34.2678 20.633 45
    endloop
  endfacet
  facet normal 0.872833 0.488018 0
    outer loop
      vertex 34.2678 20.633 0
      vertex 35.5228 18.3884 45
      vertex 35.5228 18.3884 0
    endloop
  endfacet
  facet normal -0.872829 -0.488027 0
    outer loop
      vertex 26.6421 13.7913 15
      vertex 25.7008 15.4748 45
      vertex 25.7008 15.4748 15
    endloop
  endfacet
  facet normal -0.872829 -0.488027 0
    outer loop
      vertex 25.7008 15.4748 45
      vertex 26.6421 13.7913 15
      vertex 26.6421 13.7913 45
    endloop
  endfacet
  facet normal 0.839658 0.543116 0
    outer loop
      vertex 34.2678 20.633 45
      vertex 32.8711 22.7923 0
      vertex 32.8711 22.7923 45
    endloop
  endfacet
  facet normal 0.839658 0.543116 0
    outer loop
      vertex 32.8711 22.7923 0
      vertex 34.2678 20.633 45
      vertex 34.2678 20.633 0
    endloop
  endfacet
  facet normal -0.839652 -0.543124 0
    outer loop
      vertex 25.7008 15.4748 15
      vertex 24.6533 17.0942 45
      vertex 24.6533 17.0942 15
    endloop
  endfacet
  facet normal -0.839652 -0.543124 0
    outer loop
      vertex 24.6533 17.0942 45
      vertex 25.7008 15.4748 15
      vertex 25.7008 15.4748 45
    endloop
  endfacet
  facet normal 0.803037 0.595929 0
    outer loop
      vertex 32.8711 22.7923 45
      vertex 31.3386 24.8574 0
      vertex 31.3386 24.8574 45
    endloop
  endfacet
  facet normal 0.803037 0.595929 0
    outer loop
      vertex 31.3386 24.8574 0
      vertex 32.8711 22.7923 45
      vertex 32.8711 22.7923 0
    endloop
  endfacet
  facet normal -0.803069 -0.595886 0
    outer loop
      vertex 24.6533 17.0942 15
      vertex 23.504 18.6431 45
      vertex 23.504 18.6431 15
    endloop
  endfacet
  facet normal -0.803069 -0.595886 0
    outer loop
      vertex 23.504 18.6431 45
      vertex 24.6533 17.0942 15
      vertex 24.6533 17.0942 45
    endloop
  endfacet
  facet normal 0.763097 0.646284 0
    outer loop
      vertex 31.3386 24.8574 45
      vertex 29.6766 26.8198 0
      vertex 29.6766 26.8198 45
    endloop
  endfacet
  facet normal 0.763097 0.646284 0
    outer loop
      vertex 29.6766 26.8198 0
      vertex 31.3386 24.8574 45
      vertex 31.3386 24.8574 0
    endloop
  endfacet
  facet normal -0.76305 -0.64634 0
    outer loop
      vertex 23.504 18.6431 15
      vertex 22.2574 20.1148 45
      vertex 22.2574 20.1148 15
    endloop
  endfacet
  facet normal -0.76305 -0.64634 0
    outer loop
      vertex 22.2574 20.1148 45
      vertex 23.504 18.6431 15
      vertex 23.504 18.6431 45
    endloop
  endfacet
  facet normal 0.719975 0.694 0
    outer loop
      vertex 29.6766 26.8198 45
      vertex 27.8919 28.6713 0
      vertex 27.8919 28.6713 45
    endloop
  endfacet
  facet normal 0.719975 0.694 0
    outer loop
      vertex 27.8919 28.6713 0
      vertex 29.6766 26.8198 45
      vertex 29.6766 26.8198 0
    endloop
  endfacet
  facet normal -0.720001 -0.693973 0
    outer loop
      vertex 22.2574 20.1148 15
      vertex 20.9189 21.5035 45
      vertex 20.9189 21.5035 15
    endloop
  endfacet
  facet normal -0.720001 -0.693973 0
    outer loop
      vertex 20.9189 21.5035 45
      vertex 22.2574 20.1148 15
      vertex 22.2574 20.1148 45
    endloop
  endfacet
  facet normal 0.673891 0.738831 -0
    outer loop
      vertex 27.8919 28.6713 0
      vertex 25.9919 30.4043 45
      vertex 27.8919 28.6713 45
    endloop
  endfacet
  facet normal 0.673891 0.738831 0
    outer loop
      vertex 25.9919 30.4043 45
      vertex 27.8919 28.6713 0
      vertex 25.9919 30.4043 0
    endloop
  endfacet
  facet normal -0.673877 -0.738843 0
    outer loop
      vertex 19.4939 22.8032 15
      vertex 20.9189 21.5035 45
      vertex 19.4939 22.8032 45
    endloop
  endfacet
  facet normal -0.673877 -0.738843 -0
    outer loop
      vertex 20.9189 21.5035 45
      vertex 19.4939 22.8032 15
      vertex 20.9189 21.5035 15
    endloop
  endfacet
  facet normal 0.625022 0.780607 -0
    outer loop
      vertex 25.9919 30.4043 0
      vertex 23.9845 32.0116 45
      vertex 25.9919 30.4043 45
    endloop
  endfacet
  facet normal 0.625022 0.780607 0
    outer loop
      vertex 23.9845 32.0116 45
      vertex 25.9919 30.4043 0
      vertex 23.9845 32.0116 0
    endloop
  endfacet
  facet normal -0.625043 -0.780591 0
    outer loop
      vertex 17.9884 24.0087 15
      vertex 19.4939 22.8032 45
      vertex 17.9884 24.0087 45
    endloop
  endfacet
  facet normal -0.625043 -0.780591 -0
    outer loop
      vertex 19.4939 22.8032 45
      vertex 17.9884 24.0087 15
      vertex 19.4939 22.8032 15
    endloop
  endfacet
  facet normal 0.573588 0.819144 -0
    outer loop
      vertex 23.9845 32.0116 0
      vertex 21.8779 33.4867 45
      vertex 23.9845 32.0116 45
    endloop
  endfacet
  facet normal 0.573588 0.819144 0
    outer loop
      vertex 21.8779 33.4867 45
      vertex 23.9845 32.0116 0
      vertex 21.8779 33.4867 0
    endloop
  endfacet
  facet normal -0.573567 -0.819159 0
    outer loop
      vertex 16.4084 25.115 15
      vertex 17.9884 24.0087 45
      vertex 16.4084 25.115 45
    endloop
  endfacet
  facet normal -0.573567 -0.819159 -0
    outer loop
      vertex 17.9884 24.0087 45
      vertex 16.4084 25.115 15
      vertex 17.9884 24.0087 15
    endloop
  endfacet
  facet normal 0.519764 0.85431 -0
    outer loop
      vertex 21.8779 33.4867 0
      vertex 19.681 34.8233 45
      vertex 21.8779 33.4867 45
    endloop
  endfacet
  facet normal 0.519764 0.85431 0
    outer loop
      vertex 19.681 34.8233 45
      vertex 21.8779 33.4867 0
      vertex 19.681 34.8233 0
    endloop
  endfacet
  facet normal -0.519778 -0.854302 0
    outer loop
      vertex 14.7607 26.1175 15
      vertex 16.4084 25.115 45
      vertex 14.7607 26.1175 45
    endloop
  endfacet
  facet normal -0.519778 -0.854302 -0
    outer loop
      vertex 16.4084 25.115 45
      vertex 14.7607 26.1175 15
      vertex 16.4084 25.115 15
    endloop
  endfacet
  facet normal 0.463748 0.885967 -0
    outer loop
      vertex 19.681 34.8233 0
      vertex 17.4026 36.0159 45
      vertex 19.681 34.8233 45
    endloop
  endfacet
  facet normal 0.463748 0.885967 0
    outer loop
      vertex 17.4026 36.0159 45
      vertex 19.681 34.8233 0
      vertex 17.4026 36.0159 0
    endloop
  endfacet
  facet normal -0.46379 -0.885945 0
    outer loop
      vertex 13.052 27.012 15
      vertex 14.7607 26.1175 45
      vertex 13.052 27.012 45
    endloop
  endfacet
  facet normal -0.46379 -0.885945 -0
    outer loop
      vertex 14.7607 26.1175 45
      vertex 13.052 27.012 15
      vertex 14.7607 26.1175 15
    endloop
  endfacet
  facet normal 0.405933 0.913903 -0
    outer loop
      vertex 17.4026 36.0159 0
      vertex 15.0524 37.0598 45
      vertex 17.4026 36.0159 45
    endloop
  endfacet
  facet normal 0.405933 0.913903 0
    outer loop
      vertex 15.0524 37.0598 45
      vertex 17.4026 36.0159 0
      vertex 15.0524 37.0598 0
    endloop
  endfacet
  facet normal -0.405869 -0.913931 0
    outer loop
      vertex 11.2893 27.7948 15
      vertex 13.052 27.012 45
      vertex 11.2893 27.7948 45
    endloop
  endfacet
  facet normal -0.405869 -0.913931 -0
    outer loop
      vertex 13.052 27.012 45
      vertex 11.2893 27.7948 15
      vertex 13.052 27.012 15
    endloop
  endfacet
  facet normal 0.346316 0.938118 -0
    outer loop
      vertex 15.0524 37.0598 0
      vertex 12.6399 37.9504 45
      vertex 15.0524 37.0598 45
    endloop
  endfacet
  facet normal 0.346316 0.938118 0
    outer loop
      vertex 12.6399 37.9504 45
      vertex 15.0524 37.0598 0
      vertex 12.6399 37.9504 0
    endloop
  endfacet
  facet normal -0.34634 -0.938109 0
    outer loop
      vertex 9.47993 28.4628 15
      vertex 11.2893 27.7948 45
      vertex 9.47993 28.4628 45
    endloop
  endfacet
  facet normal -0.34634 -0.938109 -0
    outer loop
      vertex 11.2893 27.7948 45
      vertex 9.47993 28.4628 15
      vertex 11.2893 27.7948 15
    endloop
  endfacet
  facet normal 0.285346 0.958425 -0
    outer loop
      vertex 12.6399 37.9504 0
      vertex 10.1752 38.6842 45
      vertex 12.6399 37.9504 45
    endloop
  endfacet
  facet normal 0.285346 0.958425 0
    outer loop
      vertex 10.1752 38.6842 45
      vertex 12.6399 37.9504 0
      vertex 10.1752 38.6842 0
    endloop
  endfacet
  facet normal -0.285321 -0.958432 0
    outer loop
      vertex 7.6314 29.0131 15
      vertex 9.47993 28.4628 45
      vertex 7.6314 29.0131 45
    endloop
  endfacet
  facet normal -0.285321 -0.958432 -0
    outer loop
      vertex 9.47993 28.4628 45
      vertex 7.6314 29.0131 15
      vertex 9.47993 28.4628 15
    endloop
  endfacet
  facet normal 0.223165 0.974781 -0
    outer loop
      vertex 10.1752 38.6842 0
      vertex 7.66842 39.2581 45
      vertex 10.1752 38.6842 45
    endloop
  endfacet
  facet normal 0.223165 0.974781 0
    outer loop
      vertex 7.66842 39.2581 45
      vertex 10.1752 38.6842 0
      vertex 7.66842 39.2581 0
    endloop
  endfacet
  facet normal -0.223154 -0.974783 0
    outer loop
      vertex 5.75132 29.4435 15
      vertex 7.6314 29.0131 45
      vertex 5.75132 29.4435 45
    endloop
  endfacet
  facet normal -0.223154 -0.974783 -0
    outer loop
      vertex 7.6314 29.0131 45
      vertex 5.75132 29.4435 15
      vertex 7.6314 29.0131 15
    endloop
  endfacet
  facet normal 0.160055 0.987108 -0
    outer loop
      vertex 7.66842 39.2581 0
      vertex 5.12996 39.6697 45
      vertex 7.66842 39.2581 45
    endloop
  endfacet
  facet normal 0.160055 0.987108 0
    outer loop
      vertex 5.12996 39.6697 45
      vertex 7.66842 39.2581 0
      vertex 5.12996 39.6697 0
    endloop
  endfacet
  facet normal -0.160105 -0.9871 0
    outer loop
      vertex 3.84747 29.7523 15
      vertex 5.75132 29.4435 45
      vertex 3.84747 29.7523 45
    endloop
  endfacet
  facet normal -0.160105 -0.9871 -0
    outer loop
      vertex 5.75132 29.4435 45
      vertex 3.84747 29.7523 15
      vertex 5.75132 29.4435 15
    endloop
  endfacet
  facet normal 0.0962818 0.995354 -0
    outer loop
      vertex 5.12996 39.6697 0
      vertex 2.57029 39.9173 45
      vertex 5.12996 39.6697 45
    endloop
  endfacet
  facet normal 0.0962818 0.995354 0
    outer loop
      vertex 2.57029 39.9173 45
      vertex 5.12996 39.6697 0
      vertex 2.57029 39.9173 0
    endloop
  endfacet
  facet normal -0.0962819 -0.995354 0
    outer loop
      vertex 1.92772 29.938 15
      vertex 3.84747 29.7523 45
      vertex 1.92772 29.938 45
    endloop
  endfacet
  facet normal -0.0962819 -0.995354 -0
    outer loop
      vertex 3.84747 29.7523 45
      vertex 1.92772 29.938 15
      vertex 3.84747 29.7523 15
    endloop
  endfacet
  facet normal 0.0321587 0.999483 -0
    outer loop
      vertex 2.57029 39.9173 0
      vertex 0 40 45
      vertex 2.57029 39.9173 45
    endloop
  endfacet
  facet normal 0.0321587 0.999483 0
    outer loop
      vertex 0 40 45
      vertex 2.57029 39.9173 0
      vertex 0 40 0
    endloop
  endfacet
  facet normal -0.0321457 -0.999483 0
    outer loop
      vertex 0 30 15
      vertex 1.92772 29.938 45
      vertex 0 30 45
    endloop
  endfacet
  facet normal -0.0321457 -0.999483 -0
    outer loop
      vertex 1.92772 29.938 45
      vertex 0 30 15
      vertex 1.92772 29.938 15
    endloop
  endfacet
  facet normal -0.0321587 0.999483 0
    outer loop
      vertex 0 40 0
      vertex -2.57029 39.9173 45
      vertex 0 40 45
    endloop
  endfacet
  facet normal -0.0321587 0.999483 0
    outer loop
      vertex -2.57029 39.9173 45
      vertex 0 40 0
      vertex -2.57029 39.9173 0
    endloop
  endfacet
  facet normal 0.0321457 -0.999483 0
    outer loop
      vertex -1.92772 29.938 15
      vertex 0 30 45
      vertex -1.92772 29.938 45
    endloop
  endfacet
  facet normal 0.0321457 -0.999483 0
    outer loop
      vertex 0 30 45
      vertex -1.92772 29.938 15
      vertex 0 30 15
    endloop
  endfacet
  facet normal -0.0962818 0.995354 0
    outer loop
      vertex -2.57029 39.9173 0
      vertex -5.12996 39.6697 45
      vertex -2.57029 39.9173 45
    endloop
  endfacet
  facet normal -0.0962818 0.995354 0
    outer loop
      vertex -5.12996 39.6697 45
      vertex -2.57029 39.9173 0
      vertex -5.12996 39.6697 0
    endloop
  endfacet
  facet normal 0.0962819 -0.995354 0
    outer loop
      vertex -3.84747 29.7523 15
      vertex -1.92772 29.938 45
      vertex -3.84747 29.7523 45
    endloop
  endfacet
  facet normal 0.0962819 -0.995354 0
    outer loop
      vertex -1.92772 29.938 45
      vertex -3.84747 29.7523 15
      vertex -1.92772 29.938 15
    endloop
  endfacet
  facet normal -0.160055 0.987108 0
    outer loop
      vertex -5.12996 39.6697 0
      vertex -7.66842 39.2581 45
      vertex -5.12996 39.6697 45
    endloop
  endfacet
  facet normal -0.160055 0.987108 0
    outer loop
      vertex -7.66842 39.2581 45
      vertex -5.12996 39.6697 0
      vertex -7.66842 39.2581 0
    endloop
  endfacet
  facet normal 0.160105 -0.9871 0
    outer loop
      vertex -5.75132 29.4435 15
      vertex -3.84747 29.7523 45
      vertex -5.75132 29.4435 45
    endloop
  endfacet
  facet normal 0.160105 -0.9871 0
    outer loop
      vertex -3.84747 29.7523 45
      vertex -5.75132 29.4435 15
      vertex -3.84747 29.7523 15
    endloop
  endfacet
  facet normal -0.223165 0.974781 0
    outer loop
      vertex -7.66842 39.2581 0
      vertex -10.1752 38.6842 45
      vertex -7.66842 39.2581 45
    endloop
  endfacet
  facet normal -0.223165 0.974781 0
    outer loop
      vertex -10.1752 38.6842 45
      vertex -7.66842 39.2581 0
      vertex -10.1752 38.6842 0
    endloop
  endfacet
  facet normal 0.223154 -0.974783 0
    outer loop
      vertex -7.6314 29.0131 15
      vertex -5.75132 29.4435 45
      vertex -7.6314 29.0131 45
    endloop
  endfacet
  facet normal 0.223154 -0.974783 0
    outer loop
      vertex -5.75132 29.4435 45
      vertex -7.6314 29.0131 15
      vertex -5.75132 29.4435 15
    endloop
  endfacet
  facet normal -0.285346 0.958425 0
    outer loop
      vertex -10.1752 38.6842 0
      vertex -12.6399 37.9504 45
      vertex -10.1752 38.6842 45
    endloop
  endfacet
  facet normal -0.285346 0.958425 0
    outer loop
      vertex -12.6399 37.9504 45
      vertex -10.1752 38.6842 0
      vertex -12.6399 37.9504 0
    endloop
  endfacet
  facet normal 0.285321 -0.958432 0
    outer loop
      vertex -9.47993 28.4628 15
      vertex -7.6314 29.0131 45
      vertex -9.47993 28.4628 45
    endloop
  endfacet
  facet normal 0.285321 -0.958432 0
    outer loop
      vertex -7.6314 29.0131 45
      vertex -9.47993 28.4628 15
      vertex -7.6314 29.0131 15
    endloop
  endfacet
  facet normal -0.346316 0.938118 0
    outer loop
      vertex -12.6399 37.9504 0
      vertex -15.0524 37.0598 45
      vertex -12.6399 37.9504 45
    endloop
  endfacet
  facet normal -0.346316 0.938118 0
    outer loop
      vertex -15.0524 37.0598 45
      vertex -12.6399 37.9504 0
      vertex -15.0524 37.0598 0
    endloop
  endfacet
  facet normal 0.34634 -0.938109 0
    outer loop
      vertex -11.2893 27.7948 15
      vertex -9.47993 28.4628 45
      vertex -11.2893 27.7948 45
    endloop
  endfacet
  facet normal 0.34634 -0.938109 0
    outer loop
      vertex -9.47993 28.4628 45
      vertex -11.2893 27.7948 15
      vertex -9.47993 28.4628 15
    endloop
  endfacet
  facet normal -0.405933 0.913903 0
    outer loop
      vertex -15.0524 37.0598 0
      vertex -17.4026 36.0159 45
      vertex -15.0524 37.0598 45
    endloop
  endfacet
  facet normal -0.405933 0.913903 0
    outer loop
      vertex -17.4026 36.0159 45
      vertex -15.0524 37.0598 0
      vertex -17.4026 36.0159 0
    endloop
  endfacet
  facet normal 0.405869 -0.913931 0
    outer loop
      vertex -13.052 27.012 15
      vertex -11.2893 27.7948 45
      vertex -13.052 27.012 45
    endloop
  endfacet
  facet normal 0.405869 -0.913931 0
    outer loop
      vertex -11.2893 27.7948 45
      vertex -13.052 27.012 15
      vertex -11.2893 27.7948 15
    endloop
  endfacet
  facet normal -0.463748 0.885967 0
    outer loop
      vertex -17.4026 36.0159 0
      vertex -19.681 34.8233 45
      vertex -17.4026 36.0159 45
    endloop
  endfacet
  facet normal -0.463748 0.885967 0
    outer loop
      vertex -19.681 34.8233 45
      vertex -17.4026 36.0159 0
      vertex -19.681 34.8233 0
    endloop
  endfacet
  facet normal 0.46379 -0.885945 0
    outer loop
      vertex -14.7607 26.1175 15
      vertex -13.052 27.012 45
      vertex -14.7607 26.1175 45
    endloop
  endfacet
  facet normal 0.46379 -0.885945 0
    outer loop
      vertex -13.052 27.012 45
      vertex -14.7607 26.1175 15
      vertex -13.052 27.012 15
    endloop
  endfacet
  facet normal -0.519764 0.85431 0
    outer loop
      vertex -19.681 34.8233 0
      vertex -21.8779 33.4867 45
      vertex -19.681 34.8233 45
    endloop
  endfacet
  facet normal -0.519764 0.85431 0
    outer loop
      vertex -21.8779 33.4867 45
      vertex -19.681 34.8233 0
      vertex -21.8779 33.4867 0
    endloop
  endfacet
  facet normal 0.519778 -0.854302 0
    outer loop
      vertex -16.4084 25.115 15
      vertex -14.7607 26.1175 45
      vertex -16.4084 25.115 45
    endloop
  endfacet
  facet normal 0.519778 -0.854302 0
    outer loop
      vertex -14.7607 26.1175 45
      vertex -16.4084 25.115 15
      vertex -14.7607 26.1175 15
    endloop
  endfacet
  facet normal -0.573588 0.819144 0
    outer loop
      vertex -21.8779 33.4867 0
      vertex -23.9845 32.0116 45
      vertex -21.8779 33.4867 45
    endloop
  endfacet
  facet normal -0.573588 0.819144 0
    outer loop
      vertex -23.9845 32.0116 45
      vertex -21.8779 33.4867 0
      vertex -23.9845 32.0116 0
    endloop
  endfacet
  facet normal 0.573567 -0.819159 0
    outer loop
      vertex -17.9884 24.0087 15
      vertex -16.4084 25.115 45
      vertex -17.9884 24.0087 45
    endloop
  endfacet
  facet normal 0.573567 -0.819159 0
    outer loop
      vertex -16.4084 25.115 45
      vertex -17.9884 24.0087 15
      vertex -16.4084 25.115 15
    endloop
  endfacet
  facet normal -0.625022 0.780607 0
    outer loop
      vertex -23.9845 32.0116 0
      vertex -25.9919 30.4043 45
      vertex -23.9845 32.0116 45
    endloop
  endfacet
  facet normal -0.625022 0.780607 0
    outer loop
      vertex -25.9919 30.4043 45
      vertex -23.9845 32.0116 0
      vertex -25.9919 30.4043 0
    endloop
  endfacet
  facet normal 0.625043 -0.780591 0
    outer loop
      vertex -19.4939 22.8032 15
      vertex -17.9884 24.0087 45
      vertex -19.4939 22.8032 45
    endloop
  endfacet
  facet normal 0.625043 -0.780591 0
    outer loop
      vertex -17.9884 24.0087 45
      vertex -19.4939 22.8032 15
      vertex -17.9884 24.0087 15
    endloop
  endfacet
  facet normal -0.673891 0.738831 0
    outer loop
      vertex -25.9919 30.4043 0
      vertex -27.8919 28.6713 45
      vertex -25.9919 30.4043 45
    endloop
  endfacet
  facet normal -0.673891 0.738831 0
    outer loop
      vertex -27.8919 28.6713 45
      vertex -25.9919 30.4043 0
      vertex -27.8919 28.6713 0
    endloop
  endfacet
  facet normal 0.673877 -0.738843 0
    outer loop
      vertex -20.9189 21.5035 15
      vertex -19.4939 22.8032 45
      vertex -20.9189 21.5035 45
    endloop
  endfacet
  facet normal 0.673877 -0.738843 0
    outer loop
      vertex -19.4939 22.8032 45
      vertex -20.9189 21.5035 15
      vertex -19.4939 22.8032 15
    endloop
  endfacet
  facet normal -0.719975 0.694 0
    outer loop
      vertex -29.6766 26.8198 0
      vertex -27.8919 28.6713 45
      vertex -27.8919 28.6713 0
    endloop
  endfacet
  facet normal -0.719975 0.694 0
    outer loop
      vertex -27.8919 28.6713 45
      vertex -29.6766 26.8198 0
      vertex -29.6766 26.8198 45
    endloop
  endfacet
  facet normal 0.720001 -0.693973 0
    outer loop
      vertex -22.2574 20.1148 45
      vertex -20.9189 21.5035 15
      vertex -20.9189 21.5035 45
    endloop
  endfacet
  facet normal 0.720001 -0.693973 0
    outer loop
      vertex -20.9189 21.5035 15
      vertex -22.2574 20.1148 45
      vertex -22.2574 20.1148 15
    endloop
  endfacet
  facet normal -0.763097 0.646284 0
    outer loop
      vertex -31.3386 24.8574 0
      vertex -29.6766 26.8198 45
      vertex -29.6766 26.8198 0
    endloop
  endfacet
  facet normal -0.763097 0.646284 0
    outer loop
      vertex -29.6766 26.8198 45
      vertex -31.3386 24.8574 0
      vertex -31.3386 24.8574 45
    endloop
  endfacet
  facet normal 0.76305 -0.64634 0
    outer loop
      vertex -23.504 18.6431 45
      vertex -22.2574 20.1148 15
      vertex -22.2574 20.1148 45
    endloop
  endfacet
  facet normal 0.76305 -0.64634 0
    outer loop
      vertex -22.2574 20.1148 15
      vertex -23.504 18.6431 45
      vertex -23.504 18.6431 15
    endloop
  endfacet
  facet normal -0.803037 0.595929 0
    outer loop
      vertex -32.8711 22.7923 0
      vertex -31.3386 24.8574 45
      vertex -31.3386 24.8574 0
    endloop
  endfacet
  facet normal -0.803037 0.595929 0
    outer loop
      vertex -31.3386 24.8574 45
      vertex -32.8711 22.7923 0
      vertex -32.8711 22.7923 45
    endloop
  endfacet
  facet normal 0.803069 -0.595886 0
    outer loop
      vertex -24.6533 17.0942 45
      vertex -23.504 18.6431 15
      vertex -23.504 18.6431 45
    endloop
  endfacet
  facet normal 0.803069 -0.595886 0
    outer loop
      vertex -23.504 18.6431 15
      vertex -24.6533 17.0942 45
      vertex -24.6533 17.0942 15
    endloop
  endfacet
  facet normal -0.839658 0.543116 0
    outer loop
      vertex -34.2678 20.633 0
      vertex -32.8711 22.7923 45
      vertex -32.8711 22.7923 0
    endloop
  endfacet
  facet normal -0.839658 0.543116 0
    outer loop
      vertex -32.8711 22.7923 45
      vertex -34.2678 20.633 0
      vertex -34.2678 20.633 45
    endloop
  endfacet
  facet normal 0.839652 -0.543124 0
    outer loop
      vertex -25.7008 15.4748 45
      vertex -24.6533 17.0942 15
      vertex -24.6533 17.0942 45
    endloop
  endfacet
  facet normal 0.839652 -0.543124 0
    outer loop
      vertex -24.6533 17.0942 15
      vertex -25.7008 15.4748 45
      vertex -25.7008 15.4748 15
    endloop
  endfacet
  facet normal -0.872833 0.488018 0
    outer loop
      vertex -35.5228 18.3884 0
      vertex -34.2678 20.633 45
      vertex -34.2678 20.633 0
    endloop
  endfacet
  facet normal -0.872833 0.488018 0
    outer loop
      vertex -34.2678 20.633 45
      vertex -35.5228 18.3884 0
      vertex -35.5228 18.3884 45
    endloop
  endfacet
  facet normal 0.872829 -0.488027 0
    outer loop
      vertex -26.6421 13.7913 45
      vertex -25.7008 15.4748 15
      vertex -25.7008 15.4748 45
    endloop
  endfacet
  facet normal 0.872829 -0.488027 0
    outer loop
      vertex -25.7008 15.4748 15
      vertex -26.6421 13.7913 45
      vertex -26.6421 13.7913 15
    endloop
  endfacet
  facet normal -0.902399 0.430901 0
    outer loop
      vertex -36.6309 16.0678 15
      vertex -35.5228 18.3884 0
      vertex -36.6309 16.0678 0
    endloop
  endfacet
  facet normal -0.902399 0.430901 0
    outer loop
      vertex -35.5228 18.3884 0
      vertex -36.6309 16.0678 15
      vertex -35.5228 18.3884 45
    endloop
  endfacet
  facet normal -0.902399 0.430901 0
    outer loop
      vertex -35.5228 18.3884 45
      vertex -36.6309 16.0678 15
      vertex -36.6309 16.0678 45
    endloop
  endfacet
  facet normal 0.902389 -0.430922 0
    outer loop
      vertex -27.4732 12.0509 45
      vertex -26.6421 13.7913 15
      vertex -26.6421 13.7913 45
    endloop
  endfacet
  facet normal 0.902389 -0.430922 0
    outer loop
      vertex -26.6421 13.7913 15
      vertex -27.4732 12.0509 45
      vertex -27.4732 12.0509 15
    endloop
  endfacet
  facet normal 0 0 1
    outer loop
      vertex -36.6309 16.0678 45
      vertex -36.1827 15.7328 45
      vertex -36.0728 15.823 45
    endloop
  endfacet
  facet normal 0 0 1
    outer loop
      vertex -36.6309 16.0678 45
      vertex -36.4124 15.5186 45
      vertex -36.1827 15.7328 45
    endloop
  endfacet
  facet normal 0 0 1
    outer loop
      vertex -36.6309 16.0678 45
      vertex -36.6282 15.2903 45
      vertex -36.4124 15.5186 45
    endloop
  endfacet
  facet normal 0 0 1
    outer loop
      vertex -36.6309 16.0678 45
      vertex -36.8293 15.049 45
      vertex -36.6282 15.2903 45
    endloop
  endfacet
  facet normal 0 0 1
    outer loop
      vertex -36.6309 16.0678 45
      vertex -37.0148 14.7955 45
      vertex -36.8293 15.049 45
    endloop
  endfacet
  facet normal 0 0 1
    outer loop
      vertex -36.6309 16.0678 45
      vertex -37.184 14.5309 45
      vertex -37.0148 14.7955 45
    endloop
  endfacet
  facet normal 0 0 1
    outer loop
      vertex -36.6309 16.0678 45
      vertex -37.3363 14.2562 45
      vertex -37.184 14.5309 45
    endloop
  endfacet
  facet normal 0 -0 1
    outer loop
      vertex -37.3363 14.2562 45
      vertex -36.6309 16.0678 45
      vertex -37.4695 13.9758 45
    endloop
  endfacet
  facet normal -0 -0 1
    outer loop
      vertex -27.8917 12.1183 45
      vertex -27.4732 12.0509 45
      vertex -27.8987 12.2375 45
    endloop
  endfacet
  facet normal 0 0 1
    outer loop
      vertex -27.4732 12.0509 45
      vertex -27.8917 12.1183 45
      vertex -27.8912 12.1103 45
    endloop
  endfacet
  facet normal 0 0 1
    outer loop
      vertex -27.8923 11.7962 45
      vertex -27.4732 12.0509 45
      vertex -27.8912 12.1103 45
    endloop
  endfacet
  facet normal 0 0 1
    outer loop
      vertex -27.9131 11.4828 45
      vertex -27.4732 12.0509 45
      vertex -27.8923 11.7962 45
    endloop
  endfacet
  facet normal 0 0 1
    outer loop
      vertex -27.9536 11.1713 45
      vertex -27.4732 12.0509 45
      vertex -27.9131 11.4828 45
    endloop
  endfacet
  facet normal 0 0 1
    outer loop
      vertex -28.0135 10.863 45
      vertex -27.4732 12.0509 45
      vertex -27.9536 11.1713 45
    endloop
  endfacet
  facet normal 0 0 1
    outer loop
      vertex -28.0927 10.559 45
      vertex -27.4732 12.0509 45
      vertex -28.0135 10.863 45
    endloop
  endfacet
  facet normal 0 0 1
    outer loop
      vertex -27.4732 12.0509 45
      vertex -28.0927 10.559 45
      vertex -28.1908 10.2606 45
    endloop
  endfacet
  facet normal -0.928201 0.372079 0
    outer loop
      vertex -37.4695 13.9758 15
      vertex -36.6309 16.0678 45
      vertex -36.6309 16.0678 15
    endloop
  endfacet
  facet normal -0.928201 0.372079 0
    outer loop
      vertex -36.6309 16.0678 45
      vertex -37.4695 13.9758 15
      vertex -37.4695 13.9758 45
    endloop
  endfacet
  facet normal 0.928212 -0.372052 0
    outer loop
      vertex -28.1908 10.2606 45
      vertex -27.4732 12.0509 15
      vertex -27.4732 12.0509 45
    endloop
  endfacet
  facet normal 0.928212 -0.372052 0
    outer loop
      vertex -27.4732 12.0509 15
      vertex -28.1908 10.2606 45
      vertex -28.1908 10.2606 15
    endloop
  endfacet
  facet normal 0.0940767 -0.995565 0
    outer loop
      vertex 1.25581 -19.9605 0
      vertex 2.50666 -19.8423 15
      vertex 1.25581 -19.9605 15
    endloop
  endfacet
  facet normal 0.0940767 -0.995565 0
    outer loop
      vertex 2.50666 -19.8423 15
      vertex 1.25581 -19.9605 0
      vertex 2.50666 -19.8423 0
    endloop
  endfacet
  facet normal -0.562116 -0.827058 0
    outer loop
      vertex -11.7557 -16.1803 0
      vertex -10.7165 -16.8866 15
      vertex -11.7557 -16.1803 15
    endloop
  endfacet
  facet normal -0.562116 -0.827058 -0
    outer loop
      vertex -10.7165 -16.8866 15
      vertex -11.7557 -16.1803 0
      vertex -10.7165 -16.8866 0
    endloop
  endfacet
  facet normal -0.453985 -0.891009 0
    outer loop
      vertex -9.63507 -17.5261 0
      vertex -8.51558 -18.0965 15
      vertex -9.63507 -17.5261 15
    endloop
  endfacet
  facet normal -0.453985 -0.891009 -0
    outer loop
      vertex -8.51558 -18.0965 15
      vertex -9.63507 -17.5261 0
      vertex -8.51558 -18.0965 0
    endloop
  endfacet
  facet normal -0.156473 -0.987682 0
    outer loop
      vertex -3.74763 -19.6457 0
      vertex -2.50666 -19.8423 15
      vertex -3.74763 -19.6457 15
    endloop
  endfacet
  facet normal -0.156473 -0.987682 -0
    outer loop
      vertex -2.50666 -19.8423 15
      vertex -3.74763 -19.6457 0
      vertex -2.50666 -19.8423 0
    endloop
  endfacet
  facet normal -0.0314383 -0.999506 0
    outer loop
      vertex -1.25581 -19.9605 0
      vertex 0 -20 15
      vertex -1.25581 -19.9605 15
    endloop
  endfacet
  facet normal -0.0314383 -0.999506 -0
    outer loop
      vertex 0 -20 15
      vertex -1.25581 -19.9605 0
      vertex 0 -20 0
    endloop
  endfacet
  facet normal -0.397157 -0.917751 0
    outer loop
      vertex -8.51558 -18.0965 0
      vertex -7.36249 -18.5955 15
      vertex -8.51558 -18.0965 15
    endloop
  endfacet
  facet normal -0.397157 -0.917751 -0
    outer loop
      vertex -7.36249 -18.5955 15
      vertex -8.51558 -18.0965 0
      vertex -7.36249 -18.5955 0
    endloop
  endfacet
  facet normal 0.279041 -0.960279 0
    outer loop
      vertex 4.9738 -19.3717 0
      vertex 6.18034 -19.0211 15
      vertex 4.9738 -19.3717 15
    endloop
  endfacet
  facet normal 0.279041 -0.960279 0
    outer loop
      vertex 6.18034 -19.0211 15
      vertex 4.9738 -19.3717 0
      vertex 6.18034 -19.0211 0
    endloop
  endfacet
  facet normal -0.509008 -0.860762 0
    outer loop
      vertex -10.7165 -16.8866 0
      vertex -9.63507 -17.5261 15
      vertex -10.7165 -16.8866 15
    endloop
  endfacet
  facet normal -0.509008 -0.860762 -0
    outer loop
      vertex -9.63507 -17.5261 15
      vertex -10.7165 -16.8866 0
      vertex -9.63507 -17.5261 0
    endloop
  endfacet
  facet normal -0.711604 -0.702581 0
    outer loop
      vertex -14.5794 -13.6909 0
      vertex -36.4371 8.44753 15
      vertex -36.4371 8.44753 0
    endloop
  endfacet
  facet normal -0.711604 -0.702581 0
    outer loop
      vertex -36.4371 8.44753 15
      vertex -14.5794 -13.6909 0
      vertex -14.5794 -13.6909 15
    endloop
  endfacet
  facet normal 0.0314383 -0.999506 0
    outer loop
      vertex 0 -20 0
      vertex 1.25581 -19.9605 15
      vertex 0 -20 15
    endloop
  endfacet
  facet normal 0.0314383 -0.999506 0
    outer loop
      vertex 1.25581 -19.9605 15
      vertex 0 -20 0
      vertex 1.25581 -19.9605 0
    endloop
  endfacet
  facet normal 0.61286 -0.790191 0
    outer loop
      vertex 11.7557 -16.1803 0
      vertex 12.7485 -15.4103 15
      vertex 11.7557 -16.1803 15
    endloop
  endfacet
  facet normal 0.61286 -0.790191 0
    outer loop
      vertex 12.7485 -15.4103 15
      vertex 11.7557 -16.1803 0
      vertex 12.7485 -15.4103 0
    endloop
  endfacet
  facet normal 0.928165 0.37217 0
    outer loop
      vertex 37.4711 13.9724 15
      vertex 36.6309 16.0678 0
      vertex 36.6309 16.0678 15
    endloop
  endfacet
  facet normal 0.928165 0.37217 0
    outer loop
      vertex 36.6309 16.0678 0
      vertex 37.4711 13.9724 15
      vertex 37.4711 13.9724 0
    endloop
  endfacet
  facet normal -0.61286 -0.790191 0
    outer loop
      vertex -12.7485 -15.4103 0
      vertex -11.7557 -16.1803 15
      vertex -12.7485 -15.4103 15
    endloop
  endfacet
  facet normal -0.61286 -0.790191 -0
    outer loop
      vertex -11.7557 -16.1803 15
      vertex -12.7485 -15.4103 0
      vertex -11.7557 -16.1803 0
    endloop
  endfacet
  facet normal -0.707107 -0.707107 0
    outer loop
      vertex -13.6909 -14.5794 0
      vertex -14.5794 -13.6909 15
      vertex -14.5794 -13.6909 0
    endloop
  endfacet
  facet normal -0.707107 -0.707107 0
    outer loop
      vertex -14.5794 -13.6909 15
      vertex -13.6909 -14.5794 0
      vertex -13.6909 -14.5794 15
    endloop
  endfacet
  facet normal 0.156473 -0.987682 0
    outer loop
      vertex 2.50666 -19.8423 0
      vertex 3.74763 -19.6457 15
      vertex 2.50666 -19.8423 15
    endloop
  endfacet
  facet normal 0.156473 -0.987682 0
    outer loop
      vertex 3.74763 -19.6457 15
      vertex 2.50666 -19.8423 0
      vertex 3.74763 -19.6457 0
    endloop
  endfacet
  facet normal 0.453985 -0.891009 0
    outer loop
      vertex 8.51558 -18.0965 0
      vertex 9.63507 -17.5261 15
      vertex 8.51558 -18.0965 15
    endloop
  endfacet
  facet normal 0.453985 -0.891009 0
    outer loop
      vertex 9.63507 -17.5261 15
      vertex 8.51558 -18.0965 0
      vertex 9.63507 -17.5261 0
    endloop
  endfacet
  facet normal 0.218081 -0.975931 0
    outer loop
      vertex 3.74763 -19.6457 0
      vertex 4.9738 -19.3717 15
      vertex 3.74763 -19.6457 15
    endloop
  endfacet
  facet normal 0.218081 -0.975931 0
    outer loop
      vertex 4.9738 -19.3717 15
      vertex 3.74763 -19.6457 0
      vertex 4.9738 -19.3717 0
    endloop
  endfacet
  facet normal -0.66134 -0.750086 0
    outer loop
      vertex -13.6909 -14.5794 0
      vertex -12.7485 -15.4103 15
      vertex -13.6909 -14.5794 15
    endloop
  endfacet
  facet normal -0.66134 -0.750086 -0
    outer loop
      vertex -12.7485 -15.4103 15
      vertex -13.6909 -14.5794 0
      vertex -12.7485 -15.4103 0
    endloop
  endfacet
  facet normal -0.279041 -0.960279 0
    outer loop
      vertex -6.18034 -19.0211 0
      vertex -4.9738 -19.3717 15
      vertex -6.18034 -19.0211 15
    endloop
  endfacet
  facet normal -0.279041 -0.960279 -0
    outer loop
      vertex -4.9738 -19.3717 15
      vertex -6.18034 -19.0211 0
      vertex -4.9738 -19.3717 0
    endloop
  endfacet
  facet normal 0.338738 -0.940881 0
    outer loop
      vertex 6.18034 -19.0211 0
      vertex 7.36249 -18.5955 15
      vertex 6.18034 -19.0211 15
    endloop
  endfacet
  facet normal 0.338738 -0.940881 0
    outer loop
      vertex 7.36249 -18.5955 15
      vertex 6.18034 -19.0211 0
      vertex 7.36249 -18.5955 0
    endloop
  endfacet
  facet normal -0.338738 -0.940881 0
    outer loop
      vertex -7.36249 -18.5955 0
      vertex -6.18034 -19.0211 15
      vertex -7.36249 -18.5955 15
    endloop
  endfacet
  facet normal -0.338738 -0.940881 -0
    outer loop
      vertex -6.18034 -19.0211 15
      vertex -7.36249 -18.5955 0
      vertex -6.18034 -19.0211 0
    endloop
  endfacet
  facet normal -0.0940767 -0.995565 0
    outer loop
      vertex -2.50666 -19.8423 0
      vertex -1.25581 -19.9605 15
      vertex -2.50666 -19.8423 15
    endloop
  endfacet
  facet normal -0.0940767 -0.995565 -0
    outer loop
      vertex -1.25581 -19.9605 15
      vertex -2.50666 -19.8423 0
      vertex -1.25581 -19.9605 0
    endloop
  endfacet
  facet normal 0.711604 -0.702581 0
    outer loop
      vertex 14.5794 -13.6909 15
      vertex 36.4371 8.44753 0
      vertex 36.4371 8.44753 15
    endloop
  endfacet
  facet normal 0.711604 -0.702581 0
    outer loop
      vertex 36.4371 8.44753 0
      vertex 14.5794 -13.6909 15
      vertex 14.5794 -13.6909 0
    endloop
  endfacet
  facet normal 0.562116 -0.827058 0
    outer loop
      vertex 10.7165 -16.8866 0
      vertex 11.7557 -16.1803 15
      vertex 10.7165 -16.8866 15
    endloop
  endfacet
  facet normal 0.562116 -0.827058 0
    outer loop
      vertex 11.7557 -16.1803 15
      vertex 10.7165 -16.8866 0
      vertex 11.7557 -16.1803 0
    endloop
  endfacet
  facet normal 0.66134 -0.750086 0
    outer loop
      vertex 12.7485 -15.4103 0
      vertex 13.6909 -14.5794 15
      vertex 12.7485 -15.4103 15
    endloop
  endfacet
  facet normal 0.66134 -0.750086 0
    outer loop
      vertex 13.6909 -14.5794 15
      vertex 12.7485 -15.4103 0
      vertex 13.6909 -14.5794 0
    endloop
  endfacet
  facet normal 0.397157 -0.917751 0
    outer loop
      vertex 7.36249 -18.5955 0
      vertex 8.51558 -18.0965 15
      vertex 7.36249 -18.5955 15
    endloop
  endfacet
  facet normal 0.397157 -0.917751 0
    outer loop
      vertex 8.51558 -18.0965 15
      vertex 7.36249 -18.5955 0
      vertex 8.51558 -18.0965 0
    endloop
  endfacet
  facet normal -0.218081 -0.975931 0
    outer loop
      vertex -4.9738 -19.3717 0
      vertex -3.74763 -19.6457 15
      vertex -4.9738 -19.3717 15
    endloop
  endfacet
  facet normal -0.218081 -0.975931 -0
    outer loop
      vertex -3.74763 -19.6457 15
      vertex -4.9738 -19.3717 0
      vertex -3.74763 -19.6457 0
    endloop
  endfacet
  facet normal 0.707107 -0.707107 0
    outer loop
      vertex 13.6909 -14.5794 15
      vertex 14.5794 -13.6909 0
      vertex 14.5794 -13.6909 15
    endloop
  endfacet
  facet normal 0.707107 -0.707107 0
    outer loop
      vertex 14.5794 -13.6909 0
      vertex 13.6909 -14.5794 15
      vertex 13.6909 -14.5794 0
    endloop
  endfacet
  facet normal 0.509008 -0.860762 0
    outer loop
      vertex 9.63507 -17.5261 0
      vertex 10.7165 -16.8866 15
      vertex 9.63507 -17.5261 15
    endloop
  endfacet
  facet normal 0.509008 -0.860762 0
    outer loop
      vertex 10.7165 -16.8866 15
      vertex 9.63507 -17.5261 0
      vertex 10.7165 -16.8866 0
    endloop
  endfacet
  facet normal -0.928165 0.37217 0
    outer loop
      vertex -37.4711 13.9724 0
      vertex -36.6309 16.0678 15
      vertex -36.6309 16.0678 0
    endloop
  endfacet
  facet normal -0.928165 0.37217 0
    outer loop
      vertex -36.6309 16.0678 15
      vertex -37.4711 13.9724 0
      vertex -37.4711 13.9724 15
    endloop
  endfacet
  facet normal 0 0 1
    outer loop
      vertex 13.0169 5.15374 15
      vertex 28.1908 10.2606 15
      vertex 27.4732 12.0509 15
    endloop
  endfacet
  facet normal 0 0 1
    outer loop
      vertex 12.6676 5.96091 15
      vertex 27.4732 12.0509 15
      vertex 26.6421 13.7913 15
    endloop
  endfacet
  facet normal 0 0 1
    outer loop
      vertex 12.2683 6.74455 15
      vertex 26.6421 13.7913 15
      vertex 25.7008 15.4748 15
    endloop
  endfacet
  facet normal 0 0 1
    outer loop
      vertex 11.8206 7.50157 15
      vertex 25.7008 15.4748 15
      vertex 24.6533 17.0942 15
    endloop
  endfacet
  facet normal 0 -0 1
    outer loop
      vertex 13.0169 5.15374 15
      vertex 27.4732 12.0509 15
      vertex 12.6676 5.96091 15
    endloop
  endfacet
  facet normal 0 0 1
    outer loop
      vertex 11.3262 8.22899 15
      vertex 24.6533 17.0942 15
      vertex 23.504 18.6431 15
    endloop
  endfacet
  facet normal 0 0 1
    outer loop
      vertex 10.7872 8.92393 15
      vertex 23.504 18.6431 15
      vertex 22.2574 20.1148 15
    endloop
  endfacet
  facet normal 0 0 1
    outer loop
      vertex 26.6421 13.7913 15
      vertex 12.2683 6.74455 15
      vertex 12.6676 5.96091 15
    endloop
  endfacet
  facet normal 0 0 1
    outer loop
      vertex 10.2056 9.58366 15
      vertex 22.2574 20.1148 15
      vertex 20.9189 21.5035 15
    endloop
  endfacet
  facet normal 0 0 1
    outer loop
      vertex 9.58366 10.2056 15
      vertex 20.9189 21.5035 15
      vertex 19.4939 22.8032 15
    endloop
  endfacet
  facet normal 0 0 1
    outer loop
      vertex 25.7008 15.4748 15
      vertex 11.8206 7.50157 15
      vertex 12.2683 6.74455 15
    endloop
  endfacet
  facet normal 0 0 1
    outer loop
      vertex 8.92393 10.7872 15
      vertex 19.4939 22.8032 15
      vertex 17.9884 24.0087 15
    endloop
  endfacet
  facet normal 0 0 1
    outer loop
      vertex 8.22899 11.3262 15
      vertex 17.9884 24.0087 15
      vertex 16.4084 25.115 15
    endloop
  endfacet
  facet normal 0 0 1
    outer loop
      vertex 24.6533 17.0942 15
      vertex 11.3262 8.22899 15
      vertex 11.8206 7.50157 15
    endloop
  endfacet
  facet normal 0 0 1
    outer loop
      vertex 7.50157 11.8206 15
      vertex 16.4084 25.115 15
      vertex 14.7607 26.1175 15
    endloop
  endfacet
  facet normal -0 0 1
    outer loop
      vertex 36.2089 8.23171 15
      vertex 14.5794 -13.6909 15
      vertex 36.4371 8.44753 15
    endloop
  endfacet
  facet normal -0 0 1
    outer loop
      vertex 35.9675 8.03065 15
      vertex 14.5794 -13.6909 15
      vertex 36.2089 8.23171 15
    endloop
  endfacet
  facet normal -0 0 1
    outer loop
      vertex 35.7141 7.84514 15
      vertex 14.5794 -13.6909 15
      vertex 35.9675 8.03065 15
    endloop
  endfacet
  facet normal -0 0 1
    outer loop
      vertex 35.4495 7.67591 15
      vertex 14.5794 -13.6909 15
      vertex 35.7141 7.84514 15
    endloop
  endfacet
  facet normal -0 0 1
    outer loop
      vertex 35.1747 7.52362 15
      vertex 14.5794 -13.6909 15
      vertex 35.4495 7.67591 15
    endloop
  endfacet
  facet normal -0 0 1
    outer loop
      vertex 34.891 7.38889 15
      vertex 14.5794 -13.6909 15
      vertex 35.1747 7.52362 15
    endloop
  endfacet
  facet normal -0 0 1
    outer loop
      vertex 34.5993 7.27224 15
      vertex 14.5794 -13.6909 15
      vertex 34.891 7.38889 15
    endloop
  endfacet
  facet normal -0 0 1
    outer loop
      vertex 34.3009 7.17413 15
      vertex 14.5794 -13.6909 15
      vertex 34.5993 7.27224 15
    endloop
  endfacet
  facet normal -0 0 1
    outer loop
      vertex 33.997 7.09496 15
      vertex 14.5794 -13.6909 15
      vertex 34.3009 7.17413 15
    endloop
  endfacet
  facet normal -0 0 1
    outer loop
      vertex 33.6886 7.03502 15
      vertex 14.5794 -13.6909 15
      vertex 33.997 7.09496 15
    endloop
  endfacet
  facet normal -0 0 1
    outer loop
      vertex 33.3772 6.99457 15
      vertex 14.5794 -13.6909 15
      vertex 33.6886 7.03502 15
    endloop
  endfacet
  facet normal -0 0 1
    outer loop
      vertex 33.0637 6.97375 15
      vertex 14.5794 -13.6909 15
      vertex 33.3772 6.99457 15
    endloop
  endfacet
  facet normal -0 0 1
    outer loop
      vertex 32.7496 6.97265 15
      vertex 14.5794 -13.6909 15
      vertex 33.0637 6.97375 15
    endloop
  endfacet
  facet normal 0 0 1
    outer loop
      vertex 32.4361 6.99128 15
      vertex 14.5794 -13.6909 15
      vertex 32.7496 6.97265 15
    endloop
  endfacet
  facet normal 0 0 1
    outer loop
      vertex 32.1243 7.02956 15
      vertex 14.5794 -13.6909 15
      vertex 32.4361 6.99128 15
    endloop
  endfacet
  facet normal 0 0 1
    outer loop
      vertex 31.8156 7.08734 15
      vertex 14.5794 -13.6909 15
      vertex 32.1243 7.02956 15
    endloop
  endfacet
  facet normal 0 0 1
    outer loop
      vertex 31.5111 7.1644 15
      vertex 14.5794 -13.6909 15
      vertex 31.8156 7.08734 15
    endloop
  endfacet
  facet normal 0 0 1
    outer loop
      vertex 13.752 -2.62334 15
      vertex 31.5111 7.1644 15
      vertex 31.212 7.26042 15
    endloop
  endfacet
  facet normal 0 0 1
    outer loop
      vertex 13.752 -2.62334 15
      vertex 31.212 7.26042 15
      vertex 30.9195 7.37503 15
    endloop
  endfacet
  facet normal 0 0 1
    outer loop
      vertex 13.8896 -1.75466 15
      vertex 30.9195 7.37503 15
      vertex 30.6349 7.50778 15
    endloop
  endfacet
  facet normal 0 0 1
    outer loop
      vertex 13.8896 -1.75466 15
      vertex 30.6349 7.50778 15
      vertex 30.3591 7.65814 15
    endloop
  endfacet
  facet normal 0 0 1
    outer loop
      vertex 13.9724 -0.879066 15
      vertex 30.3591 7.65814 15
      vertex 30.0933 7.82552 15
    endloop
  endfacet
  facet normal 0 0 1
    outer loop
      vertex 14 0 15
      vertex 30.0933 7.82552 15
      vertex 29.8385 8.00926 15
    endloop
  endfacet
  facet normal 0 0 1
    outer loop
      vertex 14 0 15
      vertex 29.8385 8.00926 15
      vertex 29.5958 8.20863 15
    endloop
  endfacet
  facet normal 0 0 1
    outer loop
      vertex 13.9724 0.879066 15
      vertex 29.5958 8.20863 15
      vertex 29.3661 8.42285 15
    endloop
  endfacet
  facet normal 0 0 1
    outer loop
      vertex 13.8896 1.75466 15
      vertex 29.3661 8.42285 15
      vertex 29.1502 8.65107 15
    endloop
  endfacet
  facet normal 0 0 1
    outer loop
      vertex 13.8896 1.75466 15
      vertex 29.1502 8.65107 15
      vertex 28.9492 8.8924 15
    endloop
  endfacet
  facet normal 0 0 1
    outer loop
      vertex 23.504 18.6431 15
      vertex 10.7872 8.92393 15
      vertex 11.3262 8.22899 15
    endloop
  endfacet
  facet normal 0 0 1
    outer loop
      vertex 30.0933 7.82552 15
      vertex 14 0 15
      vertex 13.9724 -0.879066 15
    endloop
  endfacet
  facet normal 0 0 1
    outer loop
      vertex 29.5958 8.20863 15
      vertex 13.9724 0.879066 15
      vertex 14 0 15
    endloop
  endfacet
  facet normal 0 0 1
    outer loop
      vertex 29.3661 8.42285 15
      vertex 13.8896 1.75466 15
      vertex 13.9724 0.879066 15
    endloop
  endfacet
  facet normal 0 0 1
    outer loop
      vertex 28.9492 8.8924 15
      vertex 13.752 2.62334 15
      vertex 13.8896 1.75466 15
    endloop
  endfacet
  facet normal 0 0 1
    outer loop
      vertex 28.7637 9.14587 15
      vertex 13.752 2.62334 15
      vertex 28.9492 8.8924 15
    endloop
  endfacet
  facet normal 0 -0 1
    outer loop
      vertex 13.752 2.62334 15
      vertex 28.7637 9.14587 15
      vertex 13.5602 3.48166 15
    endloop
  endfacet
  facet normal 0 0 1
    outer loop
      vertex 6.74455 12.2683 15
      vertex 14.7607 26.1175 15
      vertex 13.052 27.012 15
    endloop
  endfacet
  facet normal 0 0 1
    outer loop
      vertex 28.5944 9.41049 15
      vertex 13.5602 3.48166 15
      vertex 28.7637 9.14587 15
    endloop
  endfacet
  facet normal 0 0 1
    outer loop
      vertex 28.4422 9.68521 15
      vertex 13.5602 3.48166 15
      vertex 28.5944 9.41049 15
    endloop
  endfacet
  facet normal 0 -0 1
    outer loop
      vertex 13.5602 3.48166 15
      vertex 28.4422 9.68521 15
      vertex 13.3148 4.32624 15
    endloop
  endfacet
  facet normal 0 0 1
    outer loop
      vertex 28.3074 9.96896 15
      vertex 13.3148 4.32624 15
      vertex 28.4422 9.68521 15
    endloop
  endfacet
  facet normal 0 0 1
    outer loop
      vertex 28.1908 10.2606 15
      vertex 13.3148 4.32624 15
      vertex 28.3074 9.96896 15
    endloop
  endfacet
  facet normal 0 0 1
    outer loop
      vertex 5.96091 12.6676 15
      vertex 13.052 27.012 15
      vertex 11.2893 27.7948 15
    endloop
  endfacet
  facet normal 0 -0 1
    outer loop
      vertex 13.3148 4.32624 15
      vertex 28.1908 10.2606 15
      vertex 13.0169 5.15374 15
    endloop
  endfacet
  facet normal 0 0 1
    outer loop
      vertex 22.2574 20.1148 15
      vertex 10.2056 9.58366 15
      vertex 10.7872 8.92393 15
    endloop
  endfacet
  facet normal 0 0 1
    outer loop
      vertex 20.9189 21.5035 15
      vertex 9.58366 10.2056 15
      vertex 10.2056 9.58366 15
    endloop
  endfacet
  facet normal 0 0 1
    outer loop
      vertex 5.15374 13.0169 15
      vertex 11.2893 27.7948 15
      vertex 9.47993 28.4628 15
    endloop
  endfacet
  facet normal 0 0 1
    outer loop
      vertex 19.4939 22.8032 15
      vertex 8.92393 10.7872 15
      vertex 9.58366 10.2056 15
    endloop
  endfacet
  facet normal 0 0 1
    outer loop
      vertex 17.9884 24.0087 15
      vertex 8.22899 11.3262 15
      vertex 8.92393 10.7872 15
    endloop
  endfacet
  facet normal 0 0 1
    outer loop
      vertex 4.32624 13.3148 15
      vertex 9.47993 28.4628 15
      vertex 7.6314 29.0131 15
    endloop
  endfacet
  facet normal 0 0 1
    outer loop
      vertex 16.4084 25.115 15
      vertex 7.50157 11.8206 15
      vertex 8.22899 11.3262 15
    endloop
  endfacet
  facet normal 0 0 1
    outer loop
      vertex 14.7607 26.1175 15
      vertex 6.74455 12.2683 15
      vertex 7.50157 11.8206 15
    endloop
  endfacet
  facet normal 0 0 1
    outer loop
      vertex 13.052 27.012 15
      vertex 5.96091 12.6676 15
      vertex 6.74455 12.2683 15
    endloop
  endfacet
  facet normal 0 0 1
    outer loop
      vertex 3.48166 13.5602 15
      vertex 7.6314 29.0131 15
      vertex 5.75132 29.4435 15
    endloop
  endfacet
  facet normal 0 0 1
    outer loop
      vertex 11.2893 27.7948 15
      vertex 5.15374 13.0169 15
      vertex 5.96091 12.6676 15
    endloop
  endfacet
  facet normal 0 0 1
    outer loop
      vertex 9.47993 28.4628 15
      vertex 4.32624 13.3148 15
      vertex 5.15374 13.0169 15
    endloop
  endfacet
  facet normal 0 0 1
    outer loop
      vertex 2.62334 13.752 15
      vertex 5.75132 29.4435 15
      vertex 3.84747 29.7523 15
    endloop
  endfacet
  facet normal 0 0 1
    outer loop
      vertex 7.6314 29.0131 15
      vertex 3.48166 13.5602 15
      vertex 4.32624 13.3148 15
    endloop
  endfacet
  facet normal 0 0 1
    outer loop
      vertex 5.75132 29.4435 15
      vertex 2.62334 13.752 15
      vertex 3.48166 13.5602 15
    endloop
  endfacet
  facet normal 0 0 1
    outer loop
      vertex 1.75466 13.8896 15
      vertex 3.84747 29.7523 15
      vertex 1.92772 29.938 15
    endloop
  endfacet
  facet normal 0 0 1
    outer loop
      vertex 3.84747 29.7523 15
      vertex 1.75466 13.8896 15
      vertex 2.62334 13.752 15
    endloop
  endfacet
  facet normal 0 0 1
    outer loop
      vertex 1.92772 29.938 15
      vertex 0.879066 13.9724 15
      vertex 1.75466 13.8896 15
    endloop
  endfacet
  facet normal 0 0 1
    outer loop
      vertex 0 30 15
      vertex 0.879066 13.9724 15
      vertex 1.92772 29.938 15
    endloop
  endfacet
  facet normal 0 0 1
    outer loop
      vertex 0 30 15
      vertex 0 14 15
      vertex 0.879066 13.9724 15
    endloop
  endfacet
  facet normal 0 0 1
    outer loop
      vertex 0 30 15
      vertex -0.879066 13.9724 15
      vertex 0 14 15
    endloop
  endfacet
  facet normal -0 0 1
    outer loop
      vertex -1.92772 29.938 15
      vertex -0.879066 13.9724 15
      vertex 0 30 15
    endloop
  endfacet
  facet normal 0 0 1
    outer loop
      vertex -0.879066 13.9724 15
      vertex -1.92772 29.938 15
      vertex -1.75466 13.8896 15
    endloop
  endfacet
  facet normal -0 0 1
    outer loop
      vertex -3.84747 29.7523 15
      vertex -1.75466 13.8896 15
      vertex -1.92772 29.938 15
    endloop
  endfacet
  facet normal 0 0 1
    outer loop
      vertex -1.75466 13.8896 15
      vertex -3.84747 29.7523 15
      vertex -2.62334 13.752 15
    endloop
  endfacet
  facet normal -0 0 1
    outer loop
      vertex -5.75132 29.4435 15
      vertex -2.62334 13.752 15
      vertex -3.84747 29.7523 15
    endloop
  endfacet
  facet normal 0 0 1
    outer loop
      vertex -2.62334 13.752 15
      vertex -5.75132 29.4435 15
      vertex -3.48166 13.5602 15
    endloop
  endfacet
  facet normal -0 0 1
    outer loop
      vertex -7.6314 29.0131 15
      vertex -3.48166 13.5602 15
      vertex -5.75132 29.4435 15
    endloop
  endfacet
  facet normal 0 0 1
    outer loop
      vertex -3.48166 13.5602 15
      vertex -7.6314 29.0131 15
      vertex -4.32624 13.3148 15
    endloop
  endfacet
  facet normal -0 0 1
    outer loop
      vertex -9.47993 28.4628 15
      vertex -4.32624 13.3148 15
      vertex -7.6314 29.0131 15
    endloop
  endfacet
  facet normal 0 0 1
    outer loop
      vertex -4.32624 13.3148 15
      vertex -9.47993 28.4628 15
      vertex -5.15374 13.0169 15
    endloop
  endfacet
  facet normal -0 0 1
    outer loop
      vertex -11.2893 27.7948 15
      vertex -5.15374 13.0169 15
      vertex -9.47993 28.4628 15
    endloop
  endfacet
  facet normal 0 0 1
    outer loop
      vertex -5.15374 13.0169 15
      vertex -11.2893 27.7948 15
      vertex -5.96091 12.6676 15
    endloop
  endfacet
  facet normal -0 0 1
    outer loop
      vertex -13.052 27.012 15
      vertex -5.96091 12.6676 15
      vertex -11.2893 27.7948 15
    endloop
  endfacet
  facet normal 0 0 1
    outer loop
      vertex -5.96091 12.6676 15
      vertex -13.052 27.012 15
      vertex -6.74455 12.2683 15
    endloop
  endfacet
  facet normal -0 0 1
    outer loop
      vertex -14.7607 26.1175 15
      vertex -6.74455 12.2683 15
      vertex -13.052 27.012 15
    endloop
  endfacet
  facet normal 0 0 1
    outer loop
      vertex -6.74455 12.2683 15
      vertex -14.7607 26.1175 15
      vertex -7.50157 11.8206 15
    endloop
  endfacet
  facet normal -0 0 1
    outer loop
      vertex -16.4084 25.115 15
      vertex -7.50157 11.8206 15
      vertex -14.7607 26.1175 15
    endloop
  endfacet
  facet normal 0 0 1
    outer loop
      vertex -7.50157 11.8206 15
      vertex -16.4084 25.115 15
      vertex -8.22899 11.3262 15
    endloop
  endfacet
  facet normal -0 0 1
    outer loop
      vertex -17.9884 24.0087 15
      vertex -8.22899 11.3262 15
      vertex -16.4084 25.115 15
    endloop
  endfacet
  facet normal 0 0 1
    outer loop
      vertex -8.22899 11.3262 15
      vertex -17.9884 24.0087 15
      vertex -8.92393 10.7872 15
    endloop
  endfacet
  facet normal -0 0 1
    outer loop
      vertex -19.4939 22.8032 15
      vertex -8.92393 10.7872 15
      vertex -17.9884 24.0087 15
    endloop
  endfacet
  facet normal 0 0 1
    outer loop
      vertex -8.92393 10.7872 15
      vertex -19.4939 22.8032 15
      vertex -9.58366 10.2056 15
    endloop
  endfacet
  facet normal -0 0 1
    outer loop
      vertex -20.9189 21.5035 15
      vertex -9.58366 10.2056 15
      vertex -19.4939 22.8032 15
    endloop
  endfacet
  facet normal 0 0 1
    outer loop
      vertex -9.58366 10.2056 15
      vertex -20.9189 21.5035 15
      vertex -10.2056 9.58366 15
    endloop
  endfacet
  facet normal -0 0 1
    outer loop
      vertex -22.2574 20.1148 15
      vertex -10.2056 9.58366 15
      vertex -20.9189 21.5035 15
    endloop
  endfacet
  facet normal 0 0 1
    outer loop
      vertex -10.2056 9.58366 15
      vertex -22.2574 20.1148 15
      vertex -10.7872 8.92393 15
    endloop
  endfacet
  facet normal -0 0 1
    outer loop
      vertex -23.504 18.6431 15
      vertex -10.7872 8.92393 15
      vertex -22.2574 20.1148 15
    endloop
  endfacet
  facet normal 0 0 1
    outer loop
      vertex -10.7872 8.92393 15
      vertex -23.504 18.6431 15
      vertex -11.3262 8.22899 15
    endloop
  endfacet
  facet normal -0 0 1
    outer loop
      vertex -24.6533 17.0942 15
      vertex -11.3262 8.22899 15
      vertex -23.504 18.6431 15
    endloop
  endfacet
  facet normal 0 0 1
    outer loop
      vertex -11.3262 8.22899 15
      vertex -24.6533 17.0942 15
      vertex -11.8206 7.50157 15
    endloop
  endfacet
  facet normal 0 0 1
    outer loop
      vertex -29.8385 8.00926 15
      vertex -14 0 15
      vertex -13.9724 0.879066 15
    endloop
  endfacet
  facet normal -0 0 1
    outer loop
      vertex -25.7008 15.4748 15
      vertex -11.8206 7.50157 15
      vertex -24.6533 17.0942 15
    endloop
  endfacet
  facet normal 0 0 1
    outer loop
      vertex -11.8206 7.50157 15
      vertex -25.7008 15.4748 15
      vertex -12.2683 6.74455 15
    endloop
  endfacet
  facet normal -0 0 1
    outer loop
      vertex -26.6421 13.7913 15
      vertex -12.2683 6.74455 15
      vertex -25.7008 15.4748 15
    endloop
  endfacet
  facet normal 0 0 1
    outer loop
      vertex -12.2683 6.74455 15
      vertex -26.6421 13.7913 15
      vertex -12.6676 5.96091 15
    endloop
  endfacet
  facet normal -0 0 1
    outer loop
      vertex -27.4732 12.0509 15
      vertex -12.6676 5.96091 15
      vertex -26.6421 13.7913 15
    endloop
  endfacet
  facet normal 0 0 1
    outer loop
      vertex -12.6676 5.96091 15
      vertex -27.4732 12.0509 15
      vertex -13.0169 5.15374 15
    endloop
  endfacet
  facet normal -0 0 1
    outer loop
      vertex -28.1908 10.2606 15
      vertex -13.0169 5.15374 15
      vertex -27.4732 12.0509 15
    endloop
  endfacet
  facet normal 0 0 1
    outer loop
      vertex -13.0169 5.15374 15
      vertex -28.1908 10.2606 15
      vertex -13.3148 4.32624 15
    endloop
  endfacet
  facet normal -0 0 1
    outer loop
      vertex -28.3074 9.96896 15
      vertex -13.3148 4.32624 15
      vertex -28.1908 10.2606 15
    endloop
  endfacet
  facet normal -0 0 1
    outer loop
      vertex -28.4422 9.68521 15
      vertex -13.3148 4.32624 15
      vertex -28.3074 9.96896 15
    endloop
  endfacet
  facet normal 0 0 1
    outer loop
      vertex -13.3148 4.32624 15
      vertex -28.4422 9.68521 15
      vertex -13.5602 3.48166 15
    endloop
  endfacet
  facet normal -0 0 1
    outer loop
      vertex -28.5944 9.41049 15
      vertex -13.5602 3.48166 15
      vertex -28.4422 9.68521 15
    endloop
  endfacet
  facet normal 0 0 1
    outer loop
      vertex -13.5602 3.48166 15
      vertex -28.5944 9.41049 15
      vertex -13.752 2.62334 15
    endloop
  endfacet
  facet normal -0 0 1
    outer loop
      vertex -28.7637 9.14587 15
      vertex -13.752 2.62334 15
      vertex -28.5944 9.41049 15
    endloop
  endfacet
  facet normal -0 0 1
    outer loop
      vertex -28.9492 8.8924 15
      vertex -13.752 2.62334 15
      vertex -28.7637 9.14587 15
    endloop
  endfacet
  facet normal 0 0 1
    outer loop
      vertex -13.752 2.62334 15
      vertex -28.9492 8.8924 15
      vertex -13.8896 1.75466 15
    endloop
  endfacet
  facet normal -0 0 1
    outer loop
      vertex -29.1502 8.65107 15
      vertex -13.8896 1.75466 15
      vertex -28.9492 8.8924 15
    endloop
  endfacet
  facet normal -0 0 1
    outer loop
      vertex -29.3661 8.42285 15
      vertex -13.8896 1.75466 15
      vertex -29.1502 8.65107 15
    endloop
  endfacet
  facet normal 0 0 1
    outer loop
      vertex -13.8896 1.75466 15
      vertex -29.3661 8.42285 15
      vertex -13.9724 0.879066 15
    endloop
  endfacet
  facet normal -0 0 1
    outer loop
      vertex -29.5958 8.20863 15
      vertex -13.9724 0.879066 15
      vertex -29.3661 8.42285 15
    endloop
  endfacet
  facet normal -0 0 1
    outer loop
      vertex -29.8385 8.00926 15
      vertex -13.9724 0.879066 15
      vertex -29.5958 8.20863 15
    endloop
  endfacet
  facet normal 0 0 1
    outer loop
      vertex -14 0 15
      vertex -29.8385 8.00926 15
      vertex -30.0933 7.82552 15
    endloop
  endfacet
  facet normal 0 0 1
    outer loop
      vertex -14 0 15
      vertex -30.0933 7.82552 15
      vertex -30.3591 7.65814 15
    endloop
  endfacet
  facet normal 0 0 1
    outer loop
      vertex -14 0 15
      vertex -30.3591 7.65814 15
      vertex -30.6349 7.50778 15
    endloop
  endfacet
  facet normal 0 0 1
    outer loop
      vertex -14 0 15
      vertex -30.6349 7.50778 15
      vertex -30.9195 7.37503 15
    endloop
  endfacet
  facet normal 0 0 1
    outer loop
      vertex -14 0 15
      vertex -30.9195 7.37503 15
      vertex -31.212 7.26042 15
    endloop
  endfacet
  facet normal 0 0 1
    outer loop
      vertex -14 0 15
      vertex -31.212 7.26042 15
      vertex -14.5794 -13.6909 15
    endloop
  endfacet
  facet normal -0 0 1
    outer loop
      vertex -31.5111 7.1644 15
      vertex -14.5794 -13.6909 15
      vertex -31.212 7.26042 15
    endloop
  endfacet
  facet normal -0 0 1
    outer loop
      vertex -31.8156 7.08734 15
      vertex -14.5794 -13.6909 15
      vertex -31.5111 7.1644 15
    endloop
  endfacet
  facet normal -0 0 1
    outer loop
      vertex -32.1243 7.02956 15
      vertex -14.5794 -13.6909 15
      vertex -31.8156 7.08734 15
    endloop
  endfacet
  facet normal -0 0 1
    outer loop
      vertex -32.4361 6.99128 15
      vertex -14.5794 -13.6909 15
      vertex -32.1243 7.02956 15
    endloop
  endfacet
  facet normal -0 0 1
    outer loop
      vertex -32.7496 6.97265 15
      vertex -14.5794 -13.6909 15
      vertex -32.4361 6.99128 15
    endloop
  endfacet
  facet normal 0 0 1
    outer loop
      vertex -33.0637 6.97375 15
      vertex -14.5794 -13.6909 15
      vertex -32.7496 6.97265 15
    endloop
  endfacet
  facet normal 0 0 1
    outer loop
      vertex -33.3772 6.99457 15
      vertex -14.5794 -13.6909 15
      vertex -33.0637 6.97375 15
    endloop
  endfacet
  facet normal 0 0 1
    outer loop
      vertex -33.6886 7.03502 15
      vertex -14.5794 -13.6909 15
      vertex -33.3772 6.99457 15
    endloop
  endfacet
  facet normal 0 0 1
    outer loop
      vertex -33.997 7.09496 15
      vertex -14.5794 -13.6909 15
      vertex -33.6886 7.03502 15
    endloop
  endfacet
  facet normal 0 0 1
    outer loop
      vertex -34.3009 7.17413 15
      vertex -14.5794 -13.6909 15
      vertex -33.997 7.09496 15
    endloop
  endfacet
  facet normal 0 0 1
    outer loop
      vertex -34.5993 7.27224 15
      vertex -14.5794 -13.6909 15
      vertex -34.3009 7.17413 15
    endloop
  endfacet
  facet normal 0 0 1
    outer loop
      vertex -34.891 7.38889 15
      vertex -14.5794 -13.6909 15
      vertex -34.5993 7.27224 15
    endloop
  endfacet
  facet normal 0 0 1
    outer loop
      vertex -35.1747 7.52362 15
      vertex -14.5794 -13.6909 15
      vertex -34.891 7.38889 15
    endloop
  endfacet
  facet normal 0 0 1
    outer loop
      vertex -35.4495 7.67591 15
      vertex -14.5794 -13.6909 15
      vertex -35.1747 7.52362 15
    endloop
  endfacet
  facet normal 0 0 1
    outer loop
      vertex -35.7141 7.84514 15
      vertex -14.5794 -13.6909 15
      vertex -35.4495 7.67591 15
    endloop
  endfacet
  facet normal 0 0 1
    outer loop
      vertex -35.9675 8.03065 15
      vertex -14.5794 -13.6909 15
      vertex -35.7141 7.84514 15
    endloop
  endfacet
  facet normal 0 0 1
    outer loop
      vertex -36.2089 8.23171 15
      vertex -14.5794 -13.6909 15
      vertex -35.9675 8.03065 15
    endloop
  endfacet
  facet normal 0 0 1
    outer loop
      vertex -14.5794 -13.6909 15
      vertex -36.2089 8.23171 15
      vertex -36.4371 8.44753 15
    endloop
  endfacet
  facet normal 0 0 1
    outer loop
      vertex 30.3591 7.65814 15
      vertex 13.9724 -0.879066 15
      vertex 13.8896 -1.75466 15
    endloop
  endfacet
  facet normal 0 0 1
    outer loop
      vertex 30.9195 7.37503 15
      vertex 13.8896 -1.75466 15
      vertex 13.752 -2.62334 15
    endloop
  endfacet
  facet normal 0 0 1
    outer loop
      vertex 31.5111 7.1644 15
      vertex 13.752 -2.62334 15
      vertex 13.5602 -3.48166 15
    endloop
  endfacet
  facet normal 0 0 1
    outer loop
      vertex 31.5111 7.1644 15
      vertex 13.5602 -3.48166 15
      vertex 14.5794 -13.6909 15
    endloop
  endfacet
  facet normal -0 0 1
    outer loop
      vertex 13.3148 -4.32624 15
      vertex 14.5794 -13.6909 15
      vertex 13.5602 -3.48166 15
    endloop
  endfacet
  facet normal -0 0 1
    outer loop
      vertex 13.0169 -5.15374 15
      vertex 14.5794 -13.6909 15
      vertex 13.3148 -4.32624 15
    endloop
  endfacet
  facet normal -0 0 1
    outer loop
      vertex 12.6676 -5.96091 15
      vertex 14.5794 -13.6909 15
      vertex 13.0169 -5.15374 15
    endloop
  endfacet
  facet normal -0 0 1
    outer loop
      vertex 12.2683 -6.74455 15
      vertex 14.5794 -13.6909 15
      vertex 12.6676 -5.96091 15
    endloop
  endfacet
  facet normal -0 0 1
    outer loop
      vertex 11.8206 -7.50157 15
      vertex 14.5794 -13.6909 15
      vertex 12.2683 -6.74455 15
    endloop
  endfacet
  facet normal -0 0 1
    outer loop
      vertex 11.3262 -8.22899 15
      vertex 14.5794 -13.6909 15
      vertex 11.8206 -7.50157 15
    endloop
  endfacet
  facet normal -0 0 1
    outer loop
      vertex 10.7872 -8.92393 15
      vertex 14.5794 -13.6909 15
      vertex 11.3262 -8.22899 15
    endloop
  endfacet
  facet normal -0 0 1
    outer loop
      vertex 10.2056 -9.58366 15
      vertex 14.5794 -13.6909 15
      vertex 10.7872 -8.92393 15
    endloop
  endfacet
  facet normal 0 0 1
    outer loop
      vertex 14.5794 -13.6909 15
      vertex 10.2056 -9.58366 15
      vertex 13.6909 -14.5794 15
    endloop
  endfacet
  facet normal -0 0 1
    outer loop
      vertex 9.58366 -10.2056 15
      vertex 13.6909 -14.5794 15
      vertex 10.2056 -9.58366 15
    endloop
  endfacet
  facet normal 0 0 1
    outer loop
      vertex 13.6909 -14.5794 15
      vertex 9.58366 -10.2056 15
      vertex 12.7485 -15.4103 15
    endloop
  endfacet
  facet normal -0 0 1
    outer loop
      vertex 8.92393 -10.7872 15
      vertex 12.7485 -15.4103 15
      vertex 9.58366 -10.2056 15
    endloop
  endfacet
  facet normal 0 0 1
    outer loop
      vertex 12.7485 -15.4103 15
      vertex 8.92393 -10.7872 15
      vertex 11.7557 -16.1803 15
    endloop
  endfacet
  facet normal -0 0 1
    outer loop
      vertex 8.22899 -11.3262 15
      vertex 11.7557 -16.1803 15
      vertex 8.92393 -10.7872 15
    endloop
  endfacet
  facet normal 0 0 1
    outer loop
      vertex 11.7557 -16.1803 15
      vertex 8.22899 -11.3262 15
      vertex 10.7165 -16.8866 15
    endloop
  endfacet
  facet normal -0 0 1
    outer loop
      vertex 7.50157 -11.8206 15
      vertex 10.7165 -16.8866 15
      vertex 8.22899 -11.3262 15
    endloop
  endfacet
  facet normal 0 0 1
    outer loop
      vertex 10.7165 -16.8866 15
      vertex 7.50157 -11.8206 15
      vertex 9.63507 -17.5261 15
    endloop
  endfacet
  facet normal -0 0 1
    outer loop
      vertex 6.74455 -12.2683 15
      vertex 9.63507 -17.5261 15
      vertex 7.50157 -11.8206 15
    endloop
  endfacet
  facet normal 0 0 1
    outer loop
      vertex 9.63507 -17.5261 15
      vertex 6.74455 -12.2683 15
      vertex 8.51558 -18.0965 15
    endloop
  endfacet
  facet normal -0 0 1
    outer loop
      vertex 5.96091 -12.6676 15
      vertex 8.51558 -18.0965 15
      vertex 6.74455 -12.2683 15
    endloop
  endfacet
  facet normal 0 0 1
    outer loop
      vertex 8.51558 -18.0965 15
      vertex 5.96091 -12.6676 15
      vertex 7.36249 -18.5955 15
    endloop
  endfacet
  facet normal -0 0 1
    outer loop
      vertex 5.15374 -13.0169 15
      vertex 7.36249 -18.5955 15
      vertex 5.96091 -12.6676 15
    endloop
  endfacet
  facet normal 0 0 1
    outer loop
      vertex 7.36249 -18.5955 15
      vertex 5.15374 -13.0169 15
      vertex 6.18034 -19.0211 15
    endloop
  endfacet
  facet normal -0 0 1
    outer loop
      vertex 4.32624 -13.3148 15
      vertex 6.18034 -19.0211 15
      vertex 5.15374 -13.0169 15
    endloop
  endfacet
  facet normal 0 0 1
    outer loop
      vertex 6.18034 -19.0211 15
      vertex 4.32624 -13.3148 15
      vertex 4.9738 -19.3717 15
    endloop
  endfacet
  facet normal -0 0 1
    outer loop
      vertex 3.48166 -13.5602 15
      vertex 4.9738 -19.3717 15
      vertex 4.32624 -13.3148 15
    endloop
  endfacet
  facet normal 0 0 1
    outer loop
      vertex 4.9738 -19.3717 15
      vertex 3.48166 -13.5602 15
      vertex 3.74763 -19.6457 15
    endloop
  endfacet
  facet normal -0 0 1
    outer loop
      vertex 2.62334 -13.752 15
      vertex 3.74763 -19.6457 15
      vertex 3.48166 -13.5602 15
    endloop
  endfacet
  facet normal 0 0 1
    outer loop
      vertex 2.62334 -13.752 15
      vertex 2.50666 -19.8423 15
      vertex 3.74763 -19.6457 15
    endloop
  endfacet
  facet normal -0 0 1
    outer loop
      vertex 1.75466 -13.8896 15
      vertex 2.50666 -19.8423 15
      vertex 2.62334 -13.752 15
    endloop
  endfacet
  facet normal 0 0 1
    outer loop
      vertex 1.75466 -13.8896 15
      vertex 1.25581 -19.9605 15
      vertex 2.50666 -19.8423 15
    endloop
  endfacet
  facet normal -0 0 1
    outer loop
      vertex 0.879066 -13.9724 15
      vertex 1.25581 -19.9605 15
      vertex 1.75466 -13.8896 15
    endloop
  endfacet
  facet normal -0 0 1
    outer loop
      vertex 0 -14 15
      vertex 1.25581 -19.9605 15
      vertex 0.879066 -13.9724 15
    endloop
  endfacet
  facet normal 0 0 1
    outer loop
      vertex 0 -14 15
      vertex 0 -20 15
      vertex 1.25581 -19.9605 15
    endloop
  endfacet
  facet normal 0 0 1
    outer loop
      vertex -0.879066 -13.9724 15
      vertex 0 -20 15
      vertex 0 -14 15
    endloop
  endfacet
  facet normal 0 0 1
    outer loop
      vertex -0.879066 -13.9724 15
      vertex -1.25581 -19.9605 15
      vertex 0 -20 15
    endloop
  endfacet
  facet normal 0 0 1
    outer loop
      vertex -1.75466 -13.8896 15
      vertex -1.25581 -19.9605 15
      vertex -0.879066 -13.9724 15
    endloop
  endfacet
  facet normal 0 0 1
    outer loop
      vertex -1.75466 -13.8896 15
      vertex -2.50666 -19.8423 15
      vertex -1.25581 -19.9605 15
    endloop
  endfacet
  facet normal 0 0 1
    outer loop
      vertex -2.62334 -13.752 15
      vertex -2.50666 -19.8423 15
      vertex -1.75466 -13.8896 15
    endloop
  endfacet
  facet normal 0 0 1
    outer loop
      vertex -3.74763 -19.6457 15
      vertex -2.62334 -13.752 15
      vertex -3.48166 -13.5602 15
    endloop
  endfacet
  facet normal 0 0 1
    outer loop
      vertex -2.62334 -13.752 15
      vertex -3.74763 -19.6457 15
      vertex -2.50666 -19.8423 15
    endloop
  endfacet
  facet normal 0 0 1
    outer loop
      vertex -4.9738 -19.3717 15
      vertex -3.48166 -13.5602 15
      vertex -4.32624 -13.3148 15
    endloop
  endfacet
  facet normal 0 0 1
    outer loop
      vertex -3.48166 -13.5602 15
      vertex -4.9738 -19.3717 15
      vertex -3.74763 -19.6457 15
    endloop
  endfacet
  facet normal 0 0 1
    outer loop
      vertex -6.18034 -19.0211 15
      vertex -4.32624 -13.3148 15
      vertex -5.15374 -13.0169 15
    endloop
  endfacet
  facet normal 0 0 1
    outer loop
      vertex -7.36249 -18.5955 15
      vertex -5.15374 -13.0169 15
      vertex -5.96091 -12.6676 15
    endloop
  endfacet
  facet normal 0 0 1
    outer loop
      vertex -4.32624 -13.3148 15
      vertex -6.18034 -19.0211 15
      vertex -4.9738 -19.3717 15
    endloop
  endfacet
  facet normal 0 0 1
    outer loop
      vertex -8.51558 -18.0965 15
      vertex -5.96091 -12.6676 15
      vertex -6.74455 -12.2683 15
    endloop
  endfacet
  facet normal 0 0 1
    outer loop
      vertex -5.15374 -13.0169 15
      vertex -7.36249 -18.5955 15
      vertex -6.18034 -19.0211 15
    endloop
  endfacet
  facet normal 0 0 1
    outer loop
      vertex -9.63507 -17.5261 15
      vertex -6.74455 -12.2683 15
      vertex -7.50157 -11.8206 15
    endloop
  endfacet
  facet normal 0 0 1
    outer loop
      vertex -10.7165 -16.8866 15
      vertex -7.50157 -11.8206 15
      vertex -8.22899 -11.3262 15
    endloop
  endfacet
  facet normal 0 0 1
    outer loop
      vertex -5.96091 -12.6676 15
      vertex -8.51558 -18.0965 15
      vertex -7.36249 -18.5955 15
    endloop
  endfacet
  facet normal 0 0 1
    outer loop
      vertex -11.7557 -16.1803 15
      vertex -8.22899 -11.3262 15
      vertex -8.92393 -10.7872 15
    endloop
  endfacet
  facet normal 0 0 1
    outer loop
      vertex -12.7485 -15.4103 15
      vertex -8.92393 -10.7872 15
      vertex -9.58366 -10.2056 15
    endloop
  endfacet
  facet normal 0 0 1
    outer loop
      vertex -6.74455 -12.2683 15
      vertex -9.63507 -17.5261 15
      vertex -8.51558 -18.0965 15
    endloop
  endfacet
  facet normal 0 0 1
    outer loop
      vertex -13.6909 -14.5794 15
      vertex -9.58366 -10.2056 15
      vertex -10.2056 -9.58366 15
    endloop
  endfacet
  facet normal 0 0 1
    outer loop
      vertex -7.50157 -11.8206 15
      vertex -10.7165 -16.8866 15
      vertex -9.63507 -17.5261 15
    endloop
  endfacet
  facet normal 0 0 1
    outer loop
      vertex -14.5794 -13.6909 15
      vertex -10.2056 -9.58366 15
      vertex -10.7872 -8.92393 15
    endloop
  endfacet
  facet normal 0 0 1
    outer loop
      vertex -14.5794 -13.6909 15
      vertex -10.7872 -8.92393 15
      vertex -11.3262 -8.22899 15
    endloop
  endfacet
  facet normal 0 0 1
    outer loop
      vertex -8.22899 -11.3262 15
      vertex -11.7557 -16.1803 15
      vertex -10.7165 -16.8866 15
    endloop
  endfacet
  facet normal 0 0 1
    outer loop
      vertex -14.5794 -13.6909 15
      vertex -11.3262 -8.22899 15
      vertex -11.8206 -7.50157 15
    endloop
  endfacet
  facet normal 0 0 1
    outer loop
      vertex -14.5794 -13.6909 15
      vertex -11.8206 -7.50157 15
      vertex -12.2683 -6.74455 15
    endloop
  endfacet
  facet normal 0 0 1
    outer loop
      vertex -14.5794 -13.6909 15
      vertex -12.2683 -6.74455 15
      vertex -12.6676 -5.96091 15
    endloop
  endfacet
  facet normal 0 0 1
    outer loop
      vertex -8.92393 -10.7872 15
      vertex -12.7485 -15.4103 15
      vertex -11.7557 -16.1803 15
    endloop
  endfacet
  facet normal 0 0 1
    outer loop
      vertex -14.5794 -13.6909 15
      vertex -12.6676 -5.96091 15
      vertex -13.0169 -5.15374 15
    endloop
  endfacet
  facet normal 0 0 1
    outer loop
      vertex -14.5794 -13.6909 15
      vertex -13.0169 -5.15374 15
      vertex -13.3148 -4.32624 15
    endloop
  endfacet
  facet normal 0 0 1
    outer loop
      vertex -14.5794 -13.6909 15
      vertex -13.3148 -4.32624 15
      vertex -13.5602 -3.48166 15
    endloop
  endfacet
  facet normal 0 0 1
    outer loop
      vertex -9.58366 -10.2056 15
      vertex -13.6909 -14.5794 15
      vertex -12.7485 -15.4103 15
    endloop
  endfacet
  facet normal 0 0 1
    outer loop
      vertex -14.5794 -13.6909 15
      vertex -13.5602 -3.48166 15
      vertex -13.752 -2.62334 15
    endloop
  endfacet
  facet normal 0 0 1
    outer loop
      vertex -14.5794 -13.6909 15
      vertex -13.752 -2.62334 15
      vertex -13.8896 -1.75466 15
    endloop
  endfacet
  facet normal 0 0 1
    outer loop
      vertex -14.5794 -13.6909 15
      vertex -13.8896 -1.75466 15
      vertex -13.9724 -0.879066 15
    endloop
  endfacet
  facet normal 0 0 1
    outer loop
      vertex -14.5794 -13.6909 15
      vertex -13.9724 -0.879066 15
      vertex -14 0 15
    endloop
  endfacet
  facet normal 0 0 1
    outer loop
      vertex -10.2056 -9.58366 15
      vertex -14.5794 -13.6909 15
      vertex -13.6909 -14.5794 15
    endloop
  endfacet
  facet normal 0 0 1
    outer loop
      vertex 37.4711 13.9724 15
      vertex 36.6309 16.0678 15
      vertex 37.4695 13.9758 15
    endloop
  endfacet
  facet normal 0 0 1
    outer loop
      vertex -36.6309 16.0678 15
      vertex -37.4711 13.9724 15
      vertex -37.4695 13.9758 15
    endloop
  endfacet
  facet normal 0.999507 -0.0313815 0
    outer loop
      vertex 13.9724 -0.879066 27
      vertex 14 0 15
      vertex 14 0 27
    endloop
  endfacet
  facet normal 0.999507 -0.0313815 0
    outer loop
      vertex 14 0 15
      vertex 13.9724 -0.879066 27
      vertex 13.9724 -0.879066 15
    endloop
  endfacet
  facet normal 0.995559 0.0941444 0
    outer loop
      vertex 13.9724 0.879066 27
      vertex 13.8896 1.75466 15
      vertex 13.8896 1.75466 27
    endloop
  endfacet
  facet normal 0.995559 0.0941444 0
    outer loop
      vertex 13.8896 1.75466 15
      vertex 13.9724 0.879066 27
      vertex 13.9724 0.879066 15
    endloop
  endfacet
  facet normal 0.999507 0.0313815 0
    outer loop
      vertex 14 0 27
      vertex 13.9724 0.879066 15
      vertex 13.9724 0.879066 27
    endloop
  endfacet
  facet normal 0.999507 0.0313815 0
    outer loop
      vertex 13.9724 0.879066 15
      vertex 14 0 27
      vertex 14 0 15
    endloop
  endfacet
  facet normal -0.612871 0.790183 0
    outer loop
      vertex -8.22899 11.3262 15
      vertex -8.92393 10.7872 27
      vertex -8.22899 11.3262 27
    endloop
  endfacet
  facet normal -0.612871 0.790183 0
    outer loop
      vertex -8.92393 10.7872 27
      vertex -8.22899 11.3262 15
      vertex -8.92393 10.7872 15
    endloop
  endfacet
  facet normal 0.454004 -0.890999 0
    outer loop
      vertex 5.96091 -12.6676 15
      vertex 6.74455 -12.2683 27
      vertex 5.96091 -12.6676 27
    endloop
  endfacet
  facet normal 0.454004 -0.890999 0
    outer loop
      vertex 6.74455 -12.2683 27
      vertex 5.96091 -12.6676 15
      vertex 6.74455 -12.2683 15
    endloop
  endfacet
  facet normal -0.707107 -0.707107 0
    outer loop
      vertex -9.58366 -10.2056 15
      vertex -10.2056 -9.58366 27
      vertex -10.2056 -9.58366 15
    endloop
  endfacet
  facet normal -0.707107 -0.707107 0
    outer loop
      vertex -10.2056 -9.58366 27
      vertex -9.58366 -10.2056 15
      vertex -9.58366 -10.2056 27
    endloop
  endfacet
  facet normal -0.940887 -0.338719 0
    outer loop
      vertex -13.0169 -5.15374 15
      vertex -13.3148 -4.32624 27
      vertex -13.3148 -4.32624 15
    endloop
  endfacet
  facet normal -0.940887 -0.338719 0
    outer loop
      vertex -13.3148 -4.32624 27
      vertex -13.0169 -5.15374 15
      vertex -13.0169 -5.15374 27
    endloop
  endfacet
  facet normal -0.397154 0.917752 0
    outer loop
      vertex -5.15374 13.0169 15
      vertex -5.96091 12.6676 27
      vertex -5.15374 13.0169 27
    endloop
  endfacet
  facet normal -0.397154 0.917752 0
    outer loop
      vertex -5.96091 12.6676 27
      vertex -5.15374 13.0169 15
      vertex -5.96091 12.6676 15
    endloop
  endfacet
  facet normal -0.890999 0.454004 0
    outer loop
      vertex -12.6676 5.96091 15
      vertex -12.2683 6.74455 27
      vertex -12.2683 6.74455 15
    endloop
  endfacet
  facet normal -0.890999 0.454004 0
    outer loop
      vertex -12.2683 6.74455 27
      vertex -12.6676 5.96091 15
      vertex -12.6676 5.96091 27
    endloop
  endfacet
  facet normal -0.218081 0.975931 0
    outer loop
      vertex -2.62334 13.752 15
      vertex -3.48166 13.5602 27
      vertex -2.62334 13.752 27
    endloop
  endfacet
  facet normal -0.218081 0.975931 0
    outer loop
      vertex -3.48166 13.5602 27
      vertex -2.62334 13.752 15
      vertex -3.48166 13.5602 15
    endloop
  endfacet
  facet normal -0.995559 -0.0941444 0
    outer loop
      vertex -13.8896 -1.75466 15
      vertex -13.9724 -0.879066 27
      vertex -13.9724 -0.879066 15
    endloop
  endfacet
  facet normal -0.995559 -0.0941444 0
    outer loop
      vertex -13.9724 -0.879066 27
      vertex -13.8896 -1.75466 15
      vertex -13.8896 -1.75466 27
    endloop
  endfacet
  facet normal -0.509041 0.860742 0
    outer loop
      vertex -6.74455 12.2683 15
      vertex -7.50157 11.8206 27
      vertex -6.74455 12.2683 27
    endloop
  endfacet
  facet normal -0.509041 0.860742 0
    outer loop
      vertex -7.50157 11.8206 27
      vertex -6.74455 12.2683 15
      vertex -7.50157 11.8206 15
    endloop
  endfacet
  facet normal 0.661293 -0.750128 0
    outer loop
      vertex 8.92393 -10.7872 15
      vertex 9.58366 -10.2056 27
      vertex 8.92393 -10.7872 27
    endloop
  endfacet
  facet normal 0.661293 -0.750128 0
    outer loop
      vertex 9.58366 -10.2056 27
      vertex 8.92393 -10.7872 15
      vertex 9.58366 -10.2056 15
    endloop
  endfacet
  facet normal 0.0313815 -0.999507 0
    outer loop
      vertex 0 -14 15
      vertex 0.879066 -13.9724 27
      vertex 0 -14 27
    endloop
  endfacet
  facet normal 0.0313815 -0.999507 0
    outer loop
      vertex 0.879066 -13.9724 27
      vertex 0 -14 15
      vertex 0.879066 -13.9724 15
    endloop
  endfacet
  facet normal 0.156451 -0.987686 0
    outer loop
      vertex 1.75466 -13.8896 15
      vertex 2.62334 -13.752 27
      vertex 1.75466 -13.8896 27
    endloop
  endfacet
  facet normal 0.156451 -0.987686 0
    outer loop
      vertex 2.62334 -13.752 27
      vertex 1.75466 -13.8896 15
      vertex 2.62334 -13.752 15
    endloop
  endfacet
  facet normal 0.509041 -0.860742 0
    outer loop
      vertex 6.74455 -12.2683 15
      vertex 7.50157 -11.8206 27
      vertex 6.74455 -12.2683 27
    endloop
  endfacet
  facet normal 0.509041 -0.860742 0
    outer loop
      vertex 7.50157 -11.8206 27
      vertex 6.74455 -12.2683 15
      vertex 7.50157 -11.8206 15
    endloop
  endfacet
  facet normal 0.890999 -0.454004 0
    outer loop
      vertex 12.2683 -6.74455 27
      vertex 12.6676 -5.96091 15
      vertex 12.6676 -5.96091 27
    endloop
  endfacet
  facet normal 0.890999 -0.454004 0
    outer loop
      vertex 12.6676 -5.96091 15
      vertex 12.2683 -6.74455 27
      vertex 12.2683 -6.74455 15
    endloop
  endfacet
  facet normal 0.338719 -0.940887 0
    outer loop
      vertex 4.32624 -13.3148 15
      vertex 5.15374 -13.0169 27
      vertex 4.32624 -13.3148 27
    endloop
  endfacet
  facet normal 0.338719 -0.940887 0
    outer loop
      vertex 5.15374 -13.0169 27
      vertex 4.32624 -13.3148 15
      vertex 5.15374 -13.0169 15
    endloop
  endfacet
  facet normal 0.562119 0.827056 -0
    outer loop
      vertex 8.22899 11.3262 15
      vertex 7.50157 11.8206 27
      vertex 8.22899 11.3262 27
    endloop
  endfacet
  facet normal 0.562119 0.827056 0
    outer loop
      vertex 7.50157 11.8206 27
      vertex 8.22899 11.3262 15
      vertex 7.50157 11.8206 15
    endloop
  endfacet
  facet normal -0.960286 -0.279019 0
    outer loop
      vertex -13.3148 -4.32624 15
      vertex -13.5602 -3.48166 27
      vertex -13.5602 -3.48166 15
    endloop
  endfacet
  facet normal -0.960286 -0.279019 0
    outer loop
      vertex -13.5602 -3.48166 27
      vertex -13.3148 -4.32624 15
      vertex -13.3148 -4.32624 27
    endloop
  endfacet
  facet normal -0.750128 -0.661293 0
    outer loop
      vertex -10.2056 -9.58366 15
      vertex -10.7872 -8.92393 27
      vertex -10.7872 -8.92393 15
    endloop
  endfacet
  facet normal -0.750128 -0.661293 0
    outer loop
      vertex -10.7872 -8.92393 27
      vertex -10.2056 -9.58366 15
      vertex -10.2056 -9.58366 27
    endloop
  endfacet
  facet normal 0.397154 0.917752 -0
    outer loop
      vertex 5.96091 12.6676 15
      vertex 5.15374 13.0169 27
      vertex 5.96091 12.6676 27
    endloop
  endfacet
  facet normal 0.397154 0.917752 0
    outer loop
      vertex 5.15374 13.0169 27
      vertex 5.96091 12.6676 15
      vertex 5.15374 13.0169 15
    endloop
  endfacet
  facet normal 0.827056 0.562119 0
    outer loop
      vertex 11.8206 7.50157 27
      vertex 11.3262 8.22899 15
      vertex 11.3262 8.22899 27
    endloop
  endfacet
  facet normal 0.827056 0.562119 0
    outer loop
      vertex 11.3262 8.22899 15
      vertex 11.8206 7.50157 27
      vertex 11.8206 7.50157 15
    endloop
  endfacet
  facet normal -0.156451 -0.987686 0
    outer loop
      vertex -2.62334 -13.752 15
      vertex -1.75466 -13.8896 27
      vertex -2.62334 -13.752 27
    endloop
  endfacet
  facet normal -0.156451 -0.987686 -0
    outer loop
      vertex -1.75466 -13.8896 27
      vertex -2.62334 -13.752 15
      vertex -1.75466 -13.8896 15
    endloop
  endfacet
  facet normal -0.338719 0.940887 0
    outer loop
      vertex -4.32624 13.3148 15
      vertex -5.15374 13.0169 27
      vertex -4.32624 13.3148 27
    endloop
  endfacet
  facet normal -0.338719 0.940887 0
    outer loop
      vertex -5.15374 13.0169 27
      vertex -4.32624 13.3148 15
      vertex -5.15374 13.0169 15
    endloop
  endfacet
  facet normal 0.612871 -0.790183 0
    outer loop
      vertex 8.22899 -11.3262 15
      vertex 8.92393 -10.7872 27
      vertex 8.22899 -11.3262 27
    endloop
  endfacet
  facet normal 0.612871 -0.790183 0
    outer loop
      vertex 8.92393 -10.7872 27
      vertex 8.22899 -11.3262 15
      vertex 8.92393 -10.7872 15
    endloop
  endfacet
  facet normal 0.790183 -0.612871 0
    outer loop
      vertex 10.7872 -8.92393 27
      vertex 11.3262 -8.22899 15
      vertex 11.3262 -8.22899 27
    endloop
  endfacet
  facet normal 0.790183 -0.612871 0
    outer loop
      vertex 11.3262 -8.22899 15
      vertex 10.7872 -8.92393 27
      vertex 10.7872 -8.92393 15
    endloop
  endfacet
  facet normal -0.279019 0.960286 0
    outer loop
      vertex -3.48166 13.5602 15
      vertex -4.32624 13.3148 27
      vertex -3.48166 13.5602 27
    endloop
  endfacet
  facet normal -0.279019 0.960286 0
    outer loop
      vertex -4.32624 13.3148 27
      vertex -3.48166 13.5602 15
      vertex -4.32624 13.3148 15
    endloop
  endfacet
  facet normal 0.750128 -0.661293 0
    outer loop
      vertex 10.2056 -9.58366 27
      vertex 10.7872 -8.92393 15
      vertex 10.7872 -8.92393 27
    endloop
  endfacet
  facet normal 0.750128 -0.661293 0
    outer loop
      vertex 10.7872 -8.92393 15
      vertex 10.2056 -9.58366 27
      vertex 10.2056 -9.58366 15
    endloop
  endfacet
  facet normal 0 0 1
    outer loop
      vertex 8 0 27
      vertex 14 0 27
      vertex 13.9724 0.879066 27
    endloop
  endfacet
  facet normal 0 0 1
    outer loop
      vertex 7.98421 0.502324 27
      vertex 13.9724 0.879066 27
      vertex 13.8896 1.75466 27
    endloop
  endfacet
  facet normal 0 0 1
    outer loop
      vertex 14 0 27
      vertex 8 0 27
      vertex 13.9724 -0.879066 27
    endloop
  endfacet
  facet normal 0 0 1
    outer loop
      vertex 7.93692 1.00267 27
      vertex 13.8896 1.75466 27
      vertex 13.752 2.62334 27
    endloop
  endfacet
  facet normal -0 0 1
    outer loop
      vertex 7.98421 -0.502324 27
      vertex 13.9724 -0.879066 27
      vertex 8 0 27
    endloop
  endfacet
  facet normal 0 0 1
    outer loop
      vertex 7.8583 1.49905 27
      vertex 13.752 2.62334 27
      vertex 13.5602 3.48166 27
    endloop
  endfacet
  facet normal 0 0 1
    outer loop
      vertex 13.9724 -0.879066 27
      vertex 7.98421 -0.502324 27
      vertex 13.8896 -1.75466 27
    endloop
  endfacet
  facet normal 0 0 1
    outer loop
      vertex 7.74866 1.98952 27
      vertex 13.5602 3.48166 27
      vertex 13.3148 4.32624 27
    endloop
  endfacet
  facet normal -0 0 1
    outer loop
      vertex 7.93692 -1.00267 27
      vertex 13.8896 -1.75466 27
      vertex 7.98421 -0.502324 27
    endloop
  endfacet
  facet normal 0 0 1
    outer loop
      vertex 7.60845 2.47214 27
      vertex 13.3148 4.32624 27
      vertex 13.0169 5.15374 27
    endloop
  endfacet
  facet normal 0 0 1
    outer loop
      vertex 13.8896 -1.75466 27
      vertex 7.93692 -1.00267 27
      vertex 13.752 -2.62334 27
    endloop
  endfacet
  facet normal 0 0 1
    outer loop
      vertex 7.43821 2.945 27
      vertex 13.0169 5.15374 27
      vertex 12.6676 5.96091 27
    endloop
  endfacet
  facet normal -0 0 1
    outer loop
      vertex 7.8583 -1.49905 27
      vertex 13.752 -2.62334 27
      vertex 7.93692 -1.00267 27
    endloop
  endfacet
  facet normal 0 0 1
    outer loop
      vertex 7.23862 3.40623 27
      vertex 12.6676 5.96091 27
      vertex 12.2683 6.74455 27
    endloop
  endfacet
  facet normal 0 0 1
    outer loop
      vertex 13.752 -2.62334 27
      vertex 7.8583 -1.49905 27
      vertex 13.5602 -3.48166 27
    endloop
  endfacet
  facet normal 0 0 1
    outer loop
      vertex 7.01045 3.85403 27
      vertex 12.2683 6.74455 27
      vertex 11.8206 7.50157 27
    endloop
  endfacet
  facet normal -0 0 1
    outer loop
      vertex 7.74866 -1.98952 27
      vertex 13.5602 -3.48166 27
      vertex 7.8583 -1.49905 27
    endloop
  endfacet
  facet normal 0 0 1
    outer loop
      vertex 6.75462 4.28661 27
      vertex 11.8206 7.50157 27
      vertex 11.3262 8.22899 27
    endloop
  endfacet
  facet normal 0 0 1
    outer loop
      vertex 13.5602 -3.48166 27
      vertex 7.74866 -1.98952 27
      vertex 13.3148 -4.32624 27
    endloop
  endfacet
  facet normal 0 0 1
    outer loop
      vertex 6.47214 4.70228 27
      vertex 11.3262 8.22899 27
      vertex 10.7872 8.92393 27
    endloop
  endfacet
  facet normal -0 0 1
    outer loop
      vertex 7.60845 -2.47214 27
      vertex 13.3148 -4.32624 27
      vertex 7.74866 -1.98952 27
    endloop
  endfacet
  facet normal 0 0 1
    outer loop
      vertex 6.16411 5.09939 27
      vertex 10.7872 8.92393 27
      vertex 10.2056 9.58366 27
    endloop
  endfacet
  facet normal 0 0 1
    outer loop
      vertex 13.3148 -4.32624 27
      vertex 7.60845 -2.47214 27
      vertex 13.0169 -5.15374 27
    endloop
  endfacet
  facet normal 0 0 1
    outer loop
      vertex 5.83175 5.47638 27
      vertex 10.2056 9.58366 27
      vertex 9.58366 10.2056 27
    endloop
  endfacet
  facet normal -0 0 1
    outer loop
      vertex 7.43821 -2.945 27
      vertex 13.0169 -5.15374 27
      vertex 7.60845 -2.47214 27
    endloop
  endfacet
  facet normal 0 0 1
    outer loop
      vertex 5.47638 5.83175 27
      vertex 9.58366 10.2056 27
      vertex 8.92393 10.7872 27
    endloop
  endfacet
  facet normal 0 0 1
    outer loop
      vertex 13.0169 -5.15374 27
      vertex 7.43821 -2.945 27
      vertex 12.6676 -5.96091 27
    endloop
  endfacet
  facet normal 0 0 1
    outer loop
      vertex 5.09939 6.16411 27
      vertex 8.92393 10.7872 27
      vertex 8.22899 11.3262 27
    endloop
  endfacet
  facet normal -0 0 1
    outer loop
      vertex 7.23862 -3.40623 27
      vertex 12.6676 -5.96091 27
      vertex 7.43821 -2.945 27
    endloop
  endfacet
  facet normal 0 0 1
    outer loop
      vertex 12.6676 -5.96091 27
      vertex 7.23862 -3.40623 27
      vertex 12.2683 -6.74455 27
    endloop
  endfacet
  facet normal 0 0 1
    outer loop
      vertex 13.9724 0.879066 27
      vertex 7.98421 0.502324 27
      vertex 8 0 27
    endloop
  endfacet
  facet normal 0 0 1
    outer loop
      vertex 13.8896 1.75466 27
      vertex 7.93692 1.00267 27
      vertex 7.98421 0.502324 27
    endloop
  endfacet
  facet normal 0 0 1
    outer loop
      vertex 13.752 2.62334 27
      vertex 7.8583 1.49905 27
      vertex 7.93692 1.00267 27
    endloop
  endfacet
  facet normal 0 0 1
    outer loop
      vertex 13.5602 3.48166 27
      vertex 7.74866 1.98952 27
      vertex 7.8583 1.49905 27
    endloop
  endfacet
  facet normal 0 0 1
    outer loop
      vertex 13.3148 4.32624 27
      vertex 7.60845 2.47214 27
      vertex 7.74866 1.98952 27
    endloop
  endfacet
  facet normal 0 0 1
    outer loop
      vertex 4.70228 6.47214 27
      vertex 8.22899 11.3262 27
      vertex 7.50157 11.8206 27
    endloop
  endfacet
  facet normal 0 0 1
    outer loop
      vertex 13.0169 5.15374 27
      vertex 7.43821 2.945 27
      vertex 7.60845 2.47214 27
    endloop
  endfacet
  facet normal 0 0 1
    outer loop
      vertex 12.6676 5.96091 27
      vertex 7.23862 3.40623 27
      vertex 7.43821 2.945 27
    endloop
  endfacet
  facet normal 0 0 1
    outer loop
      vertex 12.2683 6.74455 27
      vertex 7.01045 3.85403 27
      vertex 7.23862 3.40623 27
    endloop
  endfacet
  facet normal 0 0 1
    outer loop
      vertex 11.8206 7.50157 27
      vertex 6.75462 4.28661 27
      vertex 7.01045 3.85403 27
    endloop
  endfacet
  facet normal 0 0 1
    outer loop
      vertex 4.28661 6.75462 27
      vertex 7.50157 11.8206 27
      vertex 6.74455 12.2683 27
    endloop
  endfacet
  facet normal 0 0 1
    outer loop
      vertex 11.3262 8.22899 27
      vertex 6.47214 4.70228 27
      vertex 6.75462 4.28661 27
    endloop
  endfacet
  facet normal 0 0 1
    outer loop
      vertex 10.7872 8.92393 27
      vertex 6.16411 5.09939 27
      vertex 6.47214 4.70228 27
    endloop
  endfacet
  facet normal 0 0 1
    outer loop
      vertex 3.85403 7.01045 27
      vertex 6.74455 12.2683 27
      vertex 5.96091 12.6676 27
    endloop
  endfacet
  facet normal 0 0 1
    outer loop
      vertex 10.2056 9.58366 27
      vertex 5.83175 5.47638 27
      vertex 6.16411 5.09939 27
    endloop
  endfacet
  facet normal 0 0 1
    outer loop
      vertex 9.58366 10.2056 27
      vertex 5.47638 5.83175 27
      vertex 5.83175 5.47638 27
    endloop
  endfacet
  facet normal 0 0 1
    outer loop
      vertex 3.40623 7.23862 27
      vertex 5.96091 12.6676 27
      vertex 5.15374 13.0169 27
    endloop
  endfacet
  facet normal 0 0 1
    outer loop
      vertex 8.92393 10.7872 27
      vertex 5.09939 6.16411 27
      vertex 5.47638 5.83175 27
    endloop
  endfacet
  facet normal 0 0 1
    outer loop
      vertex 8.22899 11.3262 27
      vertex 4.70228 6.47214 27
      vertex 5.09939 6.16411 27
    endloop
  endfacet
  facet normal 0 0 1
    outer loop
      vertex 2.945 7.43821 27
      vertex 5.15374 13.0169 27
      vertex 4.32624 13.3148 27
    endloop
  endfacet
  facet normal 0 0 1
    outer loop
      vertex 7.50157 11.8206 27
      vertex 4.28661 6.75462 27
      vertex 4.70228 6.47214 27
    endloop
  endfacet
  facet normal 0 0 1
    outer loop
      vertex 6.74455 12.2683 27
      vertex 3.85403 7.01045 27
      vertex 4.28661 6.75462 27
    endloop
  endfacet
  facet normal 0 0 1
    outer loop
      vertex 2.47214 7.60845 27
      vertex 4.32624 13.3148 27
      vertex 3.48166 13.5602 27
    endloop
  endfacet
  facet normal 0 0 1
    outer loop
      vertex 5.96091 12.6676 27
      vertex 3.40623 7.23862 27
      vertex 3.85403 7.01045 27
    endloop
  endfacet
  facet normal 0 0 1
    outer loop
      vertex 5.15374 13.0169 27
      vertex 2.945 7.43821 27
      vertex 3.40623 7.23862 27
    endloop
  endfacet
  facet normal 0 0 1
    outer loop
      vertex 1.98952 7.74866 27
      vertex 3.48166 13.5602 27
      vertex 2.62334 13.752 27
    endloop
  endfacet
  facet normal 0 0 1
    outer loop
      vertex 4.32624 13.3148 27
      vertex 2.47214 7.60845 27
      vertex 2.945 7.43821 27
    endloop
  endfacet
  facet normal 0 0 1
    outer loop
      vertex 3.48166 13.5602 27
      vertex 1.98952 7.74866 27
      vertex 2.47214 7.60845 27
    endloop
  endfacet
  facet normal 0 0 1
    outer loop
      vertex 1.49905 7.8583 27
      vertex 2.62334 13.752 27
      vertex 1.75466 13.8896 27
    endloop
  endfacet
  facet normal 0 0 1
    outer loop
      vertex 2.62334 13.752 27
      vertex 1.49905 7.8583 27
      vertex 1.98952 7.74866 27
    endloop
  endfacet
  facet normal 0 0 1
    outer loop
      vertex 1.75466 13.8896 27
      vertex 1.00267 7.93692 27
      vertex 1.49905 7.8583 27
    endloop
  endfacet
  facet normal 0 0 1
    outer loop
      vertex 0.879066 13.9724 27
      vertex 1.00267 7.93692 27
      vertex 1.75466 13.8896 27
    endloop
  endfacet
  facet normal 0 0 1
    outer loop
      vertex 0.879066 13.9724 27
      vertex 0.502324 7.98421 27
      vertex 1.00267 7.93692 27
    endloop
  endfacet
  facet normal 0 0 1
    outer loop
      vertex 0 14 27
      vertex 0.502324 7.98421 27
      vertex 0.879066 13.9724 27
    endloop
  endfacet
  facet normal 0 0 1
    outer loop
      vertex 0 14 27
      vertex 0 8 27
      vertex 0.502324 7.98421 27
    endloop
  endfacet
  facet normal 0 0 1
    outer loop
      vertex 0 14 27
      vertex -0.502324 7.98421 27
      vertex 0 8 27
    endloop
  endfacet
  facet normal -0 0 1
    outer loop
      vertex -0.879066 13.9724 27
      vertex -0.502324 7.98421 27
      vertex 0 14 27
    endloop
  endfacet
  facet normal 0 0 1
    outer loop
      vertex -0.879066 13.9724 27
      vertex -1.00267 7.93692 27
      vertex -0.502324 7.98421 27
    endloop
  endfacet
  facet normal -0 0 1
    outer loop
      vertex -1.75466 13.8896 27
      vertex -1.00267 7.93692 27
      vertex -0.879066 13.9724 27
    endloop
  endfacet
  facet normal 0 0 1
    outer loop
      vertex -1.00267 7.93692 27
      vertex -1.75466 13.8896 27
      vertex -1.49905 7.8583 27
    endloop
  endfacet
  facet normal -0 0 1
    outer loop
      vertex -2.62334 13.752 27
      vertex -1.49905 7.8583 27
      vertex -1.75466 13.8896 27
    endloop
  endfacet
  facet normal 0 0 1
    outer loop
      vertex -1.49905 7.8583 27
      vertex -2.62334 13.752 27
      vertex -1.98952 7.74866 27
    endloop
  endfacet
  facet normal -0 0 1
    outer loop
      vertex -3.48166 13.5602 27
      vertex -1.98952 7.74866 27
      vertex -2.62334 13.752 27
    endloop
  endfacet
  facet normal 0 0 1
    outer loop
      vertex -1.98952 7.74866 27
      vertex -3.48166 13.5602 27
      vertex -2.47214 7.60845 27
    endloop
  endfacet
  facet normal -0 0 1
    outer loop
      vertex -4.32624 13.3148 27
      vertex -2.47214 7.60845 27
      vertex -3.48166 13.5602 27
    endloop
  endfacet
  facet normal 0 0 1
    outer loop
      vertex -2.47214 7.60845 27
      vertex -4.32624 13.3148 27
      vertex -2.945 7.43821 27
    endloop
  endfacet
  facet normal -0 0 1
    outer loop
      vertex -5.15374 13.0169 27
      vertex -2.945 7.43821 27
      vertex -4.32624 13.3148 27
    endloop
  endfacet
  facet normal 0 0 1
    outer loop
      vertex -2.945 7.43821 27
      vertex -5.15374 13.0169 27
      vertex -3.40623 7.23862 27
    endloop
  endfacet
  facet normal -0 0 1
    outer loop
      vertex -5.96091 12.6676 27
      vertex -3.40623 7.23862 27
      vertex -5.15374 13.0169 27
    endloop
  endfacet
  facet normal 0 0 1
    outer loop
      vertex -3.40623 7.23862 27
      vertex -5.96091 12.6676 27
      vertex -3.85403 7.01045 27
    endloop
  endfacet
  facet normal -0 0 1
    outer loop
      vertex -6.74455 12.2683 27
      vertex -3.85403 7.01045 27
      vertex -5.96091 12.6676 27
    endloop
  endfacet
  facet normal 0 0 1
    outer loop
      vertex -3.85403 7.01045 27
      vertex -6.74455 12.2683 27
      vertex -4.28661 6.75462 27
    endloop
  endfacet
  facet normal -0 0 1
    outer loop
      vertex -7.50157 11.8206 27
      vertex -4.28661 6.75462 27
      vertex -6.74455 12.2683 27
    endloop
  endfacet
  facet normal 0 0 1
    outer loop
      vertex -4.28661 6.75462 27
      vertex -7.50157 11.8206 27
      vertex -4.70228 6.47214 27
    endloop
  endfacet
  facet normal -0 0 1
    outer loop
      vertex -8.22899 11.3262 27
      vertex -4.70228 6.47214 27
      vertex -7.50157 11.8206 27
    endloop
  endfacet
  facet normal 0 0 1
    outer loop
      vertex -4.70228 6.47214 27
      vertex -8.22899 11.3262 27
      vertex -5.09939 6.16411 27
    endloop
  endfacet
  facet normal -0 0 1
    outer loop
      vertex -8.92393 10.7872 27
      vertex -5.09939 6.16411 27
      vertex -8.22899 11.3262 27
    endloop
  endfacet
  facet normal 0 0 1
    outer loop
      vertex -5.09939 6.16411 27
      vertex -8.92393 10.7872 27
      vertex -5.47638 5.83175 27
    endloop
  endfacet
  facet normal -0 0 1
    outer loop
      vertex -9.58366 10.2056 27
      vertex -5.47638 5.83175 27
      vertex -8.92393 10.7872 27
    endloop
  endfacet
  facet normal 0 0 1
    outer loop
      vertex -5.47638 5.83175 27
      vertex -9.58366 10.2056 27
      vertex -5.83175 5.47638 27
    endloop
  endfacet
  facet normal -0 0 1
    outer loop
      vertex -10.2056 9.58366 27
      vertex -5.83175 5.47638 27
      vertex -9.58366 10.2056 27
    endloop
  endfacet
  facet normal 0 0 1
    outer loop
      vertex -5.83175 5.47638 27
      vertex -10.2056 9.58366 27
      vertex -6.16411 5.09939 27
    endloop
  endfacet
  facet normal -0 0 1
    outer loop
      vertex -10.7872 8.92393 27
      vertex -6.16411 5.09939 27
      vertex -10.2056 9.58366 27
    endloop
  endfacet
  facet normal 0 0 1
    outer loop
      vertex -6.16411 5.09939 27
      vertex -10.7872 8.92393 27
      vertex -6.47214 4.70228 27
    endloop
  endfacet
  facet normal -0 0 1
    outer loop
      vertex -11.3262 8.22899 27
      vertex -6.47214 4.70228 27
      vertex -10.7872 8.92393 27
    endloop
  endfacet
  facet normal 0 0 1
    outer loop
      vertex -6.47214 4.70228 27
      vertex -11.3262 8.22899 27
      vertex -6.75462 4.28661 27
    endloop
  endfacet
  facet normal -0 0 1
    outer loop
      vertex -11.8206 7.50157 27
      vertex -6.75462 4.28661 27
      vertex -11.3262 8.22899 27
    endloop
  endfacet
  facet normal 0 0 1
    outer loop
      vertex -6.75462 4.28661 27
      vertex -11.8206 7.50157 27
      vertex -7.01045 3.85403 27
    endloop
  endfacet
  facet normal 0 0 1
    outer loop
      vertex -7.01045 3.85403 27
      vertex -12.2683 6.74455 27
      vertex -7.23862 3.40623 27
    endloop
  endfacet
  facet normal -0 0 1
    outer loop
      vertex -12.2683 6.74455 27
      vertex -7.01045 3.85403 27
      vertex -11.8206 7.50157 27
    endloop
  endfacet
  facet normal -0 0 1
    outer loop
      vertex 7.01045 -3.85403 27
      vertex 12.2683 -6.74455 27
      vertex 7.23862 -3.40623 27
    endloop
  endfacet
  facet normal 0 0 1
    outer loop
      vertex 12.2683 -6.74455 27
      vertex 7.01045 -3.85403 27
      vertex 11.8206 -7.50157 27
    endloop
  endfacet
  facet normal -0 0 1
    outer loop
      vertex 6.75462 -4.28661 27
      vertex 11.8206 -7.50157 27
      vertex 7.01045 -3.85403 27
    endloop
  endfacet
  facet normal 0 0 1
    outer loop
      vertex 11.8206 -7.50157 27
      vertex 6.75462 -4.28661 27
      vertex 11.3262 -8.22899 27
    endloop
  endfacet
  facet normal -0 0 1
    outer loop
      vertex 6.47214 -4.70228 27
      vertex 11.3262 -8.22899 27
      vertex 6.75462 -4.28661 27
    endloop
  endfacet
  facet normal 0 0 1
    outer loop
      vertex 11.3262 -8.22899 27
      vertex 6.47214 -4.70228 27
      vertex 10.7872 -8.92393 27
    endloop
  endfacet
  facet normal -0 0 1
    outer loop
      vertex 6.16411 -5.09939 27
      vertex 10.7872 -8.92393 27
      vertex 6.47214 -4.70228 27
    endloop
  endfacet
  facet normal 0 0 1
    outer loop
      vertex 10.7872 -8.92393 27
      vertex 6.16411 -5.09939 27
      vertex 10.2056 -9.58366 27
    endloop
  endfacet
  facet normal -0 0 1
    outer loop
      vertex 5.83175 -5.47638 27
      vertex 10.2056 -9.58366 27
      vertex 6.16411 -5.09939 27
    endloop
  endfacet
  facet normal 0 0 1
    outer loop
      vertex 10.2056 -9.58366 27
      vertex 5.83175 -5.47638 27
      vertex 9.58366 -10.2056 27
    endloop
  endfacet
  facet normal -0 0 1
    outer loop
      vertex 5.47638 -5.83175 27
      vertex 9.58366 -10.2056 27
      vertex 5.83175 -5.47638 27
    endloop
  endfacet
  facet normal 0 0 1
    outer loop
      vertex 9.58366 -10.2056 27
      vertex 5.47638 -5.83175 27
      vertex 8.92393 -10.7872 27
    endloop
  endfacet
  facet normal -0 0 1
    outer loop
      vertex 5.09939 -6.16411 27
      vertex 8.92393 -10.7872 27
      vertex 5.47638 -5.83175 27
    endloop
  endfacet
  facet normal 0 0 1
    outer loop
      vertex 8.92393 -10.7872 27
      vertex 5.09939 -6.16411 27
      vertex 8.22899 -11.3262 27
    endloop
  endfacet
  facet normal -0 0 1
    outer loop
      vertex 4.70228 -6.47214 27
      vertex 8.22899 -11.3262 27
      vertex 5.09939 -6.16411 27
    endloop
  endfacet
  facet normal 0 0 1
    outer loop
      vertex 8.22899 -11.3262 27
      vertex 4.70228 -6.47214 27
      vertex 7.50157 -11.8206 27
    endloop
  endfacet
  facet normal -0 0 1
    outer loop
      vertex 4.28661 -6.75462 27
      vertex 7.50157 -11.8206 27
      vertex 4.70228 -6.47214 27
    endloop
  endfacet
  facet normal 0 0 1
    outer loop
      vertex 7.50157 -11.8206 27
      vertex 4.28661 -6.75462 27
      vertex 6.74455 -12.2683 27
    endloop
  endfacet
  facet normal -0 0 1
    outer loop
      vertex 3.85403 -7.01045 27
      vertex 6.74455 -12.2683 27
      vertex 4.28661 -6.75462 27
    endloop
  endfacet
  facet normal 0 0 1
    outer loop
      vertex 6.74455 -12.2683 27
      vertex 3.85403 -7.01045 27
      vertex 5.96091 -12.6676 27
    endloop
  endfacet
  facet normal -0 0 1
    outer loop
      vertex 3.40623 -7.23862 27
      vertex 5.96091 -12.6676 27
      vertex 3.85403 -7.01045 27
    endloop
  endfacet
  facet normal 0 0 1
    outer loop
      vertex 5.96091 -12.6676 27
      vertex 3.40623 -7.23862 27
      vertex 5.15374 -13.0169 27
    endloop
  endfacet
  facet normal -0 0 1
    outer loop
      vertex 2.945 -7.43821 27
      vertex 5.15374 -13.0169 27
      vertex 3.40623 -7.23862 27
    endloop
  endfacet
  facet normal 0 0 1
    outer loop
      vertex 5.15374 -13.0169 27
      vertex 2.945 -7.43821 27
      vertex 4.32624 -13.3148 27
    endloop
  endfacet
  facet normal -0 0 1
    outer loop
      vertex 2.47214 -7.60845 27
      vertex 4.32624 -13.3148 27
      vertex 2.945 -7.43821 27
    endloop
  endfacet
  facet normal 0 0 1
    outer loop
      vertex 4.32624 -13.3148 27
      vertex 2.47214 -7.60845 27
      vertex 3.48166 -13.5602 27
    endloop
  endfacet
  facet normal -0 0 1
    outer loop
      vertex 1.98952 -7.74866 27
      vertex 3.48166 -13.5602 27
      vertex 2.47214 -7.60845 27
    endloop
  endfacet
  facet normal 0 0 1
    outer loop
      vertex 3.48166 -13.5602 27
      vertex 1.98952 -7.74866 27
      vertex 2.62334 -13.752 27
    endloop
  endfacet
  facet normal -0 0 1
    outer loop
      vertex 1.49905 -7.8583 27
      vertex 2.62334 -13.752 27
      vertex 1.98952 -7.74866 27
    endloop
  endfacet
  facet normal 0 0 1
    outer loop
      vertex 2.62334 -13.752 27
      vertex 1.49905 -7.8583 27
      vertex 1.75466 -13.8896 27
    endloop
  endfacet
  facet normal -0 0 1
    outer loop
      vertex 1.00267 -7.93692 27
      vertex 1.75466 -13.8896 27
      vertex 1.49905 -7.8583 27
    endloop
  endfacet
  facet normal 0 0 1
    outer loop
      vertex 1.00267 -7.93692 27
      vertex 0.879066 -13.9724 27
      vertex 1.75466 -13.8896 27
    endloop
  endfacet
  facet normal -0 0 1
    outer loop
      vertex 0.502324 -7.98421 27
      vertex 0.879066 -13.9724 27
      vertex 1.00267 -7.93692 27
    endloop
  endfacet
  facet normal -0 0 1
    outer loop
      vertex 0 -8 27
      vertex 0.879066 -13.9724 27
      vertex 0.502324 -7.98421 27
    endloop
  endfacet
  facet normal 0 0 1
    outer loop
      vertex 0 -8 27
      vertex 0 -14 27
      vertex 0.879066 -13.9724 27
    endloop
  endfacet
  facet normal 0 0 1
    outer loop
      vertex -0.502324 -7.98421 27
      vertex 0 -14 27
      vertex 0 -8 27
    endloop
  endfacet
  facet normal 0 0 1
    outer loop
      vertex -0.502324 -7.98421 27
      vertex -0.879066 -13.9724 27
      vertex 0 -14 27
    endloop
  endfacet
  facet normal 0 0 1
    outer loop
      vertex -1.00267 -7.93692 27
      vertex -0.879066 -13.9724 27
      vertex -0.502324 -7.98421 27
    endloop
  endfacet
  facet normal 0 0 1
    outer loop
      vertex -1.75466 -13.8896 27
      vertex -1.00267 -7.93692 27
      vertex -1.49905 -7.8583 27
    endloop
  endfacet
  facet normal 0 0 1
    outer loop
      vertex -1.00267 -7.93692 27
      vertex -1.75466 -13.8896 27
      vertex -0.879066 -13.9724 27
    endloop
  endfacet
  facet normal 0 0 1
    outer loop
      vertex -2.62334 -13.752 27
      vertex -1.49905 -7.8583 27
      vertex -1.98952 -7.74866 27
    endloop
  endfacet
  facet normal 0 0 1
    outer loop
      vertex -3.48166 -13.5602 27
      vertex -1.98952 -7.74866 27
      vertex -2.47214 -7.60845 27
    endloop
  endfacet
  facet normal 0 0 1
    outer loop
      vertex -1.49905 -7.8583 27
      vertex -2.62334 -13.752 27
      vertex -1.75466 -13.8896 27
    endloop
  endfacet
  facet normal 0 0 1
    outer loop
      vertex -4.32624 -13.3148 27
      vertex -2.47214 -7.60845 27
      vertex -2.945 -7.43821 27
    endloop
  endfacet
  facet normal 0 0 1
    outer loop
      vertex -5.15374 -13.0169 27
      vertex -2.945 -7.43821 27
      vertex -3.40623 -7.23862 27
    endloop
  endfacet
  facet normal 0 0 1
    outer loop
      vertex -1.98952 -7.74866 27
      vertex -3.48166 -13.5602 27
      vertex -2.62334 -13.752 27
    endloop
  endfacet
  facet normal 0 0 1
    outer loop
      vertex -5.96091 -12.6676 27
      vertex -3.40623 -7.23862 27
      vertex -3.85403 -7.01045 27
    endloop
  endfacet
  facet normal 0 0 1
    outer loop
      vertex -6.74455 -12.2683 27
      vertex -3.85403 -7.01045 27
      vertex -4.28661 -6.75462 27
    endloop
  endfacet
  facet normal 0 0 1
    outer loop
      vertex -2.47214 -7.60845 27
      vertex -4.32624 -13.3148 27
      vertex -3.48166 -13.5602 27
    endloop
  endfacet
  facet normal 0 0 1
    outer loop
      vertex -7.50157 -11.8206 27
      vertex -4.28661 -6.75462 27
      vertex -4.70228 -6.47214 27
    endloop
  endfacet
  facet normal 0 0 1
    outer loop
      vertex -8.22899 -11.3262 27
      vertex -4.70228 -6.47214 27
      vertex -5.09939 -6.16411 27
    endloop
  endfacet
  facet normal 0 0 1
    outer loop
      vertex -2.945 -7.43821 27
      vertex -5.15374 -13.0169 27
      vertex -4.32624 -13.3148 27
    endloop
  endfacet
  facet normal 0 0 1
    outer loop
      vertex -8.92393 -10.7872 27
      vertex -5.09939 -6.16411 27
      vertex -5.47638 -5.83175 27
    endloop
  endfacet
  facet normal 0 0 1
    outer loop
      vertex -9.58366 -10.2056 27
      vertex -5.47638 -5.83175 27
      vertex -5.83175 -5.47638 27
    endloop
  endfacet
  facet normal 0 0 1
    outer loop
      vertex -3.40623 -7.23862 27
      vertex -5.96091 -12.6676 27
      vertex -5.15374 -13.0169 27
    endloop
  endfacet
  facet normal 0 0 1
    outer loop
      vertex -10.2056 -9.58366 27
      vertex -5.83175 -5.47638 27
      vertex -6.16411 -5.09939 27
    endloop
  endfacet
  facet normal 0 0 1
    outer loop
      vertex -10.7872 -8.92393 27
      vertex -6.16411 -5.09939 27
      vertex -6.47214 -4.70228 27
    endloop
  endfacet
  facet normal 0 0 1
    outer loop
      vertex -3.85403 -7.01045 27
      vertex -6.74455 -12.2683 27
      vertex -5.96091 -12.6676 27
    endloop
  endfacet
  facet normal 0 0 1
    outer loop
      vertex -11.3262 -8.22899 27
      vertex -6.47214 -4.70228 27
      vertex -6.75462 -4.28661 27
    endloop
  endfacet
  facet normal 0 0 1
    outer loop
      vertex -11.8206 -7.50157 27
      vertex -6.75462 -4.28661 27
      vertex -7.01045 -3.85403 27
    endloop
  endfacet
  facet normal 0 0 1
    outer loop
      vertex -12.2683 -6.74455 27
      vertex -7.01045 -3.85403 27
      vertex -7.23862 -3.40623 27
    endloop
  endfacet
  facet normal 0 0 1
    outer loop
      vertex -12.6676 -5.96091 27
      vertex -7.23862 -3.40623 27
      vertex -7.43821 -2.945 27
    endloop
  endfacet
  facet normal 0 0 1
    outer loop
      vertex -4.28661 -6.75462 27
      vertex -7.50157 -11.8206 27
      vertex -6.74455 -12.2683 27
    endloop
  endfacet
  facet normal 0 0 1
    outer loop
      vertex -13.0169 -5.15374 27
      vertex -7.43821 -2.945 27
      vertex -7.60845 -2.47214 27
    endloop
  endfacet
  facet normal 0 0 1
    outer loop
      vertex -13.3148 -4.32624 27
      vertex -7.60845 -2.47214 27
      vertex -7.74866 -1.98952 27
    endloop
  endfacet
  facet normal 0 0 1
    outer loop
      vertex -13.5602 -3.48166 27
      vertex -7.74866 -1.98952 27
      vertex -7.8583 -1.49905 27
    endloop
  endfacet
  facet normal 0 0 1
    outer loop
      vertex -13.752 -2.62334 27
      vertex -7.8583 -1.49905 27
      vertex -7.93692 -1.00267 27
    endloop
  endfacet
  facet normal 0 0 1
    outer loop
      vertex -13.8896 -1.75466 27
      vertex -7.93692 -1.00267 27
      vertex -7.98421 -0.502324 27
    endloop
  endfacet
  facet normal 0 0 1
    outer loop
      vertex -4.70228 -6.47214 27
      vertex -8.22899 -11.3262 27
      vertex -7.50157 -11.8206 27
    endloop
  endfacet
  facet normal 0 0 1
    outer loop
      vertex -13.9724 -0.879066 27
      vertex -7.98421 -0.502324 27
      vertex -8 0 27
    endloop
  endfacet
  facet normal -0 0 1
    outer loop
      vertex -12.6676 5.96091 27
      vertex -7.23862 3.40623 27
      vertex -12.2683 6.74455 27
    endloop
  endfacet
  facet normal 0 0 1
    outer loop
      vertex -7.23862 3.40623 27
      vertex -12.6676 5.96091 27
      vertex -7.43821 2.945 27
    endloop
  endfacet
  facet normal 0 0 1
    outer loop
      vertex -5.09939 -6.16411 27
      vertex -8.92393 -10.7872 27
      vertex -8.22899 -11.3262 27
    endloop
  endfacet
  facet normal -0 0 1
    outer loop
      vertex -13.0169 5.15374 27
      vertex -7.43821 2.945 27
      vertex -12.6676 5.96091 27
    endloop
  endfacet
  facet normal 0 0 1
    outer loop
      vertex -5.47638 -5.83175 27
      vertex -9.58366 -10.2056 27
      vertex -8.92393 -10.7872 27
    endloop
  endfacet
  facet normal 0 0 1
    outer loop
      vertex -7.43821 2.945 27
      vertex -13.0169 5.15374 27
      vertex -7.60845 2.47214 27
    endloop
  endfacet
  facet normal 0 0 1
    outer loop
      vertex -5.83175 -5.47638 27
      vertex -10.2056 -9.58366 27
      vertex -9.58366 -10.2056 27
    endloop
  endfacet
  facet normal -0 0 1
    outer loop
      vertex -13.3148 4.32624 27
      vertex -7.60845 2.47214 27
      vertex -13.0169 5.15374 27
    endloop
  endfacet
  facet normal 0 0 1
    outer loop
      vertex -6.16411 -5.09939 27
      vertex -10.7872 -8.92393 27
      vertex -10.2056 -9.58366 27
    endloop
  endfacet
  facet normal 0 0 1
    outer loop
      vertex -7.60845 2.47214 27
      vertex -13.3148 4.32624 27
      vertex -7.74866 1.98952 27
    endloop
  endfacet
  facet normal 0 0 1
    outer loop
      vertex -6.47214 -4.70228 27
      vertex -11.3262 -8.22899 27
      vertex -10.7872 -8.92393 27
    endloop
  endfacet
  facet normal -0 0 1
    outer loop
      vertex -13.5602 3.48166 27
      vertex -7.74866 1.98952 27
      vertex -13.3148 4.32624 27
    endloop
  endfacet
  facet normal 0 0 1
    outer loop
      vertex -6.75462 -4.28661 27
      vertex -11.8206 -7.50157 27
      vertex -11.3262 -8.22899 27
    endloop
  endfacet
  facet normal 0 0 1
    outer loop
      vertex -7.74866 1.98952 27
      vertex -13.5602 3.48166 27
      vertex -7.8583 1.49905 27
    endloop
  endfacet
  facet normal 0 0 1
    outer loop
      vertex -7.01045 -3.85403 27
      vertex -12.2683 -6.74455 27
      vertex -11.8206 -7.50157 27
    endloop
  endfacet
  facet normal -0 0 1
    outer loop
      vertex -13.752 2.62334 27
      vertex -7.8583 1.49905 27
      vertex -13.5602 3.48166 27
    endloop
  endfacet
  facet normal 0 0 1
    outer loop
      vertex -7.23862 -3.40623 27
      vertex -12.6676 -5.96091 27
      vertex -12.2683 -6.74455 27
    endloop
  endfacet
  facet normal 0 0 1
    outer loop
      vertex -7.8583 1.49905 27
      vertex -13.752 2.62334 27
      vertex -7.93692 1.00267 27
    endloop
  endfacet
  facet normal 0 0 1
    outer loop
      vertex -7.43821 -2.945 27
      vertex -13.0169 -5.15374 27
      vertex -12.6676 -5.96091 27
    endloop
  endfacet
  facet normal -0 0 1
    outer loop
      vertex -13.8896 1.75466 27
      vertex -7.93692 1.00267 27
      vertex -13.752 2.62334 27
    endloop
  endfacet
  facet normal 0 0 1
    outer loop
      vertex -7.60845 -2.47214 27
      vertex -13.3148 -4.32624 27
      vertex -13.0169 -5.15374 27
    endloop
  endfacet
  facet normal 0 0 1
    outer loop
      vertex -7.93692 1.00267 27
      vertex -13.8896 1.75466 27
      vertex -7.98421 0.502324 27
    endloop
  endfacet
  facet normal 0 0 1
    outer loop
      vertex -7.74866 -1.98952 27
      vertex -13.5602 -3.48166 27
      vertex -13.3148 -4.32624 27
    endloop
  endfacet
  facet normal -0 0 1
    outer loop
      vertex -13.9724 0.879066 27
      vertex -7.98421 0.502324 27
      vertex -13.8896 1.75466 27
    endloop
  endfacet
  facet normal 0 0 1
    outer loop
      vertex -7.8583 -1.49905 27
      vertex -13.752 -2.62334 27
      vertex -13.5602 -3.48166 27
    endloop
  endfacet
  facet normal 0 0 1
    outer loop
      vertex -7.98421 0.502324 27
      vertex -13.9724 0.879066 27
      vertex -8 0 27
    endloop
  endfacet
  facet normal 0 0 1
    outer loop
      vertex -7.93692 -1.00267 27
      vertex -13.8896 -1.75466 27
      vertex -13.752 -2.62334 27
    endloop
  endfacet
  facet normal 0 0 1
    outer loop
      vertex -14 0 27
      vertex -8 0 27
      vertex -13.9724 0.879066 27
    endloop
  endfacet
  facet normal 0 0 1
    outer loop
      vertex -7.98421 -0.502324 27
      vertex -13.9724 -0.879066 27
      vertex -13.8896 -1.75466 27
    endloop
  endfacet
  facet normal 0 0 1
    outer loop
      vertex -8 0 27
      vertex -14 0 27
      vertex -13.9724 -0.879066 27
    endloop
  endfacet
  facet normal 0.612871 0.790183 -0
    outer loop
      vertex 8.92393 10.7872 15
      vertex 8.22899 11.3262 27
      vertex 8.92393 10.7872 27
    endloop
  endfacet
  facet normal 0.612871 0.790183 0
    outer loop
      vertex 8.22899 11.3262 27
      vertex 8.92393 10.7872 15
      vertex 8.22899 11.3262 15
    endloop
  endfacet
  facet normal -0.562119 -0.827056 0
    outer loop
      vertex -8.22899 -11.3262 15
      vertex -7.50157 -11.8206 27
      vertex -8.22899 -11.3262 27
    endloop
  endfacet
  facet normal -0.562119 -0.827056 -0
    outer loop
      vertex -7.50157 -11.8206 27
      vertex -8.22899 -11.3262 15
      vertex -7.50157 -11.8206 15
    endloop
  endfacet
  facet normal -0.156451 0.987686 0
    outer loop
      vertex -1.75466 13.8896 15
      vertex -2.62334 13.752 27
      vertex -1.75466 13.8896 27
    endloop
  endfacet
  facet normal -0.156451 0.987686 0
    outer loop
      vertex -2.62334 13.752 27
      vertex -1.75466 13.8896 15
      vertex -2.62334 13.752 15
    endloop
  endfacet
  facet normal 0.338719 0.940887 -0
    outer loop
      vertex 5.15374 13.0169 15
      vertex 4.32624 13.3148 27
      vertex 5.15374 13.0169 27
    endloop
  endfacet
  facet normal 0.338719 0.940887 0
    outer loop
      vertex 4.32624 13.3148 27
      vertex 5.15374 13.0169 15
      vertex 4.32624 13.3148 15
    endloop
  endfacet
  facet normal 0.987686 -0.156451 0
    outer loop
      vertex 13.752 -2.62334 27
      vertex 13.8896 -1.75466 15
      vertex 13.8896 -1.75466 27
    endloop
  endfacet
  facet normal 0.987686 -0.156451 0
    outer loop
      vertex 13.8896 -1.75466 15
      vertex 13.752 -2.62334 27
      vertex 13.752 -2.62334 15
    endloop
  endfacet
  facet normal -0.0941444 -0.995559 0
    outer loop
      vertex -1.75466 -13.8896 15
      vertex -0.879066 -13.9724 27
      vertex -1.75466 -13.8896 27
    endloop
  endfacet
  facet normal -0.0941444 -0.995559 -0
    outer loop
      vertex -0.879066 -13.9724 27
      vertex -1.75466 -13.8896 15
      vertex -0.879066 -13.9724 15
    endloop
  endfacet
  facet normal 0.995559 -0.0941444 0
    outer loop
      vertex 13.8896 -1.75466 27
      vertex 13.9724 -0.879066 15
      vertex 13.9724 -0.879066 27
    endloop
  endfacet
  facet normal 0.995559 -0.0941444 0
    outer loop
      vertex 13.9724 -0.879066 15
      vertex 13.8896 -1.75466 27
      vertex 13.8896 -1.75466 15
    endloop
  endfacet
  facet normal 0.279019 0.960286 -0
    outer loop
      vertex 4.32624 13.3148 15
      vertex 3.48166 13.5602 27
      vertex 4.32624 13.3148 27
    endloop
  endfacet
  facet normal 0.279019 0.960286 0
    outer loop
      vertex 3.48166 13.5602 27
      vertex 4.32624 13.3148 15
      vertex 3.48166 13.5602 15
    endloop
  endfacet
  facet normal 0.960286 0.279019 0
    outer loop
      vertex 13.5602 3.48166 27
      vertex 13.3148 4.32624 15
      vertex 13.3148 4.32624 27
    endloop
  endfacet
  facet normal 0.960286 0.279019 0
    outer loop
      vertex 13.3148 4.32624 15
      vertex 13.5602 3.48166 27
      vertex 13.5602 3.48166 15
    endloop
  endfacet
  facet normal 0.960286 -0.279019 0
    outer loop
      vertex 13.3148 -4.32624 27
      vertex 13.5602 -3.48166 15
      vertex 13.5602 -3.48166 27
    endloop
  endfacet
  facet normal 0.960286 -0.279019 0
    outer loop
      vertex 13.5602 -3.48166 15
      vertex 13.3148 -4.32624 27
      vertex 13.3148 -4.32624 15
    endloop
  endfacet
  facet normal 0.0941444 0.995559 -0
    outer loop
      vertex 1.75466 13.8896 15
      vertex 0.879066 13.9724 27
      vertex 1.75466 13.8896 27
    endloop
  endfacet
  facet normal 0.0941444 0.995559 0
    outer loop
      vertex 0.879066 13.9724 27
      vertex 1.75466 13.8896 15
      vertex 0.879066 13.9724 15
    endloop
  endfacet
  facet normal 0.661293 0.750128 -0
    outer loop
      vertex 9.58366 10.2056 15
      vertex 8.92393 10.7872 27
      vertex 9.58366 10.2056 27
    endloop
  endfacet
  facet normal 0.661293 0.750128 0
    outer loop
      vertex 8.92393 10.7872 27
      vertex 9.58366 10.2056 15
      vertex 8.92393 10.7872 15
    endloop
  endfacet
  facet normal 0.975931 -0.218081 0
    outer loop
      vertex 13.5602 -3.48166 27
      vertex 13.752 -2.62334 15
      vertex 13.752 -2.62334 27
    endloop
  endfacet
  facet normal 0.975931 -0.218081 0
    outer loop
      vertex 13.752 -2.62334 15
      vertex 13.5602 -3.48166 27
      vertex 13.5602 -3.48166 15
    endloop
  endfacet
  facet normal -0.0313815 0.999507 0
    outer loop
      vertex 0 14 15
      vertex -0.879066 13.9724 27
      vertex 0 14 27
    endloop
  endfacet
  facet normal -0.0313815 0.999507 0
    outer loop
      vertex -0.879066 13.9724 27
      vertex 0 14 15
      vertex -0.879066 13.9724 15
    endloop
  endfacet
  facet normal 0.562119 -0.827056 0
    outer loop
      vertex 7.50157 -11.8206 15
      vertex 8.22899 -11.3262 27
      vertex 7.50157 -11.8206 27
    endloop
  endfacet
  facet normal 0.562119 -0.827056 0
    outer loop
      vertex 8.22899 -11.3262 27
      vertex 7.50157 -11.8206 15
      vertex 8.22899 -11.3262 15
    endloop
  endfacet
  facet normal -0.562119 0.827056 0
    outer loop
      vertex -7.50157 11.8206 15
      vertex -8.22899 11.3262 27
      vertex -7.50157 11.8206 27
    endloop
  endfacet
  facet normal -0.562119 0.827056 0
    outer loop
      vertex -8.22899 11.3262 27
      vertex -7.50157 11.8206 15
      vertex -8.22899 11.3262 15
    endloop
  endfacet
  facet normal -0.454004 0.890999 0
    outer loop
      vertex -5.96091 12.6676 15
      vertex -6.74455 12.2683 27
      vertex -5.96091 12.6676 27
    endloop
  endfacet
  facet normal -0.454004 0.890999 0
    outer loop
      vertex -6.74455 12.2683 27
      vertex -5.96091 12.6676 15
      vertex -6.74455 12.2683 15
    endloop
  endfacet
  facet normal 0.860742 0.509041 0
    outer loop
      vertex 12.2683 6.74455 27
      vertex 11.8206 7.50157 15
      vertex 11.8206 7.50157 27
    endloop
  endfacet
  facet normal 0.860742 0.509041 0
    outer loop
      vertex 11.8206 7.50157 15
      vertex 12.2683 6.74455 27
      vertex 12.2683 6.74455 15
    endloop
  endfacet
  facet normal -0.987686 -0.156451 0
    outer loop
      vertex -13.752 -2.62334 15
      vertex -13.8896 -1.75466 27
      vertex -13.8896 -1.75466 15
    endloop
  endfacet
  facet normal -0.987686 -0.156451 0
    outer loop
      vertex -13.8896 -1.75466 27
      vertex -13.752 -2.62334 15
      vertex -13.752 -2.62334 27
    endloop
  endfacet
  facet normal 0.890999 0.454004 0
    outer loop
      vertex 12.6676 5.96091 27
      vertex 12.2683 6.74455 15
      vertex 12.2683 6.74455 27
    endloop
  endfacet
  facet normal 0.890999 0.454004 0
    outer loop
      vertex 12.2683 6.74455 15
      vertex 12.6676 5.96091 27
      vertex 12.6676 5.96091 15
    endloop
  endfacet
  facet normal -0.890999 -0.454004 0
    outer loop
      vertex -12.2683 -6.74455 15
      vertex -12.6676 -5.96091 27
      vertex -12.6676 -5.96091 15
    endloop
  endfacet
  facet normal -0.890999 -0.454004 0
    outer loop
      vertex -12.6676 -5.96091 27
      vertex -12.2683 -6.74455 15
      vertex -12.2683 -6.74455 27
    endloop
  endfacet
  facet normal 0.156451 0.987686 -0
    outer loop
      vertex 2.62334 13.752 15
      vertex 1.75466 13.8896 27
      vertex 2.62334 13.752 27
    endloop
  endfacet
  facet normal 0.156451 0.987686 0
    outer loop
      vertex 1.75466 13.8896 27
      vertex 2.62334 13.752 15
      vertex 1.75466 13.8896 15
    endloop
  endfacet
  facet normal 0.707107 0.707107 0
    outer loop
      vertex 10.2056 9.58366 27
      vertex 9.58366 10.2056 15
      vertex 9.58366 10.2056 27
    endloop
  endfacet
  facet normal 0.707107 0.707107 0
    outer loop
      vertex 9.58366 10.2056 15
      vertex 10.2056 9.58366 27
      vertex 10.2056 9.58366 15
    endloop
  endfacet
  facet normal 0.279019 -0.960286 0
    outer loop
      vertex 3.48166 -13.5602 15
      vertex 4.32624 -13.3148 27
      vertex 3.48166 -13.5602 27
    endloop
  endfacet
  facet normal 0.279019 -0.960286 0
    outer loop
      vertex 4.32624 -13.3148 27
      vertex 3.48166 -13.5602 15
      vertex 4.32624 -13.3148 15
    endloop
  endfacet
  facet normal 0.860742 -0.509041 0
    outer loop
      vertex 11.8206 -7.50157 27
      vertex 12.2683 -6.74455 15
      vertex 12.2683 -6.74455 27
    endloop
  endfacet
  facet normal 0.860742 -0.509041 0
    outer loop
      vertex 12.2683 -6.74455 15
      vertex 11.8206 -7.50157 27
      vertex 11.8206 -7.50157 15
    endloop
  endfacet
  facet normal -0.454004 -0.890999 0
    outer loop
      vertex -6.74455 -12.2683 15
      vertex -5.96091 -12.6676 27
      vertex -6.74455 -12.2683 27
    endloop
  endfacet
  facet normal -0.454004 -0.890999 -0
    outer loop
      vertex -5.96091 -12.6676 27
      vertex -6.74455 -12.2683 15
      vertex -5.96091 -12.6676 15
    endloop
  endfacet
  facet normal -0.999507 0.0313815 0
    outer loop
      vertex -14 0 15
      vertex -13.9724 0.879066 27
      vertex -13.9724 0.879066 15
    endloop
  endfacet
  facet normal -0.999507 0.0313815 0
    outer loop
      vertex -13.9724 0.879066 27
      vertex -14 0 15
      vertex -14 0 27
    endloop
  endfacet
  facet normal 0.917752 0.397154 0
    outer loop
      vertex 13.0169 5.15374 27
      vertex 12.6676 5.96091 15
      vertex 12.6676 5.96091 27
    endloop
  endfacet
  facet normal 0.917752 0.397154 0
    outer loop
      vertex 12.6676 5.96091 15
      vertex 13.0169 5.15374 27
      vertex 13.0169 5.15374 15
    endloop
  endfacet
  facet normal -0.509041 -0.860742 0
    outer loop
      vertex -7.50157 -11.8206 15
      vertex -6.74455 -12.2683 27
      vertex -7.50157 -11.8206 27
    endloop
  endfacet
  facet normal -0.509041 -0.860742 -0
    outer loop
      vertex -6.74455 -12.2683 27
      vertex -7.50157 -11.8206 15
      vertex -6.74455 -12.2683 15
    endloop
  endfacet
  facet normal -0.827056 -0.562119 0
    outer loop
      vertex -11.3262 -8.22899 15
      vertex -11.8206 -7.50157 27
      vertex -11.8206 -7.50157 15
    endloop
  endfacet
  facet normal -0.827056 -0.562119 0
    outer loop
      vertex -11.8206 -7.50157 27
      vertex -11.3262 -8.22899 15
      vertex -11.3262 -8.22899 27
    endloop
  endfacet
  facet normal -0.661293 -0.750128 0
    outer loop
      vertex -9.58366 -10.2056 15
      vertex -8.92393 -10.7872 27
      vertex -9.58366 -10.2056 27
    endloop
  endfacet
  facet normal -0.661293 -0.750128 -0
    outer loop
      vertex -8.92393 -10.7872 27
      vertex -9.58366 -10.2056 15
      vertex -8.92393 -10.7872 15
    endloop
  endfacet
  facet normal -0.0941444 0.995559 0
    outer loop
      vertex -0.879066 13.9724 15
      vertex -1.75466 13.8896 27
      vertex -0.879066 13.9724 27
    endloop
  endfacet
  facet normal -0.0941444 0.995559 0
    outer loop
      vertex -1.75466 13.8896 27
      vertex -0.879066 13.9724 15
      vertex -1.75466 13.8896 15
    endloop
  endfacet
  facet normal 0.0941444 -0.995559 0
    outer loop
      vertex 0.879066 -13.9724 15
      vertex 1.75466 -13.8896 27
      vertex 0.879066 -13.9724 27
    endloop
  endfacet
  facet normal 0.0941444 -0.995559 0
    outer loop
      vertex 1.75466 -13.8896 27
      vertex 0.879066 -13.9724 15
      vertex 1.75466 -13.8896 15
    endloop
  endfacet
  facet normal -0.661293 0.750128 0
    outer loop
      vertex -8.92393 10.7872 15
      vertex -9.58366 10.2056 27
      vertex -8.92393 10.7872 27
    endloop
  endfacet
  facet normal -0.661293 0.750128 0
    outer loop
      vertex -9.58366 10.2056 27
      vertex -8.92393 10.7872 15
      vertex -9.58366 10.2056 15
    endloop
  endfacet
  facet normal 0.454004 0.890999 -0
    outer loop
      vertex 6.74455 12.2683 15
      vertex 5.96091 12.6676 27
      vertex 6.74455 12.2683 27
    endloop
  endfacet
  facet normal 0.454004 0.890999 0
    outer loop
      vertex 5.96091 12.6676 27
      vertex 6.74455 12.2683 15
      vertex 5.96091 12.6676 15
    endloop
  endfacet
  facet normal -0.218081 -0.975931 0
    outer loop
      vertex -3.48166 -13.5602 15
      vertex -2.62334 -13.752 27
      vertex -3.48166 -13.5602 27
    endloop
  endfacet
  facet normal -0.218081 -0.975931 -0
    outer loop
      vertex -2.62334 -13.752 27
      vertex -3.48166 -13.5602 15
      vertex -2.62334 -13.752 15
    endloop
  endfacet
  facet normal -0.0313815 -0.999507 0
    outer loop
      vertex -0.879066 -13.9724 15
      vertex 0 -14 27
      vertex -0.879066 -13.9724 27
    endloop
  endfacet
  facet normal -0.0313815 -0.999507 -0
    outer loop
      vertex 0 -14 27
      vertex -0.879066 -13.9724 15
      vertex 0 -14 15
    endloop
  endfacet
  facet normal 0.218081 -0.975931 0
    outer loop
      vertex 2.62334 -13.752 15
      vertex 3.48166 -13.5602 27
      vertex 2.62334 -13.752 27
    endloop
  endfacet
  facet normal 0.218081 -0.975931 0
    outer loop
      vertex 3.48166 -13.5602 27
      vertex 2.62334 -13.752 15
      vertex 3.48166 -13.5602 15
    endloop
  endfacet
  facet normal 0.940887 0.338719 0
    outer loop
      vertex 13.3148 4.32624 27
      vertex 13.0169 5.15374 15
      vertex 13.0169 5.15374 27
    endloop
  endfacet
  facet normal 0.940887 0.338719 0
    outer loop
      vertex 13.0169 5.15374 15
      vertex 13.3148 4.32624 27
      vertex 13.3148 4.32624 15
    endloop
  endfacet
  facet normal -0.917752 0.397154 0
    outer loop
      vertex -13.0169 5.15374 15
      vertex -12.6676 5.96091 27
      vertex -12.6676 5.96091 15
    endloop
  endfacet
  facet normal -0.917752 0.397154 0
    outer loop
      vertex -12.6676 5.96091 27
      vertex -13.0169 5.15374 15
      vertex -13.0169 5.15374 27
    endloop
  endfacet
  facet normal -0.987686 0.156451 0
    outer loop
      vertex -13.8896 1.75466 15
      vertex -13.752 2.62334 27
      vertex -13.752 2.62334 15
    endloop
  endfacet
  facet normal -0.987686 0.156451 0
    outer loop
      vertex -13.752 2.62334 27
      vertex -13.8896 1.75466 15
      vertex -13.8896 1.75466 27
    endloop
  endfacet
  facet normal 0.975931 0.218081 0
    outer loop
      vertex 13.752 2.62334 27
      vertex 13.5602 3.48166 15
      vertex 13.5602 3.48166 27
    endloop
  endfacet
  facet normal 0.975931 0.218081 0
    outer loop
      vertex 13.5602 3.48166 15
      vertex 13.752 2.62334 27
      vertex 13.752 2.62334 15
    endloop
  endfacet
  facet normal -0.338719 -0.940887 0
    outer loop
      vertex -5.15374 -13.0169 15
      vertex -4.32624 -13.3148 27
      vertex -5.15374 -13.0169 27
    endloop
  endfacet
  facet normal -0.338719 -0.940887 -0
    outer loop
      vertex -4.32624 -13.3148 27
      vertex -5.15374 -13.0169 15
      vertex -4.32624 -13.3148 15
    endloop
  endfacet
  facet normal 0.987686 0.156451 0
    outer loop
      vertex 13.8896 1.75466 27
      vertex 13.752 2.62334 15
      vertex 13.752 2.62334 27
    endloop
  endfacet
  facet normal 0.987686 0.156451 0
    outer loop
      vertex 13.752 2.62334 15
      vertex 13.8896 1.75466 27
      vertex 13.8896 1.75466 15
    endloop
  endfacet
  facet normal 0.827056 -0.562119 0
    outer loop
      vertex 11.3262 -8.22899 27
      vertex 11.8206 -7.50157 15
      vertex 11.8206 -7.50157 27
    endloop
  endfacet
  facet normal 0.827056 -0.562119 0
    outer loop
      vertex 11.8206 -7.50157 15
      vertex 11.3262 -8.22899 27
      vertex 11.3262 -8.22899 15
    endloop
  endfacet
  facet normal -0.917752 -0.397154 0
    outer loop
      vertex -12.6676 -5.96091 15
      vertex -13.0169 -5.15374 27
      vertex -13.0169 -5.15374 15
    endloop
  endfacet
  facet normal -0.917752 -0.397154 0
    outer loop
      vertex -13.0169 -5.15374 27
      vertex -12.6676 -5.96091 15
      vertex -12.6676 -5.96091 27
    endloop
  endfacet
  facet normal 0.397154 -0.917752 0
    outer loop
      vertex 5.15374 -13.0169 15
      vertex 5.96091 -12.6676 27
      vertex 5.15374 -13.0169 27
    endloop
  endfacet
  facet normal 0.397154 -0.917752 0
    outer loop
      vertex 5.96091 -12.6676 27
      vertex 5.15374 -13.0169 15
      vertex 5.96091 -12.6676 15
    endloop
  endfacet
  facet normal -0.999507 -0.0313815 0
    outer loop
      vertex -13.9724 -0.879066 15
      vertex -14 0 27
      vertex -14 0 15
    endloop
  endfacet
  facet normal -0.999507 -0.0313815 0
    outer loop
      vertex -14 0 27
      vertex -13.9724 -0.879066 15
      vertex -13.9724 -0.879066 27
    endloop
  endfacet
  facet normal -0.790183 -0.612871 0
    outer loop
      vertex -10.7872 -8.92393 15
      vertex -11.3262 -8.22899 27
      vertex -11.3262 -8.22899 15
    endloop
  endfacet
  facet normal -0.790183 -0.612871 0
    outer loop
      vertex -11.3262 -8.22899 27
      vertex -10.7872 -8.92393 15
      vertex -10.7872 -8.92393 27
    endloop
  endfacet
  facet normal 0.509041 0.860742 -0
    outer loop
      vertex 7.50157 11.8206 15
      vertex 6.74455 12.2683 27
      vertex 7.50157 11.8206 27
    endloop
  endfacet
  facet normal 0.509041 0.860742 0
    outer loop
      vertex 6.74455 12.2683 27
      vertex 7.50157 11.8206 15
      vertex 6.74455 12.2683 15
    endloop
  endfacet
  facet normal -0.960286 0.279019 0
    outer loop
      vertex -13.5602 3.48166 15
      vertex -13.3148 4.32624 27
      vertex -13.3148 4.32624 15
    endloop
  endfacet
  facet normal -0.960286 0.279019 0
    outer loop
      vertex -13.3148 4.32624 27
      vertex -13.5602 3.48166 15
      vertex -13.5602 3.48166 27
    endloop
  endfacet
  facet normal -0.940887 0.338719 0
    outer loop
      vertex -13.3148 4.32624 15
      vertex -13.0169 5.15374 27
      vertex -13.0169 5.15374 15
    endloop
  endfacet
  facet normal -0.940887 0.338719 0
    outer loop
      vertex -13.0169 5.15374 27
      vertex -13.3148 4.32624 15
      vertex -13.3148 4.32624 27
    endloop
  endfacet
  facet normal 0.707107 -0.707107 0
    outer loop
      vertex 9.58366 -10.2056 27
      vertex 10.2056 -9.58366 15
      vertex 10.2056 -9.58366 27
    endloop
  endfacet
  facet normal 0.707107 -0.707107 0
    outer loop
      vertex 10.2056 -9.58366 15
      vertex 9.58366 -10.2056 27
      vertex 9.58366 -10.2056 15
    endloop
  endfacet
  facet normal -0.612871 -0.790183 0
    outer loop
      vertex -8.92393 -10.7872 15
      vertex -8.22899 -11.3262 27
      vertex -8.92393 -10.7872 27
    endloop
  endfacet
  facet normal -0.612871 -0.790183 -0
    outer loop
      vertex -8.22899 -11.3262 27
      vertex -8.92393 -10.7872 15
      vertex -8.22899 -11.3262 15
    endloop
  endfacet
  facet normal -0.279019 -0.960286 0
    outer loop
      vertex -4.32624 -13.3148 15
      vertex -3.48166 -13.5602 27
      vertex -4.32624 -13.3148 27
    endloop
  endfacet
  facet normal -0.279019 -0.960286 -0
    outer loop
      vertex -3.48166 -13.5602 27
      vertex -4.32624 -13.3148 15
      vertex -3.48166 -13.5602 15
    endloop
  endfacet
  facet normal 0.0313815 0.999507 -0
    outer loop
      vertex 0.879066 13.9724 15
      vertex 0 14 27
      vertex 0.879066 13.9724 27
    endloop
  endfacet
  facet normal 0.0313815 0.999507 0
    outer loop
      vertex 0 14 27
      vertex 0.879066 13.9724 15
      vertex 0 14 15
    endloop
  endfacet
  facet normal -0.707107 0.707107 0
    outer loop
      vertex -10.2056 9.58366 15
      vertex -9.58366 10.2056 27
      vertex -9.58366 10.2056 15
    endloop
  endfacet
  facet normal -0.707107 0.707107 0
    outer loop
      vertex -9.58366 10.2056 27
      vertex -10.2056 9.58366 15
      vertex -10.2056 9.58366 27
    endloop
  endfacet
  facet normal -0.860742 0.509041 0
    outer loop
      vertex -12.2683 6.74455 15
      vertex -11.8206 7.50157 27
      vertex -11.8206 7.50157 15
    endloop
  endfacet
  facet normal -0.860742 0.509041 0
    outer loop
      vertex -11.8206 7.50157 27
      vertex -12.2683 6.74455 15
      vertex -12.2683 6.74455 27
    endloop
  endfacet
  facet normal -0.790183 0.612871 0
    outer loop
      vertex -11.3262 8.22899 15
      vertex -10.7872 8.92393 27
      vertex -10.7872 8.92393 15
    endloop
  endfacet
  facet normal -0.790183 0.612871 0
    outer loop
      vertex -10.7872 8.92393 27
      vertex -11.3262 8.22899 15
      vertex -11.3262 8.22899 27
    endloop
  endfacet
  facet normal -0.975931 0.218081 0
    outer loop
      vertex -13.752 2.62334 15
      vertex -13.5602 3.48166 27
      vertex -13.5602 3.48166 15
    endloop
  endfacet
  facet normal -0.975931 0.218081 0
    outer loop
      vertex -13.5602 3.48166 27
      vertex -13.752 2.62334 15
      vertex -13.752 2.62334 27
    endloop
  endfacet
  facet normal -0.750128 0.661293 0
    outer loop
      vertex -10.7872 8.92393 15
      vertex -10.2056 9.58366 27
      vertex -10.2056 9.58366 15
    endloop
  endfacet
  facet normal -0.750128 0.661293 0
    outer loop
      vertex -10.2056 9.58366 27
      vertex -10.7872 8.92393 15
      vertex -10.7872 8.92393 27
    endloop
  endfacet
  facet normal 0.790183 0.612871 0
    outer loop
      vertex 11.3262 8.22899 27
      vertex 10.7872 8.92393 15
      vertex 10.7872 8.92393 27
    endloop
  endfacet
  facet normal 0.790183 0.612871 0
    outer loop
      vertex 10.7872 8.92393 15
      vertex 11.3262 8.22899 27
      vertex 11.3262 8.22899 15
    endloop
  endfacet
  facet normal 0.750128 0.661293 0
    outer loop
      vertex 10.7872 8.92393 27
      vertex 10.2056 9.58366 15
      vertex 10.2056 9.58366 27
    endloop
  endfacet
  facet normal 0.750128 0.661293 0
    outer loop
      vertex 10.2056 9.58366 15
      vertex 10.7872 8.92393 27
      vertex 10.7872 8.92393 15
    endloop
  endfacet
  facet normal -0.397154 -0.917752 0
    outer loop
      vertex -5.96091 -12.6676 15
      vertex -5.15374 -13.0169 27
      vertex -5.96091 -12.6676 27
    endloop
  endfacet
  facet normal -0.397154 -0.917752 -0
    outer loop
      vertex -5.15374 -13.0169 27
      vertex -5.96091 -12.6676 15
      vertex -5.15374 -13.0169 15
    endloop
  endfacet
  facet normal 0.917752 -0.397154 0
    outer loop
      vertex 12.6676 -5.96091 27
      vertex 13.0169 -5.15374 15
      vertex 13.0169 -5.15374 27
    endloop
  endfacet
  facet normal 0.917752 -0.397154 0
    outer loop
      vertex 13.0169 -5.15374 15
      vertex 12.6676 -5.96091 27
      vertex 12.6676 -5.96091 15
    endloop
  endfacet
  facet normal -0.860742 -0.509041 0
    outer loop
      vertex -11.8206 -7.50157 15
      vertex -12.2683 -6.74455 27
      vertex -12.2683 -6.74455 15
    endloop
  endfacet
  facet normal -0.860742 -0.509041 0
    outer loop
      vertex -12.2683 -6.74455 27
      vertex -11.8206 -7.50157 15
      vertex -11.8206 -7.50157 27
    endloop
  endfacet
  facet normal -0.995559 0.0941444 0
    outer loop
      vertex -13.9724 0.879066 15
      vertex -13.8896 1.75466 27
      vertex -13.8896 1.75466 15
    endloop
  endfacet
  facet normal -0.995559 0.0941444 0
    outer loop
      vertex -13.8896 1.75466 27
      vertex -13.9724 0.879066 15
      vertex -13.9724 0.879066 27
    endloop
  endfacet
  facet normal 0.940887 -0.338719 0
    outer loop
      vertex 13.0169 -5.15374 27
      vertex 13.3148 -4.32624 15
      vertex 13.3148 -4.32624 27
    endloop
  endfacet
  facet normal 0.940887 -0.338719 0
    outer loop
      vertex 13.3148 -4.32624 15
      vertex 13.0169 -5.15374 27
      vertex 13.0169 -5.15374 15
    endloop
  endfacet
  facet normal -0.975931 -0.218081 0
    outer loop
      vertex -13.5602 -3.48166 15
      vertex -13.752 -2.62334 27
      vertex -13.752 -2.62334 15
    endloop
  endfacet
  facet normal -0.975931 -0.218081 0
    outer loop
      vertex -13.752 -2.62334 27
      vertex -13.5602 -3.48166 15
      vertex -13.5602 -3.48166 27
    endloop
  endfacet
  facet normal 0.218081 0.975931 -0
    outer loop
      vertex 3.48166 13.5602 15
      vertex 2.62334 13.752 27
      vertex 3.48166 13.5602 27
    endloop
  endfacet
  facet normal 0.218081 0.975931 0
    outer loop
      vertex 2.62334 13.752 27
      vertex 3.48166 13.5602 15
      vertex 2.62334 13.752 15
    endloop
  endfacet
  facet normal -0.827056 0.562119 0
    outer loop
      vertex -11.8206 7.50157 15
      vertex -11.3262 8.22899 27
      vertex -11.3262 8.22899 15
    endloop
  endfacet
  facet normal -0.827056 0.562119 0
    outer loop
      vertex -11.3262 8.22899 27
      vertex -11.8206 7.50157 15
      vertex -11.8206 7.50157 27
    endloop
  endfacet
  facet normal -0.278984 -0.960296 0
    outer loop
      vertex 1.98952 7.74866 8
      vertex 2.47214 7.60845 27
      vertex 1.98952 7.74866 27
    endloop
  endfacet
  facet normal -0.278984 -0.960296 -0
    outer loop
      vertex 2.47214 7.60845 27
      vertex 1.98952 7.74866 8
      vertex 2.47214 7.60845 8
    endloop
  endfacet
  facet normal 0.509046 -0.860739 0
    outer loop
      vertex -4.28661 6.75462 8
      vertex -3.85403 7.01045 27
      vertex -4.28661 6.75462 27
    endloop
  endfacet
  facet normal 0.509046 -0.860739 0
    outer loop
      vertex -3.85403 7.01045 27
      vertex -4.28661 6.75462 8
      vertex -3.85403 7.01045 8
    endloop
  endfacet
  facet normal -0.453998 0.891003 0
    outer loop
      vertex 3.85403 -7.01045 8
      vertex 3.40623 -7.23862 27
      vertex 3.85403 -7.01045 27
    endloop
  endfacet
  facet normal -0.453998 0.891003 0
    outer loop
      vertex 3.40623 -7.23862 27
      vertex 3.85403 -7.01045 8
      vertex 3.40623 -7.23862 8
    endloop
  endfacet
  facet normal 0.278984 0.960296 -0
    outer loop
      vertex -1.98952 -7.74866 8
      vertex -2.47214 -7.60845 27
      vertex -1.98952 -7.74866 27
    endloop
  endfacet
  facet normal 0.278984 0.960296 0
    outer loop
      vertex -2.47214 -7.60845 27
      vertex -1.98952 -7.74866 8
      vertex -2.47214 -7.60845 8
    endloop
  endfacet
  facet normal -0.790155 -0.612907 0
    outer loop
      vertex 6.47214 4.70228 8
      vertex 6.16411 5.09939 27
      vertex 6.16411 5.09939 8
    endloop
  endfacet
  facet normal -0.790155 -0.612907 0
    outer loop
      vertex 6.16411 5.09939 27
      vertex 6.47214 4.70228 8
      vertex 6.47214 4.70228 27
    endloop
  endfacet
  facet normal -0.860739 -0.509046 0
    outer loop
      vertex 7.01045 3.85403 8
      vertex 6.75462 4.28661 27
      vertex 6.75462 4.28661 8
    endloop
  endfacet
  facet normal -0.860739 -0.509046 0
    outer loop
      vertex 6.75462 4.28661 27
      vertex 7.01045 3.85403 8
      vertex 7.01045 3.85403 27
    endloop
  endfacet
  facet normal 0.891003 -0.453998 0
    outer loop
      vertex -7.23862 3.40623 27
      vertex -7.01045 3.85403 8
      vertex -7.01045 3.85403 27
    endloop
  endfacet
  facet normal 0.891003 -0.453998 0
    outer loop
      vertex -7.01045 3.85403 8
      vertex -7.23862 3.40623 27
      vertex -7.23862 3.40623 8
    endloop
  endfacet
  facet normal 0.987688 0.156437 0
    outer loop
      vertex -7.8583 -1.49905 27
      vertex -7.93692 -1.00267 8
      vertex -7.93692 -1.00267 27
    endloop
  endfacet
  facet normal 0.987688 0.156437 0
    outer loop
      vertex -7.93692 -1.00267 8
      vertex -7.8583 -1.49905 27
      vertex -7.8583 -1.49905 8
    endloop
  endfacet
  facet normal 0.453998 0.891003 -0
    outer loop
      vertex -3.40623 -7.23862 8
      vertex -3.85403 -7.01045 27
      vertex -3.40623 -7.23862 27
    endloop
  endfacet
  facet normal 0.453998 0.891003 0
    outer loop
      vertex -3.85403 -7.01045 27
      vertex -3.40623 -7.23862 8
      vertex -3.85403 -7.01045 8
    endloop
  endfacet
  facet normal 0.891003 0.453998 0
    outer loop
      vertex -7.01045 -3.85403 27
      vertex -7.23862 -3.40623 8
      vertex -7.23862 -3.40623 27
    endloop
  endfacet
  facet normal 0.891003 0.453998 0
    outer loop
      vertex -7.23862 -3.40623 8
      vertex -7.01045 -3.85403 27
      vertex -7.01045 -3.85403 8
    endloop
  endfacet
  facet normal -0.917756 0.397144 0
    outer loop
      vertex 7.23862 -3.40623 8
      vertex 7.43821 -2.945 27
      vertex 7.43821 -2.945 8
    endloop
  endfacet
  facet normal -0.917756 0.397144 0
    outer loop
      vertex 7.43821 -2.945 27
      vertex 7.23862 -3.40623 8
      vertex 7.23862 -3.40623 27
    endloop
  endfacet
  facet normal -0.940881 0.338738 0
    outer loop
      vertex 7.43821 -2.945 8
      vertex 7.60845 -2.47214 27
      vertex 7.60845 -2.47214 8
    endloop
  endfacet
  facet normal -0.940881 0.338738 0
    outer loop
      vertex 7.60845 -2.47214 27
      vertex 7.43821 -2.945 8
      vertex 7.43821 -2.945 27
    endloop
  endfacet
  facet normal 0.278984 -0.960296 0
    outer loop
      vertex -2.47214 7.60845 8
      vertex -1.98952 7.74866 27
      vertex -2.47214 7.60845 27
    endloop
  endfacet
  facet normal 0.278984 -0.960296 0
    outer loop
      vertex -1.98952 7.74866 27
      vertex -2.47214 7.60845 8
      vertex -1.98952 7.74866 8
    endloop
  endfacet
  facet normal -0.612907 -0.790155 0
    outer loop
      vertex 4.70228 6.47214 8
      vertex 5.09939 6.16411 27
      vertex 4.70228 6.47214 27
    endloop
  endfacet
  facet normal -0.612907 -0.790155 -0
    outer loop
      vertex 5.09939 6.16411 27
      vertex 4.70228 6.47214 8
      vertex 5.09939 6.16411 8
    endloop
  endfacet
  facet normal -0.960296 -0.278984 0
    outer loop
      vertex 7.74866 1.98952 8
      vertex 7.60845 2.47214 27
      vertex 7.60845 2.47214 8
    endloop
  endfacet
  facet normal -0.960296 -0.278984 0
    outer loop
      vertex 7.60845 2.47214 27
      vertex 7.74866 1.98952 8
      vertex 7.74866 1.98952 27
    endloop
  endfacet
  facet normal -0.0940953 -0.995563 0
    outer loop
      vertex 0.502324 7.98421 8
      vertex 1.00267 7.93692 27
      vertex 0.502324 7.98421 27
    endloop
  endfacet
  facet normal -0.0940953 -0.995563 -0
    outer loop
      vertex 1.00267 7.93692 27
      vertex 0.502324 7.98421 8
      vertex 1.00267 7.93692 8
    endloop
  endfacet
  facet normal -0.156437 0.987688 0
    outer loop
      vertex 1.49905 -7.8583 8
      vertex 1.00267 -7.93692 27
      vertex 1.49905 -7.8583 27
    endloop
  endfacet
  facet normal -0.156437 0.987688 0
    outer loop
      vertex 1.00267 -7.93692 27
      vertex 1.49905 -7.8583 8
      vertex 1.00267 -7.93692 8
    endloop
  endfacet
  facet normal -0.995563 -0.0940953 0
    outer loop
      vertex 7.98421 0.502324 8
      vertex 7.93692 1.00267 27
      vertex 7.93692 1.00267 8
    endloop
  endfacet
  facet normal -0.995563 -0.0940953 0
    outer loop
      vertex 7.93692 1.00267 27
      vertex 7.98421 0.502324 8
      vertex 7.98421 0.502324 27
    endloop
  endfacet
  facet normal -0.999506 -0.0314184 0
    outer loop
      vertex 8 0 8
      vertex 7.98421 0.502324 27
      vertex 7.98421 0.502324 8
    endloop
  endfacet
  facet normal -0.999506 -0.0314184 0
    outer loop
      vertex 7.98421 0.502324 27
      vertex 8 0 8
      vertex 8 0 27
    endloop
  endfacet
  facet normal 0.975914 0.218156 0
    outer loop
      vertex -7.74866 -1.98952 27
      vertex -7.8583 -1.49905 8
      vertex -7.8583 -1.49905 27
    endloop
  endfacet
  facet normal 0.975914 0.218156 0
    outer loop
      vertex -7.8583 -1.49905 8
      vertex -7.74866 -1.98952 27
      vertex -7.74866 -1.98952 8
    endloop
  endfacet
  facet normal 0.612907 0.790155 -0
    outer loop
      vertex -4.70228 -6.47214 8
      vertex -5.09939 -6.16411 27
      vertex -4.70228 -6.47214 27
    endloop
  endfacet
  facet normal 0.612907 0.790155 0
    outer loop
      vertex -5.09939 -6.16411 27
      vertex -4.70228 -6.47214 8
      vertex -5.09939 -6.16411 8
    endloop
  endfacet
  facet normal 0.338738 -0.940881 0
    outer loop
      vertex -2.945 7.43821 8
      vertex -2.47214 7.60845 27
      vertex -2.945 7.43821 27
    endloop
  endfacet
  facet normal 0.338738 -0.940881 0
    outer loop
      vertex -2.47214 7.60845 27
      vertex -2.945 7.43821 8
      vertex -2.47214 7.60845 8
    endloop
  endfacet
  facet normal -0.987688 0.156437 0
    outer loop
      vertex 7.8583 -1.49905 8
      vertex 7.93692 -1.00267 27
      vertex 7.93692 -1.00267 8
    endloop
  endfacet
  facet normal -0.987688 0.156437 0
    outer loop
      vertex 7.93692 -1.00267 27
      vertex 7.8583 -1.49905 8
      vertex 7.8583 -1.49905 27
    endloop
  endfacet
  facet normal 0.999506 -0.0314184 0
    outer loop
      vertex -8 0 27
      vertex -7.98421 0.502324 8
      vertex -7.98421 0.502324 27
    endloop
  endfacet
  facet normal 0.999506 -0.0314184 0
    outer loop
      vertex -7.98421 0.502324 8
      vertex -8 0 27
      vertex -8 0 8
    endloop
  endfacet
  facet normal 0.562071 0.827089 -0
    outer loop
      vertex -4.28661 -6.75462 8
      vertex -4.70228 -6.47214 27
      vertex -4.28661 -6.75462 27
    endloop
  endfacet
  facet normal 0.562071 0.827089 0
    outer loop
      vertex -4.70228 -6.47214 27
      vertex -4.28661 -6.75462 8
      vertex -4.70228 -6.47214 8
    endloop
  endfacet
  facet normal 0.453998 -0.891003 0
    outer loop
      vertex -3.85403 7.01045 8
      vertex -3.40623 7.23862 27
      vertex -3.85403 7.01045 27
    endloop
  endfacet
  facet normal 0.453998 -0.891003 0
    outer loop
      vertex -3.40623 7.23862 27
      vertex -3.85403 7.01045 8
      vertex -3.40623 7.23862 8
    endloop
  endfacet
  facet normal -0.338738 0.940881 0
    outer loop
      vertex 2.945 -7.43821 8
      vertex 2.47214 -7.60845 27
      vertex 2.945 -7.43821 27
    endloop
  endfacet
  facet normal -0.338738 0.940881 0
    outer loop
      vertex 2.47214 -7.60845 27
      vertex 2.945 -7.43821 8
      vertex 2.47214 -7.60845 8
    endloop
  endfacet
  facet normal 0.612907 -0.790155 0
    outer loop
      vertex -5.09939 6.16411 8
      vertex -4.70228 6.47214 27
      vertex -5.09939 6.16411 27
    endloop
  endfacet
  facet normal 0.612907 -0.790155 0
    outer loop
      vertex -4.70228 6.47214 27
      vertex -5.09939 6.16411 8
      vertex -4.70228 6.47214 8
    endloop
  endfacet
  facet normal 0.750112 -0.66131 0
    outer loop
      vertex -6.16411 5.09939 27
      vertex -5.83175 5.47638 8
      vertex -5.83175 5.47638 27
    endloop
  endfacet
  facet normal 0.750112 -0.66131 0
    outer loop
      vertex -5.83175 5.47638 8
      vertex -6.16411 5.09939 27
      vertex -6.16411 5.09939 8
    endloop
  endfacet
  facet normal 0.987688 -0.156437 0
    outer loop
      vertex -7.93692 1.00267 27
      vertex -7.8583 1.49905 8
      vertex -7.8583 1.49905 27
    endloop
  endfacet
  facet normal 0.987688 -0.156437 0
    outer loop
      vertex -7.8583 1.49905 8
      vertex -7.93692 1.00267 27
      vertex -7.93692 1.00267 8
    endloop
  endfacet
  facet normal 0.397144 -0.917756 0
    outer loop
      vertex -3.40623 7.23862 8
      vertex -2.945 7.43821 27
      vertex -3.40623 7.23862 27
    endloop
  endfacet
  facet normal 0.397144 -0.917756 0
    outer loop
      vertex -2.945 7.43821 27
      vertex -3.40623 7.23862 8
      vertex -2.945 7.43821 8
    endloop
  endfacet
  facet normal -0.338738 -0.940881 0
    outer loop
      vertex 2.47214 7.60845 8
      vertex 2.945 7.43821 27
      vertex 2.47214 7.60845 27
    endloop
  endfacet
  facet normal -0.338738 -0.940881 -0
    outer loop
      vertex 2.945 7.43821 27
      vertex 2.47214 7.60845 8
      vertex 2.945 7.43821 8
    endloop
  endfacet
  facet normal 0.707107 -0.707107 0
    outer loop
      vertex -5.83175 5.47638 27
      vertex -5.47638 5.83175 8
      vertex -5.47638 5.83175 27
    endloop
  endfacet
  facet normal 0.707107 -0.707107 0
    outer loop
      vertex -5.47638 5.83175 8
      vertex -5.83175 5.47638 27
      vertex -5.83175 5.47638 8
    endloop
  endfacet
  facet normal 0.975914 -0.218156 0
    outer loop
      vertex -7.8583 1.49905 27
      vertex -7.74866 1.98952 8
      vertex -7.74866 1.98952 27
    endloop
  endfacet
  facet normal 0.975914 -0.218156 0
    outer loop
      vertex -7.74866 1.98952 8
      vertex -7.8583 1.49905 27
      vertex -7.8583 1.49905 8
    endloop
  endfacet
  facet normal -0.278984 0.960296 0
    outer loop
      vertex 2.47214 -7.60845 8
      vertex 1.98952 -7.74866 27
      vertex 2.47214 -7.60845 27
    endloop
  endfacet
  facet normal -0.278984 0.960296 0
    outer loop
      vertex 1.98952 -7.74866 27
      vertex 2.47214 -7.60845 8
      vertex 1.98952 -7.74866 8
    endloop
  endfacet
  facet normal 0.827089 0.562071 0
    outer loop
      vertex -6.47214 -4.70228 27
      vertex -6.75462 -4.28661 8
      vertex -6.75462 -4.28661 27
    endloop
  endfacet
  facet normal 0.827089 0.562071 0
    outer loop
      vertex -6.75462 -4.28661 8
      vertex -6.47214 -4.70228 27
      vertex -6.47214 -4.70228 8
    endloop
  endfacet
  facet normal -0.0314184 0.999506 0
    outer loop
      vertex 0.502324 -7.98421 8
      vertex 0 -8 27
      vertex 0.502324 -7.98421 27
    endloop
  endfacet
  facet normal -0.0314184 0.999506 0
    outer loop
      vertex 0 -8 27
      vertex 0.502324 -7.98421 8
      vertex 0 -8 8
    endloop
  endfacet
  facet normal 0.790155 -0.612907 0
    outer loop
      vertex -6.47214 4.70228 27
      vertex -6.16411 5.09939 8
      vertex -6.16411 5.09939 27
    endloop
  endfacet
  facet normal 0.790155 -0.612907 0
    outer loop
      vertex -6.16411 5.09939 8
      vertex -6.47214 4.70228 27
      vertex -6.47214 4.70228 8
    endloop
  endfacet
  facet normal 0.860739 -0.509046 0
    outer loop
      vertex -7.01045 3.85403 27
      vertex -6.75462 4.28661 8
      vertex -6.75462 4.28661 27
    endloop
  endfacet
  facet normal 0.860739 -0.509046 0
    outer loop
      vertex -6.75462 4.28661 8
      vertex -7.01045 3.85403 27
      vertex -7.01045 3.85403 8
    endloop
  endfacet
  facet normal 0.960296 0.278984 0
    outer loop
      vertex -7.60845 -2.47214 27
      vertex -7.74866 -1.98952 8
      vertex -7.74866 -1.98952 27
    endloop
  endfacet
  facet normal 0.960296 0.278984 0
    outer loop
      vertex -7.74866 -1.98952 8
      vertex -7.60845 -2.47214 27
      vertex -7.60845 -2.47214 8
    endloop
  endfacet
  facet normal -0.453998 -0.891003 0
    outer loop
      vertex 3.40623 7.23862 8
      vertex 3.85403 7.01045 27
      vertex 3.40623 7.23862 27
    endloop
  endfacet
  facet normal -0.453998 -0.891003 -0
    outer loop
      vertex 3.85403 7.01045 27
      vertex 3.40623 7.23862 8
      vertex 3.85403 7.01045 8
    endloop
  endfacet
  facet normal -0.860739 0.509046 0
    outer loop
      vertex 6.75462 -4.28661 8
      vertex 7.01045 -3.85403 27
      vertex 7.01045 -3.85403 8
    endloop
  endfacet
  facet normal -0.860739 0.509046 0
    outer loop
      vertex 7.01045 -3.85403 27
      vertex 6.75462 -4.28661 8
      vertex 6.75462 -4.28661 27
    endloop
  endfacet
  facet normal 0.995563 0.0940953 0
    outer loop
      vertex -7.93692 -1.00267 27
      vertex -7.98421 -0.502324 8
      vertex -7.98421 -0.502324 27
    endloop
  endfacet
  facet normal 0.995563 0.0940953 0
    outer loop
      vertex -7.98421 -0.502324 8
      vertex -7.93692 -1.00267 27
      vertex -7.93692 -1.00267 8
    endloop
  endfacet
  facet normal -0.397144 -0.917756 0
    outer loop
      vertex 2.945 7.43821 8
      vertex 3.40623 7.23862 27
      vertex 2.945 7.43821 27
    endloop
  endfacet
  facet normal -0.397144 -0.917756 -0
    outer loop
      vertex 3.40623 7.23862 27
      vertex 2.945 7.43821 8
      vertex 3.40623 7.23862 8
    endloop
  endfacet
  facet normal -0.562071 -0.827089 0
    outer loop
      vertex 4.28661 6.75462 8
      vertex 4.70228 6.47214 27
      vertex 4.28661 6.75462 27
    endloop
  endfacet
  facet normal -0.562071 -0.827089 -0
    outer loop
      vertex 4.70228 6.47214 27
      vertex 4.28661 6.75462 8
      vertex 4.70228 6.47214 8
    endloop
  endfacet
  facet normal 0.827089 -0.562071 0
    outer loop
      vertex -6.75462 4.28661 27
      vertex -6.47214 4.70228 8
      vertex -6.47214 4.70228 27
    endloop
  endfacet
  facet normal 0.827089 -0.562071 0
    outer loop
      vertex -6.47214 4.70228 8
      vertex -6.75462 4.28661 27
      vertex -6.75462 4.28661 8
    endloop
  endfacet
  facet normal 0.218156 -0.975914 0
    outer loop
      vertex -1.98952 7.74866 8
      vertex -1.49905 7.8583 27
      vertex -1.98952 7.74866 27
    endloop
  endfacet
  facet normal 0.218156 -0.975914 0
    outer loop
      vertex -1.49905 7.8583 27
      vertex -1.98952 7.74866 8
      vertex -1.49905 7.8583 8
    endloop
  endfacet
  facet normal -0.891003 -0.453998 0
    outer loop
      vertex 7.23862 3.40623 8
      vertex 7.01045 3.85403 27
      vertex 7.01045 3.85403 8
    endloop
  endfacet
  facet normal -0.891003 -0.453998 0
    outer loop
      vertex 7.01045 3.85403 27
      vertex 7.23862 3.40623 8
      vertex 7.23862 3.40623 27
    endloop
  endfacet
  facet normal -0.509046 -0.860739 0
    outer loop
      vertex 3.85403 7.01045 8
      vertex 4.28661 6.75462 27
      vertex 3.85403 7.01045 27
    endloop
  endfacet
  facet normal -0.509046 -0.860739 -0
    outer loop
      vertex 4.28661 6.75462 27
      vertex 3.85403 7.01045 8
      vertex 4.28661 6.75462 8
    endloop
  endfacet
  facet normal 0.562071 -0.827089 0
    outer loop
      vertex -4.70228 6.47214 8
      vertex -4.28661 6.75462 27
      vertex -4.70228 6.47214 27
    endloop
  endfacet
  facet normal 0.562071 -0.827089 0
    outer loop
      vertex -4.28661 6.75462 27
      vertex -4.70228 6.47214 8
      vertex -4.28661 6.75462 8
    endloop
  endfacet
  facet normal -0.960296 0.278984 0
    outer loop
      vertex 7.60845 -2.47214 8
      vertex 7.74866 -1.98952 27
      vertex 7.74866 -1.98952 8
    endloop
  endfacet
  facet normal -0.960296 0.278984 0
    outer loop
      vertex 7.74866 -1.98952 27
      vertex 7.60845 -2.47214 8
      vertex 7.60845 -2.47214 27
    endloop
  endfacet
  facet normal 0.66131 -0.750112 0
    outer loop
      vertex -5.47638 5.83175 8
      vertex -5.09939 6.16411 27
      vertex -5.47638 5.83175 27
    endloop
  endfacet
  facet normal 0.66131 -0.750112 0
    outer loop
      vertex -5.09939 6.16411 27
      vertex -5.47638 5.83175 8
      vertex -5.09939 6.16411 8
    endloop
  endfacet
  facet normal 0.0940953 0.995563 -0
    outer loop
      vertex -0.502324 -7.98421 8
      vertex -1.00267 -7.93692 27
      vertex -0.502324 -7.98421 27
    endloop
  endfacet
  facet normal 0.0940953 0.995563 0
    outer loop
      vertex -1.00267 -7.93692 27
      vertex -0.502324 -7.98421 8
      vertex -1.00267 -7.93692 8
    endloop
  endfacet
  facet normal 0.960296 -0.278984 0
    outer loop
      vertex -7.74866 1.98952 27
      vertex -7.60845 2.47214 8
      vertex -7.60845 2.47214 27
    endloop
  endfacet
  facet normal 0.960296 -0.278984 0
    outer loop
      vertex -7.60845 2.47214 8
      vertex -7.74866 1.98952 27
      vertex -7.74866 1.98952 8
    endloop
  endfacet
  facet normal -0.562071 0.827089 0
    outer loop
      vertex 4.70228 -6.47214 8
      vertex 4.28661 -6.75462 27
      vertex 4.70228 -6.47214 27
    endloop
  endfacet
  facet normal -0.562071 0.827089 0
    outer loop
      vertex 4.28661 -6.75462 27
      vertex 4.70228 -6.47214 8
      vertex 4.28661 -6.75462 8
    endloop
  endfacet
  facet normal -0.66131 -0.750112 0
    outer loop
      vertex 5.09939 6.16411 8
      vertex 5.47638 5.83175 27
      vertex 5.09939 6.16411 27
    endloop
  endfacet
  facet normal -0.66131 -0.750112 -0
    outer loop
      vertex 5.47638 5.83175 27
      vertex 5.09939 6.16411 8
      vertex 5.47638 5.83175 8
    endloop
  endfacet
  facet normal -0.827089 0.562071 0
    outer loop
      vertex 6.47214 -4.70228 8
      vertex 6.75462 -4.28661 27
      vertex 6.75462 -4.28661 8
    endloop
  endfacet
  facet normal -0.827089 0.562071 0
    outer loop
      vertex 6.75462 -4.28661 27
      vertex 6.47214 -4.70228 8
      vertex 6.47214 -4.70228 27
    endloop
  endfacet
  facet normal 0.917756 0.397144 0
    outer loop
      vertex -7.23862 -3.40623 27
      vertex -7.43821 -2.945 8
      vertex -7.43821 -2.945 27
    endloop
  endfacet
  facet normal 0.917756 0.397144 0
    outer loop
      vertex -7.43821 -2.945 8
      vertex -7.23862 -3.40623 27
      vertex -7.23862 -3.40623 8
    endloop
  endfacet
  facet normal 0.995563 -0.0940953 0
    outer loop
      vertex -7.98421 0.502324 27
      vertex -7.93692 1.00267 8
      vertex -7.93692 1.00267 27
    endloop
  endfacet
  facet normal 0.995563 -0.0940953 0
    outer loop
      vertex -7.93692 1.00267 8
      vertex -7.98421 0.502324 27
      vertex -7.98421 0.502324 8
    endloop
  endfacet
  facet normal 0.156437 -0.987688 0
    outer loop
      vertex -1.49905 7.8583 8
      vertex -1.00267 7.93692 27
      vertex -1.49905 7.8583 27
    endloop
  endfacet
  facet normal 0.156437 -0.987688 0
    outer loop
      vertex -1.00267 7.93692 27
      vertex -1.49905 7.8583 8
      vertex -1.00267 7.93692 8
    endloop
  endfacet
  facet normal -0.707107 0.707107 0
    outer loop
      vertex 5.47638 -5.83175 8
      vertex 5.83175 -5.47638 27
      vertex 5.83175 -5.47638 8
    endloop
  endfacet
  facet normal -0.707107 0.707107 0
    outer loop
      vertex 5.83175 -5.47638 27
      vertex 5.47638 -5.83175 8
      vertex 5.47638 -5.83175 27
    endloop
  endfacet
  facet normal -0.509046 0.860739 0
    outer loop
      vertex 4.28661 -6.75462 8
      vertex 3.85403 -7.01045 27
      vertex 4.28661 -6.75462 27
    endloop
  endfacet
  facet normal -0.509046 0.860739 0
    outer loop
      vertex 3.85403 -7.01045 27
      vertex 4.28661 -6.75462 8
      vertex 3.85403 -7.01045 8
    endloop
  endfacet
  facet normal 0.940881 0.338738 0
    outer loop
      vertex -7.43821 -2.945 27
      vertex -7.60845 -2.47214 8
      vertex -7.60845 -2.47214 27
    endloop
  endfacet
  facet normal 0.940881 0.338738 0
    outer loop
      vertex -7.60845 -2.47214 8
      vertex -7.43821 -2.945 27
      vertex -7.43821 -2.945 8
    endloop
  endfacet
  facet normal -0.917756 -0.397144 0
    outer loop
      vertex 7.43821 2.945 8
      vertex 7.23862 3.40623 27
      vertex 7.23862 3.40623 8
    endloop
  endfacet
  facet normal -0.917756 -0.397144 0
    outer loop
      vertex 7.23862 3.40623 27
      vertex 7.43821 2.945 8
      vertex 7.43821 2.945 27
    endloop
  endfacet
  facet normal -0.827089 -0.562071 0
    outer loop
      vertex 6.75462 4.28661 8
      vertex 6.47214 4.70228 27
      vertex 6.47214 4.70228 8
    endloop
  endfacet
  facet normal -0.827089 -0.562071 0
    outer loop
      vertex 6.47214 4.70228 27
      vertex 6.75462 4.28661 8
      vertex 6.75462 4.28661 27
    endloop
  endfacet
  facet normal 0.397144 0.917756 -0
    outer loop
      vertex -2.945 -7.43821 8
      vertex -3.40623 -7.23862 27
      vertex -2.945 -7.43821 27
    endloop
  endfacet
  facet normal 0.397144 0.917756 0
    outer loop
      vertex -3.40623 -7.23862 27
      vertex -2.945 -7.43821 8
      vertex -3.40623 -7.23862 8
    endloop
  endfacet
  facet normal -0.975914 -0.218156 0
    outer loop
      vertex 7.8583 1.49905 8
      vertex 7.74866 1.98952 27
      vertex 7.74866 1.98952 8
    endloop
  endfacet
  facet normal -0.975914 -0.218156 0
    outer loop
      vertex 7.74866 1.98952 27
      vertex 7.8583 1.49905 8
      vertex 7.8583 1.49905 27
    endloop
  endfacet
  facet normal -0.975914 0.218156 0
    outer loop
      vertex 7.74866 -1.98952 8
      vertex 7.8583 -1.49905 27
      vertex 7.8583 -1.49905 8
    endloop
  endfacet
  facet normal -0.975914 0.218156 0
    outer loop
      vertex 7.8583 -1.49905 27
      vertex 7.74866 -1.98952 8
      vertex 7.74866 -1.98952 27
    endloop
  endfacet
  facet normal -0.750112 -0.66131 0
    outer loop
      vertex 6.16411 5.09939 8
      vertex 5.83175 5.47638 27
      vertex 5.83175 5.47638 8
    endloop
  endfacet
  facet normal -0.750112 -0.66131 0
    outer loop
      vertex 5.83175 5.47638 27
      vertex 6.16411 5.09939 8
      vertex 6.16411 5.09939 27
    endloop
  endfacet
  facet normal 0.940881 -0.338738 0
    outer loop
      vertex -7.60845 2.47214 27
      vertex -7.43821 2.945 8
      vertex -7.43821 2.945 27
    endloop
  endfacet
  facet normal 0.940881 -0.338738 0
    outer loop
      vertex -7.43821 2.945 8
      vertex -7.60845 2.47214 27
      vertex -7.60845 2.47214 8
    endloop
  endfacet
  facet normal -0.790155 0.612907 0
    outer loop
      vertex 6.16411 -5.09939 8
      vertex 6.47214 -4.70228 27
      vertex 6.47214 -4.70228 8
    endloop
  endfacet
  facet normal -0.790155 0.612907 0
    outer loop
      vertex 6.47214 -4.70228 27
      vertex 6.16411 -5.09939 8
      vertex 6.16411 -5.09939 27
    endloop
  endfacet
  facet normal -0.999506 0.0314184 0
    outer loop
      vertex 7.98421 -0.502324 8
      vertex 8 0 27
      vertex 8 0 8
    endloop
  endfacet
  facet normal -0.999506 0.0314184 0
    outer loop
      vertex 8 0 27
      vertex 7.98421 -0.502324 8
      vertex 7.98421 -0.502324 27
    endloop
  endfacet
  facet normal -0.995563 0.0940953 0
    outer loop
      vertex 7.93692 -1.00267 8
      vertex 7.98421 -0.502324 27
      vertex 7.98421 -0.502324 8
    endloop
  endfacet
  facet normal -0.995563 0.0940953 0
    outer loop
      vertex 7.98421 -0.502324 27
      vertex 7.93692 -1.00267 8
      vertex 7.93692 -1.00267 27
    endloop
  endfacet
  facet normal -0.707107 -0.707107 0
    outer loop
      vertex 5.83175 5.47638 8
      vertex 5.47638 5.83175 27
      vertex 5.47638 5.83175 8
    endloop
  endfacet
  facet normal -0.707107 -0.707107 0
    outer loop
      vertex 5.47638 5.83175 27
      vertex 5.83175 5.47638 8
      vertex 5.83175 5.47638 27
    endloop
  endfacet
  facet normal -0.987688 -0.156437 0
    outer loop
      vertex 7.93692 1.00267 8
      vertex 7.8583 1.49905 27
      vertex 7.8583 1.49905 8
    endloop
  endfacet
  facet normal -0.987688 -0.156437 0
    outer loop
      vertex 7.8583 1.49905 27
      vertex 7.93692 1.00267 8
      vertex 7.93692 1.00267 27
    endloop
  endfacet
  facet normal -0.218156 -0.975914 0
    outer loop
      vertex 1.49905 7.8583 8
      vertex 1.98952 7.74866 27
      vertex 1.49905 7.8583 27
    endloop
  endfacet
  facet normal -0.218156 -0.975914 -0
    outer loop
      vertex 1.98952 7.74866 27
      vertex 1.49905 7.8583 8
      vertex 1.98952 7.74866 8
    endloop
  endfacet
  facet normal -0.891003 0.453998 0
    outer loop
      vertex 7.01045 -3.85403 8
      vertex 7.23862 -3.40623 27
      vertex 7.23862 -3.40623 8
    endloop
  endfacet
  facet normal -0.891003 0.453998 0
    outer loop
      vertex 7.23862 -3.40623 27
      vertex 7.01045 -3.85403 8
      vertex 7.01045 -3.85403 27
    endloop
  endfacet
  facet normal 0.999506 0.0314184 0
    outer loop
      vertex -7.98421 -0.502324 27
      vertex -8 0 8
      vertex -8 0 27
    endloop
  endfacet
  facet normal 0.999506 0.0314184 0
    outer loop
      vertex -8 0 8
      vertex -7.98421 -0.502324 27
      vertex -7.98421 -0.502324 8
    endloop
  endfacet
  facet normal -0.0940953 0.995563 0
    outer loop
      vertex 1.00267 -7.93692 8
      vertex 0.502324 -7.98421 27
      vertex 1.00267 -7.93692 27
    endloop
  endfacet
  facet normal -0.0940953 0.995563 0
    outer loop
      vertex 0.502324 -7.98421 27
      vertex 1.00267 -7.93692 8
      vertex 0.502324 -7.98421 8
    endloop
  endfacet
  facet normal -0.156437 -0.987688 0
    outer loop
      vertex 1.00267 7.93692 8
      vertex 1.49905 7.8583 27
      vertex 1.00267 7.93692 27
    endloop
  endfacet
  facet normal -0.156437 -0.987688 -0
    outer loop
      vertex 1.49905 7.8583 27
      vertex 1.00267 7.93692 8
      vertex 1.49905 7.8583 8
    endloop
  endfacet
  facet normal 0.860739 0.509046 0
    outer loop
      vertex -6.75462 -4.28661 27
      vertex -7.01045 -3.85403 8
      vertex -7.01045 -3.85403 27
    endloop
  endfacet
  facet normal 0.860739 0.509046 0
    outer loop
      vertex -7.01045 -3.85403 8
      vertex -6.75462 -4.28661 27
      vertex -6.75462 -4.28661 8
    endloop
  endfacet
  facet normal -0.940881 -0.338738 0
    outer loop
      vertex 7.60845 2.47214 8
      vertex 7.43821 2.945 27
      vertex 7.43821 2.945 8
    endloop
  endfacet
  facet normal -0.940881 -0.338738 0
    outer loop
      vertex 7.43821 2.945 27
      vertex 7.60845 2.47214 8
      vertex 7.60845 2.47214 27
    endloop
  endfacet
  facet normal -0.218156 0.975914 0
    outer loop
      vertex 1.98952 -7.74866 8
      vertex 1.49905 -7.8583 27
      vertex 1.98952 -7.74866 27
    endloop
  endfacet
  facet normal -0.218156 0.975914 0
    outer loop
      vertex 1.49905 -7.8583 27
      vertex 1.98952 -7.74866 8
      vertex 1.49905 -7.8583 8
    endloop
  endfacet
  facet normal -0.612907 0.790155 0
    outer loop
      vertex 5.09939 -6.16411 8
      vertex 4.70228 -6.47214 27
      vertex 5.09939 -6.16411 27
    endloop
  endfacet
  facet normal -0.612907 0.790155 0
    outer loop
      vertex 4.70228 -6.47214 27
      vertex 5.09939 -6.16411 8
      vertex 4.70228 -6.47214 8
    endloop
  endfacet
  facet normal 0.0314184 -0.999506 0
    outer loop
      vertex -0.502324 7.98421 8
      vertex 0 8 27
      vertex -0.502324 7.98421 27
    endloop
  endfacet
  facet normal 0.0314184 -0.999506 0
    outer loop
      vertex 0 8 27
      vertex -0.502324 7.98421 8
      vertex 0 8 8
    endloop
  endfacet
  facet normal 0.0940953 -0.995563 0
    outer loop
      vertex -1.00267 7.93692 8
      vertex -0.502324 7.98421 27
      vertex -1.00267 7.93692 27
    endloop
  endfacet
  facet normal 0.0940953 -0.995563 0
    outer loop
      vertex -0.502324 7.98421 27
      vertex -1.00267 7.93692 8
      vertex -0.502324 7.98421 8
    endloop
  endfacet
  facet normal 0.218156 0.975914 -0
    outer loop
      vertex -1.49905 -7.8583 8
      vertex -1.98952 -7.74866 27
      vertex -1.49905 -7.8583 27
    endloop
  endfacet
  facet normal 0.218156 0.975914 0
    outer loop
      vertex -1.98952 -7.74866 27
      vertex -1.49905 -7.8583 8
      vertex -1.98952 -7.74866 8
    endloop
  endfacet
  facet normal 0.509046 0.860739 -0
    outer loop
      vertex -3.85403 -7.01045 8
      vertex -4.28661 -6.75462 27
      vertex -3.85403 -7.01045 27
    endloop
  endfacet
  facet normal 0.509046 0.860739 0
    outer loop
      vertex -4.28661 -6.75462 27
      vertex -3.85403 -7.01045 8
      vertex -4.28661 -6.75462 8
    endloop
  endfacet
  facet normal -0.750112 0.66131 0
    outer loop
      vertex 5.83175 -5.47638 8
      vertex 6.16411 -5.09939 27
      vertex 6.16411 -5.09939 8
    endloop
  endfacet
  facet normal -0.750112 0.66131 0
    outer loop
      vertex 6.16411 -5.09939 27
      vertex 5.83175 -5.47638 8
      vertex 5.83175 -5.47638 27
    endloop
  endfacet
  facet normal 0.338738 0.940881 -0
    outer loop
      vertex -2.47214 -7.60845 8
      vertex -2.945 -7.43821 27
      vertex -2.47214 -7.60845 27
    endloop
  endfacet
  facet normal 0.338738 0.940881 0
    outer loop
      vertex -2.945 -7.43821 27
      vertex -2.47214 -7.60845 8
      vertex -2.945 -7.43821 8
    endloop
  endfacet
  facet normal 0.0314184 0.999506 -0
    outer loop
      vertex 0 -8 8
      vertex -0.502324 -7.98421 27
      vertex 0 -8 27
    endloop
  endfacet
  facet normal 0.0314184 0.999506 0
    outer loop
      vertex -0.502324 -7.98421 27
      vertex 0 -8 8
      vertex -0.502324 -7.98421 8
    endloop
  endfacet
  facet normal 0.750112 0.66131 0
    outer loop
      vertex -5.83175 -5.47638 27
      vertex -6.16411 -5.09939 8
      vertex -6.16411 -5.09939 27
    endloop
  endfacet
  facet normal 0.750112 0.66131 0
    outer loop
      vertex -6.16411 -5.09939 8
      vertex -5.83175 -5.47638 27
      vertex -5.83175 -5.47638 8
    endloop
  endfacet
  facet normal 0.156437 0.987688 -0
    outer loop
      vertex -1.00267 -7.93692 8
      vertex -1.49905 -7.8583 27
      vertex -1.00267 -7.93692 27
    endloop
  endfacet
  facet normal 0.156437 0.987688 0
    outer loop
      vertex -1.49905 -7.8583 27
      vertex -1.00267 -7.93692 8
      vertex -1.49905 -7.8583 8
    endloop
  endfacet
  facet normal 0.790155 0.612907 0
    outer loop
      vertex -6.16411 -5.09939 27
      vertex -6.47214 -4.70228 8
      vertex -6.47214 -4.70228 27
    endloop
  endfacet
  facet normal 0.790155 0.612907 0
    outer loop
      vertex -6.47214 -4.70228 8
      vertex -6.16411 -5.09939 27
      vertex -6.16411 -5.09939 8
    endloop
  endfacet
  facet normal 0.707107 0.707107 0
    outer loop
      vertex -5.47638 -5.83175 27
      vertex -5.83175 -5.47638 8
      vertex -5.83175 -5.47638 27
    endloop
  endfacet
  facet normal 0.707107 0.707107 0
    outer loop
      vertex -5.83175 -5.47638 8
      vertex -5.47638 -5.83175 27
      vertex -5.47638 -5.83175 8
    endloop
  endfacet
  facet normal -0.66131 0.750112 0
    outer loop
      vertex 5.47638 -5.83175 8
      vertex 5.09939 -6.16411 27
      vertex 5.47638 -5.83175 27
    endloop
  endfacet
  facet normal -0.66131 0.750112 0
    outer loop
      vertex 5.09939 -6.16411 27
      vertex 5.47638 -5.83175 8
      vertex 5.09939 -6.16411 8
    endloop
  endfacet
  facet normal -0.0314184 -0.999506 0
    outer loop
      vertex 0 8 8
      vertex 0.502324 7.98421 27
      vertex 0 8 27
    endloop
  endfacet
  facet normal -0.0314184 -0.999506 -0
    outer loop
      vertex 0.502324 7.98421 27
      vertex 0 8 8
      vertex 0.502324 7.98421 8
    endloop
  endfacet
  facet normal 0.917756 -0.397144 0
    outer loop
      vertex -7.43821 2.945 27
      vertex -7.23862 3.40623 8
      vertex -7.23862 3.40623 27
    endloop
  endfacet
  facet normal 0.917756 -0.397144 0
    outer loop
      vertex -7.23862 3.40623 8
      vertex -7.43821 2.945 27
      vertex -7.43821 2.945 8
    endloop
  endfacet
  facet normal -0.397144 0.917756 0
    outer loop
      vertex 3.40623 -7.23862 8
      vertex 2.945 -7.43821 27
      vertex 3.40623 -7.23862 27
    endloop
  endfacet
  facet normal -0.397144 0.917756 0
    outer loop
      vertex 2.945 -7.43821 27
      vertex 3.40623 -7.23862 8
      vertex 2.945 -7.43821 8
    endloop
  endfacet
  facet normal 0.66131 0.750112 -0
    outer loop
      vertex -5.09939 -6.16411 8
      vertex -5.47638 -5.83175 27
      vertex -5.09939 -6.16411 27
    endloop
  endfacet
  facet normal 0.66131 0.750112 0
    outer loop
      vertex -5.47638 -5.83175 27
      vertex -5.09939 -6.16411 8
      vertex -5.47638 -5.83175 8
    endloop
  endfacet
  facet normal -0.995561 -0.0941161 0
    outer loop
      vertex 15.9684 1.00465 0
      vertex 15.8738 2.00533 4
      vertex 15.8738 2.00533 0
    endloop
  endfacet
  facet normal -0.995561 -0.0941161 0
    outer loop
      vertex 15.8738 2.00533 4
      vertex 15.9684 1.00465 0
      vertex 15.9684 1.00465 4
    endloop
  endfacet
  facet normal -0.999506 -0.0314382 0
    outer loop
      vertex 16 0 0
      vertex 15.9684 1.00465 4
      vertex 15.9684 1.00465 0
    endloop
  endfacet
  facet normal -0.999506 -0.0314382 0
    outer loop
      vertex 15.9684 1.00465 4
      vertex 16 0 0
      vertex 16 0 4
    endloop
  endfacet
  facet normal -0.987694 -0.156396 0
    outer loop
      vertex 15.8738 2.00533 0
      vertex 15.7166 2.9981 4
      vertex 15.7166 2.9981 0
    endloop
  endfacet
  facet normal -0.987694 -0.156396 0
    outer loop
      vertex 15.7166 2.9981 4
      vertex 15.8738 2.00533 0
      vertex 15.8738 2.00533 4
    endloop
  endfacet
  facet normal 0.827114 0.562035 0
    outer loop
      vertex -12.9443 -9.40456 4
      vertex -13.5092 -8.57323 0
      vertex -13.5092 -8.57323 4
    endloop
  endfacet
  facet normal 0.827114 0.562035 0
    outer loop
      vertex -13.5092 -8.57323 0
      vertex -12.9443 -9.40456 4
      vertex -12.9443 -9.40456 0
    endloop
  endfacet
  facet normal -0.45397 0.891017 0
    outer loop
      vertex 7.70806 -14.0209 0
      vertex 6.81247 -14.4772 4
      vertex 7.70806 -14.0209 4
    endloop
  endfacet
  facet normal -0.45397 0.891017 0
    outer loop
      vertex 6.81247 -14.4772 4
      vertex 7.70806 -14.0209 0
      vertex 6.81247 -14.4772 0
    endloop
  endfacet
  facet normal -0.940874 -0.338755 0
    outer loop
      vertex 15.2169 4.94427 0
      vertex 14.8764 5.88999 4
      vertex 14.8764 5.88999 0
    endloop
  endfacet
  facet normal -0.940874 -0.338755 0
    outer loop
      vertex 14.8764 5.88999 4
      vertex 15.2169 4.94427 0
      vertex 15.2169 4.94427 4
    endloop
  endfacet
  facet normal -0.97591 -0.218175 0
    outer loop
      vertex 15.7166 2.9981 0
      vertex 15.4973 3.97904 4
      vertex 15.4973 3.97904 0
    endloop
  endfacet
  facet normal -0.97591 -0.218175 0
    outer loop
      vertex 15.4973 3.97904 4
      vertex 15.7166 2.9981 0
      vertex 15.7166 2.9981 4
    endloop
  endfacet
  facet normal -0.218175 0.97591 0
    outer loop
      vertex 3.97904 -15.4973 0
      vertex 2.9981 -15.7166 4
      vertex 3.97904 -15.4973 4
    endloop
  endfacet
  facet normal -0.218175 0.97591 0
    outer loop
      vertex 2.9981 -15.7166 4
      vertex 3.97904 -15.4973 0
      vertex 2.9981 -15.7166 0
    endloop
  endfacet
  facet normal -0.750131 -0.661289 0
    outer loop
      vertex 12.3282 10.1988 0
      vertex 11.6635 10.9528 4
      vertex 11.6635 10.9528 0
    endloop
  endfacet
  facet normal -0.750131 -0.661289 0
    outer loop
      vertex 11.6635 10.9528 4
      vertex 12.3282 10.1988 0
      vertex 12.3282 10.1988 4
    endloop
  endfacet
  facet normal -0.9603 0.278968 0
    outer loop
      vertex 15.2169 -4.94427 0
      vertex 15.4973 -3.97904 4
      vertex 15.4973 -3.97904 0
    endloop
  endfacet
  facet normal -0.9603 0.278968 0
    outer loop
      vertex 15.4973 -3.97904 4
      vertex 15.2169 -4.94427 0
      vertex 15.2169 -4.94427 4
    endloop
  endfacet
  facet normal -0.987694 0.156396 0
    outer loop
      vertex 15.7166 -2.9981 0
      vertex 15.8738 -2.00533 4
      vertex 15.8738 -2.00533 0
    endloop
  endfacet
  facet normal -0.987694 0.156396 0
    outer loop
      vertex 15.8738 -2.00533 4
      vertex 15.7166 -2.9981 0
      vertex 15.7166 -2.9981 4
    endloop
  endfacet
  facet normal -0.338755 0.940874 0
    outer loop
      vertex 5.88999 -14.8764 0
      vertex 4.94427 -15.2169 4
      vertex 5.88999 -14.8764 4
    endloop
  endfacet
  facet normal -0.338755 0.940874 0
    outer loop
      vertex 4.94427 -15.2169 4
      vertex 5.88999 -14.8764 0
      vertex 4.94427 -15.2169 0
    endloop
  endfacet
  facet normal -0.860725 0.509071 0
    outer loop
      vertex 13.5092 -8.57323 0
      vertex 14.0209 -7.70806 4
      vertex 14.0209 -7.70806 0
    endloop
  endfacet
  facet normal -0.860725 0.509071 0
    outer loop
      vertex 14.0209 -7.70806 4
      vertex 13.5092 -8.57323 0
      vertex 13.5092 -8.57323 4
    endloop
  endfacet
  facet normal -0.612922 0.790143 0
    outer loop
      vertex 10.1988 -12.3282 0
      vertex 9.40456 -12.9443 4
      vertex 10.1988 -12.3282 4
    endloop
  endfacet
  facet normal -0.612922 0.790143 0
    outer loop
      vertex 9.40456 -12.9443 4
      vertex 10.1988 -12.3282 0
      vertex 9.40456 -12.9443 0
    endloop
  endfacet
  facet normal 0.156396 0.987694 -0
    outer loop
      vertex -2.00533 -15.8738 0
      vertex -2.9981 -15.7166 4
      vertex -2.00533 -15.8738 4
    endloop
  endfacet
  facet normal 0.156396 0.987694 0
    outer loop
      vertex -2.9981 -15.7166 4
      vertex -2.00533 -15.8738 0
      vertex -2.9981 -15.7166 0
    endloop
  endfacet
  facet normal -0.612922 -0.790143 0
    outer loop
      vertex 9.40456 12.9443 0
      vertex 10.1988 12.3282 4
      vertex 9.40456 12.9443 4
    endloop
  endfacet
  facet normal -0.612922 -0.790143 -0
    outer loop
      vertex 10.1988 12.3282 4
      vertex 9.40456 12.9443 0
      vertex 10.1988 12.3282 0
    endloop
  endfacet
  facet normal 0.995561 0.0941161 0
    outer loop
      vertex -15.8738 -2.00533 4
      vertex -15.9684 -1.00465 0
      vertex -15.9684 -1.00465 4
    endloop
  endfacet
  facet normal 0.995561 0.0941161 0
    outer loop
      vertex -15.9684 -1.00465 0
      vertex -15.8738 -2.00533 4
      vertex -15.8738 -2.00533 0
    endloop
  endfacet
  facet normal 0.97591 0.218175 0
    outer loop
      vertex -15.4973 -3.97904 4
      vertex -15.7166 -2.9981 0
      vertex -15.7166 -2.9981 4
    endloop
  endfacet
  facet normal 0.97591 0.218175 0
    outer loop
      vertex -15.7166 -2.9981 0
      vertex -15.4973 -3.97904 4
      vertex -15.4973 -3.97904 0
    endloop
  endfacet
  facet normal 0.750131 -0.661289 0
    outer loop
      vertex -12.3282 10.1988 4
      vertex -11.6635 10.9528 0
      vertex -11.6635 10.9528 4
    endloop
  endfacet
  facet normal 0.750131 -0.661289 0
    outer loop
      vertex -11.6635 10.9528 0
      vertex -12.3282 10.1988 4
      vertex -12.3282 10.1988 0
    endloop
  endfacet
  facet normal 0.790143 0.612922 0
    outer loop
      vertex -12.3282 -10.1988 4
      vertex -12.9443 -9.40456 0
      vertex -12.9443 -9.40456 4
    endloop
  endfacet
  facet normal 0.790143 0.612922 0
    outer loop
      vertex -12.9443 -9.40456 0
      vertex -12.3282 -10.1988 4
      vertex -12.3282 -10.1988 0
    endloop
  endfacet
  facet normal -0.707107 -0.707107 0
    outer loop
      vertex 11.6635 10.9528 0
      vertex 10.9528 11.6635 4
      vertex 10.9528 11.6635 0
    endloop
  endfacet
  facet normal -0.707107 -0.707107 0
    outer loop
      vertex 10.9528 11.6635 4
      vertex 11.6635 10.9528 0
      vertex 11.6635 10.9528 4
    endloop
  endfacet
  facet normal -0.827114 -0.562035 0
    outer loop
      vertex 13.5092 8.57323 0
      vertex 12.9443 9.40456 4
      vertex 12.9443 9.40456 0
    endloop
  endfacet
  facet normal -0.827114 -0.562035 0
    outer loop
      vertex 12.9443 9.40456 4
      vertex 13.5092 8.57323 0
      vertex 13.5092 8.57323 4
    endloop
  endfacet
  facet normal -0.509071 0.860725 0
    outer loop
      vertex 8.57323 -13.5092 0
      vertex 7.70806 -14.0209 4
      vertex 8.57323 -13.5092 4
    endloop
  endfacet
  facet normal -0.509071 0.860725 0
    outer loop
      vertex 7.70806 -14.0209 4
      vertex 8.57323 -13.5092 0
      vertex 7.70806 -14.0209 0
    endloop
  endfacet
  facet normal 0.940874 0.338755 0
    outer loop
      vertex -14.8764 -5.88999 4
      vertex -15.2169 -4.94427 0
      vertex -15.2169 -4.94427 4
    endloop
  endfacet
  facet normal 0.940874 0.338755 0
    outer loop
      vertex -15.2169 -4.94427 0
      vertex -14.8764 -5.88999 4
      vertex -14.8764 -5.88999 0
    endloop
  endfacet
  facet normal 0.9603 -0.278968 0
    outer loop
      vertex -15.4973 3.97904 4
      vertex -15.2169 4.94427 0
      vertex -15.2169 4.94427 4
    endloop
  endfacet
  facet normal 0.9603 -0.278968 0
    outer loop
      vertex -15.2169 4.94427 0
      vertex -15.4973 3.97904 4
      vertex -15.4973 3.97904 0
    endloop
  endfacet
  facet normal -0.0314382 0.999506 0
    outer loop
      vertex 1.00465 -15.9684 0
      vertex 0 -16 4
      vertex 1.00465 -15.9684 4
    endloop
  endfacet
  facet normal -0.0314382 0.999506 0
    outer loop
      vertex 0 -16 4
      vertex 1.00465 -15.9684 0
      vertex 0 -16 0
    endloop
  endfacet
  facet normal -0.509071 -0.860725 0
    outer loop
      vertex 7.70806 14.0209 0
      vertex 8.57323 13.5092 4
      vertex 7.70806 14.0209 4
    endloop
  endfacet
  facet normal -0.509071 -0.860725 -0
    outer loop
      vertex 8.57323 13.5092 4
      vertex 7.70806 14.0209 0
      vertex 8.57323 13.5092 0
    endloop
  endfacet
  facet normal -0.917752 0.397154 0
    outer loop
      vertex 14.4772 -6.81247 0
      vertex 14.8764 -5.88999 4
      vertex 14.8764 -5.88999 0
    endloop
  endfacet
  facet normal -0.917752 0.397154 0
    outer loop
      vertex 14.8764 -5.88999 4
      vertex 14.4772 -6.81247 0
      vertex 14.4772 -6.81247 4
    endloop
  endfacet
  facet normal 0.827114 -0.562035 0
    outer loop
      vertex -13.5092 8.57323 4
      vertex -12.9443 9.40456 0
      vertex -12.9443 9.40456 4
    endloop
  endfacet
  facet normal 0.827114 -0.562035 0
    outer loop
      vertex -12.9443 9.40456 0
      vertex -13.5092 8.57323 4
      vertex -13.5092 8.57323 0
    endloop
  endfacet
  facet normal 0.218175 -0.97591 0
    outer loop
      vertex -3.97904 15.4973 0
      vertex -2.9981 15.7166 4
      vertex -3.97904 15.4973 4
    endloop
  endfacet
  facet normal 0.218175 -0.97591 0
    outer loop
      vertex -2.9981 15.7166 4
      vertex -3.97904 15.4973 0
      vertex -2.9981 15.7166 0
    endloop
  endfacet
  facet normal -0.97591 0.218175 0
    outer loop
      vertex 15.4973 -3.97904 0
      vertex 15.7166 -2.9981 4
      vertex 15.7166 -2.9981 0
    endloop
  endfacet
  facet normal -0.97591 0.218175 0
    outer loop
      vertex 15.7166 -2.9981 4
      vertex 15.4973 -3.97904 0
      vertex 15.4973 -3.97904 4
    endloop
  endfacet
  facet normal -0.156396 0.987694 0
    outer loop
      vertex 2.9981 -15.7166 0
      vertex 2.00533 -15.8738 4
      vertex 2.9981 -15.7166 4
    endloop
  endfacet
  facet normal -0.156396 0.987694 0
    outer loop
      vertex 2.00533 -15.8738 4
      vertex 2.9981 -15.7166 0
      vertex 2.00533 -15.8738 0
    endloop
  endfacet
  facet normal 0.917752 -0.397154 0
    outer loop
      vertex -14.8764 5.88999 4
      vertex -14.4772 6.81247 0
      vertex -14.4772 6.81247 4
    endloop
  endfacet
  facet normal 0.917752 -0.397154 0
    outer loop
      vertex -14.4772 6.81247 0
      vertex -14.8764 5.88999 4
      vertex -14.8764 5.88999 0
    endloop
  endfacet
  facet normal -0.995561 0.0941161 0
    outer loop
      vertex 15.8738 -2.00533 0
      vertex 15.9684 -1.00465 4
      vertex 15.9684 -1.00465 0
    endloop
  endfacet
  facet normal -0.995561 0.0941161 0
    outer loop
      vertex 15.9684 -1.00465 4
      vertex 15.8738 -2.00533 0
      vertex 15.8738 -2.00533 4
    endloop
  endfacet
  facet normal 0.612922 -0.790143 0
    outer loop
      vertex -10.1988 12.3282 0
      vertex -9.40456 12.9443 4
      vertex -10.1988 12.3282 4
    endloop
  endfacet
  facet normal 0.612922 -0.790143 0
    outer loop
      vertex -9.40456 12.9443 4
      vertex -10.1988 12.3282 0
      vertex -9.40456 12.9443 0
    endloop
  endfacet
  facet normal -0.860725 -0.509071 0
    outer loop
      vertex 14.0209 7.70806 0
      vertex 13.5092 8.57323 4
      vertex 13.5092 8.57323 0
    endloop
  endfacet
  facet normal -0.860725 -0.509071 0
    outer loop
      vertex 13.5092 8.57323 4
      vertex 14.0209 7.70806 0
      vertex 14.0209 7.70806 4
    endloop
  endfacet
  facet normal 0.940874 -0.338755 0
    outer loop
      vertex -15.2169 4.94427 4
      vertex -14.8764 5.88999 0
      vertex -14.8764 5.88999 4
    endloop
  endfacet
  facet normal 0.940874 -0.338755 0
    outer loop
      vertex -14.8764 5.88999 0
      vertex -15.2169 4.94427 4
      vertex -15.2169 4.94427 0
    endloop
  endfacet
  facet normal 0.917752 0.397154 0
    outer loop
      vertex -14.4772 -6.81247 4
      vertex -14.8764 -5.88999 0
      vertex -14.8764 -5.88999 4
    endloop
  endfacet
  facet normal 0.917752 0.397154 0
    outer loop
      vertex -14.8764 -5.88999 0
      vertex -14.4772 -6.81247 4
      vertex -14.4772 -6.81247 0
    endloop
  endfacet
  facet normal 0.338755 -0.940874 0
    outer loop
      vertex -5.88999 14.8764 0
      vertex -4.94427 15.2169 4
      vertex -5.88999 14.8764 4
    endloop
  endfacet
  facet normal 0.338755 -0.940874 0
    outer loop
      vertex -4.94427 15.2169 4
      vertex -5.88999 14.8764 0
      vertex -4.94427 15.2169 0
    endloop
  endfacet
  facet normal 0.509071 -0.860725 0
    outer loop
      vertex -8.57323 13.5092 0
      vertex -7.70806 14.0209 4
      vertex -8.57323 13.5092 4
    endloop
  endfacet
  facet normal 0.509071 -0.860725 0
    outer loop
      vertex -7.70806 14.0209 4
      vertex -8.57323 13.5092 0
      vertex -7.70806 14.0209 0
    endloop
  endfacet
  facet normal 0.0941161 0.995561 -0
    outer loop
      vertex -1.00465 -15.9684 0
      vertex -2.00533 -15.8738 4
      vertex -1.00465 -15.9684 4
    endloop
  endfacet
  facet normal 0.0941161 0.995561 0
    outer loop
      vertex -2.00533 -15.8738 4
      vertex -1.00465 -15.9684 0
      vertex -2.00533 -15.8738 0
    endloop
  endfacet
  facet normal -0.562035 -0.827114 0
    outer loop
      vertex 8.57323 13.5092 0
      vertex 9.40456 12.9443 4
      vertex 8.57323 13.5092 4
    endloop
  endfacet
  facet normal -0.562035 -0.827114 -0
    outer loop
      vertex 9.40456 12.9443 4
      vertex 8.57323 13.5092 0
      vertex 9.40456 12.9443 0
    endloop
  endfacet
  facet normal 0.562035 -0.827114 0
    outer loop
      vertex -9.40456 12.9443 0
      vertex -8.57323 13.5092 4
      vertex -9.40456 12.9443 4
    endloop
  endfacet
  facet normal 0.562035 -0.827114 0
    outer loop
      vertex -8.57323 13.5092 4
      vertex -9.40456 12.9443 0
      vertex -8.57323 13.5092 0
    endloop
  endfacet
  facet normal 0.707107 -0.707107 0
    outer loop
      vertex -11.6635 10.9528 4
      vertex -10.9528 11.6635 0
      vertex -10.9528 11.6635 4
    endloop
  endfacet
  facet normal 0.707107 -0.707107 0
    outer loop
      vertex -10.9528 11.6635 0
      vertex -11.6635 10.9528 4
      vertex -11.6635 10.9528 0
    endloop
  endfacet
  facet normal 0.661289 0.750131 -0
    outer loop
      vertex -10.1988 -12.3282 0
      vertex -10.9528 -11.6635 4
      vertex -10.1988 -12.3282 4
    endloop
  endfacet
  facet normal 0.661289 0.750131 0
    outer loop
      vertex -10.9528 -11.6635 4
      vertex -10.1988 -12.3282 0
      vertex -10.9528 -11.6635 0
    endloop
  endfacet
  facet normal -0.45397 -0.891017 0
    outer loop
      vertex 6.81247 14.4772 0
      vertex 7.70806 14.0209 4
      vertex 6.81247 14.4772 4
    endloop
  endfacet
  facet normal -0.45397 -0.891017 -0
    outer loop
      vertex 7.70806 14.0209 4
      vertex 6.81247 14.4772 0
      vertex 7.70806 14.0209 0
    endloop
  endfacet
  facet normal -0.661289 -0.750131 0
    outer loop
      vertex 10.1988 12.3282 0
      vertex 10.9528 11.6635 4
      vertex 10.1988 12.3282 4
    endloop
  endfacet
  facet normal -0.661289 -0.750131 -0
    outer loop
      vertex 10.9528 11.6635 4
      vertex 10.1988 12.3282 0
      vertex 10.9528 11.6635 0
    endloop
  endfacet
  facet normal 0.661289 -0.750131 0
    outer loop
      vertex -10.9528 11.6635 0
      vertex -10.1988 12.3282 4
      vertex -10.9528 11.6635 4
    endloop
  endfacet
  facet normal 0.661289 -0.750131 0
    outer loop
      vertex -10.1988 12.3282 4
      vertex -10.9528 11.6635 0
      vertex -10.1988 12.3282 0
    endloop
  endfacet
  facet normal -0.891017 -0.45397 0
    outer loop
      vertex 14.4772 6.81247 0
      vertex 14.0209 7.70806 4
      vertex 14.0209 7.70806 0
    endloop
  endfacet
  facet normal -0.891017 -0.45397 0
    outer loop
      vertex 14.0209 7.70806 4
      vertex 14.4772 6.81247 0
      vertex 14.4772 6.81247 4
    endloop
  endfacet
  facet normal -0.750131 0.661289 0
    outer loop
      vertex 11.6635 -10.9528 0
      vertex 12.3282 -10.1988 4
      vertex 12.3282 -10.1988 0
    endloop
  endfacet
  facet normal -0.750131 0.661289 0
    outer loop
      vertex 12.3282 -10.1988 4
      vertex 11.6635 -10.9528 0
      vertex 11.6635 -10.9528 4
    endloop
  endfacet
  facet normal -0.0314382 -0.999506 0
    outer loop
      vertex 0 16 0
      vertex 1.00465 15.9684 4
      vertex 0 16 4
    endloop
  endfacet
  facet normal -0.0314382 -0.999506 -0
    outer loop
      vertex 1.00465 15.9684 4
      vertex 0 16 0
      vertex 1.00465 15.9684 0
    endloop
  endfacet
  facet normal -0.790143 0.612922 0
    outer loop
      vertex 12.3282 -10.1988 0
      vertex 12.9443 -9.40456 4
      vertex 12.9443 -9.40456 0
    endloop
  endfacet
  facet normal -0.790143 0.612922 0
    outer loop
      vertex 12.9443 -9.40456 4
      vertex 12.3282 -10.1988 0
      vertex 12.3282 -10.1988 4
    endloop
  endfacet
  facet normal -0.9603 -0.278968 0
    outer loop
      vertex 15.4973 3.97904 0
      vertex 15.2169 4.94427 4
      vertex 15.2169 4.94427 0
    endloop
  endfacet
  facet normal -0.9603 -0.278968 0
    outer loop
      vertex 15.2169 4.94427 4
      vertex 15.4973 3.97904 0
      vertex 15.4973 3.97904 4
    endloop
  endfacet
  facet normal 0.97591 -0.218175 0
    outer loop
      vertex -15.7166 2.9981 4
      vertex -15.4973 3.97904 0
      vertex -15.4973 3.97904 4
    endloop
  endfacet
  facet normal 0.97591 -0.218175 0
    outer loop
      vertex -15.4973 3.97904 0
      vertex -15.7166 2.9981 4
      vertex -15.7166 2.9981 0
    endloop
  endfacet
  facet normal -0.338755 -0.940874 0
    outer loop
      vertex 4.94427 15.2169 0
      vertex 5.88999 14.8764 4
      vertex 4.94427 15.2169 4
    endloop
  endfacet
  facet normal -0.338755 -0.940874 -0
    outer loop
      vertex 5.88999 14.8764 4
      vertex 4.94427 15.2169 0
      vertex 5.88999 14.8764 0
    endloop
  endfacet
  facet normal -0.891017 0.45397 0
    outer loop
      vertex 14.0209 -7.70806 0
      vertex 14.4772 -6.81247 4
      vertex 14.4772 -6.81247 0
    endloop
  endfacet
  facet normal -0.891017 0.45397 0
    outer loop
      vertex 14.4772 -6.81247 4
      vertex 14.0209 -7.70806 0
      vertex 14.0209 -7.70806 4
    endloop
  endfacet
  facet normal 0.397154 -0.917752 0
    outer loop
      vertex -6.81247 14.4772 0
      vertex -5.88999 14.8764 4
      vertex -6.81247 14.4772 4
    endloop
  endfacet
  facet normal 0.397154 -0.917752 0
    outer loop
      vertex -5.88999 14.8764 4
      vertex -6.81247 14.4772 0
      vertex -5.88999 14.8764 0
    endloop
  endfacet
  facet normal -0.917752 -0.397154 0
    outer loop
      vertex 14.8764 5.88999 0
      vertex 14.4772 6.81247 4
      vertex 14.4772 6.81247 0
    endloop
  endfacet
  facet normal -0.917752 -0.397154 0
    outer loop
      vertex 14.4772 6.81247 4
      vertex 14.8764 5.88999 0
      vertex 14.8764 5.88999 4
    endloop
  endfacet
  facet normal -0.0941161 -0.995561 0
    outer loop
      vertex 1.00465 15.9684 0
      vertex 2.00533 15.8738 4
      vertex 1.00465 15.9684 4
    endloop
  endfacet
  facet normal -0.0941161 -0.995561 -0
    outer loop
      vertex 2.00533 15.8738 4
      vertex 1.00465 15.9684 0
      vertex 2.00533 15.8738 0
    endloop
  endfacet
  facet normal -0.156396 -0.987694 0
    outer loop
      vertex 2.00533 15.8738 0
      vertex 2.9981 15.7166 4
      vertex 2.00533 15.8738 4
    endloop
  endfacet
  facet normal -0.156396 -0.987694 -0
    outer loop
      vertex 2.9981 15.7166 4
      vertex 2.00533 15.8738 0
      vertex 2.9981 15.7166 0
    endloop
  endfacet
  facet normal 0.156396 -0.987694 0
    outer loop
      vertex -2.9981 15.7166 0
      vertex -2.00533 15.8738 4
      vertex -2.9981 15.7166 4
    endloop
  endfacet
  facet normal 0.156396 -0.987694 0
    outer loop
      vertex -2.00533 15.8738 4
      vertex -2.9981 15.7166 0
      vertex -2.00533 15.8738 0
    endloop
  endfacet
  facet normal 0.0314382 0.999506 -0
    outer loop
      vertex 0 -16 0
      vertex -1.00465 -15.9684 4
      vertex 0 -16 4
    endloop
  endfacet
  facet normal 0.0314382 0.999506 0
    outer loop
      vertex -1.00465 -15.9684 4
      vertex 0 -16 0
      vertex -1.00465 -15.9684 0
    endloop
  endfacet
  facet normal 0.987694 0.156396 0
    outer loop
      vertex -15.7166 -2.9981 4
      vertex -15.8738 -2.00533 0
      vertex -15.8738 -2.00533 4
    endloop
  endfacet
  facet normal 0.987694 0.156396 0
    outer loop
      vertex -15.8738 -2.00533 0
      vertex -15.7166 -2.9981 4
      vertex -15.7166 -2.9981 0
    endloop
  endfacet
  facet normal 0.999506 0.0314382 0
    outer loop
      vertex -15.9684 -1.00465 4
      vertex -16 0 0
      vertex -16 0 4
    endloop
  endfacet
  facet normal 0.999506 0.0314382 0
    outer loop
      vertex -16 0 0
      vertex -15.9684 -1.00465 4
      vertex -15.9684 -1.00465 0
    endloop
  endfacet
  facet normal 0.707107 0.707107 0
    outer loop
      vertex -10.9528 -11.6635 4
      vertex -11.6635 -10.9528 0
      vertex -11.6635 -10.9528 4
    endloop
  endfacet
  facet normal 0.707107 0.707107 0
    outer loop
      vertex -11.6635 -10.9528 0
      vertex -10.9528 -11.6635 4
      vertex -10.9528 -11.6635 0
    endloop
  endfacet
  facet normal 0.0314382 -0.999506 0
    outer loop
      vertex -1.00465 15.9684 0
      vertex 0 16 4
      vertex -1.00465 15.9684 4
    endloop
  endfacet
  facet normal 0.0314382 -0.999506 0
    outer loop
      vertex 0 16 4
      vertex -1.00465 15.9684 0
      vertex 0 16 0
    endloop
  endfacet
  facet normal -0.999506 0.0314382 0
    outer loop
      vertex 15.9684 -1.00465 0
      vertex 16 0 4
      vertex 16 0 0
    endloop
  endfacet
  facet normal -0.999506 0.0314382 0
    outer loop
      vertex 16 0 4
      vertex 15.9684 -1.00465 0
      vertex 15.9684 -1.00465 4
    endloop
  endfacet
  facet normal -0.0941161 0.995561 0
    outer loop
      vertex 2.00533 -15.8738 0
      vertex 1.00465 -15.9684 4
      vertex 2.00533 -15.8738 4
    endloop
  endfacet
  facet normal -0.0941161 0.995561 0
    outer loop
      vertex 1.00465 -15.9684 4
      vertex 2.00533 -15.8738 0
      vertex 1.00465 -15.9684 0
    endloop
  endfacet
  facet normal -0.397154 -0.917752 0
    outer loop
      vertex 5.88999 14.8764 0
      vertex 6.81247 14.4772 4
      vertex 5.88999 14.8764 4
    endloop
  endfacet
  facet normal -0.397154 -0.917752 -0
    outer loop
      vertex 6.81247 14.4772 4
      vertex 5.88999 14.8764 0
      vertex 6.81247 14.4772 0
    endloop
  endfacet
  facet normal 0.995561 -0.0941161 0
    outer loop
      vertex -15.9684 1.00465 4
      vertex -15.8738 2.00533 0
      vertex -15.8738 2.00533 4
    endloop
  endfacet
  facet normal 0.995561 -0.0941161 0
    outer loop
      vertex -15.8738 2.00533 0
      vertex -15.9684 1.00465 4
      vertex -15.9684 1.00465 0
    endloop
  endfacet
  facet normal 0.612922 0.790143 -0
    outer loop
      vertex -9.40456 -12.9443 0
      vertex -10.1988 -12.3282 4
      vertex -9.40456 -12.9443 4
    endloop
  endfacet
  facet normal 0.612922 0.790143 0
    outer loop
      vertex -10.1988 -12.3282 4
      vertex -9.40456 -12.9443 0
      vertex -10.1988 -12.3282 0
    endloop
  endfacet
  facet normal 0.0941161 -0.995561 0
    outer loop
      vertex -2.00533 15.8738 0
      vertex -1.00465 15.9684 4
      vertex -2.00533 15.8738 4
    endloop
  endfacet
  facet normal 0.0941161 -0.995561 0
    outer loop
      vertex -1.00465 15.9684 4
      vertex -2.00533 15.8738 0
      vertex -1.00465 15.9684 0
    endloop
  endfacet
  facet normal -0.940874 0.338755 0
    outer loop
      vertex 14.8764 -5.88999 0
      vertex 15.2169 -4.94427 4
      vertex 15.2169 -4.94427 0
    endloop
  endfacet
  facet normal -0.940874 0.338755 0
    outer loop
      vertex 15.2169 -4.94427 4
      vertex 14.8764 -5.88999 0
      vertex 14.8764 -5.88999 4
    endloop
  endfacet
  facet normal 0.790143 -0.612922 0
    outer loop
      vertex -12.9443 9.40456 4
      vertex -12.3282 10.1988 0
      vertex -12.3282 10.1988 4
    endloop
  endfacet
  facet normal 0.790143 -0.612922 0
    outer loop
      vertex -12.3282 10.1988 0
      vertex -12.9443 9.40456 4
      vertex -12.9443 9.40456 0
    endloop
  endfacet
  facet normal -0.218175 -0.97591 0
    outer loop
      vertex 2.9981 15.7166 0
      vertex 3.97904 15.4973 4
      vertex 2.9981 15.7166 4
    endloop
  endfacet
  facet normal -0.218175 -0.97591 -0
    outer loop
      vertex 3.97904 15.4973 4
      vertex 2.9981 15.7166 0
      vertex 3.97904 15.4973 0
    endloop
  endfacet
  facet normal 0.562035 0.827114 -0
    outer loop
      vertex -8.57323 -13.5092 0
      vertex -9.40456 -12.9443 4
      vertex -8.57323 -13.5092 4
    endloop
  endfacet
  facet normal 0.562035 0.827114 0
    outer loop
      vertex -9.40456 -12.9443 4
      vertex -8.57323 -13.5092 0
      vertex -9.40456 -12.9443 0
    endloop
  endfacet
  facet normal -0.661289 0.750131 0
    outer loop
      vertex 10.9528 -11.6635 0
      vertex 10.1988 -12.3282 4
      vertex 10.9528 -11.6635 4
    endloop
  endfacet
  facet normal -0.661289 0.750131 0
    outer loop
      vertex 10.1988 -12.3282 4
      vertex 10.9528 -11.6635 0
      vertex 10.1988 -12.3282 0
    endloop
  endfacet
  facet normal 0.987694 -0.156396 0
    outer loop
      vertex -15.8738 2.00533 4
      vertex -15.7166 2.9981 0
      vertex -15.7166 2.9981 4
    endloop
  endfacet
  facet normal 0.987694 -0.156396 0
    outer loop
      vertex -15.7166 2.9981 0
      vertex -15.8738 2.00533 4
      vertex -15.8738 2.00533 0
    endloop
  endfacet
  facet normal 0.45397 0.891017 -0
    outer loop
      vertex -6.81247 -14.4772 0
      vertex -7.70806 -14.0209 4
      vertex -6.81247 -14.4772 4
    endloop
  endfacet
  facet normal 0.45397 0.891017 0
    outer loop
      vertex -7.70806 -14.0209 4
      vertex -6.81247 -14.4772 0
      vertex -7.70806 -14.0209 0
    endloop
  endfacet
  facet normal 0.9603 0.278968 0
    outer loop
      vertex -15.2169 -4.94427 4
      vertex -15.4973 -3.97904 0
      vertex -15.4973 -3.97904 4
    endloop
  endfacet
  facet normal 0.9603 0.278968 0
    outer loop
      vertex -15.4973 -3.97904 0
      vertex -15.2169 -4.94427 4
      vertex -15.2169 -4.94427 0
    endloop
  endfacet
  facet normal -0.827114 0.562035 0
    outer loop
      vertex 12.9443 -9.40456 0
      vertex 13.5092 -8.57323 4
      vertex 13.5092 -8.57323 0
    endloop
  endfacet
  facet normal -0.827114 0.562035 0
    outer loop
      vertex 13.5092 -8.57323 4
      vertex 12.9443 -9.40456 0
      vertex 12.9443 -9.40456 4
    endloop
  endfacet
  facet normal -0.790143 -0.612922 0
    outer loop
      vertex 12.9443 9.40456 0
      vertex 12.3282 10.1988 4
      vertex 12.3282 10.1988 0
    endloop
  endfacet
  facet normal -0.790143 -0.612922 0
    outer loop
      vertex 12.3282 10.1988 4
      vertex 12.9443 9.40456 0
      vertex 12.9443 9.40456 4
    endloop
  endfacet
  facet normal 0.509071 0.860725 -0
    outer loop
      vertex -7.70806 -14.0209 0
      vertex -8.57323 -13.5092 4
      vertex -7.70806 -14.0209 4
    endloop
  endfacet
  facet normal 0.509071 0.860725 0
    outer loop
      vertex -8.57323 -13.5092 4
      vertex -7.70806 -14.0209 0
      vertex -8.57323 -13.5092 0
    endloop
  endfacet
  facet normal 0.860725 0.509071 0
    outer loop
      vertex -13.5092 -8.57323 4
      vertex -14.0209 -7.70806 0
      vertex -14.0209 -7.70806 4
    endloop
  endfacet
  facet normal 0.860725 0.509071 0
    outer loop
      vertex -14.0209 -7.70806 0
      vertex -13.5092 -8.57323 4
      vertex -13.5092 -8.57323 0
    endloop
  endfacet
  facet normal 0.891017 0.45397 0
    outer loop
      vertex -14.0209 -7.70806 4
      vertex -14.4772 -6.81247 0
      vertex -14.4772 -6.81247 4
    endloop
  endfacet
  facet normal 0.891017 0.45397 0
    outer loop
      vertex -14.4772 -6.81247 0
      vertex -14.0209 -7.70806 4
      vertex -14.0209 -7.70806 0
    endloop
  endfacet
  facet normal 0.218175 0.97591 -0
    outer loop
      vertex -2.9981 -15.7166 0
      vertex -3.97904 -15.4973 4
      vertex -2.9981 -15.7166 4
    endloop
  endfacet
  facet normal 0.218175 0.97591 0
    outer loop
      vertex -3.97904 -15.4973 4
      vertex -2.9981 -15.7166 0
      vertex -3.97904 -15.4973 0
    endloop
  endfacet
  facet normal 0.338755 0.940874 -0
    outer loop
      vertex -4.94427 -15.2169 0
      vertex -5.88999 -14.8764 4
      vertex -4.94427 -15.2169 4
    endloop
  endfacet
  facet normal 0.338755 0.940874 0
    outer loop
      vertex -5.88999 -14.8764 4
      vertex -4.94427 -15.2169 0
      vertex -5.88999 -14.8764 0
    endloop
  endfacet
  facet normal 0.750131 0.661289 0
    outer loop
      vertex -11.6635 -10.9528 4
      vertex -12.3282 -10.1988 0
      vertex -12.3282 -10.1988 4
    endloop
  endfacet
  facet normal 0.750131 0.661289 0
    outer loop
      vertex -12.3282 -10.1988 0
      vertex -11.6635 -10.9528 4
      vertex -11.6635 -10.9528 0
    endloop
  endfacet
  facet normal -0.707107 0.707107 0
    outer loop
      vertex 10.9528 -11.6635 0
      vertex 11.6635 -10.9528 4
      vertex 11.6635 -10.9528 0
    endloop
  endfacet
  facet normal -0.707107 0.707107 0
    outer loop
      vertex 11.6635 -10.9528 4
      vertex 10.9528 -11.6635 0
      vertex 10.9528 -11.6635 4
    endloop
  endfacet
  facet normal -0.278968 0.9603 0
    outer loop
      vertex 4.94427 -15.2169 0
      vertex 3.97904 -15.4973 4
      vertex 4.94427 -15.2169 4
    endloop
  endfacet
  facet normal -0.278968 0.9603 0
    outer loop
      vertex 3.97904 -15.4973 4
      vertex 4.94427 -15.2169 0
      vertex 3.97904 -15.4973 0
    endloop
  endfacet
  facet normal 0.45397 -0.891017 0
    outer loop
      vertex -7.70806 14.0209 0
      vertex -6.81247 14.4772 4
      vertex -7.70806 14.0209 4
    endloop
  endfacet
  facet normal 0.45397 -0.891017 0
    outer loop
      vertex -6.81247 14.4772 4
      vertex -7.70806 14.0209 0
      vertex -6.81247 14.4772 0
    endloop
  endfacet
  facet normal -0.562035 0.827114 0
    outer loop
      vertex 9.40456 -12.9443 0
      vertex 8.57323 -13.5092 4
      vertex 9.40456 -12.9443 4
    endloop
  endfacet
  facet normal -0.562035 0.827114 0
    outer loop
      vertex 8.57323 -13.5092 4
      vertex 9.40456 -12.9443 0
      vertex 8.57323 -13.5092 0
    endloop
  endfacet
  facet normal -0.278968 -0.9603 0
    outer loop
      vertex 3.97904 15.4973 0
      vertex 4.94427 15.2169 4
      vertex 3.97904 15.4973 4
    endloop
  endfacet
  facet normal -0.278968 -0.9603 -0
    outer loop
      vertex 4.94427 15.2169 4
      vertex 3.97904 15.4973 0
      vertex 4.94427 15.2169 0
    endloop
  endfacet
  facet normal 0.278968 -0.9603 0
    outer loop
      vertex -4.94427 15.2169 0
      vertex -3.97904 15.4973 4
      vertex -4.94427 15.2169 4
    endloop
  endfacet
  facet normal 0.278968 -0.9603 0
    outer loop
      vertex -3.97904 15.4973 4
      vertex -4.94427 15.2169 0
      vertex -3.97904 15.4973 0
    endloop
  endfacet
  facet normal 0.891017 -0.45397 0
    outer loop
      vertex -14.4772 6.81247 4
      vertex -14.0209 7.70806 0
      vertex -14.0209 7.70806 4
    endloop
  endfacet
  facet normal 0.891017 -0.45397 0
    outer loop
      vertex -14.0209 7.70806 0
      vertex -14.4772 6.81247 4
      vertex -14.4772 6.81247 0
    endloop
  endfacet
  facet normal 0.278968 0.9603 -0
    outer loop
      vertex -3.97904 -15.4973 0
      vertex -4.94427 -15.2169 4
      vertex -3.97904 -15.4973 4
    endloop
  endfacet
  facet normal 0.278968 0.9603 0
    outer loop
      vertex -4.94427 -15.2169 4
      vertex -3.97904 -15.4973 0
      vertex -4.94427 -15.2169 0
    endloop
  endfacet
  facet normal -0.397154 0.917752 0
    outer loop
      vertex 6.81247 -14.4772 0
      vertex 5.88999 -14.8764 4
      vertex 6.81247 -14.4772 4
    endloop
  endfacet
  facet normal -0.397154 0.917752 0
    outer loop
      vertex 5.88999 -14.8764 4
      vertex 6.81247 -14.4772 0
      vertex 5.88999 -14.8764 0
    endloop
  endfacet
  facet normal 0.999506 -0.0314382 0
    outer loop
      vertex -16 0 4
      vertex -15.9684 1.00465 0
      vertex -15.9684 1.00465 4
    endloop
  endfacet
  facet normal 0.999506 -0.0314382 0
    outer loop
      vertex -15.9684 1.00465 0
      vertex -16 0 4
      vertex -16 0 0
    endloop
  endfacet
  facet normal 0.397154 0.917752 -0
    outer loop
      vertex -5.88999 -14.8764 0
      vertex -6.81247 -14.4772 4
      vertex -5.88999 -14.8764 4
    endloop
  endfacet
  facet normal 0.397154 0.917752 0
    outer loop
      vertex -6.81247 -14.4772 4
      vertex -5.88999 -14.8764 0
      vertex -6.81247 -14.4772 0
    endloop
  endfacet
  facet normal 0 0 -1
    outer loop
      vertex 12 0 4
      vertex 16 0 4
      vertex 15.9684 -1.00465 4
    endloop
  endfacet
  facet normal 0 0 -1
    outer loop
      vertex 11.9763 -0.753486 4
      vertex 15.9684 -1.00465 4
      vertex 15.8738 -2.00533 4
    endloop
  endfacet
  facet normal 0 0 -1
    outer loop
      vertex 16 0 4
      vertex 12 0 4
      vertex 15.9684 1.00465 4
    endloop
  endfacet
  facet normal 0 0 -1
    outer loop
      vertex 11.9054 -1.504 4
      vertex 15.8738 -2.00533 4
      vertex 15.7166 -2.9981 4
    endloop
  endfacet
  facet normal 0 0 -1
    outer loop
      vertex 11.9763 0.753486 4
      vertex 15.9684 1.00465 4
      vertex 12 0 4
    endloop
  endfacet
  facet normal 0 0 -1
    outer loop
      vertex 11.7874 -2.24858 4
      vertex 15.7166 -2.9981 4
      vertex 15.4973 -3.97904 4
    endloop
  endfacet
  facet normal -0 0 -1
    outer loop
      vertex 15.9684 1.00465 4
      vertex 11.9763 0.753486 4
      vertex 15.8738 2.00533 4
    endloop
  endfacet
  facet normal 0 0 -1
    outer loop
      vertex 11.623 -2.98428 4
      vertex 15.4973 -3.97904 4
      vertex 15.2169 -4.94427 4
    endloop
  endfacet
  facet normal 0 0 -1
    outer loop
      vertex 11.9054 1.504 4
      vertex 15.8738 2.00533 4
      vertex 11.9763 0.753486 4
    endloop
  endfacet
  facet normal 0 0 -1
    outer loop
      vertex 11.4127 -3.7082 4
      vertex 15.2169 -4.94427 4
      vertex 14.8764 -5.88999 4
    endloop
  endfacet
  facet normal -0 0 -1
    outer loop
      vertex 15.8738 2.00533 4
      vertex 11.9054 1.504 4
      vertex 15.7166 2.9981 4
    endloop
  endfacet
  facet normal 0 0 -1
    outer loop
      vertex 11.1573 -4.41749 4
      vertex 14.8764 -5.88999 4
      vertex 14.4772 -6.81247 4
    endloop
  endfacet
  facet normal 0 0 -1
    outer loop
      vertex 11.7874 2.24858 4
      vertex 15.7166 2.9981 4
      vertex 11.9054 1.504 4
    endloop
  endfacet
  facet normal 0 0 -1
    outer loop
      vertex 10.8579 -5.10935 4
      vertex 14.4772 -6.81247 4
      vertex 14.0209 -7.70806 4
    endloop
  endfacet
  facet normal -0 0 -1
    outer loop
      vertex 15.7166 2.9981 4
      vertex 11.7874 2.24858 4
      vertex 15.4973 3.97904 4
    endloop
  endfacet
  facet normal 0 0 -1
    outer loop
      vertex 10.5157 -5.78104 4
      vertex 14.0209 -7.70806 4
      vertex 13.5092 -8.57323 4
    endloop
  endfacet
  facet normal 0 0 -1
    outer loop
      vertex 11.623 2.98428 4
      vertex 15.4973 3.97904 4
      vertex 11.7874 2.24858 4
    endloop
  endfacet
  facet normal 0 0 -1
    outer loop
      vertex 10.1319 -6.42992 4
      vertex 13.5092 -8.57323 4
      vertex 12.9443 -9.40456 4
    endloop
  endfacet
  facet normal -0 0 -1
    outer loop
      vertex 15.4973 3.97904 4
      vertex 11.623 2.98428 4
      vertex 15.2169 4.94427 4
    endloop
  endfacet
  facet normal 0 0 -1
    outer loop
      vertex 9.7082 -7.05342 4
      vertex 12.9443 -9.40456 4
      vertex 12.3282 -10.1988 4
    endloop
  endfacet
  facet normal 0 0 -1
    outer loop
      vertex 11.4127 3.7082 4
      vertex 15.2169 4.94427 4
      vertex 11.623 2.98428 4
    endloop
  endfacet
  facet normal -0 0 -1
    outer loop
      vertex 15.2169 4.94427 4
      vertex 11.4127 3.7082 4
      vertex 14.8764 5.88999 4
    endloop
  endfacet
  facet normal 0 0 -1
    outer loop
      vertex 15.9684 -1.00465 4
      vertex 11.9763 -0.753486 4
      vertex 12 0 4
    endloop
  endfacet
  facet normal 0 0 -1
    outer loop
      vertex 15.8738 -2.00533 4
      vertex 11.9054 -1.504 4
      vertex 11.9763 -0.753486 4
    endloop
  endfacet
  facet normal 0 0 -1
    outer loop
      vertex 15.7166 -2.9981 4
      vertex 11.7874 -2.24858 4
      vertex 11.9054 -1.504 4
    endloop
  endfacet
  facet normal 0 0 -1
    outer loop
      vertex 9.24616 -7.64909 4
      vertex 12.3282 -10.1988 4
      vertex 11.6635 -10.9528 4
    endloop
  endfacet
  facet normal 0 0 -1
    outer loop
      vertex 15.4973 -3.97904 4
      vertex 11.623 -2.98428 4
      vertex 11.7874 -2.24858 4
    endloop
  endfacet
  facet normal 0 0 -1
    outer loop
      vertex 15.2169 -4.94427 4
      vertex 11.4127 -3.7082 4
      vertex 11.623 -2.98428 4
    endloop
  endfacet
  facet normal 0 0 -1
    outer loop
      vertex 14.8764 -5.88999 4
      vertex 11.1573 -4.41749 4
      vertex 11.4127 -3.7082 4
    endloop
  endfacet
  facet normal 0 0 -1
    outer loop
      vertex 8.74762 -8.21456 4
      vertex 11.6635 -10.9528 4
      vertex 10.9528 -11.6635 4
    endloop
  endfacet
  facet normal 0 0 -1
    outer loop
      vertex 14.4772 -6.81247 4
      vertex 10.8579 -5.10935 4
      vertex 11.1573 -4.41749 4
    endloop
  endfacet
  facet normal 0 0 -1
    outer loop
      vertex 14.0209 -7.70806 4
      vertex 10.5157 -5.78104 4
      vertex 10.8579 -5.10935 4
    endloop
  endfacet
  facet normal 0 0 -1
    outer loop
      vertex 8.21456 -8.74762 4
      vertex 10.9528 -11.6635 4
      vertex 10.1988 -12.3282 4
    endloop
  endfacet
  facet normal 0 0 -1
    outer loop
      vertex 13.5092 -8.57323 4
      vertex 10.1319 -6.42992 4
      vertex 10.5157 -5.78104 4
    endloop
  endfacet
  facet normal 0 0 -1
    outer loop
      vertex 12.9443 -9.40456 4
      vertex 9.7082 -7.05342 4
      vertex 10.1319 -6.42992 4
    endloop
  endfacet
  facet normal 0 0 -1
    outer loop
      vertex 7.64909 -9.24616 4
      vertex 10.1988 -12.3282 4
      vertex 9.40456 -12.9443 4
    endloop
  endfacet
  facet normal 0 0 -1
    outer loop
      vertex 12.3282 -10.1988 4
      vertex 9.24616 -7.64909 4
      vertex 9.7082 -7.05342 4
    endloop
  endfacet
  facet normal 0 0 -1
    outer loop
      vertex 11.6635 -10.9528 4
      vertex 8.74762 -8.21456 4
      vertex 9.24616 -7.64909 4
    endloop
  endfacet
  facet normal 0 0 -1
    outer loop
      vertex 7.05342 -9.7082 4
      vertex 9.40456 -12.9443 4
      vertex 8.57323 -13.5092 4
    endloop
  endfacet
  facet normal 0 0 -1
    outer loop
      vertex 10.9528 -11.6635 4
      vertex 8.21456 -8.74762 4
      vertex 8.74762 -8.21456 4
    endloop
  endfacet
  facet normal 0 0 -1
    outer loop
      vertex 6.42992 -10.1319 4
      vertex 8.57323 -13.5092 4
      vertex 7.70806 -14.0209 4
    endloop
  endfacet
  facet normal 0 0 -1
    outer loop
      vertex 10.1988 -12.3282 4
      vertex 7.64909 -9.24616 4
      vertex 8.21456 -8.74762 4
    endloop
  endfacet
  facet normal 0 0 -1
    outer loop
      vertex 9.40456 -12.9443 4
      vertex 7.05342 -9.7082 4
      vertex 7.64909 -9.24616 4
    endloop
  endfacet
  facet normal 0 0 -1
    outer loop
      vertex 5.78104 -10.5157 4
      vertex 7.70806 -14.0209 4
      vertex 6.81247 -14.4772 4
    endloop
  endfacet
  facet normal 0 0 -1
    outer loop
      vertex 8.57323 -13.5092 4
      vertex 6.42992 -10.1319 4
      vertex 7.05342 -9.7082 4
    endloop
  endfacet
  facet normal 0 0 -1
    outer loop
      vertex 5.10935 -10.8579 4
      vertex 6.81247 -14.4772 4
      vertex 5.88999 -14.8764 4
    endloop
  endfacet
  facet normal 0 0 -1
    outer loop
      vertex 7.70806 -14.0209 4
      vertex 5.78104 -10.5157 4
      vertex 6.42992 -10.1319 4
    endloop
  endfacet
  facet normal 0 0 -1
    outer loop
      vertex 6.81247 -14.4772 4
      vertex 5.10935 -10.8579 4
      vertex 5.78104 -10.5157 4
    endloop
  endfacet
  facet normal 0 0 -1
    outer loop
      vertex 4.41749 -11.1573 4
      vertex 5.88999 -14.8764 4
      vertex 4.94427 -15.2169 4
    endloop
  endfacet
  facet normal 0 0 -1
    outer loop
      vertex 5.88999 -14.8764 4
      vertex 4.41749 -11.1573 4
      vertex 5.10935 -10.8579 4
    endloop
  endfacet
  facet normal 0 0 -1
    outer loop
      vertex 3.7082 -11.4127 4
      vertex 4.94427 -15.2169 4
      vertex 3.97904 -15.4973 4
    endloop
  endfacet
  facet normal 0 0 -1
    outer loop
      vertex 4.94427 -15.2169 4
      vertex 3.7082 -11.4127 4
      vertex 4.41749 -11.1573 4
    endloop
  endfacet
  facet normal 0 0 -1
    outer loop
      vertex 2.98428 -11.623 4
      vertex 3.97904 -15.4973 4
      vertex 2.9981 -15.7166 4
    endloop
  endfacet
  facet normal 0 0 -1
    outer loop
      vertex 3.97904 -15.4973 4
      vertex 2.98428 -11.623 4
      vertex 3.7082 -11.4127 4
    endloop
  endfacet
  facet normal 0 0 -1
    outer loop
      vertex 2.9981 -15.7166 4
      vertex 2.24858 -11.7874 4
      vertex 2.98428 -11.623 4
    endloop
  endfacet
  facet normal 0 0 -1
    outer loop
      vertex 2.00533 -15.8738 4
      vertex 2.24858 -11.7874 4
      vertex 2.9981 -15.7166 4
    endloop
  endfacet
  facet normal 0 0 -1
    outer loop
      vertex 2.00533 -15.8738 4
      vertex 1.504 -11.9054 4
      vertex 2.24858 -11.7874 4
    endloop
  endfacet
  facet normal 0 0 -1
    outer loop
      vertex 1.00465 -15.9684 4
      vertex 1.504 -11.9054 4
      vertex 2.00533 -15.8738 4
    endloop
  endfacet
  facet normal 0 0 -1
    outer loop
      vertex 1.00465 -15.9684 4
      vertex 0.753486 -11.9763 4
      vertex 1.504 -11.9054 4
    endloop
  endfacet
  facet normal 0 0 -1
    outer loop
      vertex 0 -16 4
      vertex 0.753486 -11.9763 4
      vertex 1.00465 -15.9684 4
    endloop
  endfacet
  facet normal 0 0 -1
    outer loop
      vertex 0 -16 4
      vertex 0 -12 4
      vertex 0.753486 -11.9763 4
    endloop
  endfacet
  facet normal 0 0 -1
    outer loop
      vertex 0 -16 4
      vertex -0.753486 -11.9763 4
      vertex 0 -12 4
    endloop
  endfacet
  facet normal 0 0 -1
    outer loop
      vertex -1.00465 -15.9684 4
      vertex -0.753486 -11.9763 4
      vertex 0 -16 4
    endloop
  endfacet
  facet normal 0 0 -1
    outer loop
      vertex -1.00465 -15.9684 4
      vertex -1.504 -11.9054 4
      vertex -0.753486 -11.9763 4
    endloop
  endfacet
  facet normal 0 0 -1
    outer loop
      vertex -2.00533 -15.8738 4
      vertex -1.504 -11.9054 4
      vertex -1.00465 -15.9684 4
    endloop
  endfacet
  facet normal 0 0 -1
    outer loop
      vertex -2.00533 -15.8738 4
      vertex -2.24858 -11.7874 4
      vertex -1.504 -11.9054 4
    endloop
  endfacet
  facet normal 0 0 -1
    outer loop
      vertex -2.9981 -15.7166 4
      vertex -2.24858 -11.7874 4
      vertex -2.00533 -15.8738 4
    endloop
  endfacet
  facet normal -0 0 -1
    outer loop
      vertex -2.24858 -11.7874 4
      vertex -2.9981 -15.7166 4
      vertex -2.98428 -11.623 4
    endloop
  endfacet
  facet normal 0 0 -1
    outer loop
      vertex -3.97904 -15.4973 4
      vertex -2.98428 -11.623 4
      vertex -2.9981 -15.7166 4
    endloop
  endfacet
  facet normal -0 0 -1
    outer loop
      vertex -2.98428 -11.623 4
      vertex -3.97904 -15.4973 4
      vertex -3.7082 -11.4127 4
    endloop
  endfacet
  facet normal 0 0 -1
    outer loop
      vertex -4.94427 -15.2169 4
      vertex -3.7082 -11.4127 4
      vertex -3.97904 -15.4973 4
    endloop
  endfacet
  facet normal -0 0 -1
    outer loop
      vertex -3.7082 -11.4127 4
      vertex -4.94427 -15.2169 4
      vertex -4.41749 -11.1573 4
    endloop
  endfacet
  facet normal 0 0 -1
    outer loop
      vertex -5.88999 -14.8764 4
      vertex -4.41749 -11.1573 4
      vertex -4.94427 -15.2169 4
    endloop
  endfacet
  facet normal -0 0 -1
    outer loop
      vertex -4.41749 -11.1573 4
      vertex -5.88999 -14.8764 4
      vertex -5.10935 -10.8579 4
    endloop
  endfacet
  facet normal 0 0 -1
    outer loop
      vertex -6.81247 -14.4772 4
      vertex -5.10935 -10.8579 4
      vertex -5.88999 -14.8764 4
    endloop
  endfacet
  facet normal -0 0 -1
    outer loop
      vertex -5.10935 -10.8579 4
      vertex -6.81247 -14.4772 4
      vertex -5.78104 -10.5157 4
    endloop
  endfacet
  facet normal 0 0 -1
    outer loop
      vertex -7.70806 -14.0209 4
      vertex -5.78104 -10.5157 4
      vertex -6.81247 -14.4772 4
    endloop
  endfacet
  facet normal -0 0 -1
    outer loop
      vertex -5.78104 -10.5157 4
      vertex -7.70806 -14.0209 4
      vertex -6.42992 -10.1319 4
    endloop
  endfacet
  facet normal 0 0 -1
    outer loop
      vertex -8.57323 -13.5092 4
      vertex -6.42992 -10.1319 4
      vertex -7.70806 -14.0209 4
    endloop
  endfacet
  facet normal -0 0 -1
    outer loop
      vertex -6.42992 -10.1319 4
      vertex -8.57323 -13.5092 4
      vertex -7.05342 -9.7082 4
    endloop
  endfacet
  facet normal 0 0 -1
    outer loop
      vertex -9.40456 -12.9443 4
      vertex -7.05342 -9.7082 4
      vertex -8.57323 -13.5092 4
    endloop
  endfacet
  facet normal -0 0 -1
    outer loop
      vertex -7.05342 -9.7082 4
      vertex -9.40456 -12.9443 4
      vertex -7.64909 -9.24616 4
    endloop
  endfacet
  facet normal 0 0 -1
    outer loop
      vertex -10.1988 -12.3282 4
      vertex -7.64909 -9.24616 4
      vertex -9.40456 -12.9443 4
    endloop
  endfacet
  facet normal -0 0 -1
    outer loop
      vertex -7.64909 -9.24616 4
      vertex -10.1988 -12.3282 4
      vertex -8.21456 -8.74762 4
    endloop
  endfacet
  facet normal 0 0 -1
    outer loop
      vertex -10.9528 -11.6635 4
      vertex -8.21456 -8.74762 4
      vertex -10.1988 -12.3282 4
    endloop
  endfacet
  facet normal -0 0 -1
    outer loop
      vertex -8.21456 -8.74762 4
      vertex -10.9528 -11.6635 4
      vertex -8.74762 -8.21456 4
    endloop
  endfacet
  facet normal 0 0 -1
    outer loop
      vertex -11.6635 -10.9528 4
      vertex -8.74762 -8.21456 4
      vertex -10.9528 -11.6635 4
    endloop
  endfacet
  facet normal -0 0 -1
    outer loop
      vertex -8.74762 -8.21456 4
      vertex -11.6635 -10.9528 4
      vertex -9.24616 -7.64909 4
    endloop
  endfacet
  facet normal 0 0 -1
    outer loop
      vertex -12.3282 -10.1988 4
      vertex -9.24616 -7.64909 4
      vertex -11.6635 -10.9528 4
    endloop
  endfacet
  facet normal -0 0 -1
    outer loop
      vertex -9.24616 -7.64909 4
      vertex -12.3282 -10.1988 4
      vertex -9.7082 -7.05342 4
    endloop
  endfacet
  facet normal 0 0 -1
    outer loop
      vertex -12.9443 -9.40456 4
      vertex -9.7082 -7.05342 4
      vertex -12.3282 -10.1988 4
    endloop
  endfacet
  facet normal -0 0 -1
    outer loop
      vertex -9.7082 -7.05342 4
      vertex -12.9443 -9.40456 4
      vertex -10.1319 -6.42992 4
    endloop
  endfacet
  facet normal 0 0 -1
    outer loop
      vertex -13.5092 -8.57323 4
      vertex -10.1319 -6.42992 4
      vertex -12.9443 -9.40456 4
    endloop
  endfacet
  facet normal -0 0 -1
    outer loop
      vertex -10.1319 -6.42992 4
      vertex -13.5092 -8.57323 4
      vertex -10.5157 -5.78104 4
    endloop
  endfacet
  facet normal 0 0 -1
    outer loop
      vertex -14.0209 -7.70806 4
      vertex -10.5157 -5.78104 4
      vertex -13.5092 -8.57323 4
    endloop
  endfacet
  facet normal -0 0 -1
    outer loop
      vertex -10.5157 -5.78104 4
      vertex -14.0209 -7.70806 4
      vertex -10.8579 -5.10935 4
    endloop
  endfacet
  facet normal 0 0 -1
    outer loop
      vertex -14.4772 -6.81247 4
      vertex -10.8579 -5.10935 4
      vertex -14.0209 -7.70806 4
    endloop
  endfacet
  facet normal -0 0 -1
    outer loop
      vertex -10.8579 -5.10935 4
      vertex -14.4772 -6.81247 4
      vertex -11.1573 -4.41749 4
    endloop
  endfacet
  facet normal 0 0 -1
    outer loop
      vertex -14.8764 -5.88999 4
      vertex -11.1573 -4.41749 4
      vertex -14.4772 -6.81247 4
    endloop
  endfacet
  facet normal -0 0 -1
    outer loop
      vertex -11.1573 -4.41749 4
      vertex -14.8764 -5.88999 4
      vertex -11.4127 -3.7082 4
    endloop
  endfacet
  facet normal 0 0 -1
    outer loop
      vertex 11.1573 4.41749 4
      vertex 14.8764 5.88999 4
      vertex 11.4127 3.7082 4
    endloop
  endfacet
  facet normal -0 0 -1
    outer loop
      vertex 14.8764 5.88999 4
      vertex 11.1573 4.41749 4
      vertex 14.4772 6.81247 4
    endloop
  endfacet
  facet normal 0 0 -1
    outer loop
      vertex 10.8579 5.10935 4
      vertex 14.4772 6.81247 4
      vertex 11.1573 4.41749 4
    endloop
  endfacet
  facet normal -0 0 -1
    outer loop
      vertex 14.4772 6.81247 4
      vertex 10.8579 5.10935 4
      vertex 14.0209 7.70806 4
    endloop
  endfacet
  facet normal 0 0 -1
    outer loop
      vertex 10.5157 5.78104 4
      vertex 14.0209 7.70806 4
      vertex 10.8579 5.10935 4
    endloop
  endfacet
  facet normal -0 0 -1
    outer loop
      vertex 14.0209 7.70806 4
      vertex 10.5157 5.78104 4
      vertex 13.5092 8.57323 4
    endloop
  endfacet
  facet normal 0 0 -1
    outer loop
      vertex 10.1319 6.42992 4
      vertex 13.5092 8.57323 4
      vertex 10.5157 5.78104 4
    endloop
  endfacet
  facet normal -0 0 -1
    outer loop
      vertex 13.5092 8.57323 4
      vertex 10.1319 6.42992 4
      vertex 12.9443 9.40456 4
    endloop
  endfacet
  facet normal 0 0 -1
    outer loop
      vertex 9.7082 7.05342 4
      vertex 12.9443 9.40456 4
      vertex 10.1319 6.42992 4
    endloop
  endfacet
  facet normal -0 0 -1
    outer loop
      vertex 12.9443 9.40456 4
      vertex 9.7082 7.05342 4
      vertex 12.3282 10.1988 4
    endloop
  endfacet
  facet normal 0 0 -1
    outer loop
      vertex 9.24616 7.64909 4
      vertex 12.3282 10.1988 4
      vertex 9.7082 7.05342 4
    endloop
  endfacet
  facet normal -0 0 -1
    outer loop
      vertex 12.3282 10.1988 4
      vertex 9.24616 7.64909 4
      vertex 11.6635 10.9528 4
    endloop
  endfacet
  facet normal 0 0 -1
    outer loop
      vertex 8.74762 8.21456 4
      vertex 11.6635 10.9528 4
      vertex 9.24616 7.64909 4
    endloop
  endfacet
  facet normal -0 0 -1
    outer loop
      vertex 11.6635 10.9528 4
      vertex 8.74762 8.21456 4
      vertex 10.9528 11.6635 4
    endloop
  endfacet
  facet normal 0 0 -1
    outer loop
      vertex 8.21456 8.74762 4
      vertex 10.9528 11.6635 4
      vertex 8.74762 8.21456 4
    endloop
  endfacet
  facet normal -0 0 -1
    outer loop
      vertex 10.9528 11.6635 4
      vertex 8.21456 8.74762 4
      vertex 10.1988 12.3282 4
    endloop
  endfacet
  facet normal 0 0 -1
    outer loop
      vertex 7.64909 9.24616 4
      vertex 10.1988 12.3282 4
      vertex 8.21456 8.74762 4
    endloop
  endfacet
  facet normal -0 0 -1
    outer loop
      vertex 10.1988 12.3282 4
      vertex 7.64909 9.24616 4
      vertex 9.40456 12.9443 4
    endloop
  endfacet
  facet normal 0 0 -1
    outer loop
      vertex 7.05342 9.7082 4
      vertex 9.40456 12.9443 4
      vertex 7.64909 9.24616 4
    endloop
  endfacet
  facet normal -0 0 -1
    outer loop
      vertex 9.40456 12.9443 4
      vertex 7.05342 9.7082 4
      vertex 8.57323 13.5092 4
    endloop
  endfacet
  facet normal 0 0 -1
    outer loop
      vertex 6.42992 10.1319 4
      vertex 8.57323 13.5092 4
      vertex 7.05342 9.7082 4
    endloop
  endfacet
  facet normal -0 0 -1
    outer loop
      vertex 8.57323 13.5092 4
      vertex 6.42992 10.1319 4
      vertex 7.70806 14.0209 4
    endloop
  endfacet
  facet normal 0 0 -1
    outer loop
      vertex 5.78104 10.5157 4
      vertex 7.70806 14.0209 4
      vertex 6.42992 10.1319 4
    endloop
  endfacet
  facet normal -0 0 -1
    outer loop
      vertex 7.70806 14.0209 4
      vertex 5.78104 10.5157 4
      vertex 6.81247 14.4772 4
    endloop
  endfacet
  facet normal 0 0 -1
    outer loop
      vertex 5.10935 10.8579 4
      vertex 6.81247 14.4772 4
      vertex 5.78104 10.5157 4
    endloop
  endfacet
  facet normal -0 0 -1
    outer loop
      vertex 6.81247 14.4772 4
      vertex 5.10935 10.8579 4
      vertex 5.88999 14.8764 4
    endloop
  endfacet
  facet normal 0 0 -1
    outer loop
      vertex 4.41749 11.1573 4
      vertex 5.88999 14.8764 4
      vertex 5.10935 10.8579 4
    endloop
  endfacet
  facet normal -0 0 -1
    outer loop
      vertex 5.88999 14.8764 4
      vertex 4.41749 11.1573 4
      vertex 4.94427 15.2169 4
    endloop
  endfacet
  facet normal 0 0 -1
    outer loop
      vertex 3.7082 11.4127 4
      vertex 4.94427 15.2169 4
      vertex 4.41749 11.1573 4
    endloop
  endfacet
  facet normal -0 0 -1
    outer loop
      vertex 4.94427 15.2169 4
      vertex 3.7082 11.4127 4
      vertex 3.97904 15.4973 4
    endloop
  endfacet
  facet normal 0 0 -1
    outer loop
      vertex 2.98428 11.623 4
      vertex 3.97904 15.4973 4
      vertex 3.7082 11.4127 4
    endloop
  endfacet
  facet normal -0 0 -1
    outer loop
      vertex 3.97904 15.4973 4
      vertex 2.98428 11.623 4
      vertex 2.9981 15.7166 4
    endloop
  endfacet
  facet normal 0 0 -1
    outer loop
      vertex 2.24858 11.7874 4
      vertex 2.9981 15.7166 4
      vertex 2.98428 11.623 4
    endloop
  endfacet
  facet normal 0 0 -1
    outer loop
      vertex 2.24858 11.7874 4
      vertex 2.00533 15.8738 4
      vertex 2.9981 15.7166 4
    endloop
  endfacet
  facet normal 0 0 -1
    outer loop
      vertex 1.504 11.9054 4
      vertex 2.00533 15.8738 4
      vertex 2.24858 11.7874 4
    endloop
  endfacet
  facet normal 0 0 -1
    outer loop
      vertex 1.504 11.9054 4
      vertex 1.00465 15.9684 4
      vertex 2.00533 15.8738 4
    endloop
  endfacet
  facet normal 0 0 -1
    outer loop
      vertex 0.753486 11.9763 4
      vertex 1.00465 15.9684 4
      vertex 1.504 11.9054 4
    endloop
  endfacet
  facet normal 0 0 -1
    outer loop
      vertex 0 12 4
      vertex 1.00465 15.9684 4
      vertex 0.753486 11.9763 4
    endloop
  endfacet
  facet normal 0 0 -1
    outer loop
      vertex 0 12 4
      vertex 0 16 4
      vertex 1.00465 15.9684 4
    endloop
  endfacet
  facet normal 0 0 -1
    outer loop
      vertex -0.753486 11.9763 4
      vertex 0 16 4
      vertex 0 12 4
    endloop
  endfacet
  facet normal 0 0 -1
    outer loop
      vertex -0.753486 11.9763 4
      vertex -1.00465 15.9684 4
      vertex 0 16 4
    endloop
  endfacet
  facet normal 0 0 -1
    outer loop
      vertex -1.504 11.9054 4
      vertex -1.00465 15.9684 4
      vertex -0.753486 11.9763 4
    endloop
  endfacet
  facet normal 0 0 -1
    outer loop
      vertex -1.504 11.9054 4
      vertex -2.00533 15.8738 4
      vertex -1.00465 15.9684 4
    endloop
  endfacet
  facet normal 0 0 -1
    outer loop
      vertex -2.24858 11.7874 4
      vertex -2.00533 15.8738 4
      vertex -1.504 11.9054 4
    endloop
  endfacet
  facet normal 0 0 -1
    outer loop
      vertex -2.9981 15.7166 4
      vertex -2.24858 11.7874 4
      vertex -2.98428 11.623 4
    endloop
  endfacet
  facet normal 0 0 -1
    outer loop
      vertex -2.24858 11.7874 4
      vertex -2.9981 15.7166 4
      vertex -2.00533 15.8738 4
    endloop
  endfacet
  facet normal 0 0 -1
    outer loop
      vertex -3.97904 15.4973 4
      vertex -2.98428 11.623 4
      vertex -3.7082 11.4127 4
    endloop
  endfacet
  facet normal 0 0 -1
    outer loop
      vertex -2.98428 11.623 4
      vertex -3.97904 15.4973 4
      vertex -2.9981 15.7166 4
    endloop
  endfacet
  facet normal 0 0 -1
    outer loop
      vertex -4.94427 15.2169 4
      vertex -3.7082 11.4127 4
      vertex -4.41749 11.1573 4
    endloop
  endfacet
  facet normal 0 0 -1
    outer loop
      vertex -3.7082 11.4127 4
      vertex -4.94427 15.2169 4
      vertex -3.97904 15.4973 4
    endloop
  endfacet
  facet normal 0 0 -1
    outer loop
      vertex -5.88999 14.8764 4
      vertex -4.41749 11.1573 4
      vertex -5.10935 10.8579 4
    endloop
  endfacet
  facet normal 0 0 -1
    outer loop
      vertex -6.81247 14.4772 4
      vertex -5.10935 10.8579 4
      vertex -5.78104 10.5157 4
    endloop
  endfacet
  facet normal 0 0 -1
    outer loop
      vertex -4.41749 11.1573 4
      vertex -5.88999 14.8764 4
      vertex -4.94427 15.2169 4
    endloop
  endfacet
  facet normal 0 0 -1
    outer loop
      vertex -7.70806 14.0209 4
      vertex -5.78104 10.5157 4
      vertex -6.42992 10.1319 4
    endloop
  endfacet
  facet normal 0 0 -1
    outer loop
      vertex -5.10935 10.8579 4
      vertex -6.81247 14.4772 4
      vertex -5.88999 14.8764 4
    endloop
  endfacet
  facet normal 0 0 -1
    outer loop
      vertex -8.57323 13.5092 4
      vertex -6.42992 10.1319 4
      vertex -7.05342 9.7082 4
    endloop
  endfacet
  facet normal 0 0 -1
    outer loop
      vertex -9.40456 12.9443 4
      vertex -7.05342 9.7082 4
      vertex -7.64909 9.24616 4
    endloop
  endfacet
  facet normal 0 0 -1
    outer loop
      vertex -5.78104 10.5157 4
      vertex -7.70806 14.0209 4
      vertex -6.81247 14.4772 4
    endloop
  endfacet
  facet normal 0 0 -1
    outer loop
      vertex -10.1988 12.3282 4
      vertex -7.64909 9.24616 4
      vertex -8.21456 8.74762 4
    endloop
  endfacet
  facet normal 0 0 -1
    outer loop
      vertex -6.42992 10.1319 4
      vertex -8.57323 13.5092 4
      vertex -7.70806 14.0209 4
    endloop
  endfacet
  facet normal 0 0 -1
    outer loop
      vertex -10.9528 11.6635 4
      vertex -8.21456 8.74762 4
      vertex -8.74762 8.21456 4
    endloop
  endfacet
  facet normal 0 0 -1
    outer loop
      vertex -11.6635 10.9528 4
      vertex -8.74762 8.21456 4
      vertex -9.24616 7.64909 4
    endloop
  endfacet
  facet normal 0 0 -1
    outer loop
      vertex -7.05342 9.7082 4
      vertex -9.40456 12.9443 4
      vertex -8.57323 13.5092 4
    endloop
  endfacet
  facet normal 0 0 -1
    outer loop
      vertex -12.3282 10.1988 4
      vertex -9.24616 7.64909 4
      vertex -9.7082 7.05342 4
    endloop
  endfacet
  facet normal 0 0 -1
    outer loop
      vertex -12.9443 9.40456 4
      vertex -9.7082 7.05342 4
      vertex -10.1319 6.42992 4
    endloop
  endfacet
  facet normal 0 0 -1
    outer loop
      vertex -7.64909 9.24616 4
      vertex -10.1988 12.3282 4
      vertex -9.40456 12.9443 4
    endloop
  endfacet
  facet normal 0 0 -1
    outer loop
      vertex -13.5092 8.57323 4
      vertex -10.1319 6.42992 4
      vertex -10.5157 5.78104 4
    endloop
  endfacet
  facet normal 0 0 -1
    outer loop
      vertex -14.0209 7.70806 4
      vertex -10.5157 5.78104 4
      vertex -10.8579 5.10935 4
    endloop
  endfacet
  facet normal 0 0 -1
    outer loop
      vertex -8.21456 8.74762 4
      vertex -10.9528 11.6635 4
      vertex -10.1988 12.3282 4
    endloop
  endfacet
  facet normal 0 0 -1
    outer loop
      vertex -14.4772 6.81247 4
      vertex -10.8579 5.10935 4
      vertex -11.1573 4.41749 4
    endloop
  endfacet
  facet normal 0 0 -1
    outer loop
      vertex -14.8764 5.88999 4
      vertex -11.1573 4.41749 4
      vertex -11.4127 3.7082 4
    endloop
  endfacet
  facet normal 0 0 -1
    outer loop
      vertex -15.2169 4.94427 4
      vertex -11.4127 3.7082 4
      vertex -11.623 2.98428 4
    endloop
  endfacet
  facet normal 0 0 -1
    outer loop
      vertex -8.74762 8.21456 4
      vertex -11.6635 10.9528 4
      vertex -10.9528 11.6635 4
    endloop
  endfacet
  facet normal 0 0 -1
    outer loop
      vertex -15.4973 3.97904 4
      vertex -11.623 2.98428 4
      vertex -11.7874 2.24858 4
    endloop
  endfacet
  facet normal 0 0 -1
    outer loop
      vertex -15.7166 2.9981 4
      vertex -11.7874 2.24858 4
      vertex -11.9054 1.504 4
    endloop
  endfacet
  facet normal 0 0 -1
    outer loop
      vertex -15.8738 2.00533 4
      vertex -11.9054 1.504 4
      vertex -11.9763 0.753486 4
    endloop
  endfacet
  facet normal 0 0 -1
    outer loop
      vertex -15.9684 1.00465 4
      vertex -11.9763 0.753486 4
      vertex -12 0 4
    endloop
  endfacet
  facet normal 0 0 -1
    outer loop
      vertex -15.2169 -4.94427 4
      vertex -11.4127 -3.7082 4
      vertex -14.8764 -5.88999 4
    endloop
  endfacet
  facet normal 0 0 -1
    outer loop
      vertex -9.24616 7.64909 4
      vertex -12.3282 10.1988 4
      vertex -11.6635 10.9528 4
    endloop
  endfacet
  facet normal -0 0 -1
    outer loop
      vertex -11.4127 -3.7082 4
      vertex -15.2169 -4.94427 4
      vertex -11.623 -2.98428 4
    endloop
  endfacet
  facet normal 0 0 -1
    outer loop
      vertex -9.7082 7.05342 4
      vertex -12.9443 9.40456 4
      vertex -12.3282 10.1988 4
    endloop
  endfacet
  facet normal 0 0 -1
    outer loop
      vertex -15.4973 -3.97904 4
      vertex -11.623 -2.98428 4
      vertex -15.2169 -4.94427 4
    endloop
  endfacet
  facet normal 0 0 -1
    outer loop
      vertex -10.1319 6.42992 4
      vertex -13.5092 8.57323 4
      vertex -12.9443 9.40456 4
    endloop
  endfacet
  facet normal -0 0 -1
    outer loop
      vertex -11.623 -2.98428 4
      vertex -15.4973 -3.97904 4
      vertex -11.7874 -2.24858 4
    endloop
  endfacet
  facet normal 0 0 -1
    outer loop
      vertex -10.5157 5.78104 4
      vertex -14.0209 7.70806 4
      vertex -13.5092 8.57323 4
    endloop
  endfacet
  facet normal 0 0 -1
    outer loop
      vertex -15.7166 -2.9981 4
      vertex -11.7874 -2.24858 4
      vertex -15.4973 -3.97904 4
    endloop
  endfacet
  facet normal 0 0 -1
    outer loop
      vertex -10.8579 5.10935 4
      vertex -14.4772 6.81247 4
      vertex -14.0209 7.70806 4
    endloop
  endfacet
  facet normal -0 0 -1
    outer loop
      vertex -11.7874 -2.24858 4
      vertex -15.7166 -2.9981 4
      vertex -11.9054 -1.504 4
    endloop
  endfacet
  facet normal 0 0 -1
    outer loop
      vertex -11.1573 4.41749 4
      vertex -14.8764 5.88999 4
      vertex -14.4772 6.81247 4
    endloop
  endfacet
  facet normal 0 0 -1
    outer loop
      vertex -15.8738 -2.00533 4
      vertex -11.9054 -1.504 4
      vertex -15.7166 -2.9981 4
    endloop
  endfacet
  facet normal 0 0 -1
    outer loop
      vertex -11.4127 3.7082 4
      vertex -15.2169 4.94427 4
      vertex -14.8764 5.88999 4
    endloop
  endfacet
  facet normal -0 0 -1
    outer loop
      vertex -11.9054 -1.504 4
      vertex -15.8738 -2.00533 4
      vertex -11.9763 -0.753486 4
    endloop
  endfacet
  facet normal 0 0 -1
    outer loop
      vertex -11.623 2.98428 4
      vertex -15.4973 3.97904 4
      vertex -15.2169 4.94427 4
    endloop
  endfacet
  facet normal 0 0 -1
    outer loop
      vertex -15.9684 -1.00465 4
      vertex -11.9763 -0.753486 4
      vertex -15.8738 -2.00533 4
    endloop
  endfacet
  facet normal 0 0 -1
    outer loop
      vertex -11.7874 2.24858 4
      vertex -15.7166 2.9981 4
      vertex -15.4973 3.97904 4
    endloop
  endfacet
  facet normal -0 0 -1
    outer loop
      vertex -11.9763 -0.753486 4
      vertex -15.9684 -1.00465 4
      vertex -12 0 4
    endloop
  endfacet
  facet normal 0 0 -1
    outer loop
      vertex -11.9054 1.504 4
      vertex -15.8738 2.00533 4
      vertex -15.7166 2.9981 4
    endloop
  endfacet
  facet normal 0 0 -1
    outer loop
      vertex -16 0 4
      vertex -12 0 4
      vertex -15.9684 -1.00465 4
    endloop
  endfacet
  facet normal 0 0 -1
    outer loop
      vertex -11.9763 0.753486 4
      vertex -15.9684 1.00465 4
      vertex -15.8738 2.00533 4
    endloop
  endfacet
  facet normal 0 0 -1
    outer loop
      vertex -12 0 4
      vertex -16 0 4
      vertex -15.9684 1.00465 4
    endloop
  endfacet
  facet normal 0.860725 -0.509071 0
    outer loop
      vertex -14.0209 7.70806 4
      vertex -13.5092 8.57323 0
      vertex -13.5092 8.57323 4
    endloop
  endfacet
  facet normal 0.860725 -0.509071 0
    outer loop
      vertex -13.5092 8.57323 0
      vertex -14.0209 7.70806 4
      vertex -14.0209 7.70806 0
    endloop
  endfacet
  facet normal -0.995567 -0.0940499 0
    outer loop
      vertex 11.9763 0.753486 4
      vertex 11.9054 1.504 8
      vertex 11.9054 1.504 4
    endloop
  endfacet
  facet normal -0.995567 -0.0940499 0
    outer loop
      vertex 11.9054 1.504 8
      vertex 11.9763 0.753486 4
      vertex 11.9763 0.753486 8
    endloop
  endfacet
  facet normal -0.999506 -0.0314383 0
    outer loop
      vertex 12 0 4
      vertex 11.9763 0.753486 8
      vertex 11.9763 0.753486 4
    endloop
  endfacet
  facet normal -0.999506 -0.0314383 0
    outer loop
      vertex 11.9763 0.753486 8
      vertex 12 0 4
      vertex 12 0 8
    endloop
  endfacet
  facet normal -0.987674 -0.156525 0
    outer loop
      vertex 11.9054 1.504 4
      vertex 11.7874 2.24858 8
      vertex 11.7874 2.24858 4
    endloop
  endfacet
  facet normal -0.987674 -0.156525 0
    outer loop
      vertex 11.7874 2.24858 8
      vertex 11.9054 1.504 4
      vertex 11.9054 1.504 8
    endloop
  endfacet
  facet normal 0.860711 -0.509094 0
    outer loop
      vertex -10.5157 5.78104 8
      vertex -10.1319 6.42992 4
      vertex -10.1319 6.42992 8
    endloop
  endfacet
  facet normal 0.860711 -0.509094 0
    outer loop
      vertex -10.1319 6.42992 4
      vertex -10.5157 5.78104 8
      vertex -10.5157 5.78104 4
    endloop
  endfacet
  facet normal 0.97593 0.218082 0
    outer loop
      vertex -11.623 -2.98428 8
      vertex -11.7874 -2.24858 4
      vertex -11.7874 -2.24858 8
    endloop
  endfacet
  facet normal 0.97593 0.218082 0
    outer loop
      vertex -11.7874 -2.24858 4
      vertex -11.623 -2.98428 8
      vertex -11.623 -2.98428 4
    endloop
  endfacet
  facet normal 0.338785 0.940864 -0
    outer loop
      vertex -3.7082 -11.4127 4
      vertex -4.41749 -11.1573 8
      vertex -3.7082 -11.4127 8
    endloop
  endfacet
  facet normal 0.338785 0.940864 0
    outer loop
      vertex -4.41749 -11.1573 8
      vertex -3.7082 -11.4127 4
      vertex -4.41749 -11.1573 4
    endloop
  endfacet
  facet normal 0.940864 -0.338785 0
    outer loop
      vertex -11.4127 3.7082 8
      vertex -11.1573 4.41749 4
      vertex -11.1573 4.41749 8
    endloop
  endfacet
  facet normal 0.940864 -0.338785 0
    outer loop
      vertex -11.1573 4.41749 4
      vertex -11.4127 3.7082 8
      vertex -11.4127 3.7082 4
    endloop
  endfacet
  facet normal -0.97593 -0.218082 0
    outer loop
      vertex 11.7874 2.24858 4
      vertex 11.623 2.98428 8
      vertex 11.623 2.98428 4
    endloop
  endfacet
  facet normal -0.97593 -0.218082 0
    outer loop
      vertex 11.623 2.98428 8
      vertex 11.7874 2.24858 4
      vertex 11.7874 2.24858 8
    endloop
  endfacet
  facet normal -0.0314383 0.999506 0
    outer loop
      vertex 0.753486 -11.9763 4
      vertex 0 -12 8
      vertex 0.753486 -11.9763 8
    endloop
  endfacet
  facet normal -0.0314383 0.999506 0
    outer loop
      vertex 0 -12 8
      vertex 0.753486 -11.9763 4
      vertex 0 -12 4
    endloop
  endfacet
  facet normal -0.790161 0.6129 0
    outer loop
      vertex 9.24616 -7.64909 4
      vertex 9.7082 -7.05342 8
      vertex 9.7082 -7.05342 4
    endloop
  endfacet
  facet normal -0.790161 0.6129 0
    outer loop
      vertex 9.7082 -7.05342 8
      vertex 9.24616 -7.64909 4
      vertex 9.24616 -7.64909 8
    endloop
  endfacet
  facet normal 0.987674 0.156525 0
    outer loop
      vertex -11.7874 -2.24858 8
      vertex -11.9054 -1.504 4
      vertex -11.9054 -1.504 8
    endloop
  endfacet
  facet normal 0.987674 0.156525 0
    outer loop
      vertex -11.9054 -1.504 4
      vertex -11.7874 -2.24858 8
      vertex -11.7874 -2.24858 4
    endloop
  endfacet
  facet normal -0.0940499 0.995567 0
    outer loop
      vertex 1.504 -11.9054 4
      vertex 0.753486 -11.9763 8
      vertex 1.504 -11.9054 8
    endloop
  endfacet
  facet normal -0.0940499 0.995567 0
    outer loop
      vertex 0.753486 -11.9763 8
      vertex 1.504 -11.9054 4
      vertex 0.753486 -11.9763 4
    endloop
  endfacet
  facet normal 0.917752 -0.397154 0
    outer loop
      vertex -11.1573 4.41749 8
      vertex -10.8579 5.10935 4
      vertex -10.8579 5.10935 8
    endloop
  endfacet
  facet normal 0.917752 -0.397154 0
    outer loop
      vertex -10.8579 5.10935 4
      vertex -11.1573 4.41749 8
      vertex -11.1573 4.41749 4
    endloop
  endfacet
  facet normal -0.790161 -0.6129 0
    outer loop
      vertex 9.7082 7.05342 4
      vertex 9.24616 7.64909 8
      vertex 9.24616 7.64909 4
    endloop
  endfacet
  facet normal -0.790161 -0.6129 0
    outer loop
      vertex 9.24616 7.64909 8
      vertex 9.7082 7.05342 4
      vertex 9.7082 7.05342 8
    endloop
  endfacet
  facet normal 0.827099 0.562056 0
    outer loop
      vertex -9.7082 -7.05342 8
      vertex -10.1319 -6.42992 4
      vertex -10.1319 -6.42992 8
    endloop
  endfacet
  facet normal 0.827099 0.562056 0
    outer loop
      vertex -10.1319 -6.42992 4
      vertex -9.7082 -7.05342 8
      vertex -9.7082 -7.05342 4
    endloop
  endfacet
  facet normal 0.218082 -0.97593 0
    outer loop
      vertex -2.98428 11.623 4
      vertex -2.24858 11.7874 8
      vertex -2.98428 11.623 8
    endloop
  endfacet
  facet normal 0.218082 -0.97593 0
    outer loop
      vertex -2.24858 11.7874 8
      vertex -2.98428 11.623 4
      vertex -2.24858 11.7874 4
    endloop
  endfacet
  facet normal -0.278969 -0.9603 0
    outer loop
      vertex 2.98428 11.623 4
      vertex 3.7082 11.4127 8
      vertex 2.98428 11.623 8
    endloop
  endfacet
  facet normal -0.278969 -0.9603 -0
    outer loop
      vertex 3.7082 11.4127 8
      vertex 2.98428 11.623 4
      vertex 3.7082 11.4127 4
    endloop
  endfacet
  facet normal 0.999506 0.0314383 0
    outer loop
      vertex -11.9763 -0.753486 8
      vertex -12 0 4
      vertex -12 0 8
    endloop
  endfacet
  facet normal 0.999506 0.0314383 0
    outer loop
      vertex -12 0 4
      vertex -11.9763 -0.753486 8
      vertex -11.9763 -0.753486 4
    endloop
  endfacet
  facet normal 0.940864 0.338785 0
    outer loop
      vertex -11.1573 -4.41749 8
      vertex -11.4127 -3.7082 4
      vertex -11.4127 -3.7082 8
    endloop
  endfacet
  facet normal 0.940864 0.338785 0
    outer loop
      vertex -11.4127 -3.7082 4
      vertex -11.1573 -4.41749 8
      vertex -11.1573 -4.41749 4
    endloop
  endfacet
  facet normal -0.0940499 -0.995567 0
    outer loop
      vertex 0.753486 11.9763 4
      vertex 1.504 11.9054 8
      vertex 0.753486 11.9763 8
    endloop
  endfacet
  facet normal -0.0940499 -0.995567 -0
    outer loop
      vertex 1.504 11.9054 8
      vertex 0.753486 11.9763 4
      vertex 1.504 11.9054 4
    endloop
  endfacet
  facet normal -0.860711 -0.509094 0
    outer loop
      vertex 10.5157 5.78104 4
      vertex 10.1319 6.42992 8
      vertex 10.1319 6.42992 4
    endloop
  endfacet
  facet normal -0.860711 -0.509094 0
    outer loop
      vertex 10.1319 6.42992 8
      vertex 10.5157 5.78104 4
      vertex 10.5157 5.78104 8
    endloop
  endfacet
  facet normal 0.790161 -0.6129 0
    outer loop
      vertex -9.7082 7.05342 8
      vertex -9.24616 7.64909 4
      vertex -9.24616 7.64909 8
    endloop
  endfacet
  facet normal 0.790161 -0.6129 0
    outer loop
      vertex -9.24616 7.64909 4
      vertex -9.7082 7.05342 8
      vertex -9.7082 7.05342 4
    endloop
  endfacet
  facet normal 0.750104 0.66132 0
    outer loop
      vertex -8.74762 -8.21456 8
      vertex -9.24616 -7.64909 4
      vertex -9.24616 -7.64909 8
    endloop
  endfacet
  facet normal 0.750104 0.66132 0
    outer loop
      vertex -9.24616 -7.64909 4
      vertex -8.74762 -8.21456 8
      vertex -8.74762 -8.21456 4
    endloop
  endfacet
  facet normal -0.66132 -0.750104 0
    outer loop
      vertex 7.64909 9.24616 4
      vertex 8.21456 8.74762 8
      vertex 7.64909 9.24616 8
    endloop
  endfacet
  facet normal -0.66132 -0.750104 -0
    outer loop
      vertex 8.21456 8.74762 8
      vertex 7.64909 9.24616 4
      vertex 8.21456 8.74762 4
    endloop
  endfacet
  facet normal -0.218082 0.97593 0
    outer loop
      vertex 2.98428 -11.623 4
      vertex 2.24858 -11.7874 8
      vertex 2.98428 -11.623 8
    endloop
  endfacet
  facet normal -0.218082 0.97593 0
    outer loop
      vertex 2.24858 -11.7874 8
      vertex 2.98428 -11.623 4
      vertex 2.24858 -11.7874 4
    endloop
  endfacet
  facet normal -0.940864 0.338785 0
    outer loop
      vertex 11.1573 -4.41749 4
      vertex 11.4127 -3.7082 8
      vertex 11.4127 -3.7082 4
    endloop
  endfacet
  facet normal -0.940864 0.338785 0
    outer loop
      vertex 11.4127 -3.7082 8
      vertex 11.1573 -4.41749 4
      vertex 11.1573 -4.41749 8
    endloop
  endfacet
  facet normal -0.827099 -0.562056 0
    outer loop
      vertex 10.1319 6.42992 4
      vertex 9.7082 7.05342 8
      vertex 9.7082 7.05342 4
    endloop
  endfacet
  facet normal -0.827099 -0.562056 0
    outer loop
      vertex 9.7082 7.05342 8
      vertex 10.1319 6.42992 4
      vertex 10.1319 6.42992 8
    endloop
  endfacet
  facet normal -0.397154 -0.917752 0
    outer loop
      vertex 4.41749 11.1573 4
      vertex 5.10935 10.8579 8
      vertex 4.41749 11.1573 8
    endloop
  endfacet
  facet normal -0.397154 -0.917752 -0
    outer loop
      vertex 5.10935 10.8579 8
      vertex 4.41749 11.1573 4
      vertex 5.10935 10.8579 4
    endloop
  endfacet
  facet normal -0.397154 0.917752 0
    outer loop
      vertex 5.10935 -10.8579 4
      vertex 4.41749 -11.1573 8
      vertex 5.10935 -10.8579 8
    endloop
  endfacet
  facet normal -0.397154 0.917752 0
    outer loop
      vertex 4.41749 -11.1573 8
      vertex 5.10935 -10.8579 4
      vertex 4.41749 -11.1573 4
    endloop
  endfacet
  facet normal 0.562056 -0.827099 0
    outer loop
      vertex -7.05342 9.7082 4
      vertex -6.42992 10.1319 8
      vertex -7.05342 9.7082 8
    endloop
  endfacet
  facet normal 0.562056 -0.827099 0
    outer loop
      vertex -6.42992 10.1319 8
      vertex -7.05342 9.7082 4
      vertex -6.42992 10.1319 4
    endloop
  endfacet
  facet normal -0.0314383 -0.999506 0
    outer loop
      vertex 0 12 4
      vertex 0.753486 11.9763 8
      vertex 0 12 8
    endloop
  endfacet
  facet normal -0.0314383 -0.999506 -0
    outer loop
      vertex 0.753486 11.9763 8
      vertex 0 12 4
      vertex 0.753486 11.9763 4
    endloop
  endfacet
  facet normal -0.97593 0.218082 0
    outer loop
      vertex 11.623 -2.98428 4
      vertex 11.7874 -2.24858 8
      vertex 11.7874 -2.24858 4
    endloop
  endfacet
  facet normal -0.97593 0.218082 0
    outer loop
      vertex 11.7874 -2.24858 8
      vertex 11.623 -2.98428 4
      vertex 11.623 -2.98428 8
    endloop
  endfacet
  facet normal -0.562056 -0.827099 0
    outer loop
      vertex 6.42992 10.1319 4
      vertex 7.05342 9.7082 8
      vertex 6.42992 10.1319 8
    endloop
  endfacet
  facet normal -0.562056 -0.827099 -0
    outer loop
      vertex 7.05342 9.7082 8
      vertex 6.42992 10.1319 4
      vertex 7.05342 9.7082 4
    endloop
  endfacet
  facet normal -0.995567 0.0940499 0
    outer loop
      vertex 11.9054 -1.504 4
      vertex 11.9763 -0.753486 8
      vertex 11.9763 -0.753486 4
    endloop
  endfacet
  facet normal -0.995567 0.0940499 0
    outer loop
      vertex 11.9763 -0.753486 8
      vertex 11.9054 -1.504 4
      vertex 11.9054 -1.504 8
    endloop
  endfacet
  facet normal 0.0314383 0.999506 -0
    outer loop
      vertex 0 -12 4
      vertex -0.753486 -11.9763 8
      vertex 0 -12 8
    endloop
  endfacet
  facet normal 0.0314383 0.999506 0
    outer loop
      vertex -0.753486 -11.9763 8
      vertex 0 -12 4
      vertex -0.753486 -11.9763 4
    endloop
  endfacet
  facet normal 0.6129 -0.790161 0
    outer loop
      vertex -7.64909 9.24616 4
      vertex -7.05342 9.7082 8
      vertex -7.64909 9.24616 8
    endloop
  endfacet
  facet normal 0.6129 -0.790161 0
    outer loop
      vertex -7.05342 9.7082 8
      vertex -7.64909 9.24616 4
      vertex -7.05342 9.7082 4
    endloop
  endfacet
  facet normal 0.995567 -0.0940499 0
    outer loop
      vertex -11.9763 0.753486 8
      vertex -11.9054 1.504 4
      vertex -11.9054 1.504 8
    endloop
  endfacet
  facet normal 0.995567 -0.0940499 0
    outer loop
      vertex -11.9054 1.504 4
      vertex -11.9763 0.753486 8
      vertex -11.9763 0.753486 4
    endloop
  endfacet
  facet normal -0.278969 0.9603 0
    outer loop
      vertex 3.7082 -11.4127 4
      vertex 2.98428 -11.623 8
      vertex 3.7082 -11.4127 8
    endloop
  endfacet
  facet normal -0.278969 0.9603 0
    outer loop
      vertex 2.98428 -11.623 8
      vertex 3.7082 -11.4127 4
      vertex 2.98428 -11.623 4
    endloop
  endfacet
  facet normal 0.97593 -0.218082 0
    outer loop
      vertex -11.7874 2.24858 8
      vertex -11.623 2.98428 4
      vertex -11.623 2.98428 8
    endloop
  endfacet
  facet normal 0.97593 -0.218082 0
    outer loop
      vertex -11.623 2.98428 4
      vertex -11.7874 2.24858 8
      vertex -11.7874 2.24858 4
    endloop
  endfacet
  facet normal -0.707107 -0.707107 0
    outer loop
      vertex 8.74762 8.21456 4
      vertex 8.21456 8.74762 8
      vertex 8.21456 8.74762 4
    endloop
  endfacet
  facet normal -0.707107 -0.707107 0
    outer loop
      vertex 8.21456 8.74762 8
      vertex 8.74762 8.21456 4
      vertex 8.74762 8.21456 8
    endloop
  endfacet
  facet normal 0.6129 0.790161 -0
    outer loop
      vertex -7.05342 -9.7082 4
      vertex -7.64909 -9.24616 8
      vertex -7.05342 -9.7082 8
    endloop
  endfacet
  facet normal 0.6129 0.790161 0
    outer loop
      vertex -7.64909 -9.24616 8
      vertex -7.05342 -9.7082 4
      vertex -7.64909 -9.24616 4
    endloop
  endfacet
  facet normal -0.9603 -0.278969 0
    outer loop
      vertex 11.623 2.98428 4
      vertex 11.4127 3.7082 8
      vertex 11.4127 3.7082 4
    endloop
  endfacet
  facet normal -0.9603 -0.278969 0
    outer loop
      vertex 11.4127 3.7082 8
      vertex 11.623 2.98428 4
      vertex 11.623 2.98428 8
    endloop
  endfacet
  facet normal -0.89103 -0.453945 0
    outer loop
      vertex 10.8579 5.10935 4
      vertex 10.5157 5.78104 8
      vertex 10.5157 5.78104 4
    endloop
  endfacet
  facet normal -0.89103 -0.453945 0
    outer loop
      vertex 10.5157 5.78104 8
      vertex 10.8579 5.10935 4
      vertex 10.8579 5.10935 8
    endloop
  endfacet
  facet normal -0.509094 0.860711 0
    outer loop
      vertex 6.42992 -10.1319 4
      vertex 5.78104 -10.5157 8
      vertex 6.42992 -10.1319 8
    endloop
  endfacet
  facet normal -0.509094 0.860711 0
    outer loop
      vertex 5.78104 -10.5157 8
      vertex 6.42992 -10.1319 4
      vertex 5.78104 -10.5157 4
    endloop
  endfacet
  facet normal 0.397154 -0.917752 0
    outer loop
      vertex -5.10935 10.8579 4
      vertex -4.41749 11.1573 8
      vertex -5.10935 10.8579 8
    endloop
  endfacet
  facet normal 0.397154 -0.917752 0
    outer loop
      vertex -4.41749 11.1573 8
      vertex -5.10935 10.8579 4
      vertex -4.41749 11.1573 4
    endloop
  endfacet
  facet normal 0 0 -1
    outer loop
      vertex 8 0 8
      vertex 12 0 8
      vertex 11.9763 -0.753486 8
    endloop
  endfacet
  facet normal 0 0 -1
    outer loop
      vertex 7.98421 -0.502324 8
      vertex 11.9763 -0.753486 8
      vertex 11.9054 -1.504 8
    endloop
  endfacet
  facet normal 0 0 -1
    outer loop
      vertex 12 0 8
      vertex 8 0 8
      vertex 11.9763 0.753486 8
    endloop
  endfacet
  facet normal 0 0 -1
    outer loop
      vertex 7.93692 -1.00267 8
      vertex 11.9054 -1.504 8
      vertex 11.7874 -2.24858 8
    endloop
  endfacet
  facet normal 0 0 -1
    outer loop
      vertex 7.98421 0.502324 8
      vertex 11.9763 0.753486 8
      vertex 8 0 8
    endloop
  endfacet
  facet normal 0 0 -1
    outer loop
      vertex 7.8583 -1.49905 8
      vertex 11.7874 -2.24858 8
      vertex 11.623 -2.98428 8
    endloop
  endfacet
  facet normal -0 0 -1
    outer loop
      vertex 11.9763 0.753486 8
      vertex 7.98421 0.502324 8
      vertex 11.9054 1.504 8
    endloop
  endfacet
  facet normal 0 0 -1
    outer loop
      vertex 7.74866 -1.98952 8
      vertex 11.623 -2.98428 8
      vertex 11.4127 -3.7082 8
    endloop
  endfacet
  facet normal 0 0 -1
    outer loop
      vertex 7.93692 1.00267 8
      vertex 11.9054 1.504 8
      vertex 7.98421 0.502324 8
    endloop
  endfacet
  facet normal 0 0 -1
    outer loop
      vertex 7.60845 -2.47214 8
      vertex 11.4127 -3.7082 8
      vertex 11.1573 -4.41749 8
    endloop
  endfacet
  facet normal -0 0 -1
    outer loop
      vertex 11.9054 1.504 8
      vertex 7.93692 1.00267 8
      vertex 11.7874 2.24858 8
    endloop
  endfacet
  facet normal 0 0 -1
    outer loop
      vertex 7.43821 -2.945 8
      vertex 11.1573 -4.41749 8
      vertex 10.8579 -5.10935 8
    endloop
  endfacet
  facet normal 0 0 -1
    outer loop
      vertex 7.8583 1.49905 8
      vertex 11.7874 2.24858 8
      vertex 7.93692 1.00267 8
    endloop
  endfacet
  facet normal 0 0 -1
    outer loop
      vertex 7.23862 -3.40623 8
      vertex 10.8579 -5.10935 8
      vertex 10.5157 -5.78104 8
    endloop
  endfacet
  facet normal -0 0 -1
    outer loop
      vertex 11.7874 2.24858 8
      vertex 7.8583 1.49905 8
      vertex 11.623 2.98428 8
    endloop
  endfacet
  facet normal 0 0 -1
    outer loop
      vertex 7.01045 -3.85403 8
      vertex 10.5157 -5.78104 8
      vertex 10.1319 -6.42992 8
    endloop
  endfacet
  facet normal 0 0 -1
    outer loop
      vertex 7.74866 1.98952 8
      vertex 11.623 2.98428 8
      vertex 7.8583 1.49905 8
    endloop
  endfacet
  facet normal 0 0 -1
    outer loop
      vertex 6.75462 -4.28661 8
      vertex 10.1319 -6.42992 8
      vertex 9.7082 -7.05342 8
    endloop
  endfacet
  facet normal -0 0 -1
    outer loop
      vertex 11.623 2.98428 8
      vertex 7.74866 1.98952 8
      vertex 11.4127 3.7082 8
    endloop
  endfacet
  facet normal 0 0 -1
    outer loop
      vertex 6.47214 -4.70228 8
      vertex 9.7082 -7.05342 8
      vertex 9.24616 -7.64909 8
    endloop
  endfacet
  facet normal 0 0 -1
    outer loop
      vertex 7.60845 2.47214 8
      vertex 11.4127 3.7082 8
      vertex 7.74866 1.98952 8
    endloop
  endfacet
  facet normal 0 0 -1
    outer loop
      vertex 6.16411 -5.09939 8
      vertex 9.24616 -7.64909 8
      vertex 8.74762 -8.21456 8
    endloop
  endfacet
  facet normal -0 0 -1
    outer loop
      vertex 11.4127 3.7082 8
      vertex 7.60845 2.47214 8
      vertex 11.1573 4.41749 8
    endloop
  endfacet
  facet normal 0 0 -1
    outer loop
      vertex 5.83175 -5.47638 8
      vertex 8.74762 -8.21456 8
      vertex 8.21456 -8.74762 8
    endloop
  endfacet
  facet normal 0 0 -1
    outer loop
      vertex 7.43821 2.945 8
      vertex 11.1573 4.41749 8
      vertex 7.60845 2.47214 8
    endloop
  endfacet
  facet normal -0 0 -1
    outer loop
      vertex 11.1573 4.41749 8
      vertex 7.43821 2.945 8
      vertex 10.8579 5.10935 8
    endloop
  endfacet
  facet normal 0 0 -1
    outer loop
      vertex 11.9763 -0.753486 8
      vertex 7.98421 -0.502324 8
      vertex 8 0 8
    endloop
  endfacet
  facet normal 0 0 -1
    outer loop
      vertex 11.9054 -1.504 8
      vertex 7.93692 -1.00267 8
      vertex 7.98421 -0.502324 8
    endloop
  endfacet
  facet normal 0 0 -1
    outer loop
      vertex 11.7874 -2.24858 8
      vertex 7.8583 -1.49905 8
      vertex 7.93692 -1.00267 8
    endloop
  endfacet
  facet normal 0 0 -1
    outer loop
      vertex 11.623 -2.98428 8
      vertex 7.74866 -1.98952 8
      vertex 7.8583 -1.49905 8
    endloop
  endfacet
  facet normal 0 0 -1
    outer loop
      vertex 5.47638 -5.83175 8
      vertex 8.21456 -8.74762 8
      vertex 7.64909 -9.24616 8
    endloop
  endfacet
  facet normal 0 0 -1
    outer loop
      vertex 11.4127 -3.7082 8
      vertex 7.60845 -2.47214 8
      vertex 7.74866 -1.98952 8
    endloop
  endfacet
  facet normal 0 0 -1
    outer loop
      vertex 11.1573 -4.41749 8
      vertex 7.43821 -2.945 8
      vertex 7.60845 -2.47214 8
    endloop
  endfacet
  facet normal 0 0 -1
    outer loop
      vertex 10.8579 -5.10935 8
      vertex 7.23862 -3.40623 8
      vertex 7.43821 -2.945 8
    endloop
  endfacet
  facet normal 0 0 -1
    outer loop
      vertex 5.09939 -6.16411 8
      vertex 7.64909 -9.24616 8
      vertex 7.05342 -9.7082 8
    endloop
  endfacet
  facet normal 0 0 -1
    outer loop
      vertex 10.5157 -5.78104 8
      vertex 7.01045 -3.85403 8
      vertex 7.23862 -3.40623 8
    endloop
  endfacet
  facet normal 0 0 -1
    outer loop
      vertex 10.1319 -6.42992 8
      vertex 6.75462 -4.28661 8
      vertex 7.01045 -3.85403 8
    endloop
  endfacet
  facet normal 0 0 -1
    outer loop
      vertex 9.7082 -7.05342 8
      vertex 6.47214 -4.70228 8
      vertex 6.75462 -4.28661 8
    endloop
  endfacet
  facet normal 0 0 -1
    outer loop
      vertex 4.70228 -6.47214 8
      vertex 7.05342 -9.7082 8
      vertex 6.42992 -10.1319 8
    endloop
  endfacet
  facet normal 0 0 -1
    outer loop
      vertex 9.24616 -7.64909 8
      vertex 6.16411 -5.09939 8
      vertex 6.47214 -4.70228 8
    endloop
  endfacet
  facet normal 0 0 -1
    outer loop
      vertex 8.74762 -8.21456 8
      vertex 5.83175 -5.47638 8
      vertex 6.16411 -5.09939 8
    endloop
  endfacet
  facet normal 0 0 -1
    outer loop
      vertex 4.28661 -6.75462 8
      vertex 6.42992 -10.1319 8
      vertex 5.78104 -10.5157 8
    endloop
  endfacet
  facet normal 0 0 -1
    outer loop
      vertex 8.21456 -8.74762 8
      vertex 5.47638 -5.83175 8
      vertex 5.83175 -5.47638 8
    endloop
  endfacet
  facet normal 0 0 -1
    outer loop
      vertex 3.85403 -7.01045 8
      vertex 5.78104 -10.5157 8
      vertex 5.10935 -10.8579 8
    endloop
  endfacet
  facet normal 0 0 -1
    outer loop
      vertex 7.64909 -9.24616 8
      vertex 5.09939 -6.16411 8
      vertex 5.47638 -5.83175 8
    endloop
  endfacet
  facet normal 0 0 -1
    outer loop
      vertex 7.05342 -9.7082 8
      vertex 4.70228 -6.47214 8
      vertex 5.09939 -6.16411 8
    endloop
  endfacet
  facet normal 0 0 -1
    outer loop
      vertex 3.40623 -7.23862 8
      vertex 5.10935 -10.8579 8
      vertex 4.41749 -11.1573 8
    endloop
  endfacet
  facet normal 0 0 -1
    outer loop
      vertex 6.42992 -10.1319 8
      vertex 4.28661 -6.75462 8
      vertex 4.70228 -6.47214 8
    endloop
  endfacet
  facet normal 0 0 -1
    outer loop
      vertex 5.78104 -10.5157 8
      vertex 3.85403 -7.01045 8
      vertex 4.28661 -6.75462 8
    endloop
  endfacet
  facet normal 0 0 -1
    outer loop
      vertex 2.945 -7.43821 8
      vertex 4.41749 -11.1573 8
      vertex 3.7082 -11.4127 8
    endloop
  endfacet
  facet normal 0 0 -1
    outer loop
      vertex 5.10935 -10.8579 8
      vertex 3.40623 -7.23862 8
      vertex 3.85403 -7.01045 8
    endloop
  endfacet
  facet normal 0 0 -1
    outer loop
      vertex 2.47214 -7.60845 8
      vertex 3.7082 -11.4127 8
      vertex 2.98428 -11.623 8
    endloop
  endfacet
  facet normal 0 0 -1
    outer loop
      vertex 4.41749 -11.1573 8
      vertex 2.945 -7.43821 8
      vertex 3.40623 -7.23862 8
    endloop
  endfacet
  facet normal 0 0 -1
    outer loop
      vertex 3.7082 -11.4127 8
      vertex 2.47214 -7.60845 8
      vertex 2.945 -7.43821 8
    endloop
  endfacet
  facet normal 0 0 -1
    outer loop
      vertex 1.98952 -7.74866 8
      vertex 2.98428 -11.623 8
      vertex 2.24858 -11.7874 8
    endloop
  endfacet
  facet normal 0 0 -1
    outer loop
      vertex 2.98428 -11.623 8
      vertex 1.98952 -7.74866 8
      vertex 2.47214 -7.60845 8
    endloop
  endfacet
  facet normal 0 0 -1
    outer loop
      vertex 1.49905 -7.8583 8
      vertex 2.24858 -11.7874 8
      vertex 1.504 -11.9054 8
    endloop
  endfacet
  facet normal 0 0 -1
    outer loop
      vertex 2.24858 -11.7874 8
      vertex 1.49905 -7.8583 8
      vertex 1.98952 -7.74866 8
    endloop
  endfacet
  facet normal 0 0 -1
    outer loop
      vertex 1.504 -11.9054 8
      vertex 1.00267 -7.93692 8
      vertex 1.49905 -7.8583 8
    endloop
  endfacet
  facet normal 0 0 -1
    outer loop
      vertex 0.753486 -11.9763 8
      vertex 1.00267 -7.93692 8
      vertex 1.504 -11.9054 8
    endloop
  endfacet
  facet normal 0 0 -1
    outer loop
      vertex 0.753486 -11.9763 8
      vertex 0.502324 -7.98421 8
      vertex 1.00267 -7.93692 8
    endloop
  endfacet
  facet normal 0 0 -1
    outer loop
      vertex 0 -12 8
      vertex 0.502324 -7.98421 8
      vertex 0.753486 -11.9763 8
    endloop
  endfacet
  facet normal 0 0 -1
    outer loop
      vertex 0 -12 8
      vertex 0 -8 8
      vertex 0.502324 -7.98421 8
    endloop
  endfacet
  facet normal 0 0 -1
    outer loop
      vertex 0 -12 8
      vertex -0.502324 -7.98421 8
      vertex 0 -8 8
    endloop
  endfacet
  facet normal 0 0 -1
    outer loop
      vertex -0.753486 -11.9763 8
      vertex -0.502324 -7.98421 8
      vertex 0 -12 8
    endloop
  endfacet
  facet normal 0 0 -1
    outer loop
      vertex -0.753486 -11.9763 8
      vertex -1.00267 -7.93692 8
      vertex -0.502324 -7.98421 8
    endloop
  endfacet
  facet normal 0 0 -1
    outer loop
      vertex -1.504 -11.9054 8
      vertex -1.00267 -7.93692 8
      vertex -0.753486 -11.9763 8
    endloop
  endfacet
  facet normal -0 0 -1
    outer loop
      vertex -1.00267 -7.93692 8
      vertex -1.504 -11.9054 8
      vertex -1.49905 -7.8583 8
    endloop
  endfacet
  facet normal 0 0 -1
    outer loop
      vertex -2.24858 -11.7874 8
      vertex -1.49905 -7.8583 8
      vertex -1.504 -11.9054 8
    endloop
  endfacet
  facet normal -0 0 -1
    outer loop
      vertex -1.49905 -7.8583 8
      vertex -2.24858 -11.7874 8
      vertex -1.98952 -7.74866 8
    endloop
  endfacet
  facet normal 0 0 -1
    outer loop
      vertex -2.98428 -11.623 8
      vertex -1.98952 -7.74866 8
      vertex -2.24858 -11.7874 8
    endloop
  endfacet
  facet normal -0 0 -1
    outer loop
      vertex -1.98952 -7.74866 8
      vertex -2.98428 -11.623 8
      vertex -2.47214 -7.60845 8
    endloop
  endfacet
  facet normal 0 0 -1
    outer loop
      vertex -3.7082 -11.4127 8
      vertex -2.47214 -7.60845 8
      vertex -2.98428 -11.623 8
    endloop
  endfacet
  facet normal -0 0 -1
    outer loop
      vertex -2.47214 -7.60845 8
      vertex -3.7082 -11.4127 8
      vertex -2.945 -7.43821 8
    endloop
  endfacet
  facet normal 0 0 -1
    outer loop
      vertex -4.41749 -11.1573 8
      vertex -2.945 -7.43821 8
      vertex -3.7082 -11.4127 8
    endloop
  endfacet
  facet normal -0 0 -1
    outer loop
      vertex -2.945 -7.43821 8
      vertex -4.41749 -11.1573 8
      vertex -3.40623 -7.23862 8
    endloop
  endfacet
  facet normal 0 0 -1
    outer loop
      vertex -5.10935 -10.8579 8
      vertex -3.40623 -7.23862 8
      vertex -4.41749 -11.1573 8
    endloop
  endfacet
  facet normal -0 0 -1
    outer loop
      vertex -3.40623 -7.23862 8
      vertex -5.10935 -10.8579 8
      vertex -3.85403 -7.01045 8
    endloop
  endfacet
  facet normal 0 0 -1
    outer loop
      vertex -5.78104 -10.5157 8
      vertex -3.85403 -7.01045 8
      vertex -5.10935 -10.8579 8
    endloop
  endfacet
  facet normal -0 0 -1
    outer loop
      vertex -3.85403 -7.01045 8
      vertex -5.78104 -10.5157 8
      vertex -4.28661 -6.75462 8
    endloop
  endfacet
  facet normal 0 0 -1
    outer loop
      vertex -6.42992 -10.1319 8
      vertex -4.28661 -6.75462 8
      vertex -5.78104 -10.5157 8
    endloop
  endfacet
  facet normal -0 0 -1
    outer loop
      vertex -4.28661 -6.75462 8
      vertex -6.42992 -10.1319 8
      vertex -4.70228 -6.47214 8
    endloop
  endfacet
  facet normal 0 0 -1
    outer loop
      vertex -7.05342 -9.7082 8
      vertex -4.70228 -6.47214 8
      vertex -6.42992 -10.1319 8
    endloop
  endfacet
  facet normal -0 0 -1
    outer loop
      vertex -4.70228 -6.47214 8
      vertex -7.05342 -9.7082 8
      vertex -5.09939 -6.16411 8
    endloop
  endfacet
  facet normal 0 0 -1
    outer loop
      vertex -7.64909 -9.24616 8
      vertex -5.09939 -6.16411 8
      vertex -7.05342 -9.7082 8
    endloop
  endfacet
  facet normal -0 0 -1
    outer loop
      vertex -5.09939 -6.16411 8
      vertex -7.64909 -9.24616 8
      vertex -5.47638 -5.83175 8
    endloop
  endfacet
  facet normal 0 0 -1
    outer loop
      vertex -8.21456 -8.74762 8
      vertex -5.47638 -5.83175 8
      vertex -7.64909 -9.24616 8
    endloop
  endfacet
  facet normal -0 0 -1
    outer loop
      vertex -5.47638 -5.83175 8
      vertex -8.21456 -8.74762 8
      vertex -5.83175 -5.47638 8
    endloop
  endfacet
  facet normal 0 0 -1
    outer loop
      vertex -8.74762 -8.21456 8
      vertex -5.83175 -5.47638 8
      vertex -8.21456 -8.74762 8
    endloop
  endfacet
  facet normal -0 0 -1
    outer loop
      vertex -5.83175 -5.47638 8
      vertex -8.74762 -8.21456 8
      vertex -6.16411 -5.09939 8
    endloop
  endfacet
  facet normal 0 0 -1
    outer loop
      vertex -9.24616 -7.64909 8
      vertex -6.16411 -5.09939 8
      vertex -8.74762 -8.21456 8
    endloop
  endfacet
  facet normal -0 0 -1
    outer loop
      vertex -6.16411 -5.09939 8
      vertex -9.24616 -7.64909 8
      vertex -6.47214 -4.70228 8
    endloop
  endfacet
  facet normal 0 0 -1
    outer loop
      vertex -9.7082 -7.05342 8
      vertex -6.47214 -4.70228 8
      vertex -9.24616 -7.64909 8
    endloop
  endfacet
  facet normal -0 0 -1
    outer loop
      vertex -6.47214 -4.70228 8
      vertex -9.7082 -7.05342 8
      vertex -6.75462 -4.28661 8
    endloop
  endfacet
  facet normal 0 0 -1
    outer loop
      vertex -10.1319 -6.42992 8
      vertex -6.75462 -4.28661 8
      vertex -9.7082 -7.05342 8
    endloop
  endfacet
  facet normal -0 0 -1
    outer loop
      vertex -6.75462 -4.28661 8
      vertex -10.1319 -6.42992 8
      vertex -7.01045 -3.85403 8
    endloop
  endfacet
  facet normal 0 0 -1
    outer loop
      vertex -10.5157 -5.78104 8
      vertex -7.01045 -3.85403 8
      vertex -10.1319 -6.42992 8
    endloop
  endfacet
  facet normal -0 0 -1
    outer loop
      vertex -7.01045 -3.85403 8
      vertex -10.5157 -5.78104 8
      vertex -7.23862 -3.40623 8
    endloop
  endfacet
  facet normal -0 0 -1
    outer loop
      vertex -7.23862 -3.40623 8
      vertex -10.8579 -5.10935 8
      vertex -7.43821 -2.945 8
    endloop
  endfacet
  facet normal 0 0 -1
    outer loop
      vertex -10.8579 -5.10935 8
      vertex -7.23862 -3.40623 8
      vertex -10.5157 -5.78104 8
    endloop
  endfacet
  facet normal 0 0 -1
    outer loop
      vertex 7.23862 3.40623 8
      vertex 10.8579 5.10935 8
      vertex 7.43821 2.945 8
    endloop
  endfacet
  facet normal -0 0 -1
    outer loop
      vertex 10.8579 5.10935 8
      vertex 7.23862 3.40623 8
      vertex 10.5157 5.78104 8
    endloop
  endfacet
  facet normal 0 0 -1
    outer loop
      vertex 7.01045 3.85403 8
      vertex 10.5157 5.78104 8
      vertex 7.23862 3.40623 8
    endloop
  endfacet
  facet normal -0 0 -1
    outer loop
      vertex 10.5157 5.78104 8
      vertex 7.01045 3.85403 8
      vertex 10.1319 6.42992 8
    endloop
  endfacet
  facet normal 0 0 -1
    outer loop
      vertex 6.75462 4.28661 8
      vertex 10.1319 6.42992 8
      vertex 7.01045 3.85403 8
    endloop
  endfacet
  facet normal -0 0 -1
    outer loop
      vertex 10.1319 6.42992 8
      vertex 6.75462 4.28661 8
      vertex 9.7082 7.05342 8
    endloop
  endfacet
  facet normal 0 0 -1
    outer loop
      vertex 6.47214 4.70228 8
      vertex 9.7082 7.05342 8
      vertex 6.75462 4.28661 8
    endloop
  endfacet
  facet normal -0 0 -1
    outer loop
      vertex 9.7082 7.05342 8
      vertex 6.47214 4.70228 8
      vertex 9.24616 7.64909 8
    endloop
  endfacet
  facet normal 0 0 -1
    outer loop
      vertex 6.16411 5.09939 8
      vertex 9.24616 7.64909 8
      vertex 6.47214 4.70228 8
    endloop
  endfacet
  facet normal -0 0 -1
    outer loop
      vertex 9.24616 7.64909 8
      vertex 6.16411 5.09939 8
      vertex 8.74762 8.21456 8
    endloop
  endfacet
  facet normal 0 0 -1
    outer loop
      vertex 5.83175 5.47638 8
      vertex 8.74762 8.21456 8
      vertex 6.16411 5.09939 8
    endloop
  endfacet
  facet normal -0 0 -1
    outer loop
      vertex 8.74762 8.21456 8
      vertex 5.83175 5.47638 8
      vertex 8.21456 8.74762 8
    endloop
  endfacet
  facet normal 0 0 -1
    outer loop
      vertex 5.47638 5.83175 8
      vertex 8.21456 8.74762 8
      vertex 5.83175 5.47638 8
    endloop
  endfacet
  facet normal -0 0 -1
    outer loop
      vertex 8.21456 8.74762 8
      vertex 5.47638 5.83175 8
      vertex 7.64909 9.24616 8
    endloop
  endfacet
  facet normal 0 0 -1
    outer loop
      vertex 5.09939 6.16411 8
      vertex 7.64909 9.24616 8
      vertex 5.47638 5.83175 8
    endloop
  endfacet
  facet normal -0 0 -1
    outer loop
      vertex 7.64909 9.24616 8
      vertex 5.09939 6.16411 8
      vertex 7.05342 9.7082 8
    endloop
  endfacet
  facet normal 0 0 -1
    outer loop
      vertex 4.70228 6.47214 8
      vertex 7.05342 9.7082 8
      vertex 5.09939 6.16411 8
    endloop
  endfacet
  facet normal -0 0 -1
    outer loop
      vertex 7.05342 9.7082 8
      vertex 4.70228 6.47214 8
      vertex 6.42992 10.1319 8
    endloop
  endfacet
  facet normal 0 0 -1
    outer loop
      vertex 4.28661 6.75462 8
      vertex 6.42992 10.1319 8
      vertex 4.70228 6.47214 8
    endloop
  endfacet
  facet normal -0 0 -1
    outer loop
      vertex 6.42992 10.1319 8
      vertex 4.28661 6.75462 8
      vertex 5.78104 10.5157 8
    endloop
  endfacet
  facet normal 0 0 -1
    outer loop
      vertex 3.85403 7.01045 8
      vertex 5.78104 10.5157 8
      vertex 4.28661 6.75462 8
    endloop
  endfacet
  facet normal -0 0 -1
    outer loop
      vertex 5.78104 10.5157 8
      vertex 3.85403 7.01045 8
      vertex 5.10935 10.8579 8
    endloop
  endfacet
  facet normal 0 0 -1
    outer loop
      vertex 3.40623 7.23862 8
      vertex 5.10935 10.8579 8
      vertex 3.85403 7.01045 8
    endloop
  endfacet
  facet normal -0 0 -1
    outer loop
      vertex 5.10935 10.8579 8
      vertex 3.40623 7.23862 8
      vertex 4.41749 11.1573 8
    endloop
  endfacet
  facet normal 0 0 -1
    outer loop
      vertex 2.945 7.43821 8
      vertex 4.41749 11.1573 8
      vertex 3.40623 7.23862 8
    endloop
  endfacet
  facet normal -0 0 -1
    outer loop
      vertex 4.41749 11.1573 8
      vertex 2.945 7.43821 8
      vertex 3.7082 11.4127 8
    endloop
  endfacet
  facet normal 0 0 -1
    outer loop
      vertex 2.47214 7.60845 8
      vertex 3.7082 11.4127 8
      vertex 2.945 7.43821 8
    endloop
  endfacet
  facet normal -0 0 -1
    outer loop
      vertex 3.7082 11.4127 8
      vertex 2.47214 7.60845 8
      vertex 2.98428 11.623 8
    endloop
  endfacet
  facet normal 0 0 -1
    outer loop
      vertex 1.98952 7.74866 8
      vertex 2.98428 11.623 8
      vertex 2.47214 7.60845 8
    endloop
  endfacet
  facet normal -0 0 -1
    outer loop
      vertex 2.98428 11.623 8
      vertex 1.98952 7.74866 8
      vertex 2.24858 11.7874 8
    endloop
  endfacet
  facet normal 0 0 -1
    outer loop
      vertex 1.49905 7.8583 8
      vertex 2.24858 11.7874 8
      vertex 1.98952 7.74866 8
    endloop
  endfacet
  facet normal -0 0 -1
    outer loop
      vertex 2.24858 11.7874 8
      vertex 1.49905 7.8583 8
      vertex 1.504 11.9054 8
    endloop
  endfacet
  facet normal 0 0 -1
    outer loop
      vertex 1.00267 7.93692 8
      vertex 1.504 11.9054 8
      vertex 1.49905 7.8583 8
    endloop
  endfacet
  facet normal 0 0 -1
    outer loop
      vertex 1.00267 7.93692 8
      vertex 0.753486 11.9763 8
      vertex 1.504 11.9054 8
    endloop
  endfacet
  facet normal 0 0 -1
    outer loop
      vertex 0.502324 7.98421 8
      vertex 0.753486 11.9763 8
      vertex 1.00267 7.93692 8
    endloop
  endfacet
  facet normal 0 0 -1
    outer loop
      vertex 0 8 8
      vertex 0.753486 11.9763 8
      vertex 0.502324 7.98421 8
    endloop
  endfacet
  facet normal 0 0 -1
    outer loop
      vertex 0 8 8
      vertex 0 12 8
      vertex 0.753486 11.9763 8
    endloop
  endfacet
  facet normal 0 0 -1
    outer loop
      vertex -0.502324 7.98421 8
      vertex 0 12 8
      vertex 0 8 8
    endloop
  endfacet
  facet normal 0 0 -1
    outer loop
      vertex -0.502324 7.98421 8
      vertex -0.753486 11.9763 8
      vertex 0 12 8
    endloop
  endfacet
  facet normal 0 0 -1
    outer loop
      vertex -1.00267 7.93692 8
      vertex -0.753486 11.9763 8
      vertex -0.502324 7.98421 8
    endloop
  endfacet
  facet normal 0 0 -1
    outer loop
      vertex -1.504 11.9054 8
      vertex -1.00267 7.93692 8
      vertex -1.49905 7.8583 8
    endloop
  endfacet
  facet normal 0 0 -1
    outer loop
      vertex -1.00267 7.93692 8
      vertex -1.504 11.9054 8
      vertex -0.753486 11.9763 8
    endloop
  endfacet
  facet normal 0 0 -1
    outer loop
      vertex -2.24858 11.7874 8
      vertex -1.49905 7.8583 8
      vertex -1.98952 7.74866 8
    endloop
  endfacet
  facet normal 0 0 -1
    outer loop
      vertex -1.49905 7.8583 8
      vertex -2.24858 11.7874 8
      vertex -1.504 11.9054 8
    endloop
  endfacet
  facet normal 0 0 -1
    outer loop
      vertex -2.98428 11.623 8
      vertex -1.98952 7.74866 8
      vertex -2.47214 7.60845 8
    endloop
  endfacet
  facet normal 0 0 -1
    outer loop
      vertex -3.7082 11.4127 8
      vertex -2.47214 7.60845 8
      vertex -2.945 7.43821 8
    endloop
  endfacet
  facet normal 0 0 -1
    outer loop
      vertex -1.98952 7.74866 8
      vertex -2.98428 11.623 8
      vertex -2.24858 11.7874 8
    endloop
  endfacet
  facet normal 0 0 -1
    outer loop
      vertex -4.41749 11.1573 8
      vertex -2.945 7.43821 8
      vertex -3.40623 7.23862 8
    endloop
  endfacet
  facet normal 0 0 -1
    outer loop
      vertex -2.47214 7.60845 8
      vertex -3.7082 11.4127 8
      vertex -2.98428 11.623 8
    endloop
  endfacet
  facet normal 0 0 -1
    outer loop
      vertex -5.10935 10.8579 8
      vertex -3.40623 7.23862 8
      vertex -3.85403 7.01045 8
    endloop
  endfacet
  facet normal 0 0 -1
    outer loop
      vertex -5.78104 10.5157 8
      vertex -3.85403 7.01045 8
      vertex -4.28661 6.75462 8
    endloop
  endfacet
  facet normal 0 0 -1
    outer loop
      vertex -2.945 7.43821 8
      vertex -4.41749 11.1573 8
      vertex -3.7082 11.4127 8
    endloop
  endfacet
  facet normal 0 0 -1
    outer loop
      vertex -6.42992 10.1319 8
      vertex -4.28661 6.75462 8
      vertex -4.70228 6.47214 8
    endloop
  endfacet
  facet normal 0 0 -1
    outer loop
      vertex -7.05342 9.7082 8
      vertex -4.70228 6.47214 8
      vertex -5.09939 6.16411 8
    endloop
  endfacet
  facet normal 0 0 -1
    outer loop
      vertex -3.40623 7.23862 8
      vertex -5.10935 10.8579 8
      vertex -4.41749 11.1573 8
    endloop
  endfacet
  facet normal 0 0 -1
    outer loop
      vertex -7.64909 9.24616 8
      vertex -5.09939 6.16411 8
      vertex -5.47638 5.83175 8
    endloop
  endfacet
  facet normal 0 0 -1
    outer loop
      vertex -3.85403 7.01045 8
      vertex -5.78104 10.5157 8
      vertex -5.10935 10.8579 8
    endloop
  endfacet
  facet normal 0 0 -1
    outer loop
      vertex -8.21456 8.74762 8
      vertex -5.47638 5.83175 8
      vertex -5.83175 5.47638 8
    endloop
  endfacet
  facet normal 0 0 -1
    outer loop
      vertex -8.74762 8.21456 8
      vertex -5.83175 5.47638 8
      vertex -6.16411 5.09939 8
    endloop
  endfacet
  facet normal 0 0 -1
    outer loop
      vertex -4.28661 6.75462 8
      vertex -6.42992 10.1319 8
      vertex -5.78104 10.5157 8
    endloop
  endfacet
  facet normal 0 0 -1
    outer loop
      vertex -9.24616 7.64909 8
      vertex -6.16411 5.09939 8
      vertex -6.47214 4.70228 8
    endloop
  endfacet
  facet normal 0 0 -1
    outer loop
      vertex -9.7082 7.05342 8
      vertex -6.47214 4.70228 8
      vertex -6.75462 4.28661 8
    endloop
  endfacet
  facet normal 0 0 -1
    outer loop
      vertex -10.1319 6.42992 8
      vertex -6.75462 4.28661 8
      vertex -7.01045 3.85403 8
    endloop
  endfacet
  facet normal 0 0 -1
    outer loop
      vertex -4.70228 6.47214 8
      vertex -7.05342 9.7082 8
      vertex -6.42992 10.1319 8
    endloop
  endfacet
  facet normal 0 0 -1
    outer loop
      vertex -10.5157 5.78104 8
      vertex -7.01045 3.85403 8
      vertex -7.23862 3.40623 8
    endloop
  endfacet
  facet normal 0 0 -1
    outer loop
      vertex -10.8579 5.10935 8
      vertex -7.23862 3.40623 8
      vertex -7.43821 2.945 8
    endloop
  endfacet
  facet normal 0 0 -1
    outer loop
      vertex -11.1573 4.41749 8
      vertex -7.43821 2.945 8
      vertex -7.60845 2.47214 8
    endloop
  endfacet
  facet normal 0 0 -1
    outer loop
      vertex -5.09939 6.16411 8
      vertex -7.64909 9.24616 8
      vertex -7.05342 9.7082 8
    endloop
  endfacet
  facet normal 0 0 -1
    outer loop
      vertex -11.4127 3.7082 8
      vertex -7.60845 2.47214 8
      vertex -7.74866 1.98952 8
    endloop
  endfacet
  facet normal 0 0 -1
    outer loop
      vertex -11.623 2.98428 8
      vertex -7.74866 1.98952 8
      vertex -7.8583 1.49905 8
    endloop
  endfacet
  facet normal 0 0 -1
    outer loop
      vertex -11.7874 2.24858 8
      vertex -7.8583 1.49905 8
      vertex -7.93692 1.00267 8
    endloop
  endfacet
  facet normal 0 0 -1
    outer loop
      vertex -11.9054 1.504 8
      vertex -7.93692 1.00267 8
      vertex -7.98421 0.502324 8
    endloop
  endfacet
  facet normal 0 0 -1
    outer loop
      vertex -5.47638 5.83175 8
      vertex -8.21456 8.74762 8
      vertex -7.64909 9.24616 8
    endloop
  endfacet
  facet normal 0 0 -1
    outer loop
      vertex -11.9763 0.753486 8
      vertex -7.98421 0.502324 8
      vertex -8 0 8
    endloop
  endfacet
  facet normal 0 0 -1
    outer loop
      vertex -11.1573 -4.41749 8
      vertex -7.43821 -2.945 8
      vertex -10.8579 -5.10935 8
    endloop
  endfacet
  facet normal -0 0 -1
    outer loop
      vertex -7.43821 -2.945 8
      vertex -11.1573 -4.41749 8
      vertex -7.60845 -2.47214 8
    endloop
  endfacet
  facet normal 0 0 -1
    outer loop
      vertex -5.83175 5.47638 8
      vertex -8.74762 8.21456 8
      vertex -8.21456 8.74762 8
    endloop
  endfacet
  facet normal 0 0 -1
    outer loop
      vertex -11.4127 -3.7082 8
      vertex -7.60845 -2.47214 8
      vertex -11.1573 -4.41749 8
    endloop
  endfacet
  facet normal 0 0 -1
    outer loop
      vertex -6.16411 5.09939 8
      vertex -9.24616 7.64909 8
      vertex -8.74762 8.21456 8
    endloop
  endfacet
  facet normal -0 0 -1
    outer loop
      vertex -7.60845 -2.47214 8
      vertex -11.4127 -3.7082 8
      vertex -7.74866 -1.98952 8
    endloop
  endfacet
  facet normal 0 0 -1
    outer loop
      vertex -6.47214 4.70228 8
      vertex -9.7082 7.05342 8
      vertex -9.24616 7.64909 8
    endloop
  endfacet
  facet normal 0 0 -1
    outer loop
      vertex -11.623 -2.98428 8
      vertex -7.74866 -1.98952 8
      vertex -11.4127 -3.7082 8
    endloop
  endfacet
  facet normal 0 0 -1
    outer loop
      vertex -6.75462 4.28661 8
      vertex -10.1319 6.42992 8
      vertex -9.7082 7.05342 8
    endloop
  endfacet
  facet normal -0 0 -1
    outer loop
      vertex -7.74866 -1.98952 8
      vertex -11.623 -2.98428 8
      vertex -7.8583 -1.49905 8
    endloop
  endfacet
  facet normal 0 0 -1
    outer loop
      vertex -7.01045 3.85403 8
      vertex -10.5157 5.78104 8
      vertex -10.1319 6.42992 8
    endloop
  endfacet
  facet normal 0 0 -1
    outer loop
      vertex -11.7874 -2.24858 8
      vertex -7.8583 -1.49905 8
      vertex -11.623 -2.98428 8
    endloop
  endfacet
  facet normal 0 0 -1
    outer loop
      vertex -7.23862 3.40623 8
      vertex -10.8579 5.10935 8
      vertex -10.5157 5.78104 8
    endloop
  endfacet
  facet normal -0 0 -1
    outer loop
      vertex -7.8583 -1.49905 8
      vertex -11.7874 -2.24858 8
      vertex -7.93692 -1.00267 8
    endloop
  endfacet
  facet normal 0 0 -1
    outer loop
      vertex -7.43821 2.945 8
      vertex -11.1573 4.41749 8
      vertex -10.8579 5.10935 8
    endloop
  endfacet
  facet normal 0 0 -1
    outer loop
      vertex -11.9054 -1.504 8
      vertex -7.93692 -1.00267 8
      vertex -11.7874 -2.24858 8
    endloop
  endfacet
  facet normal 0 0 -1
    outer loop
      vertex -7.60845 2.47214 8
      vertex -11.4127 3.7082 8
      vertex -11.1573 4.41749 8
    endloop
  endfacet
  facet normal -0 0 -1
    outer loop
      vertex -7.93692 -1.00267 8
      vertex -11.9054 -1.504 8
      vertex -7.98421 -0.502324 8
    endloop
  endfacet
  facet normal 0 0 -1
    outer loop
      vertex -7.74866 1.98952 8
      vertex -11.623 2.98428 8
      vertex -11.4127 3.7082 8
    endloop
  endfacet
  facet normal 0 0 -1
    outer loop
      vertex -11.9763 -0.753486 8
      vertex -7.98421 -0.502324 8
      vertex -11.9054 -1.504 8
    endloop
  endfacet
  facet normal 0 0 -1
    outer loop
      vertex -7.8583 1.49905 8
      vertex -11.7874 2.24858 8
      vertex -11.623 2.98428 8
    endloop
  endfacet
  facet normal -0 0 -1
    outer loop
      vertex -7.98421 -0.502324 8
      vertex -11.9763 -0.753486 8
      vertex -8 0 8
    endloop
  endfacet
  facet normal 0 0 -1
    outer loop
      vertex -7.93692 1.00267 8
      vertex -11.9054 1.504 8
      vertex -11.7874 2.24858 8
    endloop
  endfacet
  facet normal 0 0 -1
    outer loop
      vertex -12 0 8
      vertex -8 0 8
      vertex -11.9763 -0.753486 8
    endloop
  endfacet
  facet normal 0 0 -1
    outer loop
      vertex -7.98421 0.502324 8
      vertex -11.9763 0.753486 8
      vertex -11.9054 1.504 8
    endloop
  endfacet
  facet normal 0 0 -1
    outer loop
      vertex -8 0 8
      vertex -12 0 8
      vertex -11.9763 0.753486 8
    endloop
  endfacet
  facet normal -0.999506 0.0314383 0
    outer loop
      vertex 11.9763 -0.753486 4
      vertex 12 0 8
      vertex 12 0 4
    endloop
  endfacet
  facet normal -0.999506 0.0314383 0
    outer loop
      vertex 12 0 8
      vertex 11.9763 -0.753486 4
      vertex 11.9763 -0.753486 8
    endloop
  endfacet
  facet normal -0.453945 -0.89103 0
    outer loop
      vertex 5.10935 10.8579 4
      vertex 5.78104 10.5157 8
      vertex 5.10935 10.8579 8
    endloop
  endfacet
  facet normal -0.453945 -0.89103 -0
    outer loop
      vertex 5.78104 10.5157 8
      vertex 5.10935 10.8579 4
      vertex 5.78104 10.5157 4
    endloop
  endfacet
  facet normal 0.278969 -0.9603 0
    outer loop
      vertex -3.7082 11.4127 4
      vertex -2.98428 11.623 8
      vertex -3.7082 11.4127 8
    endloop
  endfacet
  facet normal 0.278969 -0.9603 0
    outer loop
      vertex -2.98428 11.623 8
      vertex -3.7082 11.4127 4
      vertex -2.98428 11.623 4
    endloop
  endfacet
  facet normal -0.917752 -0.397154 0
    outer loop
      vertex 11.1573 4.41749 4
      vertex 10.8579 5.10935 8
      vertex 10.8579 5.10935 4
    endloop
  endfacet
  facet normal -0.917752 -0.397154 0
    outer loop
      vertex 10.8579 5.10935 8
      vertex 11.1573 4.41749 4
      vertex 11.1573 4.41749 8
    endloop
  endfacet
  facet normal -0.827099 0.562056 0
    outer loop
      vertex 9.7082 -7.05342 4
      vertex 10.1319 -6.42992 8
      vertex 10.1319 -6.42992 4
    endloop
  endfacet
  facet normal -0.827099 0.562056 0
    outer loop
      vertex 10.1319 -6.42992 8
      vertex 9.7082 -7.05342 4
      vertex 9.7082 -7.05342 8
    endloop
  endfacet
  facet normal -0.453945 0.89103 0
    outer loop
      vertex 5.78104 -10.5157 4
      vertex 5.10935 -10.8579 8
      vertex 5.78104 -10.5157 8
    endloop
  endfacet
  facet normal -0.453945 0.89103 0
    outer loop
      vertex 5.10935 -10.8579 8
      vertex 5.78104 -10.5157 4
      vertex 5.10935 -10.8579 4
    endloop
  endfacet
  facet normal -0.66132 0.750104 0
    outer loop
      vertex 8.21456 -8.74762 4
      vertex 7.64909 -9.24616 8
      vertex 8.21456 -8.74762 8
    endloop
  endfacet
  facet normal -0.66132 0.750104 0
    outer loop
      vertex 7.64909 -9.24616 8
      vertex 8.21456 -8.74762 4
      vertex 7.64909 -9.24616 4
    endloop
  endfacet
  facet normal 0.338785 -0.940864 0
    outer loop
      vertex -4.41749 11.1573 4
      vertex -3.7082 11.4127 8
      vertex -4.41749 11.1573 8
    endloop
  endfacet
  facet normal 0.338785 -0.940864 0
    outer loop
      vertex -3.7082 11.4127 8
      vertex -4.41749 11.1573 4
      vertex -3.7082 11.4127 4
    endloop
  endfacet
  facet normal 0.0314383 -0.999506 0
    outer loop
      vertex -0.753486 11.9763 4
      vertex 0 12 8
      vertex -0.753486 11.9763 8
    endloop
  endfacet
  facet normal 0.0314383 -0.999506 0
    outer loop
      vertex 0 12 8
      vertex -0.753486 11.9763 4
      vertex 0 12 4
    endloop
  endfacet
  facet normal -0.987674 0.156525 0
    outer loop
      vertex 11.7874 -2.24858 4
      vertex 11.9054 -1.504 8
      vertex 11.9054 -1.504 4
    endloop
  endfacet
  facet normal -0.987674 0.156525 0
    outer loop
      vertex 11.9054 -1.504 8
      vertex 11.7874 -2.24858 4
      vertex 11.7874 -2.24858 8
    endloop
  endfacet
  facet normal -0.338785 -0.940864 0
    outer loop
      vertex 3.7082 11.4127 4
      vertex 4.41749 11.1573 8
      vertex 3.7082 11.4127 8
    endloop
  endfacet
  facet normal -0.338785 -0.940864 -0
    outer loop
      vertex 4.41749 11.1573 8
      vertex 3.7082 11.4127 4
      vertex 4.41749 11.1573 4
    endloop
  endfacet
  facet normal -0.156525 0.987674 0
    outer loop
      vertex 2.24858 -11.7874 4
      vertex 1.504 -11.9054 8
      vertex 2.24858 -11.7874 8
    endloop
  endfacet
  facet normal -0.156525 0.987674 0
    outer loop
      vertex 1.504 -11.9054 8
      vertex 2.24858 -11.7874 4
      vertex 1.504 -11.9054 4
    endloop
  endfacet
  facet normal 0.0940499 0.995567 -0
    outer loop
      vertex -0.753486 -11.9763 4
      vertex -1.504 -11.9054 8
      vertex -0.753486 -11.9763 8
    endloop
  endfacet
  facet normal 0.0940499 0.995567 0
    outer loop
      vertex -1.504 -11.9054 8
      vertex -0.753486 -11.9763 4
      vertex -1.504 -11.9054 4
    endloop
  endfacet
  facet normal -0.6129 -0.790161 0
    outer loop
      vertex 7.05342 9.7082 4
      vertex 7.64909 9.24616 8
      vertex 7.05342 9.7082 8
    endloop
  endfacet
  facet normal -0.6129 -0.790161 -0
    outer loop
      vertex 7.64909 9.24616 8
      vertex 7.05342 9.7082 4
      vertex 7.64909 9.24616 4
    endloop
  endfacet
  facet normal 0.750104 -0.66132 0
    outer loop
      vertex -9.24616 7.64909 8
      vertex -8.74762 8.21456 4
      vertex -8.74762 8.21456 8
    endloop
  endfacet
  facet normal 0.750104 -0.66132 0
    outer loop
      vertex -8.74762 8.21456 4
      vertex -9.24616 7.64909 8
      vertex -9.24616 7.64909 4
    endloop
  endfacet
  facet normal 0.278969 0.9603 -0
    outer loop
      vertex -2.98428 -11.623 4
      vertex -3.7082 -11.4127 8
      vertex -2.98428 -11.623 8
    endloop
  endfacet
  facet normal 0.278969 0.9603 0
    outer loop
      vertex -3.7082 -11.4127 8
      vertex -2.98428 -11.623 4
      vertex -3.7082 -11.4127 4
    endloop
  endfacet
  facet normal -0.156525 -0.987674 0
    outer loop
      vertex 1.504 11.9054 4
      vertex 2.24858 11.7874 8
      vertex 1.504 11.9054 8
    endloop
  endfacet
  facet normal -0.156525 -0.987674 -0
    outer loop
      vertex 2.24858 11.7874 8
      vertex 1.504 11.9054 4
      vertex 2.24858 11.7874 4
    endloop
  endfacet
  facet normal 0.89103 -0.453945 0
    outer loop
      vertex -10.8579 5.10935 8
      vertex -10.5157 5.78104 4
      vertex -10.5157 5.78104 8
    endloop
  endfacet
  facet normal 0.89103 -0.453945 0
    outer loop
      vertex -10.5157 5.78104 4
      vertex -10.8579 5.10935 8
      vertex -10.8579 5.10935 4
    endloop
  endfacet
  facet normal -0.750104 0.66132 0
    outer loop
      vertex 8.74762 -8.21456 4
      vertex 9.24616 -7.64909 8
      vertex 9.24616 -7.64909 4
    endloop
  endfacet
  facet normal -0.750104 0.66132 0
    outer loop
      vertex 9.24616 -7.64909 8
      vertex 8.74762 -8.21456 4
      vertex 8.74762 -8.21456 8
    endloop
  endfacet
  facet normal 0.0940499 -0.995567 0
    outer loop
      vertex -1.504 11.9054 4
      vertex -0.753486 11.9763 8
      vertex -1.504 11.9054 8
    endloop
  endfacet
  facet normal 0.0940499 -0.995567 0
    outer loop
      vertex -0.753486 11.9763 8
      vertex -1.504 11.9054 4
      vertex -0.753486 11.9763 4
    endloop
  endfacet
  facet normal -0.89103 0.453945 0
    outer loop
      vertex 10.5157 -5.78104 4
      vertex 10.8579 -5.10935 8
      vertex 10.8579 -5.10935 4
    endloop
  endfacet
  facet normal -0.89103 0.453945 0
    outer loop
      vertex 10.8579 -5.10935 8
      vertex 10.5157 -5.78104 4
      vertex 10.5157 -5.78104 8
    endloop
  endfacet
  facet normal 0.707107 0.707107 0
    outer loop
      vertex -8.21456 -8.74762 8
      vertex -8.74762 -8.21456 4
      vertex -8.74762 -8.21456 8
    endloop
  endfacet
  facet normal 0.707107 0.707107 0
    outer loop
      vertex -8.74762 -8.21456 4
      vertex -8.21456 -8.74762 8
      vertex -8.21456 -8.74762 4
    endloop
  endfacet
  facet normal -0.509094 -0.860711 0
    outer loop
      vertex 5.78104 10.5157 4
      vertex 6.42992 10.1319 8
      vertex 5.78104 10.5157 8
    endloop
  endfacet
  facet normal -0.509094 -0.860711 -0
    outer loop
      vertex 6.42992 10.1319 8
      vertex 5.78104 10.5157 4
      vertex 6.42992 10.1319 4
    endloop
  endfacet
  facet normal -0.9603 0.278969 0
    outer loop
      vertex 11.4127 -3.7082 4
      vertex 11.623 -2.98428 8
      vertex 11.623 -2.98428 4
    endloop
  endfacet
  facet normal -0.9603 0.278969 0
    outer loop
      vertex 11.623 -2.98428 8
      vertex 11.4127 -3.7082 4
      vertex 11.4127 -3.7082 8
    endloop
  endfacet
  facet normal -0.940864 -0.338785 0
    outer loop
      vertex 11.4127 3.7082 4
      vertex 11.1573 4.41749 8
      vertex 11.1573 4.41749 4
    endloop
  endfacet
  facet normal -0.940864 -0.338785 0
    outer loop
      vertex 11.1573 4.41749 8
      vertex 11.4127 3.7082 4
      vertex 11.4127 3.7082 8
    endloop
  endfacet
  facet normal 0.9603 -0.278969 0
    outer loop
      vertex -11.623 2.98428 8
      vertex -11.4127 3.7082 4
      vertex -11.4127 3.7082 8
    endloop
  endfacet
  facet normal 0.9603 -0.278969 0
    outer loop
      vertex -11.4127 3.7082 4
      vertex -11.623 2.98428 8
      vertex -11.623 2.98428 4
    endloop
  endfacet
  facet normal 0.453945 0.89103 -0
    outer loop
      vertex -5.10935 -10.8579 4
      vertex -5.78104 -10.5157 8
      vertex -5.10935 -10.8579 8
    endloop
  endfacet
  facet normal 0.453945 0.89103 0
    outer loop
      vertex -5.78104 -10.5157 8
      vertex -5.10935 -10.8579 4
      vertex -5.78104 -10.5157 4
    endloop
  endfacet
  facet normal 0.999506 -0.0314383 0
    outer loop
      vertex -12 0 8
      vertex -11.9763 0.753486 4
      vertex -11.9763 0.753486 8
    endloop
  endfacet
  facet normal 0.999506 -0.0314383 0
    outer loop
      vertex -11.9763 0.753486 4
      vertex -12 0 8
      vertex -12 0 4
    endloop
  endfacet
  facet normal -0.860711 0.509094 0
    outer loop
      vertex 10.1319 -6.42992 4
      vertex 10.5157 -5.78104 8
      vertex 10.5157 -5.78104 4
    endloop
  endfacet
  facet normal -0.860711 0.509094 0
    outer loop
      vertex 10.5157 -5.78104 8
      vertex 10.1319 -6.42992 4
      vertex 10.1319 -6.42992 8
    endloop
  endfacet
  facet normal 0.509094 -0.860711 0
    outer loop
      vertex -6.42992 10.1319 4
      vertex -5.78104 10.5157 8
      vertex -6.42992 10.1319 8
    endloop
  endfacet
  facet normal 0.509094 -0.860711 0
    outer loop
      vertex -5.78104 10.5157 8
      vertex -6.42992 10.1319 4
      vertex -5.78104 10.5157 4
    endloop
  endfacet
  facet normal -0.6129 0.790161 0
    outer loop
      vertex 7.64909 -9.24616 4
      vertex 7.05342 -9.7082 8
      vertex 7.64909 -9.24616 8
    endloop
  endfacet
  facet normal -0.6129 0.790161 0
    outer loop
      vertex 7.05342 -9.7082 8
      vertex 7.64909 -9.24616 4
      vertex 7.05342 -9.7082 4
    endloop
  endfacet
  facet normal 0.66132 -0.750104 0
    outer loop
      vertex -8.21456 8.74762 4
      vertex -7.64909 9.24616 8
      vertex -8.21456 8.74762 8
    endloop
  endfacet
  facet normal 0.66132 -0.750104 0
    outer loop
      vertex -7.64909 9.24616 8
      vertex -8.21456 8.74762 4
      vertex -7.64909 9.24616 4
    endloop
  endfacet
  facet normal 0.917752 0.397154 0
    outer loop
      vertex -10.8579 -5.10935 8
      vertex -11.1573 -4.41749 4
      vertex -11.1573 -4.41749 8
    endloop
  endfacet
  facet normal 0.917752 0.397154 0
    outer loop
      vertex -11.1573 -4.41749 4
      vertex -10.8579 -5.10935 8
      vertex -10.8579 -5.10935 4
    endloop
  endfacet
  facet normal 0.9603 0.278969 0
    outer loop
      vertex -11.4127 -3.7082 8
      vertex -11.623 -2.98428 4
      vertex -11.623 -2.98428 8
    endloop
  endfacet
  facet normal 0.9603 0.278969 0
    outer loop
      vertex -11.623 -2.98428 4
      vertex -11.4127 -3.7082 8
      vertex -11.4127 -3.7082 4
    endloop
  endfacet
  facet normal 0.987674 -0.156525 0
    outer loop
      vertex -11.9054 1.504 8
      vertex -11.7874 2.24858 4
      vertex -11.7874 2.24858 8
    endloop
  endfacet
  facet normal 0.987674 -0.156525 0
    outer loop
      vertex -11.7874 2.24858 4
      vertex -11.9054 1.504 8
      vertex -11.9054 1.504 4
    endloop
  endfacet
  facet normal 0.156525 -0.987674 0
    outer loop
      vertex -2.24858 11.7874 4
      vertex -1.504 11.9054 8
      vertex -2.24858 11.7874 8
    endloop
  endfacet
  facet normal 0.156525 -0.987674 0
    outer loop
      vertex -1.504 11.9054 8
      vertex -2.24858 11.7874 4
      vertex -1.504 11.9054 4
    endloop
  endfacet
  facet normal 0.995567 0.0940499 0
    outer loop
      vertex -11.9054 -1.504 8
      vertex -11.9763 -0.753486 4
      vertex -11.9763 -0.753486 8
    endloop
  endfacet
  facet normal 0.995567 0.0940499 0
    outer loop
      vertex -11.9763 -0.753486 4
      vertex -11.9054 -1.504 8
      vertex -11.9054 -1.504 4
    endloop
  endfacet
  facet normal -0.707107 0.707107 0
    outer loop
      vertex 8.21456 -8.74762 4
      vertex 8.74762 -8.21456 8
      vertex 8.74762 -8.21456 4
    endloop
  endfacet
  facet normal -0.707107 0.707107 0
    outer loop
      vertex 8.74762 -8.21456 8
      vertex 8.21456 -8.74762 4
      vertex 8.21456 -8.74762 8
    endloop
  endfacet
  facet normal -0.917752 0.397154 0
    outer loop
      vertex 10.8579 -5.10935 4
      vertex 11.1573 -4.41749 8
      vertex 11.1573 -4.41749 4
    endloop
  endfacet
  facet normal -0.917752 0.397154 0
    outer loop
      vertex 11.1573 -4.41749 8
      vertex 10.8579 -5.10935 4
      vertex 10.8579 -5.10935 8
    endloop
  endfacet
  facet normal 0.790161 0.6129 0
    outer loop
      vertex -9.24616 -7.64909 8
      vertex -9.7082 -7.05342 4
      vertex -9.7082 -7.05342 8
    endloop
  endfacet
  facet normal 0.790161 0.6129 0
    outer loop
      vertex -9.7082 -7.05342 4
      vertex -9.24616 -7.64909 8
      vertex -9.24616 -7.64909 4
    endloop
  endfacet
  facet normal -0.218082 -0.97593 0
    outer loop
      vertex 2.24858 11.7874 4
      vertex 2.98428 11.623 8
      vertex 2.24858 11.7874 8
    endloop
  endfacet
  facet normal -0.218082 -0.97593 -0
    outer loop
      vertex 2.98428 11.623 8
      vertex 2.24858 11.7874 4
      vertex 2.98428 11.623 4
    endloop
  endfacet
  facet normal 0.218082 0.97593 -0
    outer loop
      vertex -2.24858 -11.7874 4
      vertex -2.98428 -11.623 8
      vertex -2.24858 -11.7874 8
    endloop
  endfacet
  facet normal 0.218082 0.97593 0
    outer loop
      vertex -2.98428 -11.623 8
      vertex -2.24858 -11.7874 4
      vertex -2.98428 -11.623 4
    endloop
  endfacet
  facet normal 0.860711 0.509094 0
    outer loop
      vertex -10.1319 -6.42992 8
      vertex -10.5157 -5.78104 4
      vertex -10.5157 -5.78104 8
    endloop
  endfacet
  facet normal 0.860711 0.509094 0
    outer loop
      vertex -10.5157 -5.78104 4
      vertex -10.1319 -6.42992 8
      vertex -10.1319 -6.42992 4
    endloop
  endfacet
  facet normal -0.562056 0.827099 0
    outer loop
      vertex 7.05342 -9.7082 4
      vertex 6.42992 -10.1319 8
      vertex 7.05342 -9.7082 8
    endloop
  endfacet
  facet normal -0.562056 0.827099 0
    outer loop
      vertex 6.42992 -10.1319 8
      vertex 7.05342 -9.7082 4
      vertex 6.42992 -10.1319 4
    endloop
  endfacet
  facet normal -0.750104 -0.66132 0
    outer loop
      vertex 9.24616 7.64909 4
      vertex 8.74762 8.21456 8
      vertex 8.74762 8.21456 4
    endloop
  endfacet
  facet normal -0.750104 -0.66132 0
    outer loop
      vertex 8.74762 8.21456 8
      vertex 9.24616 7.64909 4
      vertex 9.24616 7.64909 8
    endloop
  endfacet
  facet normal 0.707107 -0.707107 0
    outer loop
      vertex -8.74762 8.21456 8
      vertex -8.21456 8.74762 4
      vertex -8.21456 8.74762 8
    endloop
  endfacet
  facet normal 0.707107 -0.707107 0
    outer loop
      vertex -8.21456 8.74762 4
      vertex -8.74762 8.21456 8
      vertex -8.74762 8.21456 4
    endloop
  endfacet
  facet normal 0.156525 0.987674 -0
    outer loop
      vertex -1.504 -11.9054 4
      vertex -2.24858 -11.7874 8
      vertex -1.504 -11.9054 8
    endloop
  endfacet
  facet normal 0.156525 0.987674 0
    outer loop
      vertex -2.24858 -11.7874 8
      vertex -1.504 -11.9054 4
      vertex -2.24858 -11.7874 4
    endloop
  endfacet
  facet normal 0.827099 -0.562056 0
    outer loop
      vertex -10.1319 6.42992 8
      vertex -9.7082 7.05342 4
      vertex -9.7082 7.05342 8
    endloop
  endfacet
  facet normal 0.827099 -0.562056 0
    outer loop
      vertex -9.7082 7.05342 4
      vertex -10.1319 6.42992 8
      vertex -10.1319 6.42992 4
    endloop
  endfacet
  facet normal 0.453945 -0.89103 0
    outer loop
      vertex -5.78104 10.5157 4
      vertex -5.10935 10.8579 8
      vertex -5.78104 10.5157 8
    endloop
  endfacet
  facet normal 0.453945 -0.89103 0
    outer loop
      vertex -5.10935 10.8579 8
      vertex -5.78104 10.5157 4
      vertex -5.10935 10.8579 4
    endloop
  endfacet
  facet normal 0.66132 0.750104 -0
    outer loop
      vertex -7.64909 -9.24616 4
      vertex -8.21456 -8.74762 8
      vertex -7.64909 -9.24616 8
    endloop
  endfacet
  facet normal 0.66132 0.750104 0
    outer loop
      vertex -8.21456 -8.74762 8
      vertex -7.64909 -9.24616 4
      vertex -8.21456 -8.74762 4
    endloop
  endfacet
  facet normal 0.397154 0.917752 -0
    outer loop
      vertex -4.41749 -11.1573 4
      vertex -5.10935 -10.8579 8
      vertex -4.41749 -11.1573 8
    endloop
  endfacet
  facet normal 0.397154 0.917752 0
    outer loop
      vertex -5.10935 -10.8579 8
      vertex -4.41749 -11.1573 4
      vertex -5.10935 -10.8579 4
    endloop
  endfacet
  facet normal 0.89103 0.453945 0
    outer loop
      vertex -10.5157 -5.78104 8
      vertex -10.8579 -5.10935 4
      vertex -10.8579 -5.10935 8
    endloop
  endfacet
  facet normal 0.89103 0.453945 0
    outer loop
      vertex -10.8579 -5.10935 4
      vertex -10.5157 -5.78104 8
      vertex -10.5157 -5.78104 4
    endloop
  endfacet
  facet normal -0.338785 0.940864 0
    outer loop
      vertex 4.41749 -11.1573 4
      vertex 3.7082 -11.4127 8
      vertex 4.41749 -11.1573 8
    endloop
  endfacet
  facet normal -0.338785 0.940864 0
    outer loop
      vertex 3.7082 -11.4127 8
      vertex 4.41749 -11.1573 4
      vertex 3.7082 -11.4127 4
    endloop
  endfacet
  facet normal 0.509094 0.860711 -0
    outer loop
      vertex -5.78104 -10.5157 4
      vertex -6.42992 -10.1319 8
      vertex -5.78104 -10.5157 8
    endloop
  endfacet
  facet normal 0.509094 0.860711 0
    outer loop
      vertex -6.42992 -10.1319 8
      vertex -5.78104 -10.5157 4
      vertex -6.42992 -10.1319 4
    endloop
  endfacet
  facet normal 0.562056 0.827099 -0
    outer loop
      vertex -6.42992 -10.1319 4
      vertex -7.05342 -9.7082 8
      vertex -6.42992 -10.1319 8
    endloop
  endfacet
  facet normal 0.562056 0.827099 0
    outer loop
      vertex -7.05342 -9.7082 8
      vertex -6.42992 -10.1319 4
      vertex -7.05342 -9.7082 4
    endloop
  endfacet
endsolid OpenSCAD_Model
