solid OpenSCAD_Model
  facet normal 1 0 0
    outer loop
      vertex 60 -25 20
      vertex 60 -30 20
      vertex 60 -25 4
    endloop
  endfacet
  facet normal 1 0 0
    outer loop
      vertex 60 25 4
      vertex 60 30 20
      vertex 60 25 20
    endloop
  endfacet
  facet normal 1 0 0
    outer loop
      vertex 60 30 20
      vertex 60 25 4
      vertex 60 30 0
    endloop
  endfacet
  facet normal 1 -0 0
    outer loop
      vertex 60 -25 4
      vertex 60 30 0
      vertex 60 25 4
    endloop
  endfacet
  facet normal 1 0 0
    outer loop
      vertex 60 -25 4
      vertex 60 -30 0
      vertex 60 30 0
    endloop
  endfacet
  facet normal 1 0 0
    outer loop
      vertex 60 -30 0
      vertex 60 -25 4
      vertex 60 -30 20
    endloop
  endfacet
  facet normal -0 0 1
    outer loop
      vertex 46.6459 25 4
      vertex 7.69596 2.17093 4
      vertex 53.3541 25 4
    endloop
  endfacet
  facet normal 0 0 1
    outer loop
      vertex 3.61931 1.70312 4
      vertex 7.69596 2.17093 4
      vertex 6.3543 4.8542 4
    endloop
  endfacet
  facet normal -0 0 1
    outer loop
      vertex 6.3543 4.8542 4
      vertex 7.69596 2.17093 4
      vertex 46.6459 25 4
    endloop
  endfacet
  facet normal 0 0 1
    outer loop
      vertex 7.69596 -2.17093 4
      vertex 46.6459 -25 4
      vertex 53.3541 -25 4
    endloop
  endfacet
  facet normal 0 0 1
    outer loop
      vertex 7.69596 -2.17093 4
      vertex 6.3543 -4.8542 4
      vertex 46.6459 -25 4
    endloop
  endfacet
  facet normal 0 -0 1
    outer loop
      vertex 3.96846 0.501332 4
      vertex 7.69596 2.17093 4
      vertex 3.92915 0.749525 4
    endloop
  endfacet
  facet normal 0 0 1
    outer loop
      vertex 3.08205 2.5497 4
      vertex 6.3543 4.8542 4
      vertex 6.16411 5.09939 4
    endloop
  endfacet
  facet normal -0 0 1
    outer loop
      vertex 3.99211 -0.251162 4
      vertex 7.69596 -2.17093 4
      vertex 4 0 4
    endloop
  endfacet
  facet normal 0 0 1
    outer loop
      vertex 3.08205 2.5497 4
      vertex 6.16411 5.09939 4
      vertex 5.83175 5.47638 4
    endloop
  endfacet
  facet normal -0 0 1
    outer loop
      vertex 3.96846 -0.501332 4
      vertex 7.69596 -2.17093 4
      vertex 3.99211 -0.251162 4
    endloop
  endfacet
  facet normal 0 0 1
    outer loop
      vertex 2.91587 2.73819 4
      vertex 5.83175 5.47638 4
      vertex 5.47638 5.83175 4
    endloop
  endfacet
  facet normal -0 0 1
    outer loop
      vertex 3.92915 -0.749525 4
      vertex 7.69596 -2.17093 4
      vertex 3.96846 -0.501332 4
    endloop
  endfacet
  facet normal 0 0 1
    outer loop
      vertex 2.73819 2.91587 4
      vertex 5.47638 5.83175 4
      vertex 5.09939 6.16411 4
    endloop
  endfacet
  facet normal -0 0 1
    outer loop
      vertex 3.87433 -0.994759 4
      vertex 7.69596 -2.17093 4
      vertex 3.92915 -0.749525 4
    endloop
  endfacet
  facet normal 0 0 1
    outer loop
      vertex 2.5497 3.08205 4
      vertex 5.09939 6.16411 4
      vertex 4.70228 6.47214 4
    endloop
  endfacet
  facet normal -0 0 1
    outer loop
      vertex 3.80423 -1.23607 4
      vertex 7.69596 -2.17093 4
      vertex 3.87433 -0.994759 4
    endloop
  endfacet
  facet normal 0 0 1
    outer loop
      vertex 2.35114 3.23607 4
      vertex 4.70228 6.47214 4
      vertex 4.28661 6.75462 4
    endloop
  endfacet
  facet normal -0 0 1
    outer loop
      vertex 3.71911 -1.4725 4
      vertex 7.69596 -2.17093 4
      vertex 3.80423 -1.23607 4
    endloop
  endfacet
  facet normal -0 0 1
    outer loop
      vertex 3.61931 -1.70312 4
      vertex 7.69596 -2.17093 4
      vertex 3.71911 -1.4725 4
    endloop
  endfacet
  facet normal 0 0 1
    outer loop
      vertex 7.69596 2.17093 4
      vertex 4 0 4
      vertex 7.69596 -2.17093 4
    endloop
  endfacet
  facet normal 0 -0 1
    outer loop
      vertex 4 0 4
      vertex 7.69596 2.17093 4
      vertex 3.99211 0.251162 4
    endloop
  endfacet
  facet normal 0 -0 1
    outer loop
      vertex 3.99211 0.251162 4
      vertex 7.69596 2.17093 4
      vertex 3.96846 0.501332 4
    endloop
  endfacet
  facet normal 0 0 1
    outer loop
      vertex 7.69596 2.17093 4
      vertex 3.87433 0.994759 4
      vertex 3.92915 0.749525 4
    endloop
  endfacet
  facet normal 0 0 1
    outer loop
      vertex 2.14331 3.37731 4
      vertex 4.28661 6.75462 4
      vertex 3.85403 7.01045 4
    endloop
  endfacet
  facet normal 0 0 1
    outer loop
      vertex 7.69596 2.17093 4
      vertex 3.80423 1.23607 4
      vertex 3.87433 0.994759 4
    endloop
  endfacet
  facet normal 0 0 1
    outer loop
      vertex 7.69596 2.17093 4
      vertex 3.71911 1.4725 4
      vertex 3.80423 1.23607 4
    endloop
  endfacet
  facet normal 0 0 1
    outer loop
      vertex 7.69596 2.17093 4
      vertex 3.61931 1.70312 4
      vertex 3.71911 1.4725 4
    endloop
  endfacet
  facet normal 0 0 1
    outer loop
      vertex 6.3543 4.8542 4
      vertex 3.50523 1.92701 4
      vertex 3.61931 1.70312 4
    endloop
  endfacet
  facet normal 0 0 1
    outer loop
      vertex 1.92701 3.50523 4
      vertex 3.85403 7.01045 4
      vertex 3.40623 7.23862 4
    endloop
  endfacet
  facet normal 0 0 1
    outer loop
      vertex 6.3543 4.8542 4
      vertex 3.37731 2.14331 4
      vertex 3.50523 1.92701 4
    endloop
  endfacet
  facet normal 0 0 1
    outer loop
      vertex 6.3543 4.8542 4
      vertex 3.23607 2.35114 4
      vertex 3.37731 2.14331 4
    endloop
  endfacet
  facet normal 0 0 1
    outer loop
      vertex 6.3543 4.8542 4
      vertex 3.08205 2.5497 4
      vertex 3.23607 2.35114 4
    endloop
  endfacet
  facet normal 0 0 1
    outer loop
      vertex 1.70312 3.61931 4
      vertex 3.40623 7.23862 4
      vertex 2.945 7.43821 4
    endloop
  endfacet
  facet normal 0 0 1
    outer loop
      vertex 5.83175 5.47638 4
      vertex 2.91587 2.73819 4
      vertex 3.08205 2.5497 4
    endloop
  endfacet
  facet normal 0 0 1
    outer loop
      vertex 5.47638 5.83175 4
      vertex 2.73819 2.91587 4
      vertex 2.91587 2.73819 4
    endloop
  endfacet
  facet normal 0 0 1
    outer loop
      vertex 5.09939 6.16411 4
      vertex 2.5497 3.08205 4
      vertex 2.73819 2.91587 4
    endloop
  endfacet
  facet normal 0 0 1
    outer loop
      vertex 1.4725 3.71911 4
      vertex 2.945 7.43821 4
      vertex 2.47214 7.60845 4
    endloop
  endfacet
  facet normal 0 0 1
    outer loop
      vertex 4.70228 6.47214 4
      vertex 2.35114 3.23607 4
      vertex 2.5497 3.08205 4
    endloop
  endfacet
  facet normal 0 0 1
    outer loop
      vertex 4.28661 6.75462 4
      vertex 2.14331 3.37731 4
      vertex 2.35114 3.23607 4
    endloop
  endfacet
  facet normal 0 0 1
    outer loop
      vertex 1.23607 3.80423 4
      vertex 2.47214 7.60845 4
      vertex 1.98952 7.74866 4
    endloop
  endfacet
  facet normal 0 0 1
    outer loop
      vertex 3.85403 7.01045 4
      vertex 1.92701 3.50523 4
      vertex 2.14331 3.37731 4
    endloop
  endfacet
  facet normal 0 0 1
    outer loop
      vertex 3.40623 7.23862 4
      vertex 1.70312 3.61931 4
      vertex 1.92701 3.50523 4
    endloop
  endfacet
  facet normal 0 0 1
    outer loop
      vertex 0.994759 3.87433 4
      vertex 1.98952 7.74866 4
      vertex 1.5 7.85809 4
    endloop
  endfacet
  facet normal 0 0 1
    outer loop
      vertex 2.945 7.43821 4
      vertex 1.4725 3.71911 4
      vertex 1.70312 3.61931 4
    endloop
  endfacet
  facet normal -0 0 1
    outer loop
      vertex -60 25 4
      vertex -57 1.5 4
      vertex -57 25 4
    endloop
  endfacet
  facet normal 0 0 1
    outer loop
      vertex -57 1.5 4
      vertex -60 25 4
      vertex -57 -1.5 4
    endloop
  endfacet
  facet normal 0 0 1
    outer loop
      vertex -60 -25 4
      vertex -57 -1.5 4
      vertex -60 25 4
    endloop
  endfacet
  facet normal 0 0 1
    outer loop
      vertex -57 -1.5 4
      vertex -60 -25 4
      vertex -57 -25 4
    endloop
  endfacet
  facet normal 0 0 1
    outer loop
      vertex -3.99211 0.251162 4
      vertex -7.85809 1.5 4
      vertex -4 0 4
    endloop
  endfacet
  facet normal 0 0 1
    outer loop
      vertex -7.85809 -1.5 4
      vertex -4 0 4
      vertex -7.85809 1.5 4
    endloop
  endfacet
  facet normal 0 -0 1
    outer loop
      vertex -7.74866 -1.98952 4
      vertex -4 0 4
      vertex -7.85809 -1.5 4
    endloop
  endfacet
  facet normal 0 0 1
    outer loop
      vertex -4 0 4
      vertex -7.74866 -1.98952 4
      vertex -7.69596 -2.17093 4
    endloop
  endfacet
  facet normal -0 0 1
    outer loop
      vertex -27.1419 1.5 4
      vertex -7.85809 -1.5 4
      vertex -7.85809 1.5 4
    endloop
  endfacet
  facet normal 0 0 1
    outer loop
      vertex -27.1419 1.5 4
      vertex -27.1419 -1.5 4
      vertex -7.85809 -1.5 4
    endloop
  endfacet
  facet normal 0 0 1
    outer loop
      vertex -31.0709 0.749525 4
      vertex -27.1419 1.5 4
      vertex -27.2513 1.98952 4
    endloop
  endfacet
  facet normal 0 0 1
    outer loop
      vertex -27.1419 1.5 4
      vertex -31 0 4
      vertex -27.1419 -1.5 4
    endloop
  endfacet
  facet normal 0 0 1
    outer loop
      vertex -31.1257 0.994759 4
      vertex -27.2513 1.98952 4
      vertex -27.3915 2.47214 4
    endloop
  endfacet
  facet normal -0 0 1
    outer loop
      vertex -31.0079 -0.251162 4
      vertex -27.1419 -1.5 4
      vertex -31 0 4
    endloop
  endfacet
  facet normal 0 0 1
    outer loop
      vertex -31.1958 1.23607 4
      vertex -27.3915 2.47214 4
      vertex -27.5618 2.945 4
    endloop
  endfacet
  facet normal -0 0 1
    outer loop
      vertex -31.0315 -0.501332 4
      vertex -27.1419 -1.5 4
      vertex -31.0079 -0.251162 4
    endloop
  endfacet
  facet normal 0 0 1
    outer loop
      vertex -31.2809 1.4725 4
      vertex -27.5618 2.945 4
      vertex -27.7614 3.40623 4
    endloop
  endfacet
  facet normal -0 0 1
    outer loop
      vertex -31.0709 -0.749525 4
      vertex -27.1419 -1.5 4
      vertex -31.0315 -0.501332 4
    endloop
  endfacet
  facet normal 0 0 1
    outer loop
      vertex -31.3807 1.70312 4
      vertex -27.7614 3.40623 4
      vertex -27.9895 3.85403 4
    endloop
  endfacet
  facet normal 0 0 1
    outer loop
      vertex -27.1419 -1.5 4
      vertex -31.0709 -0.749525 4
      vertex -27.2513 -1.98952 4
    endloop
  endfacet
  facet normal 0 0 1
    outer loop
      vertex -31.4948 1.92701 4
      vertex -27.9895 3.85403 4
      vertex -28.2454 4.28661 4
    endloop
  endfacet
  facet normal -0 0 1
    outer loop
      vertex -31.1257 -0.994759 4
      vertex -27.2513 -1.98952 4
      vertex -31.0709 -0.749525 4
    endloop
  endfacet
  facet normal 0 0 1
    outer loop
      vertex -31.6227 2.14331 4
      vertex -28.2454 4.28661 4
      vertex -28.5279 4.70228 4
    endloop
  endfacet
  facet normal 0 0 1
    outer loop
      vertex -27.2513 -1.98952 4
      vertex -31.1257 -0.994759 4
      vertex -27.3915 -2.47214 4
    endloop
  endfacet
  facet normal 0 0 1
    outer loop
      vertex -31.7639 2.35114 4
      vertex -28.5279 4.70228 4
      vertex -28.8359 5.09939 4
    endloop
  endfacet
  facet normal -0 0 1
    outer loop
      vertex -31.1958 -1.23607 4
      vertex -27.3915 -2.47214 4
      vertex -31.1257 -0.994759 4
    endloop
  endfacet
  facet normal 0 0 1
    outer loop
      vertex -31.9179 2.5497 4
      vertex -28.8359 5.09939 4
      vertex -29.1683 5.47638 4
    endloop
  endfacet
  facet normal 0 0 1
    outer loop
      vertex -27.3915 -2.47214 4
      vertex -31.1958 -1.23607 4
      vertex -27.5618 -2.945 4
    endloop
  endfacet
  facet normal 0 0 1
    outer loop
      vertex -32.0841 2.73819 4
      vertex -29.1683 5.47638 4
      vertex -29.5236 5.83175 4
    endloop
  endfacet
  facet normal -0 0 1
    outer loop
      vertex -31.2809 -1.4725 4
      vertex -27.5618 -2.945 4
      vertex -31.1958 -1.23607 4
    endloop
  endfacet
  facet normal 0 0 1
    outer loop
      vertex -32.2618 2.91587 4
      vertex -29.5236 5.83175 4
      vertex -29.9006 6.16411 4
    endloop
  endfacet
  facet normal 0 0 1
    outer loop
      vertex -27.5618 -2.945 4
      vertex -31.2809 -1.4725 4
      vertex -27.7614 -3.40623 4
    endloop
  endfacet
  facet normal 0 0 1
    outer loop
      vertex -32.4503 3.08205 4
      vertex -29.9006 6.16411 4
      vertex -30.2977 6.47214 4
    endloop
  endfacet
  facet normal -0 0 1
    outer loop
      vertex -31.3807 -1.70312 4
      vertex -27.7614 -3.40623 4
      vertex -31.2809 -1.4725 4
    endloop
  endfacet
  facet normal 0 0 1
    outer loop
      vertex -32.6489 3.23607 4
      vertex -30.2977 6.47214 4
      vertex -30.7134 6.75462 4
    endloop
  endfacet
  facet normal 0 0 1
    outer loop
      vertex -27.7614 -3.40623 4
      vertex -31.3807 -1.70312 4
      vertex -27.9895 -3.85403 4
    endloop
  endfacet
  facet normal -0 0 1
    outer loop
      vertex -31.4948 -1.92701 4
      vertex -27.9895 -3.85403 4
      vertex -31.3807 -1.70312 4
    endloop
  endfacet
  facet normal 0 0 1
    outer loop
      vertex -27.1419 1.5 4
      vertex -31.0079 0.251162 4
      vertex -31 0 4
    endloop
  endfacet
  facet normal 0 0 1
    outer loop
      vertex -27.1419 1.5 4
      vertex -31.0315 0.501332 4
      vertex -31.0079 0.251162 4
    endloop
  endfacet
  facet normal 0 0 1
    outer loop
      vertex -27.1419 1.5 4
      vertex -31.0709 0.749525 4
      vertex -31.0315 0.501332 4
    endloop
  endfacet
  facet normal 0 0 1
    outer loop
      vertex -27.2513 1.98952 4
      vertex -31.1257 0.994759 4
      vertex -31.0709 0.749525 4
    endloop
  endfacet
  facet normal 0 0 1
    outer loop
      vertex -32.8567 3.37731 4
      vertex -30.7134 6.75462 4
      vertex -31.146 7.01045 4
    endloop
  endfacet
  facet normal 0 0 1
    outer loop
      vertex -27.3915 2.47214 4
      vertex -31.1958 1.23607 4
      vertex -31.1257 0.994759 4
    endloop
  endfacet
  facet normal 0 0 1
    outer loop
      vertex -27.5618 2.945 4
      vertex -31.2809 1.4725 4
      vertex -31.1958 1.23607 4
    endloop
  endfacet
  facet normal 0 0 1
    outer loop
      vertex -27.7614 3.40623 4
      vertex -31.3807 1.70312 4
      vertex -31.2809 1.4725 4
    endloop
  endfacet
  facet normal 0 0 1
    outer loop
      vertex -27.9895 3.85403 4
      vertex -31.4948 1.92701 4
      vertex -31.3807 1.70312 4
    endloop
  endfacet
  facet normal 0 0 1
    outer loop
      vertex -33.073 3.50523 4
      vertex -31.146 7.01045 4
      vertex -31.5938 7.23862 4
    endloop
  endfacet
  facet normal 0 0 1
    outer loop
      vertex -28.2454 4.28661 4
      vertex -31.6227 2.14331 4
      vertex -31.4948 1.92701 4
    endloop
  endfacet
  facet normal 0 0 1
    outer loop
      vertex -28.5279 4.70228 4
      vertex -31.7639 2.35114 4
      vertex -31.6227 2.14331 4
    endloop
  endfacet
  facet normal 0 0 1
    outer loop
      vertex -28.8359 5.09939 4
      vertex -31.9179 2.5497 4
      vertex -31.7639 2.35114 4
    endloop
  endfacet
  facet normal 0 0 1
    outer loop
      vertex -33.2969 3.61931 4
      vertex -31.5938 7.23862 4
      vertex -32.055 7.43821 4
    endloop
  endfacet
  facet normal 0 0 1
    outer loop
      vertex -29.1683 5.47638 4
      vertex -32.0841 2.73819 4
      vertex -31.9179 2.5497 4
    endloop
  endfacet
  facet normal 0 0 1
    outer loop
      vertex -29.5236 5.83175 4
      vertex -32.2618 2.91587 4
      vertex -32.0841 2.73819 4
    endloop
  endfacet
  facet normal 0 0 1
    outer loop
      vertex -29.9006 6.16411 4
      vertex -32.4503 3.08205 4
      vertex -32.2618 2.91587 4
    endloop
  endfacet
  facet normal 0 0 1
    outer loop
      vertex -33.5275 3.71911 4
      vertex -32.055 7.43821 4
      vertex -32.5279 7.60845 4
    endloop
  endfacet
  facet normal 0 0 1
    outer loop
      vertex -30.2977 6.47214 4
      vertex -32.6489 3.23607 4
      vertex -32.4503 3.08205 4
    endloop
  endfacet
  facet normal 0 0 1
    outer loop
      vertex -30.7134 6.75462 4
      vertex -32.8567 3.37731 4
      vertex -32.6489 3.23607 4
    endloop
  endfacet
  facet normal 0 0 1
    outer loop
      vertex -33.7639 3.80423 4
      vertex -32.5279 7.60845 4
      vertex -33.0105 7.74866 4
    endloop
  endfacet
  facet normal 0 0 1
    outer loop
      vertex -31.146 7.01045 4
      vertex -33.073 3.50523 4
      vertex -32.8567 3.37731 4
    endloop
  endfacet
  facet normal 0 0 1
    outer loop
      vertex -31.5938 7.23862 4
      vertex -33.2969 3.61931 4
      vertex -33.073 3.50523 4
    endloop
  endfacet
  facet normal 0 0 1
    outer loop
      vertex -34.0052 3.87433 4
      vertex -33.0105 7.74866 4
      vertex -33.5009 7.8583 4
    endloop
  endfacet
  facet normal 0 0 1
    outer loop
      vertex -32.055 7.43821 4
      vertex -33.5275 3.71911 4
      vertex -33.2969 3.61931 4
    endloop
  endfacet
  facet normal 0 0 1
    outer loop
      vertex -32.5279 7.60845 4
      vertex -33.7639 3.80423 4
      vertex -33.5275 3.71911 4
    endloop
  endfacet
  facet normal 0 0 1
    outer loop
      vertex -34.2505 3.92915 4
      vertex -33.5009 7.8583 4
      vertex -33.9973 7.93692 4
    endloop
  endfacet
  facet normal 0 0 1
    outer loop
      vertex -33.0105 7.74866 4
      vertex -34.0052 3.87433 4
      vertex -33.7639 3.80423 4
    endloop
  endfacet
  facet normal 0 0 1
    outer loop
      vertex -33.5009 7.8583 4
      vertex -34.2505 3.92915 4
      vertex -34.0052 3.87433 4
    endloop
  endfacet
  facet normal 0 0 1
    outer loop
      vertex -34.4987 3.96846 4
      vertex -33.9973 7.93692 4
      vertex -34.4977 7.98421 4
    endloop
  endfacet
  facet normal 0 0 1
    outer loop
      vertex -33.9973 7.93692 4
      vertex -34.4987 3.96846 4
      vertex -34.2505 3.92915 4
    endloop
  endfacet
  facet normal 0 0 1
    outer loop
      vertex -34.4977 7.98421 4
      vertex -34.7488 3.99211 4
      vertex -34.4987 3.96846 4
    endloop
  endfacet
  facet normal 0 0 1
    outer loop
      vertex -35 8 4
      vertex -34.7488 3.99211 4
      vertex -34.4977 7.98421 4
    endloop
  endfacet
  facet normal 0 0 1
    outer loop
      vertex -35 8 4
      vertex -35 4 4
      vertex -34.7488 3.99211 4
    endloop
  endfacet
  facet normal 0 0 1
    outer loop
      vertex -35 8 4
      vertex -35.2512 3.99211 4
      vertex -35 4 4
    endloop
  endfacet
  facet normal -0 0 1
    outer loop
      vertex -35.5023 7.98421 4
      vertex -35.2512 3.99211 4
      vertex -35 8 4
    endloop
  endfacet
  facet normal 0 0 1
    outer loop
      vertex -35.2512 3.99211 4
      vertex -35.5023 7.98421 4
      vertex -35.5013 3.96846 4
    endloop
  endfacet
  facet normal -0 0 1
    outer loop
      vertex -36.0027 7.93692 4
      vertex -35.5013 3.96846 4
      vertex -35.5023 7.98421 4
    endloop
  endfacet
  facet normal 0 0 1
    outer loop
      vertex -35.5013 3.96846 4
      vertex -36.0027 7.93692 4
      vertex -35.7495 3.92915 4
    endloop
  endfacet
  facet normal -0 0 1
    outer loop
      vertex -36.4991 7.8583 4
      vertex -35.7495 3.92915 4
      vertex -36.0027 7.93692 4
    endloop
  endfacet
  facet normal 0 0 1
    outer loop
      vertex -35.7495 3.92915 4
      vertex -36.4991 7.8583 4
      vertex -35.9948 3.87433 4
    endloop
  endfacet
  facet normal -0 0 1
    outer loop
      vertex -36.9895 7.74866 4
      vertex -35.9948 3.87433 4
      vertex -36.4991 7.8583 4
    endloop
  endfacet
  facet normal 0 0 1
    outer loop
      vertex -35.9948 3.87433 4
      vertex -36.9895 7.74866 4
      vertex -36.2361 3.80423 4
    endloop
  endfacet
  facet normal -0 0 1
    outer loop
      vertex -37.4721 7.60845 4
      vertex -36.2361 3.80423 4
      vertex -36.9895 7.74866 4
    endloop
  endfacet
  facet normal 0 0 1
    outer loop
      vertex -36.2361 3.80423 4
      vertex -37.4721 7.60845 4
      vertex -36.4725 3.71911 4
    endloop
  endfacet
  facet normal -0 0 1
    outer loop
      vertex -37.945 7.43821 4
      vertex -36.4725 3.71911 4
      vertex -37.4721 7.60845 4
    endloop
  endfacet
  facet normal 0 0 1
    outer loop
      vertex -36.4725 3.71911 4
      vertex -37.945 7.43821 4
      vertex -36.7031 3.61931 4
    endloop
  endfacet
  facet normal -0 0 1
    outer loop
      vertex -38.4062 7.23862 4
      vertex -36.7031 3.61931 4
      vertex -37.945 7.43821 4
    endloop
  endfacet
  facet normal 0 0 1
    outer loop
      vertex -36.7031 3.61931 4
      vertex -38.4062 7.23862 4
      vertex -36.927 3.50523 4
    endloop
  endfacet
  facet normal -0 0 1
    outer loop
      vertex -38.854 7.01045 4
      vertex -36.927 3.50523 4
      vertex -38.4062 7.23862 4
    endloop
  endfacet
  facet normal 0 0 1
    outer loop
      vertex -36.927 3.50523 4
      vertex -38.854 7.01045 4
      vertex -37.1433 3.37731 4
    endloop
  endfacet
  facet normal -0 0 1
    outer loop
      vertex -39.2866 6.75462 4
      vertex -37.1433 3.37731 4
      vertex -38.854 7.01045 4
    endloop
  endfacet
  facet normal 0 0 1
    outer loop
      vertex -37.1433 3.37731 4
      vertex -39.2866 6.75462 4
      vertex -37.3511 3.23607 4
    endloop
  endfacet
  facet normal -0 0 1
    outer loop
      vertex -39.7023 6.47214 4
      vertex -37.3511 3.23607 4
      vertex -39.2866 6.75462 4
    endloop
  endfacet
  facet normal 0 0 1
    outer loop
      vertex -37.3511 3.23607 4
      vertex -39.7023 6.47214 4
      vertex -37.5497 3.08205 4
    endloop
  endfacet
  facet normal -0 0 1
    outer loop
      vertex -40.0994 6.16411 4
      vertex -37.5497 3.08205 4
      vertex -39.7023 6.47214 4
    endloop
  endfacet
  facet normal 0 0 1
    outer loop
      vertex -37.5497 3.08205 4
      vertex -40.0994 6.16411 4
      vertex -37.7382 2.91587 4
    endloop
  endfacet
  facet normal -0 0 1
    outer loop
      vertex -40.4764 5.83175 4
      vertex -37.7382 2.91587 4
      vertex -40.0994 6.16411 4
    endloop
  endfacet
  facet normal 0 0 1
    outer loop
      vertex -37.7382 2.91587 4
      vertex -40.4764 5.83175 4
      vertex -37.9159 2.73819 4
    endloop
  endfacet
  facet normal -0 0 1
    outer loop
      vertex -40.8317 5.47638 4
      vertex -37.9159 2.73819 4
      vertex -40.4764 5.83175 4
    endloop
  endfacet
  facet normal 0 0 1
    outer loop
      vertex -37.9159 2.73819 4
      vertex -40.8317 5.47638 4
      vertex -38.0821 2.5497 4
    endloop
  endfacet
  facet normal -0 0 1
    outer loop
      vertex -41.1641 5.09939 4
      vertex -38.0821 2.5497 4
      vertex -40.8317 5.47638 4
    endloop
  endfacet
  facet normal 0 0 1
    outer loop
      vertex -38.0821 2.5497 4
      vertex -41.1641 5.09939 4
      vertex -38.2361 2.35114 4
    endloop
  endfacet
  facet normal -0 0 1
    outer loop
      vertex -41.4721 4.70228 4
      vertex -38.2361 2.35114 4
      vertex -41.1641 5.09939 4
    endloop
  endfacet
  facet normal 0 0 1
    outer loop
      vertex -38.2361 2.35114 4
      vertex -41.4721 4.70228 4
      vertex -38.3773 2.14331 4
    endloop
  endfacet
  facet normal -0 0 1
    outer loop
      vertex -41.7546 4.28661 4
      vertex -38.3773 2.14331 4
      vertex -41.4721 4.70228 4
    endloop
  endfacet
  facet normal 0 0 1
    outer loop
      vertex -38.3773 2.14331 4
      vertex -41.7546 4.28661 4
      vertex -38.5052 1.92701 4
    endloop
  endfacet
  facet normal -0 0 1
    outer loop
      vertex -42.0105 3.85403 4
      vertex -38.5052 1.92701 4
      vertex -41.7546 4.28661 4
    endloop
  endfacet
  facet normal 0 0 1
    outer loop
      vertex -3.61931 -1.70312 4
      vertex -7.69596 -2.17093 4
      vertex -6.3543 -4.8542 4
    endloop
  endfacet
  facet normal 0 0 1
    outer loop
      vertex -7.69596 -2.17093 4
      vertex -46.6459 -25 4
      vertex -6.3543 -4.8542 4
    endloop
  endfacet
  facet normal 0 -0 1
    outer loop
      vertex -46.6459 -25 4
      vertex -7.69596 -2.17093 4
      vertex -53.3541 -25 4
    endloop
  endfacet
  facet normal 0 0 1
    outer loop
      vertex -27.9895 -3.85403 4
      vertex -31.4948 -1.92701 4
      vertex -28.2454 -4.28661 4
    endloop
  endfacet
  facet normal -0 0 1
    outer loop
      vertex -31.6227 -2.14331 4
      vertex -28.2454 -4.28661 4
      vertex -31.4948 -1.92701 4
    endloop
  endfacet
  facet normal 0 0 1
    outer loop
      vertex -28.2454 -4.28661 4
      vertex -31.6227 -2.14331 4
      vertex -28.5279 -4.70228 4
    endloop
  endfacet
  facet normal -0 0 1
    outer loop
      vertex -31.7639 -2.35114 4
      vertex -28.5279 -4.70228 4
      vertex -31.6227 -2.14331 4
    endloop
  endfacet
  facet normal 0 0 1
    outer loop
      vertex -28.5279 -4.70228 4
      vertex -31.7639 -2.35114 4
      vertex -28.8359 -5.09939 4
    endloop
  endfacet
  facet normal -0 0 1
    outer loop
      vertex -31.9179 -2.5497 4
      vertex -28.8359 -5.09939 4
      vertex -31.7639 -2.35114 4
    endloop
  endfacet
  facet normal 0 0 1
    outer loop
      vertex -28.8359 -5.09939 4
      vertex -31.9179 -2.5497 4
      vertex -29.1683 -5.47638 4
    endloop
  endfacet
  facet normal -0 0 1
    outer loop
      vertex -32.0841 -2.73819 4
      vertex -29.1683 -5.47638 4
      vertex -31.9179 -2.5497 4
    endloop
  endfacet
  facet normal 0 0 1
    outer loop
      vertex -29.1683 -5.47638 4
      vertex -32.0841 -2.73819 4
      vertex -29.5236 -5.83175 4
    endloop
  endfacet
  facet normal -0 0 1
    outer loop
      vertex -32.2618 -2.91587 4
      vertex -29.5236 -5.83175 4
      vertex -32.0841 -2.73819 4
    endloop
  endfacet
  facet normal 0 0 1
    outer loop
      vertex -29.5236 -5.83175 4
      vertex -32.2618 -2.91587 4
      vertex -29.9006 -6.16411 4
    endloop
  endfacet
  facet normal -0 0 1
    outer loop
      vertex -32.4503 -3.08205 4
      vertex -29.9006 -6.16411 4
      vertex -32.2618 -2.91587 4
    endloop
  endfacet
  facet normal 0 0 1
    outer loop
      vertex -29.9006 -6.16411 4
      vertex -32.4503 -3.08205 4
      vertex -30.2977 -6.47214 4
    endloop
  endfacet
  facet normal -0 0 1
    outer loop
      vertex -32.6489 -3.23607 4
      vertex -30.2977 -6.47214 4
      vertex -32.4503 -3.08205 4
    endloop
  endfacet
  facet normal 0 0 1
    outer loop
      vertex -30.2977 -6.47214 4
      vertex -32.6489 -3.23607 4
      vertex -30.7134 -6.75462 4
    endloop
  endfacet
  facet normal -0 0 1
    outer loop
      vertex -32.8567 -3.37731 4
      vertex -30.7134 -6.75462 4
      vertex -32.6489 -3.23607 4
    endloop
  endfacet
  facet normal 0 0 1
    outer loop
      vertex -30.7134 -6.75462 4
      vertex -32.8567 -3.37731 4
      vertex -31.146 -7.01045 4
    endloop
  endfacet
  facet normal -0 0 1
    outer loop
      vertex -33.073 -3.50523 4
      vertex -31.146 -7.01045 4
      vertex -32.8567 -3.37731 4
    endloop
  endfacet
  facet normal 0 0 1
    outer loop
      vertex -31.146 -7.01045 4
      vertex -33.073 -3.50523 4
      vertex -31.5938 -7.23862 4
    endloop
  endfacet
  facet normal -0 0 1
    outer loop
      vertex -33.2969 -3.61931 4
      vertex -31.5938 -7.23862 4
      vertex -33.073 -3.50523 4
    endloop
  endfacet
  facet normal 0 0 1
    outer loop
      vertex -31.5938 -7.23862 4
      vertex -33.2969 -3.61931 4
      vertex -32.055 -7.43821 4
    endloop
  endfacet
  facet normal -0 0 1
    outer loop
      vertex -33.5275 -3.71911 4
      vertex -32.055 -7.43821 4
      vertex -33.2969 -3.61931 4
    endloop
  endfacet
  facet normal 0 0 1
    outer loop
      vertex -32.055 -7.43821 4
      vertex -33.5275 -3.71911 4
      vertex -32.5279 -7.60845 4
    endloop
  endfacet
  facet normal -0 0 1
    outer loop
      vertex -33.7639 -3.80423 4
      vertex -32.5279 -7.60845 4
      vertex -33.5275 -3.71911 4
    endloop
  endfacet
  facet normal 0 0 1
    outer loop
      vertex -32.5279 -7.60845 4
      vertex -33.7639 -3.80423 4
      vertex -33.0105 -7.74866 4
    endloop
  endfacet
  facet normal -0 0 1
    outer loop
      vertex -34.0052 -3.87433 4
      vertex -33.0105 -7.74866 4
      vertex -33.7639 -3.80423 4
    endloop
  endfacet
  facet normal 0 0 1
    outer loop
      vertex -33.0105 -7.74866 4
      vertex -34.0052 -3.87433 4
      vertex -33.5009 -7.8583 4
    endloop
  endfacet
  facet normal -0 0 1
    outer loop
      vertex -34.2505 -3.92915 4
      vertex -33.5009 -7.8583 4
      vertex -34.0052 -3.87433 4
    endloop
  endfacet
  facet normal 0 0 1
    outer loop
      vertex -33.5009 -7.8583 4
      vertex -34.2505 -3.92915 4
      vertex -33.9973 -7.93692 4
    endloop
  endfacet
  facet normal -0 0 1
    outer loop
      vertex -34.4987 -3.96846 4
      vertex -33.9973 -7.93692 4
      vertex -34.2505 -3.92915 4
    endloop
  endfacet
  facet normal 0 0 1
    outer loop
      vertex -33.9973 -7.93692 4
      vertex -34.4987 -3.96846 4
      vertex -34.4977 -7.98421 4
    endloop
  endfacet
  facet normal -0 0 1
    outer loop
      vertex -34.7488 -3.99211 4
      vertex -34.4977 -7.98421 4
      vertex -34.4987 -3.96846 4
    endloop
  endfacet
  facet normal -0 0 1
    outer loop
      vertex -35 -4 4
      vertex -34.4977 -7.98421 4
      vertex -34.7488 -3.99211 4
    endloop
  endfacet
  facet normal 0 0 1
    outer loop
      vertex -35 -4 4
      vertex -35 -8 4
      vertex -34.4977 -7.98421 4
    endloop
  endfacet
  facet normal 0 0 1
    outer loop
      vertex -35.2512 -3.99211 4
      vertex -35 -8 4
      vertex -35 -4 4
    endloop
  endfacet
  facet normal 0 0 1
    outer loop
      vertex -35.5023 -7.98421 4
      vertex -35.2512 -3.99211 4
      vertex -35.5013 -3.96846 4
    endloop
  endfacet
  facet normal 0 0 1
    outer loop
      vertex -35.2512 -3.99211 4
      vertex -35.5023 -7.98421 4
      vertex -35 -8 4
    endloop
  endfacet
  facet normal 0 0 1
    outer loop
      vertex -36.0027 -7.93692 4
      vertex -35.5013 -3.96846 4
      vertex -35.7495 -3.92915 4
    endloop
  endfacet
  facet normal 0 0 1
    outer loop
      vertex -36.4991 -7.8583 4
      vertex -35.7495 -3.92915 4
      vertex -35.9948 -3.87433 4
    endloop
  endfacet
  facet normal 0 0 1
    outer loop
      vertex -35.5013 -3.96846 4
      vertex -36.0027 -7.93692 4
      vertex -35.5023 -7.98421 4
    endloop
  endfacet
  facet normal 0 0 1
    outer loop
      vertex -36.9895 -7.74866 4
      vertex -35.9948 -3.87433 4
      vertex -36.2361 -3.80423 4
    endloop
  endfacet
  facet normal 0 0 1
    outer loop
      vertex -37.4721 -7.60845 4
      vertex -36.2361 -3.80423 4
      vertex -36.4725 -3.71911 4
    endloop
  endfacet
  facet normal 0 0 1
    outer loop
      vertex -35.7495 -3.92915 4
      vertex -36.4991 -7.8583 4
      vertex -36.0027 -7.93692 4
    endloop
  endfacet
  facet normal 0 0 1
    outer loop
      vertex -37.945 -7.43821 4
      vertex -36.4725 -3.71911 4
      vertex -36.7031 -3.61931 4
    endloop
  endfacet
  facet normal 0 0 1
    outer loop
      vertex -38.4062 -7.23862 4
      vertex -36.7031 -3.61931 4
      vertex -36.927 -3.50523 4
    endloop
  endfacet
  facet normal 0 0 1
    outer loop
      vertex -35.9948 -3.87433 4
      vertex -36.9895 -7.74866 4
      vertex -36.4991 -7.8583 4
    endloop
  endfacet
  facet normal 0 0 1
    outer loop
      vertex -38.854 -7.01045 4
      vertex -36.927 -3.50523 4
      vertex -37.1433 -3.37731 4
    endloop
  endfacet
  facet normal 0 0 1
    outer loop
      vertex -39.2866 -6.75462 4
      vertex -37.1433 -3.37731 4
      vertex -37.3511 -3.23607 4
    endloop
  endfacet
  facet normal 0 0 1
    outer loop
      vertex -36.2361 -3.80423 4
      vertex -37.4721 -7.60845 4
      vertex -36.9895 -7.74866 4
    endloop
  endfacet
  facet normal 0 0 1
    outer loop
      vertex -39.7023 -6.47214 4
      vertex -37.3511 -3.23607 4
      vertex -37.5497 -3.08205 4
    endloop
  endfacet
  facet normal 0 0 1
    outer loop
      vertex -40.0994 -6.16411 4
      vertex -37.5497 -3.08205 4
      vertex -37.7382 -2.91587 4
    endloop
  endfacet
  facet normal 0 0 1
    outer loop
      vertex -40.4764 -5.83175 4
      vertex -37.7382 -2.91587 4
      vertex -37.9159 -2.73819 4
    endloop
  endfacet
  facet normal 0 0 1
    outer loop
      vertex -36.4725 -3.71911 4
      vertex -37.945 -7.43821 4
      vertex -37.4721 -7.60845 4
    endloop
  endfacet
  facet normal 0 0 1
    outer loop
      vertex -40.8317 -5.47638 4
      vertex -37.9159 -2.73819 4
      vertex -38.0821 -2.5497 4
    endloop
  endfacet
  facet normal 0 0 1
    outer loop
      vertex -41.1641 -5.09939 4
      vertex -38.0821 -2.5497 4
      vertex -38.2361 -2.35114 4
    endloop
  endfacet
  facet normal 0 0 1
    outer loop
      vertex -41.4721 -4.70228 4
      vertex -38.2361 -2.35114 4
      vertex -38.3773 -2.14331 4
    endloop
  endfacet
  facet normal 0 0 1
    outer loop
      vertex -36.7031 -3.61931 4
      vertex -38.4062 -7.23862 4
      vertex -37.945 -7.43821 4
    endloop
  endfacet
  facet normal 0 0 1
    outer loop
      vertex -41.7546 -4.28661 4
      vertex -38.3773 -2.14331 4
      vertex -38.5052 -1.92701 4
    endloop
  endfacet
  facet normal 0 0 1
    outer loop
      vertex -42.0105 -3.85403 4
      vertex -38.5052 -1.92701 4
      vertex -38.6193 -1.70312 4
    endloop
  endfacet
  facet normal 0 0 1
    outer loop
      vertex -42.2386 -3.40623 4
      vertex -38.6193 -1.70312 4
      vertex -38.7191 -1.4725 4
    endloop
  endfacet
  facet normal 0 0 1
    outer loop
      vertex -42.4382 -2.945 4
      vertex -38.7191 -1.4725 4
      vertex -38.8042 -1.23607 4
    endloop
  endfacet
  facet normal 0 0 1
    outer loop
      vertex -36.927 -3.50523 4
      vertex -38.854 -7.01045 4
      vertex -38.4062 -7.23862 4
    endloop
  endfacet
  facet normal 0 0 1
    outer loop
      vertex -42.6085 -2.47214 4
      vertex -38.8042 -1.23607 4
      vertex -38.8743 -0.994759 4
    endloop
  endfacet
  facet normal 0 0 1
    outer loop
      vertex -42.7487 -1.98952 4
      vertex -38.8743 -0.994759 4
      vertex -38.9291 -0.749525 4
    endloop
  endfacet
  facet normal 0 0 1
    outer loop
      vertex -42.8581 -1.5 4
      vertex -38.9291 -0.749525 4
      vertex -38.9685 -0.501332 4
    endloop
  endfacet
  facet normal 0 0 1
    outer loop
      vertex -42.8581 -1.5 4
      vertex -38.9685 -0.501332 4
      vertex -38.9921 -0.251162 4
    endloop
  endfacet
  facet normal 0 0 1
    outer loop
      vertex -42.8581 -1.5 4
      vertex -38.9921 -0.251162 4
      vertex -39 0 4
    endloop
  endfacet
  facet normal 0 0 1
    outer loop
      vertex -38.5052 1.92701 4
      vertex -42.0105 3.85403 4
      vertex -38.6193 1.70312 4
    endloop
  endfacet
  facet normal 0 0 1
    outer loop
      vertex -37.1433 -3.37731 4
      vertex -39.2866 -6.75462 4
      vertex -38.854 -7.01045 4
    endloop
  endfacet
  facet normal -0 0 1
    outer loop
      vertex -42.2386 3.40623 4
      vertex -38.6193 1.70312 4
      vertex -42.0105 3.85403 4
    endloop
  endfacet
  facet normal 0 0 1
    outer loop
      vertex -37.3511 -3.23607 4
      vertex -39.7023 -6.47214 4
      vertex -39.2866 -6.75462 4
    endloop
  endfacet
  facet normal 0 0 1
    outer loop
      vertex -38.6193 1.70312 4
      vertex -42.2386 3.40623 4
      vertex -38.7191 1.4725 4
    endloop
  endfacet
  facet normal 0 0 1
    outer loop
      vertex -37.5497 -3.08205 4
      vertex -40.0994 -6.16411 4
      vertex -39.7023 -6.47214 4
    endloop
  endfacet
  facet normal -0 0 1
    outer loop
      vertex -42.4382 2.945 4
      vertex -38.7191 1.4725 4
      vertex -42.2386 3.40623 4
    endloop
  endfacet
  facet normal 0 0 1
    outer loop
      vertex -37.7382 -2.91587 4
      vertex -40.4764 -5.83175 4
      vertex -40.0994 -6.16411 4
    endloop
  endfacet
  facet normal 0 0 1
    outer loop
      vertex -38.7191 1.4725 4
      vertex -42.4382 2.945 4
      vertex -38.8042 1.23607 4
    endloop
  endfacet
  facet normal 0 0 1
    outer loop
      vertex -37.9159 -2.73819 4
      vertex -40.8317 -5.47638 4
      vertex -40.4764 -5.83175 4
    endloop
  endfacet
  facet normal -0 0 1
    outer loop
      vertex -42.6085 2.47214 4
      vertex -38.8042 1.23607 4
      vertex -42.4382 2.945 4
    endloop
  endfacet
  facet normal 0 0 1
    outer loop
      vertex -38.0821 -2.5497 4
      vertex -41.1641 -5.09939 4
      vertex -40.8317 -5.47638 4
    endloop
  endfacet
  facet normal 0 0 1
    outer loop
      vertex -38.8042 1.23607 4
      vertex -42.6085 2.47214 4
      vertex -38.8743 0.994759 4
    endloop
  endfacet
  facet normal 0 0 1
    outer loop
      vertex -38.2361 -2.35114 4
      vertex -41.4721 -4.70228 4
      vertex -41.1641 -5.09939 4
    endloop
  endfacet
  facet normal -0 0 1
    outer loop
      vertex -42.7487 1.98952 4
      vertex -38.8743 0.994759 4
      vertex -42.6085 2.47214 4
    endloop
  endfacet
  facet normal 0 0 1
    outer loop
      vertex -38.3773 -2.14331 4
      vertex -41.7546 -4.28661 4
      vertex -41.4721 -4.70228 4
    endloop
  endfacet
  facet normal 0 0 1
    outer loop
      vertex -38.8743 0.994759 4
      vertex -42.7487 1.98952 4
      vertex -38.9291 0.749525 4
    endloop
  endfacet
  facet normal 0 0 1
    outer loop
      vertex -38.5052 -1.92701 4
      vertex -42.0105 -3.85403 4
      vertex -41.7546 -4.28661 4
    endloop
  endfacet
  facet normal -0 0 1
    outer loop
      vertex -42.8581 1.5 4
      vertex -38.9291 0.749525 4
      vertex -42.7487 1.98952 4
    endloop
  endfacet
  facet normal 0 0 1
    outer loop
      vertex -38.6193 -1.70312 4
      vertex -42.2386 -3.40623 4
      vertex -42.0105 -3.85403 4
    endloop
  endfacet
  facet normal 0 0 1
    outer loop
      vertex -38.9291 0.749525 4
      vertex -42.8581 1.5 4
      vertex -38.9685 0.501332 4
    endloop
  endfacet
  facet normal 0 0 1
    outer loop
      vertex -38.7191 -1.4725 4
      vertex -42.4382 -2.945 4
      vertex -42.2386 -3.40623 4
    endloop
  endfacet
  facet normal 0 0 1
    outer loop
      vertex -38.9685 0.501332 4
      vertex -42.8581 1.5 4
      vertex -38.9921 0.251162 4
    endloop
  endfacet
  facet normal 0 0 1
    outer loop
      vertex -38.8042 -1.23607 4
      vertex -42.6085 -2.47214 4
      vertex -42.4382 -2.945 4
    endloop
  endfacet
  facet normal 0 0 1
    outer loop
      vertex -38.9921 0.251162 4
      vertex -42.8581 1.5 4
      vertex -39 0 4
    endloop
  endfacet
  facet normal 0 0 1
    outer loop
      vertex -38.8743 -0.994759 4
      vertex -42.7487 -1.98952 4
      vertex -42.6085 -2.47214 4
    endloop
  endfacet
  facet normal 0 0 1
    outer loop
      vertex -42.8581 -1.5 4
      vertex -39 0 4
      vertex -42.8581 1.5 4
    endloop
  endfacet
  facet normal 0 0 1
    outer loop
      vertex -38.9291 -0.749525 4
      vertex -42.8581 -1.5 4
      vertex -42.7487 -1.98952 4
    endloop
  endfacet
  facet normal -0 0 1
    outer loop
      vertex -57 1.5 4
      vertex -42.8581 -1.5 4
      vertex -42.8581 1.5 4
    endloop
  endfacet
  facet normal 0 0 1
    outer loop
      vertex -42.8581 -1.5 4
      vertex -57 1.5 4
      vertex -57 -1.5 4
    endloop
  endfacet
  facet normal 0 0 1
    outer loop
      vertex -2.945 -7.43821 4
      vertex -1.4725 -3.71911 4
      vertex -1.70312 -3.61931 4
    endloop
  endfacet
  facet normal 0 0 1
    outer loop
      vertex -3.40623 -7.23862 4
      vertex -1.70312 -3.61931 4
      vertex -1.92701 -3.50523 4
    endloop
  endfacet
  facet normal 0 0 1
    outer loop
      vertex -1.4725 -3.71911 4
      vertex -1.98952 -7.74866 4
      vertex -1.5 -7.85809 4
    endloop
  endfacet
  facet normal 0 0 1
    outer loop
      vertex -3.85403 -7.01045 4
      vertex -1.92701 -3.50523 4
      vertex -2.14331 -3.37731 4
    endloop
  endfacet
  facet normal 0 0 1
    outer loop
      vertex -4.28661 -6.75462 4
      vertex -2.14331 -3.37731 4
      vertex -2.35114 -3.23607 4
    endloop
  endfacet
  facet normal 0 0 1
    outer loop
      vertex -1.4725 -3.71911 4
      vertex -2.47214 -7.60845 4
      vertex -1.98952 -7.74866 4
    endloop
  endfacet
  facet normal 0 0 1
    outer loop
      vertex -4.70228 -6.47214 4
      vertex -2.35114 -3.23607 4
      vertex -2.5497 -3.08205 4
    endloop
  endfacet
  facet normal 0 0 1
    outer loop
      vertex -5.09939 -6.16411 4
      vertex -2.5497 -3.08205 4
      vertex -2.73819 -2.91587 4
    endloop
  endfacet
  facet normal 0 0 1
    outer loop
      vertex -5.47638 -5.83175 4
      vertex -2.73819 -2.91587 4
      vertex -2.91587 -2.73819 4
    endloop
  endfacet
  facet normal 0 0 1
    outer loop
      vertex -1.4725 -3.71911 4
      vertex -2.945 -7.43821 4
      vertex -2.47214 -7.60845 4
    endloop
  endfacet
  facet normal 0 0 1
    outer loop
      vertex -5.83175 -5.47638 4
      vertex -2.91587 -2.73819 4
      vertex -3.08205 -2.5497 4
    endloop
  endfacet
  facet normal 0 0 1
    outer loop
      vertex -6.3543 -4.8542 4
      vertex -3.08205 -2.5497 4
      vertex -3.23607 -2.35114 4
    endloop
  endfacet
  facet normal 0 0 1
    outer loop
      vertex -6.3543 -4.8542 4
      vertex -3.23607 -2.35114 4
      vertex -3.37731 -2.14331 4
    endloop
  endfacet
  facet normal 0 0 1
    outer loop
      vertex -1.70312 -3.61931 4
      vertex -3.40623 -7.23862 4
      vertex -2.945 -7.43821 4
    endloop
  endfacet
  facet normal 0 0 1
    outer loop
      vertex -6.3543 -4.8542 4
      vertex -3.37731 -2.14331 4
      vertex -3.50523 -1.92701 4
    endloop
  endfacet
  facet normal 0 0 1
    outer loop
      vertex -6.3543 -4.8542 4
      vertex -3.50523 -1.92701 4
      vertex -3.61931 -1.70312 4
    endloop
  endfacet
  facet normal 0 0 1
    outer loop
      vertex -7.69596 -2.17093 4
      vertex -3.61931 -1.70312 4
      vertex -3.71911 -1.4725 4
    endloop
  endfacet
  facet normal 0 0 1
    outer loop
      vertex -7.69596 -2.17093 4
      vertex -3.71911 -1.4725 4
      vertex -3.80423 -1.23607 4
    endloop
  endfacet
  facet normal 0 0 1
    outer loop
      vertex -1.92701 -3.50523 4
      vertex -3.85403 -7.01045 4
      vertex -3.40623 -7.23862 4
    endloop
  endfacet
  facet normal 0 0 1
    outer loop
      vertex -7.69596 -2.17093 4
      vertex -3.80423 -1.23607 4
      vertex -3.87433 -0.994759 4
    endloop
  endfacet
  facet normal 0 0 1
    outer loop
      vertex -7.69596 -2.17093 4
      vertex -3.87433 -0.994759 4
      vertex -3.92915 -0.749525 4
    endloop
  endfacet
  facet normal 0 0 1
    outer loop
      vertex -3.99211 -0.251162 4
      vertex -7.69596 -2.17093 4
      vertex -3.96846 -0.501332 4
    endloop
  endfacet
  facet normal 0 0 1
    outer loop
      vertex -4 0 4
      vertex -7.69596 -2.17093 4
      vertex -3.99211 -0.251162 4
    endloop
  endfacet
  facet normal 0 0 1
    outer loop
      vertex -3.96846 0.501332 4
      vertex -7.85809 1.5 4
      vertex -3.99211 0.251162 4
    endloop
  endfacet
  facet normal 0 0 1
    outer loop
      vertex -3.61931 1.70312 4
      vertex -7.69596 2.17093 4
      vertex -3.71911 1.4725 4
    endloop
  endfacet
  facet normal 0 0 1
    outer loop
      vertex -2.14331 -3.37731 4
      vertex -4.28661 -6.75462 4
      vertex -3.85403 -7.01045 4
    endloop
  endfacet
  facet normal 0 0 1
    outer loop
      vertex -3.71911 1.4725 4
      vertex -7.69596 2.17093 4
      vertex -3.80423 1.23607 4
    endloop
  endfacet
  facet normal 0 0 1
    outer loop
      vertex -2.35114 -3.23607 4
      vertex -4.70228 -6.47214 4
      vertex -4.28661 -6.75462 4
    endloop
  endfacet
  facet normal 0 0 1
    outer loop
      vertex -3.80423 1.23607 4
      vertex -7.69596 2.17093 4
      vertex -3.87433 0.994759 4
    endloop
  endfacet
  facet normal 0 0 1
    outer loop
      vertex -2.5497 -3.08205 4
      vertex -5.09939 -6.16411 4
      vertex -4.70228 -6.47214 4
    endloop
  endfacet
  facet normal -0 0 1
    outer loop
      vertex -7.74866 1.98952 4
      vertex -3.87433 0.994759 4
      vertex -7.69596 2.17093 4
    endloop
  endfacet
  facet normal 0 0 1
    outer loop
      vertex -2.73819 -2.91587 4
      vertex -5.47638 -5.83175 4
      vertex -5.09939 -6.16411 4
    endloop
  endfacet
  facet normal 0 0 1
    outer loop
      vertex -3.87433 0.994759 4
      vertex -7.74866 1.98952 4
      vertex -3.92915 0.749525 4
    endloop
  endfacet
  facet normal 0 0 1
    outer loop
      vertex -2.91587 -2.73819 4
      vertex -5.83175 -5.47638 4
      vertex -5.47638 -5.83175 4
    endloop
  endfacet
  facet normal -0 0 1
    outer loop
      vertex -7.85809 1.5 4
      vertex -3.92915 0.749525 4
      vertex -7.74866 1.98952 4
    endloop
  endfacet
  facet normal 0 0 1
    outer loop
      vertex -3.92915 0.749525 4
      vertex -7.85809 1.5 4
      vertex -3.96846 0.501332 4
    endloop
  endfacet
  facet normal 0 0 1
    outer loop
      vertex -3.08205 -2.5497 4
      vertex -6.3543 -4.8542 4
      vertex -6.16411 -5.09939 4
    endloop
  endfacet
  facet normal 0 0 1
    outer loop
      vertex -3.08205 -2.5497 4
      vertex -6.16411 -5.09939 4
      vertex -5.83175 -5.47638 4
    endloop
  endfacet
  facet normal 0 0 1
    outer loop
      vertex -3.96846 -0.501332 4
      vertex -7.69596 -2.17093 4
      vertex -3.92915 -0.749525 4
    endloop
  endfacet
  facet normal 0 0 1
    outer loop
      vertex -46.6459 25 4
      vertex -7.69596 2.17093 4
      vertex -6.3543 4.8542 4
    endloop
  endfacet
  facet normal 0 0 1
    outer loop
      vertex -7.69596 2.17093 4
      vertex -46.6459 25 4
      vertex -53.3541 25 4
    endloop
  endfacet
  facet normal 0 0 1
    outer loop
      vertex -1.5 7.85809 4
      vertex 1.5 7.85809 4
      vertex 1.5 25 4
    endloop
  endfacet
  facet normal 0 -0 1
    outer loop
      vertex 0 4 4
      vertex 1.5 7.85809 4
      vertex -1.5 7.85809 4
    endloop
  endfacet
  facet normal 0 0 1
    outer loop
      vertex 2.47214 7.60845 4
      vertex 1.23607 3.80423 4
      vertex 1.4725 3.71911 4
    endloop
  endfacet
  facet normal 0 0 1
    outer loop
      vertex 1.98952 7.74866 4
      vertex 0.994759 3.87433 4
      vertex 1.23607 3.80423 4
    endloop
  endfacet
  facet normal 0 0 1
    outer loop
      vertex 1.5 7.85809 4
      vertex 0.749525 3.92915 4
      vertex 0.994759 3.87433 4
    endloop
  endfacet
  facet normal 0 0 1
    outer loop
      vertex 1.5 7.85809 4
      vertex 0.501332 3.96846 4
      vertex 0.749525 3.92915 4
    endloop
  endfacet
  facet normal 0 0 1
    outer loop
      vertex 1.5 7.85809 4
      vertex 0.251162 3.99211 4
      vertex 0.501332 3.96846 4
    endloop
  endfacet
  facet normal 0 0 1
    outer loop
      vertex 1.5 7.85809 4
      vertex 0 4 4
      vertex 0.251162 3.99211 4
    endloop
  endfacet
  facet normal 0 0 1
    outer loop
      vertex 0 4 4
      vertex -1.5 7.85809 4
      vertex -0.251162 3.99211 4
    endloop
  endfacet
  facet normal 0 0 1
    outer loop
      vertex -0.251162 3.99211 4
      vertex -1.5 7.85809 4
      vertex -0.501332 3.96846 4
    endloop
  endfacet
  facet normal 0 0 1
    outer loop
      vertex -0.501332 3.96846 4
      vertex -1.5 7.85809 4
      vertex -0.749525 3.92915 4
    endloop
  endfacet
  facet normal 0 0 1
    outer loop
      vertex -0.749525 3.92915 4
      vertex -1.5 7.85809 4
      vertex -0.994759 3.87433 4
    endloop
  endfacet
  facet normal -0 0 1
    outer loop
      vertex -1.98952 7.74866 4
      vertex -0.994759 3.87433 4
      vertex -1.5 7.85809 4
    endloop
  endfacet
  facet normal 0 0 1
    outer loop
      vertex -1.5 7.85809 4
      vertex 1.5 25 4
      vertex -1.5 25 4
    endloop
  endfacet
  facet normal 0 0 1
    outer loop
      vertex -0.994759 3.87433 4
      vertex -1.98952 7.74866 4
      vertex -1.23607 3.80423 4
    endloop
  endfacet
  facet normal -0 0 1
    outer loop
      vertex -2.47214 7.60845 4
      vertex -1.23607 3.80423 4
      vertex -1.98952 7.74866 4
    endloop
  endfacet
  facet normal 0 0 1
    outer loop
      vertex -1.23607 3.80423 4
      vertex -2.47214 7.60845 4
      vertex -1.4725 3.71911 4
    endloop
  endfacet
  facet normal -0 0 1
    outer loop
      vertex -2.945 7.43821 4
      vertex -1.4725 3.71911 4
      vertex -2.47214 7.60845 4
    endloop
  endfacet
  facet normal 0 0 1
    outer loop
      vertex -1.4725 3.71911 4
      vertex -2.945 7.43821 4
      vertex -1.70312 3.61931 4
    endloop
  endfacet
  facet normal -0 0 1
    outer loop
      vertex -3.40623 7.23862 4
      vertex -1.70312 3.61931 4
      vertex -2.945 7.43821 4
    endloop
  endfacet
  facet normal 0 0 1
    outer loop
      vertex -1.70312 3.61931 4
      vertex -3.40623 7.23862 4
      vertex -1.92701 3.50523 4
    endloop
  endfacet
  facet normal -0 0 1
    outer loop
      vertex -3.85403 7.01045 4
      vertex -1.92701 3.50523 4
      vertex -3.40623 7.23862 4
    endloop
  endfacet
  facet normal 0 0 1
    outer loop
      vertex -1.92701 3.50523 4
      vertex -3.85403 7.01045 4
      vertex -2.14331 3.37731 4
    endloop
  endfacet
  facet normal -0 0 1
    outer loop
      vertex -4.28661 6.75462 4
      vertex -2.14331 3.37731 4
      vertex -3.85403 7.01045 4
    endloop
  endfacet
  facet normal 0 0 1
    outer loop
      vertex -2.14331 3.37731 4
      vertex -4.28661 6.75462 4
      vertex -2.35114 3.23607 4
    endloop
  endfacet
  facet normal -0 0 1
    outer loop
      vertex -4.70228 6.47214 4
      vertex -2.35114 3.23607 4
      vertex -4.28661 6.75462 4
    endloop
  endfacet
  facet normal 0 0 1
    outer loop
      vertex -2.35114 3.23607 4
      vertex -4.70228 6.47214 4
      vertex -2.5497 3.08205 4
    endloop
  endfacet
  facet normal -0 0 1
    outer loop
      vertex -5.09939 6.16411 4
      vertex -2.5497 3.08205 4
      vertex -4.70228 6.47214 4
    endloop
  endfacet
  facet normal 0 0 1
    outer loop
      vertex -2.5497 3.08205 4
      vertex -5.09939 6.16411 4
      vertex -2.73819 2.91587 4
    endloop
  endfacet
  facet normal -0 0 1
    outer loop
      vertex -5.47638 5.83175 4
      vertex -2.73819 2.91587 4
      vertex -5.09939 6.16411 4
    endloop
  endfacet
  facet normal 0 0 1
    outer loop
      vertex -2.73819 2.91587 4
      vertex -5.47638 5.83175 4
      vertex -2.91587 2.73819 4
    endloop
  endfacet
  facet normal -0 0 1
    outer loop
      vertex -5.83175 5.47638 4
      vertex -2.91587 2.73819 4
      vertex -5.47638 5.83175 4
    endloop
  endfacet
  facet normal 0 0 1
    outer loop
      vertex -2.91587 2.73819 4
      vertex -5.83175 5.47638 4
      vertex -3.08205 2.5497 4
    endloop
  endfacet
  facet normal -0 0 1
    outer loop
      vertex -6.16411 5.09939 4
      vertex -3.08205 2.5497 4
      vertex -5.83175 5.47638 4
    endloop
  endfacet
  facet normal -0 0 1
    outer loop
      vertex -6.3543 4.8542 4
      vertex -3.08205 2.5497 4
      vertex -6.16411 5.09939 4
    endloop
  endfacet
  facet normal 0 0 1
    outer loop
      vertex -3.08205 2.5497 4
      vertex -6.3543 4.8542 4
      vertex -3.23607 2.35114 4
    endloop
  endfacet
  facet normal 0 0 1
    outer loop
      vertex -3.23607 2.35114 4
      vertex -6.3543 4.8542 4
      vertex -3.37731 2.14331 4
    endloop
  endfacet
  facet normal 0 0 1
    outer loop
      vertex -3.37731 2.14331 4
      vertex -6.3543 4.8542 4
      vertex -3.50523 1.92701 4
    endloop
  endfacet
  facet normal 0 0 1
    outer loop
      vertex -3.50523 1.92701 4
      vertex -6.3543 4.8542 4
      vertex -3.61931 1.70312 4
    endloop
  endfacet
  facet normal -0 0 1
    outer loop
      vertex -7.69596 2.17093 4
      vertex -3.61931 1.70312 4
      vertex -6.3543 4.8542 4
    endloop
  endfacet
  facet normal 0 0 1
    outer loop
      vertex 7.69596 -2.17093 4
      vertex 3.61931 -1.70312 4
      vertex 6.3543 -4.8542 4
    endloop
  endfacet
  facet normal -0 0 1
    outer loop
      vertex 3.50523 -1.92701 4
      vertex 6.3543 -4.8542 4
      vertex 3.61931 -1.70312 4
    endloop
  endfacet
  facet normal -0 0 1
    outer loop
      vertex 3.37731 -2.14331 4
      vertex 6.3543 -4.8542 4
      vertex 3.50523 -1.92701 4
    endloop
  endfacet
  facet normal -0 0 1
    outer loop
      vertex 3.23607 -2.35114 4
      vertex 6.3543 -4.8542 4
      vertex 3.37731 -2.14331 4
    endloop
  endfacet
  facet normal -0 0 1
    outer loop
      vertex 3.08205 -2.5497 4
      vertex 6.3543 -4.8542 4
      vertex 3.23607 -2.35114 4
    endloop
  endfacet
  facet normal 0 0 1
    outer loop
      vertex 6.3543 -4.8542 4
      vertex 3.08205 -2.5497 4
      vertex 6.16411 -5.09939 4
    endloop
  endfacet
  facet normal 0 0 1
    outer loop
      vertex 6.16411 -5.09939 4
      vertex 3.08205 -2.5497 4
      vertex 5.83175 -5.47638 4
    endloop
  endfacet
  facet normal -0 0 1
    outer loop
      vertex 2.91587 -2.73819 4
      vertex 5.83175 -5.47638 4
      vertex 3.08205 -2.5497 4
    endloop
  endfacet
  facet normal 0 0 1
    outer loop
      vertex 5.83175 -5.47638 4
      vertex 2.91587 -2.73819 4
      vertex 5.47638 -5.83175 4
    endloop
  endfacet
  facet normal -0 0 1
    outer loop
      vertex 2.73819 -2.91587 4
      vertex 5.47638 -5.83175 4
      vertex 2.91587 -2.73819 4
    endloop
  endfacet
  facet normal 0 0 1
    outer loop
      vertex 5.47638 -5.83175 4
      vertex 2.73819 -2.91587 4
      vertex 5.09939 -6.16411 4
    endloop
  endfacet
  facet normal -0 0 1
    outer loop
      vertex 2.5497 -3.08205 4
      vertex 5.09939 -6.16411 4
      vertex 2.73819 -2.91587 4
    endloop
  endfacet
  facet normal 0 0 1
    outer loop
      vertex 5.09939 -6.16411 4
      vertex 2.5497 -3.08205 4
      vertex 4.70228 -6.47214 4
    endloop
  endfacet
  facet normal -0 0 1
    outer loop
      vertex 2.35114 -3.23607 4
      vertex 4.70228 -6.47214 4
      vertex 2.5497 -3.08205 4
    endloop
  endfacet
  facet normal 0 0 1
    outer loop
      vertex 4.70228 -6.47214 4
      vertex 2.35114 -3.23607 4
      vertex 4.28661 -6.75462 4
    endloop
  endfacet
  facet normal -0 0 1
    outer loop
      vertex 2.14331 -3.37731 4
      vertex 4.28661 -6.75462 4
      vertex 2.35114 -3.23607 4
    endloop
  endfacet
  facet normal 0 0 1
    outer loop
      vertex 4.28661 -6.75462 4
      vertex 2.14331 -3.37731 4
      vertex 3.85403 -7.01045 4
    endloop
  endfacet
  facet normal -0 0 1
    outer loop
      vertex 1.92701 -3.50523 4
      vertex 3.85403 -7.01045 4
      vertex 2.14331 -3.37731 4
    endloop
  endfacet
  facet normal 0 0 1
    outer loop
      vertex 3.85403 -7.01045 4
      vertex 1.92701 -3.50523 4
      vertex 3.40623 -7.23862 4
    endloop
  endfacet
  facet normal -0 0 1
    outer loop
      vertex 1.70312 -3.61931 4
      vertex 3.40623 -7.23862 4
      vertex 1.92701 -3.50523 4
    endloop
  endfacet
  facet normal 0 0 1
    outer loop
      vertex 3.40623 -7.23862 4
      vertex 1.70312 -3.61931 4
      vertex 2.945 -7.43821 4
    endloop
  endfacet
  facet normal -0 0 1
    outer loop
      vertex 1.4725 -3.71911 4
      vertex 2.945 -7.43821 4
      vertex 1.70312 -3.61931 4
    endloop
  endfacet
  facet normal 0 0 1
    outer loop
      vertex 2.945 -7.43821 4
      vertex 1.4725 -3.71911 4
      vertex 2.47214 -7.60845 4
    endloop
  endfacet
  facet normal -0 0 1
    outer loop
      vertex 1.23607 -3.80423 4
      vertex 2.47214 -7.60845 4
      vertex 1.4725 -3.71911 4
    endloop
  endfacet
  facet normal 0 0 1
    outer loop
      vertex 2.47214 -7.60845 4
      vertex 1.23607 -3.80423 4
      vertex 1.98952 -7.74866 4
    endloop
  endfacet
  facet normal -0 0 1
    outer loop
      vertex 0.994759 -3.87433 4
      vertex 1.98952 -7.74866 4
      vertex 1.23607 -3.80423 4
    endloop
  endfacet
  facet normal 0 0 1
    outer loop
      vertex 1.98952 -7.74866 4
      vertex 0.994759 -3.87433 4
      vertex 1.5 -7.85809 4
    endloop
  endfacet
  facet normal -0 0 1
    outer loop
      vertex 0.749525 -3.92915 4
      vertex 1.5 -7.85809 4
      vertex 0.994759 -3.87433 4
    endloop
  endfacet
  facet normal -0 0 1
    outer loop
      vertex 0.501332 -3.96846 4
      vertex 1.5 -7.85809 4
      vertex 0.749525 -3.92915 4
    endloop
  endfacet
  facet normal -0 0 1
    outer loop
      vertex 0.251162 -3.99211 4
      vertex 1.5 -7.85809 4
      vertex 0.501332 -3.96846 4
    endloop
  endfacet
  facet normal -0 0 1
    outer loop
      vertex 0 -4 4
      vertex 1.5 -7.85809 4
      vertex 0.251162 -3.99211 4
    endloop
  endfacet
  facet normal 0 0 1
    outer loop
      vertex 1.5 -7.85809 4
      vertex 0 -4 4
      vertex -1.5 -7.85809 4
    endloop
  endfacet
  facet normal 0 0 1
    outer loop
      vertex -1.5 -7.85809 4
      vertex 0 -4 4
      vertex -0.251162 -3.99211 4
    endloop
  endfacet
  facet normal 0 0 1
    outer loop
      vertex -1.5 -7.85809 4
      vertex -0.251162 -3.99211 4
      vertex -0.501332 -3.96846 4
    endloop
  endfacet
  facet normal 0 0 1
    outer loop
      vertex -1.5 -7.85809 4
      vertex -0.501332 -3.96846 4
      vertex -0.749525 -3.92915 4
    endloop
  endfacet
  facet normal 0 0 1
    outer loop
      vertex -1.5 -7.85809 4
      vertex -0.749525 -3.92915 4
      vertex -0.994759 -3.87433 4
    endloop
  endfacet
  facet normal 0 0 1
    outer loop
      vertex -1.5 -7.85809 4
      vertex -0.994759 -3.87433 4
      vertex -1.23607 -3.80423 4
    endloop
  endfacet
  facet normal 0 0 1
    outer loop
      vertex -1.5 -7.85809 4
      vertex -1.23607 -3.80423 4
      vertex -1.4725 -3.71911 4
    endloop
  endfacet
  facet normal 0 0 1
    outer loop
      vertex 1.5 -7.85809 4
      vertex -1.5 -7.85809 4
      vertex 1.5 -25 4
    endloop
  endfacet
  facet normal 0 0 1
    outer loop
      vertex 1.5 -25 4
      vertex -1.5 -7.85809 4
      vertex -1.5 -25 4
    endloop
  endfacet
  facet normal -0 0 1
    outer loop
      vertex 42.8581 1.5 4
      vertex 57 -1.5 4
      vertex 57 1.5 4
    endloop
  endfacet
  facet normal 0 0 1
    outer loop
      vertex 42.8581 1.5 4
      vertex 42.8581 -1.5 4
      vertex 57 -1.5 4
    endloop
  endfacet
  facet normal 0 0 1
    outer loop
      vertex 38.9291 0.749525 4
      vertex 42.8581 1.5 4
      vertex 42.7487 1.98952 4
    endloop
  endfacet
  facet normal 0 0 1
    outer loop
      vertex 42.8581 1.5 4
      vertex 39 0 4
      vertex 42.8581 -1.5 4
    endloop
  endfacet
  facet normal 0 0 1
    outer loop
      vertex 38.8743 0.994759 4
      vertex 42.7487 1.98952 4
      vertex 42.6085 2.47214 4
    endloop
  endfacet
  facet normal -0 0 1
    outer loop
      vertex 38.9921 -0.251162 4
      vertex 42.8581 -1.5 4
      vertex 39 0 4
    endloop
  endfacet
  facet normal 0 0 1
    outer loop
      vertex 38.8042 1.23607 4
      vertex 42.6085 2.47214 4
      vertex 42.4382 2.945 4
    endloop
  endfacet
  facet normal -0 0 1
    outer loop
      vertex 38.9685 -0.501332 4
      vertex 42.8581 -1.5 4
      vertex 38.9921 -0.251162 4
    endloop
  endfacet
  facet normal 0 0 1
    outer loop
      vertex 38.7191 1.4725 4
      vertex 42.4382 2.945 4
      vertex 42.2386 3.40623 4
    endloop
  endfacet
  facet normal -0 0 1
    outer loop
      vertex 38.9291 -0.749525 4
      vertex 42.8581 -1.5 4
      vertex 38.9685 -0.501332 4
    endloop
  endfacet
  facet normal 0 0 1
    outer loop
      vertex 38.6193 1.70312 4
      vertex 42.2386 3.40623 4
      vertex 42.0105 3.85403 4
    endloop
  endfacet
  facet normal 0 0 1
    outer loop
      vertex 42.8581 -1.5 4
      vertex 38.9291 -0.749525 4
      vertex 42.7487 -1.98952 4
    endloop
  endfacet
  facet normal 0 0 1
    outer loop
      vertex 38.5052 1.92701 4
      vertex 42.0105 3.85403 4
      vertex 41.7546 4.28661 4
    endloop
  endfacet
  facet normal -0 0 1
    outer loop
      vertex 38.8743 -0.994759 4
      vertex 42.7487 -1.98952 4
      vertex 38.9291 -0.749525 4
    endloop
  endfacet
  facet normal 0 0 1
    outer loop
      vertex 38.3773 2.14331 4
      vertex 41.7546 4.28661 4
      vertex 41.4721 4.70228 4
    endloop
  endfacet
  facet normal 0 0 1
    outer loop
      vertex 42.7487 -1.98952 4
      vertex 38.8743 -0.994759 4
      vertex 42.6085 -2.47214 4
    endloop
  endfacet
  facet normal 0 0 1
    outer loop
      vertex 38.2361 2.35114 4
      vertex 41.4721 4.70228 4
      vertex 41.1641 5.09939 4
    endloop
  endfacet
  facet normal -0 0 1
    outer loop
      vertex 38.8042 -1.23607 4
      vertex 42.6085 -2.47214 4
      vertex 38.8743 -0.994759 4
    endloop
  endfacet
  facet normal 0 0 1
    outer loop
      vertex 38.0821 2.5497 4
      vertex 41.1641 5.09939 4
      vertex 40.8317 5.47638 4
    endloop
  endfacet
  facet normal 0 0 1
    outer loop
      vertex 42.6085 -2.47214 4
      vertex 38.8042 -1.23607 4
      vertex 42.4382 -2.945 4
    endloop
  endfacet
  facet normal 0 0 1
    outer loop
      vertex 37.9159 2.73819 4
      vertex 40.8317 5.47638 4
      vertex 40.4764 5.83175 4
    endloop
  endfacet
  facet normal -0 0 1
    outer loop
      vertex 38.7191 -1.4725 4
      vertex 42.4382 -2.945 4
      vertex 38.8042 -1.23607 4
    endloop
  endfacet
  facet normal 0 0 1
    outer loop
      vertex 37.7382 2.91587 4
      vertex 40.4764 5.83175 4
      vertex 40.0994 6.16411 4
    endloop
  endfacet
  facet normal 0 0 1
    outer loop
      vertex 42.4382 -2.945 4
      vertex 38.7191 -1.4725 4
      vertex 42.2386 -3.40623 4
    endloop
  endfacet
  facet normal 0 0 1
    outer loop
      vertex 37.5497 3.08205 4
      vertex 40.0994 6.16411 4
      vertex 39.7023 6.47214 4
    endloop
  endfacet
  facet normal -0 0 1
    outer loop
      vertex 38.6193 -1.70312 4
      vertex 42.2386 -3.40623 4
      vertex 38.7191 -1.4725 4
    endloop
  endfacet
  facet normal 0 0 1
    outer loop
      vertex 37.3511 3.23607 4
      vertex 39.7023 6.47214 4
      vertex 39.2866 6.75462 4
    endloop
  endfacet
  facet normal 0 0 1
    outer loop
      vertex 42.2386 -3.40623 4
      vertex 38.6193 -1.70312 4
      vertex 42.0105 -3.85403 4
    endloop
  endfacet
  facet normal -0 0 1
    outer loop
      vertex 38.5052 -1.92701 4
      vertex 42.0105 -3.85403 4
      vertex 38.6193 -1.70312 4
    endloop
  endfacet
  facet normal 0 0 1
    outer loop
      vertex 42.8581 1.5 4
      vertex 38.9921 0.251162 4
      vertex 39 0 4
    endloop
  endfacet
  facet normal 0 0 1
    outer loop
      vertex 42.8581 1.5 4
      vertex 38.9685 0.501332 4
      vertex 38.9921 0.251162 4
    endloop
  endfacet
  facet normal 0 0 1
    outer loop
      vertex 42.8581 1.5 4
      vertex 38.9291 0.749525 4
      vertex 38.9685 0.501332 4
    endloop
  endfacet
  facet normal 0 0 1
    outer loop
      vertex 42.7487 1.98952 4
      vertex 38.8743 0.994759 4
      vertex 38.9291 0.749525 4
    endloop
  endfacet
  facet normal 0 0 1
    outer loop
      vertex 37.1433 3.37731 4
      vertex 39.2866 6.75462 4
      vertex 38.854 7.01045 4
    endloop
  endfacet
  facet normal 0 0 1
    outer loop
      vertex 42.6085 2.47214 4
      vertex 38.8042 1.23607 4
      vertex 38.8743 0.994759 4
    endloop
  endfacet
  facet normal 0 0 1
    outer loop
      vertex 42.4382 2.945 4
      vertex 38.7191 1.4725 4
      vertex 38.8042 1.23607 4
    endloop
  endfacet
  facet normal 0 0 1
    outer loop
      vertex 42.2386 3.40623 4
      vertex 38.6193 1.70312 4
      vertex 38.7191 1.4725 4
    endloop
  endfacet
  facet normal 0 0 1
    outer loop
      vertex 42.0105 3.85403 4
      vertex 38.5052 1.92701 4
      vertex 38.6193 1.70312 4
    endloop
  endfacet
  facet normal 0 0 1
    outer loop
      vertex 36.927 3.50523 4
      vertex 38.854 7.01045 4
      vertex 38.4062 7.23862 4
    endloop
  endfacet
  facet normal 0 0 1
    outer loop
      vertex 41.7546 4.28661 4
      vertex 38.3773 2.14331 4
      vertex 38.5052 1.92701 4
    endloop
  endfacet
  facet normal 0 0 1
    outer loop
      vertex 41.4721 4.70228 4
      vertex 38.2361 2.35114 4
      vertex 38.3773 2.14331 4
    endloop
  endfacet
  facet normal 0 0 1
    outer loop
      vertex 41.1641 5.09939 4
      vertex 38.0821 2.5497 4
      vertex 38.2361 2.35114 4
    endloop
  endfacet
  facet normal 0 0 1
    outer loop
      vertex 36.7031 3.61931 4
      vertex 38.4062 7.23862 4
      vertex 37.945 7.43821 4
    endloop
  endfacet
  facet normal 0 0 1
    outer loop
      vertex 40.8317 5.47638 4
      vertex 37.9159 2.73819 4
      vertex 38.0821 2.5497 4
    endloop
  endfacet
  facet normal 0 0 1
    outer loop
      vertex 40.4764 5.83175 4
      vertex 37.7382 2.91587 4
      vertex 37.9159 2.73819 4
    endloop
  endfacet
  facet normal 0 0 1
    outer loop
      vertex 40.0994 6.16411 4
      vertex 37.5497 3.08205 4
      vertex 37.7382 2.91587 4
    endloop
  endfacet
  facet normal 0 0 1
    outer loop
      vertex 36.4725 3.71911 4
      vertex 37.945 7.43821 4
      vertex 37.4721 7.60845 4
    endloop
  endfacet
  facet normal 0 0 1
    outer loop
      vertex 39.7023 6.47214 4
      vertex 37.3511 3.23607 4
      vertex 37.5497 3.08205 4
    endloop
  endfacet
  facet normal 0 0 1
    outer loop
      vertex 39.2866 6.75462 4
      vertex 37.1433 3.37731 4
      vertex 37.3511 3.23607 4
    endloop
  endfacet
  facet normal 0 0 1
    outer loop
      vertex 36.2361 3.80423 4
      vertex 37.4721 7.60845 4
      vertex 36.9895 7.74866 4
    endloop
  endfacet
  facet normal 0 0 1
    outer loop
      vertex 38.854 7.01045 4
      vertex 36.927 3.50523 4
      vertex 37.1433 3.37731 4
    endloop
  endfacet
  facet normal 0 0 1
    outer loop
      vertex 38.4062 7.23862 4
      vertex 36.7031 3.61931 4
      vertex 36.927 3.50523 4
    endloop
  endfacet
  facet normal 0 0 1
    outer loop
      vertex 35.9948 3.87433 4
      vertex 36.9895 7.74866 4
      vertex 36.4991 7.8583 4
    endloop
  endfacet
  facet normal 0 0 1
    outer loop
      vertex 37.945 7.43821 4
      vertex 36.4725 3.71911 4
      vertex 36.7031 3.61931 4
    endloop
  endfacet
  facet normal 0 0 1
    outer loop
      vertex 37.4721 7.60845 4
      vertex 36.2361 3.80423 4
      vertex 36.4725 3.71911 4
    endloop
  endfacet
  facet normal 0 0 1
    outer loop
      vertex 35.7495 3.92915 4
      vertex 36.4991 7.8583 4
      vertex 36.0027 7.93692 4
    endloop
  endfacet
  facet normal 0 0 1
    outer loop
      vertex 36.9895 7.74866 4
      vertex 35.9948 3.87433 4
      vertex 36.2361 3.80423 4
    endloop
  endfacet
  facet normal 0 0 1
    outer loop
      vertex 36.4991 7.8583 4
      vertex 35.7495 3.92915 4
      vertex 35.9948 3.87433 4
    endloop
  endfacet
  facet normal 0 0 1
    outer loop
      vertex 35.5013 3.96846 4
      vertex 36.0027 7.93692 4
      vertex 35.5023 7.98421 4
    endloop
  endfacet
  facet normal 0 0 1
    outer loop
      vertex 36.0027 7.93692 4
      vertex 35.5013 3.96846 4
      vertex 35.7495 3.92915 4
    endloop
  endfacet
  facet normal 0 0 1
    outer loop
      vertex 35.5023 7.98421 4
      vertex 35.2512 3.99211 4
      vertex 35.5013 3.96846 4
    endloop
  endfacet
  facet normal 0 0 1
    outer loop
      vertex 35 8 4
      vertex 35.2512 3.99211 4
      vertex 35.5023 7.98421 4
    endloop
  endfacet
  facet normal 0 0 1
    outer loop
      vertex 35 8 4
      vertex 35 4 4
      vertex 35.2512 3.99211 4
    endloop
  endfacet
  facet normal 0 0 1
    outer loop
      vertex 35 8 4
      vertex 34.7488 3.99211 4
      vertex 35 4 4
    endloop
  endfacet
  facet normal -0 0 1
    outer loop
      vertex 34.4977 7.98421 4
      vertex 34.7488 3.99211 4
      vertex 35 8 4
    endloop
  endfacet
  facet normal 0 0 1
    outer loop
      vertex 34.7488 3.99211 4
      vertex 34.4977 7.98421 4
      vertex 34.4987 3.96846 4
    endloop
  endfacet
  facet normal -0 0 1
    outer loop
      vertex 33.9973 7.93692 4
      vertex 34.4987 3.96846 4
      vertex 34.4977 7.98421 4
    endloop
  endfacet
  facet normal 0 0 1
    outer loop
      vertex 34.4987 3.96846 4
      vertex 33.9973 7.93692 4
      vertex 34.2505 3.92915 4
    endloop
  endfacet
  facet normal -0 0 1
    outer loop
      vertex 33.5009 7.8583 4
      vertex 34.2505 3.92915 4
      vertex 33.9973 7.93692 4
    endloop
  endfacet
  facet normal 0 0 1
    outer loop
      vertex 34.2505 3.92915 4
      vertex 33.5009 7.8583 4
      vertex 34.0052 3.87433 4
    endloop
  endfacet
  facet normal -0 0 1
    outer loop
      vertex 33.0105 7.74866 4
      vertex 34.0052 3.87433 4
      vertex 33.5009 7.8583 4
    endloop
  endfacet
  facet normal 0 0 1
    outer loop
      vertex 34.0052 3.87433 4
      vertex 33.0105 7.74866 4
      vertex 33.7639 3.80423 4
    endloop
  endfacet
  facet normal -0 0 1
    outer loop
      vertex 32.5279 7.60845 4
      vertex 33.7639 3.80423 4
      vertex 33.0105 7.74866 4
    endloop
  endfacet
  facet normal 0 0 1
    outer loop
      vertex 33.7639 3.80423 4
      vertex 32.5279 7.60845 4
      vertex 33.5275 3.71911 4
    endloop
  endfacet
  facet normal -0 0 1
    outer loop
      vertex 32.055 7.43821 4
      vertex 33.5275 3.71911 4
      vertex 32.5279 7.60845 4
    endloop
  endfacet
  facet normal 0 0 1
    outer loop
      vertex 33.5275 3.71911 4
      vertex 32.055 7.43821 4
      vertex 33.2969 3.61931 4
    endloop
  endfacet
  facet normal -0 0 1
    outer loop
      vertex 31.5938 7.23862 4
      vertex 33.2969 3.61931 4
      vertex 32.055 7.43821 4
    endloop
  endfacet
  facet normal 0 0 1
    outer loop
      vertex 33.2969 3.61931 4
      vertex 31.5938 7.23862 4
      vertex 33.073 3.50523 4
    endloop
  endfacet
  facet normal -0 0 1
    outer loop
      vertex 31.146 7.01045 4
      vertex 33.073 3.50523 4
      vertex 31.5938 7.23862 4
    endloop
  endfacet
  facet normal 0 0 1
    outer loop
      vertex 33.073 3.50523 4
      vertex 31.146 7.01045 4
      vertex 32.8567 3.37731 4
    endloop
  endfacet
  facet normal -0 0 1
    outer loop
      vertex 30.7134 6.75462 4
      vertex 32.8567 3.37731 4
      vertex 31.146 7.01045 4
    endloop
  endfacet
  facet normal 0 0 1
    outer loop
      vertex 32.8567 3.37731 4
      vertex 30.7134 6.75462 4
      vertex 32.6489 3.23607 4
    endloop
  endfacet
  facet normal -0 0 1
    outer loop
      vertex 30.2977 6.47214 4
      vertex 32.6489 3.23607 4
      vertex 30.7134 6.75462 4
    endloop
  endfacet
  facet normal 0 0 1
    outer loop
      vertex 32.6489 3.23607 4
      vertex 30.2977 6.47214 4
      vertex 32.4503 3.08205 4
    endloop
  endfacet
  facet normal -0 0 1
    outer loop
      vertex 29.9006 6.16411 4
      vertex 32.4503 3.08205 4
      vertex 30.2977 6.47214 4
    endloop
  endfacet
  facet normal 0 0 1
    outer loop
      vertex 32.4503 3.08205 4
      vertex 29.9006 6.16411 4
      vertex 32.2618 2.91587 4
    endloop
  endfacet
  facet normal -0 0 1
    outer loop
      vertex 29.5236 5.83175 4
      vertex 32.2618 2.91587 4
      vertex 29.9006 6.16411 4
    endloop
  endfacet
  facet normal 0 0 1
    outer loop
      vertex 32.2618 2.91587 4
      vertex 29.5236 5.83175 4
      vertex 32.0841 2.73819 4
    endloop
  endfacet
  facet normal -0 0 1
    outer loop
      vertex 29.1683 5.47638 4
      vertex 32.0841 2.73819 4
      vertex 29.5236 5.83175 4
    endloop
  endfacet
  facet normal 0 0 1
    outer loop
      vertex 32.0841 2.73819 4
      vertex 29.1683 5.47638 4
      vertex 31.9179 2.5497 4
    endloop
  endfacet
  facet normal -0 0 1
    outer loop
      vertex 28.8359 5.09939 4
      vertex 31.9179 2.5497 4
      vertex 29.1683 5.47638 4
    endloop
  endfacet
  facet normal 0 0 1
    outer loop
      vertex 31.9179 2.5497 4
      vertex 28.8359 5.09939 4
      vertex 31.7639 2.35114 4
    endloop
  endfacet
  facet normal -0 0 1
    outer loop
      vertex 28.5279 4.70228 4
      vertex 31.7639 2.35114 4
      vertex 28.8359 5.09939 4
    endloop
  endfacet
  facet normal 0 0 1
    outer loop
      vertex 31.7639 2.35114 4
      vertex 28.5279 4.70228 4
      vertex 31.6227 2.14331 4
    endloop
  endfacet
  facet normal -0 0 1
    outer loop
      vertex 28.2454 4.28661 4
      vertex 31.6227 2.14331 4
      vertex 28.5279 4.70228 4
    endloop
  endfacet
  facet normal 0 0 1
    outer loop
      vertex 31.6227 2.14331 4
      vertex 28.2454 4.28661 4
      vertex 31.4948 1.92701 4
    endloop
  endfacet
  facet normal -0 0 1
    outer loop
      vertex 27.9895 3.85403 4
      vertex 31.4948 1.92701 4
      vertex 28.2454 4.28661 4
    endloop
  endfacet
  facet normal 0 0 1
    outer loop
      vertex 57 1.5 4
      vertex 60 25 4
      vertex 57 25 4
    endloop
  endfacet
  facet normal 0 0 1
    outer loop
      vertex 60 25 4
      vertex 57 1.5 4
      vertex 60 -25 4
    endloop
  endfacet
  facet normal -0 0 1
    outer loop
      vertex 57 -1.5 4
      vertex 60 -25 4
      vertex 57 1.5 4
    endloop
  endfacet
  facet normal 0 0 1
    outer loop
      vertex 60 -25 4
      vertex 57 -1.5 4
      vertex 57 -25 4
    endloop
  endfacet
  facet normal 0 0 1
    outer loop
      vertex 42.0105 -3.85403 4
      vertex 38.5052 -1.92701 4
      vertex 41.7546 -4.28661 4
    endloop
  endfacet
  facet normal -0 0 1
    outer loop
      vertex 38.3773 -2.14331 4
      vertex 41.7546 -4.28661 4
      vertex 38.5052 -1.92701 4
    endloop
  endfacet
  facet normal 0 0 1
    outer loop
      vertex 41.7546 -4.28661 4
      vertex 38.3773 -2.14331 4
      vertex 41.4721 -4.70228 4
    endloop
  endfacet
  facet normal -0 0 1
    outer loop
      vertex 38.2361 -2.35114 4
      vertex 41.4721 -4.70228 4
      vertex 38.3773 -2.14331 4
    endloop
  endfacet
  facet normal 0 0 1
    outer loop
      vertex 41.4721 -4.70228 4
      vertex 38.2361 -2.35114 4
      vertex 41.1641 -5.09939 4
    endloop
  endfacet
  facet normal -0 0 1
    outer loop
      vertex 38.0821 -2.5497 4
      vertex 41.1641 -5.09939 4
      vertex 38.2361 -2.35114 4
    endloop
  endfacet
  facet normal 0 0 1
    outer loop
      vertex 41.1641 -5.09939 4
      vertex 38.0821 -2.5497 4
      vertex 40.8317 -5.47638 4
    endloop
  endfacet
  facet normal -0 0 1
    outer loop
      vertex 37.9159 -2.73819 4
      vertex 40.8317 -5.47638 4
      vertex 38.0821 -2.5497 4
    endloop
  endfacet
  facet normal 0 0 1
    outer loop
      vertex 40.8317 -5.47638 4
      vertex 37.9159 -2.73819 4
      vertex 40.4764 -5.83175 4
    endloop
  endfacet
  facet normal -0 0 1
    outer loop
      vertex 37.7382 -2.91587 4
      vertex 40.4764 -5.83175 4
      vertex 37.9159 -2.73819 4
    endloop
  endfacet
  facet normal 0 0 1
    outer loop
      vertex 40.4764 -5.83175 4
      vertex 37.7382 -2.91587 4
      vertex 40.0994 -6.16411 4
    endloop
  endfacet
  facet normal -0 0 1
    outer loop
      vertex 37.5497 -3.08205 4
      vertex 40.0994 -6.16411 4
      vertex 37.7382 -2.91587 4
    endloop
  endfacet
  facet normal 0 0 1
    outer loop
      vertex 40.0994 -6.16411 4
      vertex 37.5497 -3.08205 4
      vertex 39.7023 -6.47214 4
    endloop
  endfacet
  facet normal -0 0 1
    outer loop
      vertex 37.3511 -3.23607 4
      vertex 39.7023 -6.47214 4
      vertex 37.5497 -3.08205 4
    endloop
  endfacet
  facet normal 0 0 1
    outer loop
      vertex 39.7023 -6.47214 4
      vertex 37.3511 -3.23607 4
      vertex 39.2866 -6.75462 4
    endloop
  endfacet
  facet normal -0 0 1
    outer loop
      vertex 37.1433 -3.37731 4
      vertex 39.2866 -6.75462 4
      vertex 37.3511 -3.23607 4
    endloop
  endfacet
  facet normal 0 0 1
    outer loop
      vertex 39.2866 -6.75462 4
      vertex 37.1433 -3.37731 4
      vertex 38.854 -7.01045 4
    endloop
  endfacet
  facet normal -0 0 1
    outer loop
      vertex 36.927 -3.50523 4
      vertex 38.854 -7.01045 4
      vertex 37.1433 -3.37731 4
    endloop
  endfacet
  facet normal 0 0 1
    outer loop
      vertex 38.854 -7.01045 4
      vertex 36.927 -3.50523 4
      vertex 38.4062 -7.23862 4
    endloop
  endfacet
  facet normal -0 0 1
    outer loop
      vertex 36.7031 -3.61931 4
      vertex 38.4062 -7.23862 4
      vertex 36.927 -3.50523 4
    endloop
  endfacet
  facet normal 0 0 1
    outer loop
      vertex 38.4062 -7.23862 4
      vertex 36.7031 -3.61931 4
      vertex 37.945 -7.43821 4
    endloop
  endfacet
  facet normal -0 0 1
    outer loop
      vertex 36.4725 -3.71911 4
      vertex 37.945 -7.43821 4
      vertex 36.7031 -3.61931 4
    endloop
  endfacet
  facet normal 0 0 1
    outer loop
      vertex 37.945 -7.43821 4
      vertex 36.4725 -3.71911 4
      vertex 37.4721 -7.60845 4
    endloop
  endfacet
  facet normal -0 0 1
    outer loop
      vertex 36.2361 -3.80423 4
      vertex 37.4721 -7.60845 4
      vertex 36.4725 -3.71911 4
    endloop
  endfacet
  facet normal 0 0 1
    outer loop
      vertex 37.4721 -7.60845 4
      vertex 36.2361 -3.80423 4
      vertex 36.9895 -7.74866 4
    endloop
  endfacet
  facet normal -0 0 1
    outer loop
      vertex 35.9948 -3.87433 4
      vertex 36.9895 -7.74866 4
      vertex 36.2361 -3.80423 4
    endloop
  endfacet
  facet normal 0 0 1
    outer loop
      vertex 36.9895 -7.74866 4
      vertex 35.9948 -3.87433 4
      vertex 36.4991 -7.8583 4
    endloop
  endfacet
  facet normal -0 0 1
    outer loop
      vertex 35.7495 -3.92915 4
      vertex 36.4991 -7.8583 4
      vertex 35.9948 -3.87433 4
    endloop
  endfacet
  facet normal 0 0 1
    outer loop
      vertex 36.4991 -7.8583 4
      vertex 35.7495 -3.92915 4
      vertex 36.0027 -7.93692 4
    endloop
  endfacet
  facet normal -0 0 1
    outer loop
      vertex 35.5013 -3.96846 4
      vertex 36.0027 -7.93692 4
      vertex 35.7495 -3.92915 4
    endloop
  endfacet
  facet normal 0 0 1
    outer loop
      vertex 36.0027 -7.93692 4
      vertex 35.5013 -3.96846 4
      vertex 35.5023 -7.98421 4
    endloop
  endfacet
  facet normal -0 0 1
    outer loop
      vertex 35.2512 -3.99211 4
      vertex 35.5023 -7.98421 4
      vertex 35.5013 -3.96846 4
    endloop
  endfacet
  facet normal -0 0 1
    outer loop
      vertex 35 -4 4
      vertex 35.5023 -7.98421 4
      vertex 35.2512 -3.99211 4
    endloop
  endfacet
  facet normal 0 0 1
    outer loop
      vertex 35 -4 4
      vertex 35 -8 4
      vertex 35.5023 -7.98421 4
    endloop
  endfacet
  facet normal 0 0 1
    outer loop
      vertex 34.7488 -3.99211 4
      vertex 35 -8 4
      vertex 35 -4 4
    endloop
  endfacet
  facet normal 0 0 1
    outer loop
      vertex 34.4977 -7.98421 4
      vertex 34.7488 -3.99211 4
      vertex 34.4987 -3.96846 4
    endloop
  endfacet
  facet normal 0 0 1
    outer loop
      vertex 34.7488 -3.99211 4
      vertex 34.4977 -7.98421 4
      vertex 35 -8 4
    endloop
  endfacet
  facet normal 0 0 1
    outer loop
      vertex 33.9973 -7.93692 4
      vertex 34.4987 -3.96846 4
      vertex 34.2505 -3.92915 4
    endloop
  endfacet
  facet normal 0 0 1
    outer loop
      vertex 33.5009 -7.8583 4
      vertex 34.2505 -3.92915 4
      vertex 34.0052 -3.87433 4
    endloop
  endfacet
  facet normal 0 0 1
    outer loop
      vertex 34.4987 -3.96846 4
      vertex 33.9973 -7.93692 4
      vertex 34.4977 -7.98421 4
    endloop
  endfacet
  facet normal 0 0 1
    outer loop
      vertex 33.0105 -7.74866 4
      vertex 34.0052 -3.87433 4
      vertex 33.7639 -3.80423 4
    endloop
  endfacet
  facet normal 0 0 1
    outer loop
      vertex 32.5279 -7.60845 4
      vertex 33.7639 -3.80423 4
      vertex 33.5275 -3.71911 4
    endloop
  endfacet
  facet normal 0 0 1
    outer loop
      vertex 34.2505 -3.92915 4
      vertex 33.5009 -7.8583 4
      vertex 33.9973 -7.93692 4
    endloop
  endfacet
  facet normal 0 0 1
    outer loop
      vertex 32.055 -7.43821 4
      vertex 33.5275 -3.71911 4
      vertex 33.2969 -3.61931 4
    endloop
  endfacet
  facet normal 0 0 1
    outer loop
      vertex 31.5938 -7.23862 4
      vertex 33.2969 -3.61931 4
      vertex 33.073 -3.50523 4
    endloop
  endfacet
  facet normal 0 0 1
    outer loop
      vertex 34.0052 -3.87433 4
      vertex 33.0105 -7.74866 4
      vertex 33.5009 -7.8583 4
    endloop
  endfacet
  facet normal 0 0 1
    outer loop
      vertex 31.146 -7.01045 4
      vertex 33.073 -3.50523 4
      vertex 32.8567 -3.37731 4
    endloop
  endfacet
  facet normal 0 0 1
    outer loop
      vertex 30.7134 -6.75462 4
      vertex 32.8567 -3.37731 4
      vertex 32.6489 -3.23607 4
    endloop
  endfacet
  facet normal 0 0 1
    outer loop
      vertex 33.7639 -3.80423 4
      vertex 32.5279 -7.60845 4
      vertex 33.0105 -7.74866 4
    endloop
  endfacet
  facet normal 0 0 1
    outer loop
      vertex 30.2977 -6.47214 4
      vertex 32.6489 -3.23607 4
      vertex 32.4503 -3.08205 4
    endloop
  endfacet
  facet normal 0 0 1
    outer loop
      vertex 29.9006 -6.16411 4
      vertex 32.4503 -3.08205 4
      vertex 32.2618 -2.91587 4
    endloop
  endfacet
  facet normal 0 0 1
    outer loop
      vertex 29.5236 -5.83175 4
      vertex 32.2618 -2.91587 4
      vertex 32.0841 -2.73819 4
    endloop
  endfacet
  facet normal 0 0 1
    outer loop
      vertex 33.5275 -3.71911 4
      vertex 32.055 -7.43821 4
      vertex 32.5279 -7.60845 4
    endloop
  endfacet
  facet normal 0 0 1
    outer loop
      vertex 29.1683 -5.47638 4
      vertex 32.0841 -2.73819 4
      vertex 31.9179 -2.5497 4
    endloop
  endfacet
  facet normal 0 0 1
    outer loop
      vertex 28.8359 -5.09939 4
      vertex 31.9179 -2.5497 4
      vertex 31.7639 -2.35114 4
    endloop
  endfacet
  facet normal 0 0 1
    outer loop
      vertex 28.5279 -4.70228 4
      vertex 31.7639 -2.35114 4
      vertex 31.6227 -2.14331 4
    endloop
  endfacet
  facet normal 0 0 1
    outer loop
      vertex 33.2969 -3.61931 4
      vertex 31.5938 -7.23862 4
      vertex 32.055 -7.43821 4
    endloop
  endfacet
  facet normal 0 0 1
    outer loop
      vertex 28.2454 -4.28661 4
      vertex 31.6227 -2.14331 4
      vertex 31.4948 -1.92701 4
    endloop
  endfacet
  facet normal 0 0 1
    outer loop
      vertex 27.9895 -3.85403 4
      vertex 31.4948 -1.92701 4
      vertex 31.3807 -1.70312 4
    endloop
  endfacet
  facet normal 0 0 1
    outer loop
      vertex 27.7614 -3.40623 4
      vertex 31.3807 -1.70312 4
      vertex 31.2809 -1.4725 4
    endloop
  endfacet
  facet normal 0 0 1
    outer loop
      vertex 27.5618 -2.945 4
      vertex 31.2809 -1.4725 4
      vertex 31.1958 -1.23607 4
    endloop
  endfacet
  facet normal 0 0 1
    outer loop
      vertex 33.073 -3.50523 4
      vertex 31.146 -7.01045 4
      vertex 31.5938 -7.23862 4
    endloop
  endfacet
  facet normal 0 0 1
    outer loop
      vertex 27.3915 -2.47214 4
      vertex 31.1958 -1.23607 4
      vertex 31.1257 -0.994759 4
    endloop
  endfacet
  facet normal 0 0 1
    outer loop
      vertex 27.2513 -1.98952 4
      vertex 31.1257 -0.994759 4
      vertex 31.0709 -0.749525 4
    endloop
  endfacet
  facet normal 0 0 1
    outer loop
      vertex 27.1419 -1.5 4
      vertex 31.0709 -0.749525 4
      vertex 31.0315 -0.501332 4
    endloop
  endfacet
  facet normal 0 0 1
    outer loop
      vertex 27.1419 -1.5 4
      vertex 31.0315 -0.501332 4
      vertex 31.0079 -0.251162 4
    endloop
  endfacet
  facet normal 0 0 1
    outer loop
      vertex 27.1419 -1.5 4
      vertex 31.0079 -0.251162 4
      vertex 31 0 4
    endloop
  endfacet
  facet normal 0 0 1
    outer loop
      vertex 31.4948 1.92701 4
      vertex 27.9895 3.85403 4
      vertex 31.3807 1.70312 4
    endloop
  endfacet
  facet normal 0 0 1
    outer loop
      vertex 32.8567 -3.37731 4
      vertex 30.7134 -6.75462 4
      vertex 31.146 -7.01045 4
    endloop
  endfacet
  facet normal -0 0 1
    outer loop
      vertex 27.7614 3.40623 4
      vertex 31.3807 1.70312 4
      vertex 27.9895 3.85403 4
    endloop
  endfacet
  facet normal 0 0 1
    outer loop
      vertex 32.6489 -3.23607 4
      vertex 30.2977 -6.47214 4
      vertex 30.7134 -6.75462 4
    endloop
  endfacet
  facet normal 0 0 1
    outer loop
      vertex 31.3807 1.70312 4
      vertex 27.7614 3.40623 4
      vertex 31.2809 1.4725 4
    endloop
  endfacet
  facet normal 0 0 1
    outer loop
      vertex 32.4503 -3.08205 4
      vertex 29.9006 -6.16411 4
      vertex 30.2977 -6.47214 4
    endloop
  endfacet
  facet normal -0 0 1
    outer loop
      vertex 27.5618 2.945 4
      vertex 31.2809 1.4725 4
      vertex 27.7614 3.40623 4
    endloop
  endfacet
  facet normal 0 0 1
    outer loop
      vertex 32.2618 -2.91587 4
      vertex 29.5236 -5.83175 4
      vertex 29.9006 -6.16411 4
    endloop
  endfacet
  facet normal 0 0 1
    outer loop
      vertex 31.2809 1.4725 4
      vertex 27.5618 2.945 4
      vertex 31.1958 1.23607 4
    endloop
  endfacet
  facet normal 0 0 1
    outer loop
      vertex 32.0841 -2.73819 4
      vertex 29.1683 -5.47638 4
      vertex 29.5236 -5.83175 4
    endloop
  endfacet
  facet normal -0 0 1
    outer loop
      vertex 27.3915 2.47214 4
      vertex 31.1958 1.23607 4
      vertex 27.5618 2.945 4
    endloop
  endfacet
  facet normal 0 0 1
    outer loop
      vertex 31.9179 -2.5497 4
      vertex 28.8359 -5.09939 4
      vertex 29.1683 -5.47638 4
    endloop
  endfacet
  facet normal 0 0 1
    outer loop
      vertex 31.1958 1.23607 4
      vertex 27.3915 2.47214 4
      vertex 31.1257 0.994759 4
    endloop
  endfacet
  facet normal 0 0 1
    outer loop
      vertex 31.7639 -2.35114 4
      vertex 28.5279 -4.70228 4
      vertex 28.8359 -5.09939 4
    endloop
  endfacet
  facet normal -0 0 1
    outer loop
      vertex 27.2513 1.98952 4
      vertex 31.1257 0.994759 4
      vertex 27.3915 2.47214 4
    endloop
  endfacet
  facet normal 0 0 1
    outer loop
      vertex 31.6227 -2.14331 4
      vertex 28.2454 -4.28661 4
      vertex 28.5279 -4.70228 4
    endloop
  endfacet
  facet normal 0 0 1
    outer loop
      vertex 31.1257 0.994759 4
      vertex 27.2513 1.98952 4
      vertex 31.0709 0.749525 4
    endloop
  endfacet
  facet normal 0 0 1
    outer loop
      vertex 31.4948 -1.92701 4
      vertex 27.9895 -3.85403 4
      vertex 28.2454 -4.28661 4
    endloop
  endfacet
  facet normal -0 0 1
    outer loop
      vertex 27.1419 1.5 4
      vertex 31.0709 0.749525 4
      vertex 27.2513 1.98952 4
    endloop
  endfacet
  facet normal 0 0 1
    outer loop
      vertex 31.3807 -1.70312 4
      vertex 27.7614 -3.40623 4
      vertex 27.9895 -3.85403 4
    endloop
  endfacet
  facet normal 0 0 1
    outer loop
      vertex 31.0709 0.749525 4
      vertex 27.1419 1.5 4
      vertex 31.0315 0.501332 4
    endloop
  endfacet
  facet normal 0 0 1
    outer loop
      vertex 31.2809 -1.4725 4
      vertex 27.5618 -2.945 4
      vertex 27.7614 -3.40623 4
    endloop
  endfacet
  facet normal 0 0 1
    outer loop
      vertex 31.0315 0.501332 4
      vertex 27.1419 1.5 4
      vertex 31.0079 0.251162 4
    endloop
  endfacet
  facet normal 0 0 1
    outer loop
      vertex 31.1958 -1.23607 4
      vertex 27.3915 -2.47214 4
      vertex 27.5618 -2.945 4
    endloop
  endfacet
  facet normal 0 0 1
    outer loop
      vertex 31.0079 0.251162 4
      vertex 27.1419 1.5 4
      vertex 31 0 4
    endloop
  endfacet
  facet normal 0 0 1
    outer loop
      vertex 31.1257 -0.994759 4
      vertex 27.2513 -1.98952 4
      vertex 27.3915 -2.47214 4
    endloop
  endfacet
  facet normal 0 0 1
    outer loop
      vertex 27.1419 -1.5 4
      vertex 31 0 4
      vertex 27.1419 1.5 4
    endloop
  endfacet
  facet normal 0 0 1
    outer loop
      vertex 31.0709 -0.749525 4
      vertex 27.1419 -1.5 4
      vertex 27.2513 -1.98952 4
    endloop
  endfacet
  facet normal -0 0 1
    outer loop
      vertex 7.85809 1.5 4
      vertex 27.1419 -1.5 4
      vertex 27.1419 1.5 4
    endloop
  endfacet
  facet normal 0 0 1
    outer loop
      vertex 7.85809 1.5 4
      vertex 7.85809 -1.5 4
      vertex 27.1419 -1.5 4
    endloop
  endfacet
  facet normal 0 0 1
    outer loop
      vertex 7.69596 2.17093 4
      vertex 7.85809 1.5 4
      vertex 7.74866 1.98952 4
    endloop
  endfacet
  facet normal 0 0 1
    outer loop
      vertex 7.85809 1.5 4
      vertex 7.69596 2.17093 4
      vertex 7.85809 -1.5 4
    endloop
  endfacet
  facet normal 0 0 1
    outer loop
      vertex 7.69596 -2.17093 4
      vertex 7.85809 -1.5 4
      vertex 7.69596 2.17093 4
    endloop
  endfacet
  facet normal 0 0 1
    outer loop
      vertex 7.85809 -1.5 4
      vertex 7.69596 -2.17093 4
      vertex 7.74866 -1.98952 4
    endloop
  endfacet
  facet normal -0 0 -1
    outer loop
      vertex -3.99211 -0.251162 0
      vertex -7.85809 -1.5 0
      vertex -4 0 0
    endloop
  endfacet
  facet normal 0 0 -1
    outer loop
      vertex -7.85809 1.5 0
      vertex -4 0 0
      vertex -7.85809 -1.5 0
    endloop
  endfacet
  facet normal 0 -0 -1
    outer loop
      vertex -7.74866 1.98952 0
      vertex -4 0 0
      vertex -7.85809 1.5 0
    endloop
  endfacet
  facet normal 0 0 -1
    outer loop
      vertex -4 0 0
      vertex -7.74866 1.98952 0
      vertex -7.69596 2.17093 0
    endloop
  endfacet
  facet normal 0 0 -1
    outer loop
      vertex -27.1419 -1.5 0
      vertex -7.85809 1.5 0
      vertex -7.85809 -1.5 0
    endloop
  endfacet
  facet normal 0 0 -1
    outer loop
      vertex -27.1419 -1.5 0
      vertex -27.1419 1.5 0
      vertex -7.85809 1.5 0
    endloop
  endfacet
  facet normal 0 0 -1
    outer loop
      vertex -31.0709 -0.749525 0
      vertex -27.1419 -1.5 0
      vertex -27.2513 -1.98952 0
    endloop
  endfacet
  facet normal 0 0 -1
    outer loop
      vertex -27.1419 -1.5 0
      vertex -31 0 0
      vertex -27.1419 1.5 0
    endloop
  endfacet
  facet normal 0 0 -1
    outer loop
      vertex -31.1257 -0.994759 0
      vertex -27.2513 -1.98952 0
      vertex -27.3915 -2.47214 0
    endloop
  endfacet
  facet normal 0 0 -1
    outer loop
      vertex -31.0079 0.251162 0
      vertex -27.1419 1.5 0
      vertex -31 0 0
    endloop
  endfacet
  facet normal 0 0 -1
    outer loop
      vertex -31.1958 -1.23607 0
      vertex -27.3915 -2.47214 0
      vertex -27.5618 -2.945 0
    endloop
  endfacet
  facet normal 0 0 -1
    outer loop
      vertex -31.0315 0.501332 0
      vertex -27.1419 1.5 0
      vertex -31.0079 0.251162 0
    endloop
  endfacet
  facet normal 0 0 -1
    outer loop
      vertex -31.2809 -1.4725 0
      vertex -27.5618 -2.945 0
      vertex -27.7614 -3.40623 0
    endloop
  endfacet
  facet normal 0 0 -1
    outer loop
      vertex -31.0709 0.749525 0
      vertex -27.1419 1.5 0
      vertex -31.0315 0.501332 0
    endloop
  endfacet
  facet normal 0 0 -1
    outer loop
      vertex -31.3807 -1.70312 0
      vertex -27.7614 -3.40623 0
      vertex -27.9895 -3.85403 0
    endloop
  endfacet
  facet normal -0 0 -1
    outer loop
      vertex -27.1419 1.5 0
      vertex -31.0709 0.749525 0
      vertex -27.2513 1.98952 0
    endloop
  endfacet
  facet normal 0 0 -1
    outer loop
      vertex -31.4948 -1.92701 0
      vertex -27.9895 -3.85403 0
      vertex -28.2454 -4.28661 0
    endloop
  endfacet
  facet normal 0 0 -1
    outer loop
      vertex -31.1257 0.994759 0
      vertex -27.2513 1.98952 0
      vertex -31.0709 0.749525 0
    endloop
  endfacet
  facet normal 0 0 -1
    outer loop
      vertex -31.6227 -2.14331 0
      vertex -28.2454 -4.28661 0
      vertex -28.5279 -4.70228 0
    endloop
  endfacet
  facet normal -0 0 -1
    outer loop
      vertex -27.2513 1.98952 0
      vertex -31.1257 0.994759 0
      vertex -27.3915 2.47214 0
    endloop
  endfacet
  facet normal 0 0 -1
    outer loop
      vertex -31.7639 -2.35114 0
      vertex -28.5279 -4.70228 0
      vertex -28.8359 -5.09939 0
    endloop
  endfacet
  facet normal 0 0 -1
    outer loop
      vertex -31.1958 1.23607 0
      vertex -27.3915 2.47214 0
      vertex -31.1257 0.994759 0
    endloop
  endfacet
  facet normal 0 0 -1
    outer loop
      vertex -31.9179 -2.5497 0
      vertex -28.8359 -5.09939 0
      vertex -29.1683 -5.47638 0
    endloop
  endfacet
  facet normal -0 0 -1
    outer loop
      vertex -27.3915 2.47214 0
      vertex -31.1958 1.23607 0
      vertex -27.5618 2.945 0
    endloop
  endfacet
  facet normal 0 0 -1
    outer loop
      vertex -32.0841 -2.73819 0
      vertex -29.1683 -5.47638 0
      vertex -29.5236 -5.83175 0
    endloop
  endfacet
  facet normal 0 0 -1
    outer loop
      vertex -31.2809 1.4725 0
      vertex -27.5618 2.945 0
      vertex -31.1958 1.23607 0
    endloop
  endfacet
  facet normal 0 0 -1
    outer loop
      vertex -32.2618 -2.91587 0
      vertex -29.5236 -5.83175 0
      vertex -29.9006 -6.16411 0
    endloop
  endfacet
  facet normal -0 0 -1
    outer loop
      vertex -27.5618 2.945 0
      vertex -31.2809 1.4725 0
      vertex -27.7614 3.40623 0
    endloop
  endfacet
  facet normal 0 0 -1
    outer loop
      vertex -32.4503 -3.08205 0
      vertex -29.9006 -6.16411 0
      vertex -30.2977 -6.47214 0
    endloop
  endfacet
  facet normal 0 0 -1
    outer loop
      vertex -31.3807 1.70312 0
      vertex -27.7614 3.40623 0
      vertex -31.2809 1.4725 0
    endloop
  endfacet
  facet normal 0 0 -1
    outer loop
      vertex -32.6489 -3.23607 0
      vertex -30.2977 -6.47214 0
      vertex -30.7134 -6.75462 0
    endloop
  endfacet
  facet normal -0 0 -1
    outer loop
      vertex -27.7614 3.40623 0
      vertex -31.3807 1.70312 0
      vertex -27.9895 3.85403 0
    endloop
  endfacet
  facet normal 0 0 -1
    outer loop
      vertex -31.4948 1.92701 0
      vertex -27.9895 3.85403 0
      vertex -31.3807 1.70312 0
    endloop
  endfacet
  facet normal 0 0 -1
    outer loop
      vertex -27.1419 -1.5 0
      vertex -31.0079 -0.251162 0
      vertex -31 0 0
    endloop
  endfacet
  facet normal 0 0 -1
    outer loop
      vertex -27.1419 -1.5 0
      vertex -31.0315 -0.501332 0
      vertex -31.0079 -0.251162 0
    endloop
  endfacet
  facet normal 0 0 -1
    outer loop
      vertex -27.1419 -1.5 0
      vertex -31.0709 -0.749525 0
      vertex -31.0315 -0.501332 0
    endloop
  endfacet
  facet normal 0 0 -1
    outer loop
      vertex -27.2513 -1.98952 0
      vertex -31.1257 -0.994759 0
      vertex -31.0709 -0.749525 0
    endloop
  endfacet
  facet normal 0 0 -1
    outer loop
      vertex -32.8567 -3.37731 0
      vertex -30.7134 -6.75462 0
      vertex -31.146 -7.01045 0
    endloop
  endfacet
  facet normal 0 0 -1
    outer loop
      vertex -27.3915 -2.47214 0
      vertex -31.1958 -1.23607 0
      vertex -31.1257 -0.994759 0
    endloop
  endfacet
  facet normal 0 0 -1
    outer loop
      vertex -27.5618 -2.945 0
      vertex -31.2809 -1.4725 0
      vertex -31.1958 -1.23607 0
    endloop
  endfacet
  facet normal 0 0 -1
    outer loop
      vertex -27.7614 -3.40623 0
      vertex -31.3807 -1.70312 0
      vertex -31.2809 -1.4725 0
    endloop
  endfacet
  facet normal 0 0 -1
    outer loop
      vertex -27.9895 -3.85403 0
      vertex -31.4948 -1.92701 0
      vertex -31.3807 -1.70312 0
    endloop
  endfacet
  facet normal 0 0 -1
    outer loop
      vertex -33.073 -3.50523 0
      vertex -31.146 -7.01045 0
      vertex -31.5938 -7.23862 0
    endloop
  endfacet
  facet normal 0 0 -1
    outer loop
      vertex -28.2454 -4.28661 0
      vertex -31.6227 -2.14331 0
      vertex -31.4948 -1.92701 0
    endloop
  endfacet
  facet normal 0 0 -1
    outer loop
      vertex -28.5279 -4.70228 0
      vertex -31.7639 -2.35114 0
      vertex -31.6227 -2.14331 0
    endloop
  endfacet
  facet normal 0 0 -1
    outer loop
      vertex -28.8359 -5.09939 0
      vertex -31.9179 -2.5497 0
      vertex -31.7639 -2.35114 0
    endloop
  endfacet
  facet normal 0 0 -1
    outer loop
      vertex -33.2969 -3.61931 0
      vertex -31.5938 -7.23862 0
      vertex -32.055 -7.43821 0
    endloop
  endfacet
  facet normal 0 0 -1
    outer loop
      vertex -29.1683 -5.47638 0
      vertex -32.0841 -2.73819 0
      vertex -31.9179 -2.5497 0
    endloop
  endfacet
  facet normal 0 0 -1
    outer loop
      vertex -29.5236 -5.83175 0
      vertex -32.2618 -2.91587 0
      vertex -32.0841 -2.73819 0
    endloop
  endfacet
  facet normal 0 0 -1
    outer loop
      vertex -29.9006 -6.16411 0
      vertex -32.4503 -3.08205 0
      vertex -32.2618 -2.91587 0
    endloop
  endfacet
  facet normal 0 0 -1
    outer loop
      vertex -33.5275 -3.71911 0
      vertex -32.055 -7.43821 0
      vertex -32.5279 -7.60845 0
    endloop
  endfacet
  facet normal 0 0 -1
    outer loop
      vertex -30.2977 -6.47214 0
      vertex -32.6489 -3.23607 0
      vertex -32.4503 -3.08205 0
    endloop
  endfacet
  facet normal 0 0 -1
    outer loop
      vertex -30.7134 -6.75462 0
      vertex -32.8567 -3.37731 0
      vertex -32.6489 -3.23607 0
    endloop
  endfacet
  facet normal 0 0 -1
    outer loop
      vertex -33.7639 -3.80423 0
      vertex -32.5279 -7.60845 0
      vertex -33.0105 -7.74866 0
    endloop
  endfacet
  facet normal 0 0 -1
    outer loop
      vertex -31.146 -7.01045 0
      vertex -33.073 -3.50523 0
      vertex -32.8567 -3.37731 0
    endloop
  endfacet
  facet normal 0 0 -1
    outer loop
      vertex -31.5938 -7.23862 0
      vertex -33.2969 -3.61931 0
      vertex -33.073 -3.50523 0
    endloop
  endfacet
  facet normal 0 0 -1
    outer loop
      vertex -34.0052 -3.87433 0
      vertex -33.0105 -7.74866 0
      vertex -33.5009 -7.8583 0
    endloop
  endfacet
  facet normal 0 0 -1
    outer loop
      vertex -32.055 -7.43821 0
      vertex -33.5275 -3.71911 0
      vertex -33.2969 -3.61931 0
    endloop
  endfacet
  facet normal 0 0 -1
    outer loop
      vertex -32.5279 -7.60845 0
      vertex -33.7639 -3.80423 0
      vertex -33.5275 -3.71911 0
    endloop
  endfacet
  facet normal 0 0 -1
    outer loop
      vertex -34.2505 -3.92915 0
      vertex -33.5009 -7.8583 0
      vertex -33.9973 -7.93692 0
    endloop
  endfacet
  facet normal 0 0 -1
    outer loop
      vertex -33.0105 -7.74866 0
      vertex -34.0052 -3.87433 0
      vertex -33.7639 -3.80423 0
    endloop
  endfacet
  facet normal 0 0 -1
    outer loop
      vertex -33.5009 -7.8583 0
      vertex -34.2505 -3.92915 0
      vertex -34.0052 -3.87433 0
    endloop
  endfacet
  facet normal 0 0 -1
    outer loop
      vertex -34.4987 -3.96846 0
      vertex -33.9973 -7.93692 0
      vertex -34.4977 -7.98421 0
    endloop
  endfacet
  facet normal 0 0 -1
    outer loop
      vertex -33.9973 -7.93692 0
      vertex -34.4987 -3.96846 0
      vertex -34.2505 -3.92915 0
    endloop
  endfacet
  facet normal 0 0 -1
    outer loop
      vertex -34.4977 -7.98421 0
      vertex -34.7488 -3.99211 0
      vertex -34.4987 -3.96846 0
    endloop
  endfacet
  facet normal 0 0 -1
    outer loop
      vertex -35 -8 0
      vertex -34.7488 -3.99211 0
      vertex -34.4977 -7.98421 0
    endloop
  endfacet
  facet normal 0 0 -1
    outer loop
      vertex -35 -8 0
      vertex -35 -4 0
      vertex -34.7488 -3.99211 0
    endloop
  endfacet
  facet normal 0 0 -1
    outer loop
      vertex -35 -8 0
      vertex -35.2512 -3.99211 0
      vertex -35 -4 0
    endloop
  endfacet
  facet normal 0 0 -1
    outer loop
      vertex -35.5023 -7.98421 0
      vertex -35.2512 -3.99211 0
      vertex -35 -8 0
    endloop
  endfacet
  facet normal -0 0 -1
    outer loop
      vertex -35.2512 -3.99211 0
      vertex -35.5023 -7.98421 0
      vertex -35.5013 -3.96846 0
    endloop
  endfacet
  facet normal 0 0 -1
    outer loop
      vertex -36.0027 -7.93692 0
      vertex -35.5013 -3.96846 0
      vertex -35.5023 -7.98421 0
    endloop
  endfacet
  facet normal -0 0 -1
    outer loop
      vertex -35.5013 -3.96846 0
      vertex -36.0027 -7.93692 0
      vertex -35.7495 -3.92915 0
    endloop
  endfacet
  facet normal 0 0 -1
    outer loop
      vertex -36.4991 -7.8583 0
      vertex -35.7495 -3.92915 0
      vertex -36.0027 -7.93692 0
    endloop
  endfacet
  facet normal -0 0 -1
    outer loop
      vertex -35.7495 -3.92915 0
      vertex -36.4991 -7.8583 0
      vertex -35.9948 -3.87433 0
    endloop
  endfacet
  facet normal 0 0 -1
    outer loop
      vertex -36.9895 -7.74866 0
      vertex -35.9948 -3.87433 0
      vertex -36.4991 -7.8583 0
    endloop
  endfacet
  facet normal -0 0 -1
    outer loop
      vertex -35.9948 -3.87433 0
      vertex -36.9895 -7.74866 0
      vertex -36.2361 -3.80423 0
    endloop
  endfacet
  facet normal 0 0 -1
    outer loop
      vertex -37.4721 -7.60845 0
      vertex -36.2361 -3.80423 0
      vertex -36.9895 -7.74866 0
    endloop
  endfacet
  facet normal -0 0 -1
    outer loop
      vertex -36.2361 -3.80423 0
      vertex -37.4721 -7.60845 0
      vertex -36.4725 -3.71911 0
    endloop
  endfacet
  facet normal 0 0 -1
    outer loop
      vertex -37.945 -7.43821 0
      vertex -36.4725 -3.71911 0
      vertex -37.4721 -7.60845 0
    endloop
  endfacet
  facet normal -0 0 -1
    outer loop
      vertex -36.4725 -3.71911 0
      vertex -37.945 -7.43821 0
      vertex -36.7031 -3.61931 0
    endloop
  endfacet
  facet normal 0 0 -1
    outer loop
      vertex -38.4062 -7.23862 0
      vertex -36.7031 -3.61931 0
      vertex -37.945 -7.43821 0
    endloop
  endfacet
  facet normal -0 0 -1
    outer loop
      vertex -36.7031 -3.61931 0
      vertex -38.4062 -7.23862 0
      vertex -36.927 -3.50523 0
    endloop
  endfacet
  facet normal 0 0 -1
    outer loop
      vertex -38.854 -7.01045 0
      vertex -36.927 -3.50523 0
      vertex -38.4062 -7.23862 0
    endloop
  endfacet
  facet normal -0 0 -1
    outer loop
      vertex -36.927 -3.50523 0
      vertex -38.854 -7.01045 0
      vertex -37.1433 -3.37731 0
    endloop
  endfacet
  facet normal 0 0 -1
    outer loop
      vertex -39.2866 -6.75462 0
      vertex -37.1433 -3.37731 0
      vertex -38.854 -7.01045 0
    endloop
  endfacet
  facet normal -0 0 -1
    outer loop
      vertex -37.1433 -3.37731 0
      vertex -39.2866 -6.75462 0
      vertex -37.3511 -3.23607 0
    endloop
  endfacet
  facet normal 0 0 -1
    outer loop
      vertex -39.7023 -6.47214 0
      vertex -37.3511 -3.23607 0
      vertex -39.2866 -6.75462 0
    endloop
  endfacet
  facet normal -0 0 -1
    outer loop
      vertex -37.3511 -3.23607 0
      vertex -39.7023 -6.47214 0
      vertex -37.5497 -3.08205 0
    endloop
  endfacet
  facet normal 0 0 -1
    outer loop
      vertex -40.0994 -6.16411 0
      vertex -37.5497 -3.08205 0
      vertex -39.7023 -6.47214 0
    endloop
  endfacet
  facet normal -0 0 -1
    outer loop
      vertex -37.5497 -3.08205 0
      vertex -40.0994 -6.16411 0
      vertex -37.7382 -2.91587 0
    endloop
  endfacet
  facet normal 0 0 -1
    outer loop
      vertex -40.4764 -5.83175 0
      vertex -37.7382 -2.91587 0
      vertex -40.0994 -6.16411 0
    endloop
  endfacet
  facet normal -0 0 -1
    outer loop
      vertex -37.7382 -2.91587 0
      vertex -40.4764 -5.83175 0
      vertex -37.9159 -2.73819 0
    endloop
  endfacet
  facet normal 0 0 -1
    outer loop
      vertex -40.8317 -5.47638 0
      vertex -37.9159 -2.73819 0
      vertex -40.4764 -5.83175 0
    endloop
  endfacet
  facet normal -0 0 -1
    outer loop
      vertex -37.9159 -2.73819 0
      vertex -40.8317 -5.47638 0
      vertex -38.0821 -2.5497 0
    endloop
  endfacet
  facet normal 0 0 -1
    outer loop
      vertex -41.1641 -5.09939 0
      vertex -38.0821 -2.5497 0
      vertex -40.8317 -5.47638 0
    endloop
  endfacet
  facet normal -0 0 -1
    outer loop
      vertex -38.0821 -2.5497 0
      vertex -41.1641 -5.09939 0
      vertex -38.2361 -2.35114 0
    endloop
  endfacet
  facet normal 0 0 -1
    outer loop
      vertex -41.4721 -4.70228 0
      vertex -38.2361 -2.35114 0
      vertex -41.1641 -5.09939 0
    endloop
  endfacet
  facet normal -0 0 -1
    outer loop
      vertex -38.2361 -2.35114 0
      vertex -41.4721 -4.70228 0
      vertex -38.3773 -2.14331 0
    endloop
  endfacet
  facet normal 0 0 -1
    outer loop
      vertex -41.7546 -4.28661 0
      vertex -38.3773 -2.14331 0
      vertex -41.4721 -4.70228 0
    endloop
  endfacet
  facet normal -0 0 -1
    outer loop
      vertex -38.3773 -2.14331 0
      vertex -41.7546 -4.28661 0
      vertex -38.5052 -1.92701 0
    endloop
  endfacet
  facet normal 0 0 -1
    outer loop
      vertex -42.0105 -3.85403 0
      vertex -38.5052 -1.92701 0
      vertex -41.7546 -4.28661 0
    endloop
  endfacet
  facet normal 0 0 -1
    outer loop
      vertex -3.61931 1.70312 0
      vertex -7.69596 2.17093 0
      vertex -6.3543 4.8542 0
    endloop
  endfacet
  facet normal 0 0 -1
    outer loop
      vertex -7.69596 2.17093 0
      vertex -46.6459 25 0
      vertex -6.3543 4.8542 0
    endloop
  endfacet
  facet normal -0 -0 -1
    outer loop
      vertex -46.6459 25 0
      vertex -7.69596 2.17093 0
      vertex -53.3541 25 0
    endloop
  endfacet
  facet normal -0 0 -1
    outer loop
      vertex -27.9895 3.85403 0
      vertex -31.4948 1.92701 0
      vertex -28.2454 4.28661 0
    endloop
  endfacet
  facet normal 0 0 -1
    outer loop
      vertex -31.6227 2.14331 0
      vertex -28.2454 4.28661 0
      vertex -31.4948 1.92701 0
    endloop
  endfacet
  facet normal -0 0 -1
    outer loop
      vertex -28.2454 4.28661 0
      vertex -31.6227 2.14331 0
      vertex -28.5279 4.70228 0
    endloop
  endfacet
  facet normal 0 0 -1
    outer loop
      vertex -31.7639 2.35114 0
      vertex -28.5279 4.70228 0
      vertex -31.6227 2.14331 0
    endloop
  endfacet
  facet normal -0 0 -1
    outer loop
      vertex -28.5279 4.70228 0
      vertex -31.7639 2.35114 0
      vertex -28.8359 5.09939 0
    endloop
  endfacet
  facet normal 0 0 -1
    outer loop
      vertex -31.9179 2.5497 0
      vertex -28.8359 5.09939 0
      vertex -31.7639 2.35114 0
    endloop
  endfacet
  facet normal -0 0 -1
    outer loop
      vertex -28.8359 5.09939 0
      vertex -31.9179 2.5497 0
      vertex -29.1683 5.47638 0
    endloop
  endfacet
  facet normal 0 0 -1
    outer loop
      vertex -32.0841 2.73819 0
      vertex -29.1683 5.47638 0
      vertex -31.9179 2.5497 0
    endloop
  endfacet
  facet normal -0 0 -1
    outer loop
      vertex -29.1683 5.47638 0
      vertex -32.0841 2.73819 0
      vertex -29.5236 5.83175 0
    endloop
  endfacet
  facet normal 0 0 -1
    outer loop
      vertex -32.2618 2.91587 0
      vertex -29.5236 5.83175 0
      vertex -32.0841 2.73819 0
    endloop
  endfacet
  facet normal -0 0 -1
    outer loop
      vertex -29.5236 5.83175 0
      vertex -32.2618 2.91587 0
      vertex -29.9006 6.16411 0
    endloop
  endfacet
  facet normal 0 0 -1
    outer loop
      vertex -32.4503 3.08205 0
      vertex -29.9006 6.16411 0
      vertex -32.2618 2.91587 0
    endloop
  endfacet
  facet normal -0 0 -1
    outer loop
      vertex -29.9006 6.16411 0
      vertex -32.4503 3.08205 0
      vertex -30.2977 6.47214 0
    endloop
  endfacet
  facet normal 0 0 -1
    outer loop
      vertex -32.6489 3.23607 0
      vertex -30.2977 6.47214 0
      vertex -32.4503 3.08205 0
    endloop
  endfacet
  facet normal -0 0 -1
    outer loop
      vertex -30.2977 6.47214 0
      vertex -32.6489 3.23607 0
      vertex -30.7134 6.75462 0
    endloop
  endfacet
  facet normal 0 0 -1
    outer loop
      vertex -32.8567 3.37731 0
      vertex -30.7134 6.75462 0
      vertex -32.6489 3.23607 0
    endloop
  endfacet
  facet normal -0 0 -1
    outer loop
      vertex -30.7134 6.75462 0
      vertex -32.8567 3.37731 0
      vertex -31.146 7.01045 0
    endloop
  endfacet
  facet normal 0 0 -1
    outer loop
      vertex -33.073 3.50523 0
      vertex -31.146 7.01045 0
      vertex -32.8567 3.37731 0
    endloop
  endfacet
  facet normal -0 0 -1
    outer loop
      vertex -31.146 7.01045 0
      vertex -33.073 3.50523 0
      vertex -31.5938 7.23862 0
    endloop
  endfacet
  facet normal 0 0 -1
    outer loop
      vertex -33.2969 3.61931 0
      vertex -31.5938 7.23862 0
      vertex -33.073 3.50523 0
    endloop
  endfacet
  facet normal -0 0 -1
    outer loop
      vertex -31.5938 7.23862 0
      vertex -33.2969 3.61931 0
      vertex -32.055 7.43821 0
    endloop
  endfacet
  facet normal 0 0 -1
    outer loop
      vertex -33.5275 3.71911 0
      vertex -32.055 7.43821 0
      vertex -33.2969 3.61931 0
    endloop
  endfacet
  facet normal -0 0 -1
    outer loop
      vertex -32.055 7.43821 0
      vertex -33.5275 3.71911 0
      vertex -32.5279 7.60845 0
    endloop
  endfacet
  facet normal 0 0 -1
    outer loop
      vertex -33.7639 3.80423 0
      vertex -32.5279 7.60845 0
      vertex -33.5275 3.71911 0
    endloop
  endfacet
  facet normal -0 0 -1
    outer loop
      vertex -32.5279 7.60845 0
      vertex -33.7639 3.80423 0
      vertex -33.0105 7.74866 0
    endloop
  endfacet
  facet normal 0 0 -1
    outer loop
      vertex -34.0052 3.87433 0
      vertex -33.0105 7.74866 0
      vertex -33.7639 3.80423 0
    endloop
  endfacet
  facet normal -0 0 -1
    outer loop
      vertex -33.0105 7.74866 0
      vertex -34.0052 3.87433 0
      vertex -33.5009 7.8583 0
    endloop
  endfacet
  facet normal 0 0 -1
    outer loop
      vertex -34.2505 3.92915 0
      vertex -33.5009 7.8583 0
      vertex -34.0052 3.87433 0
    endloop
  endfacet
  facet normal -0 0 -1
    outer loop
      vertex -33.5009 7.8583 0
      vertex -34.2505 3.92915 0
      vertex -33.9973 7.93692 0
    endloop
  endfacet
  facet normal 0 0 -1
    outer loop
      vertex -34.4987 3.96846 0
      vertex -33.9973 7.93692 0
      vertex -34.2505 3.92915 0
    endloop
  endfacet
  facet normal -0 0 -1
    outer loop
      vertex -33.9973 7.93692 0
      vertex -34.4987 3.96846 0
      vertex -34.4977 7.98421 0
    endloop
  endfacet
  facet normal 0 0 -1
    outer loop
      vertex -34.7488 3.99211 0
      vertex -34.4977 7.98421 0
      vertex -34.4987 3.96846 0
    endloop
  endfacet
  facet normal 0 0 -1
    outer loop
      vertex -35 4 0
      vertex -34.4977 7.98421 0
      vertex -34.7488 3.99211 0
    endloop
  endfacet
  facet normal 0 0 -1
    outer loop
      vertex -35 4 0
      vertex -35 8 0
      vertex -34.4977 7.98421 0
    endloop
  endfacet
  facet normal 0 0 -1
    outer loop
      vertex -35.2512 3.99211 0
      vertex -35 8 0
      vertex -35 4 0
    endloop
  endfacet
  facet normal 0 0 -1
    outer loop
      vertex -35.5023 7.98421 0
      vertex -35.2512 3.99211 0
      vertex -35.5013 3.96846 0
    endloop
  endfacet
  facet normal 0 0 -1
    outer loop
      vertex -35.2512 3.99211 0
      vertex -35.5023 7.98421 0
      vertex -35 8 0
    endloop
  endfacet
  facet normal 0 0 -1
    outer loop
      vertex -36.0027 7.93692 0
      vertex -35.5013 3.96846 0
      vertex -35.7495 3.92915 0
    endloop
  endfacet
  facet normal 0 0 -1
    outer loop
      vertex -36.4991 7.8583 0
      vertex -35.7495 3.92915 0
      vertex -35.9948 3.87433 0
    endloop
  endfacet
  facet normal 0 0 -1
    outer loop
      vertex -35.5013 3.96846 0
      vertex -36.0027 7.93692 0
      vertex -35.5023 7.98421 0
    endloop
  endfacet
  facet normal 0 0 -1
    outer loop
      vertex -36.9895 7.74866 0
      vertex -35.9948 3.87433 0
      vertex -36.2361 3.80423 0
    endloop
  endfacet
  facet normal 0 0 -1
    outer loop
      vertex -37.4721 7.60845 0
      vertex -36.2361 3.80423 0
      vertex -36.4725 3.71911 0
    endloop
  endfacet
  facet normal 0 0 -1
    outer loop
      vertex -35.7495 3.92915 0
      vertex -36.4991 7.8583 0
      vertex -36.0027 7.93692 0
    endloop
  endfacet
  facet normal 0 0 -1
    outer loop
      vertex -37.945 7.43821 0
      vertex -36.4725 3.71911 0
      vertex -36.7031 3.61931 0
    endloop
  endfacet
  facet normal 0 0 -1
    outer loop
      vertex -38.4062 7.23862 0
      vertex -36.7031 3.61931 0
      vertex -36.927 3.50523 0
    endloop
  endfacet
  facet normal 0 0 -1
    outer loop
      vertex -35.9948 3.87433 0
      vertex -36.9895 7.74866 0
      vertex -36.4991 7.8583 0
    endloop
  endfacet
  facet normal 0 0 -1
    outer loop
      vertex -38.854 7.01045 0
      vertex -36.927 3.50523 0
      vertex -37.1433 3.37731 0
    endloop
  endfacet
  facet normal 0 0 -1
    outer loop
      vertex -39.2866 6.75462 0
      vertex -37.1433 3.37731 0
      vertex -37.3511 3.23607 0
    endloop
  endfacet
  facet normal 0 0 -1
    outer loop
      vertex -36.2361 3.80423 0
      vertex -37.4721 7.60845 0
      vertex -36.9895 7.74866 0
    endloop
  endfacet
  facet normal 0 0 -1
    outer loop
      vertex -39.7023 6.47214 0
      vertex -37.3511 3.23607 0
      vertex -37.5497 3.08205 0
    endloop
  endfacet
  facet normal 0 0 -1
    outer loop
      vertex -40.0994 6.16411 0
      vertex -37.5497 3.08205 0
      vertex -37.7382 2.91587 0
    endloop
  endfacet
  facet normal 0 0 -1
    outer loop
      vertex -40.4764 5.83175 0
      vertex -37.7382 2.91587 0
      vertex -37.9159 2.73819 0
    endloop
  endfacet
  facet normal 0 0 -1
    outer loop
      vertex -36.4725 3.71911 0
      vertex -37.945 7.43821 0
      vertex -37.4721 7.60845 0
    endloop
  endfacet
  facet normal 0 0 -1
    outer loop
      vertex -40.8317 5.47638 0
      vertex -37.9159 2.73819 0
      vertex -38.0821 2.5497 0
    endloop
  endfacet
  facet normal 0 0 -1
    outer loop
      vertex -41.1641 5.09939 0
      vertex -38.0821 2.5497 0
      vertex -38.2361 2.35114 0
    endloop
  endfacet
  facet normal 0 0 -1
    outer loop
      vertex -41.4721 4.70228 0
      vertex -38.2361 2.35114 0
      vertex -38.3773 2.14331 0
    endloop
  endfacet
  facet normal 0 0 -1
    outer loop
      vertex -36.7031 3.61931 0
      vertex -38.4062 7.23862 0
      vertex -37.945 7.43821 0
    endloop
  endfacet
  facet normal 0 0 -1
    outer loop
      vertex -41.7546 4.28661 0
      vertex -38.3773 2.14331 0
      vertex -38.5052 1.92701 0
    endloop
  endfacet
  facet normal 0 0 -1
    outer loop
      vertex -42.0105 3.85403 0
      vertex -38.5052 1.92701 0
      vertex -38.6193 1.70312 0
    endloop
  endfacet
  facet normal 0 0 -1
    outer loop
      vertex -42.2386 3.40623 0
      vertex -38.6193 1.70312 0
      vertex -38.7191 1.4725 0
    endloop
  endfacet
  facet normal 0 0 -1
    outer loop
      vertex -42.4382 2.945 0
      vertex -38.7191 1.4725 0
      vertex -38.8042 1.23607 0
    endloop
  endfacet
  facet normal 0 0 -1
    outer loop
      vertex -36.927 3.50523 0
      vertex -38.854 7.01045 0
      vertex -38.4062 7.23862 0
    endloop
  endfacet
  facet normal 0 0 -1
    outer loop
      vertex -42.6085 2.47214 0
      vertex -38.8042 1.23607 0
      vertex -38.8743 0.994759 0
    endloop
  endfacet
  facet normal 0 0 -1
    outer loop
      vertex -42.7487 1.98952 0
      vertex -38.8743 0.994759 0
      vertex -38.9291 0.749525 0
    endloop
  endfacet
  facet normal 0 0 -1
    outer loop
      vertex -42.8581 1.5 0
      vertex -38.9291 0.749525 0
      vertex -38.9685 0.501332 0
    endloop
  endfacet
  facet normal 0 0 -1
    outer loop
      vertex -42.8581 1.5 0
      vertex -38.9685 0.501332 0
      vertex -38.9921 0.251162 0
    endloop
  endfacet
  facet normal 0 0 -1
    outer loop
      vertex -42.8581 1.5 0
      vertex -38.9921 0.251162 0
      vertex -39 0 0
    endloop
  endfacet
  facet normal -0 0 -1
    outer loop
      vertex -38.5052 -1.92701 0
      vertex -42.0105 -3.85403 0
      vertex -38.6193 -1.70312 0
    endloop
  endfacet
  facet normal 0 0 -1
    outer loop
      vertex -37.1433 3.37731 0
      vertex -39.2866 6.75462 0
      vertex -38.854 7.01045 0
    endloop
  endfacet
  facet normal 0 0 -1
    outer loop
      vertex -42.2386 -3.40623 0
      vertex -38.6193 -1.70312 0
      vertex -42.0105 -3.85403 0
    endloop
  endfacet
  facet normal 0 0 -1
    outer loop
      vertex -37.3511 3.23607 0
      vertex -39.7023 6.47214 0
      vertex -39.2866 6.75462 0
    endloop
  endfacet
  facet normal -0 0 -1
    outer loop
      vertex -38.6193 -1.70312 0
      vertex -42.2386 -3.40623 0
      vertex -38.7191 -1.4725 0
    endloop
  endfacet
  facet normal 0 0 -1
    outer loop
      vertex -37.5497 3.08205 0
      vertex -40.0994 6.16411 0
      vertex -39.7023 6.47214 0
    endloop
  endfacet
  facet normal 0 0 -1
    outer loop
      vertex -42.4382 -2.945 0
      vertex -38.7191 -1.4725 0
      vertex -42.2386 -3.40623 0
    endloop
  endfacet
  facet normal 0 0 -1
    outer loop
      vertex -37.7382 2.91587 0
      vertex -40.4764 5.83175 0
      vertex -40.0994 6.16411 0
    endloop
  endfacet
  facet normal -0 0 -1
    outer loop
      vertex -38.7191 -1.4725 0
      vertex -42.4382 -2.945 0
      vertex -38.8042 -1.23607 0
    endloop
  endfacet
  facet normal 0 0 -1
    outer loop
      vertex -37.9159 2.73819 0
      vertex -40.8317 5.47638 0
      vertex -40.4764 5.83175 0
    endloop
  endfacet
  facet normal 0 0 -1
    outer loop
      vertex -42.6085 -2.47214 0
      vertex -38.8042 -1.23607 0
      vertex -42.4382 -2.945 0
    endloop
  endfacet
  facet normal 0 0 -1
    outer loop
      vertex -38.0821 2.5497 0
      vertex -41.1641 5.09939 0
      vertex -40.8317 5.47638 0
    endloop
  endfacet
  facet normal -0 0 -1
    outer loop
      vertex -38.8042 -1.23607 0
      vertex -42.6085 -2.47214 0
      vertex -38.8743 -0.994759 0
    endloop
  endfacet
  facet normal 0 0 -1
    outer loop
      vertex -38.2361 2.35114 0
      vertex -41.4721 4.70228 0
      vertex -41.1641 5.09939 0
    endloop
  endfacet
  facet normal 0 0 -1
    outer loop
      vertex -42.7487 -1.98952 0
      vertex -38.8743 -0.994759 0
      vertex -42.6085 -2.47214 0
    endloop
  endfacet
  facet normal 0 0 -1
    outer loop
      vertex -38.3773 2.14331 0
      vertex -41.7546 4.28661 0
      vertex -41.4721 4.70228 0
    endloop
  endfacet
  facet normal -0 0 -1
    outer loop
      vertex -38.8743 -0.994759 0
      vertex -42.7487 -1.98952 0
      vertex -38.9291 -0.749525 0
    endloop
  endfacet
  facet normal 0 0 -1
    outer loop
      vertex -38.5052 1.92701 0
      vertex -42.0105 3.85403 0
      vertex -41.7546 4.28661 0
    endloop
  endfacet
  facet normal 0 0 -1
    outer loop
      vertex -42.8581 -1.5 0
      vertex -38.9291 -0.749525 0
      vertex -42.7487 -1.98952 0
    endloop
  endfacet
  facet normal 0 0 -1
    outer loop
      vertex -38.6193 1.70312 0
      vertex -42.2386 3.40623 0
      vertex -42.0105 3.85403 0
    endloop
  endfacet
  facet normal -0 0 -1
    outer loop
      vertex -38.9291 -0.749525 0
      vertex -42.8581 -1.5 0
      vertex -38.9685 -0.501332 0
    endloop
  endfacet
  facet normal 0 0 -1
    outer loop
      vertex -38.7191 1.4725 0
      vertex -42.4382 2.945 0
      vertex -42.2386 3.40623 0
    endloop
  endfacet
  facet normal -0 0 -1
    outer loop
      vertex -38.9685 -0.501332 0
      vertex -42.8581 -1.5 0
      vertex -38.9921 -0.251162 0
    endloop
  endfacet
  facet normal 0 0 -1
    outer loop
      vertex -38.8042 1.23607 0
      vertex -42.6085 2.47214 0
      vertex -42.4382 2.945 0
    endloop
  endfacet
  facet normal -0 0 -1
    outer loop
      vertex -38.9921 -0.251162 0
      vertex -42.8581 -1.5 0
      vertex -39 0 0
    endloop
  endfacet
  facet normal 0 0 -1
    outer loop
      vertex -38.8743 0.994759 0
      vertex -42.7487 1.98952 0
      vertex -42.6085 2.47214 0
    endloop
  endfacet
  facet normal 0 0 -1
    outer loop
      vertex -42.8581 1.5 0
      vertex -39 0 0
      vertex -42.8581 -1.5 0
    endloop
  endfacet
  facet normal 0 0 -1
    outer loop
      vertex -38.9291 0.749525 0
      vertex -42.8581 1.5 0
      vertex -42.7487 1.98952 0
    endloop
  endfacet
  facet normal 0 0 -1
    outer loop
      vertex -57 -1.5 0
      vertex -42.8581 1.5 0
      vertex -42.8581 -1.5 0
    endloop
  endfacet
  facet normal -0 0 -1
    outer loop
      vertex -42.8581 1.5 0
      vertex -57 -1.5 0
      vertex -57 1.5 0
    endloop
  endfacet
  facet normal 0 0 -1
    outer loop
      vertex -2.945 7.43821 0
      vertex -1.4725 3.71911 0
      vertex -1.70312 3.61931 0
    endloop
  endfacet
  facet normal 0 0 -1
    outer loop
      vertex -3.40623 7.23862 0
      vertex -1.70312 3.61931 0
      vertex -1.92701 3.50523 0
    endloop
  endfacet
  facet normal 0 0 -1
    outer loop
      vertex -1.4725 3.71911 0
      vertex -1.98952 7.74866 0
      vertex -1.5 7.85809 0
    endloop
  endfacet
  facet normal 0 0 -1
    outer loop
      vertex -3.85403 7.01045 0
      vertex -1.92701 3.50523 0
      vertex -2.14331 3.37731 0
    endloop
  endfacet
  facet normal 0 0 -1
    outer loop
      vertex -4.28661 6.75462 0
      vertex -2.14331 3.37731 0
      vertex -2.35114 3.23607 0
    endloop
  endfacet
  facet normal 0 0 -1
    outer loop
      vertex -1.4725 3.71911 0
      vertex -2.47214 7.60845 0
      vertex -1.98952 7.74866 0
    endloop
  endfacet
  facet normal 0 0 -1
    outer loop
      vertex -4.70228 6.47214 0
      vertex -2.35114 3.23607 0
      vertex -2.5497 3.08205 0
    endloop
  endfacet
  facet normal 0 0 -1
    outer loop
      vertex -5.09939 6.16411 0
      vertex -2.5497 3.08205 0
      vertex -2.73819 2.91587 0
    endloop
  endfacet
  facet normal 0 0 -1
    outer loop
      vertex -5.47638 5.83175 0
      vertex -2.73819 2.91587 0
      vertex -2.91587 2.73819 0
    endloop
  endfacet
  facet normal 0 0 -1
    outer loop
      vertex -1.4725 3.71911 0
      vertex -2.945 7.43821 0
      vertex -2.47214 7.60845 0
    endloop
  endfacet
  facet normal 0 0 -1
    outer loop
      vertex -5.83175 5.47638 0
      vertex -2.91587 2.73819 0
      vertex -3.08205 2.5497 0
    endloop
  endfacet
  facet normal 0 0 -1
    outer loop
      vertex -6.3543 4.8542 0
      vertex -3.08205 2.5497 0
      vertex -3.23607 2.35114 0
    endloop
  endfacet
  facet normal 0 0 -1
    outer loop
      vertex -6.3543 4.8542 0
      vertex -3.23607 2.35114 0
      vertex -3.37731 2.14331 0
    endloop
  endfacet
  facet normal 0 0 -1
    outer loop
      vertex -1.70312 3.61931 0
      vertex -3.40623 7.23862 0
      vertex -2.945 7.43821 0
    endloop
  endfacet
  facet normal 0 0 -1
    outer loop
      vertex -6.3543 4.8542 0
      vertex -3.37731 2.14331 0
      vertex -3.50523 1.92701 0
    endloop
  endfacet
  facet normal 0 0 -1
    outer loop
      vertex -6.3543 4.8542 0
      vertex -3.50523 1.92701 0
      vertex -3.61931 1.70312 0
    endloop
  endfacet
  facet normal 0 0 -1
    outer loop
      vertex -7.69596 2.17093 0
      vertex -3.61931 1.70312 0
      vertex -3.71911 1.4725 0
    endloop
  endfacet
  facet normal 0 0 -1
    outer loop
      vertex -7.69596 2.17093 0
      vertex -3.71911 1.4725 0
      vertex -3.80423 1.23607 0
    endloop
  endfacet
  facet normal 0 0 -1
    outer loop
      vertex -1.92701 3.50523 0
      vertex -3.85403 7.01045 0
      vertex -3.40623 7.23862 0
    endloop
  endfacet
  facet normal 0 0 -1
    outer loop
      vertex -7.69596 2.17093 0
      vertex -3.80423 1.23607 0
      vertex -3.87433 0.994759 0
    endloop
  endfacet
  facet normal 0 0 -1
    outer loop
      vertex -7.69596 2.17093 0
      vertex -3.87433 0.994759 0
      vertex -3.92915 0.749525 0
    endloop
  endfacet
  facet normal 0 0 -1
    outer loop
      vertex -3.99211 0.251162 0
      vertex -7.69596 2.17093 0
      vertex -3.96846 0.501332 0
    endloop
  endfacet
  facet normal 0 0 -1
    outer loop
      vertex -4 0 0
      vertex -7.69596 2.17093 0
      vertex -3.99211 0.251162 0
    endloop
  endfacet
  facet normal -0 0 -1
    outer loop
      vertex -3.96846 -0.501332 0
      vertex -7.85809 -1.5 0
      vertex -3.99211 -0.251162 0
    endloop
  endfacet
  facet normal -0 0 -1
    outer loop
      vertex -3.61931 -1.70312 0
      vertex -7.69596 -2.17093 0
      vertex -3.71911 -1.4725 0
    endloop
  endfacet
  facet normal 0 0 -1
    outer loop
      vertex -2.14331 3.37731 0
      vertex -4.28661 6.75462 0
      vertex -3.85403 7.01045 0
    endloop
  endfacet
  facet normal -0 0 -1
    outer loop
      vertex -3.71911 -1.4725 0
      vertex -7.69596 -2.17093 0
      vertex -3.80423 -1.23607 0
    endloop
  endfacet
  facet normal 0 0 -1
    outer loop
      vertex -2.35114 3.23607 0
      vertex -4.70228 6.47214 0
      vertex -4.28661 6.75462 0
    endloop
  endfacet
  facet normal -0 0 -1
    outer loop
      vertex -3.80423 -1.23607 0
      vertex -7.69596 -2.17093 0
      vertex -3.87433 -0.994759 0
    endloop
  endfacet
  facet normal 0 0 -1
    outer loop
      vertex -2.5497 3.08205 0
      vertex -5.09939 6.16411 0
      vertex -4.70228 6.47214 0
    endloop
  endfacet
  facet normal 0 0 -1
    outer loop
      vertex -7.74866 -1.98952 0
      vertex -3.87433 -0.994759 0
      vertex -7.69596 -2.17093 0
    endloop
  endfacet
  facet normal 0 0 -1
    outer loop
      vertex -2.73819 2.91587 0
      vertex -5.47638 5.83175 0
      vertex -5.09939 6.16411 0
    endloop
  endfacet
  facet normal -0 0 -1
    outer loop
      vertex -3.87433 -0.994759 0
      vertex -7.74866 -1.98952 0
      vertex -3.92915 -0.749525 0
    endloop
  endfacet
  facet normal 0 0 -1
    outer loop
      vertex -2.91587 2.73819 0
      vertex -5.83175 5.47638 0
      vertex -5.47638 5.83175 0
    endloop
  endfacet
  facet normal 0 0 -1
    outer loop
      vertex -7.85809 -1.5 0
      vertex -3.92915 -0.749525 0
      vertex -7.74866 -1.98952 0
    endloop
  endfacet
  facet normal -0 0 -1
    outer loop
      vertex -3.92915 -0.749525 0
      vertex -7.85809 -1.5 0
      vertex -3.96846 -0.501332 0
    endloop
  endfacet
  facet normal 0 0 -1
    outer loop
      vertex -3.08205 2.5497 0
      vertex -6.3543 4.8542 0
      vertex -6.16411 5.09939 0
    endloop
  endfacet
  facet normal 0 0 -1
    outer loop
      vertex -3.08205 2.5497 0
      vertex -6.16411 5.09939 0
      vertex -5.83175 5.47638 0
    endloop
  endfacet
  facet normal 0 0 -1
    outer loop
      vertex -3.96846 0.501332 0
      vertex -7.69596 2.17093 0
      vertex -3.92915 0.749525 0
    endloop
  endfacet
  facet normal 0 0 -1
    outer loop
      vertex -46.6459 -25 0
      vertex -7.69596 -2.17093 0
      vertex -6.3543 -4.8542 0
    endloop
  endfacet
  facet normal 0 0 -1
    outer loop
      vertex -7.69596 -2.17093 0
      vertex -46.6459 -25 0
      vertex -53.3541 -25 0
    endloop
  endfacet
  facet normal -0 0 -1
    outer loop
      vertex -0.994759 -3.87433 0
      vertex -1.98952 -7.74866 0
      vertex -1.23607 -3.80423 0
    endloop
  endfacet
  facet normal 0 0 -1
    outer loop
      vertex -2.47214 -7.60845 0
      vertex -1.23607 -3.80423 0
      vertex -1.98952 -7.74866 0
    endloop
  endfacet
  facet normal -0 0 -1
    outer loop
      vertex -1.23607 -3.80423 0
      vertex -2.47214 -7.60845 0
      vertex -1.4725 -3.71911 0
    endloop
  endfacet
  facet normal 0 0 -1
    outer loop
      vertex -2.945 -7.43821 0
      vertex -1.4725 -3.71911 0
      vertex -2.47214 -7.60845 0
    endloop
  endfacet
  facet normal -0 0 -1
    outer loop
      vertex -1.4725 -3.71911 0
      vertex -2.945 -7.43821 0
      vertex -1.70312 -3.61931 0
    endloop
  endfacet
  facet normal 0 0 -1
    outer loop
      vertex -3.40623 -7.23862 0
      vertex -1.70312 -3.61931 0
      vertex -2.945 -7.43821 0
    endloop
  endfacet
  facet normal -0 0 -1
    outer loop
      vertex -1.70312 -3.61931 0
      vertex -3.40623 -7.23862 0
      vertex -1.92701 -3.50523 0
    endloop
  endfacet
  facet normal 0 0 -1
    outer loop
      vertex -3.85403 -7.01045 0
      vertex -1.92701 -3.50523 0
      vertex -3.40623 -7.23862 0
    endloop
  endfacet
  facet normal -0 0 -1
    outer loop
      vertex -1.92701 -3.50523 0
      vertex -3.85403 -7.01045 0
      vertex -2.14331 -3.37731 0
    endloop
  endfacet
  facet normal 0 0 -1
    outer loop
      vertex -4.28661 -6.75462 0
      vertex -2.14331 -3.37731 0
      vertex -3.85403 -7.01045 0
    endloop
  endfacet
  facet normal -0 0 -1
    outer loop
      vertex -2.14331 -3.37731 0
      vertex -4.28661 -6.75462 0
      vertex -2.35114 -3.23607 0
    endloop
  endfacet
  facet normal 0 0 -1
    outer loop
      vertex -4.70228 -6.47214 0
      vertex -2.35114 -3.23607 0
      vertex -4.28661 -6.75462 0
    endloop
  endfacet
  facet normal -0 0 -1
    outer loop
      vertex -2.35114 -3.23607 0
      vertex -4.70228 -6.47214 0
      vertex -2.5497 -3.08205 0
    endloop
  endfacet
  facet normal 0 0 -1
    outer loop
      vertex -5.09939 -6.16411 0
      vertex -2.5497 -3.08205 0
      vertex -4.70228 -6.47214 0
    endloop
  endfacet
  facet normal -0 0 -1
    outer loop
      vertex -2.5497 -3.08205 0
      vertex -5.09939 -6.16411 0
      vertex -2.73819 -2.91587 0
    endloop
  endfacet
  facet normal 0 0 -1
    outer loop
      vertex -5.47638 -5.83175 0
      vertex -2.73819 -2.91587 0
      vertex -5.09939 -6.16411 0
    endloop
  endfacet
  facet normal -0 0 -1
    outer loop
      vertex -2.73819 -2.91587 0
      vertex -5.47638 -5.83175 0
      vertex -2.91587 -2.73819 0
    endloop
  endfacet
  facet normal 0 0 -1
    outer loop
      vertex -5.83175 -5.47638 0
      vertex -2.91587 -2.73819 0
      vertex -5.47638 -5.83175 0
    endloop
  endfacet
  facet normal -0 0 -1
    outer loop
      vertex -2.91587 -2.73819 0
      vertex -5.83175 -5.47638 0
      vertex -3.08205 -2.5497 0
    endloop
  endfacet
  facet normal 0 0 -1
    outer loop
      vertex -6.16411 -5.09939 0
      vertex -3.08205 -2.5497 0
      vertex -5.83175 -5.47638 0
    endloop
  endfacet
  facet normal 0 0 -1
    outer loop
      vertex -6.3543 -4.8542 0
      vertex -3.08205 -2.5497 0
      vertex -6.16411 -5.09939 0
    endloop
  endfacet
  facet normal -0 0 -1
    outer loop
      vertex -3.08205 -2.5497 0
      vertex -6.3543 -4.8542 0
      vertex -3.23607 -2.35114 0
    endloop
  endfacet
  facet normal -0 0 -1
    outer loop
      vertex -3.23607 -2.35114 0
      vertex -6.3543 -4.8542 0
      vertex -3.37731 -2.14331 0
    endloop
  endfacet
  facet normal -0 0 -1
    outer loop
      vertex -3.37731 -2.14331 0
      vertex -6.3543 -4.8542 0
      vertex -3.50523 -1.92701 0
    endloop
  endfacet
  facet normal -0 0 -1
    outer loop
      vertex -3.50523 -1.92701 0
      vertex -6.3543 -4.8542 0
      vertex -3.61931 -1.70312 0
    endloop
  endfacet
  facet normal 0 0 -1
    outer loop
      vertex -7.69596 -2.17093 0
      vertex -3.61931 -1.70312 0
      vertex -6.3543 -4.8542 0
    endloop
  endfacet
  facet normal -0 0 -1
    outer loop
      vertex 7.69596 2.17093 0
      vertex 3.61931 1.70312 0
      vertex 6.3543 4.8542 0
    endloop
  endfacet
  facet normal 0 0 -1
    outer loop
      vertex 3.50523 1.92701 0
      vertex 6.3543 4.8542 0
      vertex 3.61931 1.70312 0
    endloop
  endfacet
  facet normal 0 0 -1
    outer loop
      vertex 3.37731 2.14331 0
      vertex 6.3543 4.8542 0
      vertex 3.50523 1.92701 0
    endloop
  endfacet
  facet normal 0 0 -1
    outer loop
      vertex 3.23607 2.35114 0
      vertex 6.3543 4.8542 0
      vertex 3.37731 2.14331 0
    endloop
  endfacet
  facet normal 0 0 -1
    outer loop
      vertex 3.08205 2.5497 0
      vertex 6.3543 4.8542 0
      vertex 3.23607 2.35114 0
    endloop
  endfacet
  facet normal -0 0 -1
    outer loop
      vertex 6.3543 4.8542 0
      vertex 3.08205 2.5497 0
      vertex 6.16411 5.09939 0
    endloop
  endfacet
  facet normal -0 0 -1
    outer loop
      vertex 6.16411 5.09939 0
      vertex 3.08205 2.5497 0
      vertex 5.83175 5.47638 0
    endloop
  endfacet
  facet normal 0 0 -1
    outer loop
      vertex 2.91587 2.73819 0
      vertex 5.83175 5.47638 0
      vertex 3.08205 2.5497 0
    endloop
  endfacet
  facet normal -0 0 -1
    outer loop
      vertex 5.83175 5.47638 0
      vertex 2.91587 2.73819 0
      vertex 5.47638 5.83175 0
    endloop
  endfacet
  facet normal 0 0 -1
    outer loop
      vertex 2.73819 2.91587 0
      vertex 5.47638 5.83175 0
      vertex 2.91587 2.73819 0
    endloop
  endfacet
  facet normal -0 0 -1
    outer loop
      vertex 5.47638 5.83175 0
      vertex 2.73819 2.91587 0
      vertex 5.09939 6.16411 0
    endloop
  endfacet
  facet normal 0 0 -1
    outer loop
      vertex 2.5497 3.08205 0
      vertex 5.09939 6.16411 0
      vertex 2.73819 2.91587 0
    endloop
  endfacet
  facet normal -0 0 -1
    outer loop
      vertex 5.09939 6.16411 0
      vertex 2.5497 3.08205 0
      vertex 4.70228 6.47214 0
    endloop
  endfacet
  facet normal 0 0 -1
    outer loop
      vertex 2.35114 3.23607 0
      vertex 4.70228 6.47214 0
      vertex 2.5497 3.08205 0
    endloop
  endfacet
  facet normal -0 0 -1
    outer loop
      vertex 4.70228 6.47214 0
      vertex 2.35114 3.23607 0
      vertex 4.28661 6.75462 0
    endloop
  endfacet
  facet normal 0 0 -1
    outer loop
      vertex 2.14331 3.37731 0
      vertex 4.28661 6.75462 0
      vertex 2.35114 3.23607 0
    endloop
  endfacet
  facet normal -0 0 -1
    outer loop
      vertex 4.28661 6.75462 0
      vertex 2.14331 3.37731 0
      vertex 3.85403 7.01045 0
    endloop
  endfacet
  facet normal 0 0 -1
    outer loop
      vertex 1.92701 3.50523 0
      vertex 3.85403 7.01045 0
      vertex 2.14331 3.37731 0
    endloop
  endfacet
  facet normal -0 0 -1
    outer loop
      vertex 3.85403 7.01045 0
      vertex 1.92701 3.50523 0
      vertex 3.40623 7.23862 0
    endloop
  endfacet
  facet normal 0 0 -1
    outer loop
      vertex 1.70312 3.61931 0
      vertex 3.40623 7.23862 0
      vertex 1.92701 3.50523 0
    endloop
  endfacet
  facet normal -0 0 -1
    outer loop
      vertex 3.40623 7.23862 0
      vertex 1.70312 3.61931 0
      vertex 2.945 7.43821 0
    endloop
  endfacet
  facet normal 0 0 -1
    outer loop
      vertex 1.4725 3.71911 0
      vertex 2.945 7.43821 0
      vertex 1.70312 3.61931 0
    endloop
  endfacet
  facet normal -0 0 -1
    outer loop
      vertex 2.945 7.43821 0
      vertex 1.4725 3.71911 0
      vertex 2.47214 7.60845 0
    endloop
  endfacet
  facet normal 0 0 -1
    outer loop
      vertex 1.23607 3.80423 0
      vertex 2.47214 7.60845 0
      vertex 1.4725 3.71911 0
    endloop
  endfacet
  facet normal 0 0 -1
    outer loop
      vertex 0.994759 3.87433 0
      vertex 1.98952 7.74866 0
      vertex 1.23607 3.80423 0
    endloop
  endfacet
  facet normal -0 0 -1
    outer loop
      vertex 2.47214 7.60845 0
      vertex 1.23607 3.80423 0
      vertex 1.98952 7.74866 0
    endloop
  endfacet
  facet normal 0 0 -1
    outer loop
      vertex 7.69596 2.17093 0
      vertex 46.6459 25 0
      vertex 53.3541 25 0
    endloop
  endfacet
  facet normal 0 0 -1
    outer loop
      vertex 7.69596 2.17093 0
      vertex 6.3543 4.8542 0
      vertex 46.6459 25 0
    endloop
  endfacet
  facet normal 0 -0 -1
    outer loop
      vertex 4 0 0
      vertex 7.85809 -1.5 0
      vertex 3.99211 -0.251162 0
    endloop
  endfacet
  facet normal 0 0 -1
    outer loop
      vertex 3.08205 -2.5497 0
      vertex 6.3543 -4.8542 0
      vertex 6.16411 -5.09939 0
    endloop
  endfacet
  facet normal 0 0 -1
    outer loop
      vertex 3.92915 0.749525 0
      vertex 7.85809 1.5 0
      vertex 3.96846 0.501332 0
    endloop
  endfacet
  facet normal 0 0 -1
    outer loop
      vertex 3.08205 -2.5497 0
      vertex 6.16411 -5.09939 0
      vertex 5.83175 -5.47638 0
    endloop
  endfacet
  facet normal -0 0 -1
    outer loop
      vertex 7.85809 1.5 0
      vertex 3.92915 0.749525 0
      vertex 7.74866 1.98952 0
    endloop
  endfacet
  facet normal 0 0 -1
    outer loop
      vertex 2.91587 -2.73819 0
      vertex 5.83175 -5.47638 0
      vertex 5.47638 -5.83175 0
    endloop
  endfacet
  facet normal 0 0 -1
    outer loop
      vertex 3.87433 0.994759 0
      vertex 7.74866 1.98952 0
      vertex 3.92915 0.749525 0
    endloop
  endfacet
  facet normal 0 0 -1
    outer loop
      vertex 2.73819 -2.91587 0
      vertex 5.47638 -5.83175 0
      vertex 5.09939 -6.16411 0
    endloop
  endfacet
  facet normal -0 0 -1
    outer loop
      vertex 7.74866 1.98952 0
      vertex 3.87433 0.994759 0
      vertex 7.69596 2.17093 0
    endloop
  endfacet
  facet normal 0 0 -1
    outer loop
      vertex 2.5497 -3.08205 0
      vertex 5.09939 -6.16411 0
      vertex 4.70228 -6.47214 0
    endloop
  endfacet
  facet normal 0 0 -1
    outer loop
      vertex 3.80423 1.23607 0
      vertex 7.69596 2.17093 0
      vertex 3.87433 0.994759 0
    endloop
  endfacet
  facet normal 0 0 -1
    outer loop
      vertex 2.35114 -3.23607 0
      vertex 4.70228 -6.47214 0
      vertex 4.28661 -6.75462 0
    endloop
  endfacet
  facet normal 0 0 -1
    outer loop
      vertex 3.71911 1.4725 0
      vertex 7.69596 2.17093 0
      vertex 3.80423 1.23607 0
    endloop
  endfacet
  facet normal 0 0 -1
    outer loop
      vertex 3.61931 1.70312 0
      vertex 7.69596 2.17093 0
      vertex 3.71911 1.4725 0
    endloop
  endfacet
  facet normal 0 0 -1
    outer loop
      vertex 3.96846 0.501332 0
      vertex 7.85809 1.5 0
      vertex 3.99211 0.251162 0
    endloop
  endfacet
  facet normal 0 0 -1
    outer loop
      vertex 3.99211 0.251162 0
      vertex 7.85809 1.5 0
      vertex 4 0 0
    endloop
  endfacet
  facet normal 0 0 -1
    outer loop
      vertex 7.85809 -1.5 0
      vertex 4 0 0
      vertex 7.85809 1.5 0
    endloop
  endfacet
  facet normal 0 0 -1
    outer loop
      vertex 6.3543 -4.8542 0
      vertex 3.87433 -0.994759 0
      vertex 3.92915 -0.749525 0
    endloop
  endfacet
  facet normal 0 0 -1
    outer loop
      vertex 2.14331 -3.37731 0
      vertex 4.28661 -6.75462 0
      vertex 3.85403 -7.01045 0
    endloop
  endfacet
  facet normal 0 0 -1
    outer loop
      vertex 6.3543 -4.8542 0
      vertex 3.80423 -1.23607 0
      vertex 3.87433 -0.994759 0
    endloop
  endfacet
  facet normal 0 0 -1
    outer loop
      vertex 6.3543 -4.8542 0
      vertex 3.71911 -1.4725 0
      vertex 3.80423 -1.23607 0
    endloop
  endfacet
  facet normal 0 0 -1
    outer loop
      vertex 6.3543 -4.8542 0
      vertex 3.61931 -1.70312 0
      vertex 3.71911 -1.4725 0
    endloop
  endfacet
  facet normal 0 0 -1
    outer loop
      vertex 6.3543 -4.8542 0
      vertex 3.50523 -1.92701 0
      vertex 3.61931 -1.70312 0
    endloop
  endfacet
  facet normal 0 0 -1
    outer loop
      vertex 1.92701 -3.50523 0
      vertex 3.85403 -7.01045 0
      vertex 3.40623 -7.23862 0
    endloop
  endfacet
  facet normal 0 0 -1
    outer loop
      vertex 6.3543 -4.8542 0
      vertex 3.37731 -2.14331 0
      vertex 3.50523 -1.92701 0
    endloop
  endfacet
  facet normal 0 0 -1
    outer loop
      vertex 6.3543 -4.8542 0
      vertex 3.23607 -2.35114 0
      vertex 3.37731 -2.14331 0
    endloop
  endfacet
  facet normal 0 0 -1
    outer loop
      vertex 6.3543 -4.8542 0
      vertex 3.08205 -2.5497 0
      vertex 3.23607 -2.35114 0
    endloop
  endfacet
  facet normal 0 0 -1
    outer loop
      vertex 1.70312 -3.61931 0
      vertex 3.40623 -7.23862 0
      vertex 2.945 -7.43821 0
    endloop
  endfacet
  facet normal 0 0 -1
    outer loop
      vertex 5.83175 -5.47638 0
      vertex 2.91587 -2.73819 0
      vertex 3.08205 -2.5497 0
    endloop
  endfacet
  facet normal 0 0 -1
    outer loop
      vertex 5.47638 -5.83175 0
      vertex 2.73819 -2.91587 0
      vertex 2.91587 -2.73819 0
    endloop
  endfacet
  facet normal 0 0 -1
    outer loop
      vertex 5.09939 -6.16411 0
      vertex 2.5497 -3.08205 0
      vertex 2.73819 -2.91587 0
    endloop
  endfacet
  facet normal 0 0 -1
    outer loop
      vertex 1.4725 -3.71911 0
      vertex 2.945 -7.43821 0
      vertex 2.47214 -7.60845 0
    endloop
  endfacet
  facet normal 0 0 -1
    outer loop
      vertex 4.70228 -6.47214 0
      vertex 2.35114 -3.23607 0
      vertex 2.5497 -3.08205 0
    endloop
  endfacet
  facet normal 0 0 -1
    outer loop
      vertex 4.28661 -6.75462 0
      vertex 2.14331 -3.37731 0
      vertex 2.35114 -3.23607 0
    endloop
  endfacet
  facet normal 0 0 -1
    outer loop
      vertex 1.23607 -3.80423 0
      vertex 2.47214 -7.60845 0
      vertex 1.98952 -7.74866 0
    endloop
  endfacet
  facet normal 0 0 -1
    outer loop
      vertex 3.85403 -7.01045 0
      vertex 1.92701 -3.50523 0
      vertex 2.14331 -3.37731 0
    endloop
  endfacet
  facet normal 0 0 -1
    outer loop
      vertex 3.40623 -7.23862 0
      vertex 1.70312 -3.61931 0
      vertex 1.92701 -3.50523 0
    endloop
  endfacet
  facet normal 0 0 -1
    outer loop
      vertex 0.994759 -3.87433 0
      vertex 1.98952 -7.74866 0
      vertex 1.5 -7.85809 0
    endloop
  endfacet
  facet normal 0 0 -1
    outer loop
      vertex 2.945 -7.43821 0
      vertex 1.4725 -3.71911 0
      vertex 1.70312 -3.61931 0
    endloop
  endfacet
  facet normal 0 0 -1
    outer loop
      vertex 42.8581 -1.5 0
      vertex 57 1.5 0
      vertex 57 -1.5 0
    endloop
  endfacet
  facet normal 0 0 -1
    outer loop
      vertex 42.8581 -1.5 0
      vertex 42.8581 1.5 0
      vertex 57 1.5 0
    endloop
  endfacet
  facet normal 0 0 -1
    outer loop
      vertex 38.9291 -0.749525 0
      vertex 42.8581 -1.5 0
      vertex 42.7487 -1.98952 0
    endloop
  endfacet
  facet normal 0 0 -1
    outer loop
      vertex 42.8581 -1.5 0
      vertex 39 0 0
      vertex 42.8581 1.5 0
    endloop
  endfacet
  facet normal 0 0 -1
    outer loop
      vertex 38.8743 -0.994759 0
      vertex 42.7487 -1.98952 0
      vertex 42.6085 -2.47214 0
    endloop
  endfacet
  facet normal 0 0 -1
    outer loop
      vertex 38.9921 0.251162 0
      vertex 42.8581 1.5 0
      vertex 39 0 0
    endloop
  endfacet
  facet normal 0 0 -1
    outer loop
      vertex 38.8042 -1.23607 0
      vertex 42.6085 -2.47214 0
      vertex 42.4382 -2.945 0
    endloop
  endfacet
  facet normal 0 0 -1
    outer loop
      vertex 38.9685 0.501332 0
      vertex 42.8581 1.5 0
      vertex 38.9921 0.251162 0
    endloop
  endfacet
  facet normal 0 0 -1
    outer loop
      vertex 38.7191 -1.4725 0
      vertex 42.4382 -2.945 0
      vertex 42.2386 -3.40623 0
    endloop
  endfacet
  facet normal 0 0 -1
    outer loop
      vertex 38.9291 0.749525 0
      vertex 42.8581 1.5 0
      vertex 38.9685 0.501332 0
    endloop
  endfacet
  facet normal 0 0 -1
    outer loop
      vertex 38.6193 -1.70312 0
      vertex 42.2386 -3.40623 0
      vertex 42.0105 -3.85403 0
    endloop
  endfacet
  facet normal -0 0 -1
    outer loop
      vertex 42.8581 1.5 0
      vertex 38.9291 0.749525 0
      vertex 42.7487 1.98952 0
    endloop
  endfacet
  facet normal 0 0 -1
    outer loop
      vertex 38.5052 -1.92701 0
      vertex 42.0105 -3.85403 0
      vertex 41.7546 -4.28661 0
    endloop
  endfacet
  facet normal 0 0 -1
    outer loop
      vertex 38.8743 0.994759 0
      vertex 42.7487 1.98952 0
      vertex 38.9291 0.749525 0
    endloop
  endfacet
  facet normal 0 0 -1
    outer loop
      vertex 38.3773 -2.14331 0
      vertex 41.7546 -4.28661 0
      vertex 41.4721 -4.70228 0
    endloop
  endfacet
  facet normal -0 0 -1
    outer loop
      vertex 42.7487 1.98952 0
      vertex 38.8743 0.994759 0
      vertex 42.6085 2.47214 0
    endloop
  endfacet
  facet normal 0 0 -1
    outer loop
      vertex 38.2361 -2.35114 0
      vertex 41.4721 -4.70228 0
      vertex 41.1641 -5.09939 0
    endloop
  endfacet
  facet normal 0 0 -1
    outer loop
      vertex 38.8042 1.23607 0
      vertex 42.6085 2.47214 0
      vertex 38.8743 0.994759 0
    endloop
  endfacet
  facet normal 0 0 -1
    outer loop
      vertex 38.0821 -2.5497 0
      vertex 41.1641 -5.09939 0
      vertex 40.8317 -5.47638 0
    endloop
  endfacet
  facet normal -0 0 -1
    outer loop
      vertex 42.6085 2.47214 0
      vertex 38.8042 1.23607 0
      vertex 42.4382 2.945 0
    endloop
  endfacet
  facet normal 0 0 -1
    outer loop
      vertex 37.9159 -2.73819 0
      vertex 40.8317 -5.47638 0
      vertex 40.4764 -5.83175 0
    endloop
  endfacet
  facet normal 0 0 -1
    outer loop
      vertex 38.7191 1.4725 0
      vertex 42.4382 2.945 0
      vertex 38.8042 1.23607 0
    endloop
  endfacet
  facet normal 0 0 -1
    outer loop
      vertex 37.7382 -2.91587 0
      vertex 40.4764 -5.83175 0
      vertex 40.0994 -6.16411 0
    endloop
  endfacet
  facet normal -0 0 -1
    outer loop
      vertex 42.4382 2.945 0
      vertex 38.7191 1.4725 0
      vertex 42.2386 3.40623 0
    endloop
  endfacet
  facet normal 0 0 -1
    outer loop
      vertex 37.5497 -3.08205 0
      vertex 40.0994 -6.16411 0
      vertex 39.7023 -6.47214 0
    endloop
  endfacet
  facet normal 0 0 -1
    outer loop
      vertex 38.6193 1.70312 0
      vertex 42.2386 3.40623 0
      vertex 38.7191 1.4725 0
    endloop
  endfacet
  facet normal 0 0 -1
    outer loop
      vertex 37.3511 -3.23607 0
      vertex 39.7023 -6.47214 0
      vertex 39.2866 -6.75462 0
    endloop
  endfacet
  facet normal -0 0 -1
    outer loop
      vertex 42.2386 3.40623 0
      vertex 38.6193 1.70312 0
      vertex 42.0105 3.85403 0
    endloop
  endfacet
  facet normal 0 0 -1
    outer loop
      vertex 38.5052 1.92701 0
      vertex 42.0105 3.85403 0
      vertex 38.6193 1.70312 0
    endloop
  endfacet
  facet normal 0 0 -1
    outer loop
      vertex 42.8581 -1.5 0
      vertex 38.9921 -0.251162 0
      vertex 39 0 0
    endloop
  endfacet
  facet normal 0 0 -1
    outer loop
      vertex 42.8581 -1.5 0
      vertex 38.9685 -0.501332 0
      vertex 38.9921 -0.251162 0
    endloop
  endfacet
  facet normal 0 0 -1
    outer loop
      vertex 42.8581 -1.5 0
      vertex 38.9291 -0.749525 0
      vertex 38.9685 -0.501332 0
    endloop
  endfacet
  facet normal 0 0 -1
    outer loop
      vertex 42.7487 -1.98952 0
      vertex 38.8743 -0.994759 0
      vertex 38.9291 -0.749525 0
    endloop
  endfacet
  facet normal 0 0 -1
    outer loop
      vertex 37.1433 -3.37731 0
      vertex 39.2866 -6.75462 0
      vertex 38.854 -7.01045 0
    endloop
  endfacet
  facet normal 0 0 -1
    outer loop
      vertex 42.6085 -2.47214 0
      vertex 38.8042 -1.23607 0
      vertex 38.8743 -0.994759 0
    endloop
  endfacet
  facet normal 0 0 -1
    outer loop
      vertex 42.4382 -2.945 0
      vertex 38.7191 -1.4725 0
      vertex 38.8042 -1.23607 0
    endloop
  endfacet
  facet normal 0 0 -1
    outer loop
      vertex 42.2386 -3.40623 0
      vertex 38.6193 -1.70312 0
      vertex 38.7191 -1.4725 0
    endloop
  endfacet
  facet normal 0 0 -1
    outer loop
      vertex 42.0105 -3.85403 0
      vertex 38.5052 -1.92701 0
      vertex 38.6193 -1.70312 0
    endloop
  endfacet
  facet normal 0 0 -1
    outer loop
      vertex 36.927 -3.50523 0
      vertex 38.854 -7.01045 0
      vertex 38.4062 -7.23862 0
    endloop
  endfacet
  facet normal 0 0 -1
    outer loop
      vertex 41.7546 -4.28661 0
      vertex 38.3773 -2.14331 0
      vertex 38.5052 -1.92701 0
    endloop
  endfacet
  facet normal 0 0 -1
    outer loop
      vertex 41.4721 -4.70228 0
      vertex 38.2361 -2.35114 0
      vertex 38.3773 -2.14331 0
    endloop
  endfacet
  facet normal 0 0 -1
    outer loop
      vertex 41.1641 -5.09939 0
      vertex 38.0821 -2.5497 0
      vertex 38.2361 -2.35114 0
    endloop
  endfacet
  facet normal 0 0 -1
    outer loop
      vertex 36.7031 -3.61931 0
      vertex 38.4062 -7.23862 0
      vertex 37.945 -7.43821 0
    endloop
  endfacet
  facet normal 0 0 -1
    outer loop
      vertex 40.8317 -5.47638 0
      vertex 37.9159 -2.73819 0
      vertex 38.0821 -2.5497 0
    endloop
  endfacet
  facet normal 0 0 -1
    outer loop
      vertex 40.4764 -5.83175 0
      vertex 37.7382 -2.91587 0
      vertex 37.9159 -2.73819 0
    endloop
  endfacet
  facet normal 0 0 -1
    outer loop
      vertex 40.0994 -6.16411 0
      vertex 37.5497 -3.08205 0
      vertex 37.7382 -2.91587 0
    endloop
  endfacet
  facet normal 0 0 -1
    outer loop
      vertex 36.4725 -3.71911 0
      vertex 37.945 -7.43821 0
      vertex 37.4721 -7.60845 0
    endloop
  endfacet
  facet normal 0 0 -1
    outer loop
      vertex 39.7023 -6.47214 0
      vertex 37.3511 -3.23607 0
      vertex 37.5497 -3.08205 0
    endloop
  endfacet
  facet normal 0 0 -1
    outer loop
      vertex 39.2866 -6.75462 0
      vertex 37.1433 -3.37731 0
      vertex 37.3511 -3.23607 0
    endloop
  endfacet
  facet normal 0 0 -1
    outer loop
      vertex 36.2361 -3.80423 0
      vertex 37.4721 -7.60845 0
      vertex 36.9895 -7.74866 0
    endloop
  endfacet
  facet normal 0 0 -1
    outer loop
      vertex 38.854 -7.01045 0
      vertex 36.927 -3.50523 0
      vertex 37.1433 -3.37731 0
    endloop
  endfacet
  facet normal 0 0 -1
    outer loop
      vertex 38.4062 -7.23862 0
      vertex 36.7031 -3.61931 0
      vertex 36.927 -3.50523 0
    endloop
  endfacet
  facet normal 0 0 -1
    outer loop
      vertex 35.9948 -3.87433 0
      vertex 36.9895 -7.74866 0
      vertex 36.4991 -7.8583 0
    endloop
  endfacet
  facet normal 0 0 -1
    outer loop
      vertex 37.945 -7.43821 0
      vertex 36.4725 -3.71911 0
      vertex 36.7031 -3.61931 0
    endloop
  endfacet
  facet normal 0 0 -1
    outer loop
      vertex 37.4721 -7.60845 0
      vertex 36.2361 -3.80423 0
      vertex 36.4725 -3.71911 0
    endloop
  endfacet
  facet normal 0 0 -1
    outer loop
      vertex 35.7495 -3.92915 0
      vertex 36.4991 -7.8583 0
      vertex 36.0027 -7.93692 0
    endloop
  endfacet
  facet normal 0 0 -1
    outer loop
      vertex 36.9895 -7.74866 0
      vertex 35.9948 -3.87433 0
      vertex 36.2361 -3.80423 0
    endloop
  endfacet
  facet normal 0 0 -1
    outer loop
      vertex 36.4991 -7.8583 0
      vertex 35.7495 -3.92915 0
      vertex 35.9948 -3.87433 0
    endloop
  endfacet
  facet normal 0 0 -1
    outer loop
      vertex 35.5013 -3.96846 0
      vertex 36.0027 -7.93692 0
      vertex 35.5023 -7.98421 0
    endloop
  endfacet
  facet normal 0 0 -1
    outer loop
      vertex 36.0027 -7.93692 0
      vertex 35.5013 -3.96846 0
      vertex 35.7495 -3.92915 0
    endloop
  endfacet
  facet normal 0 0 -1
    outer loop
      vertex 35.5023 -7.98421 0
      vertex 35.2512 -3.99211 0
      vertex 35.5013 -3.96846 0
    endloop
  endfacet
  facet normal 0 0 -1
    outer loop
      vertex 35 -8 0
      vertex 35.2512 -3.99211 0
      vertex 35.5023 -7.98421 0
    endloop
  endfacet
  facet normal 0 0 -1
    outer loop
      vertex 35 -8 0
      vertex 35 -4 0
      vertex 35.2512 -3.99211 0
    endloop
  endfacet
  facet normal 0 0 -1
    outer loop
      vertex 35 -8 0
      vertex 34.7488 -3.99211 0
      vertex 35 -4 0
    endloop
  endfacet
  facet normal 0 0 -1
    outer loop
      vertex 34.4977 -7.98421 0
      vertex 34.7488 -3.99211 0
      vertex 35 -8 0
    endloop
  endfacet
  facet normal -0 0 -1
    outer loop
      vertex 34.7488 -3.99211 0
      vertex 34.4977 -7.98421 0
      vertex 34.4987 -3.96846 0
    endloop
  endfacet
  facet normal 0 0 -1
    outer loop
      vertex 33.9973 -7.93692 0
      vertex 34.4987 -3.96846 0
      vertex 34.4977 -7.98421 0
    endloop
  endfacet
  facet normal -0 0 -1
    outer loop
      vertex 34.4987 -3.96846 0
      vertex 33.9973 -7.93692 0
      vertex 34.2505 -3.92915 0
    endloop
  endfacet
  facet normal 0 0 -1
    outer loop
      vertex 33.5009 -7.8583 0
      vertex 34.2505 -3.92915 0
      vertex 33.9973 -7.93692 0
    endloop
  endfacet
  facet normal -0 0 -1
    outer loop
      vertex 34.2505 -3.92915 0
      vertex 33.5009 -7.8583 0
      vertex 34.0052 -3.87433 0
    endloop
  endfacet
  facet normal 0 0 -1
    outer loop
      vertex 33.0105 -7.74866 0
      vertex 34.0052 -3.87433 0
      vertex 33.5009 -7.8583 0
    endloop
  endfacet
  facet normal -0 0 -1
    outer loop
      vertex 34.0052 -3.87433 0
      vertex 33.0105 -7.74866 0
      vertex 33.7639 -3.80423 0
    endloop
  endfacet
  facet normal 0 0 -1
    outer loop
      vertex 32.5279 -7.60845 0
      vertex 33.7639 -3.80423 0
      vertex 33.0105 -7.74866 0
    endloop
  endfacet
  facet normal -0 0 -1
    outer loop
      vertex 33.7639 -3.80423 0
      vertex 32.5279 -7.60845 0
      vertex 33.5275 -3.71911 0
    endloop
  endfacet
  facet normal 0 0 -1
    outer loop
      vertex 32.055 -7.43821 0
      vertex 33.5275 -3.71911 0
      vertex 32.5279 -7.60845 0
    endloop
  endfacet
  facet normal -0 0 -1
    outer loop
      vertex 33.5275 -3.71911 0
      vertex 32.055 -7.43821 0
      vertex 33.2969 -3.61931 0
    endloop
  endfacet
  facet normal 0 0 -1
    outer loop
      vertex 31.5938 -7.23862 0
      vertex 33.2969 -3.61931 0
      vertex 32.055 -7.43821 0
    endloop
  endfacet
  facet normal -0 0 -1
    outer loop
      vertex 33.2969 -3.61931 0
      vertex 31.5938 -7.23862 0
      vertex 33.073 -3.50523 0
    endloop
  endfacet
  facet normal 0 0 -1
    outer loop
      vertex 31.146 -7.01045 0
      vertex 33.073 -3.50523 0
      vertex 31.5938 -7.23862 0
    endloop
  endfacet
  facet normal -0 0 -1
    outer loop
      vertex 33.073 -3.50523 0
      vertex 31.146 -7.01045 0
      vertex 32.8567 -3.37731 0
    endloop
  endfacet
  facet normal 0 0 -1
    outer loop
      vertex 30.7134 -6.75462 0
      vertex 32.8567 -3.37731 0
      vertex 31.146 -7.01045 0
    endloop
  endfacet
  facet normal -0 0 -1
    outer loop
      vertex 32.8567 -3.37731 0
      vertex 30.7134 -6.75462 0
      vertex 32.6489 -3.23607 0
    endloop
  endfacet
  facet normal 0 0 -1
    outer loop
      vertex 30.2977 -6.47214 0
      vertex 32.6489 -3.23607 0
      vertex 30.7134 -6.75462 0
    endloop
  endfacet
  facet normal -0 0 -1
    outer loop
      vertex 32.6489 -3.23607 0
      vertex 30.2977 -6.47214 0
      vertex 32.4503 -3.08205 0
    endloop
  endfacet
  facet normal 0 0 -1
    outer loop
      vertex 29.9006 -6.16411 0
      vertex 32.4503 -3.08205 0
      vertex 30.2977 -6.47214 0
    endloop
  endfacet
  facet normal -0 0 -1
    outer loop
      vertex 32.4503 -3.08205 0
      vertex 29.9006 -6.16411 0
      vertex 32.2618 -2.91587 0
    endloop
  endfacet
  facet normal 0 0 -1
    outer loop
      vertex 29.5236 -5.83175 0
      vertex 32.2618 -2.91587 0
      vertex 29.9006 -6.16411 0
    endloop
  endfacet
  facet normal -0 0 -1
    outer loop
      vertex 32.2618 -2.91587 0
      vertex 29.5236 -5.83175 0
      vertex 32.0841 -2.73819 0
    endloop
  endfacet
  facet normal 0 0 -1
    outer loop
      vertex 29.1683 -5.47638 0
      vertex 32.0841 -2.73819 0
      vertex 29.5236 -5.83175 0
    endloop
  endfacet
  facet normal -0 0 -1
    outer loop
      vertex 32.0841 -2.73819 0
      vertex 29.1683 -5.47638 0
      vertex 31.9179 -2.5497 0
    endloop
  endfacet
  facet normal 0 0 -1
    outer loop
      vertex 28.8359 -5.09939 0
      vertex 31.9179 -2.5497 0
      vertex 29.1683 -5.47638 0
    endloop
  endfacet
  facet normal -0 0 -1
    outer loop
      vertex 31.9179 -2.5497 0
      vertex 28.8359 -5.09939 0
      vertex 31.7639 -2.35114 0
    endloop
  endfacet
  facet normal 0 0 -1
    outer loop
      vertex 28.5279 -4.70228 0
      vertex 31.7639 -2.35114 0
      vertex 28.8359 -5.09939 0
    endloop
  endfacet
  facet normal -0 0 -1
    outer loop
      vertex 31.7639 -2.35114 0
      vertex 28.5279 -4.70228 0
      vertex 31.6227 -2.14331 0
    endloop
  endfacet
  facet normal 0 0 -1
    outer loop
      vertex 28.2454 -4.28661 0
      vertex 31.6227 -2.14331 0
      vertex 28.5279 -4.70228 0
    endloop
  endfacet
  facet normal -0 0 -1
    outer loop
      vertex 31.6227 -2.14331 0
      vertex 28.2454 -4.28661 0
      vertex 31.4948 -1.92701 0
    endloop
  endfacet
  facet normal 0 0 -1
    outer loop
      vertex 27.9895 -3.85403 0
      vertex 31.4948 -1.92701 0
      vertex 28.2454 -4.28661 0
    endloop
  endfacet
  facet normal 0 0 -1
    outer loop
      vertex 57 -1.5 0
      vertex 60 -30 0
      vertex 57 -25 0
    endloop
  endfacet
  facet normal 0 0 -1
    outer loop
      vertex 60 -30 0
      vertex 53.3541 -25 0
      vertex 57 -25 0
    endloop
  endfacet
  facet normal 0 0 -1
    outer loop
      vertex 60 -30 0
      vertex 46.6459 -25 0
      vertex 53.3541 -25 0
    endloop
  endfacet
  facet normal 0 0 -1
    outer loop
      vertex 60 -30 0
      vertex 1.5 -25 0
      vertex 46.6459 -25 0
    endloop
  endfacet
  facet normal 0 0 -1
    outer loop
      vertex -1.5 -25 0
      vertex 1.5 -7.85809 0
      vertex 1.5 -25 0
    endloop
  endfacet
  facet normal 0 0 -1
    outer loop
      vertex 2.47214 -7.60845 0
      vertex 1.23607 -3.80423 0
      vertex 1.4725 -3.71911 0
    endloop
  endfacet
  facet normal 0 0 -1
    outer loop
      vertex 1.98952 -7.74866 0
      vertex 0.994759 -3.87433 0
      vertex 1.23607 -3.80423 0
    endloop
  endfacet
  facet normal 0 0 -1
    outer loop
      vertex 1.5 -7.85809 0
      vertex 0.749525 -3.92915 0
      vertex 0.994759 -3.87433 0
    endloop
  endfacet
  facet normal 0 0 -1
    outer loop
      vertex 1.5 -7.85809 0
      vertex 0.501332 -3.96846 0
      vertex 0.749525 -3.92915 0
    endloop
  endfacet
  facet normal 0 0 -1
    outer loop
      vertex 1.5 -7.85809 0
      vertex 0.251162 -3.99211 0
      vertex 0.501332 -3.96846 0
    endloop
  endfacet
  facet normal 0 0 -1
    outer loop
      vertex 1.5 -7.85809 0
      vertex 0 -4 0
      vertex 0.251162 -3.99211 0
    endloop
  endfacet
  facet normal 0 0 -1
    outer loop
      vertex -1.5 -7.85809 0
      vertex 1.5 -7.85809 0
      vertex -1.5 -25 0
    endloop
  endfacet
  facet normal 0 0 -1
    outer loop
      vertex -1.5 -7.85809 0
      vertex 0 -4 0
      vertex 1.5 -7.85809 0
    endloop
  endfacet
  facet normal -0 0 -1
    outer loop
      vertex 0 -4 0
      vertex -1.5 -7.85809 0
      vertex -0.251162 -3.99211 0
    endloop
  endfacet
  facet normal -0 0 -1
    outer loop
      vertex -0.251162 -3.99211 0
      vertex -1.5 -7.85809 0
      vertex -0.501332 -3.96846 0
    endloop
  endfacet
  facet normal -0 0 -1
    outer loop
      vertex -0.501332 -3.96846 0
      vertex -1.5 -7.85809 0
      vertex -0.749525 -3.92915 0
    endloop
  endfacet
  facet normal -0 0 -1
    outer loop
      vertex -0.749525 -3.92915 0
      vertex -1.5 -7.85809 0
      vertex -0.994759 -3.87433 0
    endloop
  endfacet
  facet normal 0 0 -1
    outer loop
      vertex -1.98952 -7.74866 0
      vertex -0.994759 -3.87433 0
      vertex -1.5 -7.85809 0
    endloop
  endfacet
  facet normal 0 0 -1
    outer loop
      vertex 60 -30 0
      vertex -1.5 -25 0
      vertex 1.5 -25 0
    endloop
  endfacet
  facet normal 0 0 -1
    outer loop
      vertex -60 -30 0
      vertex -1.5 -25 0
      vertex 60 -30 0
    endloop
  endfacet
  facet normal -0 0 -1
    outer loop
      vertex -1.5 -25 0
      vertex -60 -30 0
      vertex -46.6459 -25 0
    endloop
  endfacet
  facet normal -0 0 -1
    outer loop
      vertex -46.6459 -25 0
      vertex -60 -30 0
      vertex -53.3541 -25 0
    endloop
  endfacet
  facet normal 0 0 -1
    outer loop
      vertex -60 -30 0
      vertex -57 -1.5 0
      vertex -57 -25 0
    endloop
  endfacet
  facet normal -0 0 -1
    outer loop
      vertex -57 -1.5 0
      vertex -60 -30 0
      vertex -57 1.5 0
    endloop
  endfacet
  facet normal 0 0 -1
    outer loop
      vertex -60 30 0
      vertex -57 1.5 0
      vertex -60 -30 0
    endloop
  endfacet
  facet normal -0 0 -1
    outer loop
      vertex -53.3541 -25 0
      vertex -60 -30 0
      vertex -57 -25 0
    endloop
  endfacet
  facet normal 0 0 -1
    outer loop
      vertex 60 -30 0
      vertex 57 -1.5 0
      vertex 60 30 0
    endloop
  endfacet
  facet normal 0 0 -1
    outer loop
      vertex 57 1.5 0
      vertex 60 30 0
      vertex 57 -1.5 0
    endloop
  endfacet
  facet normal 0 0 -1
    outer loop
      vertex 57 25 0
      vertex 60 30 0
      vertex 57 1.5 0
    endloop
  endfacet
  facet normal 0 0 -1
    outer loop
      vertex 53.3541 25 0
      vertex 60 30 0
      vertex 57 25 0
    endloop
  endfacet
  facet normal 0 0 -1
    outer loop
      vertex 46.6459 25 0
      vertex 60 30 0
      vertex 53.3541 25 0
    endloop
  endfacet
  facet normal 0 0 -1
    outer loop
      vertex 1.5 25 0
      vertex 60 30 0
      vertex 46.6459 25 0
    endloop
  endfacet
  facet normal -0 0 -1
    outer loop
      vertex 1.98952 7.74866 0
      vertex 0.994759 3.87433 0
      vertex 1.5 7.85809 0
    endloop
  endfacet
  facet normal 0 0 -1
    outer loop
      vertex 0.749525 3.92915 0
      vertex 1.5 7.85809 0
      vertex 0.994759 3.87433 0
    endloop
  endfacet
  facet normal 0 0 -1
    outer loop
      vertex 0.501332 3.96846 0
      vertex 1.5 7.85809 0
      vertex 0.749525 3.92915 0
    endloop
  endfacet
  facet normal 0 0 -1
    outer loop
      vertex 0.251162 3.99211 0
      vertex 1.5 7.85809 0
      vertex 0.501332 3.96846 0
    endloop
  endfacet
  facet normal 0 0 -1
    outer loop
      vertex 0 4 0
      vertex 1.5 7.85809 0
      vertex 0.251162 3.99211 0
    endloop
  endfacet
  facet normal -0 0 -1
    outer loop
      vertex 1.5 7.85809 0
      vertex 0 4 0
      vertex -1.5 7.85809 0
    endloop
  endfacet
  facet normal 0 0 -1
    outer loop
      vertex -1.5 7.85809 0
      vertex 0 4 0
      vertex -0.251162 3.99211 0
    endloop
  endfacet
  facet normal 0 0 -1
    outer loop
      vertex -1.5 7.85809 0
      vertex -0.251162 3.99211 0
      vertex -0.501332 3.96846 0
    endloop
  endfacet
  facet normal 0 0 -1
    outer loop
      vertex -1.5 7.85809 0
      vertex -0.501332 3.96846 0
      vertex -0.749525 3.92915 0
    endloop
  endfacet
  facet normal 0 0 -1
    outer loop
      vertex -1.5 7.85809 0
      vertex -0.749525 3.92915 0
      vertex -0.994759 3.87433 0
    endloop
  endfacet
  facet normal 0 0 -1
    outer loop
      vertex -1.5 7.85809 0
      vertex -0.994759 3.87433 0
      vertex -1.23607 3.80423 0
    endloop
  endfacet
  facet normal 0 0 -1
    outer loop
      vertex -1.5 7.85809 0
      vertex -1.23607 3.80423 0
      vertex -1.4725 3.71911 0
    endloop
  endfacet
  facet normal 0 0 -1
    outer loop
      vertex 1.5 7.85809 0
      vertex -1.5 7.85809 0
      vertex 1.5 25 0
    endloop
  endfacet
  facet normal 0 0 -1
    outer loop
      vertex -1.5 25 0
      vertex 1.5 25 0
      vertex -1.5 7.85809 0
    endloop
  endfacet
  facet normal 0 0 -1
    outer loop
      vertex -1.5 25 0
      vertex 60 30 0
      vertex 1.5 25 0
    endloop
  endfacet
  facet normal 0 0 -1
    outer loop
      vertex -60 30 0
      vertex -1.5 25 0
      vertex -46.6459 25 0
    endloop
  endfacet
  facet normal 0 0 -1
    outer loop
      vertex -60 30 0
      vertex -46.6459 25 0
      vertex -53.3541 25 0
    endloop
  endfacet
  facet normal 0 0 -1
    outer loop
      vertex -60 30 0
      vertex -53.3541 25 0
      vertex -57 25 0
    endloop
  endfacet
  facet normal 0 0 -1
    outer loop
      vertex -1.5 25 0
      vertex -60 30 0
      vertex 60 30 0
    endloop
  endfacet
  facet normal 0 0 -1
    outer loop
      vertex -57 1.5 0
      vertex -60 30 0
      vertex -57 25 0
    endloop
  endfacet
  facet normal 0 0 -1
    outer loop
      vertex 46.6459 -25 0
      vertex 7.69596 -2.17093 0
      vertex 53.3541 -25 0
    endloop
  endfacet
  facet normal 0 0 -1
    outer loop
      vertex 3.92915 -0.749525 0
      vertex 7.69596 -2.17093 0
      vertex 6.3543 -4.8542 0
    endloop
  endfacet
  facet normal 0 0 -1
    outer loop
      vertex 6.3543 -4.8542 0
      vertex 7.69596 -2.17093 0
      vertex 46.6459 -25 0
    endloop
  endfacet
  facet normal -0 0 -1
    outer loop
      vertex 42.0105 3.85403 0
      vertex 38.5052 1.92701 0
      vertex 41.7546 4.28661 0
    endloop
  endfacet
  facet normal 0 0 -1
    outer loop
      vertex 38.3773 2.14331 0
      vertex 41.7546 4.28661 0
      vertex 38.5052 1.92701 0
    endloop
  endfacet
  facet normal -0 0 -1
    outer loop
      vertex 41.7546 4.28661 0
      vertex 38.3773 2.14331 0
      vertex 41.4721 4.70228 0
    endloop
  endfacet
  facet normal 0 0 -1
    outer loop
      vertex 38.2361 2.35114 0
      vertex 41.4721 4.70228 0
      vertex 38.3773 2.14331 0
    endloop
  endfacet
  facet normal -0 0 -1
    outer loop
      vertex 41.4721 4.70228 0
      vertex 38.2361 2.35114 0
      vertex 41.1641 5.09939 0
    endloop
  endfacet
  facet normal 0 0 -1
    outer loop
      vertex 38.0821 2.5497 0
      vertex 41.1641 5.09939 0
      vertex 38.2361 2.35114 0
    endloop
  endfacet
  facet normal -0 0 -1
    outer loop
      vertex 41.1641 5.09939 0
      vertex 38.0821 2.5497 0
      vertex 40.8317 5.47638 0
    endloop
  endfacet
  facet normal 0 0 -1
    outer loop
      vertex 37.9159 2.73819 0
      vertex 40.8317 5.47638 0
      vertex 38.0821 2.5497 0
    endloop
  endfacet
  facet normal -0 0 -1
    outer loop
      vertex 40.8317 5.47638 0
      vertex 37.9159 2.73819 0
      vertex 40.4764 5.83175 0
    endloop
  endfacet
  facet normal 0 0 -1
    outer loop
      vertex 37.7382 2.91587 0
      vertex 40.4764 5.83175 0
      vertex 37.9159 2.73819 0
    endloop
  endfacet
  facet normal -0 0 -1
    outer loop
      vertex 40.4764 5.83175 0
      vertex 37.7382 2.91587 0
      vertex 40.0994 6.16411 0
    endloop
  endfacet
  facet normal 0 0 -1
    outer loop
      vertex 37.5497 3.08205 0
      vertex 40.0994 6.16411 0
      vertex 37.7382 2.91587 0
    endloop
  endfacet
  facet normal -0 0 -1
    outer loop
      vertex 40.0994 6.16411 0
      vertex 37.5497 3.08205 0
      vertex 39.7023 6.47214 0
    endloop
  endfacet
  facet normal 0 0 -1
    outer loop
      vertex 37.3511 3.23607 0
      vertex 39.7023 6.47214 0
      vertex 37.5497 3.08205 0
    endloop
  endfacet
  facet normal -0 0 -1
    outer loop
      vertex 39.7023 6.47214 0
      vertex 37.3511 3.23607 0
      vertex 39.2866 6.75462 0
    endloop
  endfacet
  facet normal 0 0 -1
    outer loop
      vertex 37.1433 3.37731 0
      vertex 39.2866 6.75462 0
      vertex 37.3511 3.23607 0
    endloop
  endfacet
  facet normal -0 0 -1
    outer loop
      vertex 39.2866 6.75462 0
      vertex 37.1433 3.37731 0
      vertex 38.854 7.01045 0
    endloop
  endfacet
  facet normal 0 0 -1
    outer loop
      vertex 36.927 3.50523 0
      vertex 38.854 7.01045 0
      vertex 37.1433 3.37731 0
    endloop
  endfacet
  facet normal -0 0 -1
    outer loop
      vertex 38.854 7.01045 0
      vertex 36.927 3.50523 0
      vertex 38.4062 7.23862 0
    endloop
  endfacet
  facet normal 0 0 -1
    outer loop
      vertex 36.7031 3.61931 0
      vertex 38.4062 7.23862 0
      vertex 36.927 3.50523 0
    endloop
  endfacet
  facet normal -0 0 -1
    outer loop
      vertex 38.4062 7.23862 0
      vertex 36.7031 3.61931 0
      vertex 37.945 7.43821 0
    endloop
  endfacet
  facet normal 0 0 -1
    outer loop
      vertex 36.4725 3.71911 0
      vertex 37.945 7.43821 0
      vertex 36.7031 3.61931 0
    endloop
  endfacet
  facet normal -0 0 -1
    outer loop
      vertex 37.945 7.43821 0
      vertex 36.4725 3.71911 0
      vertex 37.4721 7.60845 0
    endloop
  endfacet
  facet normal 0 0 -1
    outer loop
      vertex 36.2361 3.80423 0
      vertex 37.4721 7.60845 0
      vertex 36.4725 3.71911 0
    endloop
  endfacet
  facet normal -0 0 -1
    outer loop
      vertex 37.4721 7.60845 0
      vertex 36.2361 3.80423 0
      vertex 36.9895 7.74866 0
    endloop
  endfacet
  facet normal 0 0 -1
    outer loop
      vertex 35.9948 3.87433 0
      vertex 36.9895 7.74866 0
      vertex 36.2361 3.80423 0
    endloop
  endfacet
  facet normal -0 0 -1
    outer loop
      vertex 36.9895 7.74866 0
      vertex 35.9948 3.87433 0
      vertex 36.4991 7.8583 0
    endloop
  endfacet
  facet normal 0 0 -1
    outer loop
      vertex 35.7495 3.92915 0
      vertex 36.4991 7.8583 0
      vertex 35.9948 3.87433 0
    endloop
  endfacet
  facet normal -0 0 -1
    outer loop
      vertex 36.4991 7.8583 0
      vertex 35.7495 3.92915 0
      vertex 36.0027 7.93692 0
    endloop
  endfacet
  facet normal 0 0 -1
    outer loop
      vertex 35.5013 3.96846 0
      vertex 36.0027 7.93692 0
      vertex 35.7495 3.92915 0
    endloop
  endfacet
  facet normal -0 0 -1
    outer loop
      vertex 36.0027 7.93692 0
      vertex 35.5013 3.96846 0
      vertex 35.5023 7.98421 0
    endloop
  endfacet
  facet normal 0 0 -1
    outer loop
      vertex 35.2512 3.99211 0
      vertex 35.5023 7.98421 0
      vertex 35.5013 3.96846 0
    endloop
  endfacet
  facet normal 0 0 -1
    outer loop
      vertex 35 4 0
      vertex 35.5023 7.98421 0
      vertex 35.2512 3.99211 0
    endloop
  endfacet
  facet normal 0 0 -1
    outer loop
      vertex 35 4 0
      vertex 35 8 0
      vertex 35.5023 7.98421 0
    endloop
  endfacet
  facet normal 0 0 -1
    outer loop
      vertex 34.7488 3.99211 0
      vertex 35 8 0
      vertex 35 4 0
    endloop
  endfacet
  facet normal 0 0 -1
    outer loop
      vertex 34.4977 7.98421 0
      vertex 34.7488 3.99211 0
      vertex 34.4987 3.96846 0
    endloop
  endfacet
  facet normal 0 0 -1
    outer loop
      vertex 34.7488 3.99211 0
      vertex 34.4977 7.98421 0
      vertex 35 8 0
    endloop
  endfacet
  facet normal 0 0 -1
    outer loop
      vertex 33.9973 7.93692 0
      vertex 34.4987 3.96846 0
      vertex 34.2505 3.92915 0
    endloop
  endfacet
  facet normal 0 0 -1
    outer loop
      vertex 33.5009 7.8583 0
      vertex 34.2505 3.92915 0
      vertex 34.0052 3.87433 0
    endloop
  endfacet
  facet normal 0 0 -1
    outer loop
      vertex 34.4987 3.96846 0
      vertex 33.9973 7.93692 0
      vertex 34.4977 7.98421 0
    endloop
  endfacet
  facet normal 0 0 -1
    outer loop
      vertex 33.0105 7.74866 0
      vertex 34.0052 3.87433 0
      vertex 33.7639 3.80423 0
    endloop
  endfacet
  facet normal 0 0 -1
    outer loop
      vertex 32.5279 7.60845 0
      vertex 33.7639 3.80423 0
      vertex 33.5275 3.71911 0
    endloop
  endfacet
  facet normal 0 0 -1
    outer loop
      vertex 34.2505 3.92915 0
      vertex 33.5009 7.8583 0
      vertex 33.9973 7.93692 0
    endloop
  endfacet
  facet normal 0 0 -1
    outer loop
      vertex 32.055 7.43821 0
      vertex 33.5275 3.71911 0
      vertex 33.2969 3.61931 0
    endloop
  endfacet
  facet normal 0 0 -1
    outer loop
      vertex 31.5938 7.23862 0
      vertex 33.2969 3.61931 0
      vertex 33.073 3.50523 0
    endloop
  endfacet
  facet normal 0 0 -1
    outer loop
      vertex 34.0052 3.87433 0
      vertex 33.0105 7.74866 0
      vertex 33.5009 7.8583 0
    endloop
  endfacet
  facet normal 0 0 -1
    outer loop
      vertex 31.146 7.01045 0
      vertex 33.073 3.50523 0
      vertex 32.8567 3.37731 0
    endloop
  endfacet
  facet normal 0 0 -1
    outer loop
      vertex 30.7134 6.75462 0
      vertex 32.8567 3.37731 0
      vertex 32.6489 3.23607 0
    endloop
  endfacet
  facet normal 0 0 -1
    outer loop
      vertex 33.7639 3.80423 0
      vertex 32.5279 7.60845 0
      vertex 33.0105 7.74866 0
    endloop
  endfacet
  facet normal 0 0 -1
    outer loop
      vertex 30.2977 6.47214 0
      vertex 32.6489 3.23607 0
      vertex 32.4503 3.08205 0
    endloop
  endfacet
  facet normal 0 0 -1
    outer loop
      vertex 29.9006 6.16411 0
      vertex 32.4503 3.08205 0
      vertex 32.2618 2.91587 0
    endloop
  endfacet
  facet normal 0 0 -1
    outer loop
      vertex 29.5236 5.83175 0
      vertex 32.2618 2.91587 0
      vertex 32.0841 2.73819 0
    endloop
  endfacet
  facet normal 0 0 -1
    outer loop
      vertex 33.5275 3.71911 0
      vertex 32.055 7.43821 0
      vertex 32.5279 7.60845 0
    endloop
  endfacet
  facet normal 0 0 -1
    outer loop
      vertex 29.1683 5.47638 0
      vertex 32.0841 2.73819 0
      vertex 31.9179 2.5497 0
    endloop
  endfacet
  facet normal 0 0 -1
    outer loop
      vertex 28.8359 5.09939 0
      vertex 31.9179 2.5497 0
      vertex 31.7639 2.35114 0
    endloop
  endfacet
  facet normal 0 0 -1
    outer loop
      vertex 28.5279 4.70228 0
      vertex 31.7639 2.35114 0
      vertex 31.6227 2.14331 0
    endloop
  endfacet
  facet normal 0 0 -1
    outer loop
      vertex 33.2969 3.61931 0
      vertex 31.5938 7.23862 0
      vertex 32.055 7.43821 0
    endloop
  endfacet
  facet normal 0 0 -1
    outer loop
      vertex 28.2454 4.28661 0
      vertex 31.6227 2.14331 0
      vertex 31.4948 1.92701 0
    endloop
  endfacet
  facet normal 0 0 -1
    outer loop
      vertex 27.9895 3.85403 0
      vertex 31.4948 1.92701 0
      vertex 31.3807 1.70312 0
    endloop
  endfacet
  facet normal 0 0 -1
    outer loop
      vertex 27.7614 3.40623 0
      vertex 31.3807 1.70312 0
      vertex 31.2809 1.4725 0
    endloop
  endfacet
  facet normal 0 0 -1
    outer loop
      vertex 27.5618 2.945 0
      vertex 31.2809 1.4725 0
      vertex 31.1958 1.23607 0
    endloop
  endfacet
  facet normal 0 0 -1
    outer loop
      vertex 33.073 3.50523 0
      vertex 31.146 7.01045 0
      vertex 31.5938 7.23862 0
    endloop
  endfacet
  facet normal 0 0 -1
    outer loop
      vertex 27.3915 2.47214 0
      vertex 31.1958 1.23607 0
      vertex 31.1257 0.994759 0
    endloop
  endfacet
  facet normal 0 0 -1
    outer loop
      vertex 27.2513 1.98952 0
      vertex 31.1257 0.994759 0
      vertex 31.0709 0.749525 0
    endloop
  endfacet
  facet normal 0 0 -1
    outer loop
      vertex 27.1419 1.5 0
      vertex 31.0709 0.749525 0
      vertex 31.0315 0.501332 0
    endloop
  endfacet
  facet normal 0 0 -1
    outer loop
      vertex 27.1419 1.5 0
      vertex 31.0315 0.501332 0
      vertex 31.0079 0.251162 0
    endloop
  endfacet
  facet normal 0 0 -1
    outer loop
      vertex 27.1419 1.5 0
      vertex 31.0079 0.251162 0
      vertex 31 0 0
    endloop
  endfacet
  facet normal -0 0 -1
    outer loop
      vertex 31.4948 -1.92701 0
      vertex 27.9895 -3.85403 0
      vertex 31.3807 -1.70312 0
    endloop
  endfacet
  facet normal 0 0 -1
    outer loop
      vertex 32.8567 3.37731 0
      vertex 30.7134 6.75462 0
      vertex 31.146 7.01045 0
    endloop
  endfacet
  facet normal 0 0 -1
    outer loop
      vertex 27.7614 -3.40623 0
      vertex 31.3807 -1.70312 0
      vertex 27.9895 -3.85403 0
    endloop
  endfacet
  facet normal 0 0 -1
    outer loop
      vertex 32.6489 3.23607 0
      vertex 30.2977 6.47214 0
      vertex 30.7134 6.75462 0
    endloop
  endfacet
  facet normal -0 0 -1
    outer loop
      vertex 31.3807 -1.70312 0
      vertex 27.7614 -3.40623 0
      vertex 31.2809 -1.4725 0
    endloop
  endfacet
  facet normal 0 0 -1
    outer loop
      vertex 32.4503 3.08205 0
      vertex 29.9006 6.16411 0
      vertex 30.2977 6.47214 0
    endloop
  endfacet
  facet normal 0 0 -1
    outer loop
      vertex 27.5618 -2.945 0
      vertex 31.2809 -1.4725 0
      vertex 27.7614 -3.40623 0
    endloop
  endfacet
  facet normal 0 0 -1
    outer loop
      vertex 32.2618 2.91587 0
      vertex 29.5236 5.83175 0
      vertex 29.9006 6.16411 0
    endloop
  endfacet
  facet normal -0 0 -1
    outer loop
      vertex 31.2809 -1.4725 0
      vertex 27.5618 -2.945 0
      vertex 31.1958 -1.23607 0
    endloop
  endfacet
  facet normal 0 0 -1
    outer loop
      vertex 32.0841 2.73819 0
      vertex 29.1683 5.47638 0
      vertex 29.5236 5.83175 0
    endloop
  endfacet
  facet normal 0 0 -1
    outer loop
      vertex 27.3915 -2.47214 0
      vertex 31.1958 -1.23607 0
      vertex 27.5618 -2.945 0
    endloop
  endfacet
  facet normal 0 0 -1
    outer loop
      vertex 31.9179 2.5497 0
      vertex 28.8359 5.09939 0
      vertex 29.1683 5.47638 0
    endloop
  endfacet
  facet normal -0 0 -1
    outer loop
      vertex 31.1958 -1.23607 0
      vertex 27.3915 -2.47214 0
      vertex 31.1257 -0.994759 0
    endloop
  endfacet
  facet normal 0 0 -1
    outer loop
      vertex 31.7639 2.35114 0
      vertex 28.5279 4.70228 0
      vertex 28.8359 5.09939 0
    endloop
  endfacet
  facet normal 0 0 -1
    outer loop
      vertex 27.2513 -1.98952 0
      vertex 31.1257 -0.994759 0
      vertex 27.3915 -2.47214 0
    endloop
  endfacet
  facet normal 0 0 -1
    outer loop
      vertex 31.6227 2.14331 0
      vertex 28.2454 4.28661 0
      vertex 28.5279 4.70228 0
    endloop
  endfacet
  facet normal -0 0 -1
    outer loop
      vertex 31.1257 -0.994759 0
      vertex 27.2513 -1.98952 0
      vertex 31.0709 -0.749525 0
    endloop
  endfacet
  facet normal 0 0 -1
    outer loop
      vertex 31.4948 1.92701 0
      vertex 27.9895 3.85403 0
      vertex 28.2454 4.28661 0
    endloop
  endfacet
  facet normal 0 0 -1
    outer loop
      vertex 27.1419 -1.5 0
      vertex 31.0709 -0.749525 0
      vertex 27.2513 -1.98952 0
    endloop
  endfacet
  facet normal 0 0 -1
    outer loop
      vertex 31.3807 1.70312 0
      vertex 27.7614 3.40623 0
      vertex 27.9895 3.85403 0
    endloop
  endfacet
  facet normal -0 0 -1
    outer loop
      vertex 31.0709 -0.749525 0
      vertex 27.1419 -1.5 0
      vertex 31.0315 -0.501332 0
    endloop
  endfacet
  facet normal 0 0 -1
    outer loop
      vertex 31.2809 1.4725 0
      vertex 27.5618 2.945 0
      vertex 27.7614 3.40623 0
    endloop
  endfacet
  facet normal -0 0 -1
    outer loop
      vertex 31.0315 -0.501332 0
      vertex 27.1419 -1.5 0
      vertex 31.0079 -0.251162 0
    endloop
  endfacet
  facet normal 0 0 -1
    outer loop
      vertex 31.1958 1.23607 0
      vertex 27.3915 2.47214 0
      vertex 27.5618 2.945 0
    endloop
  endfacet
  facet normal -0 0 -1
    outer loop
      vertex 31.0079 -0.251162 0
      vertex 27.1419 -1.5 0
      vertex 31 0 0
    endloop
  endfacet
  facet normal 0 0 -1
    outer loop
      vertex 31.1257 0.994759 0
      vertex 27.2513 1.98952 0
      vertex 27.3915 2.47214 0
    endloop
  endfacet
  facet normal 0 0 -1
    outer loop
      vertex 27.1419 1.5 0
      vertex 31 0 0
      vertex 27.1419 -1.5 0
    endloop
  endfacet
  facet normal 0 0 -1
    outer loop
      vertex 31.0709 0.749525 0
      vertex 27.1419 1.5 0
      vertex 27.2513 1.98952 0
    endloop
  endfacet
  facet normal 0 0 -1
    outer loop
      vertex 7.85809 -1.5 0
      vertex 27.1419 1.5 0
      vertex 27.1419 -1.5 0
    endloop
  endfacet
  facet normal 0 0 -1
    outer loop
      vertex 7.85809 -1.5 0
      vertex 7.85809 1.5 0
      vertex 27.1419 1.5 0
    endloop
  endfacet
  facet normal 0 0 -1
    outer loop
      vertex 3.92915 -0.749525 0
      vertex 7.74866 -1.98952 0
      vertex 7.69596 -2.17093 0
    endloop
  endfacet
  facet normal 0 0 -1
    outer loop
      vertex 7.74866 -1.98952 0
      vertex 3.92915 -0.749525 0
      vertex 7.85809 -1.5 0
    endloop
  endfacet
  facet normal 0 -0 -1
    outer loop
      vertex 3.96846 -0.501332 0
      vertex 7.85809 -1.5 0
      vertex 3.92915 -0.749525 0
    endloop
  endfacet
  facet normal 0 -0 -1
    outer loop
      vertex 3.99211 -0.251162 0
      vertex 7.85809 -1.5 0
      vertex 3.96846 -0.501332 0
    endloop
  endfacet
  facet normal -1 0 0
    outer loop
      vertex -60 30 0
      vertex -60 25 4
      vertex -60 30 20
    endloop
  endfacet
  facet normal -1 0 0
    outer loop
      vertex -60 30 0
      vertex -60 -25 4
      vertex -60 25 4
    endloop
  endfacet
  facet normal -1 0 0
    outer loop
      vertex -60 -30 0
      vertex -60 -25 4
      vertex -60 30 0
    endloop
  endfacet
  facet normal -1 0 0
    outer loop
      vertex -60 -30 20
      vertex -60 -25 4
      vertex -60 -30 0
    endloop
  endfacet
  facet normal -1 0 0
    outer loop
      vertex -60 -25 4
      vertex -60 -30 20
      vertex -60 -25 20
    endloop
  endfacet
  facet normal -1 -0 0
    outer loop
      vertex -60 30 20
      vertex -60 25 4
      vertex -60 25 20
    endloop
  endfacet
  facet normal 0 1 -0
    outer loop
      vertex 60 30 0
      vertex -60 30 20
      vertex 60 30 20
    endloop
  endfacet
  facet normal 0 1 0
    outer loop
      vertex -60 30 20
      vertex 60 30 0
      vertex -60 30 0
    endloop
  endfacet
  facet normal 0 -1 0
    outer loop
      vertex -60 -30 0
      vertex 60 -30 20
      vertex -60 -30 20
    endloop
  endfacet
  facet normal 0 -1 -0
    outer loop
      vertex 60 -30 20
      vertex -60 -30 0
      vertex 60 -30 0
    endloop
  endfacet
  facet normal -1 0 0
    outer loop
      vertex 57 1.5 0
      vertex 57 25 4
      vertex 57 25 0
    endloop
  endfacet
  facet normal -1 -0 0
    outer loop
      vertex 57 25 4
      vertex 57 1.5 0
      vertex 57 1.5 4
    endloop
  endfacet
  facet normal -1 0 0
    outer loop
      vertex 57 -25 0
      vertex 57 -1.5 4
      vertex 57 -1.5 0
    endloop
  endfacet
  facet normal -1 -0 0
    outer loop
      vertex 57 -1.5 4
      vertex 57 -25 0
      vertex 57 -25 4
    endloop
  endfacet
  facet normal 1 -0 0
    outer loop
      vertex -57 1.5 4
      vertex -57 25 0
      vertex -57 25 4
    endloop
  endfacet
  facet normal 1 0 0
    outer loop
      vertex -57 25 0
      vertex -57 1.5 4
      vertex -57 1.5 0
    endloop
  endfacet
  facet normal 1 -0 0
    outer loop
      vertex -57 -25 4
      vertex -57 -1.5 0
      vertex -57 -1.5 4
    endloop
  endfacet
  facet normal 1 0 0
    outer loop
      vertex -57 -1.5 0
      vertex -57 -25 4
      vertex -57 -25 0
    endloop
  endfacet
  facet normal 0 1 -0
    outer loop
      vertex 57 1.5 0
      vertex 42.8581 1.5 4
      vertex 57 1.5 4
    endloop
  endfacet
  facet normal 0 1 0
    outer loop
      vertex 42.8581 1.5 4
      vertex 57 1.5 0
      vertex 42.8581 1.5 0
    endloop
  endfacet
  facet normal 0 1 -0
    outer loop
      vertex 27.1419 1.5 0
      vertex 7.85809 1.5 4
      vertex 27.1419 1.5 4
    endloop
  endfacet
  facet normal 0 1 0
    outer loop
      vertex 7.85809 1.5 4
      vertex 27.1419 1.5 0
      vertex 7.85809 1.5 0
    endloop
  endfacet
  facet normal 0 1 -0
    outer loop
      vertex -42.8581 1.5 0
      vertex -57 1.5 4
      vertex -42.8581 1.5 4
    endloop
  endfacet
  facet normal 0 1 0
    outer loop
      vertex -57 1.5 4
      vertex -42.8581 1.5 0
      vertex -57 1.5 0
    endloop
  endfacet
  facet normal 0 1 -0
    outer loop
      vertex -7.85809 1.5 0
      vertex -27.1419 1.5 4
      vertex -7.85809 1.5 4
    endloop
  endfacet
  facet normal 0 1 0
    outer loop
      vertex -27.1419 1.5 4
      vertex -7.85809 1.5 0
      vertex -27.1419 1.5 0
    endloop
  endfacet
  facet normal 0 -1 0
    outer loop
      vertex -57 -1.5 0
      vertex -42.8581 -1.5 4
      vertex -57 -1.5 4
    endloop
  endfacet
  facet normal 0 -1 -0
    outer loop
      vertex -42.8581 -1.5 4
      vertex -57 -1.5 0
      vertex -42.8581 -1.5 0
    endloop
  endfacet
  facet normal 0 -1 0
    outer loop
      vertex -27.1419 -1.5 0
      vertex -7.85809 -1.5 4
      vertex -27.1419 -1.5 4
    endloop
  endfacet
  facet normal 0 -1 -0
    outer loop
      vertex -7.85809 -1.5 4
      vertex -27.1419 -1.5 0
      vertex -7.85809 -1.5 0
    endloop
  endfacet
  facet normal 0 -1 0
    outer loop
      vertex 42.8581 -1.5 0
      vertex 57 -1.5 4
      vertex 42.8581 -1.5 4
    endloop
  endfacet
  facet normal 0 -1 -0
    outer loop
      vertex 57 -1.5 4
      vertex 42.8581 -1.5 0
      vertex 57 -1.5 0
    endloop
  endfacet
  facet normal 0 -1 0
    outer loop
      vertex 7.85809 -1.5 0
      vertex 27.1419 -1.5 4
      vertex 7.85809 -1.5 4
    endloop
  endfacet
  facet normal 0 -1 -0
    outer loop
      vertex 27.1419 -1.5 4
      vertex 7.85809 -1.5 0
      vertex 27.1419 -1.5 0
    endloop
  endfacet
  facet normal 1 -0 0
    outer loop
      vertex 1.5 -25 4
      vertex 1.5 -7.85809 0
      vertex 1.5 -7.85809 4
    endloop
  endfacet
  facet normal 1 0 0
    outer loop
      vertex 1.5 -7.85809 0
      vertex 1.5 -25 4
      vertex 1.5 -25 0
    endloop
  endfacet
  facet normal 1 -0 0
    outer loop
      vertex 1.5 7.85809 4
      vertex 1.5 25 0
      vertex 1.5 25 4
    endloop
  endfacet
  facet normal 1 0 0
    outer loop
      vertex 1.5 25 0
      vertex 1.5 7.85809 4
      vertex 1.5 7.85809 0
    endloop
  endfacet
  facet normal -1 0 0
    outer loop
      vertex -1.5 7.85809 0
      vertex -1.5 25 4
      vertex -1.5 25 0
    endloop
  endfacet
  facet normal -1 -0 0
    outer loop
      vertex -1.5 25 4
      vertex -1.5 7.85809 0
      vertex -1.5 7.85809 4
    endloop
  endfacet
  facet normal -1 0 0
    outer loop
      vertex -1.5 -25 0
      vertex -1.5 -7.85809 4
      vertex -1.5 -7.85809 0
    endloop
  endfacet
  facet normal -1 -0 0
    outer loop
      vertex -1.5 -7.85809 4
      vertex -1.5 -25 0
      vertex -1.5 -25 4
    endloop
  endfacet
  facet normal -0.447214 0.894427 0
    outer loop
      vertex -7.69596 -2.17093 0
      vertex -53.3541 -25 4
      vertex -7.69596 -2.17093 4
    endloop
  endfacet
  facet normal -0.447214 0.894427 0
    outer loop
      vertex -53.3541 -25 4
      vertex -7.69596 -2.17093 0
      vertex -53.3541 -25 0
    endloop
  endfacet
  facet normal -0.447214 0.894427 0
    outer loop
      vertex 46.6459 25 0
      vertex 6.3543 4.8542 4
      vertex 46.6459 25 4
    endloop
  endfacet
  facet normal -0.447214 0.894427 0
    outer loop
      vertex 6.3543 4.8542 4
      vertex 46.6459 25 0
      vertex 6.3543 4.8542 0
    endloop
  endfacet
  facet normal 0.447214 -0.894427 0
    outer loop
      vertex 7.69596 2.17093 0
      vertex 53.3541 25 4
      vertex 7.69596 2.17093 4
    endloop
  endfacet
  facet normal 0.447214 -0.894427 0
    outer loop
      vertex 53.3541 25 4
      vertex 7.69596 2.17093 0
      vertex 53.3541 25 0
    endloop
  endfacet
  facet normal 0.447214 -0.894427 0
    outer loop
      vertex -46.6459 -25 0
      vertex -6.3543 -4.8542 4
      vertex -46.6459 -25 4
    endloop
  endfacet
  facet normal 0.447214 -0.894427 0
    outer loop
      vertex -6.3543 -4.8542 4
      vertex -46.6459 -25 0
      vertex -6.3543 -4.8542 0
    endloop
  endfacet
  facet normal 0.447214 0.894427 -0
    outer loop
      vertex -6.3543 4.8542 0
      vertex -46.6459 25 4
      vertex -6.3543 4.8542 4
    endloop
  endfacet
  facet normal 0.447214 0.894427 0
    outer loop
      vertex -46.6459 25 4
      vertex -6.3543 4.8542 0
      vertex -46.6459 25 0
    endloop
  endfacet
  facet normal 0.447214 0.894427 -0
    outer loop
      vertex 53.3541 -25 0
      vertex 7.69596 -2.17093 4
      vertex 53.3541 -25 4
    endloop
  endfacet
  facet normal 0.447214 0.894427 0
    outer loop
      vertex 7.69596 -2.17093 4
      vertex 53.3541 -25 0
      vertex 7.69596 -2.17093 0
    endloop
  endfacet
  facet normal -0.447214 -0.894427 0
    outer loop
      vertex 6.3543 -4.8542 0
      vertex 46.6459 -25 4
      vertex 6.3543 -4.8542 4
    endloop
  endfacet
  facet normal -0.447214 -0.894427 -0
    outer loop
      vertex 46.6459 -25 4
      vertex 6.3543 -4.8542 0
      vertex 46.6459 -25 0
    endloop
  endfacet
  facet normal -0.447214 -0.894427 0
    outer loop
      vertex -53.3541 25 0
      vertex -7.69596 2.17093 4
      vertex -53.3541 25 4
    endloop
  endfacet
  facet normal -0.447214 -0.894427 -0
    outer loop
      vertex -7.69596 2.17093 4
      vertex -53.3541 25 0
      vertex -7.69596 2.17093 0
    endloop
  endfacet
  facet normal -0.891059 0.453887 0
    outer loop
      vertex -42.2386 3.40623 0
      vertex -42.0105 3.85403 4
      vertex -42.0105 3.85403 0
    endloop
  endfacet
  facet normal -0.891059 0.453887 0
    outer loop
      vertex -42.0105 3.85403 4
      vertex -42.2386 3.40623 0
      vertex -42.2386 3.40623 4
    endloop
  endfacet
  facet normal -0.860678 0.509149 0
    outer loop
      vertex -42.0105 3.85403 0
      vertex -41.7546 4.28661 4
      vertex -41.7546 4.28661 0
    endloop
  endfacet
  facet normal -0.860678 0.509149 0
    outer loop
      vertex -41.7546 4.28661 4
      vertex -42.0105 3.85403 0
      vertex -42.0105 3.85403 4
    endloop
  endfacet
  facet normal 0.278994 -0.960293 0
    outer loop
      vertex -33.0105 -7.74866 0
      vertex -32.5279 -7.60845 4
      vertex -33.0105 -7.74866 4
    endloop
  endfacet
  facet normal 0.278994 -0.960293 0
    outer loop
      vertex -32.5279 -7.60845 4
      vertex -33.0105 -7.74866 0
      vertex -32.5279 -7.60845 0
    endloop
  endfacet
  facet normal 0.917749 -0.397161 0
    outer loop
      vertex -27.7614 -3.40623 4
      vertex -27.5618 -2.945 0
      vertex -27.5618 -2.945 4
    endloop
  endfacet
  facet normal 0.917749 -0.397161 0
    outer loop
      vertex -27.5618 -2.945 0
      vertex -27.7614 -3.40623 4
      vertex -27.7614 -3.40623 0
    endloop
  endfacet
  facet normal 0.940843 0.338843 0
    outer loop
      vertex -27.3915 2.47214 4
      vertex -27.5618 2.945 0
      vertex -27.5618 2.945 4
    endloop
  endfacet
  facet normal 0.940843 0.338843 0
    outer loop
      vertex -27.5618 2.945 0
      vertex -27.3915 2.47214 4
      vertex -27.3915 2.47214 0
    endloop
  endfacet
  facet normal -0.453998 -0.891003 0
    outer loop
      vertex -38.854 -7.01045 0
      vertex -38.4062 -7.23862 4
      vertex -38.854 -7.01045 4
    endloop
  endfacet
  facet normal -0.453998 -0.891003 -0
    outer loop
      vertex -38.4062 -7.23862 4
      vertex -38.854 -7.01045 0
      vertex -38.4062 -7.23862 0
    endloop
  endfacet
  facet normal 0.453998 -0.891003 0
    outer loop
      vertex -31.5938 -7.23862 0
      vertex -31.146 -7.01045 4
      vertex -31.5938 -7.23862 4
    endloop
  endfacet
  facet normal 0.453998 -0.891003 0
    outer loop
      vertex -31.146 -7.01045 4
      vertex -31.5938 -7.23862 0
      vertex -31.146 -7.01045 0
    endloop
  endfacet
  facet normal -0.509028 -0.86075 0
    outer loop
      vertex -39.2866 -6.75462 0
      vertex -38.854 -7.01045 4
      vertex -39.2866 -6.75462 4
    endloop
  endfacet
  facet normal -0.509028 -0.86075 -0
    outer loop
      vertex -38.854 -7.01045 4
      vertex -39.2866 -6.75462 0
      vertex -38.854 -7.01045 0
    endloop
  endfacet
  facet normal -0.940843 0.338843 0
    outer loop
      vertex -42.6085 2.47214 0
      vertex -42.4382 2.945 4
      vertex -42.4382 2.945 0
    endloop
  endfacet
  facet normal -0.940843 0.338843 0
    outer loop
      vertex -42.4382 2.945 4
      vertex -42.6085 2.47214 0
      vertex -42.6085 2.47214 4
    endloop
  endfacet
  facet normal 0.940843 -0.338843 0
    outer loop
      vertex -27.5618 -2.945 4
      vertex -27.3915 -2.47214 0
      vertex -27.3915 -2.47214 4
    endloop
  endfacet
  facet normal 0.940843 -0.338843 0
    outer loop
      vertex -27.3915 -2.47214 0
      vertex -27.5618 -2.945 4
      vertex -27.5618 -2.945 0
    endloop
  endfacet
  facet normal 0.917749 0.397161 0
    outer loop
      vertex -27.5618 2.945 4
      vertex -27.7614 3.40623 0
      vertex -27.7614 3.40623 4
    endloop
  endfacet
  facet normal 0.917749 0.397161 0
    outer loop
      vertex -27.7614 3.40623 0
      vertex -27.5618 2.945 4
      vertex -27.5618 2.945 0
    endloop
  endfacet
  facet normal 0.975926 0.218104 0
    outer loop
      vertex -27.1419 1.5 4
      vertex -27.2513 1.98952 0
      vertex -27.2513 1.98952 4
    endloop
  endfacet
  facet normal 0.975926 0.218104 0
    outer loop
      vertex -27.2513 1.98952 0
      vertex -27.1419 1.5 4
      vertex -27.1419 1.5 0
    endloop
  endfacet
  facet normal -0.338712 0.94089 0
    outer loop
      vertex -37.4721 7.60845 0
      vertex -37.945 7.43821 4
      vertex -37.4721 7.60845 4
    endloop
  endfacet
  facet normal -0.338712 0.94089 0
    outer loop
      vertex -37.945 7.43821 4
      vertex -37.4721 7.60845 0
      vertex -37.945 7.43821 0
    endloop
  endfacet
  facet normal 0.397166 -0.917747 0
    outer loop
      vertex -32.055 -7.43821 0
      vertex -31.5938 -7.23862 4
      vertex -32.055 -7.43821 4
    endloop
  endfacet
  facet normal 0.397166 -0.917747 0
    outer loop
      vertex -31.5938 -7.23862 4
      vertex -32.055 -7.43821 0
      vertex -31.5938 -7.23862 0
    endloop
  endfacet
  facet normal 0.562043 0.827108 -0
    outer loop
      vertex -30.2977 6.47214 0
      vertex -30.7134 6.75462 4
      vertex -30.2977 6.47214 4
    endloop
  endfacet
  facet normal 0.562043 0.827108 0
    outer loop
      vertex -30.7134 6.75462 4
      vertex -30.2977 6.47214 0
      vertex -30.7134 6.75462 0
    endloop
  endfacet
  facet normal -0.940843 -0.338843 0
    outer loop
      vertex -42.4382 -2.945 0
      vertex -42.6085 -2.47214 4
      vertex -42.6085 -2.47214 0
    endloop
  endfacet
  facet normal -0.940843 -0.338843 0
    outer loop
      vertex -42.6085 -2.47214 4
      vertex -42.4382 -2.945 0
      vertex -42.4382 -2.945 4
    endloop
  endfacet
  facet normal 0.156431 0.987689 -0
    outer loop
      vertex -33.5009 7.8583 0
      vertex -33.9973 7.93692 4
      vertex -33.5009 7.8583 4
    endloop
  endfacet
  facet normal 0.156431 0.987689 0
    outer loop
      vertex -33.9973 7.93692 4
      vertex -33.5009 7.8583 0
      vertex -33.9973 7.93692 0
    endloop
  endfacet
  facet normal -0.338712 -0.94089 0
    outer loop
      vertex -37.945 -7.43821 0
      vertex -37.4721 -7.60845 4
      vertex -37.945 -7.43821 4
    endloop
  endfacet
  facet normal -0.338712 -0.94089 -0
    outer loop
      vertex -37.4721 -7.60845 4
      vertex -37.945 -7.43821 0
      vertex -37.4721 -7.60845 0
    endloop
  endfacet
  facet normal 0.397166 0.917747 -0
    outer loop
      vertex -31.5938 7.23862 0
      vertex -32.055 7.43821 4
      vertex -31.5938 7.23862 4
    endloop
  endfacet
  facet normal 0.397166 0.917747 0
    outer loop
      vertex -32.055 7.43821 4
      vertex -31.5938 7.23862 0
      vertex -32.055 7.43821 0
    endloop
  endfacet
  facet normal 0.509028 0.86075 -0
    outer loop
      vertex -30.7134 6.75462 0
      vertex -31.146 7.01045 4
      vertex -30.7134 6.75462 4
    endloop
  endfacet
  facet normal 0.509028 0.86075 0
    outer loop
      vertex -31.146 7.01045 4
      vertex -30.7134 6.75462 0
      vertex -31.146 7.01045 0
    endloop
  endfacet
  facet normal 0.960301 -0.278965 0
    outer loop
      vertex -27.3915 -2.47214 4
      vertex -27.2513 -1.98952 0
      vertex -27.2513 -1.98952 4
    endloop
  endfacet
  facet normal 0.960301 -0.278965 0
    outer loop
      vertex -27.2513 -1.98952 0
      vertex -27.3915 -2.47214 4
      vertex -27.3915 -2.47214 0
    endloop
  endfacet
  facet normal -0.750073 0.661355 0
    outer loop
      vertex -41.1641 5.09939 0
      vertex -40.8317 5.47638 4
      vertex -40.8317 5.47638 0
    endloop
  endfacet
  facet normal -0.750073 0.661355 0
    outer loop
      vertex -40.8317 5.47638 4
      vertex -41.1641 5.09939 0
      vertex -41.1641 5.09939 4
    endloop
  endfacet
  facet normal 0.453998 0.891003 -0
    outer loop
      vertex -31.146 7.01045 0
      vertex -31.5938 7.23862 4
      vertex -31.146 7.01045 4
    endloop
  endfacet
  facet normal 0.453998 0.891003 0
    outer loop
      vertex -31.5938 7.23862 4
      vertex -31.146 7.01045 0
      vertex -31.5938 7.23862 0
    endloop
  endfacet
  facet normal -0.750073 -0.661355 0
    outer loop
      vertex -40.8317 -5.47638 0
      vertex -41.1641 -5.09939 4
      vertex -41.1641 -5.09939 0
    endloop
  endfacet
  facet normal -0.750073 -0.661355 0
    outer loop
      vertex -41.1641 -5.09939 4
      vertex -40.8317 -5.47638 0
      vertex -40.8317 -5.47638 4
    endloop
  endfacet
  facet normal 0.0314199 -0.999506 0
    outer loop
      vertex -35 -8 0
      vertex -34.4977 -7.98421 4
      vertex -35 -8 4
    endloop
  endfacet
  facet normal 0.0314199 -0.999506 0
    outer loop
      vertex -34.4977 -7.98421 4
      vertex -35 -8 0
      vertex -34.4977 -7.98421 0
    endloop
  endfacet
  facet normal -0.0940852 0.995564 0
    outer loop
      vertex -35.5023 7.98421 0
      vertex -36.0027 7.93692 4
      vertex -35.5023 7.98421 4
    endloop
  endfacet
  facet normal -0.0940852 0.995564 0
    outer loop
      vertex -36.0027 7.93692 4
      vertex -35.5023 7.98421 0
      vertex -36.0027 7.93692 0
    endloop
  endfacet
  facet normal -0.891059 -0.453887 0
    outer loop
      vertex -42.0105 -3.85403 0
      vertex -42.2386 -3.40623 4
      vertex -42.2386 -3.40623 0
    endloop
  endfacet
  facet normal -0.891059 -0.453887 0
    outer loop
      vertex -42.2386 -3.40623 4
      vertex -42.0105 -3.85403 0
      vertex -42.0105 -3.85403 4
    endloop
  endfacet
  facet normal -0.156431 -0.987689 0
    outer loop
      vertex -36.4991 -7.8583 0
      vertex -36.0027 -7.93692 4
      vertex -36.4991 -7.8583 4
    endloop
  endfacet
  facet normal -0.156431 -0.987689 -0
    outer loop
      vertex -36.0027 -7.93692 4
      vertex -36.4991 -7.8583 0
      vertex -36.0027 -7.93692 0
    endloop
  endfacet
  facet normal 0.278994 0.960293 -0
    outer loop
      vertex -32.5279 7.60845 0
      vertex -33.0105 7.74866 4
      vertex -32.5279 7.60845 4
    endloop
  endfacet
  facet normal 0.278994 0.960293 0
    outer loop
      vertex -33.0105 7.74866 4
      vertex -32.5279 7.60845 0
      vertex -33.0105 7.74866 0
    endloop
  endfacet
  facet normal 0.750073 -0.661355 0
    outer loop
      vertex -29.1683 -5.47638 4
      vertex -28.8359 -5.09939 0
      vertex -28.8359 -5.09939 4
    endloop
  endfacet
  facet normal 0.750073 -0.661355 0
    outer loop
      vertex -28.8359 -5.09939 0
      vertex -29.1683 -5.47638 4
      vertex -29.1683 -5.47638 0
    endloop
  endfacet
  facet normal 0.82707 -0.562098 0
    outer loop
      vertex -28.5279 -4.70228 4
      vertex -28.2454 -4.28661 0
      vertex -28.2454 -4.28661 4
    endloop
  endfacet
  facet normal 0.82707 -0.562098 0
    outer loop
      vertex -28.2454 -4.28661 0
      vertex -28.5279 -4.70228 4
      vertex -28.5279 -4.70228 0
    endloop
  endfacet
  facet normal -0.156431 0.987689 0
    outer loop
      vertex -36.0027 7.93692 0
      vertex -36.4991 7.8583 4
      vertex -36.0027 7.93692 4
    endloop
  endfacet
  facet normal -0.156431 0.987689 0
    outer loop
      vertex -36.4991 7.8583 4
      vertex -36.0027 7.93692 0
      vertex -36.4991 7.8583 0
    endloop
  endfacet
  facet normal 0.891059 -0.453887 0
    outer loop
      vertex -27.9895 -3.85403 4
      vertex -27.7614 -3.40623 0
      vertex -27.7614 -3.40623 4
    endloop
  endfacet
  facet normal 0.891059 -0.453887 0
    outer loop
      vertex -27.7614 -3.40623 0
      vertex -27.9895 -3.85403 4
      vertex -27.9895 -3.85403 0
    endloop
  endfacet
  facet normal 0.960301 0.278965 0
    outer loop
      vertex -27.2513 1.98952 4
      vertex -27.3915 2.47214 0
      vertex -27.3915 2.47214 4
    endloop
  endfacet
  facet normal 0.960301 0.278965 0
    outer loop
      vertex -27.3915 2.47214 0
      vertex -27.2513 1.98952 4
      vertex -27.2513 1.98952 0
    endloop
  endfacet
  facet normal 0.707176 0.707037 0
    outer loop
      vertex -29.1683 5.47638 4
      vertex -29.5236 5.83175 0
      vertex -29.5236 5.83175 4
    endloop
  endfacet
  facet normal 0.707176 0.707037 0
    outer loop
      vertex -29.5236 5.83175 0
      vertex -29.1683 5.47638 4
      vertex -29.1683 5.47638 0
    endloop
  endfacet
  facet normal 0.6613 0.750121 -0
    outer loop
      vertex -29.5236 5.83175 0
      vertex -29.9006 6.16411 4
      vertex -29.5236 5.83175 4
    endloop
  endfacet
  facet normal 0.6613 0.750121 0
    outer loop
      vertex -29.9006 6.16411 4
      vertex -29.5236 5.83175 0
      vertex -29.9006 6.16411 0
    endloop
  endfacet
  facet normal -0.707176 -0.707037 0
    outer loop
      vertex -40.8317 -5.47638 0
      vertex -40.4764 -5.83175 4
      vertex -40.8317 -5.47638 4
    endloop
  endfacet
  facet normal -0.707176 -0.707037 -0
    outer loop
      vertex -40.4764 -5.83175 4
      vertex -40.8317 -5.47638 0
      vertex -40.4764 -5.83175 0
    endloop
  endfacet
  facet normal -0.562043 0.827108 0
    outer loop
      vertex -39.2866 6.75462 0
      vertex -39.7023 6.47214 4
      vertex -39.2866 6.75462 4
    endloop
  endfacet
  facet normal -0.562043 0.827108 0
    outer loop
      vertex -39.7023 6.47214 4
      vertex -39.2866 6.75462 0
      vertex -39.7023 6.47214 0
    endloop
  endfacet
  facet normal -0.82707 0.562098 0
    outer loop
      vertex -41.7546 4.28661 0
      vertex -41.4721 4.70228 4
      vertex -41.4721 4.70228 0
    endloop
  endfacet
  facet normal -0.82707 0.562098 0
    outer loop
      vertex -41.4721 4.70228 4
      vertex -41.7546 4.28661 0
      vertex -41.7546 4.28661 4
    endloop
  endfacet
  facet normal 0.790184 -0.61287 0
    outer loop
      vertex -28.8359 -5.09939 4
      vertex -28.5279 -4.70228 0
      vertex -28.5279 -4.70228 4
    endloop
  endfacet
  facet normal 0.790184 -0.61287 0
    outer loop
      vertex -28.5279 -4.70228 0
      vertex -28.8359 -5.09939 4
      vertex -28.8359 -5.09939 0
    endloop
  endfacet
  facet normal -0.397166 -0.917747 0
    outer loop
      vertex -38.4062 -7.23862 0
      vertex -37.945 -7.43821 4
      vertex -38.4062 -7.23862 4
    endloop
  endfacet
  facet normal -0.397166 -0.917747 -0
    outer loop
      vertex -37.945 -7.43821 4
      vertex -38.4062 -7.23862 0
      vertex -37.945 -7.43821 0
    endloop
  endfacet
  facet normal 0.860678 0.509149 0
    outer loop
      vertex -27.9895 3.85403 4
      vertex -28.2454 4.28661 0
      vertex -28.2454 4.28661 4
    endloop
  endfacet
  facet normal 0.860678 0.509149 0
    outer loop
      vertex -28.2454 4.28661 0
      vertex -27.9895 3.85403 4
      vertex -27.9895 3.85403 0
    endloop
  endfacet
  facet normal -0.975926 0.218104 0
    outer loop
      vertex -42.8581 1.5 0
      vertex -42.7487 1.98952 4
      vertex -42.7487 1.98952 0
    endloop
  endfacet
  facet normal -0.975926 0.218104 0
    outer loop
      vertex -42.7487 1.98952 4
      vertex -42.8581 1.5 0
      vertex -42.8581 1.5 4
    endloop
  endfacet
  facet normal -0.218186 -0.975907 0
    outer loop
      vertex -36.9895 -7.74866 0
      vertex -36.4991 -7.8583 4
      vertex -36.9895 -7.74866 4
    endloop
  endfacet
  facet normal -0.218186 -0.975907 -0
    outer loop
      vertex -36.4991 -7.8583 4
      vertex -36.9895 -7.74866 0
      vertex -36.4991 -7.8583 0
    endloop
  endfacet
  facet normal 0.891059 0.453887 0
    outer loop
      vertex -27.7614 3.40623 4
      vertex -27.9895 3.85403 0
      vertex -27.9895 3.85403 4
    endloop
  endfacet
  facet normal 0.891059 0.453887 0
    outer loop
      vertex -27.9895 3.85403 0
      vertex -27.7614 3.40623 4
      vertex -27.7614 3.40623 0
    endloop
  endfacet
  facet normal -0.509028 0.86075 0
    outer loop
      vertex -38.854 7.01045 0
      vertex -39.2866 6.75462 4
      vertex -38.854 7.01045 4
    endloop
  endfacet
  facet normal -0.509028 0.86075 0
    outer loop
      vertex -39.2866 6.75462 4
      vertex -38.854 7.01045 0
      vertex -39.2866 6.75462 0
    endloop
  endfacet
  facet normal 0.218186 -0.975907 0
    outer loop
      vertex -33.5009 -7.8583 0
      vertex -33.0105 -7.74866 4
      vertex -33.5009 -7.8583 4
    endloop
  endfacet
  facet normal 0.218186 -0.975907 0
    outer loop
      vertex -33.0105 -7.74866 4
      vertex -33.5009 -7.8583 0
      vertex -33.0105 -7.74866 0
    endloop
  endfacet
  facet normal 0.509028 -0.86075 0
    outer loop
      vertex -31.146 -7.01045 0
      vertex -30.7134 -6.75462 4
      vertex -31.146 -7.01045 4
    endloop
  endfacet
  facet normal 0.509028 -0.86075 0
    outer loop
      vertex -30.7134 -6.75462 4
      vertex -31.146 -7.01045 0
      vertex -30.7134 -6.75462 0
    endloop
  endfacet
  facet normal -0.960301 0.278965 0
    outer loop
      vertex -42.7487 1.98952 0
      vertex -42.6085 2.47214 4
      vertex -42.6085 2.47214 0
    endloop
  endfacet
  facet normal -0.960301 0.278965 0
    outer loop
      vertex -42.6085 2.47214 4
      vertex -42.7487 1.98952 0
      vertex -42.7487 1.98952 4
    endloop
  endfacet
  facet normal 0.156431 -0.987689 0
    outer loop
      vertex -33.9973 -7.93692 0
      vertex -33.5009 -7.8583 4
      vertex -33.9973 -7.93692 4
    endloop
  endfacet
  facet normal 0.156431 -0.987689 0
    outer loop
      vertex -33.5009 -7.8583 4
      vertex -33.9973 -7.93692 0
      vertex -33.5009 -7.8583 0
    endloop
  endfacet
  facet normal -0.397166 0.917747 0
    outer loop
      vertex -37.945 7.43821 0
      vertex -38.4062 7.23862 4
      vertex -37.945 7.43821 4
    endloop
  endfacet
  facet normal -0.397166 0.917747 0
    outer loop
      vertex -38.4062 7.23862 4
      vertex -37.945 7.43821 0
      vertex -38.4062 7.23862 0
    endloop
  endfacet
  facet normal -0.975926 -0.218104 0
    outer loop
      vertex -42.7487 -1.98952 0
      vertex -42.8581 -1.5 4
      vertex -42.8581 -1.5 0
    endloop
  endfacet
  facet normal -0.975926 -0.218104 0
    outer loop
      vertex -42.8581 -1.5 4
      vertex -42.7487 -1.98952 0
      vertex -42.7487 -1.98952 4
    endloop
  endfacet
  facet normal -0.6613 -0.750121 0
    outer loop
      vertex -40.4764 -5.83175 0
      vertex -40.0994 -6.16411 4
      vertex -40.4764 -5.83175 4
    endloop
  endfacet
  facet normal -0.6613 -0.750121 -0
    outer loop
      vertex -40.0994 -6.16411 4
      vertex -40.4764 -5.83175 0
      vertex -40.0994 -6.16411 0
    endloop
  endfacet
  facet normal -0.82707 -0.562098 0
    outer loop
      vertex -41.4721 -4.70228 0
      vertex -41.7546 -4.28661 4
      vertex -41.7546 -4.28661 0
    endloop
  endfacet
  facet normal -0.82707 -0.562098 0
    outer loop
      vertex -41.7546 -4.28661 4
      vertex -41.4721 -4.70228 0
      vertex -41.4721 -4.70228 4
    endloop
  endfacet
  facet normal 0.562043 -0.827108 0
    outer loop
      vertex -30.7134 -6.75462 0
      vertex -30.2977 -6.47214 4
      vertex -30.7134 -6.75462 4
    endloop
  endfacet
  facet normal 0.562043 -0.827108 0
    outer loop
      vertex -30.2977 -6.47214 4
      vertex -30.7134 -6.75462 0
      vertex -30.2977 -6.47214 0
    endloop
  endfacet
  facet normal -0.6613 0.750121 0
    outer loop
      vertex -40.0994 6.16411 0
      vertex -40.4764 5.83175 4
      vertex -40.0994 6.16411 4
    endloop
  endfacet
  facet normal -0.6613 0.750121 0
    outer loop
      vertex -40.4764 5.83175 4
      vertex -40.0994 6.16411 0
      vertex -40.4764 5.83175 0
    endloop
  endfacet
  facet normal 0.0940852 -0.995564 0
    outer loop
      vertex -34.4977 -7.98421 0
      vertex -33.9973 -7.93692 4
      vertex -34.4977 -7.98421 4
    endloop
  endfacet
  facet normal 0.0940852 -0.995564 0
    outer loop
      vertex -33.9973 -7.93692 4
      vertex -34.4977 -7.98421 0
      vertex -33.9973 -7.93692 0
    endloop
  endfacet
  facet normal 0.338712 -0.94089 0
    outer loop
      vertex -32.5279 -7.60845 0
      vertex -32.055 -7.43821 4
      vertex -32.5279 -7.60845 4
    endloop
  endfacet
  facet normal 0.338712 -0.94089 0
    outer loop
      vertex -32.055 -7.43821 4
      vertex -32.5279 -7.60845 0
      vertex -32.055 -7.43821 0
    endloop
  endfacet
  facet normal 0.975926 -0.218104 0
    outer loop
      vertex -27.2513 -1.98952 4
      vertex -27.1419 -1.5 0
      vertex -27.1419 -1.5 4
    endloop
  endfacet
  facet normal 0.975926 -0.218104 0
    outer loop
      vertex -27.1419 -1.5 0
      vertex -27.2513 -1.98952 4
      vertex -27.2513 -1.98952 0
    endloop
  endfacet
  facet normal 0.612917 0.790148 -0
    outer loop
      vertex -29.9006 6.16411 0
      vertex -30.2977 6.47214 4
      vertex -29.9006 6.16411 4
    endloop
  endfacet
  facet normal 0.612917 0.790148 0
    outer loop
      vertex -30.2977 6.47214 4
      vertex -29.9006 6.16411 0
      vertex -30.2977 6.47214 0
    endloop
  endfacet
  facet normal 0.82707 0.562098 0
    outer loop
      vertex -28.2454 4.28661 4
      vertex -28.5279 4.70228 0
      vertex -28.5279 4.70228 4
    endloop
  endfacet
  facet normal 0.82707 0.562098 0
    outer loop
      vertex -28.5279 4.70228 0
      vertex -28.2454 4.28661 4
      vertex -28.2454 4.28661 0
    endloop
  endfacet
  facet normal -0.790184 0.61287 0
    outer loop
      vertex -41.4721 4.70228 0
      vertex -41.1641 5.09939 4
      vertex -41.1641 5.09939 0
    endloop
  endfacet
  facet normal -0.790184 0.61287 0
    outer loop
      vertex -41.1641 5.09939 4
      vertex -41.4721 4.70228 0
      vertex -41.4721 4.70228 4
    endloop
  endfacet
  facet normal 0.0314199 0.999506 -0
    outer loop
      vertex -34.4977 7.98421 0
      vertex -35 8 4
      vertex -34.4977 7.98421 4
    endloop
  endfacet
  facet normal 0.0314199 0.999506 0
    outer loop
      vertex -35 8 4
      vertex -34.4977 7.98421 0
      vertex -35 8 0
    endloop
  endfacet
  facet normal -0.612917 0.790148 0
    outer loop
      vertex -39.7023 6.47214 0
      vertex -40.0994 6.16411 4
      vertex -39.7023 6.47214 4
    endloop
  endfacet
  facet normal -0.612917 0.790148 0
    outer loop
      vertex -40.0994 6.16411 4
      vertex -39.7023 6.47214 0
      vertex -40.0994 6.16411 0
    endloop
  endfacet
  facet normal -0.860678 -0.509149 0
    outer loop
      vertex -41.7546 -4.28661 0
      vertex -42.0105 -3.85403 4
      vertex -42.0105 -3.85403 0
    endloop
  endfacet
  facet normal -0.860678 -0.509149 0
    outer loop
      vertex -42.0105 -3.85403 4
      vertex -41.7546 -4.28661 0
      vertex -41.7546 -4.28661 4
    endloop
  endfacet
  facet normal 0.860678 -0.509149 0
    outer loop
      vertex -28.2454 -4.28661 4
      vertex -27.9895 -3.85403 0
      vertex -27.9895 -3.85403 4
    endloop
  endfacet
  facet normal 0.860678 -0.509149 0
    outer loop
      vertex -27.9895 -3.85403 0
      vertex -28.2454 -4.28661 4
      vertex -28.2454 -4.28661 0
    endloop
  endfacet
  facet normal -0.0314199 0.999506 0
    outer loop
      vertex -35 8 0
      vertex -35.5023 7.98421 4
      vertex -35 8 4
    endloop
  endfacet
  facet normal -0.0314199 0.999506 0
    outer loop
      vertex -35.5023 7.98421 4
      vertex -35 8 0
      vertex -35.5023 7.98421 0
    endloop
  endfacet
  facet normal -0.917749 0.397161 0
    outer loop
      vertex -42.4382 2.945 0
      vertex -42.2386 3.40623 4
      vertex -42.2386 3.40623 0
    endloop
  endfacet
  facet normal -0.917749 0.397161 0
    outer loop
      vertex -42.2386 3.40623 4
      vertex -42.4382 2.945 0
      vertex -42.4382 2.945 4
    endloop
  endfacet
  facet normal -0.562043 -0.827108 0
    outer loop
      vertex -39.7023 -6.47214 0
      vertex -39.2866 -6.75462 4
      vertex -39.7023 -6.47214 4
    endloop
  endfacet
  facet normal -0.562043 -0.827108 -0
    outer loop
      vertex -39.2866 -6.75462 4
      vertex -39.7023 -6.47214 0
      vertex -39.2866 -6.75462 0
    endloop
  endfacet
  facet normal -0.917749 -0.397161 0
    outer loop
      vertex -42.2386 -3.40623 0
      vertex -42.4382 -2.945 4
      vertex -42.4382 -2.945 0
    endloop
  endfacet
  facet normal -0.917749 -0.397161 0
    outer loop
      vertex -42.4382 -2.945 4
      vertex -42.2386 -3.40623 0
      vertex -42.2386 -3.40623 4
    endloop
  endfacet
  facet normal -0.278994 -0.960293 0
    outer loop
      vertex -37.4721 -7.60845 0
      vertex -36.9895 -7.74866 4
      vertex -37.4721 -7.60845 4
    endloop
  endfacet
  facet normal -0.278994 -0.960293 -0
    outer loop
      vertex -36.9895 -7.74866 4
      vertex -37.4721 -7.60845 0
      vertex -36.9895 -7.74866 0
    endloop
  endfacet
  facet normal -0.790184 -0.61287 0
    outer loop
      vertex -41.1641 -5.09939 0
      vertex -41.4721 -4.70228 4
      vertex -41.4721 -4.70228 0
    endloop
  endfacet
  facet normal -0.790184 -0.61287 0
    outer loop
      vertex -41.4721 -4.70228 4
      vertex -41.1641 -5.09939 0
      vertex -41.1641 -5.09939 4
    endloop
  endfacet
  facet normal 0.707176 -0.707037 0
    outer loop
      vertex -29.5236 -5.83175 4
      vertex -29.1683 -5.47638 0
      vertex -29.1683 -5.47638 4
    endloop
  endfacet
  facet normal 0.707176 -0.707037 0
    outer loop
      vertex -29.1683 -5.47638 0
      vertex -29.5236 -5.83175 4
      vertex -29.5236 -5.83175 0
    endloop
  endfacet
  facet normal -0.707176 0.707037 0
    outer loop
      vertex -40.4764 5.83175 0
      vertex -40.8317 5.47638 4
      vertex -40.4764 5.83175 4
    endloop
  endfacet
  facet normal -0.707176 0.707037 0
    outer loop
      vertex -40.8317 5.47638 4
      vertex -40.4764 5.83175 0
      vertex -40.8317 5.47638 0
    endloop
  endfacet
  facet normal 0.0940852 0.995564 -0
    outer loop
      vertex -33.9973 7.93692 0
      vertex -34.4977 7.98421 4
      vertex -33.9973 7.93692 4
    endloop
  endfacet
  facet normal 0.0940852 0.995564 0
    outer loop
      vertex -34.4977 7.98421 4
      vertex -33.9973 7.93692 0
      vertex -34.4977 7.98421 0
    endloop
  endfacet
  facet normal -0.453998 0.891003 0
    outer loop
      vertex -38.4062 7.23862 0
      vertex -38.854 7.01045 4
      vertex -38.4062 7.23862 4
    endloop
  endfacet
  facet normal -0.453998 0.891003 0
    outer loop
      vertex -38.854 7.01045 4
      vertex -38.4062 7.23862 0
      vertex -38.854 7.01045 0
    endloop
  endfacet
  facet normal 0.338712 0.94089 -0
    outer loop
      vertex -32.055 7.43821 0
      vertex -32.5279 7.60845 4
      vertex -32.055 7.43821 4
    endloop
  endfacet
  facet normal 0.338712 0.94089 0
    outer loop
      vertex -32.5279 7.60845 4
      vertex -32.055 7.43821 0
      vertex -32.5279 7.60845 0
    endloop
  endfacet
  facet normal 0.790184 0.61287 0
    outer loop
      vertex -28.5279 4.70228 4
      vertex -28.8359 5.09939 0
      vertex -28.8359 5.09939 4
    endloop
  endfacet
  facet normal 0.790184 0.61287 0
    outer loop
      vertex -28.8359 5.09939 0
      vertex -28.5279 4.70228 4
      vertex -28.5279 4.70228 0
    endloop
  endfacet
  facet normal 0.750073 0.661355 0
    outer loop
      vertex -28.8359 5.09939 4
      vertex -29.1683 5.47638 0
      vertex -29.1683 5.47638 4
    endloop
  endfacet
  facet normal 0.750073 0.661355 0
    outer loop
      vertex -29.1683 5.47638 0
      vertex -28.8359 5.09939 4
      vertex -28.8359 5.09939 0
    endloop
  endfacet
  facet normal -0.0940852 -0.995564 0
    outer loop
      vertex -36.0027 -7.93692 0
      vertex -35.5023 -7.98421 4
      vertex -36.0027 -7.93692 4
    endloop
  endfacet
  facet normal -0.0940852 -0.995564 -0
    outer loop
      vertex -35.5023 -7.98421 4
      vertex -36.0027 -7.93692 0
      vertex -35.5023 -7.98421 0
    endloop
  endfacet
  facet normal -0.0314199 -0.999506 0
    outer loop
      vertex -35.5023 -7.98421 0
      vertex -35 -8 4
      vertex -35.5023 -7.98421 4
    endloop
  endfacet
  facet normal -0.0314199 -0.999506 -0
    outer loop
      vertex -35 -8 4
      vertex -35.5023 -7.98421 0
      vertex -35 -8 0
    endloop
  endfacet
  facet normal -0.278994 0.960293 0
    outer loop
      vertex -36.9895 7.74866 0
      vertex -37.4721 7.60845 4
      vertex -36.9895 7.74866 4
    endloop
  endfacet
  facet normal -0.278994 0.960293 0
    outer loop
      vertex -37.4721 7.60845 4
      vertex -36.9895 7.74866 0
      vertex -37.4721 7.60845 0
    endloop
  endfacet
  facet normal -0.218186 0.975907 0
    outer loop
      vertex -36.4991 7.8583 0
      vertex -36.9895 7.74866 4
      vertex -36.4991 7.8583 4
    endloop
  endfacet
  facet normal -0.218186 0.975907 0
    outer loop
      vertex -36.9895 7.74866 4
      vertex -36.4991 7.8583 0
      vertex -36.9895 7.74866 0
    endloop
  endfacet
  facet normal 0.6613 -0.750121 0
    outer loop
      vertex -29.9006 -6.16411 0
      vertex -29.5236 -5.83175 4
      vertex -29.9006 -6.16411 4
    endloop
  endfacet
  facet normal 0.6613 -0.750121 0
    outer loop
      vertex -29.5236 -5.83175 4
      vertex -29.9006 -6.16411 0
      vertex -29.5236 -5.83175 0
    endloop
  endfacet
  facet normal 0.612917 -0.790148 0
    outer loop
      vertex -30.2977 -6.47214 0
      vertex -29.9006 -6.16411 4
      vertex -30.2977 -6.47214 4
    endloop
  endfacet
  facet normal 0.612917 -0.790148 0
    outer loop
      vertex -29.9006 -6.16411 4
      vertex -30.2977 -6.47214 0
      vertex -29.9006 -6.16411 0
    endloop
  endfacet
  facet normal -0.960301 -0.278965 0
    outer loop
      vertex -42.6085 -2.47214 0
      vertex -42.7487 -1.98952 4
      vertex -42.7487 -1.98952 0
    endloop
  endfacet
  facet normal -0.960301 -0.278965 0
    outer loop
      vertex -42.7487 -1.98952 4
      vertex -42.6085 -2.47214 0
      vertex -42.6085 -2.47214 4
    endloop
  endfacet
  facet normal 0.218186 0.975907 -0
    outer loop
      vertex -33.0105 7.74866 0
      vertex -33.5009 7.8583 4
      vertex -33.0105 7.74866 4
    endloop
  endfacet
  facet normal 0.218186 0.975907 0
    outer loop
      vertex -33.5009 7.8583 4
      vertex -33.0105 7.74866 0
      vertex -33.5009 7.8583 0
    endloop
  endfacet
  facet normal -0.612917 -0.790148 0
    outer loop
      vertex -40.0994 -6.16411 0
      vertex -39.7023 -6.47214 4
      vertex -40.0994 -6.16411 4
    endloop
  endfacet
  facet normal -0.612917 -0.790148 -0
    outer loop
      vertex -39.7023 -6.47214 4
      vertex -40.0994 -6.16411 0
      vertex -39.7023 -6.47214 0
    endloop
  endfacet
  facet normal 0.278984 -0.960296 0
    outer loop
      vertex 1.98952 -7.74866 0
      vertex 2.47214 -7.60845 4
      vertex 1.98952 -7.74866 4
    endloop
  endfacet
  facet normal 0.278984 -0.960296 0
    outer loop
      vertex 2.47214 -7.60845 4
      vertex 1.98952 -7.74866 0
      vertex 2.47214 -7.60845 0
    endloop
  endfacet
  facet normal -0.453998 0.891003 0
    outer loop
      vertex -3.40623 7.23862 0
      vertex -3.85403 7.01045 4
      vertex -3.40623 7.23862 4
    endloop
  endfacet
  facet normal -0.453998 0.891003 0
    outer loop
      vertex -3.85403 7.01045 4
      vertex -3.40623 7.23862 0
      vertex -3.85403 7.01045 0
    endloop
  endfacet
  facet normal 0.707107 0.707107 0
    outer loop
      vertex 5.83175 5.47638 4
      vertex 5.47638 5.83175 0
      vertex 5.47638 5.83175 4
    endloop
  endfacet
  facet normal 0.707107 0.707107 0
    outer loop
      vertex 5.47638 5.83175 0
      vertex 5.83175 5.47638 4
      vertex 5.83175 5.47638 0
    endloop
  endfacet
  facet normal 0.397144 0.917756 -0
    outer loop
      vertex 3.40623 7.23862 0
      vertex 2.945 7.43821 4
      vertex 3.40623 7.23862 4
    endloop
  endfacet
  facet normal 0.397144 0.917756 0
    outer loop
      vertex 2.945 7.43821 4
      vertex 3.40623 7.23862 0
      vertex 2.945 7.43821 0
    endloop
  endfacet
  facet normal 0.453998 0.891003 -0
    outer loop
      vertex 3.85403 7.01045 0
      vertex 3.40623 7.23862 4
      vertex 3.85403 7.01045 4
    endloop
  endfacet
  facet normal 0.453998 0.891003 0
    outer loop
      vertex 3.40623 7.23862 4
      vertex 3.85403 7.01045 0
      vertex 3.40623 7.23862 0
    endloop
  endfacet
  facet normal 0.750112 0.66131 0
    outer loop
      vertex 6.16411 5.09939 4
      vertex 5.83175 5.47638 0
      vertex 5.83175 5.47638 4
    endloop
  endfacet
  facet normal 0.750112 0.66131 0
    outer loop
      vertex 5.83175 5.47638 0
      vertex 6.16411 5.09939 4
      vertex 6.16411 5.09939 0
    endloop
  endfacet
  facet normal -0.66131 0.750112 0
    outer loop
      vertex -5.09939 6.16411 0
      vertex -5.47638 5.83175 4
      vertex -5.09939 6.16411 4
    endloop
  endfacet
  facet normal -0.66131 0.750112 0
    outer loop
      vertex -5.47638 5.83175 4
      vertex -5.09939 6.16411 0
      vertex -5.47638 5.83175 0
    endloop
  endfacet
  facet normal 0.9603 0.278969 0
    outer loop
      vertex 7.74866 1.98952 4
      vertex 7.69596 2.17093 0
      vertex 7.69596 2.17093 4
    endloop
  endfacet
  facet normal 0.9603 0.278969 0
    outer loop
      vertex 7.69596 2.17093 0
      vertex 7.74866 1.98952 4
      vertex 7.74866 1.98952 0
    endloop
  endfacet
  facet normal -0.9603 -0.278969 0
    outer loop
      vertex -7.69596 -2.17093 0
      vertex -7.74866 -1.98952 4
      vertex -7.74866 -1.98952 0
    endloop
  endfacet
  facet normal -0.9603 -0.278969 0
    outer loop
      vertex -7.74866 -1.98952 4
      vertex -7.69596 -2.17093 0
      vertex -7.69596 -2.17093 4
    endloop
  endfacet
  facet normal 0.750112 -0.66131 0
    outer loop
      vertex 5.83175 -5.47638 4
      vertex 6.16411 -5.09939 0
      vertex 6.16411 -5.09939 4
    endloop
  endfacet
  facet normal 0.750112 -0.66131 0
    outer loop
      vertex 6.16411 -5.09939 0
      vertex 5.83175 -5.47638 4
      vertex 5.83175 -5.47638 0
    endloop
  endfacet
  facet normal -0.562071 0.827089 0
    outer loop
      vertex -4.28661 6.75462 0
      vertex -4.70228 6.47214 4
      vertex -4.28661 6.75462 4
    endloop
  endfacet
  facet normal -0.562071 0.827089 0
    outer loop
      vertex -4.70228 6.47214 4
      vertex -4.28661 6.75462 0
      vertex -4.70228 6.47214 0
    endloop
  endfacet
  facet normal 0.612907 0.790155 -0
    outer loop
      vertex 5.09939 6.16411 0
      vertex 4.70228 6.47214 4
      vertex 5.09939 6.16411 4
    endloop
  endfacet
  facet normal 0.612907 0.790155 0
    outer loop
      vertex 4.70228 6.47214 4
      vertex 5.09939 6.16411 0
      vertex 4.70228 6.47214 0
    endloop
  endfacet
  facet normal 0.975913 -0.218161 0
    outer loop
      vertex 7.74866 -1.98952 4
      vertex 7.85809 -1.5 0
      vertex 7.85809 -1.5 4
    endloop
  endfacet
  facet normal 0.975913 -0.218161 0
    outer loop
      vertex 7.85809 -1.5 0
      vertex 7.74866 -1.98952 4
      vertex 7.74866 -1.98952 0
    endloop
  endfacet
  facet normal -0.750112 0.66131 0
    outer loop
      vertex -6.16411 5.09939 0
      vertex -5.83175 5.47638 4
      vertex -5.83175 5.47638 0
    endloop
  endfacet
  facet normal -0.750112 0.66131 0
    outer loop
      vertex -5.83175 5.47638 4
      vertex -6.16411 5.09939 0
      vertex -6.16411 5.09939 4
    endloop
  endfacet
  facet normal -0.397144 -0.917756 0
    outer loop
      vertex -3.40623 -7.23862 0
      vertex -2.945 -7.43821 4
      vertex -3.40623 -7.23862 4
    endloop
  endfacet
  facet normal -0.397144 -0.917756 -0
    outer loop
      vertex -2.945 -7.43821 4
      vertex -3.40623 -7.23862 0
      vertex -2.945 -7.43821 0
    endloop
  endfacet
  facet normal 0.509046 -0.860739 0
    outer loop
      vertex 3.85403 -7.01045 0
      vertex 4.28661 -6.75462 4
      vertex 3.85403 -7.01045 4
    endloop
  endfacet
  facet normal 0.509046 -0.860739 0
    outer loop
      vertex 4.28661 -6.75462 4
      vertex 3.85403 -7.01045 0
      vertex 4.28661 -6.75462 0
    endloop
  endfacet
  facet normal -0.453998 -0.891003 0
    outer loop
      vertex -3.85403 -7.01045 0
      vertex -3.40623 -7.23862 4
      vertex -3.85403 -7.01045 4
    endloop
  endfacet
  facet normal -0.453998 -0.891003 -0
    outer loop
      vertex -3.40623 -7.23862 4
      vertex -3.85403 -7.01045 0
      vertex -3.40623 -7.23862 0
    endloop
  endfacet
  facet normal -0.338738 0.940881 0
    outer loop
      vertex -2.47214 7.60845 0
      vertex -2.945 7.43821 4
      vertex -2.47214 7.60845 4
    endloop
  endfacet
  facet normal -0.338738 0.940881 0
    outer loop
      vertex -2.945 7.43821 4
      vertex -2.47214 7.60845 0
      vertex -2.945 7.43821 0
    endloop
  endfacet
  facet normal -0.397144 0.917756 0
    outer loop
      vertex -2.945 7.43821 0
      vertex -3.40623 7.23862 4
      vertex -2.945 7.43821 4
    endloop
  endfacet
  facet normal -0.397144 0.917756 0
    outer loop
      vertex -3.40623 7.23862 4
      vertex -2.945 7.43821 0
      vertex -3.40623 7.23862 0
    endloop
  endfacet
  facet normal 0.707107 -0.707107 0
    outer loop
      vertex 5.47638 -5.83175 4
      vertex 5.83175 -5.47638 0
      vertex 5.83175 -5.47638 4
    endloop
  endfacet
  facet normal 0.707107 -0.707107 0
    outer loop
      vertex 5.83175 -5.47638 0
      vertex 5.47638 -5.83175 4
      vertex 5.47638 -5.83175 0
    endloop
  endfacet
  facet normal 0.562071 0.827089 -0
    outer loop
      vertex 4.70228 6.47214 0
      vertex 4.28661 6.75462 4
      vertex 4.70228 6.47214 4
    endloop
  endfacet
  facet normal 0.562071 0.827089 0
    outer loop
      vertex 4.28661 6.75462 4
      vertex 4.70228 6.47214 0
      vertex 4.28661 6.75462 0
    endloop
  endfacet
  facet normal 0.509046 0.860739 -0
    outer loop
      vertex 4.28661 6.75462 0
      vertex 3.85403 7.01045 4
      vertex 4.28661 6.75462 4
    endloop
  endfacet
  facet normal 0.509046 0.860739 0
    outer loop
      vertex 3.85403 7.01045 4
      vertex 4.28661 6.75462 0
      vertex 3.85403 7.01045 0
    endloop
  endfacet
  facet normal 0.453998 -0.891003 0
    outer loop
      vertex 3.40623 -7.23862 0
      vertex 3.85403 -7.01045 4
      vertex 3.40623 -7.23862 4
    endloop
  endfacet
  facet normal 0.453998 -0.891003 0
    outer loop
      vertex 3.85403 -7.01045 4
      vertex 3.40623 -7.23862 0
      vertex 3.85403 -7.01045 0
    endloop
  endfacet
  facet normal 0.9603 -0.278969 0
    outer loop
      vertex 7.69596 -2.17093 4
      vertex 7.74866 -1.98952 0
      vertex 7.74866 -1.98952 4
    endloop
  endfacet
  facet normal 0.9603 -0.278969 0
    outer loop
      vertex 7.74866 -1.98952 0
      vertex 7.69596 -2.17093 4
      vertex 7.69596 -2.17093 0
    endloop
  endfacet
  facet normal -0.562071 -0.827089 0
    outer loop
      vertex -4.70228 -6.47214 0
      vertex -4.28661 -6.75462 4
      vertex -4.70228 -6.47214 4
    endloop
  endfacet
  facet normal -0.562071 -0.827089 -0
    outer loop
      vertex -4.28661 -6.75462 4
      vertex -4.70228 -6.47214 0
      vertex -4.28661 -6.75462 0
    endloop
  endfacet
  facet normal 0.975913 0.218161 0
    outer loop
      vertex 7.85809 1.5 4
      vertex 7.74866 1.98952 0
      vertex 7.74866 1.98952 4
    endloop
  endfacet
  facet normal 0.975913 0.218161 0
    outer loop
      vertex 7.74866 1.98952 0
      vertex 7.85809 1.5 4
      vertex 7.85809 1.5 0
    endloop
  endfacet
  facet normal -0.278984 0.960296 0
    outer loop
      vertex -1.98952 7.74866 0
      vertex -2.47214 7.60845 4
      vertex -1.98952 7.74866 4
    endloop
  endfacet
  facet normal -0.278984 0.960296 0
    outer loop
      vertex -2.47214 7.60845 4
      vertex -1.98952 7.74866 0
      vertex -2.47214 7.60845 0
    endloop
  endfacet
  facet normal -0.612907 -0.790155 0
    outer loop
      vertex -5.09939 -6.16411 0
      vertex -4.70228 -6.47214 4
      vertex -5.09939 -6.16411 4
    endloop
  endfacet
  facet normal -0.612907 -0.790155 -0
    outer loop
      vertex -4.70228 -6.47214 4
      vertex -5.09939 -6.16411 0
      vertex -4.70228 -6.47214 0
    endloop
  endfacet
  facet normal -0.218161 0.975913 0
    outer loop
      vertex -1.5 7.85809 0
      vertex -1.98952 7.74866 4
      vertex -1.5 7.85809 4
    endloop
  endfacet
  facet normal -0.218161 0.975913 0
    outer loop
      vertex -1.98952 7.74866 4
      vertex -1.5 7.85809 0
      vertex -1.98952 7.74866 0
    endloop
  endfacet
  facet normal 0.66131 -0.750112 0
    outer loop
      vertex 5.09939 -6.16411 0
      vertex 5.47638 -5.83175 4
      vertex 5.09939 -6.16411 4
    endloop
  endfacet
  facet normal 0.66131 -0.750112 0
    outer loop
      vertex 5.47638 -5.83175 4
      vertex 5.09939 -6.16411 0
      vertex 5.47638 -5.83175 0
    endloop
  endfacet
  facet normal -0.790153 -0.612909 0
    outer loop
      vertex -6.16411 -5.09939 0
      vertex -6.3543 -4.8542 4
      vertex -6.3543 -4.8542 0
    endloop
  endfacet
  facet normal -0.790153 -0.612909 0
    outer loop
      vertex -6.3543 -4.8542 4
      vertex -6.16411 -5.09939 0
      vertex -6.16411 -5.09939 4
    endloop
  endfacet
  facet normal -0.975913 -0.218161 0
    outer loop
      vertex -7.74866 -1.98952 0
      vertex -7.85809 -1.5 4
      vertex -7.85809 -1.5 0
    endloop
  endfacet
  facet normal -0.975913 -0.218161 0
    outer loop
      vertex -7.85809 -1.5 4
      vertex -7.74866 -1.98952 0
      vertex -7.74866 -1.98952 4
    endloop
  endfacet
  facet normal 0.338738 0.940881 -0
    outer loop
      vertex 2.945 7.43821 0
      vertex 2.47214 7.60845 4
      vertex 2.945 7.43821 4
    endloop
  endfacet
  facet normal 0.338738 0.940881 0
    outer loop
      vertex 2.47214 7.60845 4
      vertex 2.945 7.43821 0
      vertex 2.47214 7.60845 0
    endloop
  endfacet
  facet normal 0.66131 0.750112 -0
    outer loop
      vertex 5.47638 5.83175 0
      vertex 5.09939 6.16411 4
      vertex 5.47638 5.83175 4
    endloop
  endfacet
  facet normal 0.66131 0.750112 0
    outer loop
      vertex 5.09939 6.16411 4
      vertex 5.47638 5.83175 0
      vertex 5.09939 6.16411 0
    endloop
  endfacet
  facet normal 0.278984 0.960296 -0
    outer loop
      vertex 2.47214 7.60845 0
      vertex 1.98952 7.74866 4
      vertex 2.47214 7.60845 4
    endloop
  endfacet
  facet normal 0.278984 0.960296 0
    outer loop
      vertex 1.98952 7.74866 4
      vertex 2.47214 7.60845 0
      vertex 1.98952 7.74866 0
    endloop
  endfacet
  facet normal -0.707107 0.707107 0
    outer loop
      vertex -5.83175 5.47638 0
      vertex -5.47638 5.83175 4
      vertex -5.47638 5.83175 0
    endloop
  endfacet
  facet normal -0.707107 0.707107 0
    outer loop
      vertex -5.47638 5.83175 4
      vertex -5.83175 5.47638 0
      vertex -5.83175 5.47638 4
    endloop
  endfacet
  facet normal -0.509046 0.860739 0
    outer loop
      vertex -3.85403 7.01045 0
      vertex -4.28661 6.75462 4
      vertex -3.85403 7.01045 4
    endloop
  endfacet
  facet normal -0.509046 0.860739 0
    outer loop
      vertex -4.28661 6.75462 4
      vertex -3.85403 7.01045 0
      vertex -4.28661 6.75462 0
    endloop
  endfacet
  facet normal -0.66131 -0.750112 0
    outer loop
      vertex -5.47638 -5.83175 0
      vertex -5.09939 -6.16411 4
      vertex -5.47638 -5.83175 4
    endloop
  endfacet
  facet normal -0.66131 -0.750112 -0
    outer loop
      vertex -5.09939 -6.16411 4
      vertex -5.47638 -5.83175 0
      vertex -5.09939 -6.16411 0
    endloop
  endfacet
  facet normal -0.9603 0.278969 0
    outer loop
      vertex -7.74866 1.98952 0
      vertex -7.69596 2.17093 4
      vertex -7.69596 2.17093 0
    endloop
  endfacet
  facet normal -0.9603 0.278969 0
    outer loop
      vertex -7.69596 2.17093 4
      vertex -7.74866 1.98952 0
      vertex -7.74866 1.98952 4
    endloop
  endfacet
  facet normal -0.278984 -0.960296 0
    outer loop
      vertex -2.47214 -7.60845 0
      vertex -1.98952 -7.74866 4
      vertex -2.47214 -7.60845 4
    endloop
  endfacet
  facet normal -0.278984 -0.960296 -0
    outer loop
      vertex -1.98952 -7.74866 4
      vertex -2.47214 -7.60845 0
      vertex -1.98952 -7.74866 0
    endloop
  endfacet
  facet normal 0.338738 -0.940881 0
    outer loop
      vertex 2.47214 -7.60845 0
      vertex 2.945 -7.43821 4
      vertex 2.47214 -7.60845 4
    endloop
  endfacet
  facet normal 0.338738 -0.940881 0
    outer loop
      vertex 2.945 -7.43821 4
      vertex 2.47214 -7.60845 0
      vertex 2.945 -7.43821 0
    endloop
  endfacet
  facet normal -0.790153 0.612909 0
    outer loop
      vertex -6.3543 4.8542 0
      vertex -6.16411 5.09939 4
      vertex -6.16411 5.09939 0
    endloop
  endfacet
  facet normal -0.790153 0.612909 0
    outer loop
      vertex -6.16411 5.09939 4
      vertex -6.3543 4.8542 0
      vertex -6.3543 4.8542 4
    endloop
  endfacet
  facet normal -0.612907 0.790155 0
    outer loop
      vertex -4.70228 6.47214 0
      vertex -5.09939 6.16411 4
      vertex -4.70228 6.47214 4
    endloop
  endfacet
  facet normal -0.612907 0.790155 0
    outer loop
      vertex -5.09939 6.16411 4
      vertex -4.70228 6.47214 0
      vertex -5.09939 6.16411 0
    endloop
  endfacet
  facet normal -0.707107 -0.707107 0
    outer loop
      vertex -5.47638 -5.83175 0
      vertex -5.83175 -5.47638 4
      vertex -5.83175 -5.47638 0
    endloop
  endfacet
  facet normal -0.707107 -0.707107 0
    outer loop
      vertex -5.83175 -5.47638 4
      vertex -5.47638 -5.83175 0
      vertex -5.47638 -5.83175 4
    endloop
  endfacet
  facet normal 0.218161 0.975913 -0
    outer loop
      vertex 1.98952 7.74866 0
      vertex 1.5 7.85809 4
      vertex 1.98952 7.74866 4
    endloop
  endfacet
  facet normal 0.218161 0.975913 0
    outer loop
      vertex 1.5 7.85809 4
      vertex 1.98952 7.74866 0
      vertex 1.5 7.85809 0
    endloop
  endfacet
  facet normal 0.790153 -0.612909 0
    outer loop
      vertex 6.16411 -5.09939 4
      vertex 6.3543 -4.8542 0
      vertex 6.3543 -4.8542 4
    endloop
  endfacet
  facet normal 0.790153 -0.612909 0
    outer loop
      vertex 6.3543 -4.8542 0
      vertex 6.16411 -5.09939 4
      vertex 6.16411 -5.09939 0
    endloop
  endfacet
  facet normal -0.750112 -0.66131 0
    outer loop
      vertex -5.83175 -5.47638 0
      vertex -6.16411 -5.09939 4
      vertex -6.16411 -5.09939 0
    endloop
  endfacet
  facet normal -0.750112 -0.66131 0
    outer loop
      vertex -6.16411 -5.09939 4
      vertex -5.83175 -5.47638 0
      vertex -5.83175 -5.47638 4
    endloop
  endfacet
  facet normal -0.975913 0.218161 0
    outer loop
      vertex -7.85809 1.5 0
      vertex -7.74866 1.98952 4
      vertex -7.74866 1.98952 0
    endloop
  endfacet
  facet normal -0.975913 0.218161 0
    outer loop
      vertex -7.74866 1.98952 4
      vertex -7.85809 1.5 0
      vertex -7.85809 1.5 4
    endloop
  endfacet
  facet normal 0.218161 -0.975913 0
    outer loop
      vertex 1.5 -7.85809 0
      vertex 1.98952 -7.74866 4
      vertex 1.5 -7.85809 4
    endloop
  endfacet
  facet normal 0.218161 -0.975913 0
    outer loop
      vertex 1.98952 -7.74866 4
      vertex 1.5 -7.85809 0
      vertex 1.98952 -7.74866 0
    endloop
  endfacet
  facet normal 0.562071 -0.827089 0
    outer loop
      vertex 4.28661 -6.75462 0
      vertex 4.70228 -6.47214 4
      vertex 4.28661 -6.75462 4
    endloop
  endfacet
  facet normal 0.562071 -0.827089 0
    outer loop
      vertex 4.70228 -6.47214 4
      vertex 4.28661 -6.75462 0
      vertex 4.70228 -6.47214 0
    endloop
  endfacet
  facet normal -0.338738 -0.940881 0
    outer loop
      vertex -2.945 -7.43821 0
      vertex -2.47214 -7.60845 4
      vertex -2.945 -7.43821 4
    endloop
  endfacet
  facet normal -0.338738 -0.940881 -0
    outer loop
      vertex -2.47214 -7.60845 4
      vertex -2.945 -7.43821 0
      vertex -2.47214 -7.60845 0
    endloop
  endfacet
  facet normal -0.509046 -0.860739 0
    outer loop
      vertex -4.28661 -6.75462 0
      vertex -3.85403 -7.01045 4
      vertex -4.28661 -6.75462 4
    endloop
  endfacet
  facet normal -0.509046 -0.860739 -0
    outer loop
      vertex -3.85403 -7.01045 4
      vertex -4.28661 -6.75462 0
      vertex -3.85403 -7.01045 0
    endloop
  endfacet
  facet normal 0.397144 -0.917756 0
    outer loop
      vertex 2.945 -7.43821 0
      vertex 3.40623 -7.23862 4
      vertex 2.945 -7.43821 4
    endloop
  endfacet
  facet normal 0.397144 -0.917756 0
    outer loop
      vertex 3.40623 -7.23862 4
      vertex 2.945 -7.43821 0
      vertex 3.40623 -7.23862 0
    endloop
  endfacet
  facet normal -0.218161 -0.975913 0
    outer loop
      vertex -1.98952 -7.74866 0
      vertex -1.5 -7.85809 4
      vertex -1.98952 -7.74866 4
    endloop
  endfacet
  facet normal -0.218161 -0.975913 -0
    outer loop
      vertex -1.5 -7.85809 4
      vertex -1.98952 -7.74866 0
      vertex -1.5 -7.85809 0
    endloop
  endfacet
  facet normal 0.612907 -0.790155 0
    outer loop
      vertex 4.70228 -6.47214 0
      vertex 5.09939 -6.16411 4
      vertex 4.70228 -6.47214 4
    endloop
  endfacet
  facet normal 0.612907 -0.790155 0
    outer loop
      vertex 5.09939 -6.16411 4
      vertex 4.70228 -6.47214 0
      vertex 5.09939 -6.16411 0
    endloop
  endfacet
  facet normal 0.790153 0.612909 0
    outer loop
      vertex 6.3543 4.8542 4
      vertex 6.16411 5.09939 0
      vertex 6.16411 5.09939 4
    endloop
  endfacet
  facet normal 0.790153 0.612909 0
    outer loop
      vertex 6.16411 5.09939 0
      vertex 6.3543 4.8542 4
      vertex 6.3543 4.8542 0
    endloop
  endfacet
  facet normal -0.860678 -0.509149 0
    outer loop
      vertex 28.2454 -4.28661 0
      vertex 27.9895 -3.85403 4
      vertex 27.9895 -3.85403 0
    endloop
  endfacet
  facet normal -0.860678 -0.509149 0
    outer loop
      vertex 27.9895 -3.85403 4
      vertex 28.2454 -4.28661 0
      vertex 28.2454 -4.28661 4
    endloop
  endfacet
  facet normal 0.960301 0.278965 0
    outer loop
      vertex 42.7487 1.98952 4
      vertex 42.6085 2.47214 0
      vertex 42.6085 2.47214 4
    endloop
  endfacet
  facet normal 0.960301 0.278965 0
    outer loop
      vertex 42.6085 2.47214 0
      vertex 42.7487 1.98952 4
      vertex 42.7487 1.98952 0
    endloop
  endfacet
  facet normal -0.338712 0.94089 0
    outer loop
      vertex 32.5279 7.60845 0
      vertex 32.055 7.43821 4
      vertex 32.5279 7.60845 4
    endloop
  endfacet
  facet normal -0.338712 0.94089 0
    outer loop
      vertex 32.055 7.43821 4
      vertex 32.5279 7.60845 0
      vertex 32.055 7.43821 0
    endloop
  endfacet
  facet normal -0.707176 -0.707037 0
    outer loop
      vertex 29.5236 -5.83175 0
      vertex 29.1683 -5.47638 4
      vertex 29.1683 -5.47638 0
    endloop
  endfacet
  facet normal -0.707176 -0.707037 0
    outer loop
      vertex 29.1683 -5.47638 4
      vertex 29.5236 -5.83175 0
      vertex 29.5236 -5.83175 4
    endloop
  endfacet
  facet normal 0.453998 -0.891003 0
    outer loop
      vertex 38.4062 -7.23862 0
      vertex 38.854 -7.01045 4
      vertex 38.4062 -7.23862 4
    endloop
  endfacet
  facet normal 0.453998 -0.891003 0
    outer loop
      vertex 38.854 -7.01045 4
      vertex 38.4062 -7.23862 0
      vertex 38.854 -7.01045 0
    endloop
  endfacet
  facet normal -0.0940852 0.995564 0
    outer loop
      vertex 34.4977 7.98421 0
      vertex 33.9973 7.93692 4
      vertex 34.4977 7.98421 4
    endloop
  endfacet
  facet normal -0.0940852 0.995564 0
    outer loop
      vertex 33.9973 7.93692 4
      vertex 34.4977 7.98421 0
      vertex 33.9973 7.93692 0
    endloop
  endfacet
  facet normal 0.790184 0.61287 0
    outer loop
      vertex 41.4721 4.70228 4
      vertex 41.1641 5.09939 0
      vertex 41.1641 5.09939 4
    endloop
  endfacet
  facet normal 0.790184 0.61287 0
    outer loop
      vertex 41.1641 5.09939 0
      vertex 41.4721 4.70228 4
      vertex 41.4721 4.70228 0
    endloop
  endfacet
  facet normal 0.6613 0.750121 -0
    outer loop
      vertex 40.4764 5.83175 0
      vertex 40.0994 6.16411 4
      vertex 40.4764 5.83175 4
    endloop
  endfacet
  facet normal 0.6613 0.750121 0
    outer loop
      vertex 40.0994 6.16411 4
      vertex 40.4764 5.83175 0
      vertex 40.0994 6.16411 0
    endloop
  endfacet
  facet normal -0.0314199 0.999506 0
    outer loop
      vertex 35 8 0
      vertex 34.4977 7.98421 4
      vertex 35 8 4
    endloop
  endfacet
  facet normal -0.0314199 0.999506 0
    outer loop
      vertex 34.4977 7.98421 4
      vertex 35 8 0
      vertex 34.4977 7.98421 0
    endloop
  endfacet
  facet normal 0.960301 -0.278965 0
    outer loop
      vertex 42.6085 -2.47214 4
      vertex 42.7487 -1.98952 0
      vertex 42.7487 -1.98952 4
    endloop
  endfacet
  facet normal 0.960301 -0.278965 0
    outer loop
      vertex 42.7487 -1.98952 0
      vertex 42.6085 -2.47214 4
      vertex 42.6085 -2.47214 0
    endloop
  endfacet
  facet normal 0.397166 -0.917747 0
    outer loop
      vertex 37.945 -7.43821 0
      vertex 38.4062 -7.23862 4
      vertex 37.945 -7.43821 4
    endloop
  endfacet
  facet normal 0.397166 -0.917747 0
    outer loop
      vertex 38.4062 -7.23862 4
      vertex 37.945 -7.43821 0
      vertex 38.4062 -7.23862 0
    endloop
  endfacet
  facet normal 0.0314199 -0.999506 0
    outer loop
      vertex 35 -8 0
      vertex 35.5023 -7.98421 4
      vertex 35 -8 4
    endloop
  endfacet
  facet normal 0.0314199 -0.999506 0
    outer loop
      vertex 35.5023 -7.98421 4
      vertex 35 -8 0
      vertex 35.5023 -7.98421 0
    endloop
  endfacet
  facet normal 0.453998 0.891003 -0
    outer loop
      vertex 38.854 7.01045 0
      vertex 38.4062 7.23862 4
      vertex 38.854 7.01045 4
    endloop
  endfacet
  facet normal 0.453998 0.891003 0
    outer loop
      vertex 38.4062 7.23862 4
      vertex 38.854 7.01045 0
      vertex 38.4062 7.23862 0
    endloop
  endfacet
  facet normal 0.218186 -0.975907 0
    outer loop
      vertex 36.4991 -7.8583 0
      vertex 36.9895 -7.74866 4
      vertex 36.4991 -7.8583 4
    endloop
  endfacet
  facet normal 0.218186 -0.975907 0
    outer loop
      vertex 36.9895 -7.74866 4
      vertex 36.4991 -7.8583 0
      vertex 36.9895 -7.74866 0
    endloop
  endfacet
  facet normal -0.960301 -0.278965 0
    outer loop
      vertex 27.3915 -2.47214 0
      vertex 27.2513 -1.98952 4
      vertex 27.2513 -1.98952 0
    endloop
  endfacet
  facet normal -0.960301 -0.278965 0
    outer loop
      vertex 27.2513 -1.98952 4
      vertex 27.3915 -2.47214 0
      vertex 27.3915 -2.47214 4
    endloop
  endfacet
  facet normal -0.338712 -0.94089 0
    outer loop
      vertex 32.055 -7.43821 0
      vertex 32.5279 -7.60845 4
      vertex 32.055 -7.43821 4
    endloop
  endfacet
  facet normal -0.338712 -0.94089 -0
    outer loop
      vertex 32.5279 -7.60845 4
      vertex 32.055 -7.43821 0
      vertex 32.5279 -7.60845 0
    endloop
  endfacet
  facet normal -0.562043 0.827108 0
    outer loop
      vertex 30.7134 6.75462 0
      vertex 30.2977 6.47214 4
      vertex 30.7134 6.75462 4
    endloop
  endfacet
  facet normal -0.562043 0.827108 0
    outer loop
      vertex 30.2977 6.47214 4
      vertex 30.7134 6.75462 0
      vertex 30.2977 6.47214 0
    endloop
  endfacet
  facet normal 0.0314199 0.999506 -0
    outer loop
      vertex 35.5023 7.98421 0
      vertex 35 8 4
      vertex 35.5023 7.98421 4
    endloop
  endfacet
  facet normal 0.0314199 0.999506 0
    outer loop
      vertex 35 8 4
      vertex 35.5023 7.98421 0
      vertex 35 8 0
    endloop
  endfacet
  facet normal -0.82707 0.562098 0
    outer loop
      vertex 28.2454 4.28661 0
      vertex 28.5279 4.70228 4
      vertex 28.5279 4.70228 0
    endloop
  endfacet
  facet normal -0.82707 0.562098 0
    outer loop
      vertex 28.5279 4.70228 4
      vertex 28.2454 4.28661 0
      vertex 28.2454 4.28661 4
    endloop
  endfacet
  facet normal -0.397166 0.917747 0
    outer loop
      vertex 32.055 7.43821 0
      vertex 31.5938 7.23862 4
      vertex 32.055 7.43821 4
    endloop
  endfacet
  facet normal -0.397166 0.917747 0
    outer loop
      vertex 31.5938 7.23862 4
      vertex 32.055 7.43821 0
      vertex 31.5938 7.23862 0
    endloop
  endfacet
  facet normal 0.917749 0.397161 0
    outer loop
      vertex 42.4382 2.945 4
      vertex 42.2386 3.40623 0
      vertex 42.2386 3.40623 4
    endloop
  endfacet
  facet normal 0.917749 0.397161 0
    outer loop
      vertex 42.2386 3.40623 0
      vertex 42.4382 2.945 4
      vertex 42.4382 2.945 0
    endloop
  endfacet
  facet normal 0.338712 -0.94089 0
    outer loop
      vertex 37.4721 -7.60845 0
      vertex 37.945 -7.43821 4
      vertex 37.4721 -7.60845 4
    endloop
  endfacet
  facet normal 0.338712 -0.94089 0
    outer loop
      vertex 37.945 -7.43821 4
      vertex 37.4721 -7.60845 0
      vertex 37.945 -7.43821 0
    endloop
  endfacet
  facet normal 0.891059 -0.453887 0
    outer loop
      vertex 42.0105 -3.85403 4
      vertex 42.2386 -3.40623 0
      vertex 42.2386 -3.40623 4
    endloop
  endfacet
  facet normal 0.891059 -0.453887 0
    outer loop
      vertex 42.2386 -3.40623 0
      vertex 42.0105 -3.85403 4
      vertex 42.0105 -3.85403 0
    endloop
  endfacet
  facet normal 0.82707 0.562098 0
    outer loop
      vertex 41.7546 4.28661 4
      vertex 41.4721 4.70228 0
      vertex 41.4721 4.70228 4
    endloop
  endfacet
  facet normal 0.82707 0.562098 0
    outer loop
      vertex 41.4721 4.70228 0
      vertex 41.7546 4.28661 4
      vertex 41.7546 4.28661 0
    endloop
  endfacet
  facet normal 0.612917 0.790148 -0
    outer loop
      vertex 40.0994 6.16411 0
      vertex 39.7023 6.47214 4
      vertex 40.0994 6.16411 4
    endloop
  endfacet
  facet normal 0.612917 0.790148 0
    outer loop
      vertex 39.7023 6.47214 4
      vertex 40.0994 6.16411 0
      vertex 39.7023 6.47214 0
    endloop
  endfacet
  facet normal -0.917749 -0.397161 0
    outer loop
      vertex 27.7614 -3.40623 0
      vertex 27.5618 -2.945 4
      vertex 27.5618 -2.945 0
    endloop
  endfacet
  facet normal -0.917749 -0.397161 0
    outer loop
      vertex 27.5618 -2.945 4
      vertex 27.7614 -3.40623 0
      vertex 27.7614 -3.40623 4
    endloop
  endfacet
  facet normal -0.218186 -0.975907 0
    outer loop
      vertex 33.0105 -7.74866 0
      vertex 33.5009 -7.8583 4
      vertex 33.0105 -7.74866 4
    endloop
  endfacet
  facet normal -0.218186 -0.975907 -0
    outer loop
      vertex 33.5009 -7.8583 4
      vertex 33.0105 -7.74866 0
      vertex 33.5009 -7.8583 0
    endloop
  endfacet
  facet normal -0.975926 -0.218104 0
    outer loop
      vertex 27.2513 -1.98952 0
      vertex 27.1419 -1.5 4
      vertex 27.1419 -1.5 0
    endloop
  endfacet
  facet normal -0.975926 -0.218104 0
    outer loop
      vertex 27.1419 -1.5 4
      vertex 27.2513 -1.98952 0
      vertex 27.2513 -1.98952 4
    endloop
  endfacet
  facet normal 0.509028 0.86075 -0
    outer loop
      vertex 39.2866 6.75462 0
      vertex 38.854 7.01045 4
      vertex 39.2866 6.75462 4
    endloop
  endfacet
  facet normal 0.509028 0.86075 0
    outer loop
      vertex 38.854 7.01045 4
      vertex 39.2866 6.75462 0
      vertex 38.854 7.01045 0
    endloop
  endfacet
  facet normal -0.562043 -0.827108 0
    outer loop
      vertex 30.2977 -6.47214 0
      vertex 30.7134 -6.75462 4
      vertex 30.2977 -6.47214 4
    endloop
  endfacet
  facet normal -0.562043 -0.827108 -0
    outer loop
      vertex 30.7134 -6.75462 4
      vertex 30.2977 -6.47214 0
      vertex 30.7134 -6.75462 0
    endloop
  endfacet
  facet normal 0.860678 0.509149 0
    outer loop
      vertex 42.0105 3.85403 4
      vertex 41.7546 4.28661 0
      vertex 41.7546 4.28661 4
    endloop
  endfacet
  facet normal 0.860678 0.509149 0
    outer loop
      vertex 41.7546 4.28661 0
      vertex 42.0105 3.85403 4
      vertex 42.0105 3.85403 0
    endloop
  endfacet
  facet normal 0.338712 0.94089 -0
    outer loop
      vertex 37.945 7.43821 0
      vertex 37.4721 7.60845 4
      vertex 37.945 7.43821 4
    endloop
  endfacet
  facet normal 0.338712 0.94089 0
    outer loop
      vertex 37.4721 7.60845 4
      vertex 37.945 7.43821 0
      vertex 37.4721 7.60845 0
    endloop
  endfacet
  facet normal -0.218186 0.975907 0
    outer loop
      vertex 33.5009 7.8583 0
      vertex 33.0105 7.74866 4
      vertex 33.5009 7.8583 4
    endloop
  endfacet
  facet normal -0.218186 0.975907 0
    outer loop
      vertex 33.0105 7.74866 4
      vertex 33.5009 7.8583 0
      vertex 33.0105 7.74866 0
    endloop
  endfacet
  facet normal 0.750073 -0.661355 0
    outer loop
      vertex 40.8317 -5.47638 4
      vertex 41.1641 -5.09939 0
      vertex 41.1641 -5.09939 4
    endloop
  endfacet
  facet normal 0.750073 -0.661355 0
    outer loop
      vertex 41.1641 -5.09939 0
      vertex 40.8317 -5.47638 4
      vertex 40.8317 -5.47638 0
    endloop
  endfacet
  facet normal 0.6613 -0.750121 0
    outer loop
      vertex 40.0994 -6.16411 0
      vertex 40.4764 -5.83175 4
      vertex 40.0994 -6.16411 4
    endloop
  endfacet
  facet normal 0.6613 -0.750121 0
    outer loop
      vertex 40.4764 -5.83175 4
      vertex 40.0994 -6.16411 0
      vertex 40.4764 -5.83175 0
    endloop
  endfacet
  facet normal -0.0314199 -0.999506 0
    outer loop
      vertex 34.4977 -7.98421 0
      vertex 35 -8 4
      vertex 34.4977 -7.98421 4
    endloop
  endfacet
  facet normal -0.0314199 -0.999506 -0
    outer loop
      vertex 35 -8 4
      vertex 34.4977 -7.98421 0
      vertex 35 -8 0
    endloop
  endfacet
  facet normal -0.453998 0.891003 0
    outer loop
      vertex 31.5938 7.23862 0
      vertex 31.146 7.01045 4
      vertex 31.5938 7.23862 4
    endloop
  endfacet
  facet normal -0.453998 0.891003 0
    outer loop
      vertex 31.146 7.01045 4
      vertex 31.5938 7.23862 0
      vertex 31.146 7.01045 0
    endloop
  endfacet
  facet normal -0.278994 0.960293 0
    outer loop
      vertex 33.0105 7.74866 0
      vertex 32.5279 7.60845 4
      vertex 33.0105 7.74866 4
    endloop
  endfacet
  facet normal -0.278994 0.960293 0
    outer loop
      vertex 32.5279 7.60845 4
      vertex 33.0105 7.74866 0
      vertex 32.5279 7.60845 0
    endloop
  endfacet
  facet normal -0.960301 0.278965 0
    outer loop
      vertex 27.2513 1.98952 0
      vertex 27.3915 2.47214 4
      vertex 27.3915 2.47214 0
    endloop
  endfacet
  facet normal -0.960301 0.278965 0
    outer loop
      vertex 27.3915 2.47214 4
      vertex 27.2513 1.98952 0
      vertex 27.2513 1.98952 4
    endloop
  endfacet
  facet normal -0.975926 0.218104 0
    outer loop
      vertex 27.1419 1.5 0
      vertex 27.2513 1.98952 4
      vertex 27.2513 1.98952 0
    endloop
  endfacet
  facet normal -0.975926 0.218104 0
    outer loop
      vertex 27.2513 1.98952 4
      vertex 27.1419 1.5 0
      vertex 27.1419 1.5 4
    endloop
  endfacet
  facet normal 0.891059 0.453887 0
    outer loop
      vertex 42.2386 3.40623 4
      vertex 42.0105 3.85403 0
      vertex 42.0105 3.85403 4
    endloop
  endfacet
  facet normal 0.891059 0.453887 0
    outer loop
      vertex 42.0105 3.85403 0
      vertex 42.2386 3.40623 4
      vertex 42.2386 3.40623 0
    endloop
  endfacet
  facet normal 0.509028 -0.86075 0
    outer loop
      vertex 38.854 -7.01045 0
      vertex 39.2866 -6.75462 4
      vertex 38.854 -7.01045 4
    endloop
  endfacet
  facet normal 0.509028 -0.86075 0
    outer loop
      vertex 39.2866 -6.75462 4
      vertex 38.854 -7.01045 0
      vertex 39.2866 -6.75462 0
    endloop
  endfacet
  facet normal -0.891059 -0.453887 0
    outer loop
      vertex 27.9895 -3.85403 0
      vertex 27.7614 -3.40623 4
      vertex 27.7614 -3.40623 0
    endloop
  endfacet
  facet normal -0.891059 -0.453887 0
    outer loop
      vertex 27.7614 -3.40623 4
      vertex 27.9895 -3.85403 0
      vertex 27.9895 -3.85403 4
    endloop
  endfacet
  facet normal -0.707176 0.707037 0
    outer loop
      vertex 29.1683 5.47638 0
      vertex 29.5236 5.83175 4
      vertex 29.5236 5.83175 0
    endloop
  endfacet
  facet normal -0.707176 0.707037 0
    outer loop
      vertex 29.5236 5.83175 4
      vertex 29.1683 5.47638 0
      vertex 29.1683 5.47638 4
    endloop
  endfacet
  facet normal -0.940843 -0.338843 0
    outer loop
      vertex 27.5618 -2.945 0
      vertex 27.3915 -2.47214 4
      vertex 27.3915 -2.47214 0
    endloop
  endfacet
  facet normal -0.940843 -0.338843 0
    outer loop
      vertex 27.3915 -2.47214 4
      vertex 27.5618 -2.945 0
      vertex 27.5618 -2.945 4
    endloop
  endfacet
  facet normal 0.975926 -0.218104 0
    outer loop
      vertex 42.7487 -1.98952 4
      vertex 42.8581 -1.5 0
      vertex 42.8581 -1.5 4
    endloop
  endfacet
  facet normal 0.975926 -0.218104 0
    outer loop
      vertex 42.8581 -1.5 0
      vertex 42.7487 -1.98952 4
      vertex 42.7487 -1.98952 0
    endloop
  endfacet
  facet normal 0.0940852 0.995564 -0
    outer loop
      vertex 36.0027 7.93692 0
      vertex 35.5023 7.98421 4
      vertex 36.0027 7.93692 4
    endloop
  endfacet
  facet normal 0.0940852 0.995564 0
    outer loop
      vertex 35.5023 7.98421 4
      vertex 36.0027 7.93692 0
      vertex 35.5023 7.98421 0
    endloop
  endfacet
  facet normal -0.790184 -0.61287 0
    outer loop
      vertex 28.8359 -5.09939 0
      vertex 28.5279 -4.70228 4
      vertex 28.5279 -4.70228 0
    endloop
  endfacet
  facet normal -0.790184 -0.61287 0
    outer loop
      vertex 28.5279 -4.70228 4
      vertex 28.8359 -5.09939 0
      vertex 28.8359 -5.09939 4
    endloop
  endfacet
  facet normal 0.940843 -0.338843 0
    outer loop
      vertex 42.4382 -2.945 4
      vertex 42.6085 -2.47214 0
      vertex 42.6085 -2.47214 4
    endloop
  endfacet
  facet normal 0.940843 -0.338843 0
    outer loop
      vertex 42.6085 -2.47214 0
      vertex 42.4382 -2.945 4
      vertex 42.4382 -2.945 0
    endloop
  endfacet
  facet normal 0.975926 0.218104 0
    outer loop
      vertex 42.8581 1.5 4
      vertex 42.7487 1.98952 0
      vertex 42.7487 1.98952 4
    endloop
  endfacet
  facet normal 0.975926 0.218104 0
    outer loop
      vertex 42.7487 1.98952 0
      vertex 42.8581 1.5 4
      vertex 42.8581 1.5 0
    endloop
  endfacet
  facet normal 0.0940852 -0.995564 0
    outer loop
      vertex 35.5023 -7.98421 0
      vertex 36.0027 -7.93692 4
      vertex 35.5023 -7.98421 4
    endloop
  endfacet
  facet normal 0.0940852 -0.995564 0
    outer loop
      vertex 36.0027 -7.93692 4
      vertex 35.5023 -7.98421 0
      vertex 36.0027 -7.93692 0
    endloop
  endfacet
  facet normal 0.790184 -0.61287 0
    outer loop
      vertex 41.1641 -5.09939 4
      vertex 41.4721 -4.70228 0
      vertex 41.4721 -4.70228 4
    endloop
  endfacet
  facet normal 0.790184 -0.61287 0
    outer loop
      vertex 41.4721 -4.70228 0
      vertex 41.1641 -5.09939 4
      vertex 41.1641 -5.09939 0
    endloop
  endfacet
  facet normal -0.453998 -0.891003 0
    outer loop
      vertex 31.146 -7.01045 0
      vertex 31.5938 -7.23862 4
      vertex 31.146 -7.01045 4
    endloop
  endfacet
  facet normal -0.453998 -0.891003 -0
    outer loop
      vertex 31.5938 -7.23862 4
      vertex 31.146 -7.01045 0
      vertex 31.5938 -7.23862 0
    endloop
  endfacet
  facet normal -0.278994 -0.960293 0
    outer loop
      vertex 32.5279 -7.60845 0
      vertex 33.0105 -7.74866 4
      vertex 32.5279 -7.60845 4
    endloop
  endfacet
  facet normal -0.278994 -0.960293 -0
    outer loop
      vertex 33.0105 -7.74866 4
      vertex 32.5279 -7.60845 0
      vertex 33.0105 -7.74866 0
    endloop
  endfacet
  facet normal 0.707176 0.707037 -0
    outer loop
      vertex 40.8317 5.47638 0
      vertex 40.4764 5.83175 4
      vertex 40.8317 5.47638 4
    endloop
  endfacet
  facet normal 0.707176 0.707037 0
    outer loop
      vertex 40.4764 5.83175 4
      vertex 40.8317 5.47638 0
      vertex 40.4764 5.83175 0
    endloop
  endfacet
  facet normal 0.397166 0.917747 -0
    outer loop
      vertex 38.4062 7.23862 0
      vertex 37.945 7.43821 4
      vertex 38.4062 7.23862 4
    endloop
  endfacet
  facet normal 0.397166 0.917747 0
    outer loop
      vertex 37.945 7.43821 4
      vertex 38.4062 7.23862 0
      vertex 37.945 7.43821 0
    endloop
  endfacet
  facet normal -0.156431 0.987689 0
    outer loop
      vertex 33.9973 7.93692 0
      vertex 33.5009 7.8583 4
      vertex 33.9973 7.93692 4
    endloop
  endfacet
  facet normal -0.156431 0.987689 0
    outer loop
      vertex 33.5009 7.8583 4
      vertex 33.9973 7.93692 0
      vertex 33.5009 7.8583 0
    endloop
  endfacet
  facet normal 0.940843 0.338843 0
    outer loop
      vertex 42.6085 2.47214 4
      vertex 42.4382 2.945 0
      vertex 42.4382 2.945 4
    endloop
  endfacet
  facet normal 0.940843 0.338843 0
    outer loop
      vertex 42.4382 2.945 0
      vertex 42.6085 2.47214 4
      vertex 42.6085 2.47214 0
    endloop
  endfacet
  facet normal 0.278994 -0.960293 0
    outer loop
      vertex 36.9895 -7.74866 0
      vertex 37.4721 -7.60845 4
      vertex 36.9895 -7.74866 4
    endloop
  endfacet
  facet normal 0.278994 -0.960293 0
    outer loop
      vertex 37.4721 -7.60845 4
      vertex 36.9895 -7.74866 0
      vertex 37.4721 -7.60845 0
    endloop
  endfacet
  facet normal 0.562043 0.827108 -0
    outer loop
      vertex 39.7023 6.47214 0
      vertex 39.2866 6.75462 4
      vertex 39.7023 6.47214 4
    endloop
  endfacet
  facet normal 0.562043 0.827108 0
    outer loop
      vertex 39.2866 6.75462 4
      vertex 39.7023 6.47214 0
      vertex 39.2866 6.75462 0
    endloop
  endfacet
  facet normal 0.156431 -0.987689 0
    outer loop
      vertex 36.0027 -7.93692 0
      vertex 36.4991 -7.8583 4
      vertex 36.0027 -7.93692 4
    endloop
  endfacet
  facet normal 0.156431 -0.987689 0
    outer loop
      vertex 36.4991 -7.8583 4
      vertex 36.0027 -7.93692 0
      vertex 36.4991 -7.8583 0
    endloop
  endfacet
  facet normal 0.562043 -0.827108 0
    outer loop
      vertex 39.2866 -6.75462 0
      vertex 39.7023 -6.47214 4
      vertex 39.2866 -6.75462 4
    endloop
  endfacet
  facet normal 0.562043 -0.827108 0
    outer loop
      vertex 39.7023 -6.47214 4
      vertex 39.2866 -6.75462 0
      vertex 39.7023 -6.47214 0
    endloop
  endfacet
  facet normal -0.750073 -0.661355 0
    outer loop
      vertex 29.1683 -5.47638 0
      vertex 28.8359 -5.09939 4
      vertex 28.8359 -5.09939 0
    endloop
  endfacet
  facet normal -0.750073 -0.661355 0
    outer loop
      vertex 28.8359 -5.09939 4
      vertex 29.1683 -5.47638 0
      vertex 29.1683 -5.47638 4
    endloop
  endfacet
  facet normal -0.6613 -0.750121 0
    outer loop
      vertex 29.5236 -5.83175 0
      vertex 29.9006 -6.16411 4
      vertex 29.5236 -5.83175 4
    endloop
  endfacet
  facet normal -0.6613 -0.750121 -0
    outer loop
      vertex 29.9006 -6.16411 4
      vertex 29.5236 -5.83175 0
      vertex 29.9006 -6.16411 0
    endloop
  endfacet
  facet normal -0.509028 0.86075 0
    outer loop
      vertex 31.146 7.01045 0
      vertex 30.7134 6.75462 4
      vertex 31.146 7.01045 4
    endloop
  endfacet
  facet normal -0.509028 0.86075 0
    outer loop
      vertex 30.7134 6.75462 4
      vertex 31.146 7.01045 0
      vertex 30.7134 6.75462 0
    endloop
  endfacet
  facet normal 0.82707 -0.562098 0
    outer loop
      vertex 41.4721 -4.70228 4
      vertex 41.7546 -4.28661 0
      vertex 41.7546 -4.28661 4
    endloop
  endfacet
  facet normal 0.82707 -0.562098 0
    outer loop
      vertex 41.7546 -4.28661 0
      vertex 41.4721 -4.70228 4
      vertex 41.4721 -4.70228 0
    endloop
  endfacet
  facet normal -0.917749 0.397161 0
    outer loop
      vertex 27.5618 2.945 0
      vertex 27.7614 3.40623 4
      vertex 27.7614 3.40623 0
    endloop
  endfacet
  facet normal -0.917749 0.397161 0
    outer loop
      vertex 27.7614 3.40623 4
      vertex 27.5618 2.945 0
      vertex 27.5618 2.945 4
    endloop
  endfacet
  facet normal 0.218186 0.975907 -0
    outer loop
      vertex 36.9895 7.74866 0
      vertex 36.4991 7.8583 4
      vertex 36.9895 7.74866 4
    endloop
  endfacet
  facet normal 0.218186 0.975907 0
    outer loop
      vertex 36.4991 7.8583 4
      vertex 36.9895 7.74866 0
      vertex 36.4991 7.8583 0
    endloop
  endfacet
  facet normal 0.917749 -0.397161 0
    outer loop
      vertex 42.2386 -3.40623 4
      vertex 42.4382 -2.945 0
      vertex 42.4382 -2.945 4
    endloop
  endfacet
  facet normal 0.917749 -0.397161 0
    outer loop
      vertex 42.4382 -2.945 0
      vertex 42.2386 -3.40623 4
      vertex 42.2386 -3.40623 0
    endloop
  endfacet
  facet normal -0.156431 -0.987689 0
    outer loop
      vertex 33.5009 -7.8583 0
      vertex 33.9973 -7.93692 4
      vertex 33.5009 -7.8583 4
    endloop
  endfacet
  facet normal -0.156431 -0.987689 -0
    outer loop
      vertex 33.9973 -7.93692 4
      vertex 33.5009 -7.8583 0
      vertex 33.9973 -7.93692 0
    endloop
  endfacet
  facet normal -0.397166 -0.917747 0
    outer loop
      vertex 31.5938 -7.23862 0
      vertex 32.055 -7.43821 4
      vertex 31.5938 -7.23862 4
    endloop
  endfacet
  facet normal -0.397166 -0.917747 -0
    outer loop
      vertex 32.055 -7.43821 4
      vertex 31.5938 -7.23862 0
      vertex 32.055 -7.43821 0
    endloop
  endfacet
  facet normal 0.707176 -0.707037 0
    outer loop
      vertex 40.4764 -5.83175 0
      vertex 40.8317 -5.47638 4
      vertex 40.4764 -5.83175 4
    endloop
  endfacet
  facet normal 0.707176 -0.707037 0
    outer loop
      vertex 40.8317 -5.47638 4
      vertex 40.4764 -5.83175 0
      vertex 40.8317 -5.47638 0
    endloop
  endfacet
  facet normal 0.156431 0.987689 -0
    outer loop
      vertex 36.4991 7.8583 0
      vertex 36.0027 7.93692 4
      vertex 36.4991 7.8583 4
    endloop
  endfacet
  facet normal 0.156431 0.987689 0
    outer loop
      vertex 36.0027 7.93692 4
      vertex 36.4991 7.8583 0
      vertex 36.0027 7.93692 0
    endloop
  endfacet
  facet normal -0.82707 -0.562098 0
    outer loop
      vertex 28.5279 -4.70228 0
      vertex 28.2454 -4.28661 4
      vertex 28.2454 -4.28661 0
    endloop
  endfacet
  facet normal -0.82707 -0.562098 0
    outer loop
      vertex 28.2454 -4.28661 4
      vertex 28.5279 -4.70228 0
      vertex 28.5279 -4.70228 4
    endloop
  endfacet
  facet normal -0.860678 0.509149 0
    outer loop
      vertex 27.9895 3.85403 0
      vertex 28.2454 4.28661 4
      vertex 28.2454 4.28661 0
    endloop
  endfacet
  facet normal -0.860678 0.509149 0
    outer loop
      vertex 28.2454 4.28661 4
      vertex 27.9895 3.85403 0
      vertex 27.9895 3.85403 4
    endloop
  endfacet
  facet normal 0.278994 0.960293 -0
    outer loop
      vertex 37.4721 7.60845 0
      vertex 36.9895 7.74866 4
      vertex 37.4721 7.60845 4
    endloop
  endfacet
  facet normal 0.278994 0.960293 0
    outer loop
      vertex 36.9895 7.74866 4
      vertex 37.4721 7.60845 0
      vertex 36.9895 7.74866 0
    endloop
  endfacet
  facet normal 0.860678 -0.509149 0
    outer loop
      vertex 41.7546 -4.28661 4
      vertex 42.0105 -3.85403 0
      vertex 42.0105 -3.85403 4
    endloop
  endfacet
  facet normal 0.860678 -0.509149 0
    outer loop
      vertex 42.0105 -3.85403 0
      vertex 41.7546 -4.28661 4
      vertex 41.7546 -4.28661 0
    endloop
  endfacet
  facet normal -0.0940852 -0.995564 0
    outer loop
      vertex 33.9973 -7.93692 0
      vertex 34.4977 -7.98421 4
      vertex 33.9973 -7.93692 4
    endloop
  endfacet
  facet normal -0.0940852 -0.995564 -0
    outer loop
      vertex 34.4977 -7.98421 4
      vertex 33.9973 -7.93692 0
      vertex 34.4977 -7.98421 0
    endloop
  endfacet
  facet normal -0.612917 -0.790148 0
    outer loop
      vertex 29.9006 -6.16411 0
      vertex 30.2977 -6.47214 4
      vertex 29.9006 -6.16411 4
    endloop
  endfacet
  facet normal -0.612917 -0.790148 -0
    outer loop
      vertex 30.2977 -6.47214 4
      vertex 29.9006 -6.16411 0
      vertex 30.2977 -6.47214 0
    endloop
  endfacet
  facet normal -0.6613 0.750121 0
    outer loop
      vertex 29.9006 6.16411 0
      vertex 29.5236 5.83175 4
      vertex 29.9006 6.16411 4
    endloop
  endfacet
  facet normal -0.6613 0.750121 0
    outer loop
      vertex 29.5236 5.83175 4
      vertex 29.9006 6.16411 0
      vertex 29.5236 5.83175 0
    endloop
  endfacet
  facet normal -0.612917 0.790148 0
    outer loop
      vertex 30.2977 6.47214 0
      vertex 29.9006 6.16411 4
      vertex 30.2977 6.47214 4
    endloop
  endfacet
  facet normal -0.612917 0.790148 0
    outer loop
      vertex 29.9006 6.16411 4
      vertex 30.2977 6.47214 0
      vertex 29.9006 6.16411 0
    endloop
  endfacet
  facet normal -0.940843 0.338843 0
    outer loop
      vertex 27.3915 2.47214 0
      vertex 27.5618 2.945 4
      vertex 27.5618 2.945 0
    endloop
  endfacet
  facet normal -0.940843 0.338843 0
    outer loop
      vertex 27.5618 2.945 4
      vertex 27.3915 2.47214 0
      vertex 27.3915 2.47214 4
    endloop
  endfacet
  facet normal -0.509028 -0.86075 0
    outer loop
      vertex 30.7134 -6.75462 0
      vertex 31.146 -7.01045 4
      vertex 30.7134 -6.75462 4
    endloop
  endfacet
  facet normal -0.509028 -0.86075 -0
    outer loop
      vertex 31.146 -7.01045 4
      vertex 30.7134 -6.75462 0
      vertex 31.146 -7.01045 0
    endloop
  endfacet
  facet normal 0.750073 0.661355 0
    outer loop
      vertex 41.1641 5.09939 4
      vertex 40.8317 5.47638 0
      vertex 40.8317 5.47638 4
    endloop
  endfacet
  facet normal 0.750073 0.661355 0
    outer loop
      vertex 40.8317 5.47638 0
      vertex 41.1641 5.09939 4
      vertex 41.1641 5.09939 0
    endloop
  endfacet
  facet normal -0.750073 0.661355 0
    outer loop
      vertex 28.8359 5.09939 0
      vertex 29.1683 5.47638 4
      vertex 29.1683 5.47638 0
    endloop
  endfacet
  facet normal -0.750073 0.661355 0
    outer loop
      vertex 29.1683 5.47638 4
      vertex 28.8359 5.09939 0
      vertex 28.8359 5.09939 4
    endloop
  endfacet
  facet normal -0.790184 0.61287 0
    outer loop
      vertex 28.5279 4.70228 0
      vertex 28.8359 5.09939 4
      vertex 28.8359 5.09939 0
    endloop
  endfacet
  facet normal -0.790184 0.61287 0
    outer loop
      vertex 28.8359 5.09939 4
      vertex 28.5279 4.70228 0
      vertex 28.5279 4.70228 4
    endloop
  endfacet
  facet normal -0.891059 0.453887 0
    outer loop
      vertex 27.7614 3.40623 0
      vertex 27.9895 3.85403 4
      vertex 27.9895 3.85403 0
    endloop
  endfacet
  facet normal -0.891059 0.453887 0
    outer loop
      vertex 27.9895 3.85403 4
      vertex 27.7614 3.40623 0
      vertex 27.7614 3.40623 4
    endloop
  endfacet
  facet normal 0.612917 -0.790148 0
    outer loop
      vertex 39.7023 -6.47214 0
      vertex 40.0994 -6.16411 4
      vertex 39.7023 -6.47214 4
    endloop
  endfacet
  facet normal 0.612917 -0.790148 0
    outer loop
      vertex 40.0994 -6.16411 4
      vertex 39.7023 -6.47214 0
      vertex 40.0994 -6.16411 0
    endloop
  endfacet
  facet normal -0.99558 -0.0939189 0
    outer loop
      vertex -31.0079 0.251162 0
      vertex -31.0315 0.501332 4
      vertex -31.0315 0.501332 0
    endloop
  endfacet
  facet normal -0.99558 -0.0939189 0
    outer loop
      vertex -31.0315 0.501332 4
      vertex -31.0079 0.251162 0
      vertex -31.0079 0.251162 4
    endloop
  endfacet
  facet normal -0.999506 -0.0314383 0
    outer loop
      vertex -31 0 0
      vertex -31.0079 0.251162 4
      vertex -31.0079 0.251162 0
    endloop
  endfacet
  facet normal -0.999506 -0.0314383 0
    outer loop
      vertex -31.0079 0.251162 4
      vertex -31 0 0
      vertex -31 0 4
    endloop
  endfacet
  facet normal -0.987633 -0.156784 0
    outer loop
      vertex -31.0315 0.501332 0
      vertex -31.0709 0.749525 4
      vertex -31.0709 0.749525 0
    endloop
  endfacet
  facet normal -0.987633 -0.156784 0
    outer loop
      vertex -31.0709 0.749525 4
      vertex -31.0315 0.501332 0
      vertex -31.0315 0.501332 4
    endloop
  endfacet
  facet normal 0.987633 -0.156784 0
    outer loop
      vertex -38.9685 0.501332 4
      vertex -38.9291 0.749525 0
      vertex -38.9291 0.749525 4
    endloop
  endfacet
  facet normal 0.987633 -0.156784 0
    outer loop
      vertex -38.9291 0.749525 0
      vertex -38.9685 0.501332 4
      vertex -38.9685 0.501332 0
    endloop
  endfacet
  facet normal 0.827157 0.561971 0
    outer loop
      vertex -38.2361 -2.35114 4
      vertex -38.3773 -2.14331 0
      vertex -38.3773 -2.14331 4
    endloop
  endfacet
  facet normal 0.827157 0.561971 0
    outer loop
      vertex -38.3773 -2.14331 0
      vertex -38.2361 -2.35114 4
      vertex -38.2361 -2.35114 0
    endloop
  endfacet
  facet normal 0.960301 -0.278964 0
    outer loop
      vertex -38.8743 0.994759 4
      vertex -38.8042 1.23607 0
      vertex -38.8042 1.23607 4
    endloop
  endfacet
  facet normal 0.960301 -0.278964 0
    outer loop
      vertex -38.8042 1.23607 0
      vertex -38.8743 0.994759 4
      vertex -38.8743 0.994759 0
    endloop
  endfacet
  facet normal 0.750064 -0.661365 0
    outer loop
      vertex -38.0821 2.5497 4
      vertex -37.9159 2.73819 0
      vertex -37.9159 2.73819 4
    endloop
  endfacet
  facet normal 0.750064 -0.661365 0
    outer loop
      vertex -37.9159 2.73819 0
      vertex -38.0821 2.5497 4
      vertex -38.0821 2.5497 0
    endloop
  endfacet
  facet normal -0.707067 0.707147 0
    outer loop
      vertex -32.2618 -2.91587 0
      vertex -32.0841 -2.73819 4
      vertex -32.0841 -2.73819 0
    endloop
  endfacet
  facet normal -0.707067 0.707147 0
    outer loop
      vertex -32.0841 -2.73819 4
      vertex -32.2618 -2.91587 0
      vertex -32.2618 -2.91587 4
    endloop
  endfacet
  facet normal 0.99558 0.0939189 0
    outer loop
      vertex -38.9685 -0.501332 4
      vertex -38.9921 -0.251162 0
      vertex -38.9921 -0.251162 4
    endloop
  endfacet
  facet normal 0.99558 0.0939189 0
    outer loop
      vertex -38.9921 -0.251162 0
      vertex -38.9685 -0.501332 4
      vertex -38.9685 -0.501332 0
    endloop
  endfacet
  facet normal 0.338776 0.940867 -0
    outer loop
      vertex -36.2361 -3.80423 0
      vertex -36.4725 -3.71911 4
      vertex -36.2361 -3.80423 4
    endloop
  endfacet
  facet normal 0.338776 0.940867 0
    outer loop
      vertex -36.4725 -3.71911 4
      vertex -36.2361 -3.80423 0
      vertex -36.4725 -3.71911 0
    endloop
  endfacet
  facet normal -0.509043 0.860741 0
    outer loop
      vertex -32.8567 -3.37731 0
      vertex -33.073 -3.50523 4
      vertex -32.8567 -3.37731 4
    endloop
  endfacet
  facet normal -0.509043 0.860741 0
    outer loop
      vertex -33.073 -3.50523 4
      vertex -32.8567 -3.37731 0
      vertex -33.073 -3.50523 0
    endloop
  endfacet
  facet normal 0.562136 -0.827045 0
    outer loop
      vertex -37.3511 3.23607 0
      vertex -37.1433 3.37731 4
      vertex -37.3511 3.23607 4
    endloop
  endfacet
  facet normal 0.562136 -0.827045 0
    outer loop
      vertex -37.1433 3.37731 4
      vertex -37.3511 3.23607 0
      vertex -37.1433 3.37731 0
    endloop
  endfacet
  facet normal -0.975931 -0.218081 0
    outer loop
      vertex -31.0709 0.749525 0
      vertex -31.1257 0.994759 4
      vertex -31.1257 0.994759 0
    endloop
  endfacet
  facet normal -0.975931 -0.218081 0
    outer loop
      vertex -31.1257 0.994759 4
      vertex -31.0709 0.749525 0
      vertex -31.0709 0.749525 4
    endloop
  endfacet
  facet normal -0.917752 -0.397154 0
    outer loop
      vertex -31.2809 1.4725 0
      vertex -31.3807 1.70312 4
      vertex -31.3807 1.70312 0
    endloop
  endfacet
  facet normal -0.917752 -0.397154 0
    outer loop
      vertex -31.3807 1.70312 4
      vertex -31.2809 1.4725 0
      vertex -31.2809 1.4725 4
    endloop
  endfacet
  facet normal 0.707067 0.707147 0
    outer loop
      vertex -37.7382 -2.91587 4
      vertex -37.9159 -2.73819 0
      vertex -37.9159 -2.73819 4
    endloop
  endfacet
  facet normal 0.707067 0.707147 0
    outer loop
      vertex -37.9159 -2.73819 0
      vertex -37.7382 -2.91587 4
      vertex -37.7382 -2.91587 0
    endloop
  endfacet
  facet normal -0.960301 -0.278964 0
    outer loop
      vertex -31.1257 0.994759 0
      vertex -31.1958 1.23607 4
      vertex -31.1958 1.23607 0
    endloop
  endfacet
  facet normal -0.960301 -0.278964 0
    outer loop
      vertex -31.1958 1.23607 4
      vertex -31.1257 0.994759 0
      vertex -31.1257 0.994759 4
    endloop
  endfacet
  facet normal 0.453982 0.891011 -0
    outer loop
      vertex -36.7031 -3.61931 0
      vertex -36.927 -3.50523 4
      vertex -36.7031 -3.61931 4
    endloop
  endfacet
  facet normal 0.453982 0.891011 0
    outer loop
      vertex -36.927 -3.50523 4
      vertex -36.7031 -3.61931 0
      vertex -36.927 -3.50523 0
    endloop
  endfacet
  facet normal -0.397183 -0.917739 0
    outer loop
      vertex -33.5275 3.71911 0
      vertex -33.2969 3.61931 4
      vertex -33.5275 3.71911 4
    endloop
  endfacet
  facet normal -0.397183 -0.917739 -0
    outer loop
      vertex -33.2969 3.61931 4
      vertex -33.5275 3.71911 0
      vertex -33.2969 3.61931 0
    endloop
  endfacet
  facet normal 0.917752 -0.397154 0
    outer loop
      vertex -38.7191 1.4725 4
      vertex -38.6193 1.70312 0
      vertex -38.6193 1.70312 4
    endloop
  endfacet
  facet normal 0.917752 -0.397154 0
    outer loop
      vertex -38.6193 1.70312 0
      vertex -38.7191 1.4725 4
      vertex -38.7191 1.4725 0
    endloop
  endfacet
  facet normal 0.338776 -0.940867 0
    outer loop
      vertex -36.4725 3.71911 0
      vertex -36.2361 3.80423 4
      vertex -36.4725 3.71911 4
    endloop
  endfacet
  facet normal 0.338776 -0.940867 0
    outer loop
      vertex -36.2361 3.80423 4
      vertex -36.4725 3.71911 0
      vertex -36.2361 3.80423 0
    endloop
  endfacet
  facet normal 0.975931 -0.218081 0
    outer loop
      vertex -38.9291 0.749525 4
      vertex -38.8743 0.994759 0
      vertex -38.8743 0.994759 4
    endloop
  endfacet
  facet normal 0.975931 -0.218081 0
    outer loop
      vertex -38.8743 0.994759 0
      vertex -38.9291 0.749525 4
      vertex -38.9291 0.749525 0
    endloop
  endfacet
  facet normal 0.218101 -0.975926 0
    outer loop
      vertex -35.9948 3.87433 0
      vertex -35.7495 3.92915 4
      vertex -35.9948 3.87433 4
    endloop
  endfacet
  facet normal 0.218101 -0.975926 0
    outer loop
      vertex -35.7495 3.92915 4
      vertex -35.9948 3.87433 0
      vertex -35.7495 3.92915 0
    endloop
  endfacet
  facet normal -0.338776 0.940867 0
    outer loop
      vertex -33.5275 -3.71911 0
      vertex -33.7639 -3.80423 4
      vertex -33.5275 -3.71911 4
    endloop
  endfacet
  facet normal -0.338776 0.940867 0
    outer loop
      vertex -33.7639 -3.80423 4
      vertex -33.5275 -3.71911 0
      vertex -33.7639 -3.80423 0
    endloop
  endfacet
  facet normal 0.940906 -0.338667 0
    outer loop
      vertex -38.8042 1.23607 4
      vertex -38.7191 1.4725 0
      vertex -38.7191 1.4725 4
    endloop
  endfacet
  facet normal 0.940906 -0.338667 0
    outer loop
      vertex -38.7191 1.4725 0
      vertex -38.8042 1.23607 4
      vertex -38.8042 1.23607 0
    endloop
  endfacet
  facet normal -0.827157 -0.561971 0
    outer loop
      vertex -31.6227 2.14331 0
      vertex -31.7639 2.35114 4
      vertex -31.7639 2.35114 0
    endloop
  endfacet
  facet normal -0.827157 -0.561971 0
    outer loop
      vertex -31.7639 2.35114 4
      vertex -31.6227 2.14331 0
      vertex -31.6227 2.14331 4
    endloop
  endfacet
  facet normal -0.397183 0.917739 0
    outer loop
      vertex -33.2969 -3.61931 0
      vertex -33.5275 -3.71911 4
      vertex -33.2969 -3.61931 4
    endloop
  endfacet
  facet normal -0.397183 0.917739 0
    outer loop
      vertex -33.5275 -3.71911 4
      vertex -33.2969 -3.61931 0
      vertex -33.5275 -3.71911 0
    endloop
  endfacet
  facet normal -0.453982 -0.891011 0
    outer loop
      vertex -33.2969 3.61931 0
      vertex -33.073 3.50523 4
      vertex -33.2969 3.61931 4
    endloop
  endfacet
  facet normal -0.453982 -0.891011 -0
    outer loop
      vertex -33.073 3.50523 4
      vertex -33.2969 3.61931 0
      vertex -33.073 3.50523 0
    endloop
  endfacet
  facet normal 0.156431 0.987689 -0
    outer loop
      vertex -35.5013 -3.96846 0
      vertex -35.7495 -3.92915 4
      vertex -35.5013 -3.96846 4
    endloop
  endfacet
  facet normal 0.156431 0.987689 0
    outer loop
      vertex -35.7495 -3.92915 4
      vertex -35.5013 -3.96846 0
      vertex -35.7495 -3.92915 0
    endloop
  endfacet
  facet normal 0.940906 0.338667 0
    outer loop
      vertex -38.7191 -1.4725 4
      vertex -38.8042 -1.23607 0
      vertex -38.8042 -1.23607 4
    endloop
  endfacet
  facet normal 0.940906 0.338667 0
    outer loop
      vertex -38.8042 -1.23607 0
      vertex -38.7191 -1.4725 4
      vertex -38.7191 -1.4725 0
    endloop
  endfacet
  facet normal -0.999506 0.0314383 0
    outer loop
      vertex -31.0079 -0.251162 0
      vertex -31 0 4
      vertex -31 0 0
    endloop
  endfacet
  facet normal -0.999506 0.0314383 0
    outer loop
      vertex -31 0 4
      vertex -31.0079 -0.251162 0
      vertex -31.0079 -0.251162 4
    endloop
  endfacet
  facet normal 0.156431 -0.987689 0
    outer loop
      vertex -35.7495 3.92915 0
      vertex -35.5013 3.96846 4
      vertex -35.7495 3.92915 4
    endloop
  endfacet
  facet normal 0.156431 -0.987689 0
    outer loop
      vertex -35.5013 3.96846 4
      vertex -35.7495 3.92915 0
      vertex -35.5013 3.96846 0
    endloop
  endfacet
  facet normal -0.890971 -0.454061 0
    outer loop
      vertex -31.3807 1.70312 0
      vertex -31.4948 1.92701 4
      vertex -31.4948 1.92701 0
    endloop
  endfacet
  facet normal -0.890971 -0.454061 0
    outer loop
      vertex -31.4948 1.92701 4
      vertex -31.3807 1.70312 0
      vertex -31.3807 1.70312 4
    endloop
  endfacet
  facet normal 0.509043 0.860741 -0
    outer loop
      vertex -36.927 -3.50523 0
      vertex -37.1433 -3.37731 4
      vertex -36.927 -3.50523 4
    endloop
  endfacet
  facet normal 0.509043 0.860741 0
    outer loop
      vertex -37.1433 -3.37731 4
      vertex -36.927 -3.50523 0
      vertex -37.1433 -3.37731 0
    endloop
  endfacet
  facet normal -0.0313938 -0.999507 0
    outer loop
      vertex -35 4 0
      vertex -34.7488 3.99211 4
      vertex -35 4 4
    endloop
  endfacet
  facet normal -0.0313938 -0.999507 -0
    outer loop
      vertex -34.7488 3.99211 4
      vertex -35 4 0
      vertex -34.7488 3.99211 0
    endloop
  endfacet
  facet normal -0.6613 -0.750121 0
    outer loop
      vertex -32.4503 3.08205 0
      vertex -32.2618 2.91587 4
      vertex -32.4503 3.08205 4
    endloop
  endfacet
  facet normal -0.6613 -0.750121 -0
    outer loop
      vertex -32.2618 2.91587 4
      vertex -32.4503 3.08205 0
      vertex -32.2618 2.91587 0
    endloop
  endfacet
  facet normal 0.278976 0.960298 -0
    outer loop
      vertex -35.9948 -3.87433 0
      vertex -36.2361 -3.80423 4
      vertex -35.9948 -3.87433 4
    endloop
  endfacet
  facet normal 0.278976 0.960298 0
    outer loop
      vertex -36.2361 -3.80423 4
      vertex -35.9948 -3.87433 0
      vertex -36.2361 -3.80423 0
    endloop
  endfacet
  facet normal 0.860776 0.508984 0
    outer loop
      vertex -38.3773 -2.14331 4
      vertex -38.5052 -1.92701 0
      vertex -38.5052 -1.92701 4
    endloop
  endfacet
  facet normal 0.860776 0.508984 0
    outer loop
      vertex -38.5052 -1.92701 0
      vertex -38.3773 -2.14331 4
      vertex -38.3773 -2.14331 0
    endloop
  endfacet
  facet normal -0.960301 0.278964 0
    outer loop
      vertex -31.1958 -1.23607 0
      vertex -31.1257 -0.994759 4
      vertex -31.1257 -0.994759 0
    endloop
  endfacet
  facet normal -0.960301 0.278964 0
    outer loop
      vertex -31.1257 -0.994759 4
      vertex -31.1958 -1.23607 0
      vertex -31.1958 -1.23607 4
    endloop
  endfacet
  facet normal -0.278976 0.960298 0
    outer loop
      vertex -33.7639 -3.80423 0
      vertex -34.0052 -3.87433 4
      vertex -33.7639 -3.80423 4
    endloop
  endfacet
  facet normal -0.278976 0.960298 0
    outer loop
      vertex -34.0052 -3.87433 4
      vertex -33.7639 -3.80423 0
      vertex -34.0052 -3.87433 0
    endloop
  endfacet
  facet normal 0.860776 -0.508984 0
    outer loop
      vertex -38.5052 1.92701 4
      vertex -38.3773 2.14331 0
      vertex -38.3773 2.14331 4
    endloop
  endfacet
  facet normal 0.860776 -0.508984 0
    outer loop
      vertex -38.3773 2.14331 0
      vertex -38.5052 1.92701 4
      vertex -38.5052 1.92701 0
    endloop
  endfacet
  facet normal -0.156431 -0.987689 0
    outer loop
      vertex -34.4987 3.96846 0
      vertex -34.2505 3.92915 4
      vertex -34.4987 3.96846 4
    endloop
  endfacet
  facet normal -0.156431 -0.987689 -0
    outer loop
      vertex -34.2505 3.92915 4
      vertex -34.4987 3.96846 0
      vertex -34.2505 3.92915 0
    endloop
  endfacet
  facet normal -0.562136 -0.827045 0
    outer loop
      vertex -32.8567 3.37731 0
      vertex -32.6489 3.23607 4
      vertex -32.8567 3.37731 4
    endloop
  endfacet
  facet normal -0.562136 -0.827045 -0
    outer loop
      vertex -32.6489 3.23607 4
      vertex -32.8567 3.37731 0
      vertex -32.6489 3.23607 0
    endloop
  endfacet
  facet normal 0.975931 0.218081 0
    outer loop
      vertex -38.8743 -0.994759 4
      vertex -38.9291 -0.749525 0
      vertex -38.9291 -0.749525 4
    endloop
  endfacet
  facet normal 0.975931 0.218081 0
    outer loop
      vertex -38.9291 -0.749525 0
      vertex -38.8743 -0.994759 4
      vertex -38.8743 -0.994759 0
    endloop
  endfacet
  facet normal 0.0313938 -0.999507 0
    outer loop
      vertex -35.2512 3.99211 0
      vertex -35 4 4
      vertex -35.2512 3.99211 4
    endloop
  endfacet
  facet normal 0.0313938 -0.999507 0
    outer loop
      vertex -35 4 4
      vertex -35.2512 3.99211 0
      vertex -35 4 0
    endloop
  endfacet
  facet normal -0.509043 -0.860741 0
    outer loop
      vertex -33.073 3.50523 0
      vertex -32.8567 3.37731 4
      vertex -33.073 3.50523 4
    endloop
  endfacet
  facet normal -0.509043 -0.860741 -0
    outer loop
      vertex -32.8567 3.37731 4
      vertex -33.073 3.50523 0
      vertex -32.8567 3.37731 0
    endloop
  endfacet
  facet normal -0.940906 -0.338667 0
    outer loop
      vertex -31.1958 1.23607 0
      vertex -31.2809 1.4725 4
      vertex -31.2809 1.4725 0
    endloop
  endfacet
  facet normal -0.940906 -0.338667 0
    outer loop
      vertex -31.2809 1.4725 4
      vertex -31.1958 1.23607 0
      vertex -31.1958 1.23607 4
    endloop
  endfacet
  facet normal -0.0313938 0.999507 0
    outer loop
      vertex -34.7488 -3.99211 0
      vertex -35 -4 4
      vertex -34.7488 -3.99211 4
    endloop
  endfacet
  facet normal -0.0313938 0.999507 0
    outer loop
      vertex -35 -4 4
      vertex -34.7488 -3.99211 0
      vertex -35 -4 0
    endloop
  endfacet
  facet normal 0.509043 -0.860741 0
    outer loop
      vertex -37.1433 3.37731 0
      vertex -36.927 3.50523 4
      vertex -37.1433 3.37731 4
    endloop
  endfacet
  facet normal 0.509043 -0.860741 0
    outer loop
      vertex -36.927 3.50523 4
      vertex -37.1433 3.37731 0
      vertex -36.927 3.50523 0
    endloop
  endfacet
  facet normal 0.0941422 0.995559 -0
    outer loop
      vertex -35.2512 -3.99211 0
      vertex -35.5013 -3.96846 4
      vertex -35.2512 -3.99211 4
    endloop
  endfacet
  facet normal 0.0941422 0.995559 0
    outer loop
      vertex -35.5013 -3.96846 4
      vertex -35.2512 -3.99211 0
      vertex -35.5013 -3.96846 0
    endloop
  endfacet
  facet normal -0.218101 0.975926 0
    outer loop
      vertex -34.0052 -3.87433 0
      vertex -34.2505 -3.92915 4
      vertex -34.0052 -3.87433 4
    endloop
  endfacet
  facet normal -0.218101 0.975926 0
    outer loop
      vertex -34.2505 -3.92915 4
      vertex -34.0052 -3.87433 0
      vertex -34.2505 -3.92915 0
    endloop
  endfacet
  facet normal -0.860776 -0.508984 0
    outer loop
      vertex -31.4948 1.92701 0
      vertex -31.6227 2.14331 4
      vertex -31.6227 2.14331 0
    endloop
  endfacet
  facet normal -0.860776 -0.508984 0
    outer loop
      vertex -31.6227 2.14331 4
      vertex -31.4948 1.92701 0
      vertex -31.4948 1.92701 4
    endloop
  endfacet
  facet normal 0.397183 0.917739 -0
    outer loop
      vertex -36.4725 -3.71911 0
      vertex -36.7031 -3.61931 4
      vertex -36.4725 -3.71911 4
    endloop
  endfacet
  facet normal 0.397183 0.917739 0
    outer loop
      vertex -36.7031 -3.61931 4
      vertex -36.4725 -3.71911 0
      vertex -36.7031 -3.61931 0
    endloop
  endfacet
  facet normal -0.750064 0.661365 0
    outer loop
      vertex -32.0841 -2.73819 0
      vertex -31.9179 -2.5497 4
      vertex -31.9179 -2.5497 0
    endloop
  endfacet
  facet normal -0.750064 0.661365 0
    outer loop
      vertex -31.9179 -2.5497 4
      vertex -32.0841 -2.73819 0
      vertex -32.0841 -2.73819 4
    endloop
  endfacet
  facet normal 0.750064 0.661365 0
    outer loop
      vertex -37.9159 -2.73819 4
      vertex -38.0821 -2.5497 0
      vertex -38.0821 -2.5497 4
    endloop
  endfacet
  facet normal 0.750064 0.661365 0
    outer loop
      vertex -38.0821 -2.5497 0
      vertex -37.9159 -2.73819 4
      vertex -37.9159 -2.73819 0
    endloop
  endfacet
  facet normal -0.156431 0.987689 0
    outer loop
      vertex -34.2505 -3.92915 0
      vertex -34.4987 -3.96846 4
      vertex -34.2505 -3.92915 4
    endloop
  endfacet
  facet normal -0.156431 0.987689 0
    outer loop
      vertex -34.4987 -3.96846 4
      vertex -34.2505 -3.92915 0
      vertex -34.4987 -3.96846 0
    endloop
  endfacet
  facet normal -0.453982 0.891011 0
    outer loop
      vertex -33.073 -3.50523 0
      vertex -33.2969 -3.61931 4
      vertex -33.073 -3.50523 4
    endloop
  endfacet
  facet normal -0.453982 0.891011 0
    outer loop
      vertex -33.2969 -3.61931 4
      vertex -33.073 -3.50523 0
      vertex -33.2969 -3.61931 0
    endloop
  endfacet
  facet normal -0.790191 0.61286 0
    outer loop
      vertex -31.9179 -2.5497 0
      vertex -31.7639 -2.35114 4
      vertex -31.7639 -2.35114 0
    endloop
  endfacet
  facet normal -0.790191 0.61286 0
    outer loop
      vertex -31.7639 -2.35114 4
      vertex -31.9179 -2.5497 0
      vertex -31.9179 -2.5497 4
    endloop
  endfacet
  facet normal 0.790191 0.61286 0
    outer loop
      vertex -38.0821 -2.5497 4
      vertex -38.2361 -2.35114 0
      vertex -38.2361 -2.35114 4
    endloop
  endfacet
  facet normal 0.790191 0.61286 0
    outer loop
      vertex -38.2361 -2.35114 0
      vertex -38.0821 -2.5497 4
      vertex -38.0821 -2.5497 0
    endloop
  endfacet
  facet normal -0.6613 0.750121 0
    outer loop
      vertex -32.2618 -2.91587 0
      vertex -32.4503 -3.08205 4
      vertex -32.2618 -2.91587 4
    endloop
  endfacet
  facet normal -0.6613 0.750121 0
    outer loop
      vertex -32.4503 -3.08205 4
      vertex -32.2618 -2.91587 0
      vertex -32.4503 -3.08205 0
    endloop
  endfacet
  facet normal -0.612833 -0.790213 0
    outer loop
      vertex -32.6489 3.23607 0
      vertex -32.4503 3.08205 4
      vertex -32.6489 3.23607 4
    endloop
  endfacet
  facet normal -0.612833 -0.790213 -0
    outer loop
      vertex -32.4503 3.08205 4
      vertex -32.6489 3.23607 0
      vertex -32.4503 3.08205 0
    endloop
  endfacet
  facet normal 0.999506 0.0314383 0
    outer loop
      vertex -38.9921 -0.251162 4
      vertex -39 0 0
      vertex -39 0 4
    endloop
  endfacet
  facet normal 0.999506 0.0314383 0
    outer loop
      vertex -39 0 0
      vertex -38.9921 -0.251162 4
      vertex -38.9921 -0.251162 0
    endloop
  endfacet
  facet normal 0.707067 -0.707147 0
    outer loop
      vertex -37.9159 2.73819 4
      vertex -37.7382 2.91587 0
      vertex -37.7382 2.91587 4
    endloop
  endfacet
  facet normal 0.707067 -0.707147 0
    outer loop
      vertex -37.7382 2.91587 0
      vertex -37.9159 2.73819 4
      vertex -37.9159 2.73819 0
    endloop
  endfacet
  facet normal 0.397183 -0.917739 0
    outer loop
      vertex -36.7031 3.61931 0
      vertex -36.4725 3.71911 4
      vertex -36.7031 3.61931 4
    endloop
  endfacet
  facet normal 0.397183 -0.917739 0
    outer loop
      vertex -36.4725 3.71911 4
      vertex -36.7031 3.61931 0
      vertex -36.4725 3.71911 0
    endloop
  endfacet
  facet normal -0.827157 0.561971 0
    outer loop
      vertex -31.7639 -2.35114 0
      vertex -31.6227 -2.14331 4
      vertex -31.6227 -2.14331 0
    endloop
  endfacet
  facet normal -0.827157 0.561971 0
    outer loop
      vertex -31.6227 -2.14331 4
      vertex -31.7639 -2.35114 0
      vertex -31.7639 -2.35114 4
    endloop
  endfacet
  facet normal 0.917752 0.397154 0
    outer loop
      vertex -38.6193 -1.70312 4
      vertex -38.7191 -1.4725 0
      vertex -38.7191 -1.4725 4
    endloop
  endfacet
  facet normal 0.917752 0.397154 0
    outer loop
      vertex -38.7191 -1.4725 0
      vertex -38.6193 -1.70312 4
      vertex -38.6193 -1.70312 0
    endloop
  endfacet
  facet normal -0.0941422 -0.995559 0
    outer loop
      vertex -34.7488 3.99211 0
      vertex -34.4987 3.96846 4
      vertex -34.7488 3.99211 4
    endloop
  endfacet
  facet normal -0.0941422 -0.995559 -0
    outer loop
      vertex -34.4987 3.96846 4
      vertex -34.7488 3.99211 0
      vertex -34.4987 3.96846 0
    endloop
  endfacet
  facet normal 0.960301 0.278964 0
    outer loop
      vertex -38.8042 -1.23607 4
      vertex -38.8743 -0.994759 0
      vertex -38.8743 -0.994759 4
    endloop
  endfacet
  facet normal 0.960301 0.278964 0
    outer loop
      vertex -38.8743 -0.994759 0
      vertex -38.8042 -1.23607 4
      vertex -38.8042 -1.23607 0
    endloop
  endfacet
  facet normal -0.917752 0.397154 0
    outer loop
      vertex -31.3807 -1.70312 0
      vertex -31.2809 -1.4725 4
      vertex -31.2809 -1.4725 0
    endloop
  endfacet
  facet normal -0.917752 0.397154 0
    outer loop
      vertex -31.2809 -1.4725 4
      vertex -31.3807 -1.70312 0
      vertex -31.3807 -1.70312 4
    endloop
  endfacet
  facet normal -0.890971 0.454061 0
    outer loop
      vertex -31.4948 -1.92701 0
      vertex -31.3807 -1.70312 4
      vertex -31.3807 -1.70312 0
    endloop
  endfacet
  facet normal -0.890971 0.454061 0
    outer loop
      vertex -31.3807 -1.70312 4
      vertex -31.4948 -1.92701 0
      vertex -31.4948 -1.92701 4
    endloop
  endfacet
  facet normal 0.278976 -0.960298 0
    outer loop
      vertex -36.2361 3.80423 0
      vertex -35.9948 3.87433 4
      vertex -36.2361 3.80423 4
    endloop
  endfacet
  facet normal 0.278976 -0.960298 0
    outer loop
      vertex -35.9948 3.87433 4
      vertex -36.2361 3.80423 0
      vertex -35.9948 3.87433 0
    endloop
  endfacet
  facet normal 0.6613 -0.750121 0
    outer loop
      vertex -37.7382 2.91587 0
      vertex -37.5497 3.08205 4
      vertex -37.7382 2.91587 4
    endloop
  endfacet
  facet normal 0.6613 -0.750121 0
    outer loop
      vertex -37.5497 3.08205 4
      vertex -37.7382 2.91587 0
      vertex -37.5497 3.08205 0
    endloop
  endfacet
  facet normal -0.940906 0.338667 0
    outer loop
      vertex -31.2809 -1.4725 0
      vertex -31.1958 -1.23607 4
      vertex -31.1958 -1.23607 0
    endloop
  endfacet
  facet normal -0.940906 0.338667 0
    outer loop
      vertex -31.1958 -1.23607 4
      vertex -31.2809 -1.4725 0
      vertex -31.2809 -1.4725 4
    endloop
  endfacet
  facet normal -0.99558 0.0939189 0
    outer loop
      vertex -31.0315 -0.501332 0
      vertex -31.0079 -0.251162 4
      vertex -31.0079 -0.251162 0
    endloop
  endfacet
  facet normal -0.99558 0.0939189 0
    outer loop
      vertex -31.0079 -0.251162 4
      vertex -31.0315 -0.501332 0
      vertex -31.0315 -0.501332 4
    endloop
  endfacet
  facet normal -0.750064 -0.661365 0
    outer loop
      vertex -31.9179 2.5497 0
      vertex -32.0841 2.73819 4
      vertex -32.0841 2.73819 0
    endloop
  endfacet
  facet normal -0.750064 -0.661365 0
    outer loop
      vertex -32.0841 2.73819 4
      vertex -31.9179 2.5497 0
      vertex -31.9179 2.5497 4
    endloop
  endfacet
  facet normal -0.707067 -0.707147 0
    outer loop
      vertex -32.0841 2.73819 0
      vertex -32.2618 2.91587 4
      vertex -32.2618 2.91587 0
    endloop
  endfacet
  facet normal -0.707067 -0.707147 0
    outer loop
      vertex -32.2618 2.91587 4
      vertex -32.0841 2.73819 0
      vertex -32.0841 2.73819 4
    endloop
  endfacet
  facet normal 0.612833 -0.790213 0
    outer loop
      vertex -37.5497 3.08205 0
      vertex -37.3511 3.23607 4
      vertex -37.5497 3.08205 4
    endloop
  endfacet
  facet normal 0.612833 -0.790213 0
    outer loop
      vertex -37.3511 3.23607 4
      vertex -37.5497 3.08205 0
      vertex -37.3511 3.23607 0
    endloop
  endfacet
  facet normal 0.218101 0.975926 -0
    outer loop
      vertex -35.7495 -3.92915 0
      vertex -35.9948 -3.87433 4
      vertex -35.7495 -3.92915 4
    endloop
  endfacet
  facet normal 0.218101 0.975926 0
    outer loop
      vertex -35.9948 -3.87433 4
      vertex -35.7495 -3.92915 0
      vertex -35.9948 -3.87433 0
    endloop
  endfacet
  facet normal 0.790191 -0.61286 0
    outer loop
      vertex -38.2361 2.35114 4
      vertex -38.0821 2.5497 0
      vertex -38.0821 2.5497 4
    endloop
  endfacet
  facet normal 0.790191 -0.61286 0
    outer loop
      vertex -38.0821 2.5497 0
      vertex -38.2361 2.35114 4
      vertex -38.2361 2.35114 0
    endloop
  endfacet
  facet normal 0.0941422 -0.995559 0
    outer loop
      vertex -35.5013 3.96846 0
      vertex -35.2512 3.99211 4
      vertex -35.5013 3.96846 4
    endloop
  endfacet
  facet normal 0.0941422 -0.995559 0
    outer loop
      vertex -35.2512 3.99211 4
      vertex -35.5013 3.96846 0
      vertex -35.2512 3.99211 0
    endloop
  endfacet
  facet normal 0.6613 0.750121 -0
    outer loop
      vertex -37.5497 -3.08205 0
      vertex -37.7382 -2.91587 4
      vertex -37.5497 -3.08205 4
    endloop
  endfacet
  facet normal 0.6613 0.750121 0
    outer loop
      vertex -37.7382 -2.91587 4
      vertex -37.5497 -3.08205 0
      vertex -37.7382 -2.91587 0
    endloop
  endfacet
  facet normal -0.975931 0.218081 0
    outer loop
      vertex -31.1257 -0.994759 0
      vertex -31.0709 -0.749525 4
      vertex -31.0709 -0.749525 0
    endloop
  endfacet
  facet normal -0.975931 0.218081 0
    outer loop
      vertex -31.0709 -0.749525 4
      vertex -31.1257 -0.994759 0
      vertex -31.1257 -0.994759 4
    endloop
  endfacet
  facet normal 0.987633 0.156784 0
    outer loop
      vertex -38.9291 -0.749525 4
      vertex -38.9685 -0.501332 0
      vertex -38.9685 -0.501332 4
    endloop
  endfacet
  facet normal 0.987633 0.156784 0
    outer loop
      vertex -38.9685 -0.501332 0
      vertex -38.9291 -0.749525 4
      vertex -38.9291 -0.749525 0
    endloop
  endfacet
  facet normal 0.999506 -0.0314383 0
    outer loop
      vertex -39 0 4
      vertex -38.9921 0.251162 0
      vertex -38.9921 0.251162 4
    endloop
  endfacet
  facet normal 0.999506 -0.0314383 0
    outer loop
      vertex -38.9921 0.251162 0
      vertex -39 0 4
      vertex -39 0 0
    endloop
  endfacet
  facet normal -0.987633 0.156784 0
    outer loop
      vertex -31.0709 -0.749525 0
      vertex -31.0315 -0.501332 4
      vertex -31.0315 -0.501332 0
    endloop
  endfacet
  facet normal -0.987633 0.156784 0
    outer loop
      vertex -31.0315 -0.501332 4
      vertex -31.0709 -0.749525 0
      vertex -31.0709 -0.749525 4
    endloop
  endfacet
  facet normal -0.0941422 0.995559 0
    outer loop
      vertex -34.4987 -3.96846 0
      vertex -34.7488 -3.99211 4
      vertex -34.4987 -3.96846 4
    endloop
  endfacet
  facet normal -0.0941422 0.995559 0
    outer loop
      vertex -34.7488 -3.99211 4
      vertex -34.4987 -3.96846 0
      vertex -34.7488 -3.99211 0
    endloop
  endfacet
  facet normal 0.99558 -0.0939189 0
    outer loop
      vertex -38.9921 0.251162 4
      vertex -38.9685 0.501332 0
      vertex -38.9685 0.501332 4
    endloop
  endfacet
  facet normal 0.99558 -0.0939189 0
    outer loop
      vertex -38.9685 0.501332 0
      vertex -38.9921 0.251162 4
      vertex -38.9921 0.251162 0
    endloop
  endfacet
  facet normal 0.0313938 0.999507 -0
    outer loop
      vertex -35 -4 0
      vertex -35.2512 -3.99211 4
      vertex -35 -4 4
    endloop
  endfacet
  facet normal 0.0313938 0.999507 0
    outer loop
      vertex -35.2512 -3.99211 4
      vertex -35 -4 0
      vertex -35.2512 -3.99211 0
    endloop
  endfacet
  facet normal 0.827157 -0.561971 0
    outer loop
      vertex -38.3773 2.14331 4
      vertex -38.2361 2.35114 0
      vertex -38.2361 2.35114 4
    endloop
  endfacet
  facet normal 0.827157 -0.561971 0
    outer loop
      vertex -38.2361 2.35114 0
      vertex -38.3773 2.14331 4
      vertex -38.3773 2.14331 0
    endloop
  endfacet
  facet normal -0.562136 0.827045 0
    outer loop
      vertex -32.6489 -3.23607 0
      vertex -32.8567 -3.37731 4
      vertex -32.6489 -3.23607 4
    endloop
  endfacet
  facet normal -0.562136 0.827045 0
    outer loop
      vertex -32.8567 -3.37731 4
      vertex -32.6489 -3.23607 0
      vertex -32.8567 -3.37731 0
    endloop
  endfacet
  facet normal -0.338776 -0.940867 0
    outer loop
      vertex -33.7639 3.80423 0
      vertex -33.5275 3.71911 4
      vertex -33.7639 3.80423 4
    endloop
  endfacet
  facet normal -0.338776 -0.940867 -0
    outer loop
      vertex -33.5275 3.71911 4
      vertex -33.7639 3.80423 0
      vertex -33.5275 3.71911 0
    endloop
  endfacet
  facet normal -0.860776 0.508984 0
    outer loop
      vertex -31.6227 -2.14331 0
      vertex -31.4948 -1.92701 4
      vertex -31.4948 -1.92701 0
    endloop
  endfacet
  facet normal -0.860776 0.508984 0
    outer loop
      vertex -31.4948 -1.92701 4
      vertex -31.6227 -2.14331 0
      vertex -31.6227 -2.14331 4
    endloop
  endfacet
  facet normal -0.218101 -0.975926 0
    outer loop
      vertex -34.2505 3.92915 0
      vertex -34.0052 3.87433 4
      vertex -34.2505 3.92915 4
    endloop
  endfacet
  facet normal -0.218101 -0.975926 -0
    outer loop
      vertex -34.0052 3.87433 4
      vertex -34.2505 3.92915 0
      vertex -34.0052 3.87433 0
    endloop
  endfacet
  facet normal 0.890971 0.454061 0
    outer loop
      vertex -38.5052 -1.92701 4
      vertex -38.6193 -1.70312 0
      vertex -38.6193 -1.70312 4
    endloop
  endfacet
  facet normal 0.890971 0.454061 0
    outer loop
      vertex -38.6193 -1.70312 0
      vertex -38.5052 -1.92701 4
      vertex -38.5052 -1.92701 0
    endloop
  endfacet
  facet normal -0.790191 -0.61286 0
    outer loop
      vertex -31.7639 2.35114 0
      vertex -31.9179 2.5497 4
      vertex -31.9179 2.5497 0
    endloop
  endfacet
  facet normal -0.790191 -0.61286 0
    outer loop
      vertex -31.9179 2.5497 4
      vertex -31.7639 2.35114 0
      vertex -31.7639 2.35114 4
    endloop
  endfacet
  facet normal 0.562136 0.827045 -0
    outer loop
      vertex -37.1433 -3.37731 0
      vertex -37.3511 -3.23607 4
      vertex -37.1433 -3.37731 4
    endloop
  endfacet
  facet normal 0.562136 0.827045 0
    outer loop
      vertex -37.3511 -3.23607 4
      vertex -37.1433 -3.37731 0
      vertex -37.3511 -3.23607 0
    endloop
  endfacet
  facet normal -0.278976 -0.960298 0
    outer loop
      vertex -34.0052 3.87433 0
      vertex -33.7639 3.80423 4
      vertex -34.0052 3.87433 4
    endloop
  endfacet
  facet normal -0.278976 -0.960298 -0
    outer loop
      vertex -33.7639 3.80423 4
      vertex -34.0052 3.87433 0
      vertex -33.7639 3.80423 0
    endloop
  endfacet
  facet normal 0.890971 -0.454061 0
    outer loop
      vertex -38.6193 1.70312 4
      vertex -38.5052 1.92701 0
      vertex -38.5052 1.92701 4
    endloop
  endfacet
  facet normal 0.890971 -0.454061 0
    outer loop
      vertex -38.5052 1.92701 0
      vertex -38.6193 1.70312 4
      vertex -38.6193 1.70312 0
    endloop
  endfacet
  facet normal 0.453982 -0.891011 0
    outer loop
      vertex -36.927 3.50523 0
      vertex -36.7031 3.61931 4
      vertex -36.927 3.50523 4
    endloop
  endfacet
  facet normal 0.453982 -0.891011 0
    outer loop
      vertex -36.7031 3.61931 4
      vertex -36.927 3.50523 0
      vertex -36.7031 3.61931 0
    endloop
  endfacet
  facet normal -0.612833 0.790213 0
    outer loop
      vertex -32.4503 -3.08205 0
      vertex -32.6489 -3.23607 4
      vertex -32.4503 -3.08205 4
    endloop
  endfacet
  facet normal -0.612833 0.790213 0
    outer loop
      vertex -32.6489 -3.23607 4
      vertex -32.4503 -3.08205 0
      vertex -32.6489 -3.23607 0
    endloop
  endfacet
  facet normal 0.612833 0.790213 -0
    outer loop
      vertex -37.3511 -3.23607 0
      vertex -37.5497 -3.08205 4
      vertex -37.3511 -3.23607 4
    endloop
  endfacet
  facet normal 0.612833 0.790213 0
    outer loop
      vertex -37.5497 -3.08205 4
      vertex -37.3511 -3.23607 0
      vertex -37.5497 -3.08205 0
    endloop
  endfacet
  facet normal -0.397154 0.917752 0
    outer loop
      vertex 1.70312 -3.61931 0
      vertex 1.4725 -3.71911 4
      vertex 1.70312 -3.61931 4
    endloop
  endfacet
  facet normal -0.397154 0.917752 0
    outer loop
      vertex 1.4725 -3.71911 4
      vertex 1.70312 -3.61931 0
      vertex 1.4725 -3.71911 0
    endloop
  endfacet
  facet normal 0.940881 0.338738 0
    outer loop
      vertex -3.71911 -1.4725 4
      vertex -3.80423 -1.23607 0
      vertex -3.80423 -1.23607 4
    endloop
  endfacet
  facet normal 0.940881 0.338738 0
    outer loop
      vertex -3.80423 -1.23607 0
      vertex -3.71911 -1.4725 4
      vertex -3.71911 -1.4725 0
    endloop
  endfacet
  facet normal -0.509043 0.860741 0
    outer loop
      vertex 2.14331 -3.37731 0
      vertex 1.92701 -3.50523 4
      vertex 2.14331 -3.37731 4
    endloop
  endfacet
  facet normal -0.509043 0.860741 0
    outer loop
      vertex 1.92701 -3.50523 4
      vertex 2.14331 -3.37731 0
      vertex 1.92701 -3.50523 0
    endloop
  endfacet
  facet normal -0.827083 0.56208 0
    outer loop
      vertex 3.23607 -2.35114 0
      vertex 3.37731 -2.14331 4
      vertex 3.37731 -2.14331 0
    endloop
  endfacet
  facet normal -0.827083 0.56208 0
    outer loop
      vertex 3.37731 -2.14331 4
      vertex 3.23607 -2.35114 0
      vertex 3.23607 -2.35114 4
    endloop
  endfacet
  facet normal -0.999507 0.0313985 0
    outer loop
      vertex 3.99211 -0.251162 0
      vertex 4 0 4
      vertex 4 0 0
    endloop
  endfacet
  facet normal -0.999507 0.0313985 0
    outer loop
      vertex 4 0 4
      vertex 3.99211 -0.251162 0
      vertex 3.99211 -0.251162 4
    endloop
  endfacet
  facet normal -0.917752 0.397154 0
    outer loop
      vertex 3.61931 -1.70312 0
      vertex 3.71911 -1.4725 4
      vertex 3.71911 -1.4725 0
    endloop
  endfacet
  facet normal -0.917752 0.397154 0
    outer loop
      vertex 3.71911 -1.4725 4
      vertex 3.61931 -1.70312 0
      vertex 3.61931 -1.70312 4
    endloop
  endfacet
  facet normal -0.156435 0.987688 0
    outer loop
      vertex 0.749525 -3.92915 0
      vertex 0.501332 -3.96846 4
      vertex 0.749525 -3.92915 4
    endloop
  endfacet
  facet normal -0.156435 0.987688 0
    outer loop
      vertex 0.501332 -3.96846 4
      vertex 0.749525 -3.92915 0
      vertex 0.501332 -3.96846 0
    endloop
  endfacet
  facet normal 0.338738 -0.940881 0
    outer loop
      vertex -1.4725 3.71911 0
      vertex -1.23607 3.80423 4
      vertex -1.4725 3.71911 4
    endloop
  endfacet
  facet normal 0.338738 -0.940881 0
    outer loop
      vertex -1.23607 3.80423 4
      vertex -1.4725 3.71911 0
      vertex -1.23607 3.80423 0
    endloop
  endfacet
  facet normal -0.66132 -0.750104 0
    outer loop
      vertex 2.5497 3.08205 0
      vertex 2.73819 2.91587 4
      vertex 2.5497 3.08205 4
    endloop
  endfacet
  facet normal -0.66132 -0.750104 -0
    outer loop
      vertex 2.73819 2.91587 4
      vertex 2.5497 3.08205 0
      vertex 2.73819 2.91587 0
    endloop
  endfacet
  facet normal -0.218157 -0.975914 0
    outer loop
      vertex 0.749525 3.92915 0
      vertex 0.994759 3.87433 4
      vertex 0.749525 3.92915 4
    endloop
  endfacet
  facet normal -0.218157 -0.975914 -0
    outer loop
      vertex 0.994759 3.87433 4
      vertex 0.749525 3.92915 0
      vertex 0.994759 3.87433 0
    endloop
  endfacet
  facet normal -0.750104 -0.66132 0
    outer loop
      vertex 3.08205 2.5497 0
      vertex 2.91587 2.73819 4
      vertex 2.91587 2.73819 0
    endloop
  endfacet
  facet normal -0.750104 -0.66132 0
    outer loop
      vertex 2.91587 2.73819 4
      vertex 3.08205 2.5497 0
      vertex 3.08205 2.5497 4
    endloop
  endfacet
  facet normal -0.940881 0.338738 0
    outer loop
      vertex 3.71911 -1.4725 0
      vertex 3.80423 -1.23607 4
      vertex 3.80423 -1.23607 0
    endloop
  endfacet
  facet normal -0.940881 0.338738 0
    outer loop
      vertex 3.80423 -1.23607 4
      vertex 3.71911 -1.4725 0
      vertex 3.71911 -1.4725 4
    endloop
  endfacet
  facet normal 0.940881 -0.338738 0
    outer loop
      vertex -3.80423 1.23607 4
      vertex -3.71911 1.4725 0
      vertex -3.71911 1.4725 4
    endloop
  endfacet
  facet normal 0.940881 -0.338738 0
    outer loop
      vertex -3.71911 1.4725 0
      vertex -3.80423 1.23607 4
      vertex -3.80423 1.23607 0
    endloop
  endfacet
  facet normal 0.338738 0.940881 -0
    outer loop
      vertex -1.23607 -3.80423 0
      vertex -1.4725 -3.71911 4
      vertex -1.23607 -3.80423 4
    endloop
  endfacet
  facet normal 0.338738 0.940881 0
    outer loop
      vertex -1.4725 -3.71911 4
      vertex -1.23607 -3.80423 0
      vertex -1.4725 -3.71911 0
    endloop
  endfacet
  facet normal 0.999507 -0.0313985 0
    outer loop
      vertex -4 0 4
      vertex -3.99211 0.251162 0
      vertex -3.99211 0.251162 4
    endloop
  endfacet
  facet normal 0.999507 -0.0313985 0
    outer loop
      vertex -3.99211 0.251162 0
      vertex -4 0 4
      vertex -4 0 0
    endloop
  endfacet
  facet normal -0.999507 -0.0313985 0
    outer loop
      vertex 4 0 0
      vertex 3.99211 0.251162 4
      vertex 3.99211 0.251162 0
    endloop
  endfacet
  facet normal -0.999507 -0.0313985 0
    outer loop
      vertex 3.99211 0.251162 4
      vertex 4 0 0
      vertex 4 0 4
    endloop
  endfacet
  facet normal -0.987688 0.156435 0
    outer loop
      vertex 3.92915 -0.749525 0
      vertex 3.96846 -0.501332 4
      vertex 3.96846 -0.501332 0
    endloop
  endfacet
  facet normal -0.987688 0.156435 0
    outer loop
      vertex 3.96846 -0.501332 4
      vertex 3.92915 -0.749525 0
      vertex 3.92915 -0.749525 4
    endloop
  endfacet
  facet normal -0.975914 -0.218157 0
    outer loop
      vertex 3.92915 0.749525 0
      vertex 3.87433 0.994759 4
      vertex 3.87433 0.994759 0
    endloop
  endfacet
  facet normal -0.975914 -0.218157 0
    outer loop
      vertex 3.87433 0.994759 4
      vertex 3.92915 0.749525 0
      vertex 3.92915 0.749525 4
    endloop
  endfacet
  facet normal 0.995561 -0.0941161 0
    outer loop
      vertex -3.99211 0.251162 4
      vertex -3.96846 0.501332 0
      vertex -3.96846 0.501332 4
    endloop
  endfacet
  facet normal 0.995561 -0.0941161 0
    outer loop
      vertex -3.96846 0.501332 0
      vertex -3.99211 0.251162 4
      vertex -3.99211 0.251162 0
    endloop
  endfacet
  facet normal 0.0313985 -0.999507 0
    outer loop
      vertex -0.251162 3.99211 0
      vertex 0 4 4
      vertex -0.251162 3.99211 4
    endloop
  endfacet
  facet normal 0.0313985 -0.999507 0
    outer loop
      vertex 0 4 4
      vertex -0.251162 3.99211 0
      vertex 0 4 0
    endloop
  endfacet
  facet normal -0.61291 0.790153 0
    outer loop
      vertex 2.5497 -3.08205 0
      vertex 2.35114 -3.23607 4
      vertex 2.5497 -3.08205 4
    endloop
  endfacet
  facet normal -0.61291 0.790153 0
    outer loop
      vertex 2.35114 -3.23607 4
      vertex 2.5497 -3.08205 0
      vertex 2.35114 -3.23607 0
    endloop
  endfacet
  facet normal 0.987688 0.156435 0
    outer loop
      vertex -3.92915 -0.749525 4
      vertex -3.96846 -0.501332 0
      vertex -3.96846 -0.501332 4
    endloop
  endfacet
  facet normal 0.987688 0.156435 0
    outer loop
      vertex -3.96846 -0.501332 0
      vertex -3.92915 -0.749525 4
      vertex -3.92915 -0.749525 0
    endloop
  endfacet
  facet normal 0.0313985 0.999507 -0
    outer loop
      vertex 0 -4 0
      vertex -0.251162 -3.99211 4
      vertex 0 -4 4
    endloop
  endfacet
  facet normal 0.0313985 0.999507 0
    outer loop
      vertex -0.251162 -3.99211 4
      vertex 0 -4 0
      vertex -0.251162 -3.99211 0
    endloop
  endfacet
  facet normal 0.156435 0.987688 -0
    outer loop
      vertex -0.501332 -3.96846 0
      vertex -0.749525 -3.92915 4
      vertex -0.501332 -3.96846 4
    endloop
  endfacet
  facet normal 0.156435 0.987688 0
    outer loop
      vertex -0.749525 -3.92915 4
      vertex -0.501332 -3.96846 0
      vertex -0.749525 -3.92915 0
    endloop
  endfacet
  facet normal 0.66132 -0.750104 0
    outer loop
      vertex -2.73819 2.91587 0
      vertex -2.5497 3.08205 4
      vertex -2.73819 2.91587 4
    endloop
  endfacet
  facet normal 0.66132 -0.750104 0
    outer loop
      vertex -2.5497 3.08205 4
      vertex -2.73819 2.91587 0
      vertex -2.5497 3.08205 0
    endloop
  endfacet
  facet normal -0.509043 -0.860741 0
    outer loop
      vertex 1.92701 3.50523 0
      vertex 2.14331 3.37731 4
      vertex 1.92701 3.50523 4
    endloop
  endfacet
  facet normal -0.509043 -0.860741 -0
    outer loop
      vertex 2.14331 3.37731 4
      vertex 1.92701 3.50523 0
      vertex 2.14331 3.37731 0
    endloop
  endfacet
  facet normal 0.509043 -0.860741 0
    outer loop
      vertex -2.14331 3.37731 0
      vertex -1.92701 3.50523 4
      vertex -2.14331 3.37731 4
    endloop
  endfacet
  facet normal 0.509043 -0.860741 0
    outer loop
      vertex -1.92701 3.50523 4
      vertex -2.14331 3.37731 0
      vertex -1.92701 3.50523 0
    endloop
  endfacet
  facet normal -0.940881 -0.338738 0
    outer loop
      vertex 3.80423 1.23607 0
      vertex 3.71911 1.4725 4
      vertex 3.71911 1.4725 0
    endloop
  endfacet
  facet normal -0.940881 -0.338738 0
    outer loop
      vertex 3.71911 1.4725 4
      vertex 3.80423 1.23607 0
      vertex 3.80423 1.23607 4
    endloop
  endfacet
  facet normal -0.0313985 0.999507 0
    outer loop
      vertex 0.251162 -3.99211 0
      vertex 0 -4 4
      vertex 0.251162 -3.99211 4
    endloop
  endfacet
  facet normal -0.0313985 0.999507 0
    outer loop
      vertex 0 -4 4
      vertex 0.251162 -3.99211 0
      vertex 0 -4 0
    endloop
  endfacet
  facet normal -0.987688 -0.156435 0
    outer loop
      vertex 3.96846 0.501332 0
      vertex 3.92915 0.749525 4
      vertex 3.92915 0.749525 0
    endloop
  endfacet
  facet normal -0.987688 -0.156435 0
    outer loop
      vertex 3.92915 0.749525 4
      vertex 3.96846 0.501332 0
      vertex 3.96846 0.501332 4
    endloop
  endfacet
  facet normal 0.397154 -0.917752 0
    outer loop
      vertex -1.70312 3.61931 0
      vertex -1.4725 3.71911 4
      vertex -1.70312 3.61931 4
    endloop
  endfacet
  facet normal 0.397154 -0.917752 0
    outer loop
      vertex -1.4725 3.71911 4
      vertex -1.70312 3.61931 0
      vertex -1.4725 3.71911 0
    endloop
  endfacet
  facet normal 0.61291 0.790153 -0
    outer loop
      vertex -2.35114 -3.23607 0
      vertex -2.5497 -3.08205 4
      vertex -2.35114 -3.23607 4
    endloop
  endfacet
  facet normal 0.61291 0.790153 0
    outer loop
      vertex -2.5497 -3.08205 4
      vertex -2.35114 -3.23607 0
      vertex -2.5497 -3.08205 0
    endloop
  endfacet
  facet normal 0.0941161 0.995561 -0
    outer loop
      vertex -0.251162 -3.99211 0
      vertex -0.501332 -3.96846 4
      vertex -0.251162 -3.99211 4
    endloop
  endfacet
  facet normal 0.0941161 0.995561 0
    outer loop
      vertex -0.501332 -3.96846 4
      vertex -0.251162 -3.99211 0
      vertex -0.501332 -3.96846 0
    endloop
  endfacet
  facet normal -0.860741 -0.509043 0
    outer loop
      vertex 3.50523 1.92701 0
      vertex 3.37731 2.14331 4
      vertex 3.37731 2.14331 0
    endloop
  endfacet
  facet normal -0.860741 -0.509043 0
    outer loop
      vertex 3.37731 2.14331 4
      vertex 3.50523 1.92701 0
      vertex 3.50523 1.92701 4
    endloop
  endfacet
  facet normal -0.56208 0.827083 0
    outer loop
      vertex 2.35114 -3.23607 0
      vertex 2.14331 -3.37731 4
      vertex 2.35114 -3.23607 4
    endloop
  endfacet
  facet normal -0.56208 0.827083 0
    outer loop
      vertex 2.14331 -3.37731 4
      vertex 2.35114 -3.23607 0
      vertex 2.14331 -3.37731 0
    endloop
  endfacet
  facet normal -0.995561 -0.0941161 0
    outer loop
      vertex 3.99211 0.251162 0
      vertex 3.96846 0.501332 4
      vertex 3.96846 0.501332 0
    endloop
  endfacet
  facet normal -0.995561 -0.0941161 0
    outer loop
      vertex 3.96846 0.501332 4
      vertex 3.99211 0.251162 0
      vertex 3.99211 0.251162 4
    endloop
  endfacet
  facet normal 0.61291 -0.790153 0
    outer loop
      vertex -2.5497 3.08205 0
      vertex -2.35114 3.23607 4
      vertex -2.5497 3.08205 4
    endloop
  endfacet
  facet normal 0.61291 -0.790153 0
    outer loop
      vertex -2.35114 3.23607 4
      vertex -2.5497 3.08205 0
      vertex -2.35114 3.23607 0
    endloop
  endfacet
  facet normal -0.917752 -0.397154 0
    outer loop
      vertex 3.71911 1.4725 0
      vertex 3.61931 1.70312 4
      vertex 3.61931 1.70312 0
    endloop
  endfacet
  facet normal -0.917752 -0.397154 0
    outer loop
      vertex 3.61931 1.70312 4
      vertex 3.71911 1.4725 0
      vertex 3.71911 1.4725 4
    endloop
  endfacet
  facet normal 0.891003 0.453998 0
    outer loop
      vertex -3.50523 -1.92701 4
      vertex -3.61931 -1.70312 0
      vertex -3.61931 -1.70312 4
    endloop
  endfacet
  facet normal 0.891003 0.453998 0
    outer loop
      vertex -3.61931 -1.70312 0
      vertex -3.50523 -1.92701 4
      vertex -3.50523 -1.92701 0
    endloop
  endfacet
  facet normal -0.790153 0.61291 0
    outer loop
      vertex 3.08205 -2.5497 0
      vertex 3.23607 -2.35114 4
      vertex 3.23607 -2.35114 0
    endloop
  endfacet
  facet normal -0.790153 0.61291 0
    outer loop
      vertex 3.23607 -2.35114 4
      vertex 3.08205 -2.5497 0
      vertex 3.08205 -2.5497 4
    endloop
  endfacet
  facet normal -0.891003 -0.453998 0
    outer loop
      vertex 3.61931 1.70312 0
      vertex 3.50523 1.92701 4
      vertex 3.50523 1.92701 0
    endloop
  endfacet
  facet normal -0.891003 -0.453998 0
    outer loop
      vertex 3.50523 1.92701 4
      vertex 3.61931 1.70312 0
      vertex 3.61931 1.70312 4
    endloop
  endfacet
  facet normal -0.61291 -0.790153 0
    outer loop
      vertex 2.35114 3.23607 0
      vertex 2.5497 3.08205 4
      vertex 2.35114 3.23607 4
    endloop
  endfacet
  facet normal -0.61291 -0.790153 -0
    outer loop
      vertex 2.5497 3.08205 4
      vertex 2.35114 3.23607 0
      vertex 2.5497 3.08205 0
    endloop
  endfacet
  facet normal -0.0941161 -0.995561 0
    outer loop
      vertex 0.251162 3.99211 0
      vertex 0.501332 3.96846 4
      vertex 0.251162 3.99211 4
    endloop
  endfacet
  facet normal -0.0941161 -0.995561 -0
    outer loop
      vertex 0.501332 3.96846 4
      vertex 0.251162 3.99211 0
      vertex 0.501332 3.96846 0
    endloop
  endfacet
  facet normal -0.0313985 -0.999507 0
    outer loop
      vertex 0 4 0
      vertex 0.251162 3.99211 4
      vertex 0 4 4
    endloop
  endfacet
  facet normal -0.0313985 -0.999507 -0
    outer loop
      vertex 0.251162 3.99211 4
      vertex 0 4 0
      vertex 0.251162 3.99211 0
    endloop
  endfacet
  facet normal 0.790153 -0.61291 0
    outer loop
      vertex -3.23607 2.35114 4
      vertex -3.08205 2.5497 0
      vertex -3.08205 2.5497 4
    endloop
  endfacet
  facet normal 0.790153 -0.61291 0
    outer loop
      vertex -3.08205 2.5497 0
      vertex -3.23607 2.35114 4
      vertex -3.23607 2.35114 0
    endloop
  endfacet
  facet normal 0.56208 -0.827083 0
    outer loop
      vertex -2.35114 3.23607 0
      vertex -2.14331 3.37731 4
      vertex -2.35114 3.23607 4
    endloop
  endfacet
  facet normal 0.56208 -0.827083 0
    outer loop
      vertex -2.14331 3.37731 4
      vertex -2.35114 3.23607 0
      vertex -2.14331 3.37731 0
    endloop
  endfacet
  facet normal -0.56208 -0.827083 0
    outer loop
      vertex 2.14331 3.37731 0
      vertex 2.35114 3.23607 4
      vertex 2.14331 3.37731 4
    endloop
  endfacet
  facet normal -0.56208 -0.827083 -0
    outer loop
      vertex 2.35114 3.23607 4
      vertex 2.14331 3.37731 0
      vertex 2.35114 3.23607 0
    endloop
  endfacet
  facet normal -0.278964 0.960301 0
    outer loop
      vertex 1.23607 -3.80423 0
      vertex 0.994759 -3.87433 4
      vertex 1.23607 -3.80423 4
    endloop
  endfacet
  facet normal -0.278964 0.960301 0
    outer loop
      vertex 0.994759 -3.87433 4
      vertex 1.23607 -3.80423 0
      vertex 0.994759 -3.87433 0
    endloop
  endfacet
  facet normal -0.218157 0.975914 0
    outer loop
      vertex 0.994759 -3.87433 0
      vertex 0.749525 -3.92915 4
      vertex 0.994759 -3.87433 4
    endloop
  endfacet
  facet normal -0.218157 0.975914 0
    outer loop
      vertex 0.749525 -3.92915 4
      vertex 0.994759 -3.87433 0
      vertex 0.749525 -3.92915 0
    endloop
  endfacet
  facet normal -0.156435 -0.987688 0
    outer loop
      vertex 0.501332 3.96846 0
      vertex 0.749525 3.92915 4
      vertex 0.501332 3.96846 4
    endloop
  endfacet
  facet normal -0.156435 -0.987688 -0
    outer loop
      vertex 0.749525 3.92915 4
      vertex 0.501332 3.96846 0
      vertex 0.749525 3.92915 0
    endloop
  endfacet
  facet normal 0.827083 0.56208 0
    outer loop
      vertex -3.23607 -2.35114 4
      vertex -3.37731 -2.14331 0
      vertex -3.37731 -2.14331 4
    endloop
  endfacet
  facet normal 0.827083 0.56208 0
    outer loop
      vertex -3.37731 -2.14331 0
      vertex -3.23607 -2.35114 4
      vertex -3.23607 -2.35114 0
    endloop
  endfacet
  facet normal -0.995561 0.0941161 0
    outer loop
      vertex 3.96846 -0.501332 0
      vertex 3.99211 -0.251162 4
      vertex 3.99211 -0.251162 0
    endloop
  endfacet
  facet normal -0.995561 0.0941161 0
    outer loop
      vertex 3.99211 -0.251162 4
      vertex 3.96846 -0.501332 0
      vertex 3.96846 -0.501332 4
    endloop
  endfacet
  facet normal -0.750104 0.66132 0
    outer loop
      vertex 2.91587 -2.73819 0
      vertex 3.08205 -2.5497 4
      vertex 3.08205 -2.5497 0
    endloop
  endfacet
  facet normal -0.750104 0.66132 0
    outer loop
      vertex 3.08205 -2.5497 4
      vertex 2.91587 -2.73819 0
      vertex 2.91587 -2.73819 4
    endloop
  endfacet
  facet normal -0.960301 -0.278964 0
    outer loop
      vertex 3.87433 0.994759 0
      vertex 3.80423 1.23607 4
      vertex 3.80423 1.23607 0
    endloop
  endfacet
  facet normal -0.960301 -0.278964 0
    outer loop
      vertex 3.80423 1.23607 4
      vertex 3.87433 0.994759 0
      vertex 3.87433 0.994759 4
    endloop
  endfacet
  facet normal -0.707107 0.707107 0
    outer loop
      vertex 2.73819 -2.91587 0
      vertex 2.91587 -2.73819 4
      vertex 2.91587 -2.73819 0
    endloop
  endfacet
  facet normal -0.707107 0.707107 0
    outer loop
      vertex 2.91587 -2.73819 4
      vertex 2.73819 -2.91587 0
      vertex 2.73819 -2.91587 4
    endloop
  endfacet
  facet normal -0.827083 -0.56208 0
    outer loop
      vertex 3.37731 2.14331 0
      vertex 3.23607 2.35114 4
      vertex 3.23607 2.35114 0
    endloop
  endfacet
  facet normal -0.827083 -0.56208 0
    outer loop
      vertex 3.23607 2.35114 4
      vertex 3.37731 2.14331 0
      vertex 3.37731 2.14331 4
    endloop
  endfacet
  facet normal 0.960301 -0.278964 0
    outer loop
      vertex -3.87433 0.994759 4
      vertex -3.80423 1.23607 0
      vertex -3.80423 1.23607 4
    endloop
  endfacet
  facet normal 0.960301 -0.278964 0
    outer loop
      vertex -3.80423 1.23607 0
      vertex -3.87433 0.994759 4
      vertex -3.87433 0.994759 0
    endloop
  endfacet
  facet normal -0.397154 -0.917752 0
    outer loop
      vertex 1.4725 3.71911 0
      vertex 1.70312 3.61931 4
      vertex 1.4725 3.71911 4
    endloop
  endfacet
  facet normal -0.397154 -0.917752 -0
    outer loop
      vertex 1.70312 3.61931 4
      vertex 1.4725 3.71911 0
      vertex 1.70312 3.61931 0
    endloop
  endfacet
  facet normal -0.975914 0.218157 0
    outer loop
      vertex 3.87433 -0.994759 0
      vertex 3.92915 -0.749525 4
      vertex 3.92915 -0.749525 0
    endloop
  endfacet
  facet normal -0.975914 0.218157 0
    outer loop
      vertex 3.92915 -0.749525 4
      vertex 3.87433 -0.994759 0
      vertex 3.87433 -0.994759 4
    endloop
  endfacet
  facet normal 0.999507 0.0313985 0
    outer loop
      vertex -3.99211 -0.251162 4
      vertex -4 0 0
      vertex -4 0 4
    endloop
  endfacet
  facet normal 0.999507 0.0313985 0
    outer loop
      vertex -4 0 0
      vertex -3.99211 -0.251162 4
      vertex -3.99211 -0.251162 0
    endloop
  endfacet
  facet normal 0.995561 0.0941161 0
    outer loop
      vertex -3.96846 -0.501332 4
      vertex -3.99211 -0.251162 0
      vertex -3.99211 -0.251162 4
    endloop
  endfacet
  facet normal 0.995561 0.0941161 0
    outer loop
      vertex -3.99211 -0.251162 0
      vertex -3.96846 -0.501332 4
      vertex -3.96846 -0.501332 0
    endloop
  endfacet
  facet normal 0.156435 -0.987688 0
    outer loop
      vertex -0.749525 3.92915 0
      vertex -0.501332 3.96846 4
      vertex -0.749525 3.92915 4
    endloop
  endfacet
  facet normal 0.156435 -0.987688 0
    outer loop
      vertex -0.501332 3.96846 4
      vertex -0.749525 3.92915 0
      vertex -0.501332 3.96846 0
    endloop
  endfacet
  facet normal -0.453998 -0.891003 0
    outer loop
      vertex 1.70312 3.61931 0
      vertex 1.92701 3.50523 4
      vertex 1.70312 3.61931 4
    endloop
  endfacet
  facet normal -0.453998 -0.891003 -0
    outer loop
      vertex 1.92701 3.50523 4
      vertex 1.70312 3.61931 0
      vertex 1.92701 3.50523 0
    endloop
  endfacet
  facet normal -0.338738 0.940881 0
    outer loop
      vertex 1.4725 -3.71911 0
      vertex 1.23607 -3.80423 4
      vertex 1.4725 -3.71911 4
    endloop
  endfacet
  facet normal -0.338738 0.940881 0
    outer loop
      vertex 1.23607 -3.80423 4
      vertex 1.4725 -3.71911 0
      vertex 1.23607 -3.80423 0
    endloop
  endfacet
  facet normal 0.218157 0.975914 -0
    outer loop
      vertex -0.749525 -3.92915 0
      vertex -0.994759 -3.87433 4
      vertex -0.749525 -3.92915 4
    endloop
  endfacet
  facet normal 0.218157 0.975914 0
    outer loop
      vertex -0.994759 -3.87433 4
      vertex -0.749525 -3.92915 0
      vertex -0.994759 -3.87433 0
    endloop
  endfacet
  facet normal 0.860741 0.509043 0
    outer loop
      vertex -3.37731 -2.14331 4
      vertex -3.50523 -1.92701 0
      vertex -3.50523 -1.92701 4
    endloop
  endfacet
  facet normal 0.860741 0.509043 0
    outer loop
      vertex -3.50523 -1.92701 0
      vertex -3.37731 -2.14331 4
      vertex -3.37731 -2.14331 0
    endloop
  endfacet
  facet normal 0.509043 0.860741 -0
    outer loop
      vertex -1.92701 -3.50523 0
      vertex -2.14331 -3.37731 4
      vertex -1.92701 -3.50523 4
    endloop
  endfacet
  facet normal 0.509043 0.860741 0
    outer loop
      vertex -2.14331 -3.37731 4
      vertex -1.92701 -3.50523 0
      vertex -2.14331 -3.37731 0
    endloop
  endfacet
  facet normal 0.960301 0.278964 0
    outer loop
      vertex -3.80423 -1.23607 4
      vertex -3.87433 -0.994759 0
      vertex -3.87433 -0.994759 4
    endloop
  endfacet
  facet normal 0.960301 0.278964 0
    outer loop
      vertex -3.87433 -0.994759 0
      vertex -3.80423 -1.23607 4
      vertex -3.80423 -1.23607 0
    endloop
  endfacet
  facet normal 0.975914 0.218157 0
    outer loop
      vertex -3.87433 -0.994759 4
      vertex -3.92915 -0.749525 0
      vertex -3.92915 -0.749525 4
    endloop
  endfacet
  facet normal 0.975914 0.218157 0
    outer loop
      vertex -3.92915 -0.749525 0
      vertex -3.87433 -0.994759 4
      vertex -3.87433 -0.994759 0
    endloop
  endfacet
  facet normal -0.707107 -0.707107 0
    outer loop
      vertex 2.91587 2.73819 0
      vertex 2.73819 2.91587 4
      vertex 2.73819 2.91587 0
    endloop
  endfacet
  facet normal -0.707107 -0.707107 0
    outer loop
      vertex 2.73819 2.91587 4
      vertex 2.91587 2.73819 0
      vertex 2.91587 2.73819 4
    endloop
  endfacet
  facet normal 0.860741 -0.509043 0
    outer loop
      vertex -3.50523 1.92701 4
      vertex -3.37731 2.14331 0
      vertex -3.37731 2.14331 4
    endloop
  endfacet
  facet normal 0.860741 -0.509043 0
    outer loop
      vertex -3.37731 2.14331 0
      vertex -3.50523 1.92701 4
      vertex -3.50523 1.92701 0
    endloop
  endfacet
  facet normal 0.0941161 -0.995561 0
    outer loop
      vertex -0.501332 3.96846 0
      vertex -0.251162 3.99211 4
      vertex -0.501332 3.96846 4
    endloop
  endfacet
  facet normal 0.0941161 -0.995561 0
    outer loop
      vertex -0.251162 3.99211 4
      vertex -0.501332 3.96846 0
      vertex -0.251162 3.99211 0
    endloop
  endfacet
  facet normal 0.750104 0.66132 0
    outer loop
      vertex -2.91587 -2.73819 4
      vertex -3.08205 -2.5497 0
      vertex -3.08205 -2.5497 4
    endloop
  endfacet
  facet normal 0.750104 0.66132 0
    outer loop
      vertex -3.08205 -2.5497 0
      vertex -2.91587 -2.73819 4
      vertex -2.91587 -2.73819 0
    endloop
  endfacet
  facet normal 0.790153 0.61291 0
    outer loop
      vertex -3.08205 -2.5497 4
      vertex -3.23607 -2.35114 0
      vertex -3.23607 -2.35114 4
    endloop
  endfacet
  facet normal 0.790153 0.61291 0
    outer loop
      vertex -3.23607 -2.35114 0
      vertex -3.08205 -2.5497 4
      vertex -3.08205 -2.5497 0
    endloop
  endfacet
  facet normal 0.278964 0.960301 -0
    outer loop
      vertex -0.994759 -3.87433 0
      vertex -1.23607 -3.80423 4
      vertex -0.994759 -3.87433 4
    endloop
  endfacet
  facet normal 0.278964 0.960301 0
    outer loop
      vertex -1.23607 -3.80423 4
      vertex -0.994759 -3.87433 0
      vertex -1.23607 -3.80423 0
    endloop
  endfacet
  facet normal 0.278964 -0.960301 0
    outer loop
      vertex -1.23607 3.80423 0
      vertex -0.994759 3.87433 4
      vertex -1.23607 3.80423 4
    endloop
  endfacet
  facet normal 0.278964 -0.960301 0
    outer loop
      vertex -0.994759 3.87433 4
      vertex -1.23607 3.80423 0
      vertex -0.994759 3.87433 0
    endloop
  endfacet
  facet normal 0.707107 0.707107 0
    outer loop
      vertex -2.73819 -2.91587 4
      vertex -2.91587 -2.73819 0
      vertex -2.91587 -2.73819 4
    endloop
  endfacet
  facet normal 0.707107 0.707107 0
    outer loop
      vertex -2.91587 -2.73819 0
      vertex -2.73819 -2.91587 4
      vertex -2.73819 -2.91587 0
    endloop
  endfacet
  facet normal -0.891003 0.453998 0
    outer loop
      vertex 3.50523 -1.92701 0
      vertex 3.61931 -1.70312 4
      vertex 3.61931 -1.70312 0
    endloop
  endfacet
  facet normal -0.891003 0.453998 0
    outer loop
      vertex 3.61931 -1.70312 4
      vertex 3.50523 -1.92701 0
      vertex 3.50523 -1.92701 4
    endloop
  endfacet
  facet normal -0.0941161 0.995561 0
    outer loop
      vertex 0.501332 -3.96846 0
      vertex 0.251162 -3.99211 4
      vertex 0.501332 -3.96846 4
    endloop
  endfacet
  facet normal -0.0941161 0.995561 0
    outer loop
      vertex 0.251162 -3.99211 4
      vertex 0.501332 -3.96846 0
      vertex 0.251162 -3.99211 0
    endloop
  endfacet
  facet normal -0.453998 0.891003 0
    outer loop
      vertex 1.92701 -3.50523 0
      vertex 1.70312 -3.61931 4
      vertex 1.92701 -3.50523 4
    endloop
  endfacet
  facet normal -0.453998 0.891003 0
    outer loop
      vertex 1.70312 -3.61931 4
      vertex 1.92701 -3.50523 0
      vertex 1.70312 -3.61931 0
    endloop
  endfacet
  facet normal -0.278964 -0.960301 0
    outer loop
      vertex 0.994759 3.87433 0
      vertex 1.23607 3.80423 4
      vertex 0.994759 3.87433 4
    endloop
  endfacet
  facet normal -0.278964 -0.960301 -0
    outer loop
      vertex 1.23607 3.80423 4
      vertex 0.994759 3.87433 0
      vertex 1.23607 3.80423 0
    endloop
  endfacet
  facet normal -0.860741 0.509043 0
    outer loop
      vertex 3.37731 -2.14331 0
      vertex 3.50523 -1.92701 4
      vertex 3.50523 -1.92701 0
    endloop
  endfacet
  facet normal -0.860741 0.509043 0
    outer loop
      vertex 3.50523 -1.92701 4
      vertex 3.37731 -2.14331 0
      vertex 3.37731 -2.14331 4
    endloop
  endfacet
  facet normal -0.960301 0.278964 0
    outer loop
      vertex 3.80423 -1.23607 0
      vertex 3.87433 -0.994759 4
      vertex 3.87433 -0.994759 0
    endloop
  endfacet
  facet normal -0.960301 0.278964 0
    outer loop
      vertex 3.87433 -0.994759 4
      vertex 3.80423 -1.23607 0
      vertex 3.80423 -1.23607 4
    endloop
  endfacet
  facet normal 0.917752 0.397154 0
    outer loop
      vertex -3.61931 -1.70312 4
      vertex -3.71911 -1.4725 0
      vertex -3.71911 -1.4725 4
    endloop
  endfacet
  facet normal 0.917752 0.397154 0
    outer loop
      vertex -3.71911 -1.4725 0
      vertex -3.61931 -1.70312 4
      vertex -3.61931 -1.70312 0
    endloop
  endfacet
  facet normal -0.790153 -0.61291 0
    outer loop
      vertex 3.23607 2.35114 0
      vertex 3.08205 2.5497 4
      vertex 3.08205 2.5497 0
    endloop
  endfacet
  facet normal -0.790153 -0.61291 0
    outer loop
      vertex 3.08205 2.5497 4
      vertex 3.23607 2.35114 0
      vertex 3.23607 2.35114 4
    endloop
  endfacet
  facet normal -0.338738 -0.940881 0
    outer loop
      vertex 1.23607 3.80423 0
      vertex 1.4725 3.71911 4
      vertex 1.23607 3.80423 4
    endloop
  endfacet
  facet normal -0.338738 -0.940881 -0
    outer loop
      vertex 1.4725 3.71911 4
      vertex 1.23607 3.80423 0
      vertex 1.4725 3.71911 0
    endloop
  endfacet
  facet normal 0.707107 -0.707107 0
    outer loop
      vertex -2.91587 2.73819 4
      vertex -2.73819 2.91587 0
      vertex -2.73819 2.91587 4
    endloop
  endfacet
  facet normal 0.707107 -0.707107 0
    outer loop
      vertex -2.73819 2.91587 0
      vertex -2.91587 2.73819 4
      vertex -2.91587 2.73819 0
    endloop
  endfacet
  facet normal 0.975914 -0.218157 0
    outer loop
      vertex -3.92915 0.749525 4
      vertex -3.87433 0.994759 0
      vertex -3.87433 0.994759 4
    endloop
  endfacet
  facet normal 0.975914 -0.218157 0
    outer loop
      vertex -3.87433 0.994759 0
      vertex -3.92915 0.749525 4
      vertex -3.92915 0.749525 0
    endloop
  endfacet
  facet normal 0.56208 0.827083 -0
    outer loop
      vertex -2.14331 -3.37731 0
      vertex -2.35114 -3.23607 4
      vertex -2.14331 -3.37731 4
    endloop
  endfacet
  facet normal 0.56208 0.827083 0
    outer loop
      vertex -2.35114 -3.23607 4
      vertex -2.14331 -3.37731 0
      vertex -2.35114 -3.23607 0
    endloop
  endfacet
  facet normal 0.987688 -0.156435 0
    outer loop
      vertex -3.96846 0.501332 4
      vertex -3.92915 0.749525 0
      vertex -3.92915 0.749525 4
    endloop
  endfacet
  facet normal 0.987688 -0.156435 0
    outer loop
      vertex -3.92915 0.749525 0
      vertex -3.96846 0.501332 4
      vertex -3.96846 0.501332 0
    endloop
  endfacet
  facet normal 0.218157 -0.975914 0
    outer loop
      vertex -0.994759 3.87433 0
      vertex -0.749525 3.92915 4
      vertex -0.994759 3.87433 4
    endloop
  endfacet
  facet normal 0.218157 -0.975914 0
    outer loop
      vertex -0.749525 3.92915 4
      vertex -0.994759 3.87433 0
      vertex -0.749525 3.92915 0
    endloop
  endfacet
  facet normal 0.917752 -0.397154 0
    outer loop
      vertex -3.71911 1.4725 4
      vertex -3.61931 1.70312 0
      vertex -3.61931 1.70312 4
    endloop
  endfacet
  facet normal 0.917752 -0.397154 0
    outer loop
      vertex -3.61931 1.70312 0
      vertex -3.71911 1.4725 4
      vertex -3.71911 1.4725 0
    endloop
  endfacet
  facet normal 0.750104 -0.66132 0
    outer loop
      vertex -3.08205 2.5497 4
      vertex -2.91587 2.73819 0
      vertex -2.91587 2.73819 4
    endloop
  endfacet
  facet normal 0.750104 -0.66132 0
    outer loop
      vertex -2.91587 2.73819 0
      vertex -3.08205 2.5497 4
      vertex -3.08205 2.5497 0
    endloop
  endfacet
  facet normal 0.827083 -0.56208 0
    outer loop
      vertex -3.37731 2.14331 4
      vertex -3.23607 2.35114 0
      vertex -3.23607 2.35114 4
    endloop
  endfacet
  facet normal 0.827083 -0.56208 0
    outer loop
      vertex -3.23607 2.35114 0
      vertex -3.37731 2.14331 4
      vertex -3.37731 2.14331 0
    endloop
  endfacet
  facet normal 0.453998 -0.891003 0
    outer loop
      vertex -1.92701 3.50523 0
      vertex -1.70312 3.61931 4
      vertex -1.92701 3.50523 4
    endloop
  endfacet
  facet normal 0.453998 -0.891003 0
    outer loop
      vertex -1.70312 3.61931 4
      vertex -1.92701 3.50523 0
      vertex -1.70312 3.61931 0
    endloop
  endfacet
  facet normal -0.66132 0.750104 0
    outer loop
      vertex 2.73819 -2.91587 0
      vertex 2.5497 -3.08205 4
      vertex 2.73819 -2.91587 4
    endloop
  endfacet
  facet normal -0.66132 0.750104 0
    outer loop
      vertex 2.5497 -3.08205 4
      vertex 2.73819 -2.91587 0
      vertex 2.5497 -3.08205 0
    endloop
  endfacet
  facet normal 0.66132 0.750104 -0
    outer loop
      vertex -2.5497 -3.08205 0
      vertex -2.73819 -2.91587 4
      vertex -2.5497 -3.08205 4
    endloop
  endfacet
  facet normal 0.66132 0.750104 0
    outer loop
      vertex -2.73819 -2.91587 4
      vertex -2.5497 -3.08205 0
      vertex -2.73819 -2.91587 0
    endloop
  endfacet
  facet normal 0.891003 -0.453998 0
    outer loop
      vertex -3.61931 1.70312 4
      vertex -3.50523 1.92701 0
      vertex -3.50523 1.92701 4
    endloop
  endfacet
  facet normal 0.891003 -0.453998 0
    outer loop
      vertex -3.50523 1.92701 0
      vertex -3.61931 1.70312 4
      vertex -3.61931 1.70312 0
    endloop
  endfacet
  facet normal 0.453998 0.891003 -0
    outer loop
      vertex -1.70312 -3.61931 0
      vertex -1.92701 -3.50523 4
      vertex -1.70312 -3.61931 4
    endloop
  endfacet
  facet normal 0.453998 0.891003 0
    outer loop
      vertex -1.92701 -3.50523 4
      vertex -1.70312 -3.61931 0
      vertex -1.92701 -3.50523 0
    endloop
  endfacet
  facet normal 0.397154 0.917752 -0
    outer loop
      vertex -1.4725 -3.71911 0
      vertex -1.70312 -3.61931 4
      vertex -1.4725 -3.71911 4
    endloop
  endfacet
  facet normal 0.397154 0.917752 0
    outer loop
      vertex -1.70312 -3.61931 4
      vertex -1.4725 -3.71911 0
      vertex -1.70312 -3.61931 0
    endloop
  endfacet
  facet normal -0.99558 -0.0939189 0
    outer loop
      vertex 38.9921 0.251162 0
      vertex 38.9685 0.501332 4
      vertex 38.9685 0.501332 0
    endloop
  endfacet
  facet normal -0.99558 -0.0939189 0
    outer loop
      vertex 38.9685 0.501332 4
      vertex 38.9921 0.251162 0
      vertex 38.9921 0.251162 4
    endloop
  endfacet
  facet normal -0.999506 -0.0314383 0
    outer loop
      vertex 39 0 0
      vertex 38.9921 0.251162 4
      vertex 38.9921 0.251162 0
    endloop
  endfacet
  facet normal -0.999506 -0.0314383 0
    outer loop
      vertex 38.9921 0.251162 4
      vertex 39 0 0
      vertex 39 0 4
    endloop
  endfacet
  facet normal -0.987633 -0.156784 0
    outer loop
      vertex 38.9685 0.501332 0
      vertex 38.9291 0.749525 4
      vertex 38.9291 0.749525 0
    endloop
  endfacet
  facet normal -0.987633 -0.156784 0
    outer loop
      vertex 38.9291 0.749525 4
      vertex 38.9685 0.501332 0
      vertex 38.9685 0.501332 4
    endloop
  endfacet
  facet normal -0.975931 -0.218081 0
    outer loop
      vertex 38.9291 0.749525 0
      vertex 38.8743 0.994759 4
      vertex 38.8743 0.994759 0
    endloop
  endfacet
  facet normal -0.975931 -0.218081 0
    outer loop
      vertex 38.8743 0.994759 4
      vertex 38.9291 0.749525 0
      vertex 38.9291 0.749525 4
    endloop
  endfacet
  facet normal 0.509043 -0.860741 0
    outer loop
      vertex 32.8567 3.37731 0
      vertex 33.073 3.50523 4
      vertex 32.8567 3.37731 4
    endloop
  endfacet
  facet normal 0.509043 -0.860741 0
    outer loop
      vertex 33.073 3.50523 4
      vertex 32.8567 3.37731 0
      vertex 33.073 3.50523 0
    endloop
  endfacet
  facet normal -0.0313938 0.999507 0
    outer loop
      vertex 35.2512 -3.99211 0
      vertex 35 -4 4
      vertex 35.2512 -3.99211 4
    endloop
  endfacet
  facet normal -0.0313938 0.999507 0
    outer loop
      vertex 35 -4 4
      vertex 35.2512 -3.99211 0
      vertex 35 -4 0
    endloop
  endfacet
  facet normal 0.827157 -0.561971 0
    outer loop
      vertex 31.6227 2.14331 4
      vertex 31.7639 2.35114 0
      vertex 31.7639 2.35114 4
    endloop
  endfacet
  facet normal 0.827157 -0.561971 0
    outer loop
      vertex 31.7639 2.35114 0
      vertex 31.6227 2.14331 4
      vertex 31.6227 2.14331 0
    endloop
  endfacet
  facet normal 0.940906 0.338667 0
    outer loop
      vertex 31.2809 -1.4725 4
      vertex 31.1958 -1.23607 0
      vertex 31.1958 -1.23607 4
    endloop
  endfacet
  facet normal 0.940906 0.338667 0
    outer loop
      vertex 31.1958 -1.23607 0
      vertex 31.2809 -1.4725 4
      vertex 31.2809 -1.4725 0
    endloop
  endfacet
  facet normal -0.6613 0.750121 0
    outer loop
      vertex 37.7382 -2.91587 0
      vertex 37.5497 -3.08205 4
      vertex 37.7382 -2.91587 4
    endloop
  endfacet
  facet normal -0.6613 0.750121 0
    outer loop
      vertex 37.5497 -3.08205 4
      vertex 37.7382 -2.91587 0
      vertex 37.5497 -3.08205 0
    endloop
  endfacet
  facet normal -0.218101 -0.975926 0
    outer loop
      vertex 35.7495 3.92915 0
      vertex 35.9948 3.87433 4
      vertex 35.7495 3.92915 4
    endloop
  endfacet
  facet normal -0.218101 -0.975926 -0
    outer loop
      vertex 35.9948 3.87433 4
      vertex 35.7495 3.92915 0
      vertex 35.9948 3.87433 0
    endloop
  endfacet
  facet normal 0.917752 0.397154 0
    outer loop
      vertex 31.3807 -1.70312 4
      vertex 31.2809 -1.4725 0
      vertex 31.2809 -1.4725 4
    endloop
  endfacet
  facet normal 0.917752 0.397154 0
    outer loop
      vertex 31.2809 -1.4725 0
      vertex 31.3807 -1.70312 4
      vertex 31.3807 -1.70312 0
    endloop
  endfacet
  facet normal 0.338776 0.940867 -0
    outer loop
      vertex 33.7639 -3.80423 0
      vertex 33.5275 -3.71911 4
      vertex 33.7639 -3.80423 4
    endloop
  endfacet
  facet normal 0.338776 0.940867 0
    outer loop
      vertex 33.5275 -3.71911 4
      vertex 33.7639 -3.80423 0
      vertex 33.5275 -3.71911 0
    endloop
  endfacet
  facet normal 0.397183 -0.917739 0
    outer loop
      vertex 33.2969 3.61931 0
      vertex 33.5275 3.71911 4
      vertex 33.2969 3.61931 4
    endloop
  endfacet
  facet normal 0.397183 -0.917739 0
    outer loop
      vertex 33.5275 3.71911 4
      vertex 33.2969 3.61931 0
      vertex 33.5275 3.71911 0
    endloop
  endfacet
  facet normal -0.453982 -0.891011 0
    outer loop
      vertex 36.7031 3.61931 0
      vertex 36.927 3.50523 4
      vertex 36.7031 3.61931 4
    endloop
  endfacet
  facet normal -0.453982 -0.891011 -0
    outer loop
      vertex 36.927 3.50523 4
      vertex 36.7031 3.61931 0
      vertex 36.927 3.50523 0
    endloop
  endfacet
  facet normal -0.562136 0.827045 0
    outer loop
      vertex 37.3511 -3.23607 0
      vertex 37.1433 -3.37731 4
      vertex 37.3511 -3.23607 4
    endloop
  endfacet
  facet normal -0.562136 0.827045 0
    outer loop
      vertex 37.1433 -3.37731 4
      vertex 37.3511 -3.23607 0
      vertex 37.1433 -3.37731 0
    endloop
  endfacet
  facet normal -0.750064 -0.661365 0
    outer loop
      vertex 38.0821 2.5497 0
      vertex 37.9159 2.73819 4
      vertex 37.9159 2.73819 0
    endloop
  endfacet
  facet normal -0.750064 -0.661365 0
    outer loop
      vertex 37.9159 2.73819 4
      vertex 38.0821 2.5497 0
      vertex 38.0821 2.5497 4
    endloop
  endfacet
  facet normal 0.218101 -0.975926 0
    outer loop
      vertex 34.0052 3.87433 0
      vertex 34.2505 3.92915 4
      vertex 34.0052 3.87433 4
    endloop
  endfacet
  facet normal 0.218101 -0.975926 0
    outer loop
      vertex 34.2505 3.92915 4
      vertex 34.0052 3.87433 0
      vertex 34.2505 3.92915 0
    endloop
  endfacet
  facet normal 0.707067 0.707147 0
    outer loop
      vertex 32.2618 -2.91587 4
      vertex 32.0841 -2.73819 0
      vertex 32.0841 -2.73819 4
    endloop
  endfacet
  facet normal 0.707067 0.707147 0
    outer loop
      vertex 32.0841 -2.73819 0
      vertex 32.2618 -2.91587 4
      vertex 32.2618 -2.91587 0
    endloop
  endfacet
  facet normal -0.975931 0.218081 0
    outer loop
      vertex 38.8743 -0.994759 0
      vertex 38.9291 -0.749525 4
      vertex 38.9291 -0.749525 0
    endloop
  endfacet
  facet normal -0.975931 0.218081 0
    outer loop
      vertex 38.9291 -0.749525 4
      vertex 38.8743 -0.994759 0
      vertex 38.8743 -0.994759 4
    endloop
  endfacet
  facet normal -0.156431 -0.987689 0
    outer loop
      vertex 35.5013 3.96846 0
      vertex 35.7495 3.92915 4
      vertex 35.5013 3.96846 4
    endloop
  endfacet
  facet normal -0.156431 -0.987689 -0
    outer loop
      vertex 35.7495 3.92915 4
      vertex 35.5013 3.96846 0
      vertex 35.7495 3.92915 0
    endloop
  endfacet
  facet normal 0.860776 -0.508984 0
    outer loop
      vertex 31.4948 1.92701 4
      vertex 31.6227 2.14331 0
      vertex 31.6227 2.14331 4
    endloop
  endfacet
  facet normal 0.860776 -0.508984 0
    outer loop
      vertex 31.6227 2.14331 0
      vertex 31.4948 1.92701 4
      vertex 31.4948 1.92701 0
    endloop
  endfacet
  facet normal -0.453982 0.891011 0
    outer loop
      vertex 36.927 -3.50523 0
      vertex 36.7031 -3.61931 4
      vertex 36.927 -3.50523 4
    endloop
  endfacet
  facet normal -0.453982 0.891011 0
    outer loop
      vertex 36.7031 -3.61931 4
      vertex 36.927 -3.50523 0
      vertex 36.7031 -3.61931 0
    endloop
  endfacet
  facet normal 0.612833 -0.790213 0
    outer loop
      vertex 32.4503 3.08205 0
      vertex 32.6489 3.23607 4
      vertex 32.4503 3.08205 4
    endloop
  endfacet
  facet normal 0.612833 -0.790213 0
    outer loop
      vertex 32.6489 3.23607 4
      vertex 32.4503 3.08205 0
      vertex 32.6489 3.23607 0
    endloop
  endfacet
  facet normal 0.0313938 -0.999507 0
    outer loop
      vertex 34.7488 3.99211 0
      vertex 35 4 4
      vertex 34.7488 3.99211 4
    endloop
  endfacet
  facet normal 0.0313938 -0.999507 0
    outer loop
      vertex 35 4 4
      vertex 34.7488 3.99211 0
      vertex 35 4 0
    endloop
  endfacet
  facet normal 0.975931 0.218081 0
    outer loop
      vertex 31.1257 -0.994759 4
      vertex 31.0709 -0.749525 0
      vertex 31.0709 -0.749525 4
    endloop
  endfacet
  facet normal 0.975931 0.218081 0
    outer loop
      vertex 31.0709 -0.749525 0
      vertex 31.1257 -0.994759 4
      vertex 31.1257 -0.994759 0
    endloop
  endfacet
  facet normal 0.99558 -0.0939189 0
    outer loop
      vertex 31.0079 0.251162 4
      vertex 31.0315 0.501332 0
      vertex 31.0315 0.501332 4
    endloop
  endfacet
  facet normal 0.99558 -0.0939189 0
    outer loop
      vertex 31.0315 0.501332 0
      vertex 31.0079 0.251162 4
      vertex 31.0079 0.251162 0
    endloop
  endfacet
  facet normal -0.99558 0.0939189 0
    outer loop
      vertex 38.9685 -0.501332 0
      vertex 38.9921 -0.251162 4
      vertex 38.9921 -0.251162 0
    endloop
  endfacet
  facet normal -0.99558 0.0939189 0
    outer loop
      vertex 38.9921 -0.251162 4
      vertex 38.9685 -0.501332 0
      vertex 38.9685 -0.501332 4
    endloop
  endfacet
  facet normal -0.612833 0.790213 0
    outer loop
      vertex 37.5497 -3.08205 0
      vertex 37.3511 -3.23607 4
      vertex 37.5497 -3.08205 4
    endloop
  endfacet
  facet normal -0.612833 0.790213 0
    outer loop
      vertex 37.3511 -3.23607 4
      vertex 37.5497 -3.08205 0
      vertex 37.3511 -3.23607 0
    endloop
  endfacet
  facet normal 0.0941422 0.995559 -0
    outer loop
      vertex 34.7488 -3.99211 0
      vertex 34.4987 -3.96846 4
      vertex 34.7488 -3.99211 4
    endloop
  endfacet
  facet normal 0.0941422 0.995559 0
    outer loop
      vertex 34.4987 -3.96846 4
      vertex 34.7488 -3.99211 0
      vertex 34.4987 -3.96846 0
    endloop
  endfacet
  facet normal -0.917752 -0.397154 0
    outer loop
      vertex 38.7191 1.4725 0
      vertex 38.6193 1.70312 4
      vertex 38.6193 1.70312 0
    endloop
  endfacet
  facet normal -0.917752 -0.397154 0
    outer loop
      vertex 38.6193 1.70312 4
      vertex 38.7191 1.4725 0
      vertex 38.7191 1.4725 4
    endloop
  endfacet
  facet normal -0.860776 -0.508984 0
    outer loop
      vertex 38.5052 1.92701 0
      vertex 38.3773 2.14331 4
      vertex 38.3773 2.14331 0
    endloop
  endfacet
  facet normal -0.860776 -0.508984 0
    outer loop
      vertex 38.3773 2.14331 4
      vertex 38.5052 1.92701 0
      vertex 38.5052 1.92701 4
    endloop
  endfacet
  facet normal -0.0941422 0.995559 0
    outer loop
      vertex 35.5013 -3.96846 0
      vertex 35.2512 -3.99211 4
      vertex 35.5013 -3.96846 4
    endloop
  endfacet
  facet normal -0.0941422 0.995559 0
    outer loop
      vertex 35.2512 -3.99211 4
      vertex 35.5013 -3.96846 0
      vertex 35.2512 -3.99211 0
    endloop
  endfacet
  facet normal 0.509043 0.860741 -0
    outer loop
      vertex 33.073 -3.50523 0
      vertex 32.8567 -3.37731 4
      vertex 33.073 -3.50523 4
    endloop
  endfacet
  facet normal 0.509043 0.860741 0
    outer loop
      vertex 32.8567 -3.37731 4
      vertex 33.073 -3.50523 0
      vertex 32.8567 -3.37731 0
    endloop
  endfacet
  facet normal -0.960301 0.278964 0
    outer loop
      vertex 38.8042 -1.23607 0
      vertex 38.8743 -0.994759 4
      vertex 38.8743 -0.994759 0
    endloop
  endfacet
  facet normal -0.960301 0.278964 0
    outer loop
      vertex 38.8743 -0.994759 4
      vertex 38.8042 -1.23607 0
      vertex 38.8042 -1.23607 4
    endloop
  endfacet
  facet normal 0.218101 0.975926 -0
    outer loop
      vertex 34.2505 -3.92915 0
      vertex 34.0052 -3.87433 4
      vertex 34.2505 -3.92915 4
    endloop
  endfacet
  facet normal 0.218101 0.975926 0
    outer loop
      vertex 34.0052 -3.87433 4
      vertex 34.2505 -3.92915 0
      vertex 34.0052 -3.87433 0
    endloop
  endfacet
  facet normal -0.890971 0.454061 0
    outer loop
      vertex 38.5052 -1.92701 0
      vertex 38.6193 -1.70312 4
      vertex 38.6193 -1.70312 0
    endloop
  endfacet
  facet normal -0.890971 0.454061 0
    outer loop
      vertex 38.6193 -1.70312 4
      vertex 38.5052 -1.92701 0
      vertex 38.5052 -1.92701 4
    endloop
  endfacet
  facet normal -0.999506 0.0314383 0
    outer loop
      vertex 38.9921 -0.251162 0
      vertex 39 0 4
      vertex 39 0 0
    endloop
  endfacet
  facet normal -0.999506 0.0314383 0
    outer loop
      vertex 39 0 4
      vertex 38.9921 -0.251162 0
      vertex 38.9921 -0.251162 4
    endloop
  endfacet
  facet normal -0.917752 0.397154 0
    outer loop
      vertex 38.6193 -1.70312 0
      vertex 38.7191 -1.4725 4
      vertex 38.7191 -1.4725 0
    endloop
  endfacet
  facet normal -0.917752 0.397154 0
    outer loop
      vertex 38.7191 -1.4725 4
      vertex 38.6193 -1.70312 0
      vertex 38.6193 -1.70312 4
    endloop
  endfacet
  facet normal 0.790191 -0.61286 0
    outer loop
      vertex 31.7639 2.35114 4
      vertex 31.9179 2.5497 0
      vertex 31.9179 2.5497 4
    endloop
  endfacet
  facet normal 0.790191 -0.61286 0
    outer loop
      vertex 31.9179 2.5497 0
      vertex 31.7639 2.35114 4
      vertex 31.7639 2.35114 0
    endloop
  endfacet
  facet normal -0.338776 -0.940867 0
    outer loop
      vertex 36.2361 3.80423 0
      vertex 36.4725 3.71911 4
      vertex 36.2361 3.80423 4
    endloop
  endfacet
  facet normal -0.338776 -0.940867 -0
    outer loop
      vertex 36.4725 3.71911 4
      vertex 36.2361 3.80423 0
      vertex 36.4725 3.71911 0
    endloop
  endfacet
  facet normal -0.987633 0.156784 0
    outer loop
      vertex 38.9291 -0.749525 0
      vertex 38.9685 -0.501332 4
      vertex 38.9685 -0.501332 0
    endloop
  endfacet
  facet normal -0.987633 0.156784 0
    outer loop
      vertex 38.9685 -0.501332 4
      vertex 38.9291 -0.749525 0
      vertex 38.9291 -0.749525 4
    endloop
  endfacet
  facet normal -0.940906 -0.338667 0
    outer loop
      vertex 38.8042 1.23607 0
      vertex 38.7191 1.4725 4
      vertex 38.7191 1.4725 0
    endloop
  endfacet
  facet normal -0.940906 -0.338667 0
    outer loop
      vertex 38.7191 1.4725 4
      vertex 38.8042 1.23607 0
      vertex 38.8042 1.23607 4
    endloop
  endfacet
  facet normal -0.397183 0.917739 0
    outer loop
      vertex 36.7031 -3.61931 0
      vertex 36.4725 -3.71911 4
      vertex 36.7031 -3.61931 4
    endloop
  endfacet
  facet normal -0.397183 0.917739 0
    outer loop
      vertex 36.4725 -3.71911 4
      vertex 36.7031 -3.61931 0
      vertex 36.4725 -3.71911 0
    endloop
  endfacet
  facet normal 0.860776 0.508984 0
    outer loop
      vertex 31.6227 -2.14331 4
      vertex 31.4948 -1.92701 0
      vertex 31.4948 -1.92701 4
    endloop
  endfacet
  facet normal 0.860776 0.508984 0
    outer loop
      vertex 31.4948 -1.92701 0
      vertex 31.6227 -2.14331 4
      vertex 31.6227 -2.14331 0
    endloop
  endfacet
  facet normal 0.960301 0.278964 0
    outer loop
      vertex 31.1958 -1.23607 4
      vertex 31.1257 -0.994759 0
      vertex 31.1257 -0.994759 4
    endloop
  endfacet
  facet normal 0.960301 0.278964 0
    outer loop
      vertex 31.1257 -0.994759 0
      vertex 31.1958 -1.23607 4
      vertex 31.1958 -1.23607 0
    endloop
  endfacet
  facet normal -0.278976 -0.960298 0
    outer loop
      vertex 35.9948 3.87433 0
      vertex 36.2361 3.80423 4
      vertex 35.9948 3.87433 4
    endloop
  endfacet
  facet normal -0.278976 -0.960298 -0
    outer loop
      vertex 36.2361 3.80423 4
      vertex 35.9948 3.87433 0
      vertex 36.2361 3.80423 0
    endloop
  endfacet
  facet normal 0.999506 0.0314383 0
    outer loop
      vertex 31.0079 -0.251162 4
      vertex 31 0 0
      vertex 31 0 4
    endloop
  endfacet
  facet normal 0.999506 0.0314383 0
    outer loop
      vertex 31 0 0
      vertex 31.0079 -0.251162 4
      vertex 31.0079 -0.251162 0
    endloop
  endfacet
  facet normal 0.999506 -0.0314383 0
    outer loop
      vertex 31 0 4
      vertex 31.0079 0.251162 0
      vertex 31.0079 0.251162 4
    endloop
  endfacet
  facet normal 0.999506 -0.0314383 0
    outer loop
      vertex 31.0079 0.251162 0
      vertex 31 0 4
      vertex 31 0 0
    endloop
  endfacet
  facet normal 0.278976 -0.960298 0
    outer loop
      vertex 33.7639 3.80423 0
      vertex 34.0052 3.87433 4
      vertex 33.7639 3.80423 4
    endloop
  endfacet
  facet normal 0.278976 -0.960298 0
    outer loop
      vertex 34.0052 3.87433 4
      vertex 33.7639 3.80423 0
      vertex 34.0052 3.87433 0
    endloop
  endfacet
  facet normal -0.827157 0.561971 0
    outer loop
      vertex 38.2361 -2.35114 0
      vertex 38.3773 -2.14331 4
      vertex 38.3773 -2.14331 0
    endloop
  endfacet
  facet normal -0.827157 0.561971 0
    outer loop
      vertex 38.3773 -2.14331 4
      vertex 38.2361 -2.35114 0
      vertex 38.2361 -2.35114 4
    endloop
  endfacet
  facet normal 0.940906 -0.338667 0
    outer loop
      vertex 31.1958 1.23607 4
      vertex 31.2809 1.4725 0
      vertex 31.2809 1.4725 4
    endloop
  endfacet
  facet normal 0.940906 -0.338667 0
    outer loop
      vertex 31.2809 1.4725 0
      vertex 31.1958 1.23607 4
      vertex 31.1958 1.23607 0
    endloop
  endfacet
  facet normal 0.750064 -0.661365 0
    outer loop
      vertex 31.9179 2.5497 4
      vertex 32.0841 2.73819 0
      vertex 32.0841 2.73819 4
    endloop
  endfacet
  facet normal 0.750064 -0.661365 0
    outer loop
      vertex 32.0841 2.73819 0
      vertex 31.9179 2.5497 4
      vertex 31.9179 2.5497 0
    endloop
  endfacet
  facet normal -0.890971 -0.454061 0
    outer loop
      vertex 38.6193 1.70312 0
      vertex 38.5052 1.92701 4
      vertex 38.5052 1.92701 0
    endloop
  endfacet
  facet normal -0.890971 -0.454061 0
    outer loop
      vertex 38.5052 1.92701 4
      vertex 38.6193 1.70312 0
      vertex 38.6193 1.70312 4
    endloop
  endfacet
  facet normal 0.338776 -0.940867 0
    outer loop
      vertex 33.5275 3.71911 0
      vertex 33.7639 3.80423 4
      vertex 33.5275 3.71911 4
    endloop
  endfacet
  facet normal 0.338776 -0.940867 0
    outer loop
      vertex 33.7639 3.80423 4
      vertex 33.5275 3.71911 0
      vertex 33.7639 3.80423 0
    endloop
  endfacet
  facet normal -0.0313938 -0.999507 0
    outer loop
      vertex 35 4 0
      vertex 35.2512 3.99211 4
      vertex 35 4 4
    endloop
  endfacet
  facet normal -0.0313938 -0.999507 -0
    outer loop
      vertex 35.2512 3.99211 4
      vertex 35 4 0
      vertex 35.2512 3.99211 0
    endloop
  endfacet
  facet normal 0.6613 -0.750121 0
    outer loop
      vertex 32.2618 2.91587 0
      vertex 32.4503 3.08205 4
      vertex 32.2618 2.91587 4
    endloop
  endfacet
  facet normal 0.6613 -0.750121 0
    outer loop
      vertex 32.4503 3.08205 4
      vertex 32.2618 2.91587 0
      vertex 32.4503 3.08205 0
    endloop
  endfacet
  facet normal -0.707067 -0.707147 0
    outer loop
      vertex 37.9159 2.73819 0
      vertex 37.7382 2.91587 4
      vertex 37.7382 2.91587 0
    endloop
  endfacet
  facet normal -0.707067 -0.707147 0
    outer loop
      vertex 37.7382 2.91587 4
      vertex 37.9159 2.73819 0
      vertex 37.9159 2.73819 4
    endloop
  endfacet
  facet normal -0.790191 0.61286 0
    outer loop
      vertex 38.0821 -2.5497 0
      vertex 38.2361 -2.35114 4
      vertex 38.2361 -2.35114 0
    endloop
  endfacet
  facet normal -0.790191 0.61286 0
    outer loop
      vertex 38.2361 -2.35114 4
      vertex 38.0821 -2.5497 0
      vertex 38.0821 -2.5497 4
    endloop
  endfacet
  facet normal -0.960301 -0.278964 0
    outer loop
      vertex 38.8743 0.994759 0
      vertex 38.8042 1.23607 4
      vertex 38.8042 1.23607 0
    endloop
  endfacet
  facet normal -0.960301 -0.278964 0
    outer loop
      vertex 38.8042 1.23607 4
      vertex 38.8743 0.994759 0
      vertex 38.8743 0.994759 4
    endloop
  endfacet
  facet normal 0.987633 0.156784 0
    outer loop
      vertex 31.0709 -0.749525 4
      vertex 31.0315 -0.501332 0
      vertex 31.0315 -0.501332 4
    endloop
  endfacet
  facet normal 0.987633 0.156784 0
    outer loop
      vertex 31.0315 -0.501332 0
      vertex 31.0709 -0.749525 4
      vertex 31.0709 -0.749525 0
    endloop
  endfacet
  facet normal 0.707067 -0.707147 0
    outer loop
      vertex 32.0841 2.73819 4
      vertex 32.2618 2.91587 0
      vertex 32.2618 2.91587 4
    endloop
  endfacet
  facet normal 0.707067 -0.707147 0
    outer loop
      vertex 32.2618 2.91587 0
      vertex 32.0841 2.73819 4
      vertex 32.0841 2.73819 0
    endloop
  endfacet
  facet normal -0.827157 -0.561971 0
    outer loop
      vertex 38.3773 2.14331 0
      vertex 38.2361 2.35114 4
      vertex 38.2361 2.35114 0
    endloop
  endfacet
  facet normal -0.827157 -0.561971 0
    outer loop
      vertex 38.2361 2.35114 4
      vertex 38.3773 2.14331 0
      vertex 38.3773 2.14331 4
    endloop
  endfacet
  facet normal -0.612833 -0.790213 0
    outer loop
      vertex 37.3511 3.23607 0
      vertex 37.5497 3.08205 4
      vertex 37.3511 3.23607 4
    endloop
  endfacet
  facet normal -0.612833 -0.790213 -0
    outer loop
      vertex 37.5497 3.08205 4
      vertex 37.3511 3.23607 0
      vertex 37.5497 3.08205 0
    endloop
  endfacet
  facet normal 0.562136 -0.827045 0
    outer loop
      vertex 32.6489 3.23607 0
      vertex 32.8567 3.37731 4
      vertex 32.6489 3.23607 4
    endloop
  endfacet
  facet normal 0.562136 -0.827045 0
    outer loop
      vertex 32.8567 3.37731 4
      vertex 32.6489 3.23607 0
      vertex 32.8567 3.37731 0
    endloop
  endfacet
  facet normal -0.562136 -0.827045 0
    outer loop
      vertex 37.1433 3.37731 0
      vertex 37.3511 3.23607 4
      vertex 37.1433 3.37731 4
    endloop
  endfacet
  facet normal -0.562136 -0.827045 -0
    outer loop
      vertex 37.3511 3.23607 4
      vertex 37.1433 3.37731 0
      vertex 37.3511 3.23607 0
    endloop
  endfacet
  facet normal 0.453982 0.891011 -0
    outer loop
      vertex 33.2969 -3.61931 0
      vertex 33.073 -3.50523 4
      vertex 33.2969 -3.61931 4
    endloop
  endfacet
  facet normal 0.453982 0.891011 0
    outer loop
      vertex 33.073 -3.50523 4
      vertex 33.2969 -3.61931 0
      vertex 33.073 -3.50523 0
    endloop
  endfacet
  facet normal 0.156431 0.987689 -0
    outer loop
      vertex 34.4987 -3.96846 0
      vertex 34.2505 -3.92915 4
      vertex 34.4987 -3.96846 4
    endloop
  endfacet
  facet normal 0.156431 0.987689 0
    outer loop
      vertex 34.2505 -3.92915 4
      vertex 34.4987 -3.96846 0
      vertex 34.2505 -3.92915 0
    endloop
  endfacet
  facet normal 0.750064 0.661365 0
    outer loop
      vertex 32.0841 -2.73819 4
      vertex 31.9179 -2.5497 0
      vertex 31.9179 -2.5497 4
    endloop
  endfacet
  facet normal 0.750064 0.661365 0
    outer loop
      vertex 31.9179 -2.5497 0
      vertex 32.0841 -2.73819 4
      vertex 32.0841 -2.73819 0
    endloop
  endfacet
  facet normal -0.6613 -0.750121 0
    outer loop
      vertex 37.5497 3.08205 0
      vertex 37.7382 2.91587 4
      vertex 37.5497 3.08205 4
    endloop
  endfacet
  facet normal -0.6613 -0.750121 -0
    outer loop
      vertex 37.7382 2.91587 4
      vertex 37.5497 3.08205 0
      vertex 37.7382 2.91587 0
    endloop
  endfacet
  facet normal 0.397183 0.917739 -0
    outer loop
      vertex 33.5275 -3.71911 0
      vertex 33.2969 -3.61931 4
      vertex 33.5275 -3.71911 4
    endloop
  endfacet
  facet normal 0.397183 0.917739 0
    outer loop
      vertex 33.2969 -3.61931 4
      vertex 33.5275 -3.71911 0
      vertex 33.2969 -3.61931 0
    endloop
  endfacet
  facet normal -0.156431 0.987689 0
    outer loop
      vertex 35.7495 -3.92915 0
      vertex 35.5013 -3.96846 4
      vertex 35.7495 -3.92915 4
    endloop
  endfacet
  facet normal -0.156431 0.987689 0
    outer loop
      vertex 35.5013 -3.96846 4
      vertex 35.7495 -3.92915 0
      vertex 35.5013 -3.96846 0
    endloop
  endfacet
  facet normal -0.509043 -0.860741 0
    outer loop
      vertex 36.927 3.50523 0
      vertex 37.1433 3.37731 4
      vertex 36.927 3.50523 4
    endloop
  endfacet
  facet normal -0.509043 -0.860741 -0
    outer loop
      vertex 37.1433 3.37731 4
      vertex 36.927 3.50523 0
      vertex 37.1433 3.37731 0
    endloop
  endfacet
  facet normal -0.940906 0.338667 0
    outer loop
      vertex 38.7191 -1.4725 0
      vertex 38.8042 -1.23607 4
      vertex 38.8042 -1.23607 0
    endloop
  endfacet
  facet normal -0.940906 0.338667 0
    outer loop
      vertex 38.8042 -1.23607 4
      vertex 38.7191 -1.4725 0
      vertex 38.7191 -1.4725 4
    endloop
  endfacet
  facet normal 0.453982 -0.891011 0
    outer loop
      vertex 33.073 3.50523 0
      vertex 33.2969 3.61931 4
      vertex 33.073 3.50523 4
    endloop
  endfacet
  facet normal 0.453982 -0.891011 0
    outer loop
      vertex 33.2969 3.61931 4
      vertex 33.073 3.50523 0
      vertex 33.2969 3.61931 0
    endloop
  endfacet
  facet normal 0.890971 0.454061 0
    outer loop
      vertex 31.4948 -1.92701 4
      vertex 31.3807 -1.70312 0
      vertex 31.3807 -1.70312 4
    endloop
  endfacet
  facet normal 0.890971 0.454061 0
    outer loop
      vertex 31.3807 -1.70312 0
      vertex 31.4948 -1.92701 4
      vertex 31.4948 -1.92701 0
    endloop
  endfacet
  facet normal -0.397183 -0.917739 0
    outer loop
      vertex 36.4725 3.71911 0
      vertex 36.7031 3.61931 4
      vertex 36.4725 3.71911 4
    endloop
  endfacet
  facet normal -0.397183 -0.917739 -0
    outer loop
      vertex 36.7031 3.61931 4
      vertex 36.4725 3.71911 0
      vertex 36.7031 3.61931 0
    endloop
  endfacet
  facet normal 0.960301 -0.278964 0
    outer loop
      vertex 31.1257 0.994759 4
      vertex 31.1958 1.23607 0
      vertex 31.1958 1.23607 4
    endloop
  endfacet
  facet normal 0.960301 -0.278964 0
    outer loop
      vertex 31.1958 1.23607 0
      vertex 31.1257 0.994759 4
      vertex 31.1257 0.994759 0
    endloop
  endfacet
  facet normal 0.156431 -0.987689 0
    outer loop
      vertex 34.2505 3.92915 0
      vertex 34.4987 3.96846 4
      vertex 34.2505 3.92915 4
    endloop
  endfacet
  facet normal 0.156431 -0.987689 0
    outer loop
      vertex 34.4987 3.96846 4
      vertex 34.2505 3.92915 0
      vertex 34.4987 3.96846 0
    endloop
  endfacet
  facet normal 0.987633 -0.156784 0
    outer loop
      vertex 31.0315 0.501332 4
      vertex 31.0709 0.749525 0
      vertex 31.0709 0.749525 4
    endloop
  endfacet
  facet normal 0.987633 -0.156784 0
    outer loop
      vertex 31.0709 0.749525 0
      vertex 31.0315 0.501332 4
      vertex 31.0315 0.501332 0
    endloop
  endfacet
  facet normal 0.0941422 -0.995559 0
    outer loop
      vertex 34.4987 3.96846 0
      vertex 34.7488 3.99211 4
      vertex 34.4987 3.96846 4
    endloop
  endfacet
  facet normal 0.0941422 -0.995559 0
    outer loop
      vertex 34.7488 3.99211 4
      vertex 34.4987 3.96846 0
      vertex 34.7488 3.99211 0
    endloop
  endfacet
  facet normal -0.707067 0.707147 0
    outer loop
      vertex 37.7382 -2.91587 0
      vertex 37.9159 -2.73819 4
      vertex 37.9159 -2.73819 0
    endloop
  endfacet
  facet normal -0.707067 0.707147 0
    outer loop
      vertex 37.9159 -2.73819 4
      vertex 37.7382 -2.91587 0
      vertex 37.7382 -2.91587 4
    endloop
  endfacet
  facet normal 0.99558 0.0939189 0
    outer loop
      vertex 31.0315 -0.501332 4
      vertex 31.0079 -0.251162 0
      vertex 31.0079 -0.251162 4
    endloop
  endfacet
  facet normal 0.99558 0.0939189 0
    outer loop
      vertex 31.0079 -0.251162 0
      vertex 31.0315 -0.501332 4
      vertex 31.0315 -0.501332 0
    endloop
  endfacet
  facet normal -0.0941422 -0.995559 0
    outer loop
      vertex 35.2512 3.99211 0
      vertex 35.5013 3.96846 4
      vertex 35.2512 3.99211 4
    endloop
  endfacet
  facet normal -0.0941422 -0.995559 -0
    outer loop
      vertex 35.5013 3.96846 4
      vertex 35.2512 3.99211 0
      vertex 35.5013 3.96846 0
    endloop
  endfacet
  facet normal 0.975931 -0.218081 0
    outer loop
      vertex 31.0709 0.749525 4
      vertex 31.1257 0.994759 0
      vertex 31.1257 0.994759 4
    endloop
  endfacet
  facet normal 0.975931 -0.218081 0
    outer loop
      vertex 31.1257 0.994759 0
      vertex 31.0709 0.749525 4
      vertex 31.0709 0.749525 0
    endloop
  endfacet
  facet normal 0.827157 0.561971 0
    outer loop
      vertex 31.7639 -2.35114 4
      vertex 31.6227 -2.14331 0
      vertex 31.6227 -2.14331 4
    endloop
  endfacet
  facet normal 0.827157 0.561971 0
    outer loop
      vertex 31.6227 -2.14331 0
      vertex 31.7639 -2.35114 4
      vertex 31.7639 -2.35114 0
    endloop
  endfacet
  facet normal -0.509043 0.860741 0
    outer loop
      vertex 37.1433 -3.37731 0
      vertex 36.927 -3.50523 4
      vertex 37.1433 -3.37731 4
    endloop
  endfacet
  facet normal -0.509043 0.860741 0
    outer loop
      vertex 36.927 -3.50523 4
      vertex 37.1433 -3.37731 0
      vertex 36.927 -3.50523 0
    endloop
  endfacet
  facet normal -0.278976 0.960298 0
    outer loop
      vertex 36.2361 -3.80423 0
      vertex 35.9948 -3.87433 4
      vertex 36.2361 -3.80423 4
    endloop
  endfacet
  facet normal -0.278976 0.960298 0
    outer loop
      vertex 35.9948 -3.87433 4
      vertex 36.2361 -3.80423 0
      vertex 35.9948 -3.87433 0
    endloop
  endfacet
  facet normal -0.218101 0.975926 0
    outer loop
      vertex 35.9948 -3.87433 0
      vertex 35.7495 -3.92915 4
      vertex 35.9948 -3.87433 4
    endloop
  endfacet
  facet normal -0.218101 0.975926 0
    outer loop
      vertex 35.7495 -3.92915 4
      vertex 35.9948 -3.87433 0
      vertex 35.7495 -3.92915 0
    endloop
  endfacet
  facet normal -0.338776 0.940867 0
    outer loop
      vertex 36.4725 -3.71911 0
      vertex 36.2361 -3.80423 4
      vertex 36.4725 -3.71911 4
    endloop
  endfacet
  facet normal -0.338776 0.940867 0
    outer loop
      vertex 36.2361 -3.80423 4
      vertex 36.4725 -3.71911 0
      vertex 36.2361 -3.80423 0
    endloop
  endfacet
  facet normal -0.790191 -0.61286 0
    outer loop
      vertex 38.2361 2.35114 0
      vertex 38.0821 2.5497 4
      vertex 38.0821 2.5497 0
    endloop
  endfacet
  facet normal -0.790191 -0.61286 0
    outer loop
      vertex 38.0821 2.5497 4
      vertex 38.2361 2.35114 0
      vertex 38.2361 2.35114 4
    endloop
  endfacet
  facet normal 0.917752 -0.397154 0
    outer loop
      vertex 31.2809 1.4725 4
      vertex 31.3807 1.70312 0
      vertex 31.3807 1.70312 4
    endloop
  endfacet
  facet normal 0.917752 -0.397154 0
    outer loop
      vertex 31.3807 1.70312 0
      vertex 31.2809 1.4725 4
      vertex 31.2809 1.4725 0
    endloop
  endfacet
  facet normal 0.562136 0.827045 -0
    outer loop
      vertex 32.8567 -3.37731 0
      vertex 32.6489 -3.23607 4
      vertex 32.8567 -3.37731 4
    endloop
  endfacet
  facet normal 0.562136 0.827045 0
    outer loop
      vertex 32.6489 -3.23607 4
      vertex 32.8567 -3.37731 0
      vertex 32.6489 -3.23607 0
    endloop
  endfacet
  facet normal 0.6613 0.750121 -0
    outer loop
      vertex 32.4503 -3.08205 0
      vertex 32.2618 -2.91587 4
      vertex 32.4503 -3.08205 4
    endloop
  endfacet
  facet normal 0.6613 0.750121 0
    outer loop
      vertex 32.2618 -2.91587 4
      vertex 32.4503 -3.08205 0
      vertex 32.2618 -2.91587 0
    endloop
  endfacet
  facet normal -0.750064 0.661365 0
    outer loop
      vertex 37.9159 -2.73819 0
      vertex 38.0821 -2.5497 4
      vertex 38.0821 -2.5497 0
    endloop
  endfacet
  facet normal -0.750064 0.661365 0
    outer loop
      vertex 38.0821 -2.5497 4
      vertex 37.9159 -2.73819 0
      vertex 37.9159 -2.73819 4
    endloop
  endfacet
  facet normal -0.860776 0.508984 0
    outer loop
      vertex 38.3773 -2.14331 0
      vertex 38.5052 -1.92701 4
      vertex 38.5052 -1.92701 0
    endloop
  endfacet
  facet normal -0.860776 0.508984 0
    outer loop
      vertex 38.5052 -1.92701 4
      vertex 38.3773 -2.14331 0
      vertex 38.3773 -2.14331 4
    endloop
  endfacet
  facet normal 0.0313938 0.999507 -0
    outer loop
      vertex 35 -4 0
      vertex 34.7488 -3.99211 4
      vertex 35 -4 4
    endloop
  endfacet
  facet normal 0.0313938 0.999507 0
    outer loop
      vertex 34.7488 -3.99211 4
      vertex 35 -4 0
      vertex 34.7488 -3.99211 0
    endloop
  endfacet
  facet normal 0.278976 0.960298 -0
    outer loop
      vertex 34.0052 -3.87433 0
      vertex 33.7639 -3.80423 4
      vertex 34.0052 -3.87433 4
    endloop
  endfacet
  facet normal 0.278976 0.960298 0
    outer loop
      vertex 33.7639 -3.80423 4
      vertex 34.0052 -3.87433 0
      vertex 33.7639 -3.80423 0
    endloop
  endfacet
  facet normal 0.790191 0.61286 0
    outer loop
      vertex 31.9179 -2.5497 4
      vertex 31.7639 -2.35114 0
      vertex 31.7639 -2.35114 4
    endloop
  endfacet
  facet normal 0.790191 0.61286 0
    outer loop
      vertex 31.7639 -2.35114 0
      vertex 31.9179 -2.5497 4
      vertex 31.9179 -2.5497 0
    endloop
  endfacet
  facet normal 0.890971 -0.454061 0
    outer loop
      vertex 31.3807 1.70312 4
      vertex 31.4948 1.92701 0
      vertex 31.4948 1.92701 4
    endloop
  endfacet
  facet normal 0.890971 -0.454061 0
    outer loop
      vertex 31.4948 1.92701 0
      vertex 31.3807 1.70312 4
      vertex 31.3807 1.70312 0
    endloop
  endfacet
  facet normal 0.612833 0.790213 -0
    outer loop
      vertex 32.6489 -3.23607 0
      vertex 32.4503 -3.08205 4
      vertex 32.6489 -3.23607 4
    endloop
  endfacet
  facet normal 0.612833 0.790213 0
    outer loop
      vertex 32.4503 -3.08205 4
      vertex 32.6489 -3.23607 0
      vertex 32.4503 -3.08205 0
    endloop
  endfacet
  facet normal -0 0 1
    outer loop
      vertex -60 30 20
      vertex 60 25 20
      vertex 60 30 20
    endloop
  endfacet
  facet normal 0 0 1
    outer loop
      vertex 60 25 20
      vertex -60 30 20
      vertex -60 25 20
    endloop
  endfacet
  facet normal 0 -1 0
    outer loop
      vertex 53.3541 25 0
      vertex 57 25 4
      vertex 53.3541 25 4
    endloop
  endfacet
  facet normal 0 -1 -0
    outer loop
      vertex 57 25 4
      vertex 53.3541 25 0
      vertex 57 25 0
    endloop
  endfacet
  facet normal 0 -1 0
    outer loop
      vertex 1.5 25 0
      vertex 46.6459 25 4
      vertex 1.5 25 4
    endloop
  endfacet
  facet normal 0 -1 -0
    outer loop
      vertex 46.6459 25 4
      vertex 1.5 25 0
      vertex 46.6459 25 0
    endloop
  endfacet
  facet normal 0 -1 0
    outer loop
      vertex -46.6459 25 0
      vertex -1.5 25 4
      vertex -46.6459 25 4
    endloop
  endfacet
  facet normal 0 -1 -0
    outer loop
      vertex -1.5 25 4
      vertex -46.6459 25 0
      vertex -1.5 25 0
    endloop
  endfacet
  facet normal 0 -1 0
    outer loop
      vertex -57 25 0
      vertex -53.3541 25 4
      vertex -57 25 4
    endloop
  endfacet
  facet normal 0 -1 -0
    outer loop
      vertex -53.3541 25 4
      vertex -57 25 0
      vertex -53.3541 25 0
    endloop
  endfacet
  facet normal 0 -1 0
    outer loop
      vertex -57 25 4
      vertex -60 25 20
      vertex -60 25 4
    endloop
  endfacet
  facet normal 0 -1 0
    outer loop
      vertex -53.3541 25 4
      vertex -60 25 20
      vertex -57 25 4
    endloop
  endfacet
  facet normal 0 -1 0
    outer loop
      vertex -46.6459 25 4
      vertex -60 25 20
      vertex -53.3541 25 4
    endloop
  endfacet
  facet normal 0 -1 0
    outer loop
      vertex -1.5 25 4
      vertex -60 25 20
      vertex -46.6459 25 4
    endloop
  endfacet
  facet normal 0 -1 0
    outer loop
      vertex -60 25 20
      vertex -1.5 25 4
      vertex 60 25 20
    endloop
  endfacet
  facet normal 0 -1 0
    outer loop
      vertex 1.5 25 4
      vertex 60 25 20
      vertex -1.5 25 4
    endloop
  endfacet
  facet normal 0 -1 0
    outer loop
      vertex 46.6459 25 4
      vertex 60 25 20
      vertex 1.5 25 4
    endloop
  endfacet
  facet normal 0 -1 0
    outer loop
      vertex 53.3541 25 4
      vertex 60 25 20
      vertex 46.6459 25 4
    endloop
  endfacet
  facet normal 0 -1 0
    outer loop
      vertex 57 25 4
      vertex 60 25 20
      vertex 53.3541 25 4
    endloop
  endfacet
  facet normal 0 -1 -0
    outer loop
      vertex 60 25 20
      vertex 57 25 4
      vertex 60 25 4
    endloop
  endfacet
  facet normal -0 0 1
    outer loop
      vertex -60 -25 20
      vertex 60 -30 20
      vertex 60 -25 20
    endloop
  endfacet
  facet normal 0 0 1
    outer loop
      vertex 60 -30 20
      vertex -60 -25 20
      vertex -60 -30 20
    endloop
  endfacet
  facet normal 0 1 -0
    outer loop
      vertex -53.3541 -25 0
      vertex -57 -25 4
      vertex -53.3541 -25 4
    endloop
  endfacet
  facet normal 0 1 0
    outer loop
      vertex -57 -25 4
      vertex -53.3541 -25 0
      vertex -57 -25 0
    endloop
  endfacet
  facet normal 0 1 -0
    outer loop
      vertex -1.5 -25 0
      vertex -46.6459 -25 4
      vertex -1.5 -25 4
    endloop
  endfacet
  facet normal 0 1 0
    outer loop
      vertex -46.6459 -25 4
      vertex -1.5 -25 0
      vertex -46.6459 -25 0
    endloop
  endfacet
  facet normal 0 1 -0
    outer loop
      vertex 46.6459 -25 0
      vertex 1.5 -25 4
      vertex 46.6459 -25 4
    endloop
  endfacet
  facet normal 0 1 0
    outer loop
      vertex 1.5 -25 4
      vertex 46.6459 -25 0
      vertex 1.5 -25 0
    endloop
  endfacet
  facet normal 0 1 -0
    outer loop
      vertex 57 -25 0
      vertex 53.3541 -25 4
      vertex 57 -25 4
    endloop
  endfacet
  facet normal 0 1 0
    outer loop
      vertex 53.3541 -25 4
      vertex 57 -25 0
      vertex 53.3541 -25 0
    endloop
  endfacet
  facet normal 0 1 0
    outer loop
      vertex 57 -25 4
      vertex 60 -25 20
      vertex 60 -25 4
    endloop
  endfacet
  facet normal 0 1 0
    outer loop
      vertex 53.3541 -25 4
      vertex 60 -25 20
      vertex 57 -25 4
    endloop
  endfacet
  facet normal 0 1 0
    outer loop
      vertex 46.6459 -25 4
      vertex 60 -25 20
      vertex 53.3541 -25 4
    endloop
  endfacet
  facet normal 0 1 0
    outer loop
      vertex 1.5 -25 4
      vertex 60 -25 20
      vertex 46.6459 -25 4
    endloop
  endfacet
  facet normal 0 1 0
    outer loop
      vertex 60 -25 20
      vertex 1.5 -25 4
      vertex -60 -25 20
    endloop
  endfacet
  facet normal 0 1 -0
    outer loop
      vertex -1.5 -25 4
      vertex -60 -25 20
      vertex 1.5 -25 4
    endloop
  endfacet
  facet normal 0 1 -0
    outer loop
      vertex -46.6459 -25 4
      vertex -60 -25 20
      vertex -1.5 -25 4
    endloop
  endfacet
  facet normal 0 1 -0
    outer loop
      vertex -53.3541 -25 4
      vertex -60 -25 20
      vertex -46.6459 -25 4
    endloop
  endfacet
  facet normal 0 1 -0
    outer loop
      vertex -57 -25 4
      vertex -60 -25 20
      vertex -53.3541 -25 4
    endloop
  endfacet
  facet normal 0 1 0
    outer loop
      vertex -60 -25 20
      vertex -57 -25 4
      vertex -60 -25 4
    endloop
  endfacet
endsolid OpenSCAD_Model
