solid OpenSCAD_Model
  facet normal -0.0799399 0.9968 0
    outer loop
      vertex 0.142587 0.72717 0
      vertex 0.133634 0.726452 0.0445995
      vertex 0.142587 0.72717 0.0445995
    endloop
  endfacet
  facet normal -0.0799399 0.9968 0
    outer loop
      vertex 0.133634 0.726452 0.0445995
      vertex 0.142587 0.72717 0
      vertex 0.133634 0.726452 0
    endloop
  endfacet
  facet normal 0.0799399 0.9968 -0
    outer loop
      vertex 0.15154 0.726452 0
      vertex 0.142587 0.72717 0.0445995
      vertex 0.15154 0.726452 0.0445995
    endloop
  endfacet
  facet normal 0.0799399 0.9968 0
    outer loop
      vertex 0.142587 0.72717 0.0445995
      vertex 0.15154 0.726452 0
      vertex 0.142587 0.72717 0
    endloop
  endfacet
  facet normal -0.93097 0.365097 0
    outer loop
      vertex 0.0386448 0.612475 0
      vertex 0.0449791 0.628627 0.0445995
      vertex 0.0449791 0.628627 0
    endloop
  endfacet
  facet normal -0.93097 0.365097 0
    outer loop
      vertex 0.0449791 0.628627 0.0445995
      vertex 0.0386448 0.612475 0
      vertex 0.0386448 0.612475 0.0445995
    endloop
  endfacet
  facet normal 0.930974 -0.365086 0
    outer loop
      vertex 0.240195 0.0985422 0.0445995
      vertex 0.246529 0.114694 0
      vertex 0.246529 0.114694 0.0445995
    endloop
  endfacet
  facet normal 0.930974 -0.365086 0
    outer loop
      vertex 0.246529 0.114694 0
      vertex 0.240195 0.0985422 0.0445995
      vertex 0.240195 0.0985422 0
    endloop
  endfacet
  facet normal -0.999315 -0.0370061 0
    outer loop
      vertex 0.00112343 0.318015 0
      vertex 0.000281334 0.340755 0.0445995
      vertex 0.000281334 0.340755 0
    endloop
  endfacet
  facet normal -0.999315 -0.0370061 0
    outer loop
      vertex 0.000281334 0.340755 0.0445995
      vertex 0.00112343 0.318015 0
      vertex 0.00112343 0.318015 0.0445995
    endloop
  endfacet
  facet normal 0.98061 0.195968 0
    outer loop
      vertex 0.271604 0.518392 0.0445995
      vertex 0.267537 0.538743 0
      vertex 0.267537 0.538743 0.0445995
    endloop
  endfacet
  facet normal 0.98061 0.195968 0
    outer loop
      vertex 0.267537 0.538743 0
      vertex 0.271604 0.518392 0.0445995
      vertex 0.271604 0.518392 0
    endloop
  endfacet
  facet normal 0.833437 0.552614 0
    outer loop
      vertex 0.218989 0.670569 0.0445995
      vertex 0.211279 0.682197 0
      vertex 0.211279 0.682197 0.0445995
    endloop
  endfacet
  facet normal 0.833437 0.552614 0
    outer loop
      vertex 0.211279 0.682197 0
      vertex 0.218989 0.670569 0.0445995
      vertex 0.218989 0.670569 0
    endloop
  endfacet
  facet normal -0.740946 0.671565 0
    outer loop
      vertex 0.0818758 0.692566 0
      vertex 0.0900974 0.701637 0.0445995
      vertex 0.0900974 0.701637 0
    endloop
  endfacet
  facet normal -0.740946 0.671565 0
    outer loop
      vertex 0.0900974 0.701637 0.0445995
      vertex 0.0818758 0.692566 0
      vertex 0.0818758 0.692566 0.0445995
    endloop
  endfacet
  facet normal 0.99618 -0.0873238 0
    outer loop
      vertex 0.280695 0.273165 0.0445995
      vertex 0.282649 0.295456 0
      vertex 0.282649 0.295456 0.0445995
    endloop
  endfacet
  facet normal 0.99618 -0.0873238 0
    outer loop
      vertex 0.282649 0.295456 0
      vertex 0.280695 0.273165 0.0445995
      vertex 0.280695 0.273165 0
    endloop
  endfacet
  facet normal 0.993568 0.11324 0
    outer loop
      vertex 0.280695 0.454004 0.0445995
      vertex 0.278195 0.475939 0
      vertex 0.278195 0.475939 0.0445995
    endloop
  endfacet
  facet normal 0.993568 0.11324 0
    outer loop
      vertex 0.278195 0.475939 0
      vertex 0.280695 0.454004 0.0445995
      vertex 0.280695 0.454004 0
    endloop
  endfacet
  facet normal 0.945094 0.3268 0
    outer loop
      vertex 0.252453 0.595343 0.0445995
      vertex 0.246529 0.612475 0
      vertex 0.246529 0.612475 0.0445995
    endloop
  endfacet
  facet normal 0.945094 0.3268 0
    outer loop
      vertex 0.246529 0.612475 0
      vertex 0.252453 0.595343 0.0445995
      vertex 0.252453 0.595343 0
    endloop
  endfacet
  facet normal -0.913664 -0.406471 0
    outer loop
      vertex 0.0516987 0.0834379 0
      vertex 0.0449791 0.0985422 0.0445995
      vertex 0.0449791 0.0985422 0
    endloop
  endfacet
  facet normal -0.913664 -0.406471 0
    outer loop
      vertex 0.0449791 0.0985422 0.0445995
      vertex 0.0516987 0.0834379 0
      vertex 0.0516987 0.0834379 0.0445995
    endloop
  endfacet
  facet normal -0.495208 0.868775 0
    outer loop
      vertex 0.115869 0.72073 0
      vertex 0.107127 0.715747 0.0445995
      vertex 0.115869 0.72073 0.0445995
    endloop
  endfacet
  facet normal -0.495208 0.868775 0
    outer loop
      vertex 0.107127 0.715747 0.0445995
      vertex 0.115869 0.72073 0
      vertex 0.107127 0.715747 0
    endloop
  endfacet
  facet normal -0.990177 0.139821 0
    outer loop
      vertex 0.00697803 0.475939 0
      vertex 0.0100126 0.497429 0.0445995
      vertex 0.0100126 0.497429 0
    endloop
  endfacet
  facet normal -0.990177 0.139821 0
    outer loop
      vertex 0.0100126 0.497429 0.0445995
      vertex 0.00697803 0.475939 0
      vertex 0.00697803 0.475939 0.0445995
    endloop
  endfacet
  facet normal -0.974135 0.225969 0
    outer loop
      vertex 0.0176363 0.538743 0
      vertex 0.0221968 0.558403 0.0445995
      vertex 0.0221968 0.558403 0
    endloop
  endfacet
  facet normal -0.974135 0.225969 0
    outer loop
      vertex 0.0221968 0.558403 0.0445995
      vertex 0.0176363 0.538743 0
      vertex 0.0176363 0.538743 0.0445995
    endloop
  endfacet
  facet normal 0.234371 0.972147 -0
    outer loop
      vertex 0.160458 0.724302 0
      vertex 0.15154 0.726452 0.0445995
      vertex 0.160458 0.724302 0.0445995
    endloop
  endfacet
  facet normal 0.234371 0.972147 0
    outer loop
      vertex 0.15154 0.726452 0.0445995
      vertex 0.160458 0.724302 0
      vertex 0.15154 0.726452 0
    endloop
  endfacet
  facet normal 0.0798473 -0.996807 0
    outer loop
      vertex 0.142587 0 0
      vertex 0.15154 0.000717163 0.0445995
      vertex 0.142587 0 0.0445995
    endloop
  endfacet
  facet normal 0.0798473 -0.996807 0
    outer loop
      vertex 0.15154 0.000717163 0.0445995
      vertex 0.142587 0 0
      vertex 0.15154 0.000717163 0
    endloop
  endfacet
  facet normal 0.86612 -0.499835 0
    outer loop
      vertex 0.218989 0.0565996 0.0445995
      vertex 0.226398 0.069438 0
      vertex 0.226398 0.069438 0.0445995
    endloop
  endfacet
  facet normal 0.86612 -0.499835 0
    outer loop
      vertex 0.226398 0.069438 0
      vertex 0.218989 0.0565996 0.0445995
      vertex 0.218989 0.0565996 0
    endloop
  endfacet
  facet normal 0.892428 -0.451189 0
    outer loop
      vertex 0.226398 0.069438 0.0445995
      vertex 0.233476 0.0834379 0
      vertex 0.233476 0.0834379 0.0445995
    endloop
  endfacet
  facet normal 0.892428 -0.451189 0
    outer loop
      vertex 0.233476 0.0834379 0
      vertex 0.226398 0.069438 0.0445995
      vertex 0.226398 0.069438 0
    endloop
  endfacet
  facet normal 0.676272 -0.736652 0
    outer loop
      vertex 0.186649 0.0177946 0
      vertex 0.195077 0.0255318 0.0445995
      vertex 0.186649 0.0177946 0.0445995
    endloop
  endfacet
  facet normal 0.676272 -0.736652 0
    outer loop
      vertex 0.195077 0.0255318 0.0445995
      vertex 0.186649 0.0177946 0
      vertex 0.195077 0.0255318 0
    endloop
  endfacet
  facet normal 0.9859 -0.167334 0
    outer loop
      vertex 0.271604 0.208777 0.0445995
      vertex 0.275162 0.22974 0
      vertex 0.275162 0.22974 0.0445995
    endloop
  endfacet
  facet normal 0.9859 -0.167334 0
    outer loop
      vertex 0.275162 0.22974 0
      vertex 0.271604 0.208777 0.0445995
      vertex 0.271604 0.208777 0
    endloop
  endfacet
  facet normal 0.676263 0.736661 -0
    outer loop
      vertex 0.195077 0.701637 0
      vertex 0.186649 0.709374 0.0445995
      vertex 0.195077 0.701637 0.0445995
    endloop
  endfacet
  facet normal 0.676263 0.736661 0
    outer loop
      vertex 0.186649 0.709374 0.0445995
      vertex 0.195077 0.701637 0
      vertex 0.186649 0.709374 0
    endloop
  endfacet
  facet normal 0.999314 0.0370474 0
    outer loop
      vertex 0.284893 0.386415 0.0445995
      vertex 0.28405 0.409154 0
      vertex 0.28405 0.409154 0.0445995
    endloop
  endfacet
  facet normal 0.999314 0.0370474 0
    outer loop
      vertex 0.28405 0.409154 0
      vertex 0.284893 0.386415 0.0445995
      vertex 0.284893 0.386415 0
    endloop
  endfacet
  facet normal 0.956721 0.291007 0
    outer loop
      vertex 0.255669 0.58477 0.0445995
      vertex 0.252453 0.595343 0
      vertex 0.252453 0.595343 0.0445995
    endloop
  endfacet
  facet normal 0.95672 0.291009 -0
    outer loop
      vertex 0.257943 0.577294 0
      vertex 0.255669 0.58477 0.0445995
      vertex 0.257943 0.577294 0.0445995
    endloop
  endfacet
  facet normal 0.956721 0.291008 2.21062e-07
    outer loop
      vertex 0.255669 0.58477 0.0445995
      vertex 0.257943 0.577294 0
      vertex 0.252453 0.595343 0
    endloop
  endfacet
  facet normal 0.990187 0.13975 0
    outer loop
      vertex 0.278195 0.475939 0.0445995
      vertex 0.275162 0.497429 0
      vertex 0.275162 0.497429 0.0445995
    endloop
  endfacet
  facet normal 0.990187 0.13975 0
    outer loop
      vertex 0.275162 0.497429 0
      vertex 0.278195 0.475939 0.0445995
      vertex 0.278195 0.475939 0
    endloop
  endfacet
  facet normal 0.913674 0.406447 0
    outer loop
      vertex 0.240195 0.628627 0.0445995
      vertex 0.233476 0.643731 0
      vertex 0.233476 0.643731 0.0445995
    endloop
  endfacet
  facet normal 0.913674 0.406447 0
    outer loop
      vertex 0.233476 0.643731 0
      vertex 0.240195 0.628627 0.0445995
      vertex 0.240195 0.628627 0
    endloop
  endfacet
  facet normal -0.993575 -0.113178 0
    outer loop
      vertex 0.00697803 0.25123 0
      vertex 0.00447941 0.273165 0.0445995
      vertex 0.00447941 0.273165 0
    endloop
  endfacet
  facet normal -0.993575 -0.113178 0
    outer loop
      vertex 0.00447941 0.273165 0.0445995
      vertex 0.00697803 0.25123 0
      vertex 0.00697803 0.25123 0.0445995
    endloop
  endfacet
  facet normal -0.980615 -0.195945 0
    outer loop
      vertex 0.0176363 0.188426 0
      vertex 0.0135698 0.208777 0.0445995
      vertex 0.0135698 0.208777 0
    endloop
  endfacet
  facet normal -0.980615 -0.195945 0
    outer loop
      vertex 0.0135698 0.208777 0.0445995
      vertex 0.0176363 0.188426 0
      vertex 0.0176363 0.188426 0.0445995
    endloop
  endfacet
  facet normal -0.67629 -0.736636 0
    outer loop
      vertex 0.0900974 0.0255318 0
      vertex 0.098525 0.0177946 0.0445995
      vertex 0.0900974 0.0255318 0.0445995
    endloop
  endfacet
  facet normal -0.67629 -0.736636 -0
    outer loop
      vertex 0.098525 0.0177946 0.0445995
      vertex 0.0900974 0.0255318 0
      vertex 0.098525 0.0177946 0
    endloop
  endfacet
  facet normal -0.833436 -0.552616 0
    outer loop
      vertex 0.0738945 0.0449724 0
      vertex 0.066185 0.0565996 0.0445995
      vertex 0.066185 0.0565996 0
    endloop
  endfacet
  facet normal -0.833436 -0.552616 0
    outer loop
      vertex 0.066185 0.0565996 0.0445995
      vertex 0.0738945 0.0449724 0
      vertex 0.0738945 0.0449724 0.0445995
    endloop
  endfacet
  facet normal -0.866111 0.499852 0
    outer loop
      vertex 0.0587759 0.657731 0
      vertex 0.066185 0.670569 0.0445995
      vertex 0.066185 0.670569 0
    endloop
  endfacet
  facet normal -0.866111 0.499852 0
    outer loop
      vertex 0.066185 0.670569 0.0445995
      vertex 0.0587759 0.657731 0
      vertex 0.0587759 0.657731 0.0445995
    endloop
  endfacet
  facet normal -0.792434 0.609958 0
    outer loop
      vertex 0.0738945 0.682197 0
      vertex 0.0818758 0.692566 0.0445995
      vertex 0.0818758 0.692566 0
    endloop
  endfacet
  facet normal -0.792434 0.609958 0
    outer loop
      vertex 0.0818758 0.692566 0.0445995
      vertex 0.0738945 0.682197 0
      vertex 0.0738945 0.682197 0.0445995
    endloop
  endfacet
  facet normal -0.595297 0.803506 0
    outer loop
      vertex 0.107127 0.715747 0
      vertex 0.098525 0.709374 0.0445995
      vertex 0.107127 0.715747 0.0445995
    endloop
  endfacet
  facet normal -0.595297 0.803506 0
    outer loop
      vertex 0.098525 0.709374 0.0445995
      vertex 0.107127 0.715747 0
      vertex 0.098525 0.709374 0
    endloop
  endfacet
  facet normal -0.374389 0.927272 0
    outer loop
      vertex 0.124716 0.724302 0
      vertex 0.115869 0.72073 0.0445995
      vertex 0.124716 0.724302 0.0445995
    endloop
  endfacet
  facet normal -0.374389 0.927272 0
    outer loop
      vertex 0.115869 0.72073 0.0445995
      vertex 0.124716 0.724302 0
      vertex 0.115869 0.72073 0
    endloop
  endfacet
  facet normal -0.980615 0.195945 0
    outer loop
      vertex 0.0135698 0.518392 0
      vertex 0.0176363 0.538743 0.0445995
      vertex 0.0176363 0.538743 0
    endloop
  endfacet
  facet normal -0.980615 0.195945 0
    outer loop
      vertex 0.0176363 0.538743 0.0445995
      vertex 0.0135698 0.518392 0
      vertex 0.0135698 0.518392 0.0445995
    endloop
  endfacet
  facet normal -0.956719 0.291012 0
    outer loop
      vertex 0.0327215 0.595343 0
      vertex 0.0297576 0.585599 0.0445995
      vertex 0.0327215 0.595343 0.0445995
    endloop
  endfacet
  facet normal -0.956716 0.291022 2.43893e-06
    outer loop
      vertex 0.0272312 0.577294 0
      vertex 0.0297576 0.585599 0.0445995
      vertex 0.0327215 0.595343 0
    endloop
  endfacet
  facet normal -0.956713 0.291034 0
    outer loop
      vertex 0.0297576 0.585599 0.0445995
      vertex 0.0272312 0.577294 0
      vertex 0.0272312 0.577294 0.0445995
    endloop
  endfacet
  facet normal -0.998075 0.0620241 0
    outer loop
      vertex 0.00112343 0.409154 0
      vertex 0.00252533 0.431713 0.0445995
      vertex 0.00252533 0.431713 0
    endloop
  endfacet
  facet normal -0.998075 0.0620241 0
    outer loop
      vertex 0.00252533 0.431713 0.0445995
      vertex 0.00112343 0.409154 0
      vertex 0.00112343 0.409154 0.0445995
    endloop
  endfacet
  facet normal 0 0 1
    outer loop
      vertex 0.252453 0.595343 0.0445995
      vertex 0.252176 0.58655 0.0445995
      vertex 0.255669 0.58477 0.0445995
    endloop
  endfacet
  facet normal 0 0 1
    outer loop
      vertex 0.237244 0.593012 0.0445995
      vertex 0.252453 0.595343 0.0445995
      vertex 0.246529 0.612475 0.0445995
    endloop
  endfacet
  facet normal 0 0 1
    outer loop
      vertex 0.221935 0.598523 0.0445995
      vertex 0.246529 0.612475 0.0445995
      vertex 0.240195 0.628627 0.0445995
    endloop
  endfacet
  facet normal 0 0 1
    outer loop
      vertex 0.252453 0.595343 0.0445995
      vertex 0.237244 0.593012 0.0445995
      vertex 0.252176 0.58655 0.0445995
    endloop
  endfacet
  facet normal 0 0 1
    outer loop
      vertex 0.20631 0.603063 0.0445995
      vertex 0.240195 0.628627 0.0445995
      vertex 0.233476 0.643731 0.0445995
    endloop
  endfacet
  facet normal 0 0 1
    outer loop
      vertex 0.190432 0.606612 0.0445995
      vertex 0.233476 0.643731 0.0445995
      vertex 0.226398 0.657731 0.0445995
    endloop
  endfacet
  facet normal 0 0 1
    outer loop
      vertex 0.246529 0.612475 0.0445995
      vertex 0.221935 0.598523 0.0445995
      vertex 0.237244 0.593012 0.0445995
    endloop
  endfacet
  facet normal 0 0 1
    outer loop
      vertex 0.190432 0.606612 0.0445995
      vertex 0.226398 0.657731 0.0445995
      vertex 0.218989 0.670569 0.0445995
    endloop
  endfacet
  facet normal 0 0 1
    outer loop
      vertex 0.174361 0.609158 0.0445995
      vertex 0.218989 0.670569 0.0445995
      vertex 0.211279 0.682197 0.0445995
    endloop
  endfacet
  facet normal 0 0 1
    outer loop
      vertex 0.240195 0.628627 0.0445995
      vertex 0.20631 0.603063 0.0445995
      vertex 0.221935 0.598523 0.0445995
    endloop
  endfacet
  facet normal 0 0 1
    outer loop
      vertex 0.158162 0.610688 0.0445995
      vertex 0.211279 0.682197 0.0445995
      vertex 0.203298 0.692566 0.0445995
    endloop
  endfacet
  facet normal 0 0 1
    outer loop
      vertex 0.158162 0.610688 0.0445995
      vertex 0.203298 0.692566 0.0445995
      vertex 0.195077 0.701637 0.0445995
    endloop
  endfacet
  facet normal 0 0 1
    outer loop
      vertex 0.233476 0.643731 0.0445995
      vertex 0.190432 0.606612 0.0445995
      vertex 0.20631 0.603063 0.0445995
    endloop
  endfacet
  facet normal 0 0 1
    outer loop
      vertex 0.158162 0.610688 0.0445995
      vertex 0.195077 0.701637 0.0445995
      vertex 0.186649 0.709374 0.0445995
    endloop
  endfacet
  facet normal 0 0 1
    outer loop
      vertex 0.141899 0.611199 0.0445995
      vertex 0.186649 0.709374 0.0445995
      vertex 0.178047 0.715747 0.0445995
    endloop
  endfacet
  facet normal 0 0 1
    outer loop
      vertex 0.218989 0.670569 0.0445995
      vertex 0.174361 0.609158 0.0445995
      vertex 0.190432 0.606612 0.0445995
    endloop
  endfacet
  facet normal 0 0 1
    outer loop
      vertex 0.141899 0.611199 0.0445995
      vertex 0.178047 0.715747 0.0445995
      vertex 0.169305 0.72073 0.0445995
    endloop
  endfacet
  facet normal 0 0 1
    outer loop
      vertex 0.141899 0.611199 0.0445995
      vertex 0.169305 0.72073 0.0445995
      vertex 0.160458 0.724302 0.0445995
    endloop
  endfacet
  facet normal 0 0 1
    outer loop
      vertex 0.211279 0.682197 0.0445995
      vertex 0.158162 0.610688 0.0445995
      vertex 0.174361 0.609158 0.0445995
    endloop
  endfacet
  facet normal 0 0 1
    outer loop
      vertex 0.141899 0.611199 0.0445995
      vertex 0.160458 0.724302 0.0445995
      vertex 0.15154 0.726452 0.0445995
    endloop
  endfacet
  facet normal 0 0 1
    outer loop
      vertex 0.141899 0.611199 0.0445995
      vertex 0.15154 0.726452 0.0445995
      vertex 0.142587 0.72717 0.0445995
    endloop
  endfacet
  facet normal 0 0 1
    outer loop
      vertex 0.186649 0.709374 0.0445995
      vertex 0.141899 0.611199 0.0445995
      vertex 0.158162 0.610688 0.0445995
    endloop
  endfacet
  facet normal -0 0 1
    outer loop
      vertex 0.133634 0.726452 0.0445995
      vertex 0.141899 0.611199 0.0445995
      vertex 0.142587 0.72717 0.0445995
    endloop
  endfacet
  facet normal -0 0 1
    outer loop
      vertex 0.124716 0.724302 0.0445995
      vertex 0.141899 0.611199 0.0445995
      vertex 0.133634 0.726452 0.0445995
    endloop
  endfacet
  facet normal -0 0 1
    outer loop
      vertex 0.115869 0.72073 0.0445995
      vertex 0.141899 0.611199 0.0445995
      vertex 0.124716 0.724302 0.0445995
    endloop
  endfacet
  facet normal -0 0 1
    outer loop
      vertex 0.107127 0.715747 0.0445995
      vertex 0.141899 0.611199 0.0445995
      vertex 0.115869 0.72073 0.0445995
    endloop
  endfacet
  facet normal -0 0 1
    outer loop
      vertex 0.098525 0.709374 0.0445995
      vertex 0.141899 0.611199 0.0445995
      vertex 0.107127 0.715747 0.0445995
    endloop
  endfacet
  facet normal 0 0 1
    outer loop
      vertex 0.141899 0.611199 0.0445995
      vertex 0.098525 0.709374 0.0445995
      vertex 0.125637 0.610688 0.0445995
    endloop
  endfacet
  facet normal -0 0 1
    outer loop
      vertex 0.0900974 0.701637 0.0445995
      vertex 0.125637 0.610688 0.0445995
      vertex 0.098525 0.709374 0.0445995
    endloop
  endfacet
  facet normal -0 0 1
    outer loop
      vertex 0.0818758 0.692566 0.0445995
      vertex 0.125637 0.610688 0.0445995
      vertex 0.0900974 0.701637 0.0445995
    endloop
  endfacet
  facet normal -0 0 1
    outer loop
      vertex 0.0738945 0.682197 0.0445995
      vertex 0.125637 0.610688 0.0445995
      vertex 0.0818758 0.692566 0.0445995
    endloop
  endfacet
  facet normal 0 0 1
    outer loop
      vertex 0.125637 0.610688 0.0445995
      vertex 0.0738945 0.682197 0.0445995
      vertex 0.109438 0.609158 0.0445995
    endloop
  endfacet
  facet normal -0 0 1
    outer loop
      vertex 0.066185 0.670569 0.0445995
      vertex 0.109438 0.609158 0.0445995
      vertex 0.0738945 0.682197 0.0445995
    endloop
  endfacet
  facet normal 0 0 1
    outer loop
      vertex 0.109438 0.609158 0.0445995
      vertex 0.066185 0.670569 0.0445995
      vertex 0.0933676 0.606612 0.0445995
    endloop
  endfacet
  facet normal -0 0 1
    outer loop
      vertex 0.0587759 0.657731 0.0445995
      vertex 0.0933676 0.606612 0.0445995
      vertex 0.066185 0.670569 0.0445995
    endloop
  endfacet
  facet normal -0 0 1
    outer loop
      vertex 0.0516987 0.643731 0.0445995
      vertex 0.0933676 0.606612 0.0445995
      vertex 0.0587759 0.657731 0.0445995
    endloop
  endfacet
  facet normal 0 0 1
    outer loop
      vertex 0.0933676 0.606612 0.0445995
      vertex 0.0516987 0.643731 0.0445995
      vertex 0.0774889 0.603063 0.0445995
    endloop
  endfacet
  facet normal -0 0 1
    outer loop
      vertex 0.0449791 0.628627 0.0445995
      vertex 0.0774889 0.603063 0.0445995
      vertex 0.0516987 0.643731 0.0445995
    endloop
  endfacet
  facet normal 0 0 1
    outer loop
      vertex 0.0774889 0.603063 0.0445995
      vertex 0.0449791 0.628627 0.0445995
      vertex 0.0618639 0.598523 0.0445995
    endloop
  endfacet
  facet normal -0 0 1
    outer loop
      vertex 0.0386448 0.612475 0.0445995
      vertex 0.0618639 0.598523 0.0445995
      vertex 0.0449791 0.628627 0.0445995
    endloop
  endfacet
  facet normal 0 0 1
    outer loop
      vertex 0.0618639 0.598523 0.0445995
      vertex 0.0386448 0.612475 0.0445995
      vertex 0.0465555 0.593012 0.0445995
    endloop
  endfacet
  facet normal -0 0 1
    outer loop
      vertex 0.0327215 0.595343 0.0445995
      vertex 0.0465555 0.593012 0.0445995
      vertex 0.0386448 0.612475 0.0445995
    endloop
  endfacet
  facet normal 0 0 1
    outer loop
      vertex 0.0327215 0.595343 0.0445995
      vertex 0.0316229 0.58655 0.0445995
      vertex 0.0465555 0.593012 0.0445995
    endloop
  endfacet
  facet normal 0 -0 1
    outer loop
      vertex 0.0316229 0.58655 0.0445995
      vertex 0.0327215 0.595343 0.0445995
      vertex 0.0297576 0.585599 0.0445995
    endloop
  endfacet
  facet normal 0 0 1
    outer loop
      vertex 0.237244 0.111387 0.0445995
      vertex 0.246529 0.114694 0.0445995
      vertex 0.246818 0.115531 0.0445995
    endloop
  endfacet
  facet normal 0 0 1
    outer loop
      vertex 0.246529 0.114694 0.0445995
      vertex 0.237244 0.111387 0.0445995
      vertex 0.240195 0.0985422 0.0445995
    endloop
  endfacet
  facet normal -0 0 1
    outer loop
      vertex 0.221935 0.105876 0.0445995
      vertex 0.240195 0.0985422 0.0445995
      vertex 0.237244 0.111387 0.0445995
    endloop
  endfacet
  facet normal 0 0 1
    outer loop
      vertex 0.240195 0.0985422 0.0445995
      vertex 0.221935 0.105876 0.0445995
      vertex 0.233476 0.0834379 0.0445995
    endloop
  endfacet
  facet normal -0 0 1
    outer loop
      vertex 0.20631 0.101336 0.0445995
      vertex 0.233476 0.0834379 0.0445995
      vertex 0.221935 0.105876 0.0445995
    endloop
  endfacet
  facet normal 0 0 1
    outer loop
      vertex 0.233476 0.0834379 0.0445995
      vertex 0.20631 0.101336 0.0445995
      vertex 0.226398 0.069438 0.0445995
    endloop
  endfacet
  facet normal -0 0 1
    outer loop
      vertex 0.190432 0.0977869 0.0445995
      vertex 0.226398 0.069438 0.0445995
      vertex 0.20631 0.101336 0.0445995
    endloop
  endfacet
  facet normal 0 0 1
    outer loop
      vertex 0.226398 0.069438 0.0445995
      vertex 0.190432 0.0977869 0.0445995
      vertex 0.218989 0.0565996 0.0445995
    endloop
  endfacet
  facet normal 0 0 1
    outer loop
      vertex 0.218989 0.0565996 0.0445995
      vertex 0.190432 0.0977869 0.0445995
      vertex 0.211279 0.0449724 0.0445995
    endloop
  endfacet
  facet normal -0 0 1
    outer loop
      vertex 0.174361 0.0952415 0.0445995
      vertex 0.211279 0.0449724 0.0445995
      vertex 0.190432 0.0977869 0.0445995
    endloop
  endfacet
  facet normal 0 0 1
    outer loop
      vertex 0.211279 0.0449724 0.0445995
      vertex 0.174361 0.0952415 0.0445995
      vertex 0.203298 0.0346031 0.0445995
    endloop
  endfacet
  facet normal 0 0 1
    outer loop
      vertex 0.203298 0.0346031 0.0445995
      vertex 0.174361 0.0952415 0.0445995
      vertex 0.195077 0.0255318 0.0445995
    endloop
  endfacet
  facet normal -0 0 1
    outer loop
      vertex 0.158162 0.0937109 0.0445995
      vertex 0.195077 0.0255318 0.0445995
      vertex 0.174361 0.0952415 0.0445995
    endloop
  endfacet
  facet normal 0 0 1
    outer loop
      vertex 0.195077 0.0255318 0.0445995
      vertex 0.158162 0.0937109 0.0445995
      vertex 0.186649 0.0177946 0.0445995
    endloop
  endfacet
  facet normal 0 0 1
    outer loop
      vertex 0.186649 0.0177946 0.0445995
      vertex 0.158162 0.0937109 0.0445995
      vertex 0.178047 0.0114222 0.0445995
    endloop
  endfacet
  facet normal 0 0 1
    outer loop
      vertex 0.178047 0.0114222 0.0445995
      vertex 0.158162 0.0937109 0.0445995
      vertex 0.169305 0.00643921 0.0445995
    endloop
  endfacet
  facet normal -0 0 1
    outer loop
      vertex 0.141899 0.0931997 0.0445995
      vertex 0.169305 0.00643921 0.0445995
      vertex 0.158162 0.0937109 0.0445995
    endloop
  endfacet
  facet normal 0 0 1
    outer loop
      vertex 0.169305 0.00643921 0.0445995
      vertex 0.141899 0.0931997 0.0445995
      vertex 0.160458 0.00286674 0.0445995
    endloop
  endfacet
  facet normal 0 0 1
    outer loop
      vertex 0.160458 0.00286674 0.0445995
      vertex 0.141899 0.0931997 0.0445995
      vertex 0.15154 0.000717163 0.0445995
    endloop
  endfacet
  facet normal 0 0 1
    outer loop
      vertex 0.15154 0.000717163 0.0445995
      vertex 0.141899 0.0931997 0.0445995
      vertex 0.142587 0 0.0445995
    endloop
  endfacet
  facet normal 0 0 1
    outer loop
      vertex 0.141899 0.0931997 0.0445995
      vertex 0.133634 0.000717163 0.0445995
      vertex 0.142587 0 0.0445995
    endloop
  endfacet
  facet normal 0 0 1
    outer loop
      vertex 0.107127 0.0114222 0.0445995
      vertex 0.141899 0.0931997 0.0445995
      vertex 0.125637 0.0937109 0.0445995
    endloop
  endfacet
  facet normal 0 0 1
    outer loop
      vertex 0.141899 0.0931997 0.0445995
      vertex 0.124716 0.00286674 0.0445995
      vertex 0.133634 0.000717163 0.0445995
    endloop
  endfacet
  facet normal 0 0 1
    outer loop
      vertex 0.141899 0.0931997 0.0445995
      vertex 0.115869 0.00643921 0.0445995
      vertex 0.124716 0.00286674 0.0445995
    endloop
  endfacet
  facet normal 0 0 1
    outer loop
      vertex 0.0818758 0.0346031 0.0445995
      vertex 0.125637 0.0937109 0.0445995
      vertex 0.109438 0.0952415 0.0445995
    endloop
  endfacet
  facet normal 0 0 1
    outer loop
      vertex 0.141899 0.0931997 0.0445995
      vertex 0.107127 0.0114222 0.0445995
      vertex 0.115869 0.00643921 0.0445995
    endloop
  endfacet
  facet normal 0 0 1
    outer loop
      vertex 0.125637 0.0937109 0.0445995
      vertex 0.098525 0.0177946 0.0445995
      vertex 0.107127 0.0114222 0.0445995
    endloop
  endfacet
  facet normal 0 0 1
    outer loop
      vertex 0.0738945 0.0449724 0.0445995
      vertex 0.109438 0.0952415 0.0445995
      vertex 0.0933676 0.0977869 0.0445995
    endloop
  endfacet
  facet normal 0 0 1
    outer loop
      vertex 0.125637 0.0937109 0.0445995
      vertex 0.0900974 0.0255318 0.0445995
      vertex 0.098525 0.0177946 0.0445995
    endloop
  endfacet
  facet normal 0 0 1
    outer loop
      vertex 0.125637 0.0937109 0.0445995
      vertex 0.0818758 0.0346031 0.0445995
      vertex 0.0900974 0.0255318 0.0445995
    endloop
  endfacet
  facet normal 0 0 1
    outer loop
      vertex 0.0587759 0.069438 0.0445995
      vertex 0.0933676 0.0977869 0.0445995
      vertex 0.0774889 0.101336 0.0445995
    endloop
  endfacet
  facet normal 0 0 1
    outer loop
      vertex 0.109438 0.0952415 0.0445995
      vertex 0.0738945 0.0449724 0.0445995
      vertex 0.0818758 0.0346031 0.0445995
    endloop
  endfacet
  facet normal 0 0 1
    outer loop
      vertex 0.0933676 0.0977869 0.0445995
      vertex 0.066185 0.0565996 0.0445995
      vertex 0.0738945 0.0449724 0.0445995
    endloop
  endfacet
  facet normal 0 0 1
    outer loop
      vertex 0.0516987 0.0834379 0.0445995
      vertex 0.0774889 0.101336 0.0445995
      vertex 0.0618639 0.105876 0.0445995
    endloop
  endfacet
  facet normal 0 0 1
    outer loop
      vertex 0.0933676 0.0977869 0.0445995
      vertex 0.0587759 0.069438 0.0445995
      vertex 0.066185 0.0565996 0.0445995
    endloop
  endfacet
  facet normal 0 0 1
    outer loop
      vertex 0.0774889 0.101336 0.0445995
      vertex 0.0516987 0.0834379 0.0445995
      vertex 0.0587759 0.069438 0.0445995
    endloop
  endfacet
  facet normal 0 0 1
    outer loop
      vertex 0.0449791 0.0985422 0.0445995
      vertex 0.0618639 0.105876 0.0445995
      vertex 0.0465555 0.111387 0.0445995
    endloop
  endfacet
  facet normal 0 0 1
    outer loop
      vertex 0.0618639 0.105876 0.0445995
      vertex 0.0449791 0.0985422 0.0445995
      vertex 0.0516987 0.0834379 0.0445995
    endloop
  endfacet
  facet normal 0 0 1
    outer loop
      vertex 0.0465555 0.111387 0.0445995
      vertex 0.0386448 0.114694 0.0445995
      vertex 0.0449791 0.0985422 0.0445995
    endloop
  endfacet
  facet normal -0 -0 1
    outer loop
      vertex 0.0386448 0.114694 0.0445995
      vertex 0.0465555 0.111387 0.0445995
      vertex 0.0385972 0.114831 0.0445995
    endloop
  endfacet
  facet normal 0 0 -1
    outer loop
      vertex 0.0316229 0.117849 0.0445995
      vertex 0.0327215 0.131826 0.0445995
      vertex 0.0385972 0.114831 0.0445995
    endloop
  endfacet
  facet normal 0 0 -1
    outer loop
      vertex 0.0171251 0.125237 0.0445995
      vertex 0.0327215 0.131826 0.0445995
      vertex 0.0316229 0.117849 0.0445995
    endloop
  endfacet
  facet normal -0 0 -1
    outer loop
      vertex 0.0327215 0.131826 0.0445995
      vertex 0.0171251 0.125237 0.0445995
      vertex 0.0272312 0.149875 0.0445995
    endloop
  endfacet
  facet normal 0 0 -1
    outer loop
      vertex 0.00312042 0.133518 0.0445995
      vertex 0.0272312 0.149875 0.0445995
      vertex 0.0171251 0.125237 0.0445995
    endloop
  endfacet
  facet normal 0 0 -1
    outer loop
      vertex -0.0103359 0.142664 0.0445995
      vertex 0.0272312 0.149875 0.0445995
      vertex 0.00312042 0.133518 0.0445995
    endloop
  endfacet
  facet normal -0 0 -1
    outer loop
      vertex 0.0272312 0.149875 0.0445995
      vertex -0.0103359 0.142664 0.0445995
      vertex 0.0221968 0.168766 0.0445995
    endloop
  endfacet
  facet normal 0 0 -1
    outer loop
      vertex -0.0231924 0.152637 0.0445995
      vertex 0.0221968 0.168766 0.0445995
      vertex -0.0103359 0.142664 0.0445995
    endloop
  endfacet
  facet normal -0 0 -1
    outer loop
      vertex 0.0221968 0.168766 0.0445995
      vertex -0.0231924 0.152637 0.0445995
      vertex 0.0176363 0.188426 0.0445995
    endloop
  endfacet
  facet normal 0 0 -1
    outer loop
      vertex -0.0353975 0.163397 0.0445995
      vertex 0.0176363 0.188426 0.0445995
      vertex -0.0231924 0.152637 0.0445995
    endloop
  endfacet
  facet normal -0 0 -1
    outer loop
      vertex 0.0176363 0.188426 0.0445995
      vertex -0.0353975 0.163397 0.0445995
      vertex 0.0135698 0.208777 0.0445995
    endloop
  endfacet
  facet normal 0 0 -1
    outer loop
      vertex -0.0469027 0.174902 0.0445995
      vertex 0.0135698 0.208777 0.0445995
      vertex -0.0353975 0.163397 0.0445995
    endloop
  endfacet
  facet normal 0 0 -1
    outer loop
      vertex -0.057662 0.187107 0.0445995
      vertex 0.0135698 0.208777 0.0445995
      vertex -0.0469027 0.174902 0.0445995
    endloop
  endfacet
  facet normal -0 0 -1
    outer loop
      vertex 0.0135698 0.208777 0.0445995
      vertex -0.057662 0.187107 0.0445995
      vertex 0.0100126 0.22974 0.0445995
    endloop
  endfacet
  facet normal 0 0 -1
    outer loop
      vertex -0.0767803 0.21342 0.0445995
      vertex 0.0100126 0.22974 0.0445995
      vertex -0.0676346 0.199964 0.0445995
    endloop
  endfacet
  facet normal 0 0 -1
    outer loop
      vertex -0.0676346 0.199964 0.0445995
      vertex 0.0100126 0.22974 0.0445995
      vertex -0.057662 0.187107 0.0445995
    endloop
  endfacet
  facet normal 0 0 -1
    outer loop
      vertex 0.0272312 0.577294 0.0445995
      vertex 0.0171251 0.579163 0.0445995
      vertex 0.0297576 0.585599 0.0445995
    endloop
  endfacet
  facet normal 0 0 -1
    outer loop
      vertex 0.0221968 0.558403 0.0445995
      vertex 0.0171251 0.579163 0.0445995
      vertex 0.0272312 0.577294 0.0445995
    endloop
  endfacet
  facet normal 0 0 -1
    outer loop
      vertex -0.0103359 0.561735 0.0445995
      vertex 0.0221968 0.558403 0.0445995
      vertex 0.0176363 0.538743 0.0445995
    endloop
  endfacet
  facet normal 0 0 -1
    outer loop
      vertex -0.0231924 0.551763 0.0445995
      vertex 0.0176363 0.538743 0.0445995
      vertex 0.0135698 0.518392 0.0445995
    endloop
  endfacet
  facet normal 0 0 -1
    outer loop
      vertex -0.0353975 0.541002 0.0445995
      vertex 0.0135698 0.518392 0.0445995
      vertex 0.0100126 0.497429 0.0445995
    endloop
  endfacet
  facet normal 0 0 -1
    outer loop
      vertex -0.057662 0.517292 0.0445995
      vertex 0.0100126 0.497429 0.0445995
      vertex 0.00697803 0.475939 0.0445995
    endloop
  endfacet
  facet normal 0 0 -1
    outer loop
      vertex -0.0767803 0.490978 0.0445995
      vertex 0.00697803 0.475939 0.0445995
      vertex 0.00447941 0.454004 0.0445995
    endloop
  endfacet
  facet normal 0 0 -1
    outer loop
      vertex 0.0221968 0.558403 0.0445995
      vertex 0.00312042 0.570881 0.0445995
      vertex 0.0171251 0.579163 0.0445995
    endloop
  endfacet
  facet normal 0 0 -1
    outer loop
      vertex -0.085063 0.476974 0.0445995
      vertex 0.00447941 0.454004 0.0445995
      vertex 0.00252533 0.431713 0.0445995
    endloop
  endfacet
  facet normal 0 0 -1
    outer loop
      vertex -0.0989113 0.447544 0.0445995
      vertex 0.00252533 0.431713 0.0445995
      vertex 0.00112343 0.409154 0.0445995
    endloop
  endfacet
  facet normal 0 0 -1
    outer loop
      vertex -0.108963 0.41661 0.0445995
      vertex 0.00112343 0.409154 0.0445995
      vertex 0.000281334 0.386415 0.0445995
    endloop
  endfacet
  facet normal -0 0 -1
    outer loop
      vertex 0.0100126 0.22974 0.0445995
      vertex -0.0767803 0.21342 0.0445995
      vertex 0.00697803 0.25123 0.0445995
    endloop
  endfacet
  facet normal 0 0 -1
    outer loop
      vertex -0.085063 0.227426 0.0445995
      vertex 0.00697803 0.25123 0.0445995
      vertex -0.0767803 0.21342 0.0445995
    endloop
  endfacet
  facet normal 0 0 -1
    outer loop
      vertex 0.0221968 0.558403 0.0445995
      vertex -0.0103359 0.561735 0.0445995
      vertex 0.00312042 0.570881 0.0445995
    endloop
  endfacet
  facet normal -0 0 -1
    outer loop
      vertex 0.00697803 0.25123 0.0445995
      vertex -0.085063 0.227426 0.0445995
      vertex 0.00447941 0.273165 0.0445995
    endloop
  endfacet
  facet normal 0 0 -1
    outer loop
      vertex 0.0176363 0.538743 0.0445995
      vertex -0.0231924 0.551763 0.0445995
      vertex -0.0103359 0.561735 0.0445995
    endloop
  endfacet
  facet normal 0 0 -1
    outer loop
      vertex -0.0924501 0.241922 0.0445995
      vertex 0.00447941 0.273165 0.0445995
      vertex -0.085063 0.227426 0.0445995
    endloop
  endfacet
  facet normal 0 0 -1
    outer loop
      vertex 0.0135698 0.518392 0.0445995
      vertex -0.0353975 0.541002 0.0445995
      vertex -0.0231924 0.551763 0.0445995
    endloop
  endfacet
  facet normal 0 0 -1
    outer loop
      vertex -0.0989113 0.256855 0.0445995
      vertex 0.00447941 0.273165 0.0445995
      vertex -0.0924501 0.241922 0.0445995
    endloop
  endfacet
  facet normal 0 0 -1
    outer loop
      vertex 0.0100126 0.497429 0.0445995
      vertex -0.0469027 0.529497 0.0445995
      vertex -0.0353975 0.541002 0.0445995
    endloop
  endfacet
  facet normal -0 0 -1
    outer loop
      vertex 0.00447941 0.273165 0.0445995
      vertex -0.0989113 0.256855 0.0445995
      vertex 0.00252533 0.295456 0.0445995
    endloop
  endfacet
  facet normal 0 0 -1
    outer loop
      vertex 0.0100126 0.497429 0.0445995
      vertex -0.057662 0.517292 0.0445995
      vertex -0.0469027 0.529497 0.0445995
    endloop
  endfacet
  facet normal 0 0 -1
    outer loop
      vertex -0.104424 0.272164 0.0445995
      vertex 0.00252533 0.295456 0.0445995
      vertex -0.0989113 0.256855 0.0445995
    endloop
  endfacet
  facet normal 0 0 -1
    outer loop
      vertex 0.00697803 0.475939 0.0445995
      vertex -0.0676346 0.504436 0.0445995
      vertex -0.057662 0.517292 0.0445995
    endloop
  endfacet
  facet normal 0 0 -1
    outer loop
      vertex -0.108963 0.287788 0.0445995
      vertex 0.00252533 0.295456 0.0445995
      vertex -0.104424 0.272164 0.0445995
    endloop
  endfacet
  facet normal 0 0 -1
    outer loop
      vertex 0.00697803 0.475939 0.0445995
      vertex -0.0767803 0.490978 0.0445995
      vertex -0.0676346 0.504436 0.0445995
    endloop
  endfacet
  facet normal -0 0 -1
    outer loop
      vertex 0.00252533 0.295456 0.0445995
      vertex -0.108963 0.287788 0.0445995
      vertex 0.00112343 0.318015 0.0445995
    endloop
  endfacet
  facet normal 0 0 -1
    outer loop
      vertex 0.00447941 0.454004 0.0445995
      vertex -0.085063 0.476974 0.0445995
      vertex -0.0767803 0.490978 0.0445995
    endloop
  endfacet
  facet normal 0 0 -1
    outer loop
      vertex -0.112512 0.303668 0.0445995
      vertex 0.00112343 0.318015 0.0445995
      vertex -0.108963 0.287788 0.0445995
    endloop
  endfacet
  facet normal 0 0 -1
    outer loop
      vertex 0.00252533 0.431713 0.0445995
      vertex -0.0924501 0.462477 0.0445995
      vertex -0.085063 0.476974 0.0445995
    endloop
  endfacet
  facet normal 0 0 -1
    outer loop
      vertex -0.115057 0.319738 0.0445995
      vertex 0.00112343 0.318015 0.0445995
      vertex -0.112512 0.303668 0.0445995
    endloop
  endfacet
  facet normal 0 0 -1
    outer loop
      vertex 0.00252533 0.431713 0.0445995
      vertex -0.0989113 0.447544 0.0445995
      vertex -0.0924501 0.462477 0.0445995
    endloop
  endfacet
  facet normal 0 0 -1
    outer loop
      vertex 0.00112343 0.318015 0.0445995
      vertex -0.115057 0.319738 0.0445995
      vertex 0.000281334 0.340755 0.0445995
    endloop
  endfacet
  facet normal 0 0 -1
    outer loop
      vertex 0.00112343 0.409154 0.0445995
      vertex -0.104424 0.432235 0.0445995
      vertex -0.0989113 0.447544 0.0445995
    endloop
  endfacet
  facet normal 0 0 -1
    outer loop
      vertex -0.116589 0.335937 0.0445995
      vertex 0.000281334 0.340755 0.0445995
      vertex -0.115057 0.319738 0.0445995
    endloop
  endfacet
  facet normal 0 0 -1
    outer loop
      vertex 0.00112343 0.409154 0.0445995
      vertex -0.108963 0.41661 0.0445995
      vertex -0.104424 0.432235 0.0445995
    endloop
  endfacet
  facet normal 0 0 -1
    outer loop
      vertex -0.1171 0.3522 0.0445995
      vertex 0.000281334 0.340755 0.0445995
      vertex -0.116589 0.335937 0.0445995
    endloop
  endfacet
  facet normal 0 0 -1
    outer loop
      vertex 0.000281334 0.386415 0.0445995
      vertex -0.112512 0.400731 0.0445995
      vertex -0.108963 0.41661 0.0445995
    endloop
  endfacet
  facet normal 0 0 -1
    outer loop
      vertex 0.000281334 0.340755 0.0445995
      vertex -0.1171 0.3522 0.0445995
      vertex 0 0.363585 0.0445995
    endloop
  endfacet
  facet normal -0 0 -1
    outer loop
      vertex 0.000281334 0.386415 0.0445995
      vertex -0.115057 0.384661 0.0445995
      vertex -0.112512 0.400731 0.0445995
    endloop
  endfacet
  facet normal 0 -0 -1
    outer loop
      vertex -0.116589 0.368463 0.0445995
      vertex 0 0.363585 0.0445995
      vertex -0.1171 0.3522 0.0445995
    endloop
  endfacet
  facet normal 0 0 -1
    outer loop
      vertex 0 0.363585 0.0445995
      vertex -0.115057 0.384661 0.0445995
      vertex 0.000281334 0.386415 0.0445995
    endloop
  endfacet
  facet normal 0 -0 -1
    outer loop
      vertex -0.115057 0.384661 0.0445995
      vertex 0 0.363585 0.0445995
      vertex -0.116589 0.368463 0.0445995
    endloop
  endfacet
  facet normal 0 0 -1
    outer loop
      vertex 0.284893 0.340755 0.0445995
      vertex 0.4009 0.3522 0.0445995
      vertex 0.400389 0.335937 0.0445995
    endloop
  endfacet
  facet normal 0 0 -1
    outer loop
      vertex 0.284893 0.340755 0.0445995
      vertex 0.400389 0.335937 0.0445995
      vertex 0.398857 0.319738 0.0445995
    endloop
  endfacet
  facet normal -0 0 -1
    outer loop
      vertex 0.4009 0.3522 0.0445995
      vertex 0.284893 0.340755 0.0445995
      vertex 0.285174 0.363585 0.0445995
    endloop
  endfacet
  facet normal 0 0 -1
    outer loop
      vertex 0.28405 0.318015 0.0445995
      vertex 0.398857 0.319738 0.0445995
      vertex 0.396312 0.303668 0.0445995
    endloop
  endfacet
  facet normal 0 0 -1
    outer loop
      vertex 0.4009 0.3522 0.0445995
      vertex 0.285174 0.363585 0.0445995
      vertex 0.400389 0.368463 0.0445995
    endloop
  endfacet
  facet normal 0 0 -1
    outer loop
      vertex 0.28405 0.318015 0.0445995
      vertex 0.396312 0.303668 0.0445995
      vertex 0.392762 0.287788 0.0445995
    endloop
  endfacet
  facet normal -0 0 -1
    outer loop
      vertex 0.400389 0.368463 0.0445995
      vertex 0.285174 0.363585 0.0445995
      vertex 0.398857 0.384661 0.0445995
    endloop
  endfacet
  facet normal 0 0 -1
    outer loop
      vertex 0.282649 0.295456 0.0445995
      vertex 0.392762 0.287788 0.0445995
      vertex 0.388223 0.272164 0.0445995
    endloop
  endfacet
  facet normal 0 0 -1
    outer loop
      vertex 0.284893 0.386415 0.0445995
      vertex 0.398857 0.384661 0.0445995
      vertex 0.285174 0.363585 0.0445995
    endloop
  endfacet
  facet normal 0 0 -1
    outer loop
      vertex 0.282649 0.295456 0.0445995
      vertex 0.388223 0.272164 0.0445995
      vertex 0.382711 0.256855 0.0445995
    endloop
  endfacet
  facet normal 0 0 -1
    outer loop
      vertex 0.398857 0.384661 0.0445995
      vertex 0.284893 0.386415 0.0445995
      vertex 0.396312 0.400731 0.0445995
    endloop
  endfacet
  facet normal 0 0 -1
    outer loop
      vertex 0.280695 0.273165 0.0445995
      vertex 0.382711 0.256855 0.0445995
      vertex 0.376249 0.241922 0.0445995
    endloop
  endfacet
  facet normal -0 0 -1
    outer loop
      vertex 0.396312 0.400731 0.0445995
      vertex 0.284893 0.386415 0.0445995
      vertex 0.392762 0.41661 0.0445995
    endloop
  endfacet
  facet normal 0 0 -1
    outer loop
      vertex 0.280695 0.273165 0.0445995
      vertex 0.376249 0.241922 0.0445995
      vertex 0.368863 0.227426 0.0445995
    endloop
  endfacet
  facet normal 0 0 -1
    outer loop
      vertex 0.28405 0.409154 0.0445995
      vertex 0.392762 0.41661 0.0445995
      vertex 0.284893 0.386415 0.0445995
    endloop
  endfacet
  facet normal 0 0 -1
    outer loop
      vertex 0.278195 0.25123 0.0445995
      vertex 0.368863 0.227426 0.0445995
      vertex 0.36058 0.21342 0.0445995
    endloop
  endfacet
  facet normal -0 0 -1
    outer loop
      vertex 0.392762 0.41661 0.0445995
      vertex 0.28405 0.409154 0.0445995
      vertex 0.388223 0.432235 0.0445995
    endloop
  endfacet
  facet normal 0 0 -1
    outer loop
      vertex 0.275162 0.22974 0.0445995
      vertex 0.36058 0.21342 0.0445995
      vertex 0.351435 0.199964 0.0445995
    endloop
  endfacet
  facet normal -0 0 -1
    outer loop
      vertex 0.388223 0.432235 0.0445995
      vertex 0.28405 0.409154 0.0445995
      vertex 0.382711 0.447544 0.0445995
    endloop
  endfacet
  facet normal 0 0 -1
    outer loop
      vertex 0.275162 0.22974 0.0445995
      vertex 0.351435 0.199964 0.0445995
      vertex 0.341462 0.187107 0.0445995
    endloop
  endfacet
  facet normal 0 0 -1
    outer loop
      vertex 0.282649 0.431713 0.0445995
      vertex 0.382711 0.447544 0.0445995
      vertex 0.28405 0.409154 0.0445995
    endloop
  endfacet
  facet normal 0 0 -1
    outer loop
      vertex 0.271604 0.208777 0.0445995
      vertex 0.341462 0.187107 0.0445995
      vertex 0.330703 0.174902 0.0445995
    endloop
  endfacet
  facet normal -0 0 -1
    outer loop
      vertex 0.382711 0.447544 0.0445995
      vertex 0.282649 0.431713 0.0445995
      vertex 0.376249 0.462477 0.0445995
    endloop
  endfacet
  facet normal 0 0 -1
    outer loop
      vertex 0.271604 0.208777 0.0445995
      vertex 0.330703 0.174902 0.0445995
      vertex 0.319198 0.163397 0.0445995
    endloop
  endfacet
  facet normal 0 0 -1
    outer loop
      vertex 0.280695 0.454004 0.0445995
      vertex 0.376249 0.462477 0.0445995
      vertex 0.282649 0.431713 0.0445995
    endloop
  endfacet
  facet normal 0 0 -1
    outer loop
      vertex 0.267537 0.188426 0.0445995
      vertex 0.319198 0.163397 0.0445995
      vertex 0.306993 0.152637 0.0445995
    endloop
  endfacet
  facet normal -0 0 -1
    outer loop
      vertex 0.376249 0.462477 0.0445995
      vertex 0.280695 0.454004 0.0445995
      vertex 0.368863 0.476974 0.0445995
    endloop
  endfacet
  facet normal 0 0 -1
    outer loop
      vertex 0.262978 0.168766 0.0445995
      vertex 0.306993 0.152637 0.0445995
      vertex 0.294136 0.142664 0.0445995
    endloop
  endfacet
  facet normal -0 0 -1
    outer loop
      vertex 0.368863 0.476974 0.0445995
      vertex 0.280695 0.454004 0.0445995
      vertex 0.36058 0.490978 0.0445995
    endloop
  endfacet
  facet normal -0 0 -1
    outer loop
      vertex 0.36058 0.490978 0.0445995
      vertex 0.278195 0.475939 0.0445995
      vertex 0.351435 0.504436 0.0445995
    endloop
  endfacet
  facet normal 0 0 -1
    outer loop
      vertex 0.278195 0.475939 0.0445995
      vertex 0.36058 0.490978 0.0445995
      vertex 0.280695 0.454004 0.0445995
    endloop
  endfacet
  facet normal -0 0 -1
    outer loop
      vertex 0.398857 0.319738 0.0445995
      vertex 0.28405 0.318015 0.0445995
      vertex 0.284893 0.340755 0.0445995
    endloop
  endfacet
  facet normal 0 0 -1
    outer loop
      vertex 0.392762 0.287788 0.0445995
      vertex 0.282649 0.295456 0.0445995
      vertex 0.28405 0.318015 0.0445995
    endloop
  endfacet
  facet normal 0 0 -1
    outer loop
      vertex 0.382711 0.256855 0.0445995
      vertex 0.280695 0.273165 0.0445995
      vertex 0.282649 0.295456 0.0445995
    endloop
  endfacet
  facet normal 0 0 -1
    outer loop
      vertex 0.257943 0.149875 0.0445995
      vertex 0.294136 0.142664 0.0445995
      vertex 0.280679 0.133518 0.0445995
    endloop
  endfacet
  facet normal 0 0 -1
    outer loop
      vertex 0.368863 0.227426 0.0445995
      vertex 0.278195 0.25123 0.0445995
      vertex 0.280695 0.273165 0.0445995
    endloop
  endfacet
  facet normal 0 0 -1
    outer loop
      vertex 0.36058 0.21342 0.0445995
      vertex 0.275162 0.22974 0.0445995
      vertex 0.278195 0.25123 0.0445995
    endloop
  endfacet
  facet normal 0 0 -1
    outer loop
      vertex 0.341462 0.187107 0.0445995
      vertex 0.271604 0.208777 0.0445995
      vertex 0.275162 0.22974 0.0445995
    endloop
  endfacet
  facet normal 0 0 -1
    outer loop
      vertex 0.319198 0.163397 0.0445995
      vertex 0.267537 0.188426 0.0445995
      vertex 0.271604 0.208777 0.0445995
    endloop
  endfacet
  facet normal 0 0 -1
    outer loop
      vertex 0.257943 0.149875 0.0445995
      vertex 0.280679 0.133518 0.0445995
      vertex 0.266674 0.125237 0.0445995
    endloop
  endfacet
  facet normal 0 0 -1
    outer loop
      vertex 0.306993 0.152637 0.0445995
      vertex 0.262978 0.168766 0.0445995
      vertex 0.267537 0.188426 0.0445995
    endloop
  endfacet
  facet normal 0 0 -1
    outer loop
      vertex 0.294136 0.142664 0.0445995
      vertex 0.257943 0.149875 0.0445995
      vertex 0.262978 0.168766 0.0445995
    endloop
  endfacet
  facet normal 0 0 -1
    outer loop
      vertex 0.266674 0.125237 0.0445995
      vertex 0.252453 0.131826 0.0445995
      vertex 0.257943 0.149875 0.0445995
    endloop
  endfacet
  facet normal 0 0 -1
    outer loop
      vertex 0.252176 0.117849 0.0445995
      vertex 0.252453 0.131826 0.0445995
      vertex 0.266674 0.125237 0.0445995
    endloop
  endfacet
  facet normal 0 0 -1
    outer loop
      vertex 0.252453 0.131826 0.0445995
      vertex 0.252176 0.117849 0.0445995
      vertex 0.246818 0.115531 0.0445995
    endloop
  endfacet
  facet normal -0 0 -1
    outer loop
      vertex 0.351435 0.504436 0.0445995
      vertex 0.278195 0.475939 0.0445995
      vertex 0.341462 0.517292 0.0445995
    endloop
  endfacet
  facet normal 0 0 -1
    outer loop
      vertex 0.275162 0.497429 0.0445995
      vertex 0.341462 0.517292 0.0445995
      vertex 0.278195 0.475939 0.0445995
    endloop
  endfacet
  facet normal -0 0 -1
    outer loop
      vertex 0.341462 0.517292 0.0445995
      vertex 0.275162 0.497429 0.0445995
      vertex 0.330703 0.529497 0.0445995
    endloop
  endfacet
  facet normal 0 0 -1
    outer loop
      vertex 0.271604 0.518392 0.0445995
      vertex 0.330703 0.529497 0.0445995
      vertex 0.275162 0.497429 0.0445995
    endloop
  endfacet
  facet normal -0 0 -1
    outer loop
      vertex 0.330703 0.529497 0.0445995
      vertex 0.271604 0.518392 0.0445995
      vertex 0.319198 0.541002 0.0445995
    endloop
  endfacet
  facet normal -0 0 -1
    outer loop
      vertex 0.319198 0.541002 0.0445995
      vertex 0.271604 0.518392 0.0445995
      vertex 0.306993 0.551763 0.0445995
    endloop
  endfacet
  facet normal 0 0 -1
    outer loop
      vertex 0.267537 0.538743 0.0445995
      vertex 0.306993 0.551763 0.0445995
      vertex 0.271604 0.518392 0.0445995
    endloop
  endfacet
  facet normal -0 0 -1
    outer loop
      vertex 0.306993 0.551763 0.0445995
      vertex 0.267537 0.538743 0.0445995
      vertex 0.294136 0.561735 0.0445995
    endloop
  endfacet
  facet normal 0 0 -1
    outer loop
      vertex 0.262978 0.558403 0.0445995
      vertex 0.294136 0.561735 0.0445995
      vertex 0.267537 0.538743 0.0445995
    endloop
  endfacet
  facet normal -0 0 -1
    outer loop
      vertex 0.294136 0.561735 0.0445995
      vertex 0.262978 0.558403 0.0445995
      vertex 0.280679 0.570881 0.0445995
    endloop
  endfacet
  facet normal -0 0 -1
    outer loop
      vertex 0.280679 0.570881 0.0445995
      vertex 0.262978 0.558403 0.0445995
      vertex 0.266674 0.579163 0.0445995
    endloop
  endfacet
  facet normal 0 0 -1
    outer loop
      vertex 0.257943 0.577294 0.0445995
      vertex 0.266674 0.579163 0.0445995
      vertex 0.262978 0.558403 0.0445995
    endloop
  endfacet
  facet normal -0 0 -1
    outer loop
      vertex 0.266674 0.579163 0.0445995
      vertex 0.257943 0.577294 0.0445995
      vertex 0.255669 0.58477 0.0445995
    endloop
  endfacet
  facet normal -0.993575 0.113178 0
    outer loop
      vertex 0.00447941 0.454004 0
      vertex 0.00697803 0.475939 0.0445995
      vertex 0.00697803 0.475939 0
    endloop
  endfacet
  facet normal -0.993575 0.113178 0
    outer loop
      vertex 0.00697803 0.475939 0.0445995
      vertex 0.00447941 0.454004 0
      vertex 0.00447941 0.454004 0.0445995
    endloop
  endfacet
  facet normal -0 0 -1
    outer loop
      vertex 0.267537 0.538743 0
      vertex 0.18071 0.537155 0
      vertex 0.180786 0.539597 0
    endloop
  endfacet
  facet normal 0 0 -1
    outer loop
      vertex 0.278195 0.475939 0
      vertex 0.180481 0.534714 0
      vertex 0.18071 0.537155 0
    endloop
  endfacet
  facet normal -0 0 -1
    outer loop
      vertex 0.278195 0.475939 0
      vertex 0.180145 0.412476 0
      vertex 0.170242 0.51297 0
    endloop
  endfacet
  facet normal 0 0 -1
    outer loop
      vertex 0.278195 0.475939 0
      vertex 0.180099 0.532303 0
      vertex 0.180481 0.534714 0
    endloop
  endfacet
  facet normal 0 0 -1
    outer loop
      vertex 0.278195 0.475939 0
      vertex 0.179565 0.529922 0
      vertex 0.180099 0.532303 0
    endloop
  endfacet
  facet normal 0 0 -1
    outer loop
      vertex 0.278195 0.475939 0
      vertex 0.178894 0.527573 0
      vertex 0.179565 0.529922 0
    endloop
  endfacet
  facet normal 0 0 -1
    outer loop
      vertex 0.278195 0.475939 0
      vertex 0.178055 0.525269 0
      vertex 0.178894 0.527573 0
    endloop
  endfacet
  facet normal 0 0 -1
    outer loop
      vertex 0.278195 0.475939 0
      vertex 0.177094 0.523026 0
      vertex 0.178055 0.525269 0
    endloop
  endfacet
  facet normal 0 0 -1
    outer loop
      vertex 0.168518 0.51123 0
      vertex 0.180145 0.412476 0
      vertex 0.176285 0.414764 0
    endloop
  endfacet
  facet normal 0 0 -1
    outer loop
      vertex 0.278195 0.475939 0
      vertex 0.17598 0.520859 0
      vertex 0.177094 0.523026 0
    endloop
  endfacet
  facet normal 0 0 -1
    outer loop
      vertex 0.278195 0.475939 0
      vertex 0.174744 0.518753 0
      vertex 0.17598 0.520859 0
    endloop
  endfacet
  facet normal 0 0 -1
    outer loop
      vertex 0.278195 0.475939 0
      vertex 0.17337 0.516724 0
      vertex 0.174744 0.518753 0
    endloop
  endfacet
  facet normal 0 0 -1
    outer loop
      vertex 0.166687 0.509613 0
      vertex 0.176285 0.414764 0
      vertex 0.172287 0.416794 0
    endloop
  endfacet
  facet normal 0 0 -1
    outer loop
      vertex 0.278195 0.475939 0
      vertex 0.17186 0.514801 0
      vertex 0.17337 0.516724 0
    endloop
  endfacet
  facet normal 0 0 -1
    outer loop
      vertex 0.278195 0.475939 0
      vertex 0.170242 0.51297 0
      vertex 0.17186 0.514801 0
    endloop
  endfacet
  facet normal 0 0 -1
    outer loop
      vertex 0.180145 0.412476 0
      vertex 0.168518 0.51123 0
      vertex 0.170242 0.51297 0
    endloop
  endfacet
  facet normal 0 0 -1
    outer loop
      vertex 0.162735 0.506744 0
      vertex 0.172287 0.416794 0
      vertex 0.168182 0.418579 0
    endloop
  endfacet
  facet normal 0 0 -1
    outer loop
      vertex 0.176285 0.414764 0
      vertex 0.166687 0.509613 0
      vertex 0.168518 0.51123 0
    endloop
  endfacet
  facet normal 0 0 -1
    outer loop
      vertex 0.172287 0.416794 0
      vertex 0.164764 0.508118 0
      vertex 0.166687 0.509613 0
    endloop
  endfacet
  facet normal 0 0 -1
    outer loop
      vertex 0.160629 0.505508 0
      vertex 0.168182 0.418579 0
      vertex 0.163956 0.420105 0
    endloop
  endfacet
  facet normal 0 0 -1
    outer loop
      vertex 0.172287 0.416794 0
      vertex 0.162735 0.506744 0
      vertex 0.164764 0.508118 0
    endloop
  endfacet
  facet normal 0 0 -1
    outer loop
      vertex 0.168182 0.418579 0
      vertex 0.160629 0.505508 0
      vertex 0.162735 0.506744 0
    endloop
  endfacet
  facet normal 0 0 -1
    outer loop
      vertex 0.156219 0.503418 0
      vertex 0.163956 0.420105 0
      vertex 0.159653 0.421356 0
    endloop
  endfacet
  facet normal 0 0 -1
    outer loop
      vertex 0.163956 0.420105 0
      vertex 0.158463 0.504395 0
      vertex 0.160629 0.505508 0
    endloop
  endfacet
  facet normal 0 0 -1
    outer loop
      vertex 0.163956 0.420105 0
      vertex 0.156219 0.503418 0
      vertex 0.158463 0.504395 0
    endloop
  endfacet
  facet normal 0 0 -1
    outer loop
      vertex 0.153915 0.502594 0
      vertex 0.159653 0.421356 0
      vertex 0.155273 0.422333 0
    endloop
  endfacet
  facet normal 0 0 -1
    outer loop
      vertex 0.159653 0.421356 0
      vertex 0.153915 0.502594 0
      vertex 0.156219 0.503418 0
    endloop
  endfacet
  facet normal 0 0 -1
    outer loop
      vertex 0.155273 0.422333 0
      vertex 0.151566 0.501907 0
      vertex 0.153915 0.502594 0
    endloop
  endfacet
  facet normal 0 0 -1
    outer loop
      vertex 0.150848 0.423035 0
      vertex 0.151566 0.501907 0
      vertex 0.155273 0.422333 0
    endloop
  endfacet
  facet normal 0 0 -1
    outer loop
      vertex 0.150848 0.423035 0
      vertex 0.149185 0.501389 0
      vertex 0.151566 0.501907 0
    endloop
  endfacet
  facet normal 0 0 -1
    outer loop
      vertex 0.150848 0.423035 0
      vertex 0.146774 0.500992 0
      vertex 0.149185 0.501389 0
    endloop
  endfacet
  facet normal 0 0 -1
    outer loop
      vertex 0.146378 0.423447 0
      vertex 0.146774 0.500992 0
      vertex 0.150848 0.423035 0
    endloop
  endfacet
  facet normal 0 0 -1
    outer loop
      vertex 0.146378 0.423447 0
      vertex 0.144333 0.500763 0
      vertex 0.146774 0.500992 0
    endloop
  endfacet
  facet normal 0 0 -1
    outer loop
      vertex 0.141891 0.423599 0
      vertex 0.144333 0.500763 0
      vertex 0.146378 0.423447 0
    endloop
  endfacet
  facet normal 0 0 -1
    outer loop
      vertex 0.141891 0.423599 0
      vertex 0.141891 0.500687 0
      vertex 0.144333 0.500763 0
    endloop
  endfacet
  facet normal 0 0 -1
    outer loop
      vertex 0.141891 0.423599 0
      vertex 0.13945 0.500763 0
      vertex 0.141891 0.500687 0
    endloop
  endfacet
  facet normal 0 0 -1
    outer loop
      vertex 0.137405 0.423447 0
      vertex 0.13945 0.500763 0
      vertex 0.141891 0.423599 0
    endloop
  endfacet
  facet normal 0 0 -1
    outer loop
      vertex 0.137405 0.423447 0
      vertex 0.137024 0.500992 0
      vertex 0.13945 0.500763 0
    endloop
  endfacet
  facet normal 0 0 -1
    outer loop
      vertex 0.13295 0.423035 0
      vertex 0.137024 0.500992 0
      vertex 0.137405 0.423447 0
    endloop
  endfacet
  facet normal -0 0 -1
    outer loop
      vertex 0.137024 0.500992 0
      vertex 0.13295 0.423035 0
      vertex 0.134598 0.501389 0
    endloop
  endfacet
  facet normal 0 0 -1
    outer loop
      vertex 0.13295 0.423035 0
      vertex 0.132217 0.501907 0
      vertex 0.134598 0.501389 0
    endloop
  endfacet
  facet normal 0 0 -1
    outer loop
      vertex 0.12851 0.422333 0
      vertex 0.132217 0.501907 0
      vertex 0.13295 0.423035 0
    endloop
  endfacet
  facet normal -0 0 -1
    outer loop
      vertex 0.132217 0.501907 0
      vertex 0.12851 0.422333 0
      vertex 0.129868 0.502594 0
    endloop
  endfacet
  facet normal 0 0 -1
    outer loop
      vertex 0.12413 0.421356 0
      vertex 0.129868 0.502594 0
      vertex 0.12851 0.422333 0
    endloop
  endfacet
  facet normal -0 0 -1
    outer loop
      vertex 0.129868 0.502594 0
      vertex 0.12413 0.421356 0
      vertex 0.127579 0.503418 0
    endloop
  endfacet
  facet normal 0 0 -1
    outer loop
      vertex 0.119827 0.420105 0
      vertex 0.127579 0.503418 0
      vertex 0.12413 0.421356 0
    endloop
  endfacet
  facet normal -0 0 -1
    outer loop
      vertex 0.127579 0.503418 0
      vertex 0.119827 0.420105 0
      vertex 0.125336 0.504395 0
    endloop
  endfacet
  facet normal -0 0 -1
    outer loop
      vertex 0.125336 0.504395 0
      vertex 0.119827 0.420105 0
      vertex 0.123154 0.505508 0
    endloop
  endfacet
  facet normal 0 0 -1
    outer loop
      vertex 0.115616 0.418579 0
      vertex 0.123154 0.505508 0
      vertex 0.119827 0.420105 0
    endloop
  endfacet
  facet normal -0 0 -1
    outer loop
      vertex 0.123154 0.505508 0
      vertex 0.115616 0.418579 0
      vertex 0.121048 0.506744 0
    endloop
  endfacet
  facet normal 0 0 -1
    outer loop
      vertex 0.111496 0.416794 0
      vertex 0.121048 0.506744 0
      vertex 0.115616 0.418579 0
    endloop
  endfacet
  facet normal -0 0 -1
    outer loop
      vertex 0.121048 0.506744 0
      vertex 0.111496 0.416794 0
      vertex 0.119034 0.508118 0
    endloop
  endfacet
  facet normal -0 0 -1
    outer loop
      vertex 0.119034 0.508118 0
      vertex 0.111496 0.416794 0
      vertex 0.117096 0.509613 0
    endloop
  endfacet
  facet normal 0 0 -1
    outer loop
      vertex 0.107498 0.414764 0
      vertex 0.117096 0.509613 0
      vertex 0.111496 0.416794 0
    endloop
  endfacet
  facet normal -0 0 -1
    outer loop
      vertex 0.117096 0.509613 0
      vertex 0.107498 0.414764 0
      vertex 0.115265 0.51123 0
    endloop
  endfacet
  facet normal 0 0 -1
    outer loop
      vertex 0.103638 0.412476 0
      vertex 0.115265 0.51123 0
      vertex 0.107498 0.414764 0
    endloop
  endfacet
  facet normal 0 0 -1
    outer loop
      vertex 0.00697803 0.475939 0
      vertex 0.115265 0.51123 0
      vertex 0.103638 0.412476 0
    endloop
  endfacet
  facet normal -0 0 -1
    outer loop
      vertex 0.115265 0.51123 0
      vertex 0.00697803 0.475939 0
      vertex 0.113541 0.51297 0
    endloop
  endfacet
  facet normal -0 0 -1
    outer loop
      vertex 0.113541 0.51297 0
      vertex 0.00697803 0.475939 0
      vertex 0.111923 0.514801 0
    endloop
  endfacet
  facet normal 0 -0 -1
    outer loop
      vertex 0.0100126 0.497429 0
      vertex 0.111923 0.514801 0
      vertex 0.00697803 0.475939 0
    endloop
  endfacet
  facet normal -0 0 -1
    outer loop
      vertex 0.111923 0.514801 0
      vertex 0.0100126 0.497429 0
      vertex 0.110428 0.516724 0
    endloop
  endfacet
  facet normal -0 0 -1
    outer loop
      vertex 0.110428 0.516724 0
      vertex 0.0100126 0.497429 0
      vertex 0.109055 0.518753 0
    endloop
  endfacet
  facet normal -0 0 -1
    outer loop
      vertex 0.107803 0.520859 0
      vertex 0.0100126 0.497429 0
      vertex 0.106689 0.523026 0
    endloop
  endfacet
  facet normal 0 -0 -1
    outer loop
      vertex 0.0135698 0.518392 0
      vertex 0.106689 0.523026 0
      vertex 0.0100126 0.497429 0
    endloop
  endfacet
  facet normal -0 0 -1
    outer loop
      vertex 0.106689 0.523026 0
      vertex 0.0135698 0.518392 0
      vertex 0.105728 0.525269 0
    endloop
  endfacet
  facet normal -0 0 -1
    outer loop
      vertex 0.109055 0.518753 0
      vertex 0.0100126 0.497429 0
      vertex 0.107803 0.520859 0
    endloop
  endfacet
  facet normal -0 0 -1
    outer loop
      vertex 0.105728 0.525269 0
      vertex 0.0135698 0.518392 0
      vertex 0.104889 0.527573 0
    endloop
  endfacet
  facet normal -0 0 -1
    outer loop
      vertex 0.104889 0.527573 0
      vertex 0.0135698 0.518392 0
      vertex 0.104218 0.529922 0
    endloop
  endfacet
  facet normal 0 -0 -1
    outer loop
      vertex 0.0176363 0.538743 0
      vertex 0.104218 0.529922 0
      vertex 0.0135698 0.518392 0
    endloop
  endfacet
  facet normal 0 0 -1
    outer loop
      vertex 0.00697803 0.475939 0
      vertex 0.103638 0.412476 0
      vertex 0.0999298 0.409958 0
    endloop
  endfacet
  facet normal 0 0 -1
    outer loop
      vertex 0.213287 0.352188 0
      vertex 0.285174 0.363585 0
      vertex 0.284893 0.340755 0
    endloop
  endfacet
  facet normal 0 0 -1
    outer loop
      vertex 0.212021 0.338806 0
      vertex 0.284893 0.340755 0
      vertex 0.28405 0.318015 0
    endloop
  endfacet
  facet normal 0 0 -1
    outer loop
      vertex 0.285174 0.363585 0
      vertex 0.213287 0.352188 0
      vertex 0.21315 0.356674 0
    endloop
  endfacet
  facet normal 0 0 -1
    outer loop
      vertex 0.208282 0.325912 0
      vertex 0.28405 0.318015 0
      vertex 0.282649 0.295456 0
    endloop
  endfacet
  facet normal 0 0 -1
    outer loop
      vertex 0.285174 0.363585 0
      vertex 0.21315 0.356674 0
      vertex 0.212723 0.361145 0
    endloop
  endfacet
  facet normal 0 0 -1
    outer loop
      vertex 0.202179 0.313934 0
      vertex 0.282649 0.295456 0
      vertex 0.280695 0.273165 0
    endloop
  endfacet
  facet normal 0 0 -1
    outer loop
      vertex 0.212021 0.36557 0
      vertex 0.285174 0.363585 0
      vertex 0.212723 0.361145 0
    endloop
  endfacet
  facet normal 0 0 -1
    outer loop
      vertex 0.193939 0.303314 0
      vertex 0.280695 0.273165 0
      vertex 0.278195 0.25123 0
    endloop
  endfacet
  facet normal 0 0 -1
    outer loop
      vertex 0.285174 0.363585 0
      vertex 0.212021 0.36557 0
      vertex 0.284893 0.386415 0
    endloop
  endfacet
  facet normal 0 0 -1
    outer loop
      vertex 0.183853 0.294434 0
      vertex 0.278195 0.25123 0
      vertex 0.275162 0.22974 0
    endloop
  endfacet
  facet normal 0 0 -1
    outer loop
      vertex 0.211044 0.369949 0
      vertex 0.284893 0.386415 0
      vertex 0.212021 0.36557 0
    endloop
  endfacet
  facet normal 0 0 -1
    outer loop
      vertex 0.171783 0.189529 0
      vertex 0.275162 0.22974 0
      vertex 0.271604 0.208777 0
    endloop
  endfacet
  facet normal 0 0 -1
    outer loop
      vertex 0.209793 0.374252 0
      vertex 0.284893 0.386415 0
      vertex 0.211044 0.369949 0
    endloop
  endfacet
  facet normal 0 0 -1
    outer loop
      vertex 0.175888 0.183487 0
      vertex 0.271604 0.208777 0
      vertex 0.267537 0.188426 0
    endloop
  endfacet
  facet normal 0 0 -1
    outer loop
      vertex 0.208282 0.378479 0
      vertex 0.284893 0.386415 0
      vertex 0.209793 0.374252 0
    endloop
  endfacet
  facet normal 0 0 -1
    outer loop
      vertex 0.178787 0.176788 0
      vertex 0.267537 0.188426 0
      vertex 0.262978 0.168766 0
    endloop
  endfacet
  facet normal -0 0 -1
    outer loop
      vertex 0.284893 0.386415 0
      vertex 0.208282 0.378479 0
      vertex 0.28405 0.409154 0
    endloop
  endfacet
  facet normal 0 0 -1
    outer loop
      vertex 0.180618 0.167221 0
      vertex 0.262978 0.168766 0
      vertex 0.257943 0.149875 0
    endloop
  endfacet
  facet normal 0 0 -1
    outer loop
      vertex 0.206497 0.382599 0
      vertex 0.28405 0.409154 0
      vertex 0.208282 0.378479 0
    endloop
  endfacet
  facet normal 0 0 -1
    outer loop
      vertex 0.180008 0.157516 0
      vertex 0.257943 0.149875 0
      vertex 0.252453 0.131826 0
    endloop
  endfacet
  facet normal 0 0 -1
    outer loop
      vertex 0.204468 0.386597 0
      vertex 0.28405 0.409154 0
      vertex 0.206497 0.382599 0
    endloop
  endfacet
  facet normal 0 0 -1
    outer loop
      vertex 0.177963 0.150513 0
      vertex 0.252453 0.131826 0
      vertex 0.246529 0.114694 0
    endloop
  endfacet
  facet normal 0 0 -1
    outer loop
      vertex 0.202179 0.390457 0
      vertex 0.28405 0.409154 0
      vertex 0.204468 0.386597 0
    endloop
  endfacet
  facet normal 0 0 -1
    outer loop
      vertex 0.174652 0.143997 0
      vertex 0.246529 0.114694 0
      vertex 0.240195 0.0985422 0
    endloop
  endfacet
  facet normal -0 0 -1
    outer loop
      vertex 0.28405 0.409154 0
      vertex 0.202179 0.390457 0
      vertex 0.282649 0.431713 0
    endloop
  endfacet
  facet normal 0 0 -1
    outer loop
      vertex 0.170181 0.138229 0
      vertex 0.240195 0.0985422 0
      vertex 0.233476 0.0834379 0
    endloop
  endfacet
  facet normal 0 0 -1
    outer loop
      vertex 0.199661 0.394165 0
      vertex 0.282649 0.431713 0
      vertex 0.202179 0.390457 0
    endloop
  endfacet
  facet normal 0 0 -1
    outer loop
      vertex 0.164703 0.133408 0
      vertex 0.233476 0.0834379 0
      vertex 0.226398 0.069438 0
    endloop
  endfacet
  facet normal 0 0 -1
    outer loop
      vertex 0.196899 0.397705 0
      vertex 0.282649 0.431713 0
      vertex 0.199661 0.394165 0
    endloop
  endfacet
  facet normal 0 0 -1
    outer loop
      vertex 0.160583 0.130798 0
      vertex 0.226398 0.069438 0
      vertex 0.218989 0.0565996 0
    endloop
  endfacet
  facet normal 0 0 -1
    outer loop
      vertex 0.193939 0.401062 0
      vertex 0.282649 0.431713 0
      vertex 0.196899 0.397705 0
    endloop
  endfacet
  facet normal -0 0 -1
    outer loop
      vertex 0.282649 0.431713 0
      vertex 0.193939 0.401062 0
      vertex 0.280695 0.454004 0
    endloop
  endfacet
  facet normal 0 0 -1
    outer loop
      vertex 0.284893 0.340755 0
      vertex 0.21315 0.347702 0
      vertex 0.213287 0.352188 0
    endloop
  endfacet
  facet normal 0 0 -1
    outer loop
      vertex 0.284893 0.340755 0
      vertex 0.212723 0.343246 0
      vertex 0.21315 0.347702 0
    endloop
  endfacet
  facet normal -0 0 -1
    outer loop
      vertex 0.284893 0.340755 0
      vertex 0.212021 0.338806 0
      vertex 0.212723 0.343246 0
    endloop
  endfacet
  facet normal 0 0 -1
    outer loop
      vertex 0.153885 0.127884 0
      vertex 0.218989 0.0565996 0
      vertex 0.211279 0.0449724 0
    endloop
  endfacet
  facet normal 0 0 -1
    outer loop
      vertex 0.28405 0.318015 0
      vertex 0.211044 0.334442 0
      vertex 0.212021 0.338806 0
    endloop
  endfacet
  facet normal 0 0 -1
    outer loop
      vertex 0.28405 0.318015 0
      vertex 0.209793 0.330124 0
      vertex 0.211044 0.334442 0
    endloop
  endfacet
  facet normal 0 0 -1
    outer loop
      vertex 0.28405 0.318015 0
      vertex 0.208282 0.325912 0
      vertex 0.209793 0.330124 0
    endloop
  endfacet
  facet normal 0 0 -1
    outer loop
      vertex 0.282649 0.295456 0
      vertex 0.206497 0.321793 0
      vertex 0.208282 0.325912 0
    endloop
  endfacet
  facet normal -0 0 -1
    outer loop
      vertex 0.262978 0.168766 0
      vertex 0.180618 0.167221 0
      vertex 0.180389 0.169662 0
    endloop
  endfacet
  facet normal 0 0 -1
    outer loop
      vertex 0.151535 0.127213 0
      vertex 0.211279 0.0449724 0
      vertex 0.203298 0.0346031 0
    endloop
  endfacet
  facet normal 0 0 -1
    outer loop
      vertex 0.257943 0.149875 0
      vertex 0.180695 0.164795 0
      vertex 0.180618 0.167221 0
    endloop
  endfacet
  facet normal 0 0 -1
    outer loop
      vertex 0.262978 0.168766 0
      vertex 0.180389 0.169662 0
      vertex 0.180008 0.172058 0
    endloop
  endfacet
  facet normal 0 0 -1
    outer loop
      vertex 0.282649 0.295456 0
      vertex 0.204468 0.317795 0
      vertex 0.206497 0.321793 0
    endloop
  endfacet
  facet normal 0 0 -1
    outer loop
      vertex 0.146759 0.126297 0
      vertex 0.203298 0.0346031 0
      vertex 0.195077 0.0255318 0
    endloop
  endfacet
  facet normal 0 0 -1
    outer loop
      vertex 0.262978 0.168766 0
      vertex 0.180008 0.172058 0
      vertex 0.179474 0.174438 0
    endloop
  endfacet
  facet normal 0 0 -1
    outer loop
      vertex 0.282649 0.295456 0
      vertex 0.202179 0.313934 0
      vertex 0.204468 0.317795 0
    endloop
  endfacet
  facet normal 0 0 -1
    outer loop
      vertex 0.262978 0.168766 0
      vertex 0.179474 0.174438 0
      vertex 0.178787 0.176788 0
    endloop
  endfacet
  facet normal 0 0 -1
    outer loop
      vertex 0.144333 0.126068 0
      vertex 0.195077 0.0255318 0
      vertex 0.186649 0.0177946 0
    endloop
  endfacet
  facet normal 0 0 -1
    outer loop
      vertex 0.280695 0.273165 0
      vertex 0.199661 0.310226 0
      vertex 0.202179 0.313934 0
    endloop
  endfacet
  facet normal 0 0 -1
    outer loop
      vertex 0.267537 0.188426 0
      vertex 0.178787 0.176788 0
      vertex 0.177963 0.179077 0
    endloop
  endfacet
  facet normal 0 0 -1
    outer loop
      vertex 0.257943 0.149875 0
      vertex 0.180618 0.162354 0
      vertex 0.180695 0.164795 0
    endloop
  endfacet
  facet normal 0 0 -1
    outer loop
      vertex 0.257943 0.149875 0
      vertex 0.180389 0.159927 0
      vertex 0.180618 0.162354 0
    endloop
  endfacet
  facet normal 0 0 -1
    outer loop
      vertex 0.257943 0.149875 0
      vertex 0.180008 0.157516 0
      vertex 0.180389 0.159927 0
    endloop
  endfacet
  facet normal 0 0 -1
    outer loop
      vertex 0.252453 0.131826 0
      vertex 0.179474 0.155136 0
      vertex 0.180008 0.157516 0
    endloop
  endfacet
  facet normal 0 0 -1
    outer loop
      vertex 0.252453 0.131826 0
      vertex 0.178787 0.152802 0
      vertex 0.179474 0.155136 0
    endloop
  endfacet
  facet normal 0 0 -1
    outer loop
      vertex 0.144333 0.126068 0
      vertex 0.186649 0.0177946 0
      vertex 0.178047 0.0114222 0
    endloop
  endfacet
  facet normal 0 0 -1
    outer loop
      vertex 0.252453 0.131826 0
      vertex 0.177963 0.150513 0
      vertex 0.178787 0.152802 0
    endloop
  endfacet
  facet normal 0 0 -1
    outer loop
      vertex 0.246529 0.114694 0
      vertex 0.177002 0.14827 0
      vertex 0.177963 0.150513 0
    endloop
  endfacet
  facet normal 0 0 -1
    outer loop
      vertex 0.246529 0.114694 0
      vertex 0.175888 0.146103 0
      vertex 0.177002 0.14827 0
    endloop
  endfacet
  facet normal 0 0 -1
    outer loop
      vertex 0.246529 0.114694 0
      vertex 0.174652 0.143997 0
      vertex 0.175888 0.146103 0
    endloop
  endfacet
  facet normal 0 0 -1
    outer loop
      vertex 0.240195 0.0985422 0
      vertex 0.173279 0.141983 0
      vertex 0.174652 0.143997 0
    endloop
  endfacet
  facet normal 0 0 -1
    outer loop
      vertex 0.240195 0.0985422 0
      vertex 0.171783 0.14006 0
      vertex 0.173279 0.141983 0
    endloop
  endfacet
  facet normal 0 0 -1
    outer loop
      vertex 0.240195 0.0985422 0
      vertex 0.170181 0.138229 0
      vertex 0.171783 0.14006 0
    endloop
  endfacet
  facet normal 0 0 -1
    outer loop
      vertex 0.141891 0.125992 0
      vertex 0.178047 0.0114222 0
      vertex 0.169305 0.00643921 0
    endloop
  endfacet
  facet normal 0 0 -1
    outer loop
      vertex 0.233476 0.0834379 0
      vertex 0.168457 0.136505 0
      vertex 0.170181 0.138229 0
    endloop
  endfacet
  facet normal 0 0 -1
    outer loop
      vertex 0.233476 0.0834379 0
      vertex 0.166626 0.134903 0
      vertex 0.168457 0.136505 0
    endloop
  endfacet
  facet normal 0 0 -1
    outer loop
      vertex 0.233476 0.0834379 0
      vertex 0.164703 0.133408 0
      vertex 0.166626 0.134903 0
    endloop
  endfacet
  facet normal 0 0 -1
    outer loop
      vertex 0.226398 0.069438 0
      vertex 0.162689 0.132034 0
      vertex 0.164703 0.133408 0
    endloop
  endfacet
  facet normal 0 0 -1
    outer loop
      vertex 0.226398 0.069438 0
      vertex 0.160583 0.130798 0
      vertex 0.162689 0.132034 0
    endloop
  endfacet
  facet normal 0 0 -1
    outer loop
      vertex 0.115869 0.00643921 0
      vertex 0.169305 0.00643921 0
      vertex 0.160458 0.00286674 0
    endloop
  endfacet
  facet normal 0 0 -1
    outer loop
      vertex 0.218989 0.0565996 0
      vertex 0.158417 0.129684 0
      vertex 0.160583 0.130798 0
    endloop
  endfacet
  facet normal 0 0 -1
    outer loop
      vertex 0.218989 0.0565996 0
      vertex 0.156174 0.128723 0
      vertex 0.158417 0.129684 0
    endloop
  endfacet
  facet normal 0 0 -1
    outer loop
      vertex 0.218989 0.0565996 0
      vertex 0.153885 0.127884 0
      vertex 0.156174 0.128723 0
    endloop
  endfacet
  facet normal 0 0 -1
    outer loop
      vertex 0.124716 0.00286674 0
      vertex 0.160458 0.00286674 0
      vertex 0.15154 0.000717163 0
    endloop
  endfacet
  facet normal 0 0 -1
    outer loop
      vertex 0.211279 0.0449724 0
      vertex 0.151535 0.127213 0
      vertex 0.153885 0.127884 0
    endloop
  endfacet
  facet normal 0 0 -1
    outer loop
      vertex 0.203298 0.0346031 0
      vertex 0.14917 0.126678 0
      vertex 0.151535 0.127213 0
    endloop
  endfacet
  facet normal 0 0 -1
    outer loop
      vertex 0.203298 0.0346031 0
      vertex 0.146759 0.126297 0
      vertex 0.14917 0.126678 0
    endloop
  endfacet
  facet normal 0 0 -1
    outer loop
      vertex 0.195077 0.0255318 0
      vertex 0.144333 0.126068 0
      vertex 0.146759 0.126297 0
    endloop
  endfacet
  facet normal 0 0 -1
    outer loop
      vertex 0.124716 0.00286674 0
      vertex 0.15154 0.000717163 0
      vertex 0.142587 0 0
    endloop
  endfacet
  facet normal 0 0 -1
    outer loop
      vertex 0.178047 0.0114222 0
      vertex 0.141891 0.125992 0
      vertex 0.144333 0.126068 0
    endloop
  endfacet
  facet normal 0 0 -1
    outer loop
      vertex 0.160458 0.00286674 0
      vertex 0.124716 0.00286674 0
      vertex 0.115869 0.00643921 0
    endloop
  endfacet
  facet normal 0 0 -1
    outer loop
      vertex 0.169305 0.00643921 0
      vertex 0.115869 0.00643921 0
      vertex 0.141891 0.125992 0
    endloop
  endfacet
  facet normal 0 0 -1
    outer loop
      vertex 0.107127 0.0114222 0
      vertex 0.141891 0.125992 0
      vertex 0.115869 0.00643921 0
    endloop
  endfacet
  facet normal 0 0 -1
    outer loop
      vertex 0.124716 0.00286674 0
      vertex 0.142587 0 0
      vertex 0.133634 0.000717163 0
    endloop
  endfacet
  facet normal 0 0 -1
    outer loop
      vertex 0.098525 0.0177946 0
      vertex 0.141891 0.125992 0
      vertex 0.107127 0.0114222 0
    endloop
  endfacet
  facet normal -0 0 -1
    outer loop
      vertex 0.141891 0.125992 0
      vertex 0.098525 0.0177946 0
      vertex 0.13945 0.126068 0
    endloop
  endfacet
  facet normal 0 0 -1
    outer loop
      vertex 0.0900974 0.0255318 0
      vertex 0.13945 0.126068 0
      vertex 0.098525 0.0177946 0
    endloop
  endfacet
  facet normal -0 0 -1
    outer loop
      vertex 0.13945 0.126068 0
      vertex 0.0900974 0.0255318 0
      vertex 0.137024 0.126297 0
    endloop
  endfacet
  facet normal 0 0 -1
    outer loop
      vertex 0.0818758 0.0346031 0
      vertex 0.137024 0.126297 0
      vertex 0.0900974 0.0255318 0
    endloop
  endfacet
  facet normal -0 0 -1
    outer loop
      vertex 0.137024 0.126297 0
      vertex 0.0818758 0.0346031 0
      vertex 0.134628 0.126678 0
    endloop
  endfacet
  facet normal -0 0 -1
    outer loop
      vertex 0.134628 0.126678 0
      vertex 0.0818758 0.0346031 0
      vertex 0.132248 0.127213 0
    endloop
  endfacet
  facet normal 0 0 -1
    outer loop
      vertex 0.0738945 0.0449724 0
      vertex 0.132248 0.127213 0
      vertex 0.0818758 0.0346031 0
    endloop
  endfacet
  facet normal -0 0 -1
    outer loop
      vertex 0.132248 0.127213 0
      vertex 0.0738945 0.0449724 0
      vertex 0.129898 0.127884 0
    endloop
  endfacet
  facet normal 0 0 -1
    outer loop
      vertex 0.066185 0.0565996 0
      vertex 0.129898 0.127884 0
      vertex 0.0738945 0.0449724 0
    endloop
  endfacet
  facet normal -0 0 -1
    outer loop
      vertex 0.129898 0.127884 0
      vertex 0.066185 0.0565996 0
      vertex 0.127609 0.128723 0
    endloop
  endfacet
  facet normal -0 0 -1
    outer loop
      vertex 0.127609 0.128723 0
      vertex 0.066185 0.0565996 0
      vertex 0.125366 0.129684 0
    endloop
  endfacet
  facet normal 0 0 -1
    outer loop
      vertex 0.0587759 0.069438 0
      vertex 0.125366 0.129684 0
      vertex 0.066185 0.0565996 0
    endloop
  endfacet
  facet normal -0 0 -1
    outer loop
      vertex 0.125366 0.129684 0
      vertex 0.0587759 0.069438 0
      vertex 0.123199 0.130798 0
    endloop
  endfacet
  facet normal -0 0 -1
    outer loop
      vertex 0.123199 0.130798 0
      vertex 0.0587759 0.069438 0
      vertex 0.121109 0.132034 0
    endloop
  endfacet
  facet normal -0 0 -1
    outer loop
      vertex 0.121109 0.132034 0
      vertex 0.0587759 0.069438 0
      vertex 0.11908 0.133408 0
    endloop
  endfacet
  facet normal 0 0 -1
    outer loop
      vertex 0.0516987 0.0834379 0
      vertex 0.11908 0.133408 0
      vertex 0.0587759 0.069438 0
    endloop
  endfacet
  facet normal -0 0 -1
    outer loop
      vertex 0.11908 0.133408 0
      vertex 0.0516987 0.0834379 0
      vertex 0.117157 0.134903 0
    endloop
  endfacet
  facet normal -0 0 -1
    outer loop
      vertex 0.117157 0.134903 0
      vertex 0.0516987 0.0834379 0
      vertex 0.115326 0.136505 0
    endloop
  endfacet
  facet normal 0 0 -1
    outer loop
      vertex 0.0449791 0.0985422 0
      vertex 0.115326 0.136505 0
      vertex 0.0516987 0.0834379 0
    endloop
  endfacet
  facet normal -0 0 -1
    outer loop
      vertex 0.115326 0.136505 0
      vertex 0.0449791 0.0985422 0
      vertex 0.113602 0.138229 0
    endloop
  endfacet
  facet normal -0 0 -1
    outer loop
      vertex 0.113602 0.138229 0
      vertex 0.0449791 0.0985422 0
      vertex 0.112 0.14006 0
    endloop
  endfacet
  facet normal -0 0 -1
    outer loop
      vertex 0.112 0.14006 0
      vertex 0.0449791 0.0985422 0
      vertex 0.110504 0.141983 0
    endloop
  endfacet
  facet normal -0 0 -1
    outer loop
      vertex 0.110504 0.141983 0
      vertex 0.0449791 0.0985422 0
      vertex 0.109131 0.143997 0
    endloop
  endfacet
  facet normal 0 0 -1
    outer loop
      vertex 0.0386448 0.114694 0
      vertex 0.109131 0.143997 0
      vertex 0.0449791 0.0985422 0
    endloop
  endfacet
  facet normal -0 0 -1
    outer loop
      vertex 0.109131 0.143997 0
      vertex 0.0386448 0.114694 0
      vertex 0.107895 0.146103 0
    endloop
  endfacet
  facet normal -0 0 -1
    outer loop
      vertex 0.107895 0.146103 0
      vertex 0.0386448 0.114694 0
      vertex 0.106781 0.14827 0
    endloop
  endfacet
  facet normal -0 0 -1
    outer loop
      vertex 0.104309 0.155136 0
      vertex 0.0327215 0.131826 0
      vertex 0.103775 0.157516 0
    endloop
  endfacet
  facet normal 0 0 -1
    outer loop
      vertex 0.0272312 0.149875 0
      vertex 0.103775 0.157516 0
      vertex 0.0327215 0.131826 0
    endloop
  endfacet
  facet normal -0 0 -1
    outer loop
      vertex 0.106781 0.14827 0
      vertex 0.0386448 0.114694 0
      vertex 0.10582 0.150513 0
    endloop
  endfacet
  facet normal -0 0 -1
    outer loop
      vertex 0.103775 0.157516 0
      vertex 0.0272312 0.149875 0
      vertex 0.103394 0.159927 0
    endloop
  endfacet
  facet normal -0 0 -1
    outer loop
      vertex 0.103394 0.159927 0
      vertex 0.0272312 0.149875 0
      vertex 0.103165 0.162354 0
    endloop
  endfacet
  facet normal -0 0 -1
    outer loop
      vertex 0.103165 0.162354 0
      vertex 0.0272312 0.149875 0
      vertex 0.103088 0.164795 0
    endloop
  endfacet
  facet normal 0 0 -1
    outer loop
      vertex 0.0327215 0.131826 0
      vertex 0.10582 0.150513 0
      vertex 0.0386448 0.114694 0
    endloop
  endfacet
  facet normal 0 0 -1
    outer loop
      vertex 0.0221968 0.168766 0
      vertex 0.103088 0.164795 0
      vertex 0.0272312 0.149875 0
    endloop
  endfacet
  facet normal 0 0 -1
    outer loop
      vertex 0.0176363 0.188426 0
      vertex 0.103088 0.164795 0
      vertex 0.0221968 0.168766 0
    endloop
  endfacet
  facet normal 0 0 -1
    outer loop
      vertex 0.0135698 0.208777 0
      vertex 0.103088 0.164795 0
      vertex 0.0176363 0.188426 0
    endloop
  endfacet
  facet normal 0 0 -1
    outer loop
      vertex 0.103088 0.164795 0
      vertex 0.0135698 0.208777 0
      vertex 0.0999298 0.294434 0
    endloop
  endfacet
  facet normal 0 0 -1
    outer loop
      vertex 0.0100126 0.22974 0
      vertex 0.0999298 0.294434 0
      vertex 0.0135698 0.208777 0
    endloop
  endfacet
  facet normal -0 0 -1
    outer loop
      vertex 0.10582 0.150513 0
      vertex 0.0327215 0.131826 0
      vertex 0.104996 0.152802 0
    endloop
  endfacet
  facet normal -0 0 -1
    outer loop
      vertex 0.104996 0.152802 0
      vertex 0.0327215 0.131826 0
      vertex 0.104309 0.155136 0
    endloop
  endfacet
  facet normal 0 0 -1
    outer loop
      vertex 0.00697803 0.25123 0
      vertex 0.0999298 0.294434 0
      vertex 0.0100126 0.22974 0
    endloop
  endfacet
  facet normal -0 0 -1
    outer loop
      vertex 0.0999298 0.294434 0
      vertex 0.00697803 0.25123 0
      vertex 0.0963745 0.29718 0
    endloop
  endfacet
  facet normal -0 0 -1
    outer loop
      vertex 0.0963745 0.29718 0
      vertex 0.00697803 0.25123 0
      vertex 0.0930176 0.30014 0
    endloop
  endfacet
  facet normal -0 0 -1
    outer loop
      vertex 0.0898438 0.303314 0
      vertex 0.00447941 0.273165 0
      vertex 0.0868835 0.306686 0
    endloop
  endfacet
  facet normal -0 0 -1
    outer loop
      vertex 0.0868835 0.306686 0
      vertex 0.00447941 0.273165 0
      vertex 0.0841217 0.310226 0
    endloop
  endfacet
  facet normal 0 0 -1
    outer loop
      vertex 0.190765 0.404236 0
      vertex 0.280695 0.454004 0
      vertex 0.193939 0.401062 0
    endloop
  endfacet
  facet normal 0 0 -1
    outer loop
      vertex 0.187408 0.407211 0
      vertex 0.280695 0.454004 0
      vertex 0.190765 0.404236 0
    endloop
  endfacet
  facet normal 0 0 -1
    outer loop
      vertex 0.183853 0.409958 0
      vertex 0.280695 0.454004 0
      vertex 0.187408 0.407211 0
    endloop
  endfacet
  facet normal -0 0 -1
    outer loop
      vertex 0.280695 0.454004 0
      vertex 0.183853 0.409958 0
      vertex 0.278195 0.475939 0
    endloop
  endfacet
  facet normal 0 0 -1
    outer loop
      vertex 0.180145 0.412476 0
      vertex 0.278195 0.475939 0
      vertex 0.183853 0.409958 0
    endloop
  endfacet
  facet normal 0 0 -1
    outer loop
      vertex 0.18071 0.537155 0
      vertex 0.275162 0.497429 0
      vertex 0.278195 0.475939 0
    endloop
  endfacet
  facet normal 0 0 -1
    outer loop
      vertex 0.178055 0.553909 0
      vertex 0.257943 0.577294 0
      vertex 0.178894 0.55162 0
    endloop
  endfacet
  facet normal 0 0 -1
    outer loop
      vertex 0.178894 0.55162 0
      vertex 0.257943 0.577294 0
      vertex 0.179565 0.549271 0
    endloop
  endfacet
  facet normal 0 0 -1
    outer loop
      vertex 0.179565 0.549271 0
      vertex 0.257943 0.577294 0
      vertex 0.180099 0.546875 0
    endloop
  endfacet
  facet normal 0 0 -1
    outer loop
      vertex 0.177094 0.556152 0
      vertex 0.257943 0.577294 0
      vertex 0.178055 0.553909 0
    endloop
  endfacet
  facet normal -0 0 -1
    outer loop
      vertex 0.262978 0.558403 0
      vertex 0.180099 0.546875 0
      vertex 0.257943 0.577294 0
    endloop
  endfacet
  facet normal 0 0 -1
    outer loop
      vertex 0.180099 0.546875 0
      vertex 0.262978 0.558403 0
      vertex 0.180481 0.544464 0
    endloop
  endfacet
  facet normal 0 0 -1
    outer loop
      vertex 0.180481 0.544464 0
      vertex 0.262978 0.558403 0
      vertex 0.18071 0.542038 0
    endloop
  endfacet
  facet normal -0 0 -1
    outer loop
      vertex 0.257943 0.577294 0
      vertex 0.177094 0.556152 0
      vertex 0.252453 0.595343 0
    endloop
  endfacet
  facet normal 0 0 -1
    outer loop
      vertex 0.18071 0.537155 0
      vertex 0.271604 0.518392 0
      vertex 0.275162 0.497429 0
    endloop
  endfacet
  facet normal 0 0 -1
    outer loop
      vertex 0.18071 0.542038 0
      vertex 0.262978 0.558403 0
      vertex 0.180786 0.539597 0
    endloop
  endfacet
  facet normal 0 0 -1
    outer loop
      vertex 0.267537 0.538743 0
      vertex 0.180786 0.539597 0
      vertex 0.262978 0.558403 0
    endloop
  endfacet
  facet normal 0 0 -1
    outer loop
      vertex 0.17598 0.558334 0
      vertex 0.252453 0.595343 0
      vertex 0.177094 0.556152 0
    endloop
  endfacet
  facet normal 0 0 -1
    outer loop
      vertex 0.18071 0.537155 0
      vertex 0.267537 0.538743 0
      vertex 0.271604 0.518392 0
    endloop
  endfacet
  facet normal 0 0 -1
    outer loop
      vertex 0.174744 0.56044 0
      vertex 0.252453 0.595343 0
      vertex 0.17598 0.558334 0
    endloop
  endfacet
  facet normal 0 0 -1
    outer loop
      vertex 0.17337 0.562454 0
      vertex 0.252453 0.595343 0
      vertex 0.174744 0.56044 0
    endloop
  endfacet
  facet normal -0 0 -1
    outer loop
      vertex 0.252453 0.595343 0
      vertex 0.17337 0.562454 0
      vertex 0.246529 0.612475 0
    endloop
  endfacet
  facet normal 0 0 -1
    outer loop
      vertex 0.17186 0.564392 0
      vertex 0.246529 0.612475 0
      vertex 0.17337 0.562454 0
    endloop
  endfacet
  facet normal 0 0 -1
    outer loop
      vertex 0.170242 0.566223 0
      vertex 0.246529 0.612475 0
      vertex 0.17186 0.564392 0
    endloop
  endfacet
  facet normal 0 0 -1
    outer loop
      vertex 0.168518 0.567947 0
      vertex 0.246529 0.612475 0
      vertex 0.170242 0.566223 0
    endloop
  endfacet
  facet normal -0 0 -1
    outer loop
      vertex 0.246529 0.612475 0
      vertex 0.168518 0.567947 0
      vertex 0.240195 0.628627 0
    endloop
  endfacet
  facet normal 0 0 -1
    outer loop
      vertex 0.166687 0.569565 0
      vertex 0.240195 0.628627 0
      vertex 0.168518 0.567947 0
    endloop
  endfacet
  facet normal 0 0 -1
    outer loop
      vertex 0.164764 0.57106 0
      vertex 0.240195 0.628627 0
      vertex 0.166687 0.569565 0
    endloop
  endfacet
  facet normal 0 0 -1
    outer loop
      vertex 0.162735 0.572433 0
      vertex 0.240195 0.628627 0
      vertex 0.164764 0.57106 0
    endloop
  endfacet
  facet normal -0 0 -1
    outer loop
      vertex 0.240195 0.628627 0
      vertex 0.162735 0.572433 0
      vertex 0.233476 0.643731 0
    endloop
  endfacet
  facet normal 0 0 -1
    outer loop
      vertex 0.160629 0.573685 0
      vertex 0.233476 0.643731 0
      vertex 0.162735 0.572433 0
    endloop
  endfacet
  facet normal 0 0 -1
    outer loop
      vertex 0.158463 0.574783 0
      vertex 0.233476 0.643731 0
      vertex 0.160629 0.573685 0
    endloop
  endfacet
  facet normal -0 0 -1
    outer loop
      vertex 0.233476 0.643731 0
      vertex 0.158463 0.574783 0
      vertex 0.226398 0.657731 0
    endloop
  endfacet
  facet normal 0 0 -1
    outer loop
      vertex 0.156219 0.57576 0
      vertex 0.226398 0.657731 0
      vertex 0.158463 0.574783 0
    endloop
  endfacet
  facet normal 0 0 -1
    outer loop
      vertex 0.153915 0.576584 0
      vertex 0.226398 0.657731 0
      vertex 0.156219 0.57576 0
    endloop
  endfacet
  facet normal -0 0 -1
    outer loop
      vertex 0.226398 0.657731 0
      vertex 0.153915 0.576584 0
      vertex 0.218989 0.670569 0
    endloop
  endfacet
  facet normal 0 0 -1
    outer loop
      vertex 0.151566 0.577271 0
      vertex 0.218989 0.670569 0
      vertex 0.153915 0.576584 0
    endloop
  endfacet
  facet normal 0 0 -1
    outer loop
      vertex 0.149185 0.577805 0
      vertex 0.218989 0.670569 0
      vertex 0.151566 0.577271 0
    endloop
  endfacet
  facet normal -0 0 -1
    outer loop
      vertex 0.218989 0.670569 0
      vertex 0.149185 0.577805 0
      vertex 0.211279 0.682197 0
    endloop
  endfacet
  facet normal 0 0 -1
    outer loop
      vertex 0.146774 0.578186 0
      vertex 0.211279 0.682197 0
      vertex 0.149185 0.577805 0
    endloop
  endfacet
  facet normal -0 0 -1
    outer loop
      vertex 0.211279 0.682197 0
      vertex 0.146774 0.578186 0
      vertex 0.203298 0.692566 0
    endloop
  endfacet
  facet normal 0 0 -1
    outer loop
      vertex 0.144333 0.578415 0
      vertex 0.203298 0.692566 0
      vertex 0.146774 0.578186 0
    endloop
  endfacet
  facet normal -0 0 -1
    outer loop
      vertex 0.203298 0.692566 0
      vertex 0.144333 0.578415 0
      vertex 0.195077 0.701637 0
    endloop
  endfacet
  facet normal 0 0 -1
    outer loop
      vertex 0.141891 0.578491 0
      vertex 0.195077 0.701637 0
      vertex 0.144333 0.578415 0
    endloop
  endfacet
  facet normal 0 0 -1
    outer loop
      vertex 0.0900974 0.701637 0
      vertex 0.195077 0.701637 0
      vertex 0.141891 0.578491 0
    endloop
  endfacet
  facet normal 0 0 -1
    outer loop
      vertex 0.195077 0.701637 0
      vertex 0.0900974 0.701637 0
      vertex 0.186649 0.709374 0
    endloop
  endfacet
  facet normal 0 0 -1
    outer loop
      vertex 0.186649 0.709374 0
      vertex 0.098525 0.709374 0
      vertex 0.178047 0.715747 0
    endloop
  endfacet
  facet normal 0 0 -1
    outer loop
      vertex 0.178047 0.715747 0
      vertex 0.107127 0.715747 0
      vertex 0.169305 0.72073 0
    endloop
  endfacet
  facet normal 0 -0 -1
    outer loop
      vertex 0.115869 0.72073 0
      vertex 0.169305 0.72073 0
      vertex 0.107127 0.715747 0
    endloop
  endfacet
  facet normal 0 -0 -1
    outer loop
      vertex 0.107127 0.715747 0
      vertex 0.178047 0.715747 0
      vertex 0.098525 0.709374 0
    endloop
  endfacet
  facet normal 0 0 -1
    outer loop
      vertex 0.0900974 0.701637 0
      vertex 0.141891 0.578491 0
      vertex 0.13945 0.578415 0
    endloop
  endfacet
  facet normal 0 0 -1
    outer loop
      vertex 0.0818758 0.692566 0
      vertex 0.13945 0.578415 0
      vertex 0.137024 0.578186 0
    endloop
  endfacet
  facet normal 0 0 -1
    outer loop
      vertex 0.0738945 0.682197 0
      vertex 0.137024 0.578186 0
      vertex 0.134598 0.577805 0
    endloop
  endfacet
  facet normal -0 0 -1
    outer loop
      vertex 0.160458 0.724302 0
      vertex 0.115869 0.72073 0
      vertex 0.15154 0.726452 0
    endloop
  endfacet
  facet normal 0 0 -1
    outer loop
      vertex 0.066185 0.670569 0
      vertex 0.134598 0.577805 0
      vertex 0.132217 0.577271 0
    endloop
  endfacet
  facet normal 0 0 -1
    outer loop
      vertex 0.066185 0.670569 0
      vertex 0.132217 0.577271 0
      vertex 0.129868 0.576584 0
    endloop
  endfacet
  facet normal 0 0 -1
    outer loop
      vertex 0.0587759 0.657731 0
      vertex 0.129868 0.576584 0
      vertex 0.127579 0.57576 0
    endloop
  endfacet
  facet normal 0 0 -1
    outer loop
      vertex 0.0587759 0.657731 0
      vertex 0.127579 0.57576 0
      vertex 0.125336 0.574783 0
    endloop
  endfacet
  facet normal -0 0 -1
    outer loop
      vertex 0.15154 0.726452 0
      vertex 0.115869 0.72073 0
      vertex 0.142587 0.72717 0
    endloop
  endfacet
  facet normal 0 0 -1
    outer loop
      vertex 0.0516987 0.643731 0
      vertex 0.125336 0.574783 0
      vertex 0.123154 0.573685 0
    endloop
  endfacet
  facet normal 0 0 -1
    outer loop
      vertex 0.0516987 0.643731 0
      vertex 0.123154 0.573685 0
      vertex 0.121048 0.572433 0
    endloop
  endfacet
  facet normal 0 0 -1
    outer loop
      vertex 0.0449791 0.628627 0
      vertex 0.121048 0.572433 0
      vertex 0.119034 0.57106 0
    endloop
  endfacet
  facet normal 0 0 -1
    outer loop
      vertex 0.0449791 0.628627 0
      vertex 0.119034 0.57106 0
      vertex 0.117096 0.569565 0
    endloop
  endfacet
  facet normal 0 0 -1
    outer loop
      vertex 0.142587 0.72717 0
      vertex 0.115869 0.72073 0
      vertex 0.133634 0.726452 0
    endloop
  endfacet
  facet normal 0 0 -1
    outer loop
      vertex 0.0449791 0.628627 0
      vertex 0.117096 0.569565 0
      vertex 0.115265 0.567947 0
    endloop
  endfacet
  facet normal 0 0 -1
    outer loop
      vertex 0.0386448 0.612475 0
      vertex 0.115265 0.567947 0
      vertex 0.113541 0.566223 0
    endloop
  endfacet
  facet normal 0 0 -1
    outer loop
      vertex 0.0386448 0.612475 0
      vertex 0.113541 0.566223 0
      vertex 0.111923 0.564392 0
    endloop
  endfacet
  facet normal 0 0 -1
    outer loop
      vertex 0.0386448 0.612475 0
      vertex 0.111923 0.564392 0
      vertex 0.110428 0.562454 0
    endloop
  endfacet
  facet normal 0 0 -1
    outer loop
      vertex 0.0327215 0.595343 0
      vertex 0.110428 0.562454 0
      vertex 0.109055 0.56044 0
    endloop
  endfacet
  facet normal 0 0 -1
    outer loop
      vertex 0.0327215 0.595343 0
      vertex 0.109055 0.56044 0
      vertex 0.107803 0.558334 0
    endloop
  endfacet
  facet normal 0 0 -1
    outer loop
      vertex 0.133634 0.726452 0
      vertex 0.115869 0.72073 0
      vertex 0.124716 0.724302 0
    endloop
  endfacet
  facet normal 0 0 -1
    outer loop
      vertex 0.0327215 0.595343 0
      vertex 0.107803 0.558334 0
      vertex 0.106689 0.556152 0
    endloop
  endfacet
  facet normal 0 0 -1
    outer loop
      vertex 0.0272312 0.577294 0
      vertex 0.106689 0.556152 0
      vertex 0.105728 0.553909 0
    endloop
  endfacet
  facet normal 0 0 -1
    outer loop
      vertex 0.0272312 0.577294 0
      vertex 0.105728 0.553909 0
      vertex 0.104889 0.55162 0
    endloop
  endfacet
  facet normal 0 0 -1
    outer loop
      vertex 0.0272312 0.577294 0
      vertex 0.104889 0.55162 0
      vertex 0.104218 0.549271 0
    endloop
  endfacet
  facet normal 0 0 -1
    outer loop
      vertex 0.0272312 0.577294 0
      vertex 0.104218 0.549271 0
      vertex 0.103683 0.546875 0
    endloop
  endfacet
  facet normal 0 0 -1
    outer loop
      vertex 0.0221968 0.558403 0
      vertex 0.103683 0.546875 0
      vertex 0.103302 0.544464 0
    endloop
  endfacet
  facet normal 0 0 -1
    outer loop
      vertex 0.0221968 0.558403 0
      vertex 0.103302 0.544464 0
      vertex 0.103073 0.542038 0
    endloop
  endfacet
  facet normal 0 0 -1
    outer loop
      vertex 0.0221968 0.558403 0
      vertex 0.103073 0.542038 0
      vertex 0.102997 0.539597 0
    endloop
  endfacet
  facet normal 0 0 -1
    outer loop
      vertex 0.104218 0.529922 0
      vertex 0.0176363 0.538743 0
      vertex 0.103683 0.532303 0
    endloop
  endfacet
  facet normal 0 0 -1
    outer loop
      vertex 0.129868 0.576584 0
      vertex 0.0587759 0.657731 0
      vertex 0.066185 0.670569 0
    endloop
  endfacet
  facet normal 0 0 -1
    outer loop
      vertex 0.00447941 0.454004 0
      vertex 0.0999298 0.409958 0
      vertex 0.0963745 0.407211 0
    endloop
  endfacet
  facet normal 0 0 -1
    outer loop
      vertex 0.00447941 0.454004 0
      vertex 0.0963745 0.407211 0
      vertex 0.0930176 0.404236 0
    endloop
  endfacet
  facet normal 0 0 -1
    outer loop
      vertex 0.125336 0.574783 0
      vertex 0.0516987 0.643731 0
      vertex 0.0587759 0.657731 0
    endloop
  endfacet
  facet normal 0 0 -1
    outer loop
      vertex 0.00447941 0.454004 0
      vertex 0.0930176 0.404236 0
      vertex 0.0898438 0.401062 0
    endloop
  endfacet
  facet normal 0 0 -1
    outer loop
      vertex 0.00252533 0.431713 0
      vertex 0.0898438 0.401062 0
      vertex 0.0868835 0.397705 0
    endloop
  endfacet
  facet normal 0 0 -1
    outer loop
      vertex 0.00252533 0.431713 0
      vertex 0.0868835 0.397705 0
      vertex 0.0841217 0.394165 0
    endloop
  endfacet
  facet normal 0 0 -1
    outer loop
      vertex 0.134598 0.577805 0
      vertex 0.066185 0.670569 0
      vertex 0.0738945 0.682197 0
    endloop
  endfacet
  facet normal 0 0 -1
    outer loop
      vertex 0.00252533 0.431713 0
      vertex 0.0841217 0.394165 0
      vertex 0.081604 0.390457 0
    endloop
  endfacet
  facet normal 0 0 -1
    outer loop
      vertex 0.00112343 0.409154 0
      vertex 0.081604 0.390457 0
      vertex 0.0793304 0.386597 0
    endloop
  endfacet
  facet normal 0 0 -1
    outer loop
      vertex 0.00112343 0.409154 0
      vertex 0.0793304 0.386597 0
      vertex 0.0772858 0.382599 0
    endloop
  endfacet
  facet normal 0 0 -1
    outer loop
      vertex 0.00112343 0.409154 0
      vertex 0.0772858 0.382599 0
      vertex 0.0755005 0.378479 0
    endloop
  endfacet
  facet normal 0 0 -1
    outer loop
      vertex 0.000281334 0.386415 0
      vertex 0.0755005 0.378479 0
      vertex 0.0739899 0.374252 0
    endloop
  endfacet
  facet normal 0 0 -1
    outer loop
      vertex 0.121048 0.572433 0
      vertex 0.0449791 0.628627 0
      vertex 0.0516987 0.643731 0
    endloop
  endfacet
  facet normal 0 0 -1
    outer loop
      vertex 0.000281334 0.386415 0
      vertex 0.0739899 0.374252 0
      vertex 0.0727386 0.369949 0
    endloop
  endfacet
  facet normal 0 0 -1
    outer loop
      vertex 0.000281334 0.386415 0
      vertex 0.0727386 0.369949 0
      vertex 0.0717621 0.36557 0
    endloop
  endfacet
  facet normal 0 0 -1
    outer loop
      vertex 0 0.363585 0
      vertex 0.0717621 0.36557 0
      vertex 0.0710602 0.361145 0
    endloop
  endfacet
  facet normal 0 0 -1
    outer loop
      vertex 0 0.363585 0
      vertex 0.0710602 0.361145 0
      vertex 0.0706329 0.356674 0
    endloop
  endfacet
  facet normal 0 0 -1
    outer loop
      vertex 0 0.363585 0
      vertex 0.0706329 0.356674 0
      vertex 0.0704956 0.352188 0
    endloop
  endfacet
  facet normal -0 0 -1
    outer loop
      vertex 0.0841217 0.310226 0
      vertex 0.00447941 0.273165 0
      vertex 0.081604 0.313934 0
    endloop
  endfacet
  facet normal -0 0 -1
    outer loop
      vertex 0.0706329 0.347702 0
      vertex 0.000281334 0.340755 0
      vertex 0.0704956 0.352188 0
    endloop
  endfacet
  facet normal -0 0 -1
    outer loop
      vertex 0.0930176 0.30014 0
      vertex 0.00697803 0.25123 0
      vertex 0.0898438 0.303314 0
    endloop
  endfacet
  facet normal 0 0 -1
    outer loop
      vertex 0 0.363585 0
      vertex 0.0704956 0.352188 0
      vertex 0.000281334 0.340755 0
    endloop
  endfacet
  facet normal 0 0 -1
    outer loop
      vertex 0.00447941 0.273165 0
      vertex 0.0898438 0.303314 0
      vertex 0.00697803 0.25123 0
    endloop
  endfacet
  facet normal 0 0 -1
    outer loop
      vertex 0.0755005 0.378479 0
      vertex 0.000281334 0.386415 0
      vertex 0.00112343 0.409154 0
    endloop
  endfacet
  facet normal 0 0 -1
    outer loop
      vertex 0.00252533 0.295456 0
      vertex 0.081604 0.313934 0
      vertex 0.00447941 0.273165 0
    endloop
  endfacet
  facet normal 0 0 -1
    outer loop
      vertex 0.0898438 0.401062 0
      vertex 0.00252533 0.431713 0
      vertex 0.00447941 0.454004 0
    endloop
  endfacet
  facet normal -0 0 -1
    outer loop
      vertex 0.081604 0.313934 0
      vertex 0.00252533 0.295456 0
      vertex 0.0793304 0.317795 0
    endloop
  endfacet
  facet normal -0 0 -1
    outer loop
      vertex 0.0710602 0.343246 0
      vertex 0.000281334 0.340755 0
      vertex 0.0706329 0.347702 0
    endloop
  endfacet
  facet normal -0 0 -1
    outer loop
      vertex 0.0793304 0.317795 0
      vertex 0.00252533 0.295456 0
      vertex 0.0772858 0.321793 0
    endloop
  endfacet
  facet normal 0 0 -1
    outer loop
      vertex 0.0717621 0.338806 0
      vertex 0.000281334 0.340755 0
      vertex 0.0710602 0.343246 0
    endloop
  endfacet
  facet normal -0 0 -1
    outer loop
      vertex 0.0772858 0.321793 0
      vertex 0.00252533 0.295456 0
      vertex 0.0755005 0.325912 0
    endloop
  endfacet
  facet normal 0 0 -1
    outer loop
      vertex 0.00112343 0.318015 0
      vertex 0.0755005 0.325912 0
      vertex 0.00252533 0.295456 0
    endloop
  endfacet
  facet normal -0 0 -1
    outer loop
      vertex 0.0755005 0.325912 0
      vertex 0.00112343 0.318015 0
      vertex 0.0739899 0.330124 0
    endloop
  endfacet
  facet normal 0 0 -1
    outer loop
      vertex 0.110428 0.562454 0
      vertex 0.0327215 0.595343 0
      vertex 0.0386448 0.612475 0
    endloop
  endfacet
  facet normal -0 0 -1
    outer loop
      vertex 0.0739899 0.330124 0
      vertex 0.00112343 0.318015 0
      vertex 0.0727386 0.334442 0
    endloop
  endfacet
  facet normal 0 0 -1
    outer loop
      vertex 0.137024 0.578186 0
      vertex 0.0738945 0.682197 0
      vertex 0.0818758 0.692566 0
    endloop
  endfacet
  facet normal -0 0 -1
    outer loop
      vertex 0.0727386 0.334442 0
      vertex 0.00112343 0.318015 0
      vertex 0.0717621 0.338806 0
    endloop
  endfacet
  facet normal 0 0 -1
    outer loop
      vertex 0.115265 0.567947 0
      vertex 0.0386448 0.612475 0
      vertex 0.0449791 0.628627 0
    endloop
  endfacet
  facet normal 0 0 -1
    outer loop
      vertex 0.000281334 0.340755 0
      vertex 0.0717621 0.338806 0
      vertex 0.00112343 0.318015 0
    endloop
  endfacet
  facet normal -0 0 -1
    outer loop
      vertex 0.186649 0.709374 0
      vertex 0.0900974 0.701637 0
      vertex 0.098525 0.709374 0
    endloop
  endfacet
  facet normal 0 0 -1
    outer loop
      vertex 0.103683 0.532303 0
      vertex 0.0176363 0.538743 0
      vertex 0.103302 0.534714 0
    endloop
  endfacet
  facet normal 0 0 -1
    outer loop
      vertex 0.169305 0.72073 0
      vertex 0.115869 0.72073 0
      vertex 0.160458 0.724302 0
    endloop
  endfacet
  facet normal -0 0 -1
    outer loop
      vertex 0.102997 0.539597 0
      vertex 0.0176363 0.538743 0
      vertex 0.0221968 0.558403 0
    endloop
  endfacet
  facet normal 0 0 -1
    outer loop
      vertex 0.13945 0.578415 0
      vertex 0.0818758 0.692566 0
      vertex 0.0900974 0.701637 0
    endloop
  endfacet
  facet normal 0 0 -1
    outer loop
      vertex 0.106689 0.556152 0
      vertex 0.0272312 0.577294 0
      vertex 0.0327215 0.595343 0
    endloop
  endfacet
  facet normal 0 0 -1
    outer loop
      vertex 0.103683 0.546875 0
      vertex 0.0221968 0.558403 0
      vertex 0.0272312 0.577294 0
    endloop
  endfacet
  facet normal 0 0 -1
    outer loop
      vertex 0.103302 0.534714 0
      vertex 0.0176363 0.538743 0
      vertex 0.103073 0.537155 0
    endloop
  endfacet
  facet normal 0 0 -1
    outer loop
      vertex 0.103073 0.537155 0
      vertex 0.0176363 0.538743 0
      vertex 0.102997 0.539597 0
    endloop
  endfacet
  facet normal 0 0 -1
    outer loop
      vertex 0.0999298 0.409958 0
      vertex 0.00447941 0.454004 0
      vertex 0.00697803 0.475939 0
    endloop
  endfacet
  facet normal 0 0 -1
    outer loop
      vertex 0.081604 0.390457 0
      vertex 0.00112343 0.409154 0
      vertex 0.00252533 0.431713 0
    endloop
  endfacet
  facet normal -0 0 -1
    outer loop
      vertex 0.0717621 0.36557 0
      vertex 0 0.363585 0
      vertex 0.000281334 0.386415 0
    endloop
  endfacet
  facet normal 0 0 -1
    outer loop
      vertex 0.267537 0.188426 0
      vertex 0.177963 0.179077 0
      vertex 0.177002 0.18132 0
    endloop
  endfacet
  facet normal 0 0 -1
    outer loop
      vertex 0.280695 0.273165 0
      vertex 0.196899 0.306686 0
      vertex 0.199661 0.310226 0
    endloop
  endfacet
  facet normal 0 0 -1
    outer loop
      vertex 0.267537 0.188426 0
      vertex 0.177002 0.18132 0
      vertex 0.175888 0.183487 0
    endloop
  endfacet
  facet normal 0 0 -1
    outer loop
      vertex 0.280695 0.273165 0
      vertex 0.193939 0.303314 0
      vertex 0.196899 0.306686 0
    endloop
  endfacet
  facet normal 0 0 -1
    outer loop
      vertex 0.271604 0.208777 0
      vertex 0.175888 0.183487 0
      vertex 0.174652 0.185577 0
    endloop
  endfacet
  facet normal 0 0 -1
    outer loop
      vertex 0.278195 0.25123 0
      vertex 0.190765 0.30014 0
      vertex 0.193939 0.303314 0
    endloop
  endfacet
  facet normal 0 0 -1
    outer loop
      vertex 0.271604 0.208777 0
      vertex 0.174652 0.185577 0
      vertex 0.173279 0.187592 0
    endloop
  endfacet
  facet normal 0 0 -1
    outer loop
      vertex 0.278195 0.25123 0
      vertex 0.187408 0.29718 0
      vertex 0.190765 0.30014 0
    endloop
  endfacet
  facet normal 0 0 -1
    outer loop
      vertex 0.271604 0.208777 0
      vertex 0.173279 0.187592 0
      vertex 0.171783 0.189529 0
    endloop
  endfacet
  facet normal 0 0 -1
    outer loop
      vertex 0.275162 0.22974 0
      vertex 0.171783 0.189529 0
      vertex 0.170181 0.191345 0
    endloop
  endfacet
  facet normal 0 0 -1
    outer loop
      vertex 0.278195 0.25123 0
      vertex 0.183853 0.294434 0
      vertex 0.187408 0.29718 0
    endloop
  endfacet
  facet normal 0 0 -1
    outer loop
      vertex 0.168457 0.193069 0
      vertex 0.275162 0.22974 0
      vertex 0.170181 0.191345 0
    endloop
  endfacet
  facet normal 0 0 -1
    outer loop
      vertex 0.275162 0.22974 0
      vertex 0.180145 0.291901 0
      vertex 0.183853 0.294434 0
    endloop
  endfacet
  facet normal -0 0 -1
    outer loop
      vertex 0.275162 0.22974 0
      vertex 0.168457 0.193069 0
      vertex 0.180145 0.291901 0
    endloop
  endfacet
  facet normal 0 0 -1
    outer loop
      vertex 0.180145 0.291901 0
      vertex 0.168457 0.193069 0
      vertex 0.176285 0.289627 0
    endloop
  endfacet
  facet normal 0 0 -1
    outer loop
      vertex 0.166626 0.194687 0
      vertex 0.176285 0.289627 0
      vertex 0.168457 0.193069 0
    endloop
  endfacet
  facet normal 0 0 -1
    outer loop
      vertex 0.176285 0.289627 0
      vertex 0.166626 0.194687 0
      vertex 0.172287 0.287582 0
    endloop
  endfacet
  facet normal 0 0 -1
    outer loop
      vertex 0.164703 0.196182 0
      vertex 0.172287 0.287582 0
      vertex 0.166626 0.194687 0
    endloop
  endfacet
  facet normal 0 0 -1
    outer loop
      vertex 0.162689 0.197556 0
      vertex 0.172287 0.287582 0
      vertex 0.164703 0.196182 0
    endloop
  endfacet
  facet normal 0 0 -1
    outer loop
      vertex 0.172287 0.287582 0
      vertex 0.162689 0.197556 0
      vertex 0.168182 0.285812 0
    endloop
  endfacet
  facet normal 0 0 -1
    outer loop
      vertex 0.160583 0.198792 0
      vertex 0.168182 0.285812 0
      vertex 0.162689 0.197556 0
    endloop
  endfacet
  facet normal 0 0 -1
    outer loop
      vertex 0.168182 0.285812 0
      vertex 0.160583 0.198792 0
      vertex 0.163956 0.284286 0
    endloop
  endfacet
  facet normal 0 0 -1
    outer loop
      vertex 0.158417 0.199905 0
      vertex 0.163956 0.284286 0
      vertex 0.160583 0.198792 0
    endloop
  endfacet
  facet normal 0 0 -1
    outer loop
      vertex 0.156174 0.200867 0
      vertex 0.163956 0.284286 0
      vertex 0.158417 0.199905 0
    endloop
  endfacet
  facet normal 0 0 -1
    outer loop
      vertex 0.163956 0.284286 0
      vertex 0.156174 0.200867 0
      vertex 0.159653 0.283035 0
    endloop
  endfacet
  facet normal 0 0 -1
    outer loop
      vertex 0.153885 0.201691 0
      vertex 0.159653 0.283035 0
      vertex 0.156174 0.200867 0
    endloop
  endfacet
  facet normal 0 0 -1
    outer loop
      vertex 0.159653 0.283035 0
      vertex 0.153885 0.201691 0
      vertex 0.155273 0.282059 0
    endloop
  endfacet
  facet normal 0 0 -1
    outer loop
      vertex 0.151535 0.202377 0
      vertex 0.155273 0.282059 0
      vertex 0.153885 0.201691 0
    endloop
  endfacet
  facet normal 0 0 -1
    outer loop
      vertex 0.151535 0.202377 0
      vertex 0.150848 0.281357 0
      vertex 0.155273 0.282059 0
    endloop
  endfacet
  facet normal 0 0 -1
    outer loop
      vertex 0.14917 0.202911 0
      vertex 0.150848 0.281357 0
      vertex 0.151535 0.202377 0
    endloop
  endfacet
  facet normal 0 0 -1
    outer loop
      vertex 0.146759 0.203293 0
      vertex 0.150848 0.281357 0
      vertex 0.14917 0.202911 0
    endloop
  endfacet
  facet normal 0 0 -1
    outer loop
      vertex 0.146759 0.203293 0
      vertex 0.146378 0.28093 0
      vertex 0.150848 0.281357 0
    endloop
  endfacet
  facet normal 0 0 -1
    outer loop
      vertex 0.144333 0.203522 0
      vertex 0.146378 0.28093 0
      vertex 0.146759 0.203293 0
    endloop
  endfacet
  facet normal 0 0 -1
    outer loop
      vertex 0.141891 0.280792 0
      vertex 0.144333 0.203522 0
      vertex 0.141891 0.203598 0
    endloop
  endfacet
  facet normal 0 0 -1
    outer loop
      vertex 0.144333 0.203522 0
      vertex 0.141891 0.280792 0
      vertex 0.146378 0.28093 0
    endloop
  endfacet
  facet normal 0 0 -1
    outer loop
      vertex 0.13945 0.203522 0
      vertex 0.141891 0.280792 0
      vertex 0.141891 0.203598 0
    endloop
  endfacet
  facet normal 0 0 -1
    outer loop
      vertex 0.13945 0.203522 0
      vertex 0.137405 0.28093 0
      vertex 0.141891 0.280792 0
    endloop
  endfacet
  facet normal 0 0 -1
    outer loop
      vertex 0.137024 0.203293 0
      vertex 0.137405 0.28093 0
      vertex 0.13945 0.203522 0
    endloop
  endfacet
  facet normal 0 0 -1
    outer loop
      vertex 0.13295 0.281357 0
      vertex 0.137024 0.203293 0
      vertex 0.134628 0.202911 0
    endloop
  endfacet
  facet normal 0 0 -1
    outer loop
      vertex 0.137024 0.203293 0
      vertex 0.13295 0.281357 0
      vertex 0.137405 0.28093 0
    endloop
  endfacet
  facet normal 0 0 -1
    outer loop
      vertex 0.132248 0.202377 0
      vertex 0.13295 0.281357 0
      vertex 0.134628 0.202911 0
    endloop
  endfacet
  facet normal 0 0 -1
    outer loop
      vertex 0.12851 0.282059 0
      vertex 0.132248 0.202377 0
      vertex 0.129898 0.201691 0
    endloop
  endfacet
  facet normal 0 0 -1
    outer loop
      vertex 0.132248 0.202377 0
      vertex 0.12851 0.282059 0
      vertex 0.13295 0.281357 0
    endloop
  endfacet
  facet normal 0 0 -1
    outer loop
      vertex 0.12413 0.283035 0
      vertex 0.129898 0.201691 0
      vertex 0.127609 0.200867 0
    endloop
  endfacet
  facet normal 0 0 -1
    outer loop
      vertex 0.119827 0.284286 0
      vertex 0.127609 0.200867 0
      vertex 0.125366 0.199905 0
    endloop
  endfacet
  facet normal 0 0 -1
    outer loop
      vertex 0.129898 0.201691 0
      vertex 0.12413 0.283035 0
      vertex 0.12851 0.282059 0
    endloop
  endfacet
  facet normal 0 0 -1
    outer loop
      vertex 0.119827 0.284286 0
      vertex 0.125366 0.199905 0
      vertex 0.123199 0.198792 0
    endloop
  endfacet
  facet normal 0 0 -1
    outer loop
      vertex 0.115616 0.285812 0
      vertex 0.123199 0.198792 0
      vertex 0.121109 0.197556 0
    endloop
  endfacet
  facet normal 0 0 -1
    outer loop
      vertex 0.127609 0.200867 0
      vertex 0.119827 0.284286 0
      vertex 0.12413 0.283035 0
    endloop
  endfacet
  facet normal 0 0 -1
    outer loop
      vertex 0.111496 0.287582 0
      vertex 0.121109 0.197556 0
      vertex 0.11908 0.196182 0
    endloop
  endfacet
  facet normal 0 0 -1
    outer loop
      vertex 0.111496 0.287582 0
      vertex 0.11908 0.196182 0
      vertex 0.117157 0.194687 0
    endloop
  endfacet
  facet normal 0 0 -1
    outer loop
      vertex 0.123199 0.198792 0
      vertex 0.115616 0.285812 0
      vertex 0.119827 0.284286 0
    endloop
  endfacet
  facet normal 0 0 -1
    outer loop
      vertex 0.107498 0.289627 0
      vertex 0.117157 0.194687 0
      vertex 0.115326 0.193069 0
    endloop
  endfacet
  facet normal 0 0 -1
    outer loop
      vertex 0.103638 0.291901 0
      vertex 0.115326 0.193069 0
      vertex 0.113602 0.191345 0
    endloop
  endfacet
  facet normal 0 0 -1
    outer loop
      vertex 0.0999298 0.294434 0
      vertex 0.113602 0.191345 0
      vertex 0.112 0.189529 0
    endloop
  endfacet
  facet normal 0 0 -1
    outer loop
      vertex 0.121109 0.197556 0
      vertex 0.111496 0.287582 0
      vertex 0.115616 0.285812 0
    endloop
  endfacet
  facet normal 0 0 -1
    outer loop
      vertex 0.0999298 0.294434 0
      vertex 0.112 0.189529 0
      vertex 0.110504 0.187592 0
    endloop
  endfacet
  facet normal 0 0 -1
    outer loop
      vertex 0.0999298 0.294434 0
      vertex 0.110504 0.187592 0
      vertex 0.109131 0.185577 0
    endloop
  endfacet
  facet normal 0 0 -1
    outer loop
      vertex 0.0999298 0.294434 0
      vertex 0.109131 0.185577 0
      vertex 0.107895 0.183487 0
    endloop
  endfacet
  facet normal 0 0 -1
    outer loop
      vertex 0.117157 0.194687 0
      vertex 0.107498 0.289627 0
      vertex 0.111496 0.287582 0
    endloop
  endfacet
  facet normal 0 0 -1
    outer loop
      vertex 0.0999298 0.294434 0
      vertex 0.107895 0.183487 0
      vertex 0.106781 0.18132 0
    endloop
  endfacet
  facet normal 0 0 -1
    outer loop
      vertex 0.0999298 0.294434 0
      vertex 0.106781 0.18132 0
      vertex 0.10582 0.179077 0
    endloop
  endfacet
  facet normal 0 0 -1
    outer loop
      vertex 0.0999298 0.294434 0
      vertex 0.10582 0.179077 0
      vertex 0.104996 0.176788 0
    endloop
  endfacet
  facet normal 0 0 -1
    outer loop
      vertex 0.0999298 0.294434 0
      vertex 0.104996 0.176788 0
      vertex 0.104309 0.174438 0
    endloop
  endfacet
  facet normal 0 0 -1
    outer loop
      vertex 0.0999298 0.294434 0
      vertex 0.104309 0.174438 0
      vertex 0.103775 0.172058 0
    endloop
  endfacet
  facet normal 0 0 -1
    outer loop
      vertex 0.115326 0.193069 0
      vertex 0.103638 0.291901 0
      vertex 0.107498 0.289627 0
    endloop
  endfacet
  facet normal 0 0 -1
    outer loop
      vertex 0.0999298 0.294434 0
      vertex 0.103775 0.172058 0
      vertex 0.103394 0.169662 0
    endloop
  endfacet
  facet normal 0 0 -1
    outer loop
      vertex 0.0999298 0.294434 0
      vertex 0.103394 0.169662 0
      vertex 0.103165 0.167221 0
    endloop
  endfacet
  facet normal 0 0 -1
    outer loop
      vertex 0.0999298 0.294434 0
      vertex 0.103165 0.167221 0
      vertex 0.103088 0.164795 0
    endloop
  endfacet
  facet normal 0 0 -1
    outer loop
      vertex 0.113602 0.191345 0
      vertex 0.0999298 0.294434 0
      vertex 0.103638 0.291901 0
    endloop
  endfacet
  facet normal -0.999924 -0.0123221 0
    outer loop
      vertex 0.000281334 0.340755 0
      vertex 0 0.363585 0.0445995
      vertex 0 0.363585 0
    endloop
  endfacet
  facet normal -0.999924 -0.0123221 0
    outer loop
      vertex 0 0.363585 0.0445995
      vertex 0.000281334 0.340755 0
      vertex 0.000281334 0.340755 0.0445995
    endloop
  endfacet
  facet normal 0.495208 0.868775 -0
    outer loop
      vertex 0.178047 0.715747 0
      vertex 0.169305 0.72073 0.0445995
      vertex 0.178047 0.715747 0.0445995
    endloop
  endfacet
  facet normal 0.495208 0.868775 0
    outer loop
      vertex 0.169305 0.72073 0.0445995
      vertex 0.178047 0.715747 0
      vertex 0.169305 0.72073 0
    endloop
  endfacet
  facet normal 0.913677 -0.40644 0
    outer loop
      vertex 0.233476 0.0834379 0.0445995
      vertex 0.240195 0.0985422 0
      vertex 0.240195 0.0985422 0.0445995
    endloop
  endfacet
  facet normal 0.913677 -0.40644 0
    outer loop
      vertex 0.240195 0.0985422 0
      vertex 0.233476 0.0834379 0.0445995
      vertex 0.233476 0.0834379 0
    endloop
  endfacet
  facet normal 0.234327 -0.972158 0
    outer loop
      vertex 0.15154 0.000717163 0
      vertex 0.160458 0.00286674 0.0445995
      vertex 0.15154 0.000717163 0.0445995
    endloop
  endfacet
  facet normal 0.234327 -0.972158 0
    outer loop
      vertex 0.160458 0.00286674 0.0445995
      vertex 0.15154 0.000717163 0
      vertex 0.160458 0.00286674 0
    endloop
  endfacet
  facet normal 0.956721 -0.291008 0
    outer loop
      vertex 0.252453 0.131826 0.0445995
      vertex 0.257943 0.149875 0
      vertex 0.257943 0.149875 0.0445995
    endloop
  endfacet
  facet normal 0.956721 -0.291008 0
    outer loop
      vertex 0.257943 0.149875 0
      vertex 0.252453 0.131826 0.0445995
      vertex 0.252453 0.131826 0
    endloop
  endfacet
  facet normal 0.98061 -0.195968 0
    outer loop
      vertex 0.267537 0.188426 0.0445995
      vertex 0.271604 0.208777 0
      vertex 0.271604 0.208777 0.0445995
    endloop
  endfacet
  facet normal 0.98061 -0.195968 0
    outer loop
      vertex 0.271604 0.208777 0
      vertex 0.267537 0.188426 0.0445995
      vertex 0.267537 0.188426 0
    endloop
  endfacet
  facet normal 0.966268 -0.257538 0
    outer loop
      vertex 0.257943 0.149875 0.0445995
      vertex 0.262978 0.168766 0
      vertex 0.262978 0.168766 0.0445995
    endloop
  endfacet
  facet normal 0.966268 -0.257538 0
    outer loop
      vertex 0.262978 0.168766 0
      vertex 0.257943 0.149875 0.0445995
      vertex 0.257943 0.149875 0
    endloop
  endfacet
  facet normal 0.998077 -0.0619844 0
    outer loop
      vertex 0.282649 0.295456 0.0445995
      vertex 0.28405 0.318015 0
      vertex 0.28405 0.318015 0.0445995
    endloop
  endfacet
  facet normal 0.998077 -0.0619844 0
    outer loop
      vertex 0.28405 0.318015 0
      vertex 0.282649 0.295456 0.0445995
      vertex 0.282649 0.295456 0
    endloop
  endfacet
  facet normal 0.990187 -0.13975 0
    outer loop
      vertex 0.275162 0.22974 0.0445995
      vertex 0.278195 0.25123 0
      vertex 0.278195 0.25123 0.0445995
    endloop
  endfacet
  facet normal 0.990187 -0.13975 0
    outer loop
      vertex 0.278195 0.25123 0
      vertex 0.275162 0.22974 0.0445995
      vertex 0.275162 0.22974 0
    endloop
  endfacet
  facet normal 0.999924 0.0123074 0
    outer loop
      vertex 0.285174 0.363585 0.0445995
      vertex 0.284893 0.386415 0
      vertex 0.284893 0.386415 0.0445995
    endloop
  endfacet
  facet normal 0.999924 0.0123074 0
    outer loop
      vertex 0.284893 0.386415 0
      vertex 0.285174 0.363585 0.0445995
      vertex 0.285174 0.363585 0
    endloop
  endfacet
  facet normal 0.999924 -0.0123074 0
    outer loop
      vertex 0.284893 0.340755 0.0445995
      vertex 0.285174 0.363585 0
      vertex 0.285174 0.363585 0.0445995
    endloop
  endfacet
  facet normal 0.999924 -0.0123074 0
    outer loop
      vertex 0.285174 0.363585 0
      vertex 0.284893 0.340755 0.0445995
      vertex 0.284893 0.340755 0
    endloop
  endfacet
  facet normal 0.74097 0.671538 0
    outer loop
      vertex 0.203298 0.692566 0.0445995
      vertex 0.195077 0.701637 0
      vertex 0.195077 0.701637 0.0445995
    endloop
  endfacet
  facet normal 0.74097 0.671538 0
    outer loop
      vertex 0.195077 0.701637 0
      vertex 0.203298 0.692566 0.0445995
      vertex 0.203298 0.692566 0
    endloop
  endfacet
  facet normal 0.792445 0.609943 0
    outer loop
      vertex 0.211279 0.682197 0.0445995
      vertex 0.203298 0.692566 0
      vertex 0.203298 0.692566 0.0445995
    endloop
  endfacet
  facet normal 0.792445 0.609943 0
    outer loop
      vertex 0.203298 0.692566 0
      vertex 0.211279 0.682197 0.0445995
      vertex 0.211279 0.682197 0
    endloop
  endfacet
  facet normal 0.595297 0.803506 -0
    outer loop
      vertex 0.186649 0.709374 0
      vertex 0.178047 0.715747 0.0445995
      vertex 0.186649 0.709374 0.0445995
    endloop
  endfacet
  facet normal 0.595297 0.803506 0
    outer loop
      vertex 0.178047 0.715747 0.0445995
      vertex 0.186649 0.709374 0
      vertex 0.178047 0.715747 0
    endloop
  endfacet
  facet normal 0.374389 0.927272 -0
    outer loop
      vertex 0.169305 0.72073 0
      vertex 0.160458 0.724302 0.0445995
      vertex 0.169305 0.72073 0.0445995
    endloop
  endfacet
  facet normal 0.374389 0.927272 0
    outer loop
      vertex 0.160458 0.724302 0.0445995
      vertex 0.169305 0.72073 0
      vertex 0.160458 0.724302 0
    endloop
  endfacet
  facet normal 0.99618 0.0873238 0
    outer loop
      vertex 0.282649 0.431713 0.0445995
      vertex 0.280695 0.454004 0
      vertex 0.280695 0.454004 0.0445995
    endloop
  endfacet
  facet normal 0.99618 0.0873238 0
    outer loop
      vertex 0.280695 0.454004 0
      vertex 0.282649 0.431713 0.0445995
      vertex 0.282649 0.431713 0
    endloop
  endfacet
  facet normal 0.998077 0.0619844 0
    outer loop
      vertex 0.28405 0.409154 0.0445995
      vertex 0.282649 0.431713 0
      vertex 0.282649 0.431713 0.0445995
    endloop
  endfacet
  facet normal 0.998077 0.0619844 0
    outer loop
      vertex 0.282649 0.431713 0
      vertex 0.28405 0.409154 0.0445995
      vertex 0.28405 0.409154 0
    endloop
  endfacet
  facet normal 0.974151 0.225898 0
    outer loop
      vertex 0.267537 0.538743 0.0445995
      vertex 0.262978 0.558403 0
      vertex 0.262978 0.558403 0.0445995
    endloop
  endfacet
  facet normal 0.974151 0.225898 0
    outer loop
      vertex 0.262978 0.558403 0
      vertex 0.267537 0.538743 0.0445995
      vertex 0.267537 0.538743 0
    endloop
  endfacet
  facet normal 0.966268 0.257538 0
    outer loop
      vertex 0.262978 0.558403 0.0445995
      vertex 0.257943 0.577294 0
      vertex 0.257943 0.577294 0.0445995
    endloop
  endfacet
  facet normal 0.966268 0.257538 0
    outer loop
      vertex 0.257943 0.577294 0
      vertex 0.262978 0.558403 0.0445995
      vertex 0.262978 0.558403 0
    endloop
  endfacet
  facet normal 0.9859 0.167334 0
    outer loop
      vertex 0.275162 0.497429 0.0445995
      vertex 0.271604 0.518392 0
      vertex 0.271604 0.518392 0.0445995
    endloop
  endfacet
  facet normal 0.9859 0.167334 0
    outer loop
      vertex 0.271604 0.518392 0
      vertex 0.275162 0.497429 0.0445995
      vertex 0.275162 0.497429 0
    endloop
  endfacet
  facet normal 0.89243 0.451187 0
    outer loop
      vertex 0.233476 0.643731 0.0445995
      vertex 0.226398 0.657731 0
      vertex 0.226398 0.657731 0.0445995
    endloop
  endfacet
  facet normal 0.89243 0.451187 0
    outer loop
      vertex 0.226398 0.657731 0
      vertex 0.233476 0.643731 0.0445995
      vertex 0.233476 0.643731 0
    endloop
  endfacet
  facet normal 0.866114 0.499847 0
    outer loop
      vertex 0.226398 0.657731 0.0445995
      vertex 0.218989 0.670569 0
      vertex 0.218989 0.670569 0.0445995
    endloop
  endfacet
  facet normal 0.866114 0.499847 0
    outer loop
      vertex 0.218989 0.670569 0
      vertex 0.226398 0.657731 0.0445995
      vertex 0.226398 0.657731 0
    endloop
  endfacet
  facet normal 0.930976 0.365082 0
    outer loop
      vertex 0.246529 0.612475 0.0445995
      vertex 0.240195 0.628627 0
      vertex 0.240195 0.628627 0.0445995
    endloop
  endfacet
  facet normal 0.930976 0.365082 0
    outer loop
      vertex 0.240195 0.628627 0
      vertex 0.246529 0.612475 0.0445995
      vertex 0.246529 0.612475 0
    endloop
  endfacet
  facet normal -0.998075 -0.0620241 0
    outer loop
      vertex 0.00252533 0.295456 0
      vertex 0.00112343 0.318015 0.0445995
      vertex 0.00112343 0.318015 0
    endloop
  endfacet
  facet normal -0.998075 -0.0620241 0
    outer loop
      vertex 0.00112343 0.318015 0.0445995
      vertex 0.00252533 0.295456 0
      vertex 0.00252533 0.295456 0.0445995
    endloop
  endfacet
  facet normal -0.990177 -0.139821 0
    outer loop
      vertex 0.0100126 0.22974 0
      vertex 0.00697803 0.25123 0.0445995
      vertex 0.00697803 0.25123 0
    endloop
  endfacet
  facet normal -0.990177 -0.139821 0
    outer loop
      vertex 0.00697803 0.25123 0.0445995
      vertex 0.0100126 0.22974 0
      vertex 0.0100126 0.22974 0.0445995
    endloop
  endfacet
  facet normal -0.956716 -0.291022 0
    outer loop
      vertex 0.0327215 0.131826 0
      vertex 0.0272312 0.149875 0.0445995
      vertex 0.0272312 0.149875 0
    endloop
  endfacet
  facet normal -0.956716 -0.291022 0
    outer loop
      vertex 0.0272312 0.149875 0.0445995
      vertex 0.0327215 0.131826 0
      vertex 0.0327215 0.131826 0.0445995
    endloop
  endfacet
  facet normal -0.930968 -0.365101 0
    outer loop
      vertex 0.0449791 0.0985422 0
      vertex 0.0386448 0.114694 0.0445995
      vertex 0.0386448 0.114694 0
    endloop
  endfacet
  facet normal -0.930968 -0.365101 0
    outer loop
      vertex 0.0386448 0.114694 0.0445995
      vertex 0.0449791 0.0985422 0
      vertex 0.0449791 0.0985422 0.0445995
    endloop
  endfacet
  facet normal -0.974135 -0.225969 0
    outer loop
      vertex 0.0221968 0.168766 0
      vertex 0.0176363 0.188426 0.0445995
      vertex 0.0176363 0.188426 0
    endloop
  endfacet
  facet normal -0.974135 -0.225969 0
    outer loop
      vertex 0.0176363 0.188426 0.0445995
      vertex 0.0221968 0.168766 0
      vertex 0.0221968 0.168766 0.0445995
    endloop
  endfacet
  facet normal -0.374431 -0.927255 0
    outer loop
      vertex 0.115869 0.00643921 0
      vertex 0.124716 0.00286674 0.0445995
      vertex 0.115869 0.00643921 0.0445995
    endloop
  endfacet
  facet normal -0.374431 -0.927255 -0
    outer loop
      vertex 0.124716 0.00286674 0.0445995
      vertex 0.115869 0.00643921 0
      vertex 0.124716 0.00286674 0
    endloop
  endfacet
  facet normal -0.0798473 -0.996807 0
    outer loop
      vertex 0.133634 0.000717163 0
      vertex 0.142587 0 0.0445995
      vertex 0.133634 0.000717163 0.0445995
    endloop
  endfacet
  facet normal -0.0798473 -0.996807 -0
    outer loop
      vertex 0.142587 0 0.0445995
      vertex 0.133634 0.000717163 0
      vertex 0.142587 0 0
    endloop
  endfacet
  facet normal -0.595261 -0.803533 0
    outer loop
      vertex 0.098525 0.0177946 0
      vertex 0.107127 0.0114222 0.0445995
      vertex 0.098525 0.0177946 0.0445995
    endloop
  endfacet
  facet normal -0.595261 -0.803533 -0
    outer loop
      vertex 0.107127 0.0114222 0.0445995
      vertex 0.098525 0.0177946 0
      vertex 0.107127 0.0114222 0
    endloop
  endfacet
  facet normal -0.866118 -0.49984 0
    outer loop
      vertex 0.066185 0.0565996 0
      vertex 0.0587759 0.069438 0.0445995
      vertex 0.0587759 0.069438 0
    endloop
  endfacet
  facet normal -0.866118 -0.49984 0
    outer loop
      vertex 0.0587759 0.069438 0.0445995
      vertex 0.066185 0.0565996 0
      vertex 0.066185 0.0565996 0.0445995
    endloop
  endfacet
  facet normal -0.792442 -0.609947 0
    outer loop
      vertex 0.0818758 0.0346031 0
      vertex 0.0738945 0.0449724 0.0445995
      vertex 0.0738945 0.0449724 0
    endloop
  endfacet
  facet normal -0.792442 -0.609947 0
    outer loop
      vertex 0.0738945 0.0449724 0.0445995
      vertex 0.0818758 0.0346031 0
      vertex 0.0818758 0.0346031 0.0445995
    endloop
  endfacet
  facet normal -0.833454 0.552589 0
    outer loop
      vertex 0.066185 0.670569 0
      vertex 0.0738945 0.682197 0.0445995
      vertex 0.0738945 0.682197 0
    endloop
  endfacet
  facet normal -0.833454 0.552589 0
    outer loop
      vertex 0.0738945 0.682197 0.0445995
      vertex 0.066185 0.670569 0
      vertex 0.066185 0.670569 0.0445995
    endloop
  endfacet
  facet normal -0.89245 0.451146 0
    outer loop
      vertex 0.0516987 0.643731 0
      vertex 0.0587759 0.657731 0.0445995
      vertex 0.0587759 0.657731 0
    endloop
  endfacet
  facet normal -0.89245 0.451146 0
    outer loop
      vertex 0.0587759 0.657731 0.0445995
      vertex 0.0516987 0.643731 0
      vertex 0.0516987 0.643731 0.0445995
    endloop
  endfacet
  facet normal -0.913661 0.406477 0
    outer loop
      vertex 0.0449791 0.628627 0
      vertex 0.0516987 0.643731 0.0445995
      vertex 0.0516987 0.643731 0
    endloop
  endfacet
  facet normal -0.913661 0.406477 0
    outer loop
      vertex 0.0516987 0.643731 0.0445995
      vertex 0.0449791 0.628627 0
      vertex 0.0449791 0.628627 0.0445995
    endloop
  endfacet
  facet normal -0.67628 0.736645 0
    outer loop
      vertex 0.098525 0.709374 0
      vertex 0.0900974 0.701637 0.0445995
      vertex 0.098525 0.709374 0.0445995
    endloop
  endfacet
  facet normal -0.67628 0.736645 0
    outer loop
      vertex 0.0900974 0.701637 0.0445995
      vertex 0.098525 0.709374 0
      vertex 0.0900974 0.701637 0
    endloop
  endfacet
  facet normal -0.234371 0.972147 0
    outer loop
      vertex 0.133634 0.726452 0
      vertex 0.124716 0.724302 0.0445995
      vertex 0.133634 0.726452 0.0445995
    endloop
  endfacet
  facet normal -0.234371 0.972147 0
    outer loop
      vertex 0.124716 0.724302 0.0445995
      vertex 0.133634 0.726452 0
      vertex 0.124716 0.724302 0
    endloop
  endfacet
  facet normal -0.945106 0.326765 0
    outer loop
      vertex 0.0327215 0.595343 0
      vertex 0.0386448 0.612475 0.0445995
      vertex 0.0386448 0.612475 0
    endloop
  endfacet
  facet normal -0.945106 0.326765 0
    outer loop
      vertex 0.0386448 0.612475 0.0445995
      vertex 0.0327215 0.595343 0
      vertex 0.0327215 0.595343 0.0445995
    endloop
  endfacet
  facet normal -0.999315 0.0370077 0
    outer loop
      vertex 0.000281334 0.386415 0
      vertex 0.00112343 0.409154 0.0445995
      vertex 0.00112343 0.409154 0
    endloop
  endfacet
  facet normal -0.999315 0.0370077 0
    outer loop
      vertex 0.00112343 0.409154 0.0445995
      vertex 0.000281334 0.386415 0
      vertex 0.000281334 0.386415 0.0445995
    endloop
  endfacet
  facet normal -0.999924 0.0123221 0
    outer loop
      vertex 0 0.363585 0
      vertex 0.000281334 0.386415 0.0445995
      vertex 0.000281334 0.386415 0
    endloop
  endfacet
  facet normal -0.999924 0.0123221 0
    outer loop
      vertex 0.000281334 0.386415 0.0445995
      vertex 0 0.363585 0
      vertex 0 0.363585 0.0445995
    endloop
  endfacet
  facet normal 0.740981 -0.671525 0
    outer loop
      vertex 0.195077 0.0255318 0.0445995
      vertex 0.203298 0.0346031 0
      vertex 0.203298 0.0346031 0.0445995
    endloop
  endfacet
  facet normal 0.740981 -0.671525 0
    outer loop
      vertex 0.203298 0.0346031 0
      vertex 0.195077 0.0255318 0.0445995
      vertex 0.195077 0.0255318 0
    endloop
  endfacet
  facet normal 0.945086 -0.326822 0
    outer loop
      vertex 0.246818 0.115531 0.0445995
      vertex 0.252453 0.131826 0
      vertex 0.252453 0.131826 0.0445995
    endloop
  endfacet
  facet normal 0.945241 -0.326373 0
    outer loop
      vertex 0.246529 0.114694 0
      vertex 0.246818 0.115531 0.0445995
      vertex 0.246529 0.114694 0.0445995
    endloop
  endfacet
  facet normal 0.945094 -0.3268 8.9552e-06
    outer loop
      vertex 0.246818 0.115531 0.0445995
      vertex 0.246529 0.114694 0
      vertex 0.252453 0.131826 0
    endloop
  endfacet
  facet normal 0.974151 -0.225898 0
    outer loop
      vertex 0.262978 0.168766 0.0445995
      vertex 0.267537 0.188426 0
      vertex 0.267537 0.188426 0.0445995
    endloop
  endfacet
  facet normal 0.974151 -0.225898 0
    outer loop
      vertex 0.267537 0.188426 0
      vertex 0.262978 0.168766 0.0445995
      vertex 0.262978 0.168766 0
    endloop
  endfacet
  facet normal 0.999314 -0.0370458 0
    outer loop
      vertex 0.28405 0.318015 0.0445995
      vertex 0.284893 0.340755 0
      vertex 0.284893 0.340755 0.0445995
    endloop
  endfacet
  facet normal 0.999314 -0.0370458 0
    outer loop
      vertex 0.284893 0.340755 0
      vertex 0.28405 0.318015 0.0445995
      vertex 0.28405 0.318015 0
    endloop
  endfacet
  facet normal 0.993568 -0.11324 0
    outer loop
      vertex 0.278195 0.25123 0.0445995
      vertex 0.280695 0.273165 0
      vertex 0.280695 0.273165 0.0445995
    endloop
  endfacet
  facet normal 0.993568 -0.11324 0
    outer loop
      vertex 0.280695 0.273165 0
      vertex 0.278195 0.25123 0.0445995
      vertex 0.278195 0.25123 0
    endloop
  endfacet
  facet normal -0.99618 -0.0873274 0
    outer loop
      vertex 0.00447941 0.273165 0
      vertex 0.00252533 0.295456 0.0445995
      vertex 0.00252533 0.295456 0
    endloop
  endfacet
  facet normal -0.99618 -0.0873274 0
    outer loop
      vertex 0.00252533 0.295456 0.0445995
      vertex 0.00447941 0.273165 0
      vertex 0.00447941 0.273165 0.0445995
    endloop
  endfacet
  facet normal -0.985906 -0.167298 0
    outer loop
      vertex 0.0135698 0.208777 0
      vertex 0.0100126 0.22974 0.0445995
      vertex 0.0100126 0.22974 0
    endloop
  endfacet
  facet normal -0.985906 -0.167298 0
    outer loop
      vertex 0.0100126 0.22974 0.0445995
      vertex 0.0135698 0.208777 0
      vertex 0.0135698 0.208777 0.0445995
    endloop
  endfacet
  facet normal -0.94511 -0.326754 0
    outer loop
      vertex 0.0327215 0.131826 0
      vertex 0.0385972 0.114831 0.0445995
      vertex 0.0327215 0.131826 0.0445995
    endloop
  endfacet
  facet normal -0.945106 -0.326765 -4.93668e-06
    outer loop
      vertex 0.0386448 0.114694 0
      vertex 0.0385972 0.114831 0.0445995
      vertex 0.0327215 0.131826 0
    endloop
  endfacet
  facet normal -0.944608 -0.3282 0
    outer loop
      vertex 0.0385972 0.114831 0.0445995
      vertex 0.0386448 0.114694 0
      vertex 0.0386448 0.114694 0.0445995
    endloop
  endfacet
  facet normal -0.966276 -0.25751 0
    outer loop
      vertex 0.0272312 0.149875 0
      vertex 0.0221968 0.168766 0.0445995
      vertex 0.0221968 0.168766 0
    endloop
  endfacet
  facet normal -0.966276 -0.25751 0
    outer loop
      vertex 0.0221968 0.168766 0.0445995
      vertex 0.0272312 0.149875 0
      vertex 0.0272312 0.149875 0.0445995
    endloop
  endfacet
  facet normal -0.234327 -0.972158 0
    outer loop
      vertex 0.124716 0.00286674 0
      vertex 0.133634 0.000717163 0.0445995
      vertex 0.124716 0.00286674 0.0445995
    endloop
  endfacet
  facet normal -0.234327 -0.972158 -0
    outer loop
      vertex 0.133634 0.000717163 0.0445995
      vertex 0.124716 0.00286674 0
      vertex 0.133634 0.000717163 0
    endloop
  endfacet
  facet normal -0.495207 -0.868775 0
    outer loop
      vertex 0.107127 0.0114222 0
      vertex 0.115869 0.00643921 0.0445995
      vertex 0.107127 0.0114222 0.0445995
    endloop
  endfacet
  facet normal -0.495207 -0.868775 -0
    outer loop
      vertex 0.115869 0.00643921 0.0445995
      vertex 0.107127 0.0114222 0
      vertex 0.115869 0.00643921 0
    endloop
  endfacet
  facet normal -0.892449 -0.451149 0
    outer loop
      vertex 0.0587759 0.069438 0
      vertex 0.0516987 0.0834379 0.0445995
      vertex 0.0516987 0.0834379 0
    endloop
  endfacet
  facet normal -0.892449 -0.451149 0
    outer loop
      vertex 0.0516987 0.0834379 0.0445995
      vertex 0.0587759 0.069438 0
      vertex 0.0587759 0.069438 0.0445995
    endloop
  endfacet
  facet normal -0.740957 -0.671552 0
    outer loop
      vertex 0.0900974 0.0255318 0
      vertex 0.0818758 0.0346031 0.0445995
      vertex 0.0818758 0.0346031 0
    endloop
  endfacet
  facet normal -0.740957 -0.671552 0
    outer loop
      vertex 0.0818758 0.0346031 0.0445995
      vertex 0.0900974 0.0255318 0
      vertex 0.0900974 0.0255318 0.0445995
    endloop
  endfacet
  facet normal -0.985906 0.167298 0
    outer loop
      vertex 0.0100126 0.497429 0
      vertex 0.0135698 0.518392 0.0445995
      vertex 0.0135698 0.518392 0
    endloop
  endfacet
  facet normal -0.985906 0.167298 0
    outer loop
      vertex 0.0135698 0.518392 0.0445995
      vertex 0.0100126 0.497429 0
      vertex 0.0100126 0.497429 0.0445995
    endloop
  endfacet
  facet normal -0.966276 0.25751 0
    outer loop
      vertex 0.0221968 0.558403 0
      vertex 0.0272312 0.577294 0.0445995
      vertex 0.0272312 0.577294 0
    endloop
  endfacet
  facet normal -0.966276 0.25751 0
    outer loop
      vertex 0.0272312 0.577294 0.0445995
      vertex 0.0221968 0.558403 0
      vertex 0.0221968 0.558403 0.0445995
    endloop
  endfacet
  facet normal -0.99618 0.0873274 0
    outer loop
      vertex 0.00252533 0.431713 0
      vertex 0.00447941 0.454004 0.0445995
      vertex 0.00447941 0.454004 0
    endloop
  endfacet
  facet normal -0.99618 0.0873274 0
    outer loop
      vertex 0.00447941 0.454004 0.0445995
      vertex 0.00252533 0.431713 0
      vertex 0.00252533 0.431713 0.0445995
    endloop
  endfacet
  facet normal 0.792453 -0.609932 0
    outer loop
      vertex 0.203298 0.0346031 0.0445995
      vertex 0.211279 0.0449724 0
      vertex 0.211279 0.0449724 0.0445995
    endloop
  endfacet
  facet normal 0.792453 -0.609932 0
    outer loop
      vertex 0.211279 0.0449724 0
      vertex 0.203298 0.0346031 0.0445995
      vertex 0.203298 0.0346031 0
    endloop
  endfacet
  facet normal 0.83342 -0.552641 0
    outer loop
      vertex 0.211279 0.0449724 0.0445995
      vertex 0.218989 0.0565996 0
      vertex 0.218989 0.0565996 0.0445995
    endloop
  endfacet
  facet normal 0.83342 -0.552641 0
    outer loop
      vertex 0.218989 0.0565996 0
      vertex 0.211279 0.0449724 0.0445995
      vertex 0.211279 0.0449724 0
    endloop
  endfacet
  facet normal 0.595261 -0.803533 0
    outer loop
      vertex 0.178047 0.0114222 0
      vertex 0.186649 0.0177946 0.0445995
      vertex 0.178047 0.0114222 0.0445995
    endloop
  endfacet
  facet normal 0.595261 -0.803533 0
    outer loop
      vertex 0.186649 0.0177946 0.0445995
      vertex 0.178047 0.0114222 0
      vertex 0.186649 0.0177946 0
    endloop
  endfacet
  facet normal 0.495207 -0.868775 0
    outer loop
      vertex 0.169305 0.00643921 0
      vertex 0.178047 0.0114222 0.0445995
      vertex 0.169305 0.00643921 0.0445995
    endloop
  endfacet
  facet normal 0.495207 -0.868775 0
    outer loop
      vertex 0.178047 0.0114222 0.0445995
      vertex 0.169305 0.00643921 0
      vertex 0.178047 0.0114222 0
    endloop
  endfacet
  facet normal 0.374431 -0.927255 0
    outer loop
      vertex 0.160458 0.00286674 0
      vertex 0.169305 0.00643921 0.0445995
      vertex 0.160458 0.00286674 0.0445995
    endloop
  endfacet
  facet normal 0.374431 -0.927255 0
    outer loop
      vertex 0.169305 0.00643921 0.0445995
      vertex 0.160458 0.00286674 0
      vertex 0.169305 0.00643921 0
    endloop
  endfacet
  facet normal 0.999507 0.0314055 0
    outer loop
      vertex 0.4009 0.3522 0.133699
      vertex 0.400389 0.368463 0.0445995
      vertex 0.400389 0.368463 0.133699
    endloop
  endfacet
  facet normal 0.999507 0.0314055 0
    outer loop
      vertex 0.400389 0.368463 0.0445995
      vertex 0.4009 0.3522 0.133699
      vertex 0.4009 0.3522 0.0445995
    endloop
  endfacet
  facet normal 0.995558 -0.0941536 0
    outer loop
      vertex 0.398857 0.319738 0.133699
      vertex 0.400389 0.335937 0.0445995
      vertex 0.400389 0.335937 0.133699
    endloop
  endfacet
  facet normal 0.995558 -0.0941536 0
    outer loop
      vertex 0.400389 0.335937 0.0445995
      vertex 0.398857 0.319738 0.133699
      vertex 0.398857 0.319738 0.0445995
    endloop
  endfacet
  facet normal 0.975912 -0.218167 0
    outer loop
      vertex 0.392762 0.287788 0.133699
      vertex 0.396312 0.303668 0.0445995
      vertex 0.396312 0.303668 0.133699
    endloop
  endfacet
  facet normal 0.975912 -0.218167 0
    outer loop
      vertex 0.396312 0.303668 0.0445995
      vertex 0.392762 0.287788 0.133699
      vertex 0.392762 0.287788 0.0445995
    endloop
  endfacet
  facet normal -0.995557 0.0941594 0
    outer loop
      vertex -0.116589 0.368463 0.0445995
      vertex -0.115057 0.384661 0.133699
      vertex -0.115057 0.384661 0.0445995
    endloop
  endfacet
  facet normal -0.995557 0.0941594 0
    outer loop
      vertex -0.115057 0.384661 0.133699
      vertex -0.116589 0.368463 0.0445995
      vertex -0.116589 0.368463 0.133699
    endloop
  endfacet
  facet normal 0.999507 -0.0314055 0
    outer loop
      vertex 0.400389 0.335937 0.133699
      vertex 0.4009 0.3522 0.0445995
      vertex 0.4009 0.3522 0.133699
    endloop
  endfacet
  facet normal 0.999507 -0.0314055 0
    outer loop
      vertex 0.4009 0.3522 0.0445995
      vertex 0.400389 0.335937 0.133699
      vertex 0.400389 0.335937 0.0445995
    endloop
  endfacet
  facet normal 0.987691 -0.15642 0
    outer loop
      vertex 0.396312 0.303668 0.133699
      vertex 0.398857 0.319738 0.0445995
      vertex 0.398857 0.319738 0.133699
    endloop
  endfacet
  facet normal 0.987691 -0.15642 0
    outer loop
      vertex 0.398857 0.319738 0.0445995
      vertex 0.396312 0.303668 0.133699
      vertex 0.396312 0.303668 0.0445995
    endloop
  endfacet
  facet normal -0.995558 -0.0941536 0
    outer loop
      vertex -0.115057 0.319738 0.0445995
      vertex -0.116589 0.335937 0.133699
      vertex -0.116589 0.335937 0.0445995
    endloop
  endfacet
  facet normal -0.995558 -0.0941536 0
    outer loop
      vertex -0.116589 0.335937 0.133699
      vertex -0.115057 0.319738 0.0445995
      vertex -0.115057 0.319738 0.133699
    endloop
  endfacet
  facet normal -0.827052 -0.562126 0
    outer loop
      vertex -0.0676346 0.199964 0.0445995
      vertex -0.0767803 0.21342 0.133699
      vertex -0.0767803 0.21342 0.0445995
    endloop
  endfacet
  facet normal -0.827052 -0.562126 0
    outer loop
      vertex -0.0767803 0.21342 0.133699
      vertex -0.0676346 0.199964 0.0445995
      vertex -0.0676346 0.199964 0.133699
    endloop
  endfacet
  facet normal 0.56211 -0.827063 0
    outer loop
      vertex 0.280679 0.133518 0.0445995
      vertex 0.294136 0.142664 0.133699
      vertex 0.280679 0.133518 0.133699
    endloop
  endfacet
  facet normal 0.56211 -0.827063 0
    outer loop
      vertex 0.294136 0.142664 0.133699
      vertex 0.280679 0.133518 0.0445995
      vertex 0.294136 0.142664 0.0445995
    endloop
  endfacet
  facet normal -0.987691 -0.15642 0
    outer loop
      vertex -0.112512 0.303668 0.0445995
      vertex -0.115057 0.319738 0.133699
      vertex -0.115057 0.319738 0.0445995
    endloop
  endfacet
  facet normal -0.987691 -0.15642 0
    outer loop
      vertex -0.115057 0.319738 0.133699
      vertex -0.112512 0.303668 0.0445995
      vertex -0.112512 0.303668 0.133699
    endloop
  endfacet
  facet normal 0.707107 -0.707107 0
    outer loop
      vertex 0.319198 0.163397 0.133699
      vertex 0.330703 0.174902 0.0445995
      vertex 0.330703 0.174902 0.133699
    endloop
  endfacet
  facet normal 0.707107 -0.707107 0
    outer loop
      vertex 0.330703 0.174902 0.0445995
      vertex 0.319198 0.163397 0.133699
      vertex 0.319198 0.163397 0.0445995
    endloop
  endfacet
  facet normal 0.917757 -0.397143 0
    outer loop
      vertex 0.376249 0.241922 0.133699
      vertex 0.382711 0.256855 0.0445995
      vertex 0.382711 0.256855 0.133699
    endloop
  endfacet
  facet normal 0.917757 -0.397143 0
    outer loop
      vertex 0.382711 0.256855 0.0445995
      vertex 0.376249 0.241922 0.133699
      vertex 0.376249 0.241922 0.0445995
    endloop
  endfacet
  facet normal -0.0940318 0.995569 0
    outer loop
      vertex 0.125637 0.610688 0.0445995
      vertex 0.109438 0.609158 0.133699
      vertex 0.125637 0.610688 0.133699
    endloop
  endfacet
  facet normal -0.0940318 0.995569 0
    outer loop
      vertex 0.109438 0.609158 0.133699
      vertex 0.125637 0.610688 0.0445995
      vertex 0.109438 0.609158 0.0445995
    endloop
  endfacet
  facet normal 0 0 -1
    outer loop
      vertex -0.112116 0.294943 0.133699
      vertex -0.108963 0.287788 0.133699
      vertex -0.107307 0.28209 0.133699
    endloop
  endfacet
  facet normal 0 0 -1
    outer loop
      vertex -0.112116 0.294943 0.133699
      vertex -0.112512 0.303668 0.133699
      vertex -0.108963 0.287788 0.133699
    endloop
  endfacet
  facet normal 0 0 -1
    outer loop
      vertex -0.117929 0.313618 0.133699
      vertex -0.112512 0.303668 0.133699
      vertex -0.112116 0.294943 0.133699
    endloop
  endfacet
  facet normal 0 0 -1
    outer loop
      vertex -0.115057 0.319738 0.133699
      vertex -0.122717 0.332678 0.133699
      vertex -0.116589 0.335937 0.133699
    endloop
  endfacet
  facet normal 0 0 -1
    outer loop
      vertex -0.122717 0.332678 0.133699
      vertex -0.115057 0.319738 0.133699
      vertex -0.117929 0.313618 0.133699
    endloop
  endfacet
  facet normal 0 0 -1
    outer loop
      vertex -0.112512 0.303668 0.133699
      vertex -0.117929 0.313618 0.133699
      vertex -0.115057 0.319738 0.133699
    endloop
  endfacet
  facet normal 0 0 -1
    outer loop
      vertex 0.396312 0.400731 0.133699
      vertex 0.415049 0.411253 0.133699
      vertex 0.41451 0.391414 0.133699
    endloop
  endfacet
  facet normal 0 0 -1
    outer loop
      vertex 0.398857 0.384661 0.133699
      vertex 0.41451 0.391414 0.133699
      vertex 0.412894 0.371654 0.133699
    endloop
  endfacet
  facet normal 0 0 -1
    outer loop
      vertex 0.392762 0.41661 0.133699
      vertex 0.415049 0.411253 0.133699
      vertex 0.396312 0.400731 0.133699
    endloop
  endfacet
  facet normal 0 0 -1
    outer loop
      vertex 0.400389 0.368463 0.133699
      vertex 0.412894 0.371654 0.133699
      vertex 0.41021 0.352049 0.133699
    endloop
  endfacet
  facet normal -0 0 -1
    outer loop
      vertex 0.41451 0.391414 0.133699
      vertex 0.398857 0.384661 0.133699
      vertex 0.396312 0.400731 0.133699
    endloop
  endfacet
  facet normal 0 0 -1
    outer loop
      vertex 0.400389 0.335937 0.133699
      vertex 0.41021 0.352049 0.133699
      vertex 0.406466 0.332678 0.133699
    endloop
  endfacet
  facet normal -0 0 -1
    outer loop
      vertex 0.412894 0.371654 0.133699
      vertex 0.400389 0.368463 0.133699
      vertex 0.398857 0.384661 0.133699
    endloop
  endfacet
  facet normal 0 0 -1
    outer loop
      vertex 0.398857 0.319738 0.133699
      vertex 0.406466 0.332678 0.133699
      vertex 0.401678 0.313618 0.133699
    endloop
  endfacet
  facet normal 0 0 -1
    outer loop
      vertex 0.41021 0.352049 0.133699
      vertex 0.4009 0.3522 0.133699
      vertex 0.400389 0.368463 0.133699
    endloop
  endfacet
  facet normal 0 0 -1
    outer loop
      vertex 0.415049 0.411253 0.133699
      vertex 0.392762 0.41661 0.133699
      vertex 0.41451 0.431091 0.133699
    endloop
  endfacet
  facet normal -0 0 -1
    outer loop
      vertex 0.41021 0.352049 0.133699
      vertex 0.400389 0.335937 0.133699
      vertex 0.4009 0.3522 0.133699
    endloop
  endfacet
  facet normal -0 0 -1
    outer loop
      vertex 0.406466 0.332678 0.133699
      vertex 0.398857 0.319738 0.133699
      vertex 0.400389 0.335937 0.133699
    endloop
  endfacet
  facet normal -0 0 -1
    outer loop
      vertex 0.401678 0.313618 0.133699
      vertex 0.396312 0.303668 0.133699
      vertex 0.398857 0.319738 0.133699
    endloop
  endfacet
  facet normal 0 0 -1
    outer loop
      vertex 0.395865 0.294943 0.133699
      vertex 0.396312 0.303668 0.133699
      vertex 0.401678 0.313618 0.133699
    endloop
  endfacet
  facet normal -0 0 -1
    outer loop
      vertex 0.395865 0.294943 0.133699
      vertex 0.392762 0.287788 0.133699
      vertex 0.396312 0.303668 0.133699
    endloop
  endfacet
  facet normal 0 -0 -1
    outer loop
      vertex 0.392762 0.287788 0.133699
      vertex 0.395865 0.294943 0.133699
      vertex 0.391281 0.282691 0.133699
    endloop
  endfacet
  facet normal 0 0 -1
    outer loop
      vertex 0.388223 0.432235 0.133699
      vertex 0.41451 0.431091 0.133699
      vertex 0.392762 0.41661 0.133699
    endloop
  endfacet
  facet normal 0 0 -1
    outer loop
      vertex 0.41451 0.431091 0.133699
      vertex 0.388223 0.432235 0.133699
      vertex 0.412894 0.450852 0.133699
    endloop
  endfacet
  facet normal 0 0 -1
    outer loop
      vertex 0.382711 0.447544 0.133699
      vertex 0.412894 0.450852 0.133699
      vertex 0.388223 0.432235 0.133699
    endloop
  endfacet
  facet normal -0 0 -1
    outer loop
      vertex 0.412894 0.450852 0.133699
      vertex 0.382711 0.447544 0.133699
      vertex 0.41021 0.470456 0.133699
    endloop
  endfacet
  facet normal 0 0 -1
    outer loop
      vertex 0.376249 0.462477 0.133699
      vertex 0.41021 0.470456 0.133699
      vertex 0.382711 0.447544 0.133699
    endloop
  endfacet
  facet normal -0 0 -1
    outer loop
      vertex 0.41021 0.470456 0.133699
      vertex 0.376249 0.462477 0.133699
      vertex 0.406466 0.489827 0.133699
    endloop
  endfacet
  facet normal 0 0 -1
    outer loop
      vertex 0.368863 0.476974 0.133699
      vertex 0.406466 0.489827 0.133699
      vertex 0.376249 0.462477 0.133699
    endloop
  endfacet
  facet normal -0 0 -1
    outer loop
      vertex 0.406466 0.489827 0.133699
      vertex 0.368863 0.476974 0.133699
      vertex 0.401678 0.508887 0.133699
    endloop
  endfacet
  facet normal 0 0 -1
    outer loop
      vertex 0.36058 0.490978 0.133699
      vertex 0.401678 0.508887 0.133699
      vertex 0.368863 0.476974 0.133699
    endloop
  endfacet
  facet normal -0 0 -1
    outer loop
      vertex 0.401678 0.508887 0.133699
      vertex 0.36058 0.490978 0.133699
      vertex 0.395865 0.527562 0.133699
    endloop
  endfacet
  facet normal 0 0 -1
    outer loop
      vertex 0.351435 0.504436 0.133699
      vertex 0.395865 0.527562 0.133699
      vertex 0.36058 0.490978 0.133699
    endloop
  endfacet
  facet normal -0 0 -1
    outer loop
      vertex 0.395865 0.527562 0.133699
      vertex 0.351435 0.504436 0.133699
      vertex 0.38905 0.545779 0.133699
    endloop
  endfacet
  facet normal 0 0 -1
    outer loop
      vertex 0.341462 0.517292 0.133699
      vertex 0.38905 0.545779 0.133699
      vertex 0.351435 0.504436 0.133699
    endloop
  endfacet
  facet normal -0 0 -1
    outer loop
      vertex 0.38905 0.545779 0.133699
      vertex 0.341462 0.517292 0.133699
      vertex 0.381259 0.563464 0.133699
    endloop
  endfacet
  facet normal 0 0 -1
    outer loop
      vertex 0.330703 0.529497 0.133699
      vertex 0.381259 0.563464 0.133699
      vertex 0.341462 0.517292 0.133699
    endloop
  endfacet
  facet normal -0 0 -1
    outer loop
      vertex 0.381259 0.563464 0.133699
      vertex 0.330703 0.529497 0.133699
      vertex 0.372523 0.580548 0.133699
    endloop
  endfacet
  facet normal 0 0 -1
    outer loop
      vertex 0.319198 0.541002 0.133699
      vertex 0.372523 0.580548 0.133699
      vertex 0.330703 0.529497 0.133699
    endloop
  endfacet
  facet normal -0 0 -1
    outer loop
      vertex 0.372523 0.580548 0.133699
      vertex 0.319198 0.541002 0.133699
      vertex 0.362877 0.596965 0.133699
    endloop
  endfacet
  facet normal 0 0 -1
    outer loop
      vertex 0.306993 0.551763 0.133699
      vertex 0.362877 0.596965 0.133699
      vertex 0.319198 0.541002 0.133699
    endloop
  endfacet
  facet normal -0 0 -1
    outer loop
      vertex 0.362877 0.596965 0.133699
      vertex 0.306993 0.551763 0.133699
      vertex 0.352359 0.612649 0.133699
    endloop
  endfacet
  facet normal 0 0 -1
    outer loop
      vertex 0.294136 0.561735 0.133699
      vertex 0.352359 0.612649 0.133699
      vertex 0.306993 0.551763 0.133699
    endloop
  endfacet
  facet normal -0 0 -1
    outer loop
      vertex 0.352359 0.612649 0.133699
      vertex 0.294136 0.561735 0.133699
      vertex 0.34101 0.627537 0.133699
    endloop
  endfacet
  facet normal 0 0 -1
    outer loop
      vertex 0.280679 0.570881 0.133699
      vertex 0.34101 0.627537 0.133699
      vertex 0.294136 0.561735 0.133699
    endloop
  endfacet
  facet normal -0 0 -1
    outer loop
      vertex 0.34101 0.627537 0.133699
      vertex 0.280679 0.570881 0.133699
      vertex 0.328875 0.641572 0.133699
    endloop
  endfacet
  facet normal 0 0 -1
    outer loop
      vertex 0.266674 0.579163 0.133699
      vertex 0.328875 0.641572 0.133699
      vertex 0.280679 0.570881 0.133699
    endloop
  endfacet
  facet normal -0 0 -1
    outer loop
      vertex 0.328875 0.641572 0.133699
      vertex 0.266674 0.579163 0.133699
      vertex 0.316002 0.654698 0.133699
    endloop
  endfacet
  facet normal 0 0 -1
    outer loop
      vertex 0.252176 0.58655 0.133699
      vertex 0.316002 0.654698 0.133699
      vertex 0.266674 0.579163 0.133699
    endloop
  endfacet
  facet normal -0 0 -1
    outer loop
      vertex 0.316002 0.654698 0.133699
      vertex 0.252176 0.58655 0.133699
      vertex 0.302442 0.666863 0.133699
    endloop
  endfacet
  facet normal -0 0 -1
    outer loop
      vertex 0.302442 0.666863 0.133699
      vertex 0.252176 0.58655 0.133699
      vertex 0.288248 0.67802 0.133699
    endloop
  endfacet
  facet normal 0 0 -1
    outer loop
      vertex 0.237244 0.593012 0.133699
      vertex 0.288248 0.67802 0.133699
      vertex 0.252176 0.58655 0.133699
    endloop
  endfacet
  facet normal -0 0 -1
    outer loop
      vertex 0.288248 0.67802 0.133699
      vertex 0.237244 0.593012 0.133699
      vertex 0.273477 0.688125 0.133699
    endloop
  endfacet
  facet normal 0 0 -1
    outer loop
      vertex 0.221935 0.598523 0.133699
      vertex 0.273477 0.688125 0.133699
      vertex 0.237244 0.593012 0.133699
    endloop
  endfacet
  facet normal -0 0 -1
    outer loop
      vertex 0.273477 0.688125 0.133699
      vertex 0.221935 0.598523 0.133699
      vertex 0.258186 0.697135 0.133699
    endloop
  endfacet
  facet normal 0 0 -1
    outer loop
      vertex 0.20631 0.603063 0.133699
      vertex 0.258186 0.697135 0.133699
      vertex 0.221935 0.598523 0.133699
    endloop
  endfacet
  facet normal -0 0 -1
    outer loop
      vertex 0.258186 0.697135 0.133699
      vertex 0.20631 0.603063 0.133699
      vertex 0.242436 0.705018 0.133699
    endloop
  endfacet
  facet normal -0 0 -1
    outer loop
      vertex 0.242436 0.705018 0.133699
      vertex 0.20631 0.603063 0.133699
      vertex 0.22629 0.711741 0.133699
    endloop
  endfacet
  facet normal 0 0 -1
    outer loop
      vertex 0.190432 0.606612 0.133699
      vertex 0.22629 0.711741 0.133699
      vertex 0.20631 0.603063 0.133699
    endloop
  endfacet
  facet normal -0 0 -1
    outer loop
      vertex 0.22629 0.711741 0.133699
      vertex 0.190432 0.606612 0.133699
      vertex 0.209809 0.717279 0.133699
    endloop
  endfacet
  facet normal 0 0 -1
    outer loop
      vertex 0.174361 0.609158 0.133699
      vertex 0.209809 0.717279 0.133699
      vertex 0.190432 0.606612 0.133699
    endloop
  endfacet
  facet normal -0 0 -1
    outer loop
      vertex 0.209809 0.717279 0.133699
      vertex 0.174361 0.609158 0.133699
      vertex 0.193062 0.721609 0.133699
    endloop
  endfacet
  facet normal -0 0 -1
    outer loop
      vertex 0.193062 0.721609 0.133699
      vertex 0.174361 0.609158 0.133699
      vertex 0.176112 0.724714 0.133699
    endloop
  endfacet
  facet normal 0 0 -1
    outer loop
      vertex 0.158162 0.610688 0.133699
      vertex 0.176112 0.724714 0.133699
      vertex 0.174361 0.609158 0.133699
    endloop
  endfacet
  facet normal -0 0 -1
    outer loop
      vertex 0.176112 0.724714 0.133699
      vertex 0.158162 0.610688 0.133699
      vertex 0.159027 0.726583 0.133699
    endloop
  endfacet
  facet normal 0 0 -1
    outer loop
      vertex 0.141899 0.611199 0.133699
      vertex 0.159027 0.726583 0.133699
      vertex 0.158162 0.610688 0.133699
    endloop
  endfacet
  facet normal 0 0 -1
    outer loop
      vertex 0.141899 0.611199 0.133699
      vertex 0.141874 0.727205 0.133699
      vertex 0.159027 0.726583 0.133699
    endloop
  endfacet
  facet normal 0 0 -1
    outer loop
      vertex 0.124722 0.726583 0.133699
      vertex 0.141899 0.611199 0.133699
      vertex 0.125637 0.610688 0.133699
    endloop
  endfacet
  facet normal 0 0 -1
    outer loop
      vertex 0.141899 0.611199 0.133699
      vertex 0.124722 0.726583 0.133699
      vertex 0.141874 0.727205 0.133699
    endloop
  endfacet
  facet normal 0 0 -1
    outer loop
      vertex 0.107636 0.724714 0.133699
      vertex 0.125637 0.610688 0.133699
      vertex 0.109438 0.609158 0.133699
    endloop
  endfacet
  facet normal 0 0 -1
    outer loop
      vertex 0.125637 0.610688 0.133699
      vertex 0.107636 0.724714 0.133699
      vertex 0.124722 0.726583 0.133699
    endloop
  endfacet
  facet normal 0 0 -1
    outer loop
      vertex 0.0739384 0.717279 0.133699
      vertex 0.109438 0.609158 0.133699
      vertex 0.0933676 0.606612 0.133699
    endloop
  endfacet
  facet normal 0 0 -1
    outer loop
      vertex 0.109438 0.609158 0.133699
      vertex 0.0906858 0.721609 0.133699
      vertex 0.107636 0.724714 0.133699
    endloop
  endfacet
  facet normal 0 0 -1
    outer loop
      vertex 0.0574589 0.711741 0.133699
      vertex 0.0933676 0.606612 0.133699
      vertex 0.0774889 0.603063 0.133699
    endloop
  endfacet
  facet normal 0 0 -1
    outer loop
      vertex 0.109438 0.609158 0.133699
      vertex 0.0739384 0.717279 0.133699
      vertex 0.0906858 0.721609 0.133699
    endloop
  endfacet
  facet normal 0 0 -1
    outer loop
      vertex 0.0255623 0.697135 0.133699
      vertex 0.0774889 0.603063 0.133699
      vertex 0.0618639 0.598523 0.133699
    endloop
  endfacet
  facet normal 0 0 -1
    outer loop
      vertex 0.0933676 0.606612 0.133699
      vertex 0.0574589 0.711741 0.133699
      vertex 0.0739384 0.717279 0.133699
    endloop
  endfacet
  facet normal 0 0 -1
    outer loop
      vertex 0.0102711 0.688125 0.133699
      vertex 0.0618639 0.598523 0.133699
      vertex 0.0465555 0.593012 0.133699
    endloop
  endfacet
  facet normal 0 0 -1
    outer loop
      vertex 0.0774889 0.603063 0.133699
      vertex 0.0413122 0.705018 0.133699
      vertex 0.0574589 0.711741 0.133699
    endloop
  endfacet
  facet normal 0 0 -1
    outer loop
      vertex -0.00449944 0.67802 0.133699
      vertex 0.0465555 0.593012 0.133699
      vertex 0.0316229 0.58655 0.133699
    endloop
  endfacet
  facet normal 0 0 -1
    outer loop
      vertex 0.0774889 0.603063 0.133699
      vertex 0.0255623 0.697135 0.133699
      vertex 0.0413122 0.705018 0.133699
    endloop
  endfacet
  facet normal 0 0 -1
    outer loop
      vertex -0.0322533 0.654698 0.133699
      vertex 0.0316229 0.58655 0.133699
      vertex 0.0171251 0.579163 0.133699
    endloop
  endfacet
  facet normal 0 0 -1
    outer loop
      vertex 0.0618639 0.598523 0.133699
      vertex 0.0102711 0.688125 0.133699
      vertex 0.0255623 0.697135 0.133699
    endloop
  endfacet
  facet normal 0 0 -1
    outer loop
      vertex -0.045126 0.641572 0.133699
      vertex 0.0171251 0.579163 0.133699
      vertex 0.00312042 0.570881 0.133699
    endloop
  endfacet
  facet normal 0 0 -1
    outer loop
      vertex 0.0465555 0.593012 0.133699
      vertex -0.00449944 0.67802 0.133699
      vertex 0.0102711 0.688125 0.133699
    endloop
  endfacet
  facet normal 0 0 -1
    outer loop
      vertex -0.0572605 0.627537 0.133699
      vertex 0.00312042 0.570881 0.133699
      vertex -0.0103359 0.561735 0.133699
    endloop
  endfacet
  facet normal 0 0 -1
    outer loop
      vertex 0.0316229 0.58655 0.133699
      vertex -0.018693 0.666863 0.133699
      vertex -0.00449944 0.67802 0.133699
    endloop
  endfacet
  facet normal 0 0 -1
    outer loop
      vertex -0.0686092 0.612649 0.133699
      vertex -0.0103359 0.561735 0.133699
      vertex -0.0231924 0.551763 0.133699
    endloop
  endfacet
  facet normal 0 0 -1
    outer loop
      vertex 0.0316229 0.58655 0.133699
      vertex -0.0322533 0.654698 0.133699
      vertex -0.018693 0.666863 0.133699
    endloop
  endfacet
  facet normal 0 0 -1
    outer loop
      vertex -0.0791283 0.596965 0.133699
      vertex -0.0231924 0.551763 0.133699
      vertex -0.0353975 0.541002 0.133699
    endloop
  endfacet
  facet normal 0 0 -1
    outer loop
      vertex 0.0171251 0.579163 0.133699
      vertex -0.045126 0.641572 0.133699
      vertex -0.0322533 0.654698 0.133699
    endloop
  endfacet
  facet normal 0 0 -1
    outer loop
      vertex -0.0887737 0.580548 0.133699
      vertex -0.0353975 0.541002 0.133699
      vertex -0.0469027 0.529497 0.133699
    endloop
  endfacet
  facet normal 0 0 -1
    outer loop
      vertex 0.00312042 0.570881 0.133699
      vertex -0.0572605 0.627537 0.133699
      vertex -0.045126 0.641572 0.133699
    endloop
  endfacet
  facet normal 0 0 -1
    outer loop
      vertex -0.0975094 0.563464 0.133699
      vertex -0.0469027 0.529497 0.133699
      vertex -0.057662 0.517292 0.133699
    endloop
  endfacet
  facet normal 0 0 -1
    outer loop
      vertex -0.105301 0.545779 0.133699
      vertex -0.057662 0.517292 0.133699
      vertex -0.0676346 0.504436 0.133699
    endloop
  endfacet
  facet normal 0 0 -1
    outer loop
      vertex -0.0103359 0.561735 0.133699
      vertex -0.0686092 0.612649 0.133699
      vertex -0.0572605 0.627537 0.133699
    endloop
  endfacet
  facet normal 0 0 -1
    outer loop
      vertex -0.112116 0.527562 0.133699
      vertex -0.0676346 0.504436 0.133699
      vertex -0.0767803 0.490978 0.133699
    endloop
  endfacet
  facet normal 0 0 -1
    outer loop
      vertex -0.0231924 0.551763 0.133699
      vertex -0.0791283 0.596965 0.133699
      vertex -0.0686092 0.612649 0.133699
    endloop
  endfacet
  facet normal 0 0 -1
    outer loop
      vertex -0.117929 0.508887 0.133699
      vertex -0.0767803 0.490978 0.133699
      vertex -0.085063 0.476974 0.133699
    endloop
  endfacet
  facet normal 0 0 -1
    outer loop
      vertex -0.0353975 0.541002 0.133699
      vertex -0.0887737 0.580548 0.133699
      vertex -0.0791283 0.596965 0.133699
    endloop
  endfacet
  facet normal 0 0 -1
    outer loop
      vertex -0.122717 0.489827 0.133699
      vertex -0.085063 0.476974 0.133699
      vertex -0.0924501 0.462477 0.133699
    endloop
  endfacet
  facet normal 0 0 -1
    outer loop
      vertex -0.0469027 0.529497 0.133699
      vertex -0.0975094 0.563464 0.133699
      vertex -0.0887737 0.580548 0.133699
    endloop
  endfacet
  facet normal 0 0 -1
    outer loop
      vertex -0.126461 0.470456 0.133699
      vertex -0.0924501 0.462477 0.133699
      vertex -0.0989113 0.447544 0.133699
    endloop
  endfacet
  facet normal 0 0 -1
    outer loop
      vertex -0.129146 0.450852 0.133699
      vertex -0.0989113 0.447544 0.133699
      vertex -0.104424 0.432235 0.133699
    endloop
  endfacet
  facet normal 0 0 -1
    outer loop
      vertex -0.057662 0.517292 0.133699
      vertex -0.105301 0.545779 0.133699
      vertex -0.0975094 0.563464 0.133699
    endloop
  endfacet
  facet normal 0 0 -1
    outer loop
      vertex -0.13076 0.431091 0.133699
      vertex -0.104424 0.432235 0.133699
      vertex -0.108963 0.41661 0.133699
    endloop
  endfacet
  facet normal 0 0 -1
    outer loop
      vertex -0.0676346 0.504436 0.133699
      vertex -0.112116 0.527562 0.133699
      vertex -0.105301 0.545779 0.133699
    endloop
  endfacet
  facet normal 0 0 -1
    outer loop
      vertex -0.1313 0.411253 0.133699
      vertex -0.108963 0.41661 0.133699
      vertex -0.112512 0.400731 0.133699
    endloop
  endfacet
  facet normal 0 0 -1
    outer loop
      vertex -0.13076 0.391414 0.133699
      vertex -0.112512 0.400731 0.133699
      vertex -0.115057 0.384661 0.133699
    endloop
  endfacet
  facet normal 0 0 -1
    outer loop
      vertex -0.129146 0.371654 0.133699
      vertex -0.115057 0.384661 0.133699
      vertex -0.116589 0.368463 0.133699
    endloop
  endfacet
  facet normal 0 0 -1
    outer loop
      vertex -0.126461 0.352049 0.133699
      vertex -0.116589 0.368463 0.133699
      vertex -0.1171 0.3522 0.133699
    endloop
  endfacet
  facet normal 0 0 -1
    outer loop
      vertex -0.0767803 0.490978 0.133699
      vertex -0.117929 0.508887 0.133699
      vertex -0.112116 0.527562 0.133699
    endloop
  endfacet
  facet normal 0 0 -1
    outer loop
      vertex -0.126461 0.352049 0.133699
      vertex -0.116589 0.335937 0.133699
      vertex -0.122717 0.332678 0.133699
    endloop
  endfacet
  facet normal 0 0 -1
    outer loop
      vertex -0.116589 0.335937 0.133699
      vertex -0.126461 0.352049 0.133699
      vertex -0.1171 0.3522 0.133699
    endloop
  endfacet
  facet normal 0 0 -1
    outer loop
      vertex -0.085063 0.476974 0.133699
      vertex -0.122717 0.489827 0.133699
      vertex -0.117929 0.508887 0.133699
    endloop
  endfacet
  facet normal -0 0 -1
    outer loop
      vertex -0.116589 0.368463 0.133699
      vertex -0.126461 0.352049 0.133699
      vertex -0.129146 0.371654 0.133699
    endloop
  endfacet
  facet normal 0 0 -1
    outer loop
      vertex -0.0924501 0.462477 0.133699
      vertex -0.126461 0.470456 0.133699
      vertex -0.122717 0.489827 0.133699
    endloop
  endfacet
  facet normal -0 0 -1
    outer loop
      vertex -0.115057 0.384661 0.133699
      vertex -0.129146 0.371654 0.133699
      vertex -0.13076 0.391414 0.133699
    endloop
  endfacet
  facet normal 0 0 -1
    outer loop
      vertex -0.0989113 0.447544 0.133699
      vertex -0.129146 0.450852 0.133699
      vertex -0.126461 0.470456 0.133699
    endloop
  endfacet
  facet normal -0 0 -1
    outer loop
      vertex -0.112512 0.400731 0.133699
      vertex -0.13076 0.391414 0.133699
      vertex -0.1313 0.411253 0.133699
    endloop
  endfacet
  facet normal -0 0 -1
    outer loop
      vertex -0.104424 0.432235 0.133699
      vertex -0.13076 0.431091 0.133699
      vertex -0.129146 0.450852 0.133699
    endloop
  endfacet
  facet normal -0 0 -1
    outer loop
      vertex -0.108963 0.41661 0.133699
      vertex -0.1313 0.411253 0.133699
      vertex -0.13076 0.431091 0.133699
    endloop
  endfacet
  facet normal -0 0 1
    outer loop
      vertex 0.38905 0.276727 0.133699
      vertex 0.388223 0.272164 0.133699
      vertex 0.391281 0.282691 0.133699
    endloop
  endfacet
  facet normal 0 0 1
    outer loop
      vertex 0.381259 0.259041 0.133699
      vertex 0.388223 0.272164 0.133699
      vertex 0.38905 0.276727 0.133699
    endloop
  endfacet
  facet normal 0 0 1
    outer loop
      vertex 0.388223 0.272164 0.133699
      vertex 0.381259 0.259041 0.133699
      vertex 0.382711 0.256855 0.133699
    endloop
  endfacet
  facet normal 0 0 1
    outer loop
      vertex 0.372523 0.241957 0.133699
      vertex 0.382711 0.256855 0.133699
      vertex 0.381259 0.259041 0.133699
    endloop
  endfacet
  facet normal 0 0 1
    outer loop
      vertex 0.382711 0.256855 0.133699
      vertex 0.372523 0.241957 0.133699
      vertex 0.376249 0.241922 0.133699
    endloop
  endfacet
  facet normal 0 0 1
    outer loop
      vertex 0.372523 0.241957 0.133699
      vertex 0.368863 0.227426 0.133699
      vertex 0.376249 0.241922 0.133699
    endloop
  endfacet
  facet normal 0 0 1
    outer loop
      vertex 0.362877 0.22554 0.133699
      vertex 0.368863 0.227426 0.133699
      vertex 0.372523 0.241957 0.133699
    endloop
  endfacet
  facet normal -0 0 1
    outer loop
      vertex 0.362877 0.22554 0.133699
      vertex 0.36058 0.21342 0.133699
      vertex 0.368863 0.227426 0.133699
    endloop
  endfacet
  facet normal 0 0 1
    outer loop
      vertex 0.352359 0.209856 0.133699
      vertex 0.36058 0.21342 0.133699
      vertex 0.362877 0.22554 0.133699
    endloop
  endfacet
  facet normal -0 0 1
    outer loop
      vertex 0.352359 0.209856 0.133699
      vertex 0.351435 0.199964 0.133699
      vertex 0.36058 0.21342 0.133699
    endloop
  endfacet
  facet normal 0 0 1
    outer loop
      vertex 0.34101 0.194968 0.133699
      vertex 0.351435 0.199964 0.133699
      vertex 0.352359 0.209856 0.133699
    endloop
  endfacet
  facet normal 0 0 1
    outer loop
      vertex 0.351435 0.199964 0.133699
      vertex 0.34101 0.194968 0.133699
      vertex 0.341462 0.187107 0.133699
    endloop
  endfacet
  facet normal 0 0 1
    outer loop
      vertex 0.328875 0.180933 0.133699
      vertex 0.341462 0.187107 0.133699
      vertex 0.34101 0.194968 0.133699
    endloop
  endfacet
  facet normal 0 0 1
    outer loop
      vertex 0.341462 0.187107 0.133699
      vertex 0.328875 0.180933 0.133699
      vertex 0.330703 0.174902 0.133699
    endloop
  endfacet
  facet normal 0 0 1
    outer loop
      vertex 0.316002 0.167807 0.133699
      vertex 0.330703 0.174902 0.133699
      vertex 0.328875 0.180933 0.133699
    endloop
  endfacet
  facet normal 0 0 1
    outer loop
      vertex 0.330703 0.174902 0.133699
      vertex 0.316002 0.167807 0.133699
      vertex 0.319198 0.163397 0.133699
    endloop
  endfacet
  facet normal 0 0 1
    outer loop
      vertex 0.316002 0.167807 0.133699
      vertex 0.306993 0.152637 0.133699
      vertex 0.319198 0.163397 0.133699
    endloop
  endfacet
  facet normal -0 0 1
    outer loop
      vertex 0.302442 0.155642 0.133699
      vertex 0.306993 0.152637 0.133699
      vertex 0.316002 0.167807 0.133699
    endloop
  endfacet
  facet normal 0 0 1
    outer loop
      vertex 0.302442 0.155642 0.133699
      vertex 0.294136 0.142664 0.133699
      vertex 0.306993 0.152637 0.133699
    endloop
  endfacet
  facet normal -0 0 1
    outer loop
      vertex 0.288248 0.144485 0.133699
      vertex 0.294136 0.142664 0.133699
      vertex 0.302442 0.155642 0.133699
    endloop
  endfacet
  facet normal 0 0 1
    outer loop
      vertex 0.288248 0.144485 0.133699
      vertex 0.280679 0.133518 0.133699
      vertex 0.294136 0.142664 0.133699
    endloop
  endfacet
  facet normal -0 0 1
    outer loop
      vertex 0.273477 0.13438 0.133699
      vertex 0.280679 0.133518 0.133699
      vertex 0.288248 0.144485 0.133699
    endloop
  endfacet
  facet normal 0 0 1
    outer loop
      vertex 0.273477 0.13438 0.133699
      vertex 0.266674 0.125237 0.133699
      vertex 0.280679 0.133518 0.133699
    endloop
  endfacet
  facet normal -0 0 1
    outer loop
      vertex 0.258186 0.12537 0.133699
      vertex 0.266674 0.125237 0.133699
      vertex 0.273477 0.13438 0.133699
    endloop
  endfacet
  facet normal 0 0 1
    outer loop
      vertex 0.258186 0.12537 0.133699
      vertex 0.252176 0.117849 0.133699
      vertex 0.266674 0.125237 0.133699
    endloop
  endfacet
  facet normal 0 0 1
    outer loop
      vertex 0.242436 0.117487 0.133699
      vertex 0.252176 0.117849 0.133699
      vertex 0.258186 0.12537 0.133699
    endloop
  endfacet
  facet normal -0 0 1
    outer loop
      vertex 0.242436 0.117487 0.133699
      vertex 0.237244 0.111387 0.133699
      vertex 0.252176 0.117849 0.133699
    endloop
  endfacet
  facet normal 0 0 1
    outer loop
      vertex 0.22629 0.110764 0.133699
      vertex 0.237244 0.111387 0.133699
      vertex 0.242436 0.117487 0.133699
    endloop
  endfacet
  facet normal -0 0 1
    outer loop
      vertex 0.22629 0.110764 0.133699
      vertex 0.221935 0.105876 0.133699
      vertex 0.237244 0.111387 0.133699
    endloop
  endfacet
  facet normal 0 0 1
    outer loop
      vertex 0.209809 0.105226 0.133699
      vertex 0.221935 0.105876 0.133699
      vertex 0.22629 0.110764 0.133699
    endloop
  endfacet
  facet normal -0 0 1
    outer loop
      vertex 0.209809 0.105226 0.133699
      vertex 0.20631 0.101336 0.133699
      vertex 0.221935 0.105876 0.133699
    endloop
  endfacet
  facet normal 0 0 1
    outer loop
      vertex 0.193062 0.100896 0.133699
      vertex 0.20631 0.101336 0.133699
      vertex 0.209809 0.105226 0.133699
    endloop
  endfacet
  facet normal -0 0 1
    outer loop
      vertex 0.193062 0.100896 0.133699
      vertex 0.190432 0.0977869 0.133699
      vertex 0.20631 0.101336 0.133699
    endloop
  endfacet
  facet normal -0 0 1
    outer loop
      vertex 0.176112 0.0977907 0.133699
      vertex 0.190432 0.0977869 0.133699
      vertex 0.193062 0.100896 0.133699
    endloop
  endfacet
  facet normal 0 0 1
    outer loop
      vertex 0.176112 0.0977907 0.133699
      vertex 0.174361 0.0952415 0.133699
      vertex 0.190432 0.0977869 0.133699
    endloop
  endfacet
  facet normal -0 0 1
    outer loop
      vertex 0.159027 0.0959234 0.133699
      vertex 0.174361 0.0952415 0.133699
      vertex 0.176112 0.0977907 0.133699
    endloop
  endfacet
  facet normal 0 0 1
    outer loop
      vertex 0.159027 0.0959234 0.133699
      vertex 0.158162 0.0937109 0.133699
      vertex 0.174361 0.0952415 0.133699
    endloop
  endfacet
  facet normal -0 0 1
    outer loop
      vertex 0.141874 0.0952997 0.133699
      vertex 0.158162 0.0937109 0.133699
      vertex 0.159027 0.0959234 0.133699
    endloop
  endfacet
  facet normal 0 0 1
    outer loop
      vertex 0.158162 0.0937109 0.133699
      vertex 0.141874 0.0952997 0.133699
      vertex 0.141899 0.0931997 0.133699
    endloop
  endfacet
  facet normal 0 0 1
    outer loop
      vertex 0.141874 0.0952997 0.133699
      vertex 0.125637 0.0937109 0.133699
      vertex 0.141899 0.0931997 0.133699
    endloop
  endfacet
  facet normal 0 0 1
    outer loop
      vertex 0.124722 0.0959234 0.133699
      vertex 0.125637 0.0937109 0.133699
      vertex 0.141874 0.0952997 0.133699
    endloop
  endfacet
  facet normal 0 0 1
    outer loop
      vertex 0.124722 0.0959234 0.133699
      vertex 0.109438 0.0952415 0.133699
      vertex 0.125637 0.0937109 0.133699
    endloop
  endfacet
  facet normal 0 0 1
    outer loop
      vertex 0.107636 0.0977907 0.133699
      vertex 0.109438 0.0952415 0.133699
      vertex 0.124722 0.0959234 0.133699
    endloop
  endfacet
  facet normal 0 0 1
    outer loop
      vertex 0.107636 0.0977907 0.133699
      vertex 0.0933676 0.0977869 0.133699
      vertex 0.109438 0.0952415 0.133699
    endloop
  endfacet
  facet normal 0 0 1
    outer loop
      vertex 0.0906858 0.100896 0.133699
      vertex 0.0933676 0.0977869 0.133699
      vertex 0.107636 0.0977907 0.133699
    endloop
  endfacet
  facet normal 0 0 1
    outer loop
      vertex 0.0906858 0.100896 0.133699
      vertex 0.0774889 0.101336 0.133699
      vertex 0.0933676 0.0977869 0.133699
    endloop
  endfacet
  facet normal 0 0 1
    outer loop
      vertex 0.0739384 0.105226 0.133699
      vertex 0.0774889 0.101336 0.133699
      vertex 0.0906858 0.100896 0.133699
    endloop
  endfacet
  facet normal 0 0 1
    outer loop
      vertex 0.0739384 0.105226 0.133699
      vertex 0.0618639 0.105876 0.133699
      vertex 0.0774889 0.101336 0.133699
    endloop
  endfacet
  facet normal 0 0 1
    outer loop
      vertex 0.0574589 0.110764 0.133699
      vertex 0.0618639 0.105876 0.133699
      vertex 0.0739384 0.105226 0.133699
    endloop
  endfacet
  facet normal 0 0 1
    outer loop
      vertex 0.0574589 0.110764 0.133699
      vertex 0.0465555 0.111387 0.133699
      vertex 0.0618639 0.105876 0.133699
    endloop
  endfacet
  facet normal 0 0 1
    outer loop
      vertex 0.0413122 0.117487 0.133699
      vertex 0.0465555 0.111387 0.133699
      vertex 0.0574589 0.110764 0.133699
    endloop
  endfacet
  facet normal 0 0 1
    outer loop
      vertex 0.0413122 0.117487 0.133699
      vertex 0.0316229 0.117849 0.133699
      vertex 0.0465555 0.111387 0.133699
    endloop
  endfacet
  facet normal 0 0 1
    outer loop
      vertex 0.0255623 0.12537 0.133699
      vertex 0.0316229 0.117849 0.133699
      vertex 0.0413122 0.117487 0.133699
    endloop
  endfacet
  facet normal 0 0 1
    outer loop
      vertex 0.0255623 0.12537 0.133699
      vertex 0.0171251 0.125237 0.133699
      vertex 0.0316229 0.117849 0.133699
    endloop
  endfacet
  facet normal 0 0 1
    outer loop
      vertex 0.0102711 0.13438 0.133699
      vertex 0.0171251 0.125237 0.133699
      vertex 0.0255623 0.12537 0.133699
    endloop
  endfacet
  facet normal 0 0 1
    outer loop
      vertex 0.0102711 0.13438 0.133699
      vertex 0.00312042 0.133518 0.133699
      vertex 0.0171251 0.125237 0.133699
    endloop
  endfacet
  facet normal 0 0 1
    outer loop
      vertex -0.00449944 0.144485 0.133699
      vertex 0.00312042 0.133518 0.133699
      vertex 0.0102711 0.13438 0.133699
    endloop
  endfacet
  facet normal 0 0 1
    outer loop
      vertex -0.00449944 0.144485 0.133699
      vertex -0.0103359 0.142664 0.133699
      vertex 0.00312042 0.133518 0.133699
    endloop
  endfacet
  facet normal 0 0 1
    outer loop
      vertex -0.018693 0.155642 0.133699
      vertex -0.0103359 0.142664 0.133699
      vertex -0.00449944 0.144485 0.133699
    endloop
  endfacet
  facet normal 0 0 1
    outer loop
      vertex -0.018693 0.155642 0.133699
      vertex -0.0231924 0.152637 0.133699
      vertex -0.0103359 0.142664 0.133699
    endloop
  endfacet
  facet normal 0 0 1
    outer loop
      vertex -0.0322533 0.167807 0.133699
      vertex -0.0231924 0.152637 0.133699
      vertex -0.018693 0.155642 0.133699
    endloop
  endfacet
  facet normal 0 0 1
    outer loop
      vertex -0.0322533 0.167807 0.133699
      vertex -0.0353975 0.163397 0.133699
      vertex -0.0231924 0.152637 0.133699
    endloop
  endfacet
  facet normal -0 0 1
    outer loop
      vertex -0.0469027 0.174902 0.133699
      vertex -0.0322533 0.167807 0.133699
      vertex -0.045126 0.180933 0.133699
    endloop
  endfacet
  facet normal 0 0 1
    outer loop
      vertex -0.0322533 0.167807 0.133699
      vertex -0.0469027 0.174902 0.133699
      vertex -0.0353975 0.163397 0.133699
    endloop
  endfacet
  facet normal -0 0 1
    outer loop
      vertex -0.057662 0.187107 0.133699
      vertex -0.045126 0.180933 0.133699
      vertex -0.0572605 0.194968 0.133699
    endloop
  endfacet
  facet normal 0 0 1
    outer loop
      vertex -0.045126 0.180933 0.133699
      vertex -0.057662 0.187107 0.133699
      vertex -0.0469027 0.174902 0.133699
    endloop
  endfacet
  facet normal 0 0 1
    outer loop
      vertex -0.0572605 0.194968 0.133699
      vertex -0.0676346 0.199964 0.133699
      vertex -0.057662 0.187107 0.133699
    endloop
  endfacet
  facet normal 0 0 1
    outer loop
      vertex -0.0686092 0.209856 0.133699
      vertex -0.0676346 0.199964 0.133699
      vertex -0.0572605 0.194968 0.133699
    endloop
  endfacet
  facet normal 0 0 1
    outer loop
      vertex -0.0686092 0.209856 0.133699
      vertex -0.0767803 0.21342 0.133699
      vertex -0.0676346 0.199964 0.133699
    endloop
  endfacet
  facet normal 0 0 1
    outer loop
      vertex -0.0791283 0.22554 0.133699
      vertex -0.0767803 0.21342 0.133699
      vertex -0.0686092 0.209856 0.133699
    endloop
  endfacet
  facet normal 0 0 1
    outer loop
      vertex -0.0791283 0.22554 0.133699
      vertex -0.085063 0.227426 0.133699
      vertex -0.0767803 0.21342 0.133699
    endloop
  endfacet
  facet normal 0 0 1
    outer loop
      vertex -0.0887737 0.241957 0.133699
      vertex -0.085063 0.227426 0.133699
      vertex -0.0791283 0.22554 0.133699
    endloop
  endfacet
  facet normal 0 0 1
    outer loop
      vertex -0.0887737 0.241957 0.133699
      vertex -0.0924501 0.241922 0.133699
      vertex -0.085063 0.227426 0.133699
    endloop
  endfacet
  facet normal -0 0 1
    outer loop
      vertex -0.0989113 0.256855 0.133699
      vertex -0.0887737 0.241957 0.133699
      vertex -0.0975094 0.259041 0.133699
    endloop
  endfacet
  facet normal 0 0 1
    outer loop
      vertex -0.0887737 0.241957 0.133699
      vertex -0.0989113 0.256855 0.133699
      vertex -0.0924501 0.241922 0.133699
    endloop
  endfacet
  facet normal 0 0 1
    outer loop
      vertex -0.0975094 0.259041 0.133699
      vertex -0.104424 0.272164 0.133699
      vertex -0.0989113 0.256855 0.133699
    endloop
  endfacet
  facet normal 0 0 1
    outer loop
      vertex -0.105301 0.276727 0.133699
      vertex -0.104424 0.272164 0.133699
      vertex -0.0975094 0.259041 0.133699
    endloop
  endfacet
  facet normal 0 0 1
    outer loop
      vertex -0.104424 0.272164 0.133699
      vertex -0.105301 0.276727 0.133699
      vertex -0.107307 0.28209 0.133699
    endloop
  endfacet
  facet normal -0.0940683 -0.995566 0
    outer loop
      vertex 0.109438 0.0952415 0.0445995
      vertex 0.125637 0.0937109 0.133699
      vertex 0.109438 0.0952415 0.133699
    endloop
  endfacet
  facet normal -0.0940683 -0.995566 -0
    outer loop
      vertex 0.125637 0.0937109 0.133699
      vertex 0.109438 0.0952415 0.0445995
      vertex 0.125637 0.0937109 0.0445995
    endloop
  endfacet
  facet normal -0.750137 -0.661282 0
    outer loop
      vertex -0.0469027 0.174902 0.0445995
      vertex -0.057662 0.187107 0.133699
      vertex -0.057662 0.187107 0.0445995
    endloop
  endfacet
  facet normal -0.750137 -0.661282 0
    outer loop
      vertex -0.057662 0.187107 0.133699
      vertex -0.0469027 0.174902 0.0445995
      vertex -0.0469027 0.174902 0.133699
    endloop
  endfacet
  facet normal -0.790164 -0.612895 0
    outer loop
      vertex -0.057662 0.187107 0.0445995
      vertex -0.0676346 0.199964 0.133699
      vertex -0.0676346 0.199964 0.0445995
    endloop
  endfacet
  facet normal -0.790164 -0.612895 0
    outer loop
      vertex -0.0676346 0.199964 0.133699
      vertex -0.057662 0.187107 0.0445995
      vertex -0.057662 0.187107 0.133699
    endloop
  endfacet
  facet normal -0.940859 -0.338799 0
    outer loop
      vertex -0.0989113 0.256855 0.0445995
      vertex -0.104424 0.272164 0.133699
      vertex -0.104424 0.272164 0.0445995
    endloop
  endfacet
  facet normal -0.940859 -0.338799 0
    outer loop
      vertex -0.104424 0.272164 0.133699
      vertex -0.0989113 0.256855 0.0445995
      vertex -0.0989113 0.256855 0.133699
    endloop
  endfacet
  facet normal -0.890981 -0.45404 0
    outer loop
      vertex -0.085063 0.227426 0.0445995
      vertex -0.0924501 0.241922 0.133699
      vertex -0.0924501 0.241922 0.0445995
    endloop
  endfacet
  facet normal -0.890981 -0.45404 0
    outer loop
      vertex -0.0924501 0.241922 0.133699
      vertex -0.085063 0.227426 0.0445995
      vertex -0.085063 0.227426 0.133699
    endloop
  endfacet
  facet normal 0.156435 -0.987688 0
    outer loop
      vertex 0.174361 0.0952415 0.0445995
      vertex 0.190432 0.0977869 0.133699
      vertex 0.174361 0.0952415 0.133699
    endloop
  endfacet
  facet normal 0.156435 -0.987688 0
    outer loop
      vertex 0.190432 0.0977869 0.133699
      vertex 0.174361 0.0952415 0.0445995
      vertex 0.190432 0.0977869 0.0445995
    endloop
  endfacet
  facet normal 0.960284 -0.279023 0
    outer loop
      vertex 0.391281 0.282691 0.133699
      vertex 0.392762 0.287788 0.0445995
      vertex 0.392762 0.287788 0.133699
    endloop
  endfacet
  facet normal 0.960303 -0.278959 0
    outer loop
      vertex 0.388223 0.272164 0.0445995
      vertex 0.391281 0.282691 0.133699
      vertex 0.388223 0.272164 0.133699
    endloop
  endfacet
  facet normal 0.960297 -0.27898 2.66341e-06
    outer loop
      vertex 0.391281 0.282691 0.133699
      vertex 0.388223 0.272164 0.0445995
      vertex 0.392762 0.287788 0.0445995
    endloop
  endfacet
  facet normal 0.454034 -0.890984 0
    outer loop
      vertex 0.252176 0.117849 0.0445995
      vertex 0.266674 0.125237 0.133699
      vertex 0.252176 0.117849 0.133699
    endloop
  endfacet
  facet normal 0.454034 -0.890984 0
    outer loop
      vertex 0.266674 0.125237 0.133699
      vertex 0.252176 0.117849 0.0445995
      vertex 0.266674 0.125237 0.0445995
    endloop
  endfacet
  facet normal 0.21814 -0.975917 0
    outer loop
      vertex 0.190432 0.0977869 0.0445995
      vertex 0.20631 0.101336 0.133699
      vertex 0.190432 0.0977869 0.133699
    endloop
  endfacet
  facet normal 0.21814 -0.975917 0
    outer loop
      vertex 0.20631 0.101336 0.133699
      vertex 0.190432 0.0977869 0.0445995
      vertex 0.20631 0.101336 0.0445995
    endloop
  endfacet
  facet normal 0.750146 -0.661272 0
    outer loop
      vertex 0.330703 0.174902 0.133699
      vertex 0.341462 0.187107 0.0445995
      vertex 0.341462 0.187107 0.133699
    endloop
  endfacet
  facet normal 0.750146 -0.661272 0
    outer loop
      vertex 0.341462 0.187107 0.0445995
      vertex 0.330703 0.174902 0.133699
      vertex 0.330703 0.174902 0.0445995
    endloop
  endfacet
  facet normal 0.661307 -0.750116 0
    outer loop
      vertex 0.306993 0.152637 0.0445995
      vertex 0.319198 0.163397 0.133699
      vertex 0.306993 0.152637 0.133699
    endloop
  endfacet
  facet normal 0.661307 -0.750116 0
    outer loop
      vertex 0.319198 0.163397 0.133699
      vertex 0.306993 0.152637 0.0445995
      vertex 0.319198 0.163397 0.0445995
    endloop
  endfacet
  facet normal 0.860745 -0.509036 0
    outer loop
      vertex 0.36058 0.21342 0.133699
      vertex 0.368863 0.227426 0.0445995
      vertex 0.368863 0.227426 0.133699
    endloop
  endfacet
  facet normal 0.860745 -0.509036 0
    outer loop
      vertex 0.368863 0.227426 0.0445995
      vertex 0.36058 0.21342 0.133699
      vertex 0.36058 0.21342 0.0445995
    endloop
  endfacet
  facet normal -0.987691 0.15642 0
    outer loop
      vertex -0.115057 0.384661 0.0445995
      vertex -0.112512 0.400731 0.133699
      vertex -0.112512 0.400731 0.0445995
    endloop
  endfacet
  facet normal -0.987691 0.15642 0
    outer loop
      vertex -0.112512 0.400731 0.133699
      vertex -0.115057 0.384661 0.0445995
      vertex -0.115057 0.384661 0.133699
    endloop
  endfacet
  facet normal -0.960302 0.278964 0
    outer loop
      vertex -0.108963 0.41661 0.0445995
      vertex -0.104424 0.432235 0.133699
      vertex -0.104424 0.432235 0.0445995
    endloop
  endfacet
  facet normal -0.960302 0.278964 0
    outer loop
      vertex -0.104424 0.432235 0.133699
      vertex -0.108963 0.41661 0.0445995
      vertex -0.108963 0.41661 0.133699
    endloop
  endfacet
  facet normal -0.975922 0.218121 0
    outer loop
      vertex -0.112512 0.400731 0.0445995
      vertex -0.108963 0.41661 0.133699
      vertex -0.108963 0.41661 0.0445995
    endloop
  endfacet
  facet normal -0.975922 0.218121 0
    outer loop
      vertex -0.108963 0.41661 0.133699
      vertex -0.112512 0.400731 0.0445995
      vertex -0.112512 0.400731 0.133699
    endloop
  endfacet
  facet normal -0.82709 0.562069 0
    outer loop
      vertex -0.0767803 0.490978 0.0445995
      vertex -0.0676346 0.504436 0.133699
      vertex -0.0676346 0.504436 0.0445995
    endloop
  endfacet
  facet normal -0.82709 0.562069 0
    outer loop
      vertex -0.0676346 0.504436 0.133699
      vertex -0.0767803 0.490978 0.0445995
      vertex -0.0767803 0.490978 0.133699
    endloop
  endfacet
  facet normal 0.156471 0.987683 -0
    outer loop
      vertex 0.190432 0.606612 0.0445995
      vertex 0.174361 0.609158 0.133699
      vertex 0.190432 0.606612 0.133699
    endloop
  endfacet
  facet normal 0.156471 0.987683 0
    outer loop
      vertex 0.174361 0.609158 0.133699
      vertex 0.190432 0.606612 0.0445995
      vertex 0.174361 0.609158 0.0445995
    endloop
  endfacet
  facet normal 0.661341 0.750085 -0
    outer loop
      vertex 0.319198 0.541002 0.0445995
      vertex 0.306993 0.551763 0.133699
      vertex 0.319198 0.541002 0.133699
    endloop
  endfacet
  facet normal 0.661341 0.750085 0
    outer loop
      vertex 0.306993 0.551763 0.133699
      vertex 0.319198 0.541002 0.0445995
      vertex 0.306993 0.551763 0.0445995
    endloop
  endfacet
  facet normal 0.509017 0.860756 -0
    outer loop
      vertex 0.280679 0.570881 0.0445995
      vertex 0.266674 0.579163 0.133699
      vertex 0.280679 0.570881 0.133699
    endloop
  endfacet
  facet normal 0.509017 0.860756 0
    outer loop
      vertex 0.266674 0.579163 0.133699
      vertex 0.280679 0.570881 0.0445995
      vertex 0.266674 0.579163 0.0445995
    endloop
  endfacet
  facet normal -0.27902 0.960285 0
    outer loop
      vertex 0.0774889 0.603063 0.0445995
      vertex 0.0618639 0.598523 0.133699
      vertex 0.0774889 0.603063 0.133699
    endloop
  endfacet
  facet normal -0.27902 0.960285 0
    outer loop
      vertex 0.0618639 0.598523 0.133699
      vertex 0.0774889 0.603063 0.0445995
      vertex 0.0618639 0.598523 0.0445995
    endloop
  endfacet
  facet normal -0.0314197 -0.999506 0
    outer loop
      vertex 0.125637 0.0937109 0.0445995
      vertex 0.141899 0.0931997 0.133699
      vertex 0.125637 0.0937109 0.133699
    endloop
  endfacet
  facet normal -0.0314197 -0.999506 -0
    outer loop
      vertex 0.141899 0.0931997 0.133699
      vertex 0.125637 0.0937109 0.0445995
      vertex 0.141899 0.0931997 0.0445995
    endloop
  endfacet
  facet normal -0.27902 -0.960285 0
    outer loop
      vertex 0.0618639 0.105876 0.0445995
      vertex 0.0774889 0.101336 0.133699
      vertex 0.0618639 0.105876 0.133699
    endloop
  endfacet
  facet normal -0.27902 -0.960285 -0
    outer loop
      vertex 0.0774889 0.101336 0.133699
      vertex 0.0618639 0.105876 0.0445995
      vertex 0.0774889 0.101336 0.0445995
    endloop
  endfacet
  facet normal -0.15644 -0.987687 0
    outer loop
      vertex 0.0933676 0.0977869 0.0445995
      vertex 0.109438 0.0952415 0.133699
      vertex 0.0933676 0.0977869 0.133699
    endloop
  endfacet
  facet normal -0.15644 -0.987687 -0
    outer loop
      vertex 0.109438 0.0952415 0.133699
      vertex 0.0933676 0.0977869 0.0445995
      vertex 0.109438 0.0952415 0.0445995
    endloop
  endfacet
  facet normal -0.338718 -0.940888 0
    outer loop
      vertex 0.0465555 0.111387 0.0445995
      vertex 0.0618639 0.105876 0.133699
      vertex 0.0465555 0.111387 0.133699
    endloop
  endfacet
  facet normal -0.338718 -0.940888 -0
    outer loop
      vertex 0.0618639 0.105876 0.133699
      vertex 0.0465555 0.111387 0.0445995
      vertex 0.0618639 0.105876 0.0445995
    endloop
  endfacet
  facet normal -0.707101 -0.707113 0
    outer loop
      vertex -0.0353975 0.163397 0.0445995
      vertex -0.0469027 0.174902 0.133699
      vertex -0.0469027 0.174902 0.0445995
    endloop
  endfacet
  facet normal -0.707101 -0.707113 0
    outer loop
      vertex -0.0469027 0.174902 0.133699
      vertex -0.0353975 0.163397 0.0445995
      vertex -0.0353975 0.163397 0.133699
    endloop
  endfacet
  facet normal -0.661303 -0.750118 0
    outer loop
      vertex -0.0353975 0.163397 0.0445995
      vertex -0.0231924 0.152637 0.133699
      vertex -0.0353975 0.163397 0.133699
    endloop
  endfacet
  facet normal -0.661303 -0.750118 -0
    outer loop
      vertex -0.0231924 0.152637 0.133699
      vertex -0.0353975 0.163397 0.0445995
      vertex -0.0231924 0.152637 0.0445995
    endloop
  endfacet
  facet normal -0.50898 -0.860778 0
    outer loop
      vertex 0.00312042 0.133518 0.0445995
      vertex 0.0171251 0.125237 0.133699
      vertex 0.00312042 0.133518 0.133699
    endloop
  endfacet
  facet normal -0.50898 -0.860778 -0
    outer loop
      vertex 0.0171251 0.125237 0.133699
      vertex 0.00312042 0.133518 0.0445995
      vertex 0.0171251 0.125237 0.0445995
    endloop
  endfacet
  facet normal -0.860753 -0.509022 0
    outer loop
      vertex -0.0767803 0.21342 0.0445995
      vertex -0.085063 0.227426 0.133699
      vertex -0.085063 0.227426 0.0445995
    endloop
  endfacet
  facet normal -0.860753 -0.509022 0
    outer loop
      vertex -0.085063 0.227426 0.133699
      vertex -0.0767803 0.21342 0.0445995
      vertex -0.0767803 0.21342 0.133699
    endloop
  endfacet
  facet normal -0.999507 -0.0314055 0
    outer loop
      vertex -0.116589 0.335937 0.0445995
      vertex -0.1171 0.3522 0.133699
      vertex -0.1171 0.3522 0.0445995
    endloop
  endfacet
  facet normal -0.999507 -0.0314055 0
    outer loop
      vertex -0.1171 0.3522 0.133699
      vertex -0.116589 0.335937 0.0445995
      vertex -0.116589 0.335937 0.133699
    endloop
  endfacet
  facet normal -0.999507 0.0314055 0
    outer loop
      vertex -0.1171 0.3522 0.0445995
      vertex -0.116589 0.368463 0.133699
      vertex -0.116589 0.368463 0.0445995
    endloop
  endfacet
  facet normal -0.999507 0.0314055 0
    outer loop
      vertex -0.116589 0.368463 0.133699
      vertex -0.1171 0.3522 0.0445995
      vertex -0.1171 0.3522 0.133699
    endloop
  endfacet
  facet normal 0.0314178 -0.999506 0
    outer loop
      vertex 0.141899 0.0931997 0.0445995
      vertex 0.158162 0.0937109 0.133699
      vertex 0.141899 0.0931997 0.133699
    endloop
  endfacet
  facet normal 0.0314178 -0.999506 0
    outer loop
      vertex 0.158162 0.0937109 0.133699
      vertex 0.141899 0.0931997 0.0445995
      vertex 0.158162 0.0937109 0.0445995
    endloop
  endfacet
  facet normal 0.940873 -0.338761 0
    outer loop
      vertex 0.382711 0.256855 0.133699
      vertex 0.388223 0.272164 0.0445995
      vertex 0.388223 0.272164 0.133699
    endloop
  endfacet
  facet normal 0.940873 -0.338761 0
    outer loop
      vertex 0.388223 0.272164 0.0445995
      vertex 0.382711 0.256855 0.133699
      vertex 0.382711 0.256855 0.0445995
    endloop
  endfacet
  facet normal 0.338706 -0.940892 0
    outer loop
      vertex 0.221935 0.105876 0.0445995
      vertex 0.237244 0.111387 0.133699
      vertex 0.221935 0.105876 0.133699
    endloop
  endfacet
  facet normal 0.338706 -0.940892 0
    outer loop
      vertex 0.237244 0.111387 0.133699
      vertex 0.221935 0.105876 0.0445995
      vertex 0.237244 0.111387 0.0445995
    endloop
  endfacet
  facet normal 0.397225 -0.917721 0
    outer loop
      vertex 0.246818 0.115531 0.0445995
      vertex 0.237244 0.111387 0.133699
      vertex 0.237244 0.111387 0.0445995
    endloop
  endfacet
  facet normal 0.397166 -0.917747 -7.60171e-06
    outer loop
      vertex 0.237244 0.111387 0.133699
      vertex 0.246818 0.115531 0.0445995
      vertex 0.252176 0.117849 0.133699
    endloop
  endfacet
  facet normal 0.397059 -0.917793 0
    outer loop
      vertex 0.252176 0.117849 0.133699
      vertex 0.246818 0.115531 0.0445995
      vertex 0.252176 0.117849 0.0445995
    endloop
  endfacet
  facet normal 0.790152 -0.61291 0
    outer loop
      vertex 0.341462 0.187107 0.133699
      vertex 0.351435 0.199964 0.0445995
      vertex 0.351435 0.199964 0.133699
    endloop
  endfacet
  facet normal 0.790152 -0.61291 0
    outer loop
      vertex 0.351435 0.199964 0.0445995
      vertex 0.341462 0.187107 0.133699
      vertex 0.341462 0.187107 0.0445995
    endloop
  endfacet
  facet normal 0.827072 -0.562096 0
    outer loop
      vertex 0.351435 0.199964 0.133699
      vertex 0.36058 0.21342 0.0445995
      vertex 0.36058 0.21342 0.133699
    endloop
  endfacet
  facet normal 0.827072 -0.562096 0
    outer loop
      vertex 0.36058 0.21342 0.0445995
      vertex 0.351435 0.199964 0.133699
      vertex 0.351435 0.199964 0.0445995
    endloop
  endfacet
  facet normal 0.61291 -0.790152 0
    outer loop
      vertex 0.294136 0.142664 0.0445995
      vertex 0.306993 0.152637 0.133699
      vertex 0.294136 0.142664 0.133699
    endloop
  endfacet
  facet normal 0.61291 -0.790152 0
    outer loop
      vertex 0.306993 0.152637 0.133699
      vertex 0.294136 0.142664 0.0445995
      vertex 0.306993 0.152637 0.0445995
    endloop
  endfacet
  facet normal 0.891009 -0.453987 0
    outer loop
      vertex 0.368863 0.227426 0.133699
      vertex 0.376249 0.241922 0.0445995
      vertex 0.376249 0.241922 0.133699
    endloop
  endfacet
  facet normal 0.891009 -0.453987 0
    outer loop
      vertex 0.376249 0.241922 0.0445995
      vertex 0.368863 0.227426 0.133699
      vertex 0.368863 0.227426 0.0445995
    endloop
  endfacet
  facet normal -0.940859 0.338799 0
    outer loop
      vertex -0.104424 0.432235 0.0445995
      vertex -0.0989113 0.447544 0.133699
      vertex -0.0989113 0.447544 0.0445995
    endloop
  endfacet
  facet normal -0.940859 0.338799 0
    outer loop
      vertex -0.0989113 0.447544 0.133699
      vertex -0.104424 0.432235 0.0445995
      vertex -0.104424 0.432235 0.133699
    endloop
  endfacet
  facet normal -0.707101 0.707113 0
    outer loop
      vertex -0.0469027 0.529497 0.0445995
      vertex -0.0353975 0.541002 0.133699
      vertex -0.0353975 0.541002 0.0445995
    endloop
  endfacet
  facet normal -0.707101 0.707113 0
    outer loop
      vertex -0.0353975 0.541002 0.133699
      vertex -0.0469027 0.529497 0.0445995
      vertex -0.0469027 0.529497 0.133699
    endloop
  endfacet
  facet normal -0.790141 0.612925 0
    outer loop
      vertex -0.0676346 0.504436 0.0445995
      vertex -0.057662 0.517292 0.133699
      vertex -0.057662 0.517292 0.0445995
    endloop
  endfacet
  facet normal -0.790141 0.612925 0
    outer loop
      vertex -0.057662 0.517292 0.133699
      vertex -0.0676346 0.504436 0.0445995
      vertex -0.0676346 0.504436 0.133699
    endloop
  endfacet
  facet normal -0.562129 0.827049 0
    outer loop
      vertex 0.00312042 0.570881 0.0445995
      vertex -0.0103359 0.561735 0.133699
      vertex 0.00312042 0.570881 0.133699
    endloop
  endfacet
  facet normal -0.562129 0.827049 0
    outer loop
      vertex -0.0103359 0.561735 0.133699
      vertex 0.00312042 0.570881 0.0445995
      vertex -0.0103359 0.561735 0.0445995
    endloop
  endfacet
  facet normal -0.890994 0.454015 0
    outer loop
      vertex -0.0924501 0.462477 0.0445995
      vertex -0.085063 0.476974 0.133699
      vertex -0.085063 0.476974 0.0445995
    endloop
  endfacet
  facet normal -0.890994 0.454015 0
    outer loop
      vertex -0.085063 0.476974 0.133699
      vertex -0.0924501 0.462477 0.0445995
      vertex -0.0924501 0.462477 0.133699
    endloop
  endfacet
  facet normal -0.860722 0.509076 0
    outer loop
      vertex -0.085063 0.476974 0.0445995
      vertex -0.0767803 0.490978 0.133699
      vertex -0.0767803 0.490978 0.0445995
    endloop
  endfacet
  facet normal -0.860722 0.509076 0
    outer loop
      vertex -0.0767803 0.490978 0.133699
      vertex -0.085063 0.476974 0.0445995
      vertex -0.085063 0.476974 0.133699
    endloop
  endfacet
  facet normal 0.0314055 0.999507 -0
    outer loop
      vertex 0.158162 0.610688 0.0445995
      vertex 0.141899 0.611199 0.133699
      vertex 0.158162 0.610688 0.133699
    endloop
  endfacet
  facet normal 0.0314055 0.999507 0
    outer loop
      vertex 0.141899 0.611199 0.133699
      vertex 0.158162 0.610688 0.0445995
      vertex 0.141899 0.611199 0.0445995
    endloop
  endfacet
  facet normal 0.0940318 0.995569 -0
    outer loop
      vertex 0.174361 0.609158 0.0445995
      vertex 0.158162 0.610688 0.133699
      vertex 0.174361 0.609158 0.133699
    endloop
  endfacet
  facet normal 0.0940318 0.995569 0
    outer loop
      vertex 0.158162 0.610688 0.133699
      vertex 0.174361 0.609158 0.0445995
      vertex 0.158162 0.610688 0.0445995
    endloop
  endfacet
  facet normal 0.338706 0.940892 -0
    outer loop
      vertex 0.237244 0.593012 0.0445995
      vertex 0.221935 0.598523 0.133699
      vertex 0.237244 0.593012 0.133699
    endloop
  endfacet
  facet normal 0.338706 0.940892 0
    outer loop
      vertex 0.221935 0.598523 0.133699
      vertex 0.237244 0.593012 0.0445995
      vertex 0.221935 0.598523 0.0445995
    endloop
  endfacet
  facet normal 0.707107 0.707107 0
    outer loop
      vertex 0.330703 0.529497 0.133699
      vertex 0.319198 0.541002 0.0445995
      vertex 0.319198 0.541002 0.133699
    endloop
  endfacet
  facet normal 0.707107 0.707107 0
    outer loop
      vertex 0.319198 0.541002 0.0445995
      vertex 0.330703 0.529497 0.133699
      vertex 0.330703 0.529497 0.0445995
    endloop
  endfacet
  facet normal 0.56211 0.827063 -0
    outer loop
      vertex 0.294136 0.561735 0.0445995
      vertex 0.280679 0.570881 0.133699
      vertex 0.294136 0.561735 0.133699
    endloop
  endfacet
  facet normal 0.56211 0.827063 0
    outer loop
      vertex 0.280679 0.570881 0.133699
      vertex 0.294136 0.561735 0.0445995
      vertex 0.280679 0.570881 0.0445995
    endloop
  endfacet
  facet normal -0.0314074 0.999507 0
    outer loop
      vertex 0.141899 0.611199 0.0445995
      vertex 0.125637 0.610688 0.133699
      vertex 0.141899 0.611199 0.133699
    endloop
  endfacet
  facet normal -0.0314074 0.999507 0
    outer loop
      vertex 0.125637 0.610688 0.133699
      vertex 0.141899 0.611199 0.0445995
      vertex 0.125637 0.610688 0.0445995
    endloop
  endfacet
  facet normal -0.218125 0.975921 0
    outer loop
      vertex 0.0933676 0.606612 0.0445995
      vertex 0.0774889 0.603063 0.133699
      vertex 0.0933676 0.606612 0.133699
    endloop
  endfacet
  facet normal -0.218125 0.975921 0
    outer loop
      vertex 0.0774889 0.603063 0.133699
      vertex 0.0933676 0.606612 0.0445995
      vertex 0.0774889 0.603063 0.0445995
    endloop
  endfacet
  facet normal -0.156476 0.987682 0
    outer loop
      vertex 0.109438 0.609158 0.0445995
      vertex 0.0933676 0.606612 0.133699
      vertex 0.109438 0.609158 0.133699
    endloop
  endfacet
  facet normal -0.156476 0.987682 0
    outer loop
      vertex 0.0933676 0.606612 0.133699
      vertex 0.109438 0.609158 0.0445995
      vertex 0.0933676 0.606612 0.0445995
    endloop
  endfacet
  facet normal -0.338718 0.940888 0
    outer loop
      vertex 0.0618639 0.598523 0.0445995
      vertex 0.0465555 0.593012 0.133699
      vertex 0.0618639 0.598523 0.133699
    endloop
  endfacet
  facet normal -0.338718 0.940888 0
    outer loop
      vertex 0.0465555 0.593012 0.133699
      vertex 0.0618639 0.598523 0.0445995
      vertex 0.0465555 0.593012 0.0445995
    endloop
  endfacet
  facet normal -0.397142 -0.917757 0
    outer loop
      vertex 0.0385972 0.114831 0.0445995
      vertex 0.0316229 0.117849 0.133699
      vertex 0.0316229 0.117849 0.0445995
    endloop
  endfacet
  facet normal -0.397152 -0.917753 -9.24177e-07
    outer loop
      vertex 0.0316229 0.117849 0.133699
      vertex 0.0385972 0.114831 0.0445995
      vertex 0.0465555 0.111387 0.133699
    endloop
  endfacet
  facet normal -0.397161 -0.917749 -0
    outer loop
      vertex 0.0465555 0.111387 0.133699
      vertex 0.0385972 0.114831 0.0445995
      vertex 0.0465555 0.111387 0.0445995
    endloop
  endfacet
  facet normal -0.562129 -0.827049 0
    outer loop
      vertex -0.0103359 0.142664 0.0445995
      vertex 0.00312042 0.133518 0.133699
      vertex -0.0103359 0.142664 0.133699
    endloop
  endfacet
  facet normal -0.562129 -0.827049 -0
    outer loop
      vertex 0.00312042 0.133518 0.133699
      vertex -0.0103359 0.142664 0.0445995
      vertex 0.00312042 0.133518 0.0445995
    endloop
  endfacet
  facet normal -0.612925 -0.790141 0
    outer loop
      vertex -0.0231924 0.152637 0.0445995
      vertex -0.0103359 0.142664 0.133699
      vertex -0.0231924 0.152637 0.133699
    endloop
  endfacet
  facet normal -0.612925 -0.790141 -0
    outer loop
      vertex -0.0103359 0.142664 0.133699
      vertex -0.0231924 0.152637 0.0445995
      vertex -0.0103359 0.142664 0.0445995
    endloop
  endfacet
  facet normal -0.960268 -0.279081 0
    outer loop
      vertex -0.108963 0.287788 0.0445995
      vertex -0.107307 0.28209 0.133699
      vertex -0.108963 0.287788 0.133699
    endloop
  endfacet
  facet normal -0.960297 -0.27898 6.98239e-06
    outer loop
      vertex -0.104424 0.272164 0.0445995
      vertex -0.107307 0.28209 0.133699
      vertex -0.108963 0.287788 0.0445995
    endloop
  endfacet
  facet normal -0.960314 -0.278922 0
    outer loop
      vertex -0.107307 0.28209 0.133699
      vertex -0.104424 0.272164 0.0445995
      vertex -0.104424 0.272164 0.133699
    endloop
  endfacet
  facet normal -0.975925 -0.218108 0
    outer loop
      vertex -0.108963 0.287788 0.0445995
      vertex -0.112512 0.303668 0.133699
      vertex -0.112512 0.303668 0.0445995
    endloop
  endfacet
  facet normal -0.975925 -0.218108 0
    outer loop
      vertex -0.112512 0.303668 0.133699
      vertex -0.108963 0.287788 0.0445995
      vertex -0.108963 0.287788 0.133699
    endloop
  endfacet
  facet normal -0.917774 -0.397102 0
    outer loop
      vertex -0.0924501 0.241922 0.0445995
      vertex -0.0989113 0.256855 0.133699
      vertex -0.0989113 0.256855 0.0445995
    endloop
  endfacet
  facet normal -0.917774 -0.397102 0
    outer loop
      vertex -0.0989113 0.256855 0.133699
      vertex -0.0924501 0.241922 0.0445995
      vertex -0.0924501 0.241922 0.133699
    endloop
  endfacet
  facet normal 0.0940683 -0.995566 0
    outer loop
      vertex 0.158162 0.0937109 0.0445995
      vertex 0.174361 0.0952415 0.133699
      vertex 0.158162 0.0937109 0.133699
    endloop
  endfacet
  facet normal 0.0940683 -0.995566 0
    outer loop
      vertex 0.174361 0.0952415 0.133699
      vertex 0.158162 0.0937109 0.0445995
      vertex 0.174361 0.0952415 0.0445995
    endloop
  endfacet
  facet normal 0.27902 -0.960285 0
    outer loop
      vertex 0.20631 0.101336 0.0445995
      vertex 0.221935 0.105876 0.133699
      vertex 0.20631 0.101336 0.133699
    endloop
  endfacet
  facet normal 0.27902 -0.960285 0
    outer loop
      vertex 0.221935 0.105876 0.133699
      vertex 0.20631 0.101336 0.0445995
      vertex 0.221935 0.105876 0.0445995
    endloop
  endfacet
  facet normal 0.508972 -0.860783 0
    outer loop
      vertex 0.266674 0.125237 0.0445995
      vertex 0.280679 0.133518 0.133699
      vertex 0.266674 0.125237 0.133699
    endloop
  endfacet
  facet normal 0.508972 -0.860783 0
    outer loop
      vertex 0.280679 0.133518 0.133699
      vertex 0.266674 0.125237 0.0445995
      vertex 0.280679 0.133518 0.0445995
    endloop
  endfacet
  facet normal -0.917774 0.397102 0
    outer loop
      vertex -0.0989113 0.447544 0.0445995
      vertex -0.0924501 0.462477 0.133699
      vertex -0.0924501 0.462477 0.0445995
    endloop
  endfacet
  facet normal -0.917774 0.397102 0
    outer loop
      vertex -0.0924501 0.462477 0.133699
      vertex -0.0989113 0.447544 0.0445995
      vertex -0.0989113 0.447544 0.133699
    endloop
  endfacet
  facet normal -0.750137 0.661282 0
    outer loop
      vertex -0.057662 0.517292 0.0445995
      vertex -0.0469027 0.529497 0.133699
      vertex -0.0469027 0.529497 0.0445995
    endloop
  endfacet
  facet normal -0.750137 0.661282 0
    outer loop
      vertex -0.0469027 0.529497 0.133699
      vertex -0.057662 0.517292 0.0445995
      vertex -0.057662 0.517292 0.133699
    endloop
  endfacet
  facet normal -0.397152 0.917753 0
    outer loop
      vertex 0.0465555 0.593012 0.0445995
      vertex 0.0316229 0.58655 0.133699
      vertex 0.0465555 0.593012 0.133699
    endloop
  endfacet
  facet normal -0.397152 0.917753 0
    outer loop
      vertex 0.0316229 0.58655 0.133699
      vertex 0.0465555 0.593012 0.0445995
      vertex 0.0316229 0.58655 0.0445995
    endloop
  endfacet
  facet normal -0.509026 0.860751 0
    outer loop
      vertex 0.0171251 0.579163 0.0445995
      vertex 0.00312042 0.570881 0.133699
      vertex 0.0171251 0.579163 0.133699
    endloop
  endfacet
  facet normal -0.509026 0.860751 0
    outer loop
      vertex 0.00312042 0.570881 0.133699
      vertex 0.0171251 0.579163 0.0445995
      vertex 0.00312042 0.570881 0.0445995
    endloop
  endfacet
  facet normal -0.454211 0.890894 0
    outer loop
      vertex 0.0297576 0.585599 0.0445995
      vertex 0.0316229 0.58655 0.133699
      vertex 0.0316229 0.58655 0.0445995
    endloop
  endfacet
  facet normal -0.453991 0.891006 -5.81937e-06
    outer loop
      vertex 0.0316229 0.58655 0.133699
      vertex 0.0297576 0.585599 0.0445995
      vertex 0.0171251 0.579163 0.133699
    endloop
  endfacet
  facet normal -0.453958 0.891023 0
    outer loop
      vertex 0.0171251 0.579163 0.133699
      vertex 0.0297576 0.585599 0.0445995
      vertex 0.0171251 0.579163 0.0445995
    endloop
  endfacet
  facet normal 0.27902 0.960285 -0
    outer loop
      vertex 0.221935 0.598523 0.0445995
      vertex 0.20631 0.603063 0.133699
      vertex 0.221935 0.598523 0.133699
    endloop
  endfacet
  facet normal 0.27902 0.960285 0
    outer loop
      vertex 0.20631 0.603063 0.133699
      vertex 0.221935 0.598523 0.0445995
      vertex 0.20631 0.603063 0.0445995
    endloop
  endfacet
  facet normal 0.397166 0.917747 -0
    outer loop
      vertex 0.252176 0.58655 0.0445995
      vertex 0.237244 0.593012 0.133699
      vertex 0.252176 0.58655 0.133699
    endloop
  endfacet
  facet normal 0.397166 0.917747 0
    outer loop
      vertex 0.237244 0.593012 0.133699
      vertex 0.252176 0.58655 0.0445995
      vertex 0.237244 0.593012 0.0445995
    endloop
  endfacet
  facet normal 0.453969 0.891017 0
    outer loop
      vertex 0.255669 0.58477 0.0445995
      vertex 0.266674 0.579163 0.133699
      vertex 0.266674 0.579163 0.0445995
    endloop
  endfacet
  facet normal 0.453986 0.891009 -2.51694e-06
    outer loop
      vertex 0.266674 0.579163 0.133699
      vertex 0.255669 0.58477 0.0445995
      vertex 0.252176 0.58655 0.133699
    endloop
  endfacet
  facet normal 0.454037 0.890983 0
    outer loop
      vertex 0.252176 0.58655 0.133699
      vertex 0.255669 0.58477 0.0445995
      vertex 0.252176 0.58655 0.0445995
    endloop
  endfacet
  facet normal 0.218134 0.975919 -0
    outer loop
      vertex 0.20631 0.603063 0.0445995
      vertex 0.190432 0.606612 0.133699
      vertex 0.20631 0.603063 0.133699
    endloop
  endfacet
  facet normal 0.218134 0.975919 0
    outer loop
      vertex 0.190432 0.606612 0.133699
      vertex 0.20631 0.603063 0.0445995
      vertex 0.190432 0.606612 0.0445995
    endloop
  endfacet
  facet normal 0.750146 0.661272 0
    outer loop
      vertex 0.341462 0.517292 0.133699
      vertex 0.330703 0.529497 0.0445995
      vertex 0.330703 0.529497 0.133699
    endloop
  endfacet
  facet normal 0.750146 0.661272 0
    outer loop
      vertex 0.330703 0.529497 0.0445995
      vertex 0.341462 0.517292 0.133699
      vertex 0.341462 0.517292 0.0445995
    endloop
  endfacet
  facet normal 0.940873 0.338761 0
    outer loop
      vertex 0.388223 0.432235 0.133699
      vertex 0.382711 0.447544 0.0445995
      vertex 0.382711 0.447544 0.133699
    endloop
  endfacet
  facet normal 0.940873 0.338761 0
    outer loop
      vertex 0.382711 0.447544 0.0445995
      vertex 0.388223 0.432235 0.133699
      vertex 0.388223 0.432235 0.0445995
    endloop
  endfacet
  facet normal 0.987691 0.15642 0
    outer loop
      vertex 0.398857 0.384661 0.133699
      vertex 0.396312 0.400731 0.0445995
      vertex 0.396312 0.400731 0.133699
    endloop
  endfacet
  facet normal 0.987691 0.15642 0
    outer loop
      vertex 0.396312 0.400731 0.0445995
      vertex 0.398857 0.384661 0.133699
      vertex 0.398857 0.384661 0.0445995
    endloop
  endfacet
  facet normal 0.891021 0.453962 0
    outer loop
      vertex 0.376249 0.462477 0.133699
      vertex 0.368863 0.476974 0.0445995
      vertex 0.368863 0.476974 0.133699
    endloop
  endfacet
  facet normal 0.891021 0.453962 0
    outer loop
      vertex 0.368863 0.476974 0.0445995
      vertex 0.376249 0.462477 0.133699
      vertex 0.376249 0.462477 0.0445995
    endloop
  endfacet
  facet normal 0.82711 0.562039 0
    outer loop
      vertex 0.36058 0.490978 0.133699
      vertex 0.351435 0.504436 0.0445995
      vertex 0.351435 0.504436 0.133699
    endloop
  endfacet
  facet normal 0.82711 0.562039 0
    outer loop
      vertex 0.351435 0.504436 0.0445995
      vertex 0.36058 0.490978 0.133699
      vertex 0.36058 0.490978 0.0445995
    endloop
  endfacet
  facet normal 0.917757 0.397143 0
    outer loop
      vertex 0.382711 0.447544 0.133699
      vertex 0.376249 0.462477 0.0445995
      vertex 0.376249 0.462477 0.133699
    endloop
  endfacet
  facet normal 0.917757 0.397143 0
    outer loop
      vertex 0.376249 0.462477 0.0445995
      vertex 0.382711 0.447544 0.133699
      vertex 0.382711 0.447544 0.0445995
    endloop
  endfacet
  facet normal 0.612872 0.790182 -0
    outer loop
      vertex 0.306993 0.551763 0.0445995
      vertex 0.294136 0.561735 0.133699
      vertex 0.306993 0.551763 0.133699
    endloop
  endfacet
  facet normal 0.612872 0.790182 0
    outer loop
      vertex 0.294136 0.561735 0.133699
      vertex 0.306993 0.551763 0.0445995
      vertex 0.294136 0.561735 0.0445995
    endloop
  endfacet
  facet normal -0.218131 -0.97592 0
    outer loop
      vertex 0.0774889 0.101336 0.0445995
      vertex 0.0933676 0.0977869 0.133699
      vertex 0.0774889 0.101336 0.133699
    endloop
  endfacet
  facet normal -0.218131 -0.97592 -0
    outer loop
      vertex 0.0933676 0.0977869 0.133699
      vertex 0.0774889 0.101336 0.0445995
      vertex 0.0933676 0.0977869 0.0445995
    endloop
  endfacet
  facet normal -0.454039 -0.890982 0
    outer loop
      vertex 0.0171251 0.125237 0.0445995
      vertex 0.0316229 0.117849 0.133699
      vertex 0.0171251 0.125237 0.133699
    endloop
  endfacet
  facet normal -0.454039 -0.890982 -0
    outer loop
      vertex 0.0316229 0.117849 0.133699
      vertex 0.0171251 0.125237 0.0445995
      vertex 0.0316229 0.117849 0.0445995
    endloop
  endfacet
  facet normal -0.661338 0.750088 0
    outer loop
      vertex -0.0231924 0.551763 0.0445995
      vertex -0.0353975 0.541002 0.133699
      vertex -0.0231924 0.551763 0.133699
    endloop
  endfacet
  facet normal -0.661338 0.750088 0
    outer loop
      vertex -0.0353975 0.541002 0.133699
      vertex -0.0231924 0.551763 0.0445995
      vertex -0.0353975 0.541002 0.0445995
    endloop
  endfacet
  facet normal -0.612887 0.790171 0
    outer loop
      vertex -0.0103359 0.561735 0.0445995
      vertex -0.0231924 0.551763 0.133699
      vertex -0.0103359 0.561735 0.133699
    endloop
  endfacet
  facet normal -0.612887 0.790171 0
    outer loop
      vertex -0.0231924 0.551763 0.133699
      vertex -0.0103359 0.561735 0.0445995
      vertex -0.0231924 0.551763 0.0445995
    endloop
  endfacet
  facet normal 0.975909 0.21818 0
    outer loop
      vertex 0.396312 0.400731 0.133699
      vertex 0.392762 0.41661 0.0445995
      vertex 0.392762 0.41661 0.133699
    endloop
  endfacet
  facet normal 0.975909 0.21818 0
    outer loop
      vertex 0.392762 0.41661 0.0445995
      vertex 0.396312 0.400731 0.133699
      vertex 0.396312 0.400731 0.0445995
    endloop
  endfacet
  facet normal 0.860714 0.50909 0
    outer loop
      vertex 0.368863 0.476974 0.133699
      vertex 0.36058 0.490978 0.0445995
      vertex 0.36058 0.490978 0.133699
    endloop
  endfacet
  facet normal 0.860714 0.50909 0
    outer loop
      vertex 0.36058 0.490978 0.0445995
      vertex 0.368863 0.476974 0.133699
      vertex 0.368863 0.476974 0.0445995
    endloop
  endfacet
  facet normal 0.790129 0.61294 0
    outer loop
      vertex 0.351435 0.504436 0.133699
      vertex 0.341462 0.517292 0.0445995
      vertex 0.341462 0.517292 0.133699
    endloop
  endfacet
  facet normal 0.790129 0.61294 0
    outer loop
      vertex 0.341462 0.517292 0.0445995
      vertex 0.351435 0.504436 0.133699
      vertex 0.351435 0.504436 0.0445995
    endloop
  endfacet
  facet normal 0.995557 0.0941594 0
    outer loop
      vertex 0.400389 0.368463 0.133699
      vertex 0.398857 0.384661 0.0445995
      vertex 0.398857 0.384661 0.133699
    endloop
  endfacet
  facet normal 0.995557 0.0941594 0
    outer loop
      vertex 0.398857 0.384661 0.0445995
      vertex 0.400389 0.368463 0.133699
      vertex 0.400389 0.368463 0.0445995
    endloop
  endfacet
  facet normal 0.960302 0.278964 0
    outer loop
      vertex 0.392762 0.41661 0.133699
      vertex 0.388223 0.432235 0.0445995
      vertex 0.388223 0.432235 0.133699
    endloop
  endfacet
  facet normal 0.960302 0.278964 0
    outer loop
      vertex 0.388223 0.432235 0.0445995
      vertex 0.392762 0.41661 0.133699
      vertex 0.392762 0.41661 0.0445995
    endloop
  endfacet
  facet normal -0.0362402 0.999343 0
    outer loop
      vertex 0.141874 0.727205 0.133699
      vertex 0.124722 0.726583 0.167399
      vertex 0.141874 0.727205 0.167399
    endloop
  endfacet
  facet normal -0.0362402 0.999343 0
    outer loop
      vertex 0.124722 0.726583 0.167399
      vertex 0.141874 0.727205 0.133699
      vertex 0.124722 0.726583 0.133699
    endloop
  endfacet
  facet normal 0.0362381 0.999343 -0
    outer loop
      vertex 0.159027 0.726583 0.133699
      vertex 0.141874 0.727205 0.167399
      vertex 0.159027 0.726583 0.167399
    endloop
  endfacet
  facet normal 0.0362381 0.999343 0
    outer loop
      vertex 0.141874 0.727205 0.167399
      vertex 0.159027 0.726583 0.133699
      vertex 0.141874 0.727205 0.133699
    endloop
  endfacet
  facet normal -0.756467 0.654032 0
    outer loop
      vertex -0.0572605 0.627537 0.133699
      vertex -0.045126 0.641572 0.167399
      vertex -0.045126 0.641572 0.133699
    endloop
  endfacet
  facet normal -0.756467 0.654032 0
    outer loop
      vertex -0.045126 0.641572 0.167399
      vertex -0.0572605 0.627537 0.133699
      vertex -0.0572605 0.627537 0.167399
    endloop
  endfacet
  facet normal 0.756453 -0.654048 0
    outer loop
      vertex 0.328875 0.180933 0.167399
      vertex 0.34101 0.194968 0.133699
      vertex 0.34101 0.194968 0.167399
    endloop
  endfacet
  facet normal 0.756453 -0.654048 0
    outer loop
      vertex 0.34101 0.194968 0.133699
      vertex 0.328875 0.180933 0.167399
      vertex 0.328875 0.180933 0.133699
    endloop
  endfacet
  facet normal -0.99963 -0.027209 0
    outer loop
      vertex -0.13076 0.391414 0.133699
      vertex -0.1313 0.411253 0.167399
      vertex -0.1313 0.411253 0.133699
    endloop
  endfacet
  facet normal -0.99963 -0.027209 0
    outer loop
      vertex -0.1313 0.411253 0.167399
      vertex -0.13076 0.391414 0.133699
      vertex -0.13076 0.391414 0.167399
    endloop
  endfacet
  facet normal 0.915132 0.403155 0
    outer loop
      vertex 0.38905 0.545779 0.167399
      vertex 0.381259 0.563464 0.133699
      vertex 0.381259 0.563464 0.167399
    endloop
  endfacet
  facet normal 0.915132 0.403155 0
    outer loop
      vertex 0.381259 0.563464 0.133699
      vertex 0.38905 0.545779 0.167399
      vertex 0.38905 0.545779 0.133699
    endloop
  endfacet
  facet normal 0.564628 0.825346 -0
    outer loop
      vertex 0.288248 0.67802 0.133699
      vertex 0.273477 0.688125 0.167399
      vertex 0.288248 0.67802 0.167399
    endloop
  endfacet
  facet normal 0.564628 0.825346 0
    outer loop
      vertex 0.273477 0.688125 0.167399
      vertex 0.288248 0.67802 0.133699
      vertex 0.273477 0.688125 0.133699
    endloop
  endfacet
  facet normal -0.180202 -0.98363 0
    outer loop
      vertex 0.0906858 0.100896 0.133699
      vertex 0.107636 0.0977907 0.167399
      vertex 0.0906858 0.100896 0.167399
    endloop
  endfacet
  facet normal -0.180202 -0.98363 -0
    outer loop
      vertex 0.107636 0.0977907 0.167399
      vertex 0.0906858 0.100896 0.133699
      vertex 0.107636 0.0977907 0.133699
    endloop
  endfacet
  facet normal -0.447579 0.894244 0
    outer loop
      vertex 0.0413122 0.705018 0.133699
      vertex 0.0255623 0.697135 0.167399
      vertex 0.0413122 0.705018 0.167399
    endloop
  endfacet
  facet normal -0.447579 0.894244 0
    outer loop
      vertex 0.0255623 0.697135 0.167399
      vertex 0.0413122 0.705018 0.133699
      vertex 0.0255623 0.697135 0.133699
    endloop
  endfacet
  facet normal 0.564628 -0.825346 0
    outer loop
      vertex 0.273477 0.13438 0.133699
      vertex 0.288248 0.144485 0.167399
      vertex 0.273477 0.13438 0.167399
    endloop
  endfacet
  facet normal 0.564628 -0.825346 0
    outer loop
      vertex 0.288248 0.144485 0.167399
      vertex 0.273477 0.13438 0.133699
      vertex 0.288248 0.144485 0.133699
    endloop
  endfacet
  facet normal 0.981829 -0.189767 0
    outer loop
      vertex 0.406466 0.332678 0.167399
      vertex 0.41021 0.352049 0.133699
      vertex 0.41021 0.352049 0.167399
    endloop
  endfacet
  facet normal 0.981829 -0.189767 0
    outer loop
      vertex 0.41021 0.352049 0.133699
      vertex 0.406466 0.332678 0.167399
      vertex 0.406466 0.332678 0.133699
    endloop
  endfacet
  facet normal 0.969866 0.243637 0
    outer loop
      vertex 0.406466 0.489827 0.167399
      vertex 0.401678 0.508887 0.133699
      vertex 0.401678 0.508887 0.167399
    endloop
  endfacet
  facet normal 0.969866 0.243637 0
    outer loop
      vertex 0.401678 0.508887 0.133699
      vertex 0.406466 0.489827 0.167399
      vertex 0.406466 0.489827 0.133699
    endloop
  endfacet
  facet normal 0.795283 0.606238 0
    outer loop
      vertex 0.352359 0.612649 0.167399
      vertex 0.34101 0.627537 0.133699
      vertex 0.34101 0.627537 0.167399
    endloop
  endfacet
  facet normal 0.795283 0.606238 0
    outer loop
      vertex 0.34101 0.627537 0.133699
      vertex 0.352359 0.612649 0.167399
      vertex 0.352359 0.612649 0.133699
    endloop
  endfacet
  facet normal -0.713962 -0.700184 0
    outer loop
      vertex -0.0322533 0.167807 0.133699
      vertex -0.045126 0.180933 0.167399
      vertex -0.045126 0.180933 0.133699
    endloop
  endfacet
  facet normal -0.713962 -0.700184 0
    outer loop
      vertex -0.045126 0.180933 0.167399
      vertex -0.0322533 0.167807 0.133699
      vertex -0.0322533 0.167807 0.167399
    endloop
  endfacet
  facet normal -0.250316 0.968164 0
    outer loop
      vertex 0.0906858 0.721609 0.133699
      vertex 0.0739384 0.717279 0.167399
      vertex 0.0906858 0.721609 0.167399
    endloop
  endfacet
  facet normal -0.250316 0.968164 0
    outer loop
      vertex 0.0739384 0.717279 0.167399
      vertex 0.0906858 0.721609 0.133699
      vertex 0.0739384 0.717279 0.133699
    endloop
  endfacet
  facet normal -0.936606 0.350385 0
    outer loop
      vertex -0.112116 0.527562 0.133699
      vertex -0.105301 0.545779 0.167399
      vertex -0.105301 0.545779 0.133699
    endloop
  endfacet
  facet normal -0.936606 0.350385 0
    outer loop
      vertex -0.105301 0.545779 0.167399
      vertex -0.112116 0.527562 0.133699
      vertex -0.112116 0.527562 0.167399
    endloop
  endfacet
  facet normal -0.990751 0.135695 0
    outer loop
      vertex -0.129146 0.450852 0.133699
      vertex -0.126461 0.470456 0.167399
      vertex -0.126461 0.470456 0.133699
    endloop
  endfacet
  facet normal -0.990751 0.135695 0
    outer loop
      vertex -0.126461 0.470456 0.167399
      vertex -0.129146 0.450852 0.133699
      vertex -0.129146 0.450852 0.167399
    endloop
  endfacet
  facet normal 0.108745 0.99407 -0
    outer loop
      vertex 0.176112 0.724714 0.133699
      vertex 0.159027 0.726583 0.167399
      vertex 0.176112 0.724714 0.167399
    endloop
  endfacet
  facet normal 0.108745 0.99407 0
    outer loop
      vertex 0.159027 0.726583 0.167399
      vertex 0.176112 0.724714 0.133699
      vertex 0.159027 0.726583 0.133699
    endloop
  endfacet
  facet normal 0.617978 -0.786195 0
    outer loop
      vertex 0.288248 0.144485 0.133699
      vertex 0.302442 0.155642 0.167399
      vertex 0.288248 0.144485 0.167399
    endloop
  endfacet
  facet normal 0.617978 -0.786195 0
    outer loop
      vertex 0.302442 0.155642 0.167399
      vertex 0.288248 0.144485 0.133699
      vertex 0.302442 0.155642 0.133699
    endloop
  endfacet
  facet normal 0.180204 -0.983629 0
    outer loop
      vertex 0.176112 0.0977907 0.133699
      vertex 0.193062 0.100896 0.167399
      vertex 0.176112 0.0977907 0.167399
    endloop
  endfacet
  facet normal 0.180204 -0.983629 0
    outer loop
      vertex 0.193062 0.100896 0.167399
      vertex 0.176112 0.0977907 0.133699
      vertex 0.193062 0.100896 0.133699
    endloop
  endfacet
  facet normal 0.318522 -0.947916 0
    outer loop
      vertex 0.209809 0.105226 0.133699
      vertex 0.22629 0.110764 0.167399
      vertex 0.209809 0.105226 0.167399
    endloop
  endfacet
  facet normal 0.318522 -0.947916 0
    outer loop
      vertex 0.22629 0.110764 0.167399
      vertex 0.209809 0.105226 0.133699
      vertex 0.22629 0.110764 0.133699
    endloop
  endfacet
  facet normal 0.996673 -0.0815093 0
    outer loop
      vertex 0.412894 0.371654 0.167399
      vertex 0.41451 0.391414 0.133699
      vertex 0.41451 0.391414 0.167399
    endloop
  endfacet
  facet normal 0.996673 -0.0815093 0
    outer loop
      vertex 0.41451 0.391414 0.133699
      vertex 0.412894 0.371654 0.167399
      vertex 0.412894 0.371654 0.133699
    endloop
  endfacet
  facet normal 0.936593 -0.35042 0
    outer loop
      vertex 0.395865 0.294943 0.167399
      vertex 0.391281 0.282691 0.133699
      vertex 0.395865 0.294943 0.133699
    endloop
  endfacet
  facet normal 0.936599 -0.350402 -7.26846e-06
    outer loop
      vertex 0.38905 0.276727 0.167399
      vertex 0.391281 0.282691 0.133699
      vertex 0.395865 0.294943 0.167399
    endloop
  endfacet
  facet normal 0.936613 -0.350366 0
    outer loop
      vertex 0.391281 0.282691 0.133699
      vertex 0.38905 0.276727 0.167399
      vertex 0.38905 0.276727 0.133699
    endloop
  endfacet
  facet normal 0.954813 -0.297206 0
    outer loop
      vertex 0.395865 0.294943 0.167399
      vertex 0.401678 0.313618 0.133699
      vertex 0.401678 0.313618 0.167399
    endloop
  endfacet
  facet normal 0.954813 -0.297206 0
    outer loop
      vertex 0.401678 0.313618 0.133699
      vertex 0.395865 0.294943 0.167399
      vertex 0.395865 0.294943 0.133699
    endloop
  endfacet
  facet normal 0.180188 0.983632 -0
    outer loop
      vertex 0.193062 0.721609 0.133699
      vertex 0.176112 0.724714 0.167399
      vertex 0.193062 0.721609 0.167399
    endloop
  endfacet
  facet normal 0.180188 0.983632 0
    outer loop
      vertex 0.176112 0.724714 0.167399
      vertex 0.193062 0.721609 0.133699
      vertex 0.176112 0.724714 0.133699
    endloop
  endfacet
  facet normal 0.447577 0.894245 -0
    outer loop
      vertex 0.258186 0.697135 0.133699
      vertex 0.242436 0.705018 0.167399
      vertex 0.258186 0.697135 0.167399
    endloop
  endfacet
  facet normal 0.447577 0.894245 0
    outer loop
      vertex 0.242436 0.705018 0.167399
      vertex 0.258186 0.697135 0.133699
      vertex 0.242436 0.705018 0.133699
    endloop
  endfacet
  facet normal 0.384396 0.923168 -0
    outer loop
      vertex 0.242436 0.705018 0.133699
      vertex 0.22629 0.711741 0.167399
      vertex 0.242436 0.705018 0.167399
    endloop
  endfacet
  facet normal 0.384396 0.923168 0
    outer loop
      vertex 0.22629 0.711741 0.167399
      vertex 0.242436 0.705018 0.133699
      vertex 0.22629 0.711741 0.133699
    endloop
  endfacet
  facet normal 0.999631 0.0271601 0
    outer loop
      vertex 0.415049 0.411253 0.167399
      vertex 0.41451 0.431091 0.133699
      vertex 0.41451 0.431091 0.167399
    endloop
  endfacet
  facet normal 0.999631 0.0271601 0
    outer loop
      vertex 0.41451 0.431091 0.133699
      vertex 0.415049 0.411253 0.167399
      vertex 0.415049 0.411253 0.133699
    endloop
  endfacet
  facet normal 0.996673 0.0815052 0
    outer loop
      vertex 0.41451 0.431091 0.167399
      vertex 0.412894 0.450852 0.133699
      vertex 0.412894 0.450852 0.167399
    endloop
  endfacet
  facet normal 0.996673 0.0815052 0
    outer loop
      vertex 0.412894 0.450852 0.133699
      vertex 0.41451 0.431091 0.167399
      vertex 0.41451 0.431091 0.133699
    endloop
  endfacet
  facet normal 0.890346 0.455284 0
    outer loop
      vertex 0.381259 0.563464 0.167399
      vertex 0.372523 0.580548 0.133699
      vertex 0.372523 0.580548 0.167399
    endloop
  endfacet
  facet normal 0.890346 0.455284 0
    outer loop
      vertex 0.372523 0.580548 0.133699
      vertex 0.381259 0.563464 0.167399
      vertex 0.381259 0.563464 0.133699
    endloop
  endfacet
  facet normal 0.954813 0.297206 0
    outer loop
      vertex 0.401678 0.508887 0.167399
      vertex 0.395865 0.527562 0.133699
      vertex 0.395865 0.527562 0.167399
    endloop
  endfacet
  facet normal 0.954813 0.297206 0
    outer loop
      vertex 0.395865 0.527562 0.133699
      vertex 0.401678 0.508887 0.167399
      vertex 0.401678 0.508887 0.133699
    endloop
  endfacet
  facet normal 0.617978 0.786195 -0
    outer loop
      vertex 0.302442 0.666863 0.133699
      vertex 0.288248 0.67802 0.167399
      vertex 0.302442 0.666863 0.167399
    endloop
  endfacet
  facet normal 0.617978 0.786195 0
    outer loop
      vertex 0.288248 0.67802 0.167399
      vertex 0.302442 0.666863 0.133699
      vertex 0.288248 0.67802 0.133699
    endloop
  endfacet
  facet normal 0.713954 0.700193 0
    outer loop
      vertex 0.328875 0.641572 0.167399
      vertex 0.316002 0.654698 0.133699
      vertex 0.316002 0.654698 0.167399
    endloop
  endfacet
  facet normal 0.713954 0.700193 0
    outer loop
      vertex 0.316002 0.654698 0.133699
      vertex 0.328875 0.641572 0.167399
      vertex 0.328875 0.641572 0.133699
    endloop
  endfacet
  facet normal -0.936589 -0.350429 0
    outer loop
      vertex -0.107307 0.28209 0.133699
      vertex -0.112116 0.294943 0.167399
      vertex -0.112116 0.294943 0.133699
    endloop
  endfacet
  facet normal -0.936623 -0.350339 -0
    outer loop
      vertex -0.105301 0.276727 0.167399
      vertex -0.107307 0.28209 0.133699
      vertex -0.105301 0.276727 0.133699
    endloop
  endfacet
  facet normal -0.936599 -0.350402 -1.15176e-05
    outer loop
      vertex -0.107307 0.28209 0.133699
      vertex -0.105301 0.276727 0.167399
      vertex -0.112116 0.294943 0.167399
    endloop
  endfacet
  facet normal -0.830505 -0.557011 0
    outer loop
      vertex -0.0686092 0.209856 0.133699
      vertex -0.0791283 0.22554 0.167399
      vertex -0.0791283 0.22554 0.133699
    endloop
  endfacet
  facet normal -0.830505 -0.557011 0
    outer loop
      vertex -0.0791283 0.22554 0.167399
      vertex -0.0686092 0.209856 0.133699
      vertex -0.0686092 0.209856 0.167399
    endloop
  endfacet
  facet normal -0.756467 -0.654032 0
    outer loop
      vertex -0.045126 0.180933 0.133699
      vertex -0.0572605 0.194968 0.167399
      vertex -0.0572605 0.194968 0.133699
    endloop
  endfacet
  facet normal -0.756467 -0.654032 0
    outer loop
      vertex -0.0572605 0.194968 0.167399
      vertex -0.045126 0.180933 0.133699
      vertex -0.045126 0.180933 0.167399
    endloop
  endfacet
  facet normal -0.862202 -0.506565 0
    outer loop
      vertex -0.0791283 0.22554 0.133699
      vertex -0.0887737 0.241957 0.167399
      vertex -0.0887737 0.241957 0.133699
    endloop
  endfacet
  facet normal -0.862202 -0.506565 0
    outer loop
      vertex -0.0887737 0.241957 0.167399
      vertex -0.0791283 0.22554 0.133699
      vertex -0.0791283 0.22554 0.167399
    endloop
  endfacet
  facet normal -0.915129 -0.403162 0
    outer loop
      vertex -0.0975094 0.259041 0.133699
      vertex -0.105301 0.276727 0.167399
      vertex -0.105301 0.276727 0.133699
    endloop
  endfacet
  facet normal -0.915129 -0.403162 0
    outer loop
      vertex -0.105301 0.276727 0.167399
      vertex -0.0975094 0.259041 0.133699
      vertex -0.0975094 0.259041 0.167399
    endloop
  endfacet
  facet normal -0.667773 -0.744365 0
    outer loop
      vertex -0.0322533 0.167807 0.133699
      vertex -0.018693 0.155642 0.167399
      vertex -0.0322533 0.167807 0.167399
    endloop
  endfacet
  facet normal -0.667773 -0.744365 -0
    outer loop
      vertex -0.018693 0.155642 0.167399
      vertex -0.0322533 0.167807 0.133699
      vertex -0.018693 0.155642 0.133699
    endloop
  endfacet
  facet normal -0.0363391 -0.99934 0
    outer loop
      vertex 0.124722 0.0959234 0.133699
      vertex 0.141874 0.0952997 0.167399
      vertex 0.124722 0.0959234 0.167399
    endloop
  endfacet
  facet normal -0.0363391 -0.99934 -0
    outer loop
      vertex 0.141874 0.0952997 0.167399
      vertex 0.124722 0.0959234 0.133699
      vertex 0.141874 0.0952997 0.133699
    endloop
  endfacet
  facet normal -0.447579 -0.894244 0
    outer loop
      vertex 0.0255623 0.12537 0.133699
      vertex 0.0413122 0.117487 0.167399
      vertex 0.0255623 0.12537 0.167399
    endloop
  endfacet
  facet normal -0.447579 -0.894244 -0
    outer loop
      vertex 0.0413122 0.117487 0.167399
      vertex 0.0255623 0.12537 0.133699
      vertex 0.0413122 0.117487 0.133699
    endloop
  endfacet
  facet normal -0.56464 -0.825337 0
    outer loop
      vertex -0.00449944 0.144485 0.133699
      vertex 0.0102711 0.13438 0.167399
      vertex -0.00449944 0.144485 0.167399
    endloop
  endfacet
  facet normal -0.56464 -0.825337 -0
    outer loop
      vertex 0.0102711 0.13438 0.167399
      vertex -0.00449944 0.144485 0.133699
      vertex 0.0102711 0.13438 0.133699
    endloop
  endfacet
  facet normal -0.56464 0.825337 0
    outer loop
      vertex 0.0102711 0.688125 0.133699
      vertex -0.00449944 0.67802 0.167399
      vertex 0.0102711 0.688125 0.167399
    endloop
  endfacet
  facet normal -0.56464 0.825337 0
    outer loop
      vertex -0.00449944 0.67802 0.167399
      vertex 0.0102711 0.688125 0.133699
      vertex -0.00449944 0.67802 0.133699
    endloop
  endfacet
  facet normal -0.507655 0.86156 0
    outer loop
      vertex 0.0255623 0.697135 0.133699
      vertex 0.0102711 0.688125 0.167399
      vertex 0.0255623 0.697135 0.167399
    endloop
  endfacet
  facet normal -0.507655 0.86156 0
    outer loop
      vertex 0.0102711 0.688125 0.167399
      vertex 0.0255623 0.697135 0.133699
      vertex 0.0102711 0.688125 0.133699
    endloop
  endfacet
  facet normal -0.667773 0.744365 0
    outer loop
      vertex -0.018693 0.666863 0.133699
      vertex -0.0322533 0.654698 0.167399
      vertex -0.018693 0.666863 0.167399
    endloop
  endfacet
  facet normal -0.667773 0.744365 0
    outer loop
      vertex -0.0322533 0.654698 0.167399
      vertex -0.018693 0.666863 0.133699
      vertex -0.0322533 0.654698 0.133699
    endloop
  endfacet
  facet normal -0.384382 0.923174 0
    outer loop
      vertex 0.0574589 0.711741 0.133699
      vertex 0.0413122 0.705018 0.167399
      vertex 0.0574589 0.711741 0.167399
    endloop
  endfacet
  facet normal -0.384382 0.923174 0
    outer loop
      vertex 0.0413122 0.705018 0.167399
      vertex 0.0574589 0.711741 0.133699
      vertex 0.0413122 0.705018 0.133699
    endloop
  endfacet
  facet normal -0.862202 0.506565 0
    outer loop
      vertex -0.0887737 0.580548 0.133699
      vertex -0.0791283 0.596965 0.167399
      vertex -0.0791283 0.596965 0.133699
    endloop
  endfacet
  facet normal -0.862202 0.506565 0
    outer loop
      vertex -0.0791283 0.596965 0.167399
      vertex -0.0887737 0.580548 0.133699
      vertex -0.0887737 0.580548 0.167399
    endloop
  endfacet
  facet normal -0.954813 0.297206 0
    outer loop
      vertex -0.117929 0.508887 0.133699
      vertex -0.112116 0.527562 0.167399
      vertex -0.112116 0.527562 0.133699
    endloop
  endfacet
  facet normal -0.954813 0.297206 0
    outer loop
      vertex -0.112116 0.527562 0.167399
      vertex -0.117929 0.508887 0.133699
      vertex -0.117929 0.508887 0.167399
    endloop
  endfacet
  facet normal -0.969866 0.243637 0
    outer loop
      vertex -0.122717 0.489827 0.133699
      vertex -0.117929 0.508887 0.167399
      vertex -0.117929 0.508887 0.133699
    endloop
  endfacet
  facet normal -0.969866 0.243637 0
    outer loop
      vertex -0.117929 0.508887 0.167399
      vertex -0.122717 0.489827 0.133699
      vertex -0.122717 0.489827 0.167399
    endloop
  endfacet
  facet normal 0.036337 -0.99934 0
    outer loop
      vertex 0.141874 0.0952997 0.133699
      vertex 0.159027 0.0959234 0.167399
      vertex 0.141874 0.0952997 0.167399
    endloop
  endfacet
  facet normal 0.036337 -0.99934 0
    outer loop
      vertex 0.159027 0.0959234 0.167399
      vertex 0.141874 0.0952997 0.133699
      vertex 0.159027 0.0959234 0.133699
    endloop
  endfacet
  facet normal 0.713954 -0.700193 0
    outer loop
      vertex 0.316002 0.167807 0.167399
      vertex 0.328875 0.180933 0.133699
      vertex 0.328875 0.180933 0.167399
    endloop
  endfacet
  facet normal 0.713954 -0.700193 0
    outer loop
      vertex 0.328875 0.180933 0.133699
      vertex 0.316002 0.167807 0.167399
      vertex 0.316002 0.167807 0.133699
    endloop
  endfacet
  facet normal 0.108648 -0.99408 0
    outer loop
      vertex 0.159027 0.0959234 0.133699
      vertex 0.176112 0.0977907 0.167399
      vertex 0.159027 0.0959234 0.167399
    endloop
  endfacet
  facet normal 0.108648 -0.99408 0
    outer loop
      vertex 0.176112 0.0977907 0.167399
      vertex 0.159027 0.0959234 0.133699
      vertex 0.176112 0.0977907 0.133699
    endloop
  endfacet
  facet normal 0.830532 -0.556971 0
    outer loop
      vertex 0.352359 0.209856 0.167399
      vertex 0.362877 0.22554 0.133699
      vertex 0.362877 0.22554 0.167399
    endloop
  endfacet
  facet normal 0.830532 -0.556971 0
    outer loop
      vertex 0.362877 0.22554 0.133699
      vertex 0.352359 0.209856 0.167399
      vertex 0.352359 0.209856 0.133699
    endloop
  endfacet
  facet normal 0.795283 -0.606238 0
    outer loop
      vertex 0.34101 0.194968 0.167399
      vertex 0.352359 0.209856 0.133699
      vertex 0.352359 0.209856 0.167399
    endloop
  endfacet
  facet normal 0.795283 -0.606238 0
    outer loop
      vertex 0.352359 0.209856 0.133699
      vertex 0.34101 0.194968 0.167399
      vertex 0.34101 0.194968 0.133699
    endloop
  endfacet
  facet normal 0.862188 -0.506589 0
    outer loop
      vertex 0.362877 0.22554 0.167399
      vertex 0.372523 0.241957 0.133699
      vertex 0.372523 0.241957 0.167399
    endloop
  endfacet
  facet normal 0.862188 -0.506589 0
    outer loop
      vertex 0.372523 0.241957 0.133699
      vertex 0.362877 0.22554 0.167399
      vertex 0.362877 0.22554 0.133699
    endloop
  endfacet
  facet normal 0.91514 -0.403136 0
    outer loop
      vertex 0.381259 0.259041 0.167399
      vertex 0.38905 0.276727 0.133699
      vertex 0.38905 0.276727 0.167399
    endloop
  endfacet
  facet normal 0.91514 -0.403136 0
    outer loop
      vertex 0.38905 0.276727 0.133699
      vertex 0.381259 0.259041 0.167399
      vertex 0.381259 0.259041 0.133699
    endloop
  endfacet
  facet normal 0.890346 -0.455284 0
    outer loop
      vertex 0.372523 0.241957 0.167399
      vertex 0.381259 0.259041 0.133699
      vertex 0.381259 0.259041 0.167399
    endloop
  endfacet
  facet normal 0.890346 -0.455284 0
    outer loop
      vertex 0.381259 0.259041 0.133699
      vertex 0.372523 0.241957 0.167399
      vertex 0.372523 0.241957 0.133699
    endloop
  endfacet
  facet normal 0.990758 -0.135639 0
    outer loop
      vertex 0.41021 0.352049 0.167399
      vertex 0.412894 0.371654 0.133699
      vertex 0.412894 0.371654 0.167399
    endloop
  endfacet
  facet normal 0.990758 -0.135639 0
    outer loop
      vertex 0.412894 0.371654 0.133699
      vertex 0.41021 0.352049 0.167399
      vertex 0.41021 0.352049 0.133699
    endloop
  endfacet
  facet normal 0.999631 -0.0271587 0
    outer loop
      vertex 0.41451 0.391414 0.167399
      vertex 0.415049 0.411253 0.133699
      vertex 0.415049 0.411253 0.167399
    endloop
  endfacet
  facet normal 0.999631 -0.0271587 0
    outer loop
      vertex 0.415049 0.411253 0.133699
      vertex 0.41451 0.391414 0.167399
      vertex 0.41451 0.391414 0.133699
    endloop
  endfacet
  facet normal 0.318522 0.947916 -0
    outer loop
      vertex 0.22629 0.711741 0.133699
      vertex 0.209809 0.717279 0.167399
      vertex 0.22629 0.711741 0.167399
    endloop
  endfacet
  facet normal 0.318522 0.947916 0
    outer loop
      vertex 0.209809 0.717279 0.167399
      vertex 0.22629 0.711741 0.133699
      vertex 0.209809 0.717279 0.133699
    endloop
  endfacet
  facet normal 0.990757 0.135645 0
    outer loop
      vertex 0.412894 0.450852 0.167399
      vertex 0.41021 0.470456 0.133699
      vertex 0.41021 0.470456 0.167399
    endloop
  endfacet
  facet normal 0.990757 0.135645 0
    outer loop
      vertex 0.41021 0.470456 0.133699
      vertex 0.412894 0.450852 0.167399
      vertex 0.412894 0.450852 0.133699
    endloop
  endfacet
  facet normal 0.981829 0.189767 0
    outer loop
      vertex 0.41021 0.470456 0.167399
      vertex 0.406466 0.489827 0.133699
      vertex 0.406466 0.489827 0.167399
    endloop
  endfacet
  facet normal 0.981829 0.189767 0
    outer loop
      vertex 0.406466 0.489827 0.133699
      vertex 0.41021 0.470456 0.167399
      vertex 0.41021 0.470456 0.133699
    endloop
  endfacet
  facet normal 0.830532 0.556971 0
    outer loop
      vertex 0.362877 0.596965 0.167399
      vertex 0.352359 0.612649 0.133699
      vertex 0.352359 0.612649 0.167399
    endloop
  endfacet
  facet normal 0.830532 0.556971 0
    outer loop
      vertex 0.352359 0.612649 0.133699
      vertex 0.362877 0.596965 0.167399
      vertex 0.362877 0.596965 0.133699
    endloop
  endfacet
  facet normal -0.990752 -0.135688 0
    outer loop
      vertex -0.126461 0.352049 0.133699
      vertex -0.129146 0.371654 0.167399
      vertex -0.129146 0.371654 0.133699
    endloop
  endfacet
  facet normal -0.990752 -0.135688 0
    outer loop
      vertex -0.129146 0.371654 0.167399
      vertex -0.126461 0.352049 0.133699
      vertex -0.126461 0.352049 0.167399
    endloop
  endfacet
  facet normal -0.996681 -0.081409 0
    outer loop
      vertex -0.129146 0.371654 0.133699
      vertex -0.13076 0.391414 0.167399
      vertex -0.13076 0.391414 0.133699
    endloop
  endfacet
  facet normal -0.996681 -0.081409 0
    outer loop
      vertex -0.13076 0.391414 0.167399
      vertex -0.129146 0.371654 0.133699
      vertex -0.129146 0.371654 0.167399
    endloop
  endfacet
  facet normal -0.981829 -0.189767 0
    outer loop
      vertex -0.122717 0.332678 0.133699
      vertex -0.126461 0.352049 0.167399
      vertex -0.126461 0.352049 0.133699
    endloop
  endfacet
  facet normal -0.981829 -0.189767 0
    outer loop
      vertex -0.126461 0.352049 0.167399
      vertex -0.122717 0.332678 0.133699
      vertex -0.122717 0.332678 0.167399
    endloop
  endfacet
  facet normal -0.954813 -0.297206 0
    outer loop
      vertex -0.112116 0.294943 0.133699
      vertex -0.117929 0.313618 0.167399
      vertex -0.117929 0.313618 0.133699
    endloop
  endfacet
  facet normal -0.954813 -0.297206 0
    outer loop
      vertex -0.117929 0.313618 0.167399
      vertex -0.112116 0.294943 0.133699
      vertex -0.112116 0.294943 0.167399
    endloop
  endfacet
  facet normal -0.795291 -0.606228 0
    outer loop
      vertex -0.0572605 0.194968 0.133699
      vertex -0.0686092 0.209856 0.167399
      vertex -0.0686092 0.209856 0.133699
    endloop
  endfacet
  facet normal -0.795291 -0.606228 0
    outer loop
      vertex -0.0686092 0.209856 0.167399
      vertex -0.0572605 0.194968 0.133699
      vertex -0.0572605 0.194968 0.167399
    endloop
  endfacet
  facet normal -0.890353 -0.455271 0
    outer loop
      vertex -0.0887737 0.241957 0.133699
      vertex -0.0975094 0.259041 0.167399
      vertex -0.0975094 0.259041 0.133699
    endloop
  endfacet
  facet normal -0.890353 -0.455271 0
    outer loop
      vertex -0.0975094 0.259041 0.167399
      vertex -0.0887737 0.241957 0.133699
      vertex -0.0887737 0.241957 0.167399
    endloop
  endfacet
  facet normal -0.250316 -0.968164 0
    outer loop
      vertex 0.0739384 0.105226 0.133699
      vertex 0.0906858 0.100896 0.167399
      vertex 0.0739384 0.105226 0.167399
    endloop
  endfacet
  facet normal -0.250316 -0.968164 -0
    outer loop
      vertex 0.0906858 0.100896 0.167399
      vertex 0.0739384 0.105226 0.133699
      vertex 0.0906858 0.100896 0.133699
    endloop
  endfacet
  facet normal -0.384382 -0.923174 0
    outer loop
      vertex 0.0413122 0.117487 0.133699
      vertex 0.0574589 0.110764 0.167399
      vertex 0.0413122 0.117487 0.167399
    endloop
  endfacet
  facet normal -0.384382 -0.923174 -0
    outer loop
      vertex 0.0574589 0.110764 0.167399
      vertex 0.0413122 0.117487 0.133699
      vertex 0.0574589 0.110764 0.133699
    endloop
  endfacet
  facet normal -0.108641 -0.994081 0
    outer loop
      vertex 0.107636 0.0977907 0.133699
      vertex 0.124722 0.0959234 0.167399
      vertex 0.107636 0.0977907 0.167399
    endloop
  endfacet
  facet normal -0.108641 -0.994081 -0
    outer loop
      vertex 0.124722 0.0959234 0.167399
      vertex 0.107636 0.0977907 0.133699
      vertex 0.124722 0.0959234 0.133699
    endloop
  endfacet
  facet normal -0.318548 -0.947907 0
    outer loop
      vertex 0.0574589 0.110764 0.133699
      vertex 0.0739384 0.105226 0.167399
      vertex 0.0574589 0.110764 0.167399
    endloop
  endfacet
  facet normal -0.318548 -0.947907 -0
    outer loop
      vertex 0.0739384 0.105226 0.167399
      vertex 0.0574589 0.110764 0.133699
      vertex 0.0739384 0.105226 0.133699
    endloop
  endfacet
  facet normal -0.507655 -0.86156 0
    outer loop
      vertex 0.0102711 0.13438 0.133699
      vertex 0.0255623 0.12537 0.167399
      vertex 0.0102711 0.13438 0.167399
    endloop
  endfacet
  facet normal -0.507655 -0.86156 -0
    outer loop
      vertex 0.0255623 0.12537 0.167399
      vertex 0.0102711 0.13438 0.133699
      vertex 0.0255623 0.12537 0.133699
    endloop
  endfacet
  facet normal -0.61799 0.786186 0
    outer loop
      vertex -0.00449944 0.67802 0.133699
      vertex -0.018693 0.666863 0.167399
      vertex -0.00449944 0.67802 0.167399
    endloop
  endfacet
  facet normal -0.61799 0.786186 0
    outer loop
      vertex -0.018693 0.666863 0.167399
      vertex -0.00449944 0.67802 0.133699
      vertex -0.018693 0.666863 0.133699
    endloop
  endfacet
  facet normal -0.108739 0.99407 0
    outer loop
      vertex 0.124722 0.726583 0.133699
      vertex 0.107636 0.724714 0.167399
      vertex 0.124722 0.726583 0.167399
    endloop
  endfacet
  facet normal -0.108739 0.99407 0
    outer loop
      vertex 0.107636 0.724714 0.167399
      vertex 0.124722 0.726583 0.133699
      vertex 0.107636 0.724714 0.133699
    endloop
  endfacet
  facet normal -0.180185 0.983633 0
    outer loop
      vertex 0.107636 0.724714 0.133699
      vertex 0.0906858 0.721609 0.167399
      vertex 0.107636 0.724714 0.167399
    endloop
  endfacet
  facet normal -0.180185 0.983633 0
    outer loop
      vertex 0.0906858 0.721609 0.167399
      vertex 0.107636 0.724714 0.133699
      vertex 0.0906858 0.721609 0.133699
    endloop
  endfacet
  facet normal -0.890353 0.455271 0
    outer loop
      vertex -0.0975094 0.563464 0.133699
      vertex -0.0887737 0.580548 0.167399
      vertex -0.0887737 0.580548 0.133699
    endloop
  endfacet
  facet normal -0.890353 0.455271 0
    outer loop
      vertex -0.0887737 0.580548 0.167399
      vertex -0.0975094 0.563464 0.133699
      vertex -0.0975094 0.563464 0.167399
    endloop
  endfacet
  facet normal -0.91512 0.403181 0
    outer loop
      vertex -0.105301 0.545779 0.133699
      vertex -0.0975094 0.563464 0.167399
      vertex -0.0975094 0.563464 0.133699
    endloop
  endfacet
  facet normal -0.91512 0.403181 0
    outer loop
      vertex -0.0975094 0.563464 0.167399
      vertex -0.105301 0.545779 0.133699
      vertex -0.105301 0.545779 0.167399
    endloop
  endfacet
  facet normal -0.795291 0.606228 0
    outer loop
      vertex -0.0686092 0.612649 0.133699
      vertex -0.0572605 0.627537 0.167399
      vertex -0.0572605 0.627537 0.133699
    endloop
  endfacet
  facet normal -0.795291 0.606228 0
    outer loop
      vertex -0.0572605 0.627537 0.167399
      vertex -0.0686092 0.612649 0.133699
      vertex -0.0686092 0.612649 0.167399
    endloop
  endfacet
  facet normal -0.830505 0.557011 0
    outer loop
      vertex -0.0791283 0.596965 0.133699
      vertex -0.0686092 0.612649 0.167399
      vertex -0.0686092 0.612649 0.133699
    endloop
  endfacet
  facet normal -0.830505 0.557011 0
    outer loop
      vertex -0.0686092 0.612649 0.167399
      vertex -0.0791283 0.596965 0.133699
      vertex -0.0791283 0.596965 0.167399
    endloop
  endfacet
  facet normal -0.981829 0.189767 0
    outer loop
      vertex -0.126461 0.470456 0.133699
      vertex -0.122717 0.489827 0.167399
      vertex -0.122717 0.489827 0.133699
    endloop
  endfacet
  facet normal -0.981829 0.189767 0
    outer loop
      vertex -0.122717 0.489827 0.167399
      vertex -0.126461 0.470456 0.133699
      vertex -0.126461 0.470456 0.167399
    endloop
  endfacet
  facet normal -0.99963 0.0272104 0
    outer loop
      vertex -0.1313 0.411253 0.133699
      vertex -0.13076 0.431091 0.167399
      vertex -0.13076 0.431091 0.133699
    endloop
  endfacet
  facet normal -0.99963 0.0272104 0
    outer loop
      vertex -0.13076 0.431091 0.167399
      vertex -0.1313 0.411253 0.133699
      vertex -0.1313 0.411253 0.167399
    endloop
  endfacet
  facet normal 0.667781 -0.744358 0
    outer loop
      vertex 0.302442 0.155642 0.133699
      vertex 0.316002 0.167807 0.167399
      vertex 0.302442 0.155642 0.167399
    endloop
  endfacet
  facet normal 0.667781 -0.744358 0
    outer loop
      vertex 0.316002 0.167807 0.167399
      vertex 0.302442 0.155642 0.133699
      vertex 0.316002 0.167807 0.133699
    endloop
  endfacet
  facet normal 0.447577 -0.894245 0
    outer loop
      vertex 0.242436 0.117487 0.133699
      vertex 0.258186 0.12537 0.167399
      vertex 0.242436 0.117487 0.167399
    endloop
  endfacet
  facet normal 0.447577 -0.894245 0
    outer loop
      vertex 0.258186 0.12537 0.167399
      vertex 0.242436 0.117487 0.133699
      vertex 0.258186 0.12537 0.133699
    endloop
  endfacet
  facet normal 0.50766 -0.861557 0
    outer loop
      vertex 0.258186 0.12537 0.133699
      vertex 0.273477 0.13438 0.167399
      vertex 0.258186 0.12537 0.167399
    endloop
  endfacet
  facet normal 0.50766 -0.861557 0
    outer loop
      vertex 0.273477 0.13438 0.167399
      vertex 0.258186 0.12537 0.133699
      vertex 0.273477 0.13438 0.133699
    endloop
  endfacet
  facet normal 0.250322 -0.968163 0
    outer loop
      vertex 0.193062 0.100896 0.133699
      vertex 0.209809 0.105226 0.167399
      vertex 0.193062 0.100896 0.167399
    endloop
  endfacet
  facet normal 0.250322 -0.968163 0
    outer loop
      vertex 0.209809 0.105226 0.167399
      vertex 0.193062 0.100896 0.133699
      vertex 0.209809 0.105226 0.133699
    endloop
  endfacet
  facet normal 0.969866 -0.243637 0
    outer loop
      vertex 0.401678 0.313618 0.167399
      vertex 0.406466 0.332678 0.133699
      vertex 0.406466 0.332678 0.167399
    endloop
  endfacet
  facet normal 0.969866 -0.243637 0
    outer loop
      vertex 0.406466 0.332678 0.133699
      vertex 0.401678 0.313618 0.167399
      vertex 0.401678 0.313618 0.133699
    endloop
  endfacet
  facet normal 0.250322 0.968163 -0
    outer loop
      vertex 0.209809 0.717279 0.133699
      vertex 0.193062 0.721609 0.167399
      vertex 0.209809 0.717279 0.167399
    endloop
  endfacet
  facet normal 0.250322 0.968163 0
    outer loop
      vertex 0.193062 0.721609 0.167399
      vertex 0.209809 0.717279 0.133699
      vertex 0.193062 0.721609 0.133699
    endloop
  endfacet
  facet normal 0.50766 0.861557 -0
    outer loop
      vertex 0.273477 0.688125 0.133699
      vertex 0.258186 0.697135 0.167399
      vertex 0.273477 0.688125 0.167399
    endloop
  endfacet
  facet normal 0.50766 0.861557 0
    outer loop
      vertex 0.258186 0.697135 0.167399
      vertex 0.273477 0.688125 0.133699
      vertex 0.258186 0.697135 0.133699
    endloop
  endfacet
  facet normal 0.862188 0.506589 0
    outer loop
      vertex 0.372523 0.580548 0.167399
      vertex 0.362877 0.596965 0.133699
      vertex 0.362877 0.596965 0.167399
    endloop
  endfacet
  facet normal 0.862188 0.506589 0
    outer loop
      vertex 0.362877 0.596965 0.133699
      vertex 0.372523 0.580548 0.167399
      vertex 0.372523 0.580548 0.133699
    endloop
  endfacet
  facet normal 0.936606 0.350385 0
    outer loop
      vertex 0.395865 0.527562 0.167399
      vertex 0.38905 0.545779 0.133699
      vertex 0.38905 0.545779 0.167399
    endloop
  endfacet
  facet normal 0.936606 0.350385 0
    outer loop
      vertex 0.38905 0.545779 0.133699
      vertex 0.395865 0.527562 0.167399
      vertex 0.395865 0.527562 0.133699
    endloop
  endfacet
  facet normal 0.667781 0.744358 -0
    outer loop
      vertex 0.316002 0.654698 0.133699
      vertex 0.302442 0.666863 0.167399
      vertex 0.316002 0.654698 0.167399
    endloop
  endfacet
  facet normal 0.667781 0.744358 0
    outer loop
      vertex 0.302442 0.666863 0.167399
      vertex 0.316002 0.654698 0.133699
      vertex 0.302442 0.666863 0.133699
    endloop
  endfacet
  facet normal 0.756453 0.654048 0
    outer loop
      vertex 0.34101 0.627537 0.167399
      vertex 0.328875 0.641572 0.133699
      vertex 0.328875 0.641572 0.167399
    endloop
  endfacet
  facet normal 0.756453 0.654048 0
    outer loop
      vertex 0.328875 0.641572 0.133699
      vertex 0.34101 0.627537 0.167399
      vertex 0.34101 0.627537 0.133699
    endloop
  endfacet
  facet normal -0.969866 -0.243637 0
    outer loop
      vertex -0.117929 0.313618 0.133699
      vertex -0.122717 0.332678 0.167399
      vertex -0.122717 0.332678 0.133699
    endloop
  endfacet
  facet normal -0.969866 -0.243637 0
    outer loop
      vertex -0.122717 0.332678 0.167399
      vertex -0.117929 0.313618 0.133699
      vertex -0.117929 0.313618 0.167399
    endloop
  endfacet
  facet normal -0.61799 -0.786186 0
    outer loop
      vertex -0.018693 0.155642 0.133699
      vertex -0.00449944 0.144485 0.167399
      vertex -0.018693 0.155642 0.167399
    endloop
  endfacet
  facet normal -0.61799 -0.786186 -0
    outer loop
      vertex -0.00449944 0.144485 0.167399
      vertex -0.018693 0.155642 0.133699
      vertex -0.00449944 0.144485 0.133699
    endloop
  endfacet
  facet normal -0.713962 0.700184 0
    outer loop
      vertex -0.045126 0.641572 0.133699
      vertex -0.0322533 0.654698 0.167399
      vertex -0.0322533 0.654698 0.133699
    endloop
  endfacet
  facet normal -0.713962 0.700184 0
    outer loop
      vertex -0.0322533 0.654698 0.167399
      vertex -0.045126 0.641572 0.133699
      vertex -0.045126 0.641572 0.167399
    endloop
  endfacet
  facet normal -0.318548 0.947907 0
    outer loop
      vertex 0.0739384 0.717279 0.133699
      vertex 0.0574589 0.711741 0.167399
      vertex 0.0739384 0.717279 0.167399
    endloop
  endfacet
  facet normal -0.318548 0.947907 0
    outer loop
      vertex 0.0574589 0.711741 0.167399
      vertex 0.0739384 0.717279 0.133699
      vertex 0.0574589 0.711741 0.133699
    endloop
  endfacet
  facet normal -0 0 1
    outer loop
      vertex 0.373917 0.411758 0.167399
      vertex 0.415049 0.411253 0.167399
      vertex 0.41451 0.431091 0.167399
    endloop
  endfacet
  facet normal 0 0 1
    outer loop
      vertex 0.36972 0.426224 0.167399
      vertex 0.41451 0.431091 0.167399
      vertex 0.412894 0.450852 0.167399
    endloop
  endfacet
  facet normal 0 -0 1
    outer loop
      vertex 0.377197 0.397079 0.167399
      vertex 0.415049 0.411253 0.167399
      vertex 0.373917 0.411758 0.167399
    endloop
  endfacet
  facet normal 0 0 1
    outer loop
      vertex 0.364624 0.440384 0.167399
      vertex 0.412894 0.450852 0.167399
      vertex 0.41021 0.470456 0.167399
    endloop
  endfacet
  facet normal 0 0 1
    outer loop
      vertex 0.415049 0.411253 0.167399
      vertex 0.377197 0.397079 0.167399
      vertex 0.41451 0.391414 0.167399
    endloop
  endfacet
  facet normal 0 0 1
    outer loop
      vertex 0.351807 0.46759 0.167399
      vertex 0.41021 0.470456 0.167399
      vertex 0.406466 0.489827 0.167399
    endloop
  endfacet
  facet normal 0 0 1
    outer loop
      vertex 0.41451 0.391414 0.167399
      vertex 0.379547 0.382217 0.167399
      vertex 0.412894 0.371654 0.167399
    endloop
  endfacet
  facet normal 0 0 1
    outer loop
      vertex 0.344147 0.480545 0.167399
      vertex 0.406466 0.489827 0.167399
      vertex 0.401678 0.508887 0.167399
    endloop
  endfacet
  facet normal 0 -0 1
    outer loop
      vertex 0.380966 0.367233 0.167399
      vertex 0.412894 0.371654 0.167399
      vertex 0.379547 0.382217 0.167399
    endloop
  endfacet
  facet normal 0 0 1
    outer loop
      vertex 0.335693 0.492996 0.167399
      vertex 0.401678 0.508887 0.167399
      vertex 0.395865 0.527562 0.167399
    endloop
  endfacet
  facet normal -0 -0 1
    outer loop
      vertex 0.381439 0.352188 0.167399
      vertex 0.41021 0.352049 0.167399
      vertex 0.380966 0.367233 0.167399
    endloop
  endfacet
  facet normal 0 0 1
    outer loop
      vertex 0.326462 0.504883 0.167399
      vertex 0.395865 0.527562 0.167399
      vertex 0.38905 0.545779 0.167399
    endloop
  endfacet
  facet normal 0 0 1
    outer loop
      vertex 0.41021 0.352049 0.167399
      vertex 0.381439 0.352188 0.167399
      vertex 0.406466 0.332678 0.167399
    endloop
  endfacet
  facet normal 0 0 1
    outer loop
      vertex 0.379547 0.322174 0.167399
      vertex 0.406466 0.332678 0.167399
      vertex 0.380966 0.337158 0.167399
    endloop
  endfacet
  facet normal 0 0 1
    outer loop
      vertex 0.316513 0.516174 0.167399
      vertex 0.38905 0.545779 0.167399
      vertex 0.381259 0.563464 0.167399
    endloop
  endfacet
  facet normal 0 0 1
    outer loop
      vertex 0.406466 0.332678 0.167399
      vertex 0.379547 0.322174 0.167399
      vertex 0.401678 0.313618 0.167399
    endloop
  endfacet
  facet normal -0 0 1
    outer loop
      vertex 0.380966 0.337158 0.167399
      vertex 0.406466 0.332678 0.167399
      vertex 0.381439 0.352188 0.167399
    endloop
  endfacet
  facet normal 0 0 1
    outer loop
      vertex 0.412894 0.371654 0.167399
      vertex 0.380966 0.367233 0.167399
      vertex 0.41021 0.352049 0.167399
    endloop
  endfacet
  facet normal 0 -0 1
    outer loop
      vertex 0.379547 0.382217 0.167399
      vertex 0.41451 0.391414 0.167399
      vertex 0.377197 0.397079 0.167399
    endloop
  endfacet
  facet normal 0 0 1
    outer loop
      vertex 0.305878 0.52681 0.167399
      vertex 0.381259 0.563464 0.167399
      vertex 0.372523 0.580548 0.167399
    endloop
  endfacet
  facet normal 0 0 1
    outer loop
      vertex 0.41451 0.431091 0.167399
      vertex 0.36972 0.426224 0.167399
      vertex 0.373917 0.411758 0.167399
    endloop
  endfacet
  facet normal 0 0 1
    outer loop
      vertex 0.412894 0.450852 0.167399
      vertex 0.364624 0.440384 0.167399
      vertex 0.36972 0.426224 0.167399
    endloop
  endfacet
  facet normal 0 0 1
    outer loop
      vertex 0.294586 0.536774 0.167399
      vertex 0.372523 0.580548 0.167399
      vertex 0.362877 0.596965 0.167399
    endloop
  endfacet
  facet normal 0 0 1
    outer loop
      vertex 0.41021 0.470456 0.167399
      vertex 0.358643 0.454193 0.167399
      vertex 0.364624 0.440384 0.167399
    endloop
  endfacet
  facet normal 0 0 1
    outer loop
      vertex 0.294586 0.536774 0.167399
      vertex 0.362877 0.596965 0.167399
      vertex 0.352359 0.612649 0.167399
    endloop
  endfacet
  facet normal 0 0 1
    outer loop
      vertex 0.41021 0.470456 0.167399
      vertex 0.351807 0.46759 0.167399
      vertex 0.358643 0.454193 0.167399
    endloop
  endfacet
  facet normal 0 0 1
    outer loop
      vertex 0.406466 0.489827 0.167399
      vertex 0.344147 0.480545 0.167399
      vertex 0.351807 0.46759 0.167399
    endloop
  endfacet
  facet normal 0 0 1
    outer loop
      vertex 0.2827 0.54599 0.167399
      vertex 0.352359 0.612649 0.167399
      vertex 0.34101 0.627537 0.167399
    endloop
  endfacet
  facet normal 0 0 1
    outer loop
      vertex 0.401678 0.508887 0.167399
      vertex 0.335693 0.492996 0.167399
      vertex 0.344147 0.480545 0.167399
    endloop
  endfacet
  facet normal 0 0 1
    outer loop
      vertex 0.270248 0.554459 0.167399
      vertex 0.34101 0.627537 0.167399
      vertex 0.328875 0.641572 0.167399
    endloop
  endfacet
  facet normal 0 0 1
    outer loop
      vertex 0.395865 0.527562 0.167399
      vertex 0.326462 0.504883 0.167399
      vertex 0.335693 0.492996 0.167399
    endloop
  endfacet
  facet normal 0 0 1
    outer loop
      vertex 0.38905 0.545779 0.167399
      vertex 0.316513 0.516174 0.167399
      vertex 0.326462 0.504883 0.167399
    endloop
  endfacet
  facet normal 0 0 1
    outer loop
      vertex 0.257294 0.562119 0.167399
      vertex 0.328875 0.641572 0.167399
      vertex 0.316002 0.654698 0.167399
    endloop
  endfacet
  facet normal 0 0 1
    outer loop
      vertex 0.381259 0.563464 0.167399
      vertex 0.305878 0.52681 0.167399
      vertex 0.316513 0.516174 0.167399
    endloop
  endfacet
  facet normal 0 0 1
    outer loop
      vertex 0.243881 0.568939 0.167399
      vertex 0.316002 0.654698 0.167399
      vertex 0.302442 0.666863 0.167399
    endloop
  endfacet
  facet normal 0 0 1
    outer loop
      vertex 0.372523 0.580548 0.167399
      vertex 0.294586 0.536774 0.167399
      vertex 0.305878 0.52681 0.167399
    endloop
  endfacet
  facet normal 0 0 1
    outer loop
      vertex 0.230072 0.574921 0.167399
      vertex 0.302442 0.666863 0.167399
      vertex 0.288248 0.67802 0.167399
    endloop
  endfacet
  facet normal 0 0 1
    outer loop
      vertex 0.352359 0.612649 0.167399
      vertex 0.2827 0.54599 0.167399
      vertex 0.294586 0.536774 0.167399
    endloop
  endfacet
  facet normal 0 0 1
    outer loop
      vertex 0.230072 0.574921 0.167399
      vertex 0.288248 0.67802 0.167399
      vertex 0.273477 0.688125 0.167399
    endloop
  endfacet
  facet normal 0 0 1
    outer loop
      vertex 0.34101 0.627537 0.167399
      vertex 0.270248 0.554459 0.167399
      vertex 0.2827 0.54599 0.167399
    endloop
  endfacet
  facet normal 0 0 1
    outer loop
      vertex 0.215912 0.580017 0.167399
      vertex 0.273477 0.688125 0.167399
      vertex 0.258186 0.697135 0.167399
    endloop
  endfacet
  facet normal 0 0 1
    outer loop
      vertex 0.328875 0.641572 0.167399
      vertex 0.257294 0.562119 0.167399
      vertex 0.270248 0.554459 0.167399
    endloop
  endfacet
  facet normal 0 0 1
    outer loop
      vertex 0.316002 0.654698 0.167399
      vertex 0.243881 0.568939 0.167399
      vertex 0.257294 0.562119 0.167399
    endloop
  endfacet
  facet normal 0 0 1
    outer loop
      vertex 0.201462 0.584213 0.167399
      vertex 0.258186 0.697135 0.167399
      vertex 0.242436 0.705018 0.167399
    endloop
  endfacet
  facet normal 0 0 1
    outer loop
      vertex 0.302442 0.666863 0.167399
      vertex 0.230072 0.574921 0.167399
      vertex 0.243881 0.568939 0.167399
    endloop
  endfacet
  facet normal 0 0 1
    outer loop
      vertex 0.201462 0.584213 0.167399
      vertex 0.242436 0.705018 0.167399
      vertex 0.22629 0.711741 0.167399
    endloop
  endfacet
  facet normal 0 0 1
    outer loop
      vertex 0.273477 0.688125 0.167399
      vertex 0.215912 0.580017 0.167399
      vertex 0.230072 0.574921 0.167399
    endloop
  endfacet
  facet normal 0 0 1
    outer loop
      vertex 0.168533 0.596207 0.167399
      vertex 0.22629 0.711741 0.167399
      vertex 0.209809 0.717279 0.167399
    endloop
  endfacet
  facet normal 0 0 1
    outer loop
      vertex 0.258186 0.697135 0.167399
      vertex 0.201462 0.584213 0.167399
      vertex 0.215912 0.580017 0.167399
    endloop
  endfacet
  facet normal 0 0 1
    outer loop
      vertex 0.164932 0.597763 0.167399
      vertex 0.209809 0.717279 0.167399
      vertex 0.193062 0.721609 0.167399
    endloop
  endfacet
  facet normal 0 0 1
    outer loop
      vertex 0.22629 0.711741 0.167399
      vertex 0.186783 0.587494 0.167399
      vertex 0.201462 0.584213 0.167399
    endloop
  endfacet
  facet normal 0 0 1
    outer loop
      vertex 0.22629 0.711741 0.167399
      vertex 0.175415 0.592422 0.167399
      vertex 0.186783 0.587494 0.167399
    endloop
  endfacet
  facet normal 0 0 1
    outer loop
      vertex 0.186783 0.587494 0.167399
      vertex 0.178665 0.59021 0.167399
      vertex 0.180984 0.588425 0.167399
    endloop
  endfacet
  facet normal 0 0 1
    outer loop
      vertex 0.157455 0.600189 0.167399
      vertex 0.193062 0.721609 0.167399
      vertex 0.176112 0.724714 0.167399
    endloop
  endfacet
  facet normal 0 0 1
    outer loop
      vertex 0.186783 0.587494 0.167399
      vertex 0.175415 0.592422 0.167399
      vertex 0.178665 0.59021 0.167399
    endloop
  endfacet
  facet normal 0 0 1
    outer loop
      vertex 0.22629 0.711741 0.167399
      vertex 0.172043 0.594421 0.167399
      vertex 0.175415 0.592422 0.167399
    endloop
  endfacet
  facet normal 0 0 1
    outer loop
      vertex 0.22629 0.711741 0.167399
      vertex 0.168533 0.596207 0.167399
      vertex 0.172043 0.594421 0.167399
    endloop
  endfacet
  facet normal 0 0 1
    outer loop
      vertex 0.209809 0.717279 0.167399
      vertex 0.164932 0.597763 0.167399
      vertex 0.168533 0.596207 0.167399
    endloop
  endfacet
  facet normal 0 0 1
    outer loop
      vertex 0.193062 0.721609 0.167399
      vertex 0.161224 0.599106 0.167399
      vertex 0.164932 0.597763 0.167399
    endloop
  endfacet
  facet normal 0 0 1
    outer loop
      vertex 0.149734 0.601669 0.167399
      vertex 0.176112 0.724714 0.167399
      vertex 0.159027 0.726583 0.167399
    endloop
  endfacet
  facet normal 0 0 1
    outer loop
      vertex 0.193062 0.721609 0.167399
      vertex 0.157455 0.600189 0.167399
      vertex 0.161224 0.599106 0.167399
    endloop
  endfacet
  facet normal 0 0 1
    outer loop
      vertex 0.176112 0.724714 0.167399
      vertex 0.15361 0.601059 0.167399
      vertex 0.157455 0.600189 0.167399
    endloop
  endfacet
  facet normal 0 0 1
    outer loop
      vertex 0.176112 0.724714 0.167399
      vertex 0.149734 0.601669 0.167399
      vertex 0.15361 0.601059 0.167399
    endloop
  endfacet
  facet normal 0 0 1
    outer loop
      vertex 0.159027 0.726583 0.167399
      vertex 0.145828 0.602036 0.167399
      vertex 0.149734 0.601669 0.167399
    endloop
  endfacet
  facet normal 0 0 1
    outer loop
      vertex 0.141874 0.727205 0.167399
      vertex 0.145828 0.602036 0.167399
      vertex 0.159027 0.726583 0.167399
    endloop
  endfacet
  facet normal 0 0 1
    outer loop
      vertex 0.145828 0.602036 0.167399
      vertex 0.141874 0.727205 0.167399
      vertex 0.141891 0.602158 0.167399
    endloop
  endfacet
  facet normal 0 0 1
    outer loop
      vertex 0.141874 0.727205 0.167399
      vertex 0.13797 0.602036 0.167399
      vertex 0.141891 0.602158 0.167399
    endloop
  endfacet
  facet normal -0 0 1
    outer loop
      vertex 0.124722 0.726583 0.167399
      vertex 0.13797 0.602036 0.167399
      vertex 0.141874 0.727205 0.167399
    endloop
  endfacet
  facet normal 0 0 1
    outer loop
      vertex 0.13797 0.602036 0.167399
      vertex 0.124722 0.726583 0.167399
      vertex 0.134048 0.601669 0.167399
    endloop
  endfacet
  facet normal -0 0 1
    outer loop
      vertex 0.107636 0.724714 0.167399
      vertex 0.134048 0.601669 0.167399
      vertex 0.124722 0.726583 0.167399
    endloop
  endfacet
  facet normal 0 0 1
    outer loop
      vertex 0.134048 0.601669 0.167399
      vertex 0.107636 0.724714 0.167399
      vertex 0.130173 0.601059 0.167399
    endloop
  endfacet
  facet normal 0 0 1
    outer loop
      vertex 0.130173 0.601059 0.167399
      vertex 0.107636 0.724714 0.167399
      vertex 0.126328 0.600189 0.167399
    endloop
  endfacet
  facet normal -0 0 1
    outer loop
      vertex 0.0906858 0.721609 0.167399
      vertex 0.126328 0.600189 0.167399
      vertex 0.107636 0.724714 0.167399
    endloop
  endfacet
  facet normal 0 0 1
    outer loop
      vertex 0.126328 0.600189 0.167399
      vertex 0.0906858 0.721609 0.167399
      vertex 0.122559 0.599106 0.167399
    endloop
  endfacet
  facet normal 0 0 1
    outer loop
      vertex 0.122559 0.599106 0.167399
      vertex 0.0906858 0.721609 0.167399
      vertex 0.118866 0.597763 0.167399
    endloop
  endfacet
  facet normal -0 0 1
    outer loop
      vertex 0.0739384 0.717279 0.167399
      vertex 0.118866 0.597763 0.167399
      vertex 0.0906858 0.721609 0.167399
    endloop
  endfacet
  facet normal 0 0 1
    outer loop
      vertex 0.118866 0.597763 0.167399
      vertex 0.0739384 0.717279 0.167399
      vertex 0.11525 0.596207 0.167399
    endloop
  endfacet
  facet normal -0 0 1
    outer loop
      vertex 0.0574589 0.711741 0.167399
      vertex 0.11525 0.596207 0.167399
      vertex 0.0739384 0.717279 0.167399
    endloop
  endfacet
  facet normal 0 0 1
    outer loop
      vertex 0.11525 0.596207 0.167399
      vertex 0.0574589 0.711741 0.167399
      vertex 0.111755 0.594421 0.167399
    endloop
  endfacet
  facet normal 0 0 1
    outer loop
      vertex 0.111755 0.594421 0.167399
      vertex 0.0574589 0.711741 0.167399
      vertex 0.108368 0.592422 0.167399
    endloop
  endfacet
  facet normal 0 -0 1
    outer loop
      vertex 0.0970001 0.587494 0.167399
      vertex 0.108368 0.592422 0.167399
      vertex 0.0574589 0.711741 0.167399
    endloop
  endfacet
  facet normal 0 0 1
    outer loop
      vertex 0.105118 0.59021 0.167399
      vertex 0.0970001 0.587494 0.167399
      vertex 0.102798 0.588425 0.167399
    endloop
  endfacet
  facet normal 0 0 1
    outer loop
      vertex 0.108368 0.592422 0.167399
      vertex 0.0970001 0.587494 0.167399
      vertex 0.105118 0.59021 0.167399
    endloop
  endfacet
  facet normal 0 0 1
    outer loop
      vertex 0.0970001 0.587494 0.167399
      vertex 0.0574589 0.711741 0.167399
      vertex 0.0823212 0.584213 0.167399
    endloop
  endfacet
  facet normal -0 0 1
    outer loop
      vertex 0.0413122 0.705018 0.167399
      vertex 0.0823212 0.584213 0.167399
      vertex 0.0574589 0.711741 0.167399
    endloop
  endfacet
  facet normal -0 0 1
    outer loop
      vertex 0.0255623 0.697135 0.167399
      vertex 0.0823212 0.584213 0.167399
      vertex 0.0413122 0.705018 0.167399
    endloop
  endfacet
  facet normal 0 0 1
    outer loop
      vertex 0.0823212 0.584213 0.167399
      vertex 0.0255623 0.697135 0.167399
      vertex 0.0678711 0.580017 0.167399
    endloop
  endfacet
  facet normal -0 0 1
    outer loop
      vertex 0.0102711 0.688125 0.167399
      vertex 0.0678711 0.580017 0.167399
      vertex 0.0255623 0.697135 0.167399
    endloop
  endfacet
  facet normal 0 0 1
    outer loop
      vertex 0.0678711 0.580017 0.167399
      vertex 0.0102711 0.688125 0.167399
      vertex 0.0537109 0.574921 0.167399
    endloop
  endfacet
  facet normal -0 0 1
    outer loop
      vertex -0.00449944 0.67802 0.167399
      vertex 0.0537109 0.574921 0.167399
      vertex 0.0102711 0.688125 0.167399
    endloop
  endfacet
  facet normal -0 0 1
    outer loop
      vertex -0.018693 0.666863 0.167399
      vertex 0.0537109 0.574921 0.167399
      vertex -0.00449944 0.67802 0.167399
    endloop
  endfacet
  facet normal 0 0 1
    outer loop
      vertex 0.0537109 0.574921 0.167399
      vertex -0.018693 0.666863 0.167399
      vertex 0.0399017 0.568939 0.167399
    endloop
  endfacet
  facet normal -0 0 1
    outer loop
      vertex -0.0322533 0.654698 0.167399
      vertex 0.0399017 0.568939 0.167399
      vertex -0.018693 0.666863 0.167399
    endloop
  endfacet
  facet normal 0 0 1
    outer loop
      vertex 0.0399017 0.568939 0.167399
      vertex -0.0322533 0.654698 0.167399
      vertex 0.0264893 0.562119 0.167399
    endloop
  endfacet
  facet normal -0 0 1
    outer loop
      vertex -0.045126 0.641572 0.167399
      vertex 0.0264893 0.562119 0.167399
      vertex -0.0322533 0.654698 0.167399
    endloop
  endfacet
  facet normal 0 0 1
    outer loop
      vertex 0.0264893 0.562119 0.167399
      vertex -0.045126 0.641572 0.167399
      vertex 0.0135345 0.554459 0.167399
    endloop
  endfacet
  facet normal -0 0 1
    outer loop
      vertex -0.0572605 0.627537 0.167399
      vertex 0.0135345 0.554459 0.167399
      vertex -0.045126 0.641572 0.167399
    endloop
  endfacet
  facet normal 0 0 1
    outer loop
      vertex 0.0135345 0.554459 0.167399
      vertex -0.0572605 0.627537 0.167399
      vertex 0.00108337 0.54599 0.167399
    endloop
  endfacet
  facet normal -0 0 1
    outer loop
      vertex -0.0686092 0.612649 0.167399
      vertex 0.00108337 0.54599 0.167399
      vertex -0.0572605 0.627537 0.167399
    endloop
  endfacet
  facet normal 0 0 1
    outer loop
      vertex 0.00108337 0.54599 0.167399
      vertex -0.0686092 0.612649 0.167399
      vertex -0.010788 0.536774 0.167399
    endloop
  endfacet
  facet normal -0 0 1
    outer loop
      vertex -0.0791283 0.596965 0.167399
      vertex -0.010788 0.536774 0.167399
      vertex -0.0686092 0.612649 0.167399
    endloop
  endfacet
  facet normal -0 0 1
    outer loop
      vertex -0.0887737 0.580548 0.167399
      vertex -0.010788 0.536774 0.167399
      vertex -0.0791283 0.596965 0.167399
    endloop
  endfacet
  facet normal 0 0 1
    outer loop
      vertex -0.010788 0.536774 0.167399
      vertex -0.0887737 0.580548 0.167399
      vertex -0.0220795 0.52681 0.167399
    endloop
  endfacet
  facet normal -0 0 1
    outer loop
      vertex -0.0975094 0.563464 0.167399
      vertex -0.0220795 0.52681 0.167399
      vertex -0.0887737 0.580548 0.167399
    endloop
  endfacet
  facet normal 0 0 1
    outer loop
      vertex -0.0220795 0.52681 0.167399
      vertex -0.0975094 0.563464 0.167399
      vertex -0.0327148 0.516174 0.167399
    endloop
  endfacet
  facet normal -0 0 1
    outer loop
      vertex -0.105301 0.545779 0.167399
      vertex -0.0327148 0.516174 0.167399
      vertex -0.0975094 0.563464 0.167399
    endloop
  endfacet
  facet normal 0 0 1
    outer loop
      vertex -0.0327148 0.516174 0.167399
      vertex -0.105301 0.545779 0.167399
      vertex -0.0426636 0.504883 0.167399
    endloop
  endfacet
  facet normal -0 0 1
    outer loop
      vertex -0.112116 0.527562 0.167399
      vertex -0.0426636 0.504883 0.167399
      vertex -0.105301 0.545779 0.167399
    endloop
  endfacet
  facet normal 0 0 1
    outer loop
      vertex -0.0426636 0.504883 0.167399
      vertex -0.112116 0.527562 0.167399
      vertex -0.0518951 0.492996 0.167399
    endloop
  endfacet
  facet normal -0 0 1
    outer loop
      vertex -0.117929 0.508887 0.167399
      vertex -0.0518951 0.492996 0.167399
      vertex -0.112116 0.527562 0.167399
    endloop
  endfacet
  facet normal 0 0 1
    outer loop
      vertex -0.0518951 0.492996 0.167399
      vertex -0.117929 0.508887 0.167399
      vertex -0.0603485 0.480545 0.167399
    endloop
  endfacet
  facet normal -0 0 1
    outer loop
      vertex -0.122717 0.489827 0.167399
      vertex -0.0603485 0.480545 0.167399
      vertex -0.117929 0.508887 0.167399
    endloop
  endfacet
  facet normal 0 0 1
    outer loop
      vertex -0.0603485 0.480545 0.167399
      vertex -0.122717 0.489827 0.167399
      vertex -0.0680084 0.46759 0.167399
    endloop
  endfacet
  facet normal -0 0 1
    outer loop
      vertex -0.126461 0.470456 0.167399
      vertex -0.0680084 0.46759 0.167399
      vertex -0.122717 0.489827 0.167399
    endloop
  endfacet
  facet normal 0 0 1
    outer loop
      vertex -0.0680084 0.46759 0.167399
      vertex -0.126461 0.470456 0.167399
      vertex -0.0748444 0.454193 0.167399
    endloop
  endfacet
  facet normal 0 0 1
    outer loop
      vertex -0.0748444 0.454193 0.167399
      vertex -0.126461 0.470456 0.167399
      vertex -0.0808258 0.440384 0.167399
    endloop
  endfacet
  facet normal -0 0 1
    outer loop
      vertex -0.129146 0.450852 0.167399
      vertex -0.0808258 0.440384 0.167399
      vertex -0.126461 0.470456 0.167399
    endloop
  endfacet
  facet normal 0 0 1
    outer loop
      vertex -0.0808258 0.440384 0.167399
      vertex -0.129146 0.450852 0.167399
      vertex -0.0859222 0.426224 0.167399
    endloop
  endfacet
  facet normal 0 0 1
    outer loop
      vertex 0.377197 0.307312 0.167399
      vertex 0.401678 0.313618 0.167399
      vertex 0.379547 0.322174 0.167399
    endloop
  endfacet
  facet normal 0 0 1
    outer loop
      vertex 0.401678 0.313618 0.167399
      vertex 0.377197 0.307312 0.167399
      vertex 0.395865 0.294943 0.167399
    endloop
  endfacet
  facet normal 0 0 1
    outer loop
      vertex 0.373917 0.292618 0.167399
      vertex 0.395865 0.294943 0.167399
      vertex 0.377197 0.307312 0.167399
    endloop
  endfacet
  facet normal 0 0 1
    outer loop
      vertex 0.395865 0.294943 0.167399
      vertex 0.373917 0.292618 0.167399
      vertex 0.38905 0.276727 0.167399
    endloop
  endfacet
  facet normal -0 0 1
    outer loop
      vertex 0.36972 0.278168 0.167399
      vertex 0.38905 0.276727 0.167399
      vertex 0.373917 0.292618 0.167399
    endloop
  endfacet
  facet normal 0 0 1
    outer loop
      vertex 0.38905 0.276727 0.167399
      vertex 0.36972 0.278168 0.167399
      vertex 0.381259 0.259041 0.167399
    endloop
  endfacet
  facet normal -0 0 1
    outer loop
      vertex 0.364624 0.264008 0.167399
      vertex 0.381259 0.259041 0.167399
      vertex 0.36972 0.278168 0.167399
    endloop
  endfacet
  facet normal 0 0 1
    outer loop
      vertex 0.381259 0.259041 0.167399
      vertex 0.364624 0.264008 0.167399
      vertex 0.372523 0.241957 0.167399
    endloop
  endfacet
  facet normal -0 0 1
    outer loop
      vertex 0.358643 0.250198 0.167399
      vertex 0.372523 0.241957 0.167399
      vertex 0.364624 0.264008 0.167399
    endloop
  endfacet
  facet normal 0 0 1
    outer loop
      vertex 0.351807 0.236786 0.167399
      vertex 0.372523 0.241957 0.167399
      vertex 0.358643 0.250198 0.167399
    endloop
  endfacet
  facet normal 0 0 1
    outer loop
      vertex 0.372523 0.241957 0.167399
      vertex 0.351807 0.236786 0.167399
      vertex 0.362877 0.22554 0.167399
    endloop
  endfacet
  facet normal 0 0 1
    outer loop
      vertex 0.344147 0.223831 0.167399
      vertex 0.362877 0.22554 0.167399
      vertex 0.351807 0.236786 0.167399
    endloop
  endfacet
  facet normal 0 0 1
    outer loop
      vertex 0.362877 0.22554 0.167399
      vertex 0.344147 0.223831 0.167399
      vertex 0.352359 0.209856 0.167399
    endloop
  endfacet
  facet normal -0 0 1
    outer loop
      vertex 0.335693 0.211395 0.167399
      vertex 0.352359 0.209856 0.167399
      vertex 0.344147 0.223831 0.167399
    endloop
  endfacet
  facet normal 0 0 1
    outer loop
      vertex 0.352359 0.209856 0.167399
      vertex 0.335693 0.211395 0.167399
      vertex 0.34101 0.194968 0.167399
    endloop
  endfacet
  facet normal -0 0 1
    outer loop
      vertex 0.326462 0.199493 0.167399
      vertex 0.34101 0.194968 0.167399
      vertex 0.335693 0.211395 0.167399
    endloop
  endfacet
  facet normal 0 0 1
    outer loop
      vertex 0.34101 0.194968 0.167399
      vertex 0.326462 0.199493 0.167399
      vertex 0.328875 0.180933 0.167399
    endloop
  endfacet
  facet normal -0 0 1
    outer loop
      vertex 0.316513 0.188202 0.167399
      vertex 0.328875 0.180933 0.167399
      vertex 0.326462 0.199493 0.167399
    endloop
  endfacet
  facet normal 0 0 1
    outer loop
      vertex 0.316513 0.188202 0.167399
      vertex 0.316002 0.167807 0.167399
      vertex 0.328875 0.180933 0.167399
    endloop
  endfacet
  facet normal -0 0 1
    outer loop
      vertex 0.305878 0.177567 0.167399
      vertex 0.316002 0.167807 0.167399
      vertex 0.316513 0.188202 0.167399
    endloop
  endfacet
  facet normal 0 0 1
    outer loop
      vertex 0.294586 0.167618 0.167399
      vertex 0.316002 0.167807 0.167399
      vertex 0.305878 0.177567 0.167399
    endloop
  endfacet
  facet normal 0 0 1
    outer loop
      vertex 0.316002 0.167807 0.167399
      vertex 0.294586 0.167618 0.167399
      vertex 0.302442 0.155642 0.167399
    endloop
  endfacet
  facet normal -0 0 1
    outer loop
      vertex 0.2827 0.158386 0.167399
      vertex 0.302442 0.155642 0.167399
      vertex 0.294586 0.167618 0.167399
    endloop
  endfacet
  facet normal 0 0 1
    outer loop
      vertex 0.302442 0.155642 0.167399
      vertex 0.2827 0.158386 0.167399
      vertex 0.288248 0.144485 0.167399
    endloop
  endfacet
  facet normal -0 0 1
    outer loop
      vertex 0.270248 0.149933 0.167399
      vertex 0.288248 0.144485 0.167399
      vertex 0.2827 0.158386 0.167399
    endloop
  endfacet
  facet normal 0 0 1
    outer loop
      vertex 0.288248 0.144485 0.167399
      vertex 0.270248 0.149933 0.167399
      vertex 0.273477 0.13438 0.167399
    endloop
  endfacet
  facet normal -0 0 1
    outer loop
      vertex 0.257294 0.142273 0.167399
      vertex 0.273477 0.13438 0.167399
      vertex 0.270248 0.149933 0.167399
    endloop
  endfacet
  facet normal 0 0 1
    outer loop
      vertex 0.273477 0.13438 0.167399
      vertex 0.257294 0.142273 0.167399
      vertex 0.258186 0.12537 0.167399
    endloop
  endfacet
  facet normal -0 0 1
    outer loop
      vertex 0.243881 0.135437 0.167399
      vertex 0.258186 0.12537 0.167399
      vertex 0.257294 0.142273 0.167399
    endloop
  endfacet
  facet normal 0 0 1
    outer loop
      vertex 0.243881 0.135437 0.167399
      vertex 0.242436 0.117487 0.167399
      vertex 0.258186 0.12537 0.167399
    endloop
  endfacet
  facet normal -0 0 1
    outer loop
      vertex 0.230072 0.129471 0.167399
      vertex 0.242436 0.117487 0.167399
      vertex 0.243881 0.135437 0.167399
    endloop
  endfacet
  facet normal 0 0 1
    outer loop
      vertex 0.230072 0.129471 0.167399
      vertex 0.22629 0.110764 0.167399
      vertex 0.242436 0.117487 0.167399
    endloop
  endfacet
  facet normal -0 0 1
    outer loop
      vertex 0.215912 0.124374 0.167399
      vertex 0.22629 0.110764 0.167399
      vertex 0.230072 0.129471 0.167399
    endloop
  endfacet
  facet normal 0 0 1
    outer loop
      vertex 0.215912 0.124374 0.167399
      vertex 0.209809 0.105226 0.167399
      vertex 0.22629 0.110764 0.167399
    endloop
  endfacet
  facet normal -0 0 1
    outer loop
      vertex 0.201462 0.120163 0.167399
      vertex 0.209809 0.105226 0.167399
      vertex 0.215912 0.124374 0.167399
    endloop
  endfacet
  facet normal 0 0 1
    outer loop
      vertex 0.201462 0.120163 0.167399
      vertex 0.193062 0.100896 0.167399
      vertex 0.209809 0.105226 0.167399
    endloop
  endfacet
  facet normal -0 0 1
    outer loop
      vertex 0.186783 0.116882 0.167399
      vertex 0.193062 0.100896 0.167399
      vertex 0.201462 0.120163 0.167399
    endloop
  endfacet
  facet normal 0 0 1
    outer loop
      vertex 0.17868 0.114151 0.167399
      vertex 0.186783 0.116882 0.167399
      vertex 0.18103 0.115967 0.167399
    endloop
  endfacet
  facet normal 0 0 1
    outer loop
      vertex 0.186783 0.116882 0.167399
      vertex 0.17868 0.114151 0.167399
      vertex 0.193062 0.100896 0.167399
    endloop
  endfacet
  facet normal 0 0 1
    outer loop
      vertex 0.17868 0.114151 0.167399
      vertex 0.176112 0.0977907 0.167399
      vertex 0.193062 0.100896 0.167399
    endloop
  endfacet
  facet normal -0 0 1
    outer loop
      vertex 0.17543 0.111938 0.167399
      vertex 0.176112 0.0977907 0.167399
      vertex 0.17868 0.114151 0.167399
    endloop
  endfacet
  facet normal -0 0 1
    outer loop
      vertex 0.172043 0.10994 0.167399
      vertex 0.176112 0.0977907 0.167399
      vertex 0.17543 0.111938 0.167399
    endloop
  endfacet
  facet normal -0 0 1
    outer loop
      vertex 0.168549 0.108154 0.167399
      vertex 0.176112 0.0977907 0.167399
      vertex 0.172043 0.10994 0.167399
    endloop
  endfacet
  facet normal -0 0 1
    outer loop
      vertex 0.164932 0.106583 0.167399
      vertex 0.176112 0.0977907 0.167399
      vertex 0.168549 0.108154 0.167399
    endloop
  endfacet
  facet normal 0 0 1
    outer loop
      vertex 0.159027 0.0959234 0.167399
      vertex 0.164932 0.106583 0.167399
      vertex 0.16124 0.105255 0.167399
    endloop
  endfacet
  facet normal 0 0 1
    outer loop
      vertex 0.164932 0.106583 0.167399
      vertex 0.159027 0.0959234 0.167399
      vertex 0.176112 0.0977907 0.167399
    endloop
  endfacet
  facet normal -0 0 1
    outer loop
      vertex 0.157455 0.104156 0.167399
      vertex 0.159027 0.0959234 0.167399
      vertex 0.16124 0.105255 0.167399
    endloop
  endfacet
  facet normal -0 0 1
    outer loop
      vertex 0.153625 0.103302 0.167399
      vertex 0.159027 0.0959234 0.167399
      vertex 0.157455 0.104156 0.167399
    endloop
  endfacet
  facet normal -0 0 1
    outer loop
      vertex 0.149734 0.102692 0.167399
      vertex 0.159027 0.0959234 0.167399
      vertex 0.153625 0.103302 0.167399
    endloop
  endfacet
  facet normal 0 0 1
    outer loop
      vertex 0.141874 0.0952997 0.167399
      vertex 0.149734 0.102692 0.167399
      vertex 0.145828 0.10231 0.167399
    endloop
  endfacet
  facet normal 0 0 1
    outer loop
      vertex 0.141874 0.0952997 0.167399
      vertex 0.145828 0.10231 0.167399
      vertex 0.141891 0.102188 0.167399
    endloop
  endfacet
  facet normal 0 0 1
    outer loop
      vertex 0.149734 0.102692 0.167399
      vertex 0.141874 0.0952997 0.167399
      vertex 0.159027 0.0959234 0.167399
    endloop
  endfacet
  facet normal 0 0 1
    outer loop
      vertex 0.137955 0.10231 0.167399
      vertex 0.141874 0.0952997 0.167399
      vertex 0.141891 0.102188 0.167399
    endloop
  endfacet
  facet normal 0 0 1
    outer loop
      vertex 0.134048 0.102692 0.167399
      vertex 0.141874 0.0952997 0.167399
      vertex 0.137955 0.10231 0.167399
    endloop
  endfacet
  facet normal 0 0 1
    outer loop
      vertex 0.124722 0.0959234 0.167399
      vertex 0.134048 0.102692 0.167399
      vertex 0.130157 0.103302 0.167399
    endloop
  endfacet
  facet normal 0 0 1
    outer loop
      vertex 0.124722 0.0959234 0.167399
      vertex 0.130157 0.103302 0.167399
      vertex 0.126328 0.104156 0.167399
    endloop
  endfacet
  facet normal 0 0 1
    outer loop
      vertex 0.134048 0.102692 0.167399
      vertex 0.124722 0.0959234 0.167399
      vertex 0.141874 0.0952997 0.167399
    endloop
  endfacet
  facet normal 0 0 1
    outer loop
      vertex 0.122543 0.105255 0.167399
      vertex 0.124722 0.0959234 0.167399
      vertex 0.126328 0.104156 0.167399
    endloop
  endfacet
  facet normal 0 0 1
    outer loop
      vertex 0.118851 0.106583 0.167399
      vertex 0.124722 0.0959234 0.167399
      vertex 0.122543 0.105255 0.167399
    endloop
  endfacet
  facet normal 0 0 1
    outer loop
      vertex 0.107636 0.0977907 0.167399
      vertex 0.118851 0.106583 0.167399
      vertex 0.115234 0.108154 0.167399
    endloop
  endfacet
  facet normal 0 0 1
    outer loop
      vertex 0.107636 0.0977907 0.167399
      vertex 0.115234 0.108154 0.167399
      vertex 0.11174 0.10994 0.167399
    endloop
  endfacet
  facet normal 0 0 1
    outer loop
      vertex 0.107636 0.0977907 0.167399
      vertex 0.11174 0.10994 0.167399
      vertex 0.108353 0.111938 0.167399
    endloop
  endfacet
  facet normal 0 0 1
    outer loop
      vertex 0.118851 0.106583 0.167399
      vertex 0.107636 0.0977907 0.167399
      vertex 0.124722 0.0959234 0.167399
    endloop
  endfacet
  facet normal 0 0 1
    outer loop
      vertex 0.105103 0.114151 0.167399
      vertex 0.107636 0.0977907 0.167399
      vertex 0.108353 0.111938 0.167399
    endloop
  endfacet
  facet normal 0 0 1
    outer loop
      vertex 0.0970001 0.116882 0.167399
      vertex 0.105103 0.114151 0.167399
      vertex 0.102753 0.115967 0.167399
    endloop
  endfacet
  facet normal 0 0 1
    outer loop
      vertex 0.105103 0.114151 0.167399
      vertex 0.0970001 0.116882 0.167399
      vertex 0.0906858 0.100896 0.167399
    endloop
  endfacet
  facet normal 0 0 1
    outer loop
      vertex 0.105103 0.114151 0.167399
      vertex 0.0906858 0.100896 0.167399
      vertex 0.107636 0.0977907 0.167399
    endloop
  endfacet
  facet normal 0 0 1
    outer loop
      vertex 0.0823212 0.120163 0.167399
      vertex 0.0906858 0.100896 0.167399
      vertex 0.0970001 0.116882 0.167399
    endloop
  endfacet
  facet normal 0 0 1
    outer loop
      vertex 0.0823212 0.120163 0.167399
      vertex 0.0739384 0.105226 0.167399
      vertex 0.0906858 0.100896 0.167399
    endloop
  endfacet
  facet normal 0 0 1
    outer loop
      vertex 0.0678711 0.124374 0.167399
      vertex 0.0739384 0.105226 0.167399
      vertex 0.0823212 0.120163 0.167399
    endloop
  endfacet
  facet normal 0 0 1
    outer loop
      vertex 0.0678711 0.124374 0.167399
      vertex 0.0574589 0.110764 0.167399
      vertex 0.0739384 0.105226 0.167399
    endloop
  endfacet
  facet normal 0 0 1
    outer loop
      vertex 0.0537109 0.129471 0.167399
      vertex 0.0574589 0.110764 0.167399
      vertex 0.0678711 0.124374 0.167399
    endloop
  endfacet
  facet normal 0 0 1
    outer loop
      vertex 0.0537109 0.129471 0.167399
      vertex 0.0413122 0.117487 0.167399
      vertex 0.0574589 0.110764 0.167399
    endloop
  endfacet
  facet normal 0 0 1
    outer loop
      vertex 0.0399017 0.135437 0.167399
      vertex 0.0413122 0.117487 0.167399
      vertex 0.0537109 0.129471 0.167399
    endloop
  endfacet
  facet normal 0 0 1
    outer loop
      vertex 0.0255623 0.12537 0.167399
      vertex 0.0399017 0.135437 0.167399
      vertex 0.0264893 0.142273 0.167399
    endloop
  endfacet
  facet normal 0 0 1
    outer loop
      vertex 0.0399017 0.135437 0.167399
      vertex 0.0255623 0.12537 0.167399
      vertex 0.0413122 0.117487 0.167399
    endloop
  endfacet
  facet normal 0 0 1
    outer loop
      vertex 0.0102711 0.13438 0.167399
      vertex 0.0264893 0.142273 0.167399
      vertex 0.0135345 0.149933 0.167399
    endloop
  endfacet
  facet normal 0 0 1
    outer loop
      vertex 0.0264893 0.142273 0.167399
      vertex 0.0102711 0.13438 0.167399
      vertex 0.0255623 0.12537 0.167399
    endloop
  endfacet
  facet normal 0 0 1
    outer loop
      vertex -0.00449944 0.144485 0.167399
      vertex 0.0135345 0.149933 0.167399
      vertex 0.00108337 0.158386 0.167399
    endloop
  endfacet
  facet normal 0 0 1
    outer loop
      vertex 0.0135345 0.149933 0.167399
      vertex -0.00449944 0.144485 0.167399
      vertex 0.0102711 0.13438 0.167399
    endloop
  endfacet
  facet normal 0 0 1
    outer loop
      vertex -0.018693 0.155642 0.167399
      vertex 0.00108337 0.158386 0.167399
      vertex -0.010788 0.167618 0.167399
    endloop
  endfacet
  facet normal 0 0 1
    outer loop
      vertex 0.00108337 0.158386 0.167399
      vertex -0.018693 0.155642 0.167399
      vertex -0.00449944 0.144485 0.167399
    endloop
  endfacet
  facet normal -0 0 1
    outer loop
      vertex -0.0322533 0.167807 0.167399
      vertex -0.010788 0.167618 0.167399
      vertex -0.0220795 0.177567 0.167399
    endloop
  endfacet
  facet normal 0 0 1
    outer loop
      vertex -0.010788 0.167618 0.167399
      vertex -0.0322533 0.167807 0.167399
      vertex -0.018693 0.155642 0.167399
    endloop
  endfacet
  facet normal 0 0 1
    outer loop
      vertex -0.0327148 0.188202 0.167399
      vertex -0.0322533 0.167807 0.167399
      vertex -0.0220795 0.177567 0.167399
    endloop
  endfacet
  facet normal 0 0 1
    outer loop
      vertex -0.045126 0.180933 0.167399
      vertex -0.0327148 0.188202 0.167399
      vertex -0.0426636 0.199493 0.167399
    endloop
  endfacet
  facet normal 0 0 1
    outer loop
      vertex -0.0327148 0.188202 0.167399
      vertex -0.045126 0.180933 0.167399
      vertex -0.0322533 0.167807 0.167399
    endloop
  endfacet
  facet normal 0 0 1
    outer loop
      vertex -0.0572605 0.194968 0.167399
      vertex -0.0426636 0.199493 0.167399
      vertex -0.0518951 0.211395 0.167399
    endloop
  endfacet
  facet normal 0 0 1
    outer loop
      vertex -0.0426636 0.199493 0.167399
      vertex -0.0572605 0.194968 0.167399
      vertex -0.045126 0.180933 0.167399
    endloop
  endfacet
  facet normal 0 0 1
    outer loop
      vertex -0.0686092 0.209856 0.167399
      vertex -0.0518951 0.211395 0.167399
      vertex -0.0603485 0.223831 0.167399
    endloop
  endfacet
  facet normal -0 0 1
    outer loop
      vertex -0.0791283 0.22554 0.167399
      vertex -0.0603485 0.223831 0.167399
      vertex -0.0680084 0.236786 0.167399
    endloop
  endfacet
  facet normal 0 0 1
    outer loop
      vertex -0.0518951 0.211395 0.167399
      vertex -0.0686092 0.209856 0.167399
      vertex -0.0572605 0.194968 0.167399
    endloop
  endfacet
  facet normal -0 0 1
    outer loop
      vertex -0.0887737 0.241957 0.167399
      vertex -0.0680084 0.236786 0.167399
      vertex -0.0748444 0.250198 0.167399
    endloop
  endfacet
  facet normal 0 0 1
    outer loop
      vertex -0.0603485 0.223831 0.167399
      vertex -0.0791283 0.22554 0.167399
      vertex -0.0686092 0.209856 0.167399
    endloop
  endfacet
  facet normal 0 0 1
    outer loop
      vertex -0.0887737 0.241957 0.167399
      vertex -0.0748444 0.250198 0.167399
      vertex -0.0808258 0.264008 0.167399
    endloop
  endfacet
  facet normal 0 0 1
    outer loop
      vertex -0.0975094 0.259041 0.167399
      vertex -0.0808258 0.264008 0.167399
      vertex -0.0859222 0.278168 0.167399
    endloop
  endfacet
  facet normal 0 0 1
    outer loop
      vertex -0.0680084 0.236786 0.167399
      vertex -0.0887737 0.241957 0.167399
      vertex -0.0791283 0.22554 0.167399
    endloop
  endfacet
  facet normal 0 0 1
    outer loop
      vertex -0.105301 0.276727 0.167399
      vertex -0.0859222 0.278168 0.167399
      vertex -0.0901184 0.292618 0.167399
    endloop
  endfacet
  facet normal -0 0 1
    outer loop
      vertex -0.112116 0.294943 0.167399
      vertex -0.0901184 0.292618 0.167399
      vertex -0.093399 0.307312 0.167399
    endloop
  endfacet
  facet normal -0 0 1
    outer loop
      vertex -0.117929 0.313618 0.167399
      vertex -0.093399 0.307312 0.167399
      vertex -0.0957489 0.322174 0.167399
    endloop
  endfacet
  facet normal -0 0 1
    outer loop
      vertex -0.122717 0.332678 0.167399
      vertex -0.0957489 0.322174 0.167399
      vertex -0.097168 0.337158 0.167399
    endloop
  endfacet
  facet normal 0 0 1
    outer loop
      vertex -0.0808258 0.264008 0.167399
      vertex -0.0975094 0.259041 0.167399
      vertex -0.0887737 0.241957 0.167399
    endloop
  endfacet
  facet normal 0 0 1
    outer loop
      vertex -0.122717 0.332678 0.167399
      vertex -0.097168 0.337158 0.167399
      vertex -0.097641 0.352188 0.167399
    endloop
  endfacet
  facet normal -0 0 1
    outer loop
      vertex -0.13076 0.431091 0.167399
      vertex -0.0859222 0.426224 0.167399
      vertex -0.129146 0.450852 0.167399
    endloop
  endfacet
  facet normal 0 0 1
    outer loop
      vertex -0.0859222 0.278168 0.167399
      vertex -0.105301 0.276727 0.167399
      vertex -0.0975094 0.259041 0.167399
    endloop
  endfacet
  facet normal 0 0 1
    outer loop
      vertex -0.0859222 0.426224 0.167399
      vertex -0.13076 0.431091 0.167399
      vertex -0.0901184 0.411758 0.167399
    endloop
  endfacet
  facet normal 0 0 1
    outer loop
      vertex -0.0901184 0.292618 0.167399
      vertex -0.112116 0.294943 0.167399
      vertex -0.105301 0.276727 0.167399
    endloop
  endfacet
  facet normal 0 0 1
    outer loop
      vertex -0.1313 0.411253 0.167399
      vertex -0.0901184 0.411758 0.167399
      vertex -0.13076 0.431091 0.167399
    endloop
  endfacet
  facet normal 0 0 1
    outer loop
      vertex -0.093399 0.307312 0.167399
      vertex -0.117929 0.313618 0.167399
      vertex -0.112116 0.294943 0.167399
    endloop
  endfacet
  facet normal 0 0 1
    outer loop
      vertex -0.0901184 0.411758 0.167399
      vertex -0.1313 0.411253 0.167399
      vertex -0.093399 0.397079 0.167399
    endloop
  endfacet
  facet normal 0 0 1
    outer loop
      vertex -0.0957489 0.322174 0.167399
      vertex -0.122717 0.332678 0.167399
      vertex -0.117929 0.313618 0.167399
    endloop
  endfacet
  facet normal 0 -0 1
    outer loop
      vertex -0.13076 0.391414 0.167399
      vertex -0.093399 0.397079 0.167399
      vertex -0.1313 0.411253 0.167399
    endloop
  endfacet
  facet normal 0 0 1
    outer loop
      vertex -0.097641 0.352188 0.167399
      vertex -0.126461 0.352049 0.167399
      vertex -0.122717 0.332678 0.167399
    endloop
  endfacet
  facet normal 0 0 1
    outer loop
      vertex -0.093399 0.397079 0.167399
      vertex -0.13076 0.391414 0.167399
      vertex -0.0957489 0.382217 0.167399
    endloop
  endfacet
  facet normal 0 0 1
    outer loop
      vertex -0.097168 0.367233 0.167399
      vertex -0.126461 0.352049 0.167399
      vertex -0.097641 0.352188 0.167399
    endloop
  endfacet
  facet normal 0 -0 1
    outer loop
      vertex -0.129146 0.371654 0.167399
      vertex -0.0957489 0.382217 0.167399
      vertex -0.13076 0.391414 0.167399
    endloop
  endfacet
  facet normal 0 -0 1
    outer loop
      vertex -0.126461 0.352049 0.167399
      vertex -0.097168 0.367233 0.167399
      vertex -0.129146 0.371654 0.167399
    endloop
  endfacet
  facet normal 0 0 1
    outer loop
      vertex -0.0957489 0.382217 0.167399
      vertex -0.129146 0.371654 0.167399
      vertex -0.097168 0.367233 0.167399
    endloop
  endfacet
  facet normal -0.996681 0.081405 0
    outer loop
      vertex -0.13076 0.431091 0.133699
      vertex -0.129146 0.450852 0.167399
      vertex -0.129146 0.450852 0.133699
    endloop
  endfacet
  facet normal -0.996681 0.081405 0
    outer loop
      vertex -0.129146 0.450852 0.167399
      vertex -0.13076 0.431091 0.133699
      vertex -0.13076 0.431091 0.167399
    endloop
  endfacet
  facet normal 0.384396 -0.923168 0
    outer loop
      vertex 0.22629 0.110764 0.133699
      vertex 0.242436 0.117487 0.167399
      vertex 0.22629 0.110764 0.167399
    endloop
  endfacet
  facet normal 0.384396 -0.923168 0
    outer loop
      vertex 0.242436 0.117487 0.167399
      vertex 0.22629 0.110764 0.133699
      vertex 0.242436 0.117487 0.133699
    endloop
  endfacet
  facet normal 0 0 1
    outer loop
      vertex 0.230072 0.574921 0.2654
      vertex 0.18071 0.542038 0.2654
      vertex 0.180786 0.539597 0.2654
    endloop
  endfacet
  facet normal 0 0 1
    outer loop
      vertex 0.186783 0.587494 0.2654
      vertex 0.180481 0.544464 0.2654
      vertex 0.18071 0.542038 0.2654
    endloop
  endfacet
  facet normal 0 0 1
    outer loop
      vertex 0.186783 0.587494 0.2654
      vertex 0.180099 0.546875 0.2654
      vertex 0.180481 0.544464 0.2654
    endloop
  endfacet
  facet normal 0 0 1
    outer loop
      vertex 0.186783 0.587494 0.2654
      vertex 0.179565 0.549271 0.2654
      vertex 0.180099 0.546875 0.2654
    endloop
  endfacet
  facet normal 0 0 1
    outer loop
      vertex 0.186783 0.587494 0.2654
      vertex 0.178894 0.55162 0.2654
      vertex 0.179565 0.549271 0.2654
    endloop
  endfacet
  facet normal 0 0 1
    outer loop
      vertex 0.164764 0.57106 0.2654
      vertex 0.180984 0.588425 0.2654
      vertex 0.178665 0.59021 0.2654
    endloop
  endfacet
  facet normal 0 0 1
    outer loop
      vertex 0.186783 0.587494 0.2654
      vertex 0.178055 0.553909 0.2654
      vertex 0.178894 0.55162 0.2654
    endloop
  endfacet
  facet normal 0 0 1
    outer loop
      vertex 0.186783 0.587494 0.2654
      vertex 0.177094 0.556152 0.2654
      vertex 0.178055 0.553909 0.2654
    endloop
  endfacet
  facet normal 0 0 1
    outer loop
      vertex 0.186783 0.587494 0.2654
      vertex 0.17598 0.558334 0.2654
      vertex 0.177094 0.556152 0.2654
    endloop
  endfacet
  facet normal 0 0 1
    outer loop
      vertex 0.164764 0.57106 0.2654
      vertex 0.178665 0.59021 0.2654
      vertex 0.175415 0.592422 0.2654
    endloop
  endfacet
  facet normal 0 0 1
    outer loop
      vertex 0.186783 0.587494 0.2654
      vertex 0.174744 0.56044 0.2654
      vertex 0.17598 0.558334 0.2654
    endloop
  endfacet
  facet normal 0 0 1
    outer loop
      vertex 0.186783 0.587494 0.2654
      vertex 0.17337 0.562454 0.2654
      vertex 0.174744 0.56044 0.2654
    endloop
  endfacet
  facet normal 0 0 1
    outer loop
      vertex 0.162735 0.572433 0.2654
      vertex 0.175415 0.592422 0.2654
      vertex 0.172043 0.594421 0.2654
    endloop
  endfacet
  facet normal 0 0 1
    outer loop
      vertex 0.186783 0.587494 0.2654
      vertex 0.17186 0.564392 0.2654
      vertex 0.17337 0.562454 0.2654
    endloop
  endfacet
  facet normal 0 0 1
    outer loop
      vertex 0.180984 0.588425 0.2654
      vertex 0.170242 0.566223 0.2654
      vertex 0.17186 0.564392 0.2654
    endloop
  endfacet
  facet normal 0 0 1
    outer loop
      vertex 0.160629 0.573685 0.2654
      vertex 0.172043 0.594421 0.2654
      vertex 0.168533 0.596207 0.2654
    endloop
  endfacet
  facet normal 0 0 1
    outer loop
      vertex 0.180984 0.588425 0.2654
      vertex 0.168518 0.567947 0.2654
      vertex 0.170242 0.566223 0.2654
    endloop
  endfacet
  facet normal 0 0 1
    outer loop
      vertex 0.180984 0.588425 0.2654
      vertex 0.166687 0.569565 0.2654
      vertex 0.168518 0.567947 0.2654
    endloop
  endfacet
  facet normal 0 0 1
    outer loop
      vertex 0.158463 0.574783 0.2654
      vertex 0.168533 0.596207 0.2654
      vertex 0.164932 0.597763 0.2654
    endloop
  endfacet
  facet normal 0 0 1
    outer loop
      vertex 0.180984 0.588425 0.2654
      vertex 0.164764 0.57106 0.2654
      vertex 0.166687 0.569565 0.2654
    endloop
  endfacet
  facet normal 0 0 1
    outer loop
      vertex 0.175415 0.592422 0.2654
      vertex 0.162735 0.572433 0.2654
      vertex 0.164764 0.57106 0.2654
    endloop
  endfacet
  facet normal 0 0 1
    outer loop
      vertex 0.156219 0.57576 0.2654
      vertex 0.164932 0.597763 0.2654
      vertex 0.161224 0.599106 0.2654
    endloop
  endfacet
  facet normal 0 0 1
    outer loop
      vertex 0.172043 0.594421 0.2654
      vertex 0.160629 0.573685 0.2654
      vertex 0.162735 0.572433 0.2654
    endloop
  endfacet
  facet normal 0 0 1
    outer loop
      vertex 0.168533 0.596207 0.2654
      vertex 0.158463 0.574783 0.2654
      vertex 0.160629 0.573685 0.2654
    endloop
  endfacet
  facet normal 0 0 1
    outer loop
      vertex 0.153915 0.576584 0.2654
      vertex 0.161224 0.599106 0.2654
      vertex 0.157455 0.600189 0.2654
    endloop
  endfacet
  facet normal 0 0 1
    outer loop
      vertex 0.164932 0.597763 0.2654
      vertex 0.156219 0.57576 0.2654
      vertex 0.158463 0.574783 0.2654
    endloop
  endfacet
  facet normal 0 0 1
    outer loop
      vertex 0.161224 0.599106 0.2654
      vertex 0.153915 0.576584 0.2654
      vertex 0.156219 0.57576 0.2654
    endloop
  endfacet
  facet normal 0 0 1
    outer loop
      vertex 0.151566 0.577271 0.2654
      vertex 0.157455 0.600189 0.2654
      vertex 0.15361 0.601059 0.2654
    endloop
  endfacet
  facet normal 0 0 1
    outer loop
      vertex 0.157455 0.600189 0.2654
      vertex 0.151566 0.577271 0.2654
      vertex 0.153915 0.576584 0.2654
    endloop
  endfacet
  facet normal 0 0 1
    outer loop
      vertex 0.149185 0.577805 0.2654
      vertex 0.15361 0.601059 0.2654
      vertex 0.149734 0.601669 0.2654
    endloop
  endfacet
  facet normal 0 0 1
    outer loop
      vertex 0.15361 0.601059 0.2654
      vertex 0.149185 0.577805 0.2654
      vertex 0.151566 0.577271 0.2654
    endloop
  endfacet
  facet normal 0 0 1
    outer loop
      vertex 0.149734 0.601669 0.2654
      vertex 0.146774 0.578186 0.2654
      vertex 0.149185 0.577805 0.2654
    endloop
  endfacet
  facet normal 0 0 1
    outer loop
      vertex 0.145828 0.602036 0.2654
      vertex 0.146774 0.578186 0.2654
      vertex 0.149734 0.601669 0.2654
    endloop
  endfacet
  facet normal 0 0 1
    outer loop
      vertex 0.145828 0.602036 0.2654
      vertex 0.144333 0.578415 0.2654
      vertex 0.146774 0.578186 0.2654
    endloop
  endfacet
  facet normal 0 0 1
    outer loop
      vertex 0.141891 0.602158 0.2654
      vertex 0.144333 0.578415 0.2654
      vertex 0.145828 0.602036 0.2654
    endloop
  endfacet
  facet normal 0 0 1
    outer loop
      vertex 0.141891 0.602158 0.2654
      vertex 0.141891 0.578491 0.2654
      vertex 0.144333 0.578415 0.2654
    endloop
  endfacet
  facet normal 0 0 1
    outer loop
      vertex 0.141891 0.602158 0.2654
      vertex 0.13945 0.578415 0.2654
      vertex 0.141891 0.578491 0.2654
    endloop
  endfacet
  facet normal -0 0 1
    outer loop
      vertex 0.13797 0.602036 0.2654
      vertex 0.13945 0.578415 0.2654
      vertex 0.141891 0.602158 0.2654
    endloop
  endfacet
  facet normal 0 0 1
    outer loop
      vertex 0.13797 0.602036 0.2654
      vertex 0.137024 0.578186 0.2654
      vertex 0.13945 0.578415 0.2654
    endloop
  endfacet
  facet normal -0 0 1
    outer loop
      vertex 0.134048 0.601669 0.2654
      vertex 0.137024 0.578186 0.2654
      vertex 0.13797 0.602036 0.2654
    endloop
  endfacet
  facet normal 0 0 1
    outer loop
      vertex 0.137024 0.578186 0.2654
      vertex 0.134048 0.601669 0.2654
      vertex 0.134598 0.577805 0.2654
    endloop
  endfacet
  facet normal -0 0 1
    outer loop
      vertex 0.130173 0.601059 0.2654
      vertex 0.134598 0.577805 0.2654
      vertex 0.134048 0.601669 0.2654
    endloop
  endfacet
  facet normal 0 0 1
    outer loop
      vertex 0.134598 0.577805 0.2654
      vertex 0.130173 0.601059 0.2654
      vertex 0.132217 0.577271 0.2654
    endloop
  endfacet
  facet normal -0 0 1
    outer loop
      vertex 0.126328 0.600189 0.2654
      vertex 0.132217 0.577271 0.2654
      vertex 0.130173 0.601059 0.2654
    endloop
  endfacet
  facet normal 0 0 1
    outer loop
      vertex 0.132217 0.577271 0.2654
      vertex 0.126328 0.600189 0.2654
      vertex 0.129868 0.576584 0.2654
    endloop
  endfacet
  facet normal -0 0 1
    outer loop
      vertex 0.122559 0.599106 0.2654
      vertex 0.129868 0.576584 0.2654
      vertex 0.126328 0.600189 0.2654
    endloop
  endfacet
  facet normal 0 0 1
    outer loop
      vertex 0.129868 0.576584 0.2654
      vertex 0.122559 0.599106 0.2654
      vertex 0.127579 0.57576 0.2654
    endloop
  endfacet
  facet normal -0 0 1
    outer loop
      vertex 0.118866 0.597763 0.2654
      vertex 0.127579 0.57576 0.2654
      vertex 0.122559 0.599106 0.2654
    endloop
  endfacet
  facet normal 0 0 1
    outer loop
      vertex 0.127579 0.57576 0.2654
      vertex 0.118866 0.597763 0.2654
      vertex 0.125336 0.574783 0.2654
    endloop
  endfacet
  facet normal -0 0 1
    outer loop
      vertex 0.11525 0.596207 0.2654
      vertex 0.125336 0.574783 0.2654
      vertex 0.118866 0.597763 0.2654
    endloop
  endfacet
  facet normal 0 0 1
    outer loop
      vertex 0.125336 0.574783 0.2654
      vertex 0.11525 0.596207 0.2654
      vertex 0.123154 0.573685 0.2654
    endloop
  endfacet
  facet normal -0 0 1
    outer loop
      vertex 0.111755 0.594421 0.2654
      vertex 0.123154 0.573685 0.2654
      vertex 0.11525 0.596207 0.2654
    endloop
  endfacet
  facet normal 0 0 1
    outer loop
      vertex 0.123154 0.573685 0.2654
      vertex 0.111755 0.594421 0.2654
      vertex 0.121048 0.572433 0.2654
    endloop
  endfacet
  facet normal -0 0 1
    outer loop
      vertex 0.108368 0.592422 0.2654
      vertex 0.121048 0.572433 0.2654
      vertex 0.111755 0.594421 0.2654
    endloop
  endfacet
  facet normal 0 0 1
    outer loop
      vertex 0.121048 0.572433 0.2654
      vertex 0.108368 0.592422 0.2654
      vertex 0.119034 0.57106 0.2654
    endloop
  endfacet
  facet normal -0 0 1
    outer loop
      vertex 0.105118 0.59021 0.2654
      vertex 0.119034 0.57106 0.2654
      vertex 0.108368 0.592422 0.2654
    endloop
  endfacet
  facet normal -0 0 1
    outer loop
      vertex 0.102798 0.588425 0.2654
      vertex 0.119034 0.57106 0.2654
      vertex 0.105118 0.59021 0.2654
    endloop
  endfacet
  facet normal 0 0 1
    outer loop
      vertex 0.119034 0.57106 0.2654
      vertex 0.102798 0.588425 0.2654
      vertex 0.117096 0.569565 0.2654
    endloop
  endfacet
  facet normal 0 0 1
    outer loop
      vertex 0.117096 0.569565 0.2654
      vertex 0.102798 0.588425 0.2654
      vertex 0.115265 0.567947 0.2654
    endloop
  endfacet
  facet normal 0 0 1
    outer loop
      vertex 0.115265 0.567947 0.2654
      vertex 0.102798 0.588425 0.2654
      vertex 0.113541 0.566223 0.2654
    endloop
  endfacet
  facet normal 0 0 1
    outer loop
      vertex 0.113541 0.566223 0.2654
      vertex 0.102798 0.588425 0.2654
      vertex 0.111923 0.564392 0.2654
    endloop
  endfacet
  facet normal -0 0 1
    outer loop
      vertex 0.0970001 0.587494 0.2654
      vertex 0.111923 0.564392 0.2654
      vertex 0.102798 0.588425 0.2654
    endloop
  endfacet
  facet normal 0 0 1
    outer loop
      vertex 0.111923 0.564392 0.2654
      vertex 0.0970001 0.587494 0.2654
      vertex 0.110428 0.562454 0.2654
    endloop
  endfacet
  facet normal 0 0 1
    outer loop
      vertex 0.110428 0.562454 0.2654
      vertex 0.0970001 0.587494 0.2654
      vertex 0.109055 0.56044 0.2654
    endloop
  endfacet
  facet normal -0 0 1
    outer loop
      vertex 0.0823212 0.584213 0.2654
      vertex 0.109055 0.56044 0.2654
      vertex 0.0970001 0.587494 0.2654
    endloop
  endfacet
  facet normal 0 0 1
    outer loop
      vertex 0.109055 0.56044 0.2654
      vertex 0.0823212 0.584213 0.2654
      vertex 0.107803 0.558334 0.2654
    endloop
  endfacet
  facet normal 0 0 1
    outer loop
      vertex 0.107803 0.558334 0.2654
      vertex 0.0823212 0.584213 0.2654
      vertex 0.106689 0.556152 0.2654
    endloop
  endfacet
  facet normal 0 0 1
    outer loop
      vertex 0.106689 0.556152 0.2654
      vertex 0.0823212 0.584213 0.2654
      vertex 0.105728 0.553909 0.2654
    endloop
  endfacet
  facet normal 0 0 1
    outer loop
      vertex 0.105728 0.553909 0.2654
      vertex 0.0823212 0.584213 0.2654
      vertex 0.104889 0.55162 0.2654
    endloop
  endfacet
  facet normal -0 0 1
    outer loop
      vertex 0.0678711 0.580017 0.2654
      vertex 0.104889 0.55162 0.2654
      vertex 0.0823212 0.584213 0.2654
    endloop
  endfacet
  facet normal 0 0 1
    outer loop
      vertex 0.104218 0.549271 0.2654
      vertex 0.0678711 0.580017 0.2654
      vertex 0.103683 0.546875 0.2654
    endloop
  endfacet
  facet normal 0 0 1
    outer loop
      vertex 0.104889 0.55162 0.2654
      vertex 0.0678711 0.580017 0.2654
      vertex 0.104218 0.549271 0.2654
    endloop
  endfacet
  facet normal 0 0 1
    outer loop
      vertex 0.213287 0.352188 0.2654
      vertex 0.381439 0.352188 0.2654
      vertex 0.380966 0.367233 0.2654
    endloop
  endfacet
  facet normal 0 0 1
    outer loop
      vertex 0.21315 0.356674 0.2654
      vertex 0.380966 0.367233 0.2654
      vertex 0.379547 0.382217 0.2654
    endloop
  endfacet
  facet normal 0 0 1
    outer loop
      vertex 0.381439 0.352188 0.2654
      vertex 0.213287 0.352188 0.2654
      vertex 0.380966 0.337158 0.2654
    endloop
  endfacet
  facet normal 0 0 1
    outer loop
      vertex 0.212723 0.361145 0.2654
      vertex 0.379547 0.382217 0.2654
      vertex 0.377197 0.397079 0.2654
    endloop
  endfacet
  facet normal -0 0 1
    outer loop
      vertex 0.21315 0.347702 0.2654
      vertex 0.380966 0.337158 0.2654
      vertex 0.213287 0.352188 0.2654
    endloop
  endfacet
  facet normal 0 0 1
    outer loop
      vertex 0.212021 0.36557 0.2654
      vertex 0.377197 0.397079 0.2654
      vertex 0.373917 0.411758 0.2654
    endloop
  endfacet
  facet normal 0 0 1
    outer loop
      vertex 0.380966 0.337158 0.2654
      vertex 0.21315 0.347702 0.2654
      vertex 0.379547 0.322174 0.2654
    endloop
  endfacet
  facet normal 0 0 1
    outer loop
      vertex 0.211044 0.369949 0.2654
      vertex 0.373917 0.411758 0.2654
      vertex 0.36972 0.426224 0.2654
    endloop
  endfacet
  facet normal -0 0 1
    outer loop
      vertex 0.212723 0.343246 0.2654
      vertex 0.379547 0.322174 0.2654
      vertex 0.21315 0.347702 0.2654
    endloop
  endfacet
  facet normal 0 0 1
    outer loop
      vertex 0.209793 0.374252 0.2654
      vertex 0.36972 0.426224 0.2654
      vertex 0.364624 0.440384 0.2654
    endloop
  endfacet
  facet normal 0 0 1
    outer loop
      vertex 0.379547 0.322174 0.2654
      vertex 0.212723 0.343246 0.2654
      vertex 0.377197 0.307312 0.2654
    endloop
  endfacet
  facet normal 0 0 1
    outer loop
      vertex 0.208282 0.378479 0.2654
      vertex 0.364624 0.440384 0.2654
      vertex 0.358643 0.454193 0.2654
    endloop
  endfacet
  facet normal -0 0 1
    outer loop
      vertex 0.212021 0.338806 0.2654
      vertex 0.377197 0.307312 0.2654
      vertex 0.212723 0.343246 0.2654
    endloop
  endfacet
  facet normal 0 0 1
    outer loop
      vertex 0.206497 0.382599 0.2654
      vertex 0.358643 0.454193 0.2654
      vertex 0.351807 0.46759 0.2654
    endloop
  endfacet
  facet normal 0 0 1
    outer loop
      vertex 0.377197 0.307312 0.2654
      vertex 0.212021 0.338806 0.2654
      vertex 0.373917 0.292618 0.2654
    endloop
  endfacet
  facet normal 0 0 1
    outer loop
      vertex 0.204468 0.386597 0.2654
      vertex 0.351807 0.46759 0.2654
      vertex 0.344147 0.480545 0.2654
    endloop
  endfacet
  facet normal -0 0 1
    outer loop
      vertex 0.211044 0.334442 0.2654
      vertex 0.373917 0.292618 0.2654
      vertex 0.212021 0.338806 0.2654
    endloop
  endfacet
  facet normal 0 0 1
    outer loop
      vertex 0.202179 0.390457 0.2654
      vertex 0.344147 0.480545 0.2654
      vertex 0.335693 0.492996 0.2654
    endloop
  endfacet
  facet normal 0 0 1
    outer loop
      vertex 0.373917 0.292618 0.2654
      vertex 0.211044 0.334442 0.2654
      vertex 0.36972 0.278168 0.2654
    endloop
  endfacet
  facet normal 0 0 1
    outer loop
      vertex 0.199661 0.394165 0.2654
      vertex 0.335693 0.492996 0.2654
      vertex 0.326462 0.504883 0.2654
    endloop
  endfacet
  facet normal -0 0 1
    outer loop
      vertex 0.209793 0.330124 0.2654
      vertex 0.36972 0.278168 0.2654
      vertex 0.211044 0.334442 0.2654
    endloop
  endfacet
  facet normal 0 0 1
    outer loop
      vertex 0.196899 0.397705 0.2654
      vertex 0.326462 0.504883 0.2654
      vertex 0.316513 0.516174 0.2654
    endloop
  endfacet
  facet normal 0 0 1
    outer loop
      vertex 0.36972 0.278168 0.2654
      vertex 0.209793 0.330124 0.2654
      vertex 0.364624 0.264008 0.2654
    endloop
  endfacet
  facet normal 0 0 1
    outer loop
      vertex 0.193939 0.401062 0.2654
      vertex 0.316513 0.516174 0.2654
      vertex 0.305878 0.52681 0.2654
    endloop
  endfacet
  facet normal -0 0 1
    outer loop
      vertex 0.208282 0.325912 0.2654
      vertex 0.364624 0.264008 0.2654
      vertex 0.209793 0.330124 0.2654
    endloop
  endfacet
  facet normal 0 0 1
    outer loop
      vertex 0.190765 0.404236 0.2654
      vertex 0.305878 0.52681 0.2654
      vertex 0.294586 0.536774 0.2654
    endloop
  endfacet
  facet normal 0 0 1
    outer loop
      vertex 0.364624 0.264008 0.2654
      vertex 0.208282 0.325912 0.2654
      vertex 0.358643 0.250198 0.2654
    endloop
  endfacet
  facet normal 0 0 1
    outer loop
      vertex 0.174744 0.518753 0.2654
      vertex 0.294586 0.536774 0.2654
      vertex 0.2827 0.54599 0.2654
    endloop
  endfacet
  facet normal -0 0 1
    outer loop
      vertex 0.206497 0.321793 0.2654
      vertex 0.358643 0.250198 0.2654
      vertex 0.208282 0.325912 0.2654
    endloop
  endfacet
  facet normal 0 0 1
    outer loop
      vertex 0.177094 0.523026 0.2654
      vertex 0.2827 0.54599 0.2654
      vertex 0.270248 0.554459 0.2654
    endloop
  endfacet
  facet normal 0 0 1
    outer loop
      vertex 0.358643 0.250198 0.2654
      vertex 0.206497 0.321793 0.2654
      vertex 0.351807 0.236786 0.2654
    endloop
  endfacet
  facet normal 0 0 1
    outer loop
      vertex 0.178894 0.527573 0.2654
      vertex 0.270248 0.554459 0.2654
      vertex 0.257294 0.562119 0.2654
    endloop
  endfacet
  facet normal -0 0 1
    outer loop
      vertex 0.204468 0.317795 0.2654
      vertex 0.351807 0.236786 0.2654
      vertex 0.206497 0.321793 0.2654
    endloop
  endfacet
  facet normal 0 0 1
    outer loop
      vertex 0.180099 0.532303 0.2654
      vertex 0.257294 0.562119 0.2654
      vertex 0.243881 0.568939 0.2654
    endloop
  endfacet
  facet normal 0 0 1
    outer loop
      vertex 0.351807 0.236786 0.2654
      vertex 0.204468 0.317795 0.2654
      vertex 0.344147 0.223831 0.2654
    endloop
  endfacet
  facet normal 0 0 1
    outer loop
      vertex 0.18071 0.537155 0.2654
      vertex 0.243881 0.568939 0.2654
      vertex 0.230072 0.574921 0.2654
    endloop
  endfacet
  facet normal -0 0 1
    outer loop
      vertex 0.202179 0.313934 0.2654
      vertex 0.344147 0.223831 0.2654
      vertex 0.204468 0.317795 0.2654
    endloop
  endfacet
  facet normal 0 0 1
    outer loop
      vertex 0.18071 0.542038 0.2654
      vertex 0.230072 0.574921 0.2654
      vertex 0.215912 0.580017 0.2654
    endloop
  endfacet
  facet normal 0 0 1
    outer loop
      vertex 0.344147 0.223831 0.2654
      vertex 0.202179 0.313934 0.2654
      vertex 0.335693 0.211395 0.2654
    endloop
  endfacet
  facet normal -0 0 1
    outer loop
      vertex 0.199661 0.310226 0.2654
      vertex 0.335693 0.211395 0.2654
      vertex 0.202179 0.313934 0.2654
    endloop
  endfacet
  facet normal 0 0 1
    outer loop
      vertex 0.380966 0.367233 0.2654
      vertex 0.21315 0.356674 0.2654
      vertex 0.213287 0.352188 0.2654
    endloop
  endfacet
  facet normal 0 0 1
    outer loop
      vertex 0.379547 0.382217 0.2654
      vertex 0.212723 0.361145 0.2654
      vertex 0.21315 0.356674 0.2654
    endloop
  endfacet
  facet normal 0 0 1
    outer loop
      vertex 0.377197 0.397079 0.2654
      vertex 0.212021 0.36557 0.2654
      vertex 0.212723 0.361145 0.2654
    endloop
  endfacet
  facet normal 0 0 1
    outer loop
      vertex 0.373917 0.411758 0.2654
      vertex 0.211044 0.369949 0.2654
      vertex 0.212021 0.36557 0.2654
    endloop
  endfacet
  facet normal 0 0 1
    outer loop
      vertex 0.36972 0.426224 0.2654
      vertex 0.209793 0.374252 0.2654
      vertex 0.211044 0.369949 0.2654
    endloop
  endfacet
  facet normal 0 0 1
    outer loop
      vertex 0.364624 0.440384 0.2654
      vertex 0.208282 0.378479 0.2654
      vertex 0.209793 0.374252 0.2654
    endloop
  endfacet
  facet normal 0 0 1
    outer loop
      vertex 0.358643 0.454193 0.2654
      vertex 0.206497 0.382599 0.2654
      vertex 0.208282 0.378479 0.2654
    endloop
  endfacet
  facet normal 0 0 1
    outer loop
      vertex 0.351807 0.46759 0.2654
      vertex 0.204468 0.386597 0.2654
      vertex 0.206497 0.382599 0.2654
    endloop
  endfacet
  facet normal 0 0 1
    outer loop
      vertex 0.344147 0.480545 0.2654
      vertex 0.202179 0.390457 0.2654
      vertex 0.204468 0.386597 0.2654
    endloop
  endfacet
  facet normal 0 0 1
    outer loop
      vertex 0.18071 0.542038 0.2654
      vertex 0.215912 0.580017 0.2654
      vertex 0.201462 0.584213 0.2654
    endloop
  endfacet
  facet normal 0 0 1
    outer loop
      vertex 0.257294 0.562119 0.2654
      vertex 0.179565 0.529922 0.2654
      vertex 0.178894 0.527573 0.2654
    endloop
  endfacet
  facet normal 0 0 1
    outer loop
      vertex 0.335693 0.492996 0.2654
      vertex 0.199661 0.394165 0.2654
      vertex 0.202179 0.390457 0.2654
    endloop
  endfacet
  facet normal 0 0 1
    outer loop
      vertex 0.270248 0.554459 0.2654
      vertex 0.178894 0.527573 0.2654
      vertex 0.178055 0.525269 0.2654
    endloop
  endfacet
  facet normal 0 0 1
    outer loop
      vertex 0.270248 0.554459 0.2654
      vertex 0.178055 0.525269 0.2654
      vertex 0.177094 0.523026 0.2654
    endloop
  endfacet
  facet normal 0 0 1
    outer loop
      vertex 0.326462 0.504883 0.2654
      vertex 0.196899 0.397705 0.2654
      vertex 0.199661 0.394165 0.2654
    endloop
  endfacet
  facet normal 0 0 1
    outer loop
      vertex 0.18071 0.542038 0.2654
      vertex 0.201462 0.584213 0.2654
      vertex 0.186783 0.587494 0.2654
    endloop
  endfacet
  facet normal 0 0 1
    outer loop
      vertex 0.243881 0.568939 0.2654
      vertex 0.18071 0.537155 0.2654
      vertex 0.180481 0.534714 0.2654
    endloop
  endfacet
  facet normal 0 0 1
    outer loop
      vertex 0.17186 0.564392 0.2654
      vertex 0.186783 0.587494 0.2654
      vertex 0.180984 0.588425 0.2654
    endloop
  endfacet
  facet normal 0 0 1
    outer loop
      vertex 0.230072 0.574921 0.2654
      vertex 0.180786 0.539597 0.2654
      vertex 0.18071 0.537155 0.2654
    endloop
  endfacet
  facet normal 0 0 1
    outer loop
      vertex 0.243881 0.568939 0.2654
      vertex 0.180481 0.534714 0.2654
      vertex 0.180099 0.532303 0.2654
    endloop
  endfacet
  facet normal 0 0 1
    outer loop
      vertex 0.257294 0.562119 0.2654
      vertex 0.180099 0.532303 0.2654
      vertex 0.179565 0.529922 0.2654
    endloop
  endfacet
  facet normal 0 0 1
    outer loop
      vertex 0.2827 0.54599 0.2654
      vertex 0.177094 0.523026 0.2654
      vertex 0.17598 0.520859 0.2654
    endloop
  endfacet
  facet normal 0 0 1
    outer loop
      vertex 0.316513 0.516174 0.2654
      vertex 0.193939 0.401062 0.2654
      vertex 0.196899 0.397705 0.2654
    endloop
  endfacet
  facet normal 0 0 1
    outer loop
      vertex 0.2827 0.54599 0.2654
      vertex 0.17598 0.520859 0.2654
      vertex 0.174744 0.518753 0.2654
    endloop
  endfacet
  facet normal 0 0 1
    outer loop
      vertex 0.305878 0.52681 0.2654
      vertex 0.190765 0.404236 0.2654
      vertex 0.193939 0.401062 0.2654
    endloop
  endfacet
  facet normal 0 0 1
    outer loop
      vertex 0.294586 0.536774 0.2654
      vertex 0.174744 0.518753 0.2654
      vertex 0.187408 0.407211 0.2654
    endloop
  endfacet
  facet normal 0 0 1
    outer loop
      vertex 0.294586 0.536774 0.2654
      vertex 0.187408 0.407211 0.2654
      vertex 0.190765 0.404236 0.2654
    endloop
  endfacet
  facet normal -0 0 1
    outer loop
      vertex 0.17337 0.516724 0.2654
      vertex 0.187408 0.407211 0.2654
      vertex 0.174744 0.518753 0.2654
    endloop
  endfacet
  facet normal 0 0 1
    outer loop
      vertex 0.187408 0.407211 0.2654
      vertex 0.17337 0.516724 0.2654
      vertex 0.183853 0.409958 0.2654
    endloop
  endfacet
  facet normal -0 0 1
    outer loop
      vertex 0.17186 0.514801 0.2654
      vertex 0.183853 0.409958 0.2654
      vertex 0.17337 0.516724 0.2654
    endloop
  endfacet
  facet normal -0 0 1
    outer loop
      vertex 0.170242 0.51297 0.2654
      vertex 0.183853 0.409958 0.2654
      vertex 0.17186 0.514801 0.2654
    endloop
  endfacet
  facet normal 0 0 1
    outer loop
      vertex 0.183853 0.409958 0.2654
      vertex 0.170242 0.51297 0.2654
      vertex 0.180145 0.412476 0.2654
    endloop
  endfacet
  facet normal -0 0 1
    outer loop
      vertex 0.168518 0.51123 0.2654
      vertex 0.180145 0.412476 0.2654
      vertex 0.170242 0.51297 0.2654
    endloop
  endfacet
  facet normal 0 0 1
    outer loop
      vertex 0.180145 0.412476 0.2654
      vertex 0.168518 0.51123 0.2654
      vertex 0.176285 0.414764 0.2654
    endloop
  endfacet
  facet normal -0 0 1
    outer loop
      vertex 0.166687 0.509613 0.2654
      vertex 0.176285 0.414764 0.2654
      vertex 0.168518 0.51123 0.2654
    endloop
  endfacet
  facet normal 0 0 1
    outer loop
      vertex 0.176285 0.414764 0.2654
      vertex 0.166687 0.509613 0.2654
      vertex 0.172287 0.416794 0.2654
    endloop
  endfacet
  facet normal -0 0 1
    outer loop
      vertex 0.164764 0.508118 0.2654
      vertex 0.172287 0.416794 0.2654
      vertex 0.166687 0.509613 0.2654
    endloop
  endfacet
  facet normal -0 0 1
    outer loop
      vertex 0.162735 0.506744 0.2654
      vertex 0.172287 0.416794 0.2654
      vertex 0.164764 0.508118 0.2654
    endloop
  endfacet
  facet normal 0 0 1
    outer loop
      vertex 0.172287 0.416794 0.2654
      vertex 0.162735 0.506744 0.2654
      vertex 0.168182 0.418579 0.2654
    endloop
  endfacet
  facet normal -0 0 1
    outer loop
      vertex 0.160629 0.505508 0.2654
      vertex 0.168182 0.418579 0.2654
      vertex 0.162735 0.506744 0.2654
    endloop
  endfacet
  facet normal 0 0 1
    outer loop
      vertex 0.168182 0.418579 0.2654
      vertex 0.160629 0.505508 0.2654
      vertex 0.163956 0.420105 0.2654
    endloop
  endfacet
  facet normal -0 0 1
    outer loop
      vertex 0.158463 0.504395 0.2654
      vertex 0.163956 0.420105 0.2654
      vertex 0.160629 0.505508 0.2654
    endloop
  endfacet
  facet normal -0 0 1
    outer loop
      vertex 0.156219 0.503418 0.2654
      vertex 0.163956 0.420105 0.2654
      vertex 0.158463 0.504395 0.2654
    endloop
  endfacet
  facet normal 0 0 1
    outer loop
      vertex 0.163956 0.420105 0.2654
      vertex 0.156219 0.503418 0.2654
      vertex 0.159653 0.421356 0.2654
    endloop
  endfacet
  facet normal -0 0 1
    outer loop
      vertex 0.153915 0.502594 0.2654
      vertex 0.159653 0.421356 0.2654
      vertex 0.156219 0.503418 0.2654
    endloop
  endfacet
  facet normal 0 0 1
    outer loop
      vertex 0.159653 0.421356 0.2654
      vertex 0.153915 0.502594 0.2654
      vertex 0.155273 0.422333 0.2654
    endloop
  endfacet
  facet normal -0 0 1
    outer loop
      vertex 0.151566 0.501907 0.2654
      vertex 0.155273 0.422333 0.2654
      vertex 0.153915 0.502594 0.2654
    endloop
  endfacet
  facet normal 0 0 1
    outer loop
      vertex 0.151566 0.501907 0.2654
      vertex 0.150848 0.423035 0.2654
      vertex 0.155273 0.422333 0.2654
    endloop
  endfacet
  facet normal -0 0 1
    outer loop
      vertex 0.149185 0.501389 0.2654
      vertex 0.150848 0.423035 0.2654
      vertex 0.151566 0.501907 0.2654
    endloop
  endfacet
  facet normal -0 0 1
    outer loop
      vertex 0.146774 0.500992 0.2654
      vertex 0.150848 0.423035 0.2654
      vertex 0.149185 0.501389 0.2654
    endloop
  endfacet
  facet normal 0 0 1
    outer loop
      vertex 0.146774 0.500992 0.2654
      vertex 0.146378 0.423447 0.2654
      vertex 0.150848 0.423035 0.2654
    endloop
  endfacet
  facet normal -0 0 1
    outer loop
      vertex 0.144333 0.500763 0.2654
      vertex 0.146378 0.423447 0.2654
      vertex 0.146774 0.500992 0.2654
    endloop
  endfacet
  facet normal 0 0 1
    outer loop
      vertex 0.141891 0.423599 0.2654
      vertex 0.144333 0.500763 0.2654
      vertex 0.141891 0.500687 0.2654
    endloop
  endfacet
  facet normal 0 0 1
    outer loop
      vertex 0.144333 0.500763 0.2654
      vertex 0.141891 0.423599 0.2654
      vertex 0.146378 0.423447 0.2654
    endloop
  endfacet
  facet normal 0 0 1
    outer loop
      vertex 0.13945 0.500763 0.2654
      vertex 0.141891 0.423599 0.2654
      vertex 0.141891 0.500687 0.2654
    endloop
  endfacet
  facet normal 0 0 1
    outer loop
      vertex 0.13945 0.500763 0.2654
      vertex 0.137405 0.423447 0.2654
      vertex 0.141891 0.423599 0.2654
    endloop
  endfacet
  facet normal 0 0 1
    outer loop
      vertex 0.137024 0.500992 0.2654
      vertex 0.137405 0.423447 0.2654
      vertex 0.13945 0.500763 0.2654
    endloop
  endfacet
  facet normal 0 0 1
    outer loop
      vertex 0.13295 0.423035 0.2654
      vertex 0.137024 0.500992 0.2654
      vertex 0.134598 0.501389 0.2654
    endloop
  endfacet
  facet normal 0 0 1
    outer loop
      vertex 0.137024 0.500992 0.2654
      vertex 0.13295 0.423035 0.2654
      vertex 0.137405 0.423447 0.2654
    endloop
  endfacet
  facet normal 0 0 1
    outer loop
      vertex 0.132217 0.501907 0.2654
      vertex 0.13295 0.423035 0.2654
      vertex 0.134598 0.501389 0.2654
    endloop
  endfacet
  facet normal 0 0 1
    outer loop
      vertex 0.12851 0.422333 0.2654
      vertex 0.132217 0.501907 0.2654
      vertex 0.129868 0.502594 0.2654
    endloop
  endfacet
  facet normal 0 0 1
    outer loop
      vertex 0.132217 0.501907 0.2654
      vertex 0.12851 0.422333 0.2654
      vertex 0.13295 0.423035 0.2654
    endloop
  endfacet
  facet normal 0 0 1
    outer loop
      vertex 0.12413 0.421356 0.2654
      vertex 0.129868 0.502594 0.2654
      vertex 0.127579 0.503418 0.2654
    endloop
  endfacet
  facet normal 0 0 1
    outer loop
      vertex 0.119827 0.420105 0.2654
      vertex 0.127579 0.503418 0.2654
      vertex 0.125336 0.504395 0.2654
    endloop
  endfacet
  facet normal 0 0 1
    outer loop
      vertex 0.129868 0.502594 0.2654
      vertex 0.12413 0.421356 0.2654
      vertex 0.12851 0.422333 0.2654
    endloop
  endfacet
  facet normal 0 0 1
    outer loop
      vertex 0.119827 0.420105 0.2654
      vertex 0.125336 0.504395 0.2654
      vertex 0.123154 0.505508 0.2654
    endloop
  endfacet
  facet normal 0 0 1
    outer loop
      vertex 0.115616 0.418579 0.2654
      vertex 0.123154 0.505508 0.2654
      vertex 0.121048 0.506744 0.2654
    endloop
  endfacet
  facet normal 0 0 1
    outer loop
      vertex 0.127579 0.503418 0.2654
      vertex 0.119827 0.420105 0.2654
      vertex 0.12413 0.421356 0.2654
    endloop
  endfacet
  facet normal 0 0 1
    outer loop
      vertex 0.111496 0.416794 0.2654
      vertex 0.121048 0.506744 0.2654
      vertex 0.119034 0.508118 0.2654
    endloop
  endfacet
  facet normal 0 0 1
    outer loop
      vertex 0.111496 0.416794 0.2654
      vertex 0.119034 0.508118 0.2654
      vertex 0.117096 0.509613 0.2654
    endloop
  endfacet
  facet normal 0 0 1
    outer loop
      vertex 0.123154 0.505508 0.2654
      vertex 0.115616 0.418579 0.2654
      vertex 0.119827 0.420105 0.2654
    endloop
  endfacet
  facet normal 0 0 1
    outer loop
      vertex 0.107498 0.414764 0.2654
      vertex 0.117096 0.509613 0.2654
      vertex 0.115265 0.51123 0.2654
    endloop
  endfacet
  facet normal 0 0 1
    outer loop
      vertex 0.103638 0.412476 0.2654
      vertex 0.115265 0.51123 0.2654
      vertex 0.113541 0.51297 0.2654
    endloop
  endfacet
  facet normal 0 0 1
    outer loop
      vertex 0.0999298 0.409958 0.2654
      vertex 0.113541 0.51297 0.2654
      vertex 0.111923 0.514801 0.2654
    endloop
  endfacet
  facet normal 0 0 1
    outer loop
      vertex 0.121048 0.506744 0.2654
      vertex 0.111496 0.416794 0.2654
      vertex 0.115616 0.418579 0.2654
    endloop
  endfacet
  facet normal 0 0 1
    outer loop
      vertex 0.0963745 0.407211 0.2654
      vertex 0.111923 0.514801 0.2654
      vertex 0.110428 0.516724 0.2654
    endloop
  endfacet
  facet normal 0 0 1
    outer loop
      vertex 0.0963745 0.407211 0.2654
      vertex 0.110428 0.516724 0.2654
      vertex 0.109055 0.518753 0.2654
    endloop
  endfacet
  facet normal 0 0 1
    outer loop
      vertex -0.010788 0.536774 0.2654
      vertex 0.109055 0.518753 0.2654
      vertex 0.107803 0.520859 0.2654
    endloop
  endfacet
  facet normal 0 0 1
    outer loop
      vertex 0.117096 0.509613 0.2654
      vertex 0.107498 0.414764 0.2654
      vertex 0.111496 0.416794 0.2654
    endloop
  endfacet
  facet normal 0 0 1
    outer loop
      vertex 0.00108337 0.54599 0.2654
      vertex 0.107803 0.520859 0.2654
      vertex 0.106689 0.523026 0.2654
    endloop
  endfacet
  facet normal 0 0 1
    outer loop
      vertex 0.0135345 0.554459 0.2654
      vertex 0.106689 0.523026 0.2654
      vertex 0.105728 0.525269 0.2654
    endloop
  endfacet
  facet normal 0 0 1
    outer loop
      vertex 0.0135345 0.554459 0.2654
      vertex 0.105728 0.525269 0.2654
      vertex 0.104889 0.527573 0.2654
    endloop
  endfacet
  facet normal 0 0 1
    outer loop
      vertex 0.0264893 0.562119 0.2654
      vertex 0.104889 0.527573 0.2654
      vertex 0.104218 0.529922 0.2654
    endloop
  endfacet
  facet normal 0 0 1
    outer loop
      vertex 0.0264893 0.562119 0.2654
      vertex 0.104218 0.529922 0.2654
      vertex 0.103683 0.532303 0.2654
    endloop
  endfacet
  facet normal 0 0 1
    outer loop
      vertex 0.115265 0.51123 0.2654
      vertex 0.103638 0.412476 0.2654
      vertex 0.107498 0.414764 0.2654
    endloop
  endfacet
  facet normal 0 0 1
    outer loop
      vertex 0.0399017 0.568939 0.2654
      vertex 0.103683 0.532303 0.2654
      vertex 0.103302 0.534714 0.2654
    endloop
  endfacet
  facet normal 0 0 1
    outer loop
      vertex 0.0399017 0.568939 0.2654
      vertex 0.103302 0.534714 0.2654
      vertex 0.103073 0.537155 0.2654
    endloop
  endfacet
  facet normal 0 0 1
    outer loop
      vertex 0.0537109 0.574921 0.2654
      vertex 0.103073 0.537155 0.2654
      vertex 0.102997 0.539597 0.2654
    endloop
  endfacet
  facet normal 0 0 1
    outer loop
      vertex 0.113541 0.51297 0.2654
      vertex 0.0999298 0.409958 0.2654
      vertex 0.103638 0.412476 0.2654
    endloop
  endfacet
  facet normal 0 0 1
    outer loop
      vertex 0.103683 0.546875 0.2654
      vertex 0.0678711 0.580017 0.2654
      vertex 0.103302 0.544464 0.2654
    endloop
  endfacet
  facet normal -0 0 1
    outer loop
      vertex 0.0537109 0.574921 0.2654
      vertex 0.103302 0.544464 0.2654
      vertex 0.0678711 0.580017 0.2654
    endloop
  endfacet
  facet normal 0 0 1
    outer loop
      vertex 0.103302 0.544464 0.2654
      vertex 0.0537109 0.574921 0.2654
      vertex 0.103073 0.542038 0.2654
    endloop
  endfacet
  facet normal 0 0 1
    outer loop
      vertex 0.103073 0.542038 0.2654
      vertex 0.0537109 0.574921 0.2654
      vertex 0.102997 0.539597 0.2654
    endloop
  endfacet
  facet normal 0 0 1
    outer loop
      vertex 0.103073 0.537155 0.2654
      vertex 0.0537109 0.574921 0.2654
      vertex 0.0399017 0.568939 0.2654
    endloop
  endfacet
  facet normal 0 0 1
    outer loop
      vertex 0.103683 0.532303 0.2654
      vertex 0.0399017 0.568939 0.2654
      vertex 0.0264893 0.562119 0.2654
    endloop
  endfacet
  facet normal 0 0 1
    outer loop
      vertex 0.104889 0.527573 0.2654
      vertex 0.0264893 0.562119 0.2654
      vertex 0.0135345 0.554459 0.2654
    endloop
  endfacet
  facet normal 0 0 1
    outer loop
      vertex 0.106689 0.523026 0.2654
      vertex 0.0135345 0.554459 0.2654
      vertex 0.00108337 0.54599 0.2654
    endloop
  endfacet
  facet normal 0 0 1
    outer loop
      vertex 0.107803 0.520859 0.2654
      vertex 0.00108337 0.54599 0.2654
      vertex -0.010788 0.536774 0.2654
    endloop
  endfacet
  facet normal 0 0 1
    outer loop
      vertex 0.111923 0.514801 0.2654
      vertex 0.0963745 0.407211 0.2654
      vertex 0.0999298 0.409958 0.2654
    endloop
  endfacet
  facet normal 0 0 1
    outer loop
      vertex 0.109055 0.518753 0.2654
      vertex -0.010788 0.536774 0.2654
      vertex 0.0963745 0.407211 0.2654
    endloop
  endfacet
  facet normal 0 0 1
    outer loop
      vertex 0.0963745 0.407211 0.2654
      vertex -0.010788 0.536774 0.2654
      vertex 0.0930176 0.404236 0.2654
    endloop
  endfacet
  facet normal -0 0 1
    outer loop
      vertex -0.0220795 0.52681 0.2654
      vertex 0.0930176 0.404236 0.2654
      vertex -0.010788 0.536774 0.2654
    endloop
  endfacet
  facet normal 0 0 1
    outer loop
      vertex 0.0930176 0.404236 0.2654
      vertex -0.0220795 0.52681 0.2654
      vertex 0.0898438 0.401062 0.2654
    endloop
  endfacet
  facet normal -0 0 1
    outer loop
      vertex -0.0327148 0.516174 0.2654
      vertex 0.0898438 0.401062 0.2654
      vertex -0.0220795 0.52681 0.2654
    endloop
  endfacet
  facet normal 0 0 1
    outer loop
      vertex 0.0898438 0.401062 0.2654
      vertex -0.0327148 0.516174 0.2654
      vertex 0.0868835 0.397705 0.2654
    endloop
  endfacet
  facet normal -0 0 1
    outer loop
      vertex -0.0426636 0.504883 0.2654
      vertex 0.0868835 0.397705 0.2654
      vertex -0.0327148 0.516174 0.2654
    endloop
  endfacet
  facet normal -0 0 1
    outer loop
      vertex -0.0518951 0.492996 0.2654
      vertex 0.0841217 0.394165 0.2654
      vertex -0.0426636 0.504883 0.2654
    endloop
  endfacet
  facet normal 0 0 1
    outer loop
      vertex 0.0868835 0.397705 0.2654
      vertex -0.0426636 0.504883 0.2654
      vertex 0.0841217 0.394165 0.2654
    endloop
  endfacet
  facet normal 0 0 1
    outer loop
      vertex 0.335693 0.211395 0.2654
      vertex 0.199661 0.310226 0.2654
      vertex 0.326462 0.199493 0.2654
    endloop
  endfacet
  facet normal -0 0 1
    outer loop
      vertex 0.196899 0.306686 0.2654
      vertex 0.326462 0.199493 0.2654
      vertex 0.199661 0.310226 0.2654
    endloop
  endfacet
  facet normal 0 0 1
    outer loop
      vertex 0.326462 0.199493 0.2654
      vertex 0.196899 0.306686 0.2654
      vertex 0.316513 0.188202 0.2654
    endloop
  endfacet
  facet normal -0 0 1
    outer loop
      vertex 0.193939 0.303314 0.2654
      vertex 0.316513 0.188202 0.2654
      vertex 0.196899 0.306686 0.2654
    endloop
  endfacet
  facet normal 0 0 1
    outer loop
      vertex 0.316513 0.188202 0.2654
      vertex 0.193939 0.303314 0.2654
      vertex 0.305878 0.177567 0.2654
    endloop
  endfacet
  facet normal -0 0 1
    outer loop
      vertex 0.190765 0.30014 0.2654
      vertex 0.305878 0.177567 0.2654
      vertex 0.193939 0.303314 0.2654
    endloop
  endfacet
  facet normal 0 0 1
    outer loop
      vertex 0.305878 0.177567 0.2654
      vertex 0.190765 0.30014 0.2654
      vertex 0.294586 0.167618 0.2654
    endloop
  endfacet
  facet normal -0 0 1
    outer loop
      vertex 0.187408 0.29718 0.2654
      vertex 0.294586 0.167618 0.2654
      vertex 0.190765 0.30014 0.2654
    endloop
  endfacet
  facet normal -0 0 1
    outer loop
      vertex 0.174652 0.185577 0.2654
      vertex 0.294586 0.167618 0.2654
      vertex 0.187408 0.29718 0.2654
    endloop
  endfacet
  facet normal -0 -0 1
    outer loop
      vertex 0.175888 0.183487 0.2654
      vertex 0.2827 0.158386 0.2654
      vertex 0.174652 0.185577 0.2654
    endloop
  endfacet
  facet normal -0 -0 1
    outer loop
      vertex 0.180008 0.172058 0.2654
      vertex 0.257294 0.142273 0.2654
      vertex 0.179474 0.174438 0.2654
    endloop
  endfacet
  facet normal -0 -0 1
    outer loop
      vertex 0.177963 0.179077 0.2654
      vertex 0.270248 0.149933 0.2654
      vertex 0.177002 0.18132 0.2654
    endloop
  endfacet
  facet normal 0 0 1
    outer loop
      vertex 0.270248 0.149933 0.2654
      vertex 0.178787 0.176788 0.2654
      vertex 0.257294 0.142273 0.2654
    endloop
  endfacet
  facet normal -0 -0 1
    outer loop
      vertex 0.177002 0.18132 0.2654
      vertex 0.2827 0.158386 0.2654
      vertex 0.175888 0.183487 0.2654
    endloop
  endfacet
  facet normal 0 0 1
    outer loop
      vertex 0.294586 0.167618 0.2654
      vertex 0.174652 0.185577 0.2654
      vertex 0.2827 0.158386 0.2654
    endloop
  endfacet
  facet normal -0 -0 1
    outer loop
      vertex 0.180618 0.167221 0.2654
      vertex 0.243881 0.135437 0.2654
      vertex 0.180389 0.169662 0.2654
    endloop
  endfacet
  facet normal 0 0 1
    outer loop
      vertex 0.171783 0.189529 0.2654
      vertex 0.187408 0.29718 0.2654
      vertex 0.183853 0.294434 0.2654
    endloop
  endfacet
  facet normal -0 0 1
    outer loop
      vertex 0.180389 0.159927 0.2654
      vertex 0.230072 0.129471 0.2654
      vertex 0.180618 0.162354 0.2654
    endloop
  endfacet
  facet normal -0 0 1
    outer loop
      vertex 0.180008 0.157516 0.2654
      vertex 0.215912 0.124374 0.2654
      vertex 0.180389 0.159927 0.2654
    endloop
  endfacet
  facet normal 0 0 1
    outer loop
      vertex 0.230072 0.129471 0.2654
      vertex 0.180389 0.159927 0.2654
      vertex 0.215912 0.124374 0.2654
    endloop
  endfacet
  facet normal -0 0 1
    outer loop
      vertex 0.180618 0.162354 0.2654
      vertex 0.230072 0.129471 0.2654
      vertex 0.180695 0.164795 0.2654
    endloop
  endfacet
  facet normal 0 0 1
    outer loop
      vertex 0.170181 0.191345 0.2654
      vertex 0.183853 0.294434 0.2654
      vertex 0.180145 0.291901 0.2654
    endloop
  endfacet
  facet normal -0 -0 1
    outer loop
      vertex 0.180695 0.164795 0.2654
      vertex 0.230072 0.129471 0.2654
      vertex 0.180618 0.167221 0.2654
    endloop
  endfacet
  facet normal 0 0 1
    outer loop
      vertex 0.243881 0.135437 0.2654
      vertex 0.180618 0.167221 0.2654
      vertex 0.230072 0.129471 0.2654
    endloop
  endfacet
  facet normal -0 -0 1
    outer loop
      vertex 0.180389 0.169662 0.2654
      vertex 0.243881 0.135437 0.2654
      vertex 0.180008 0.172058 0.2654
    endloop
  endfacet
  facet normal 0 0 1
    outer loop
      vertex 0.257294 0.142273 0.2654
      vertex 0.180008 0.172058 0.2654
      vertex 0.243881 0.135437 0.2654
    endloop
  endfacet
  facet normal -0 -0 1
    outer loop
      vertex 0.179474 0.174438 0.2654
      vertex 0.257294 0.142273 0.2654
      vertex 0.178787 0.176788 0.2654
    endloop
  endfacet
  facet normal 0 0 1
    outer loop
      vertex 0.168457 0.193069 0.2654
      vertex 0.180145 0.291901 0.2654
      vertex 0.176285 0.289627 0.2654
    endloop
  endfacet
  facet normal -0 -0 1
    outer loop
      vertex 0.178787 0.176788 0.2654
      vertex 0.270248 0.149933 0.2654
      vertex 0.177963 0.179077 0.2654
    endloop
  endfacet
  facet normal 0 0 1
    outer loop
      vertex 0.2827 0.158386 0.2654
      vertex 0.177002 0.18132 0.2654
      vertex 0.270248 0.149933 0.2654
    endloop
  endfacet
  facet normal 0 0 1
    outer loop
      vertex 0.187408 0.29718 0.2654
      vertex 0.173279 0.187592 0.2654
      vertex 0.174652 0.185577 0.2654
    endloop
  endfacet
  facet normal 0 0 1
    outer loop
      vertex 0.166626 0.194687 0.2654
      vertex 0.176285 0.289627 0.2654
      vertex 0.172287 0.287582 0.2654
    endloop
  endfacet
  facet normal 0 0 1
    outer loop
      vertex 0.187408 0.29718 0.2654
      vertex 0.171783 0.189529 0.2654
      vertex 0.173279 0.187592 0.2654
    endloop
  endfacet
  facet normal 0 0 1
    outer loop
      vertex 0.183853 0.294434 0.2654
      vertex 0.170181 0.191345 0.2654
      vertex 0.171783 0.189529 0.2654
    endloop
  endfacet
  facet normal 0 0 1
    outer loop
      vertex 0.180145 0.291901 0.2654
      vertex 0.168457 0.193069 0.2654
      vertex 0.170181 0.191345 0.2654
    endloop
  endfacet
  facet normal 0 0 1
    outer loop
      vertex 0.162689 0.197556 0.2654
      vertex 0.172287 0.287582 0.2654
      vertex 0.168182 0.285812 0.2654
    endloop
  endfacet
  facet normal 0 0 1
    outer loop
      vertex 0.176285 0.289627 0.2654
      vertex 0.166626 0.194687 0.2654
      vertex 0.168457 0.193069 0.2654
    endloop
  endfacet
  facet normal 0 0 1
    outer loop
      vertex 0.172287 0.287582 0.2654
      vertex 0.164703 0.196182 0.2654
      vertex 0.166626 0.194687 0.2654
    endloop
  endfacet
  facet normal 0 0 1
    outer loop
      vertex 0.160583 0.198792 0.2654
      vertex 0.168182 0.285812 0.2654
      vertex 0.163956 0.284286 0.2654
    endloop
  endfacet
  facet normal 0 0 1
    outer loop
      vertex 0.172287 0.287582 0.2654
      vertex 0.162689 0.197556 0.2654
      vertex 0.164703 0.196182 0.2654
    endloop
  endfacet
  facet normal 0 0 1
    outer loop
      vertex 0.168182 0.285812 0.2654
      vertex 0.160583 0.198792 0.2654
      vertex 0.162689 0.197556 0.2654
    endloop
  endfacet
  facet normal 0 0 1
    outer loop
      vertex 0.156174 0.200867 0.2654
      vertex 0.163956 0.284286 0.2654
      vertex 0.159653 0.283035 0.2654
    endloop
  endfacet
  facet normal 0 0 1
    outer loop
      vertex 0.163956 0.284286 0.2654
      vertex 0.158417 0.199905 0.2654
      vertex 0.160583 0.198792 0.2654
    endloop
  endfacet
  facet normal 0 0 1
    outer loop
      vertex 0.163956 0.284286 0.2654
      vertex 0.156174 0.200867 0.2654
      vertex 0.158417 0.199905 0.2654
    endloop
  endfacet
  facet normal 0 0 1
    outer loop
      vertex 0.153885 0.201691 0.2654
      vertex 0.159653 0.283035 0.2654
      vertex 0.155273 0.282059 0.2654
    endloop
  endfacet
  facet normal 0 0 1
    outer loop
      vertex 0.159653 0.283035 0.2654
      vertex 0.153885 0.201691 0.2654
      vertex 0.156174 0.200867 0.2654
    endloop
  endfacet
  facet normal 0 0 1
    outer loop
      vertex 0.155273 0.282059 0.2654
      vertex 0.151535 0.202377 0.2654
      vertex 0.153885 0.201691 0.2654
    endloop
  endfacet
  facet normal -0 0 1
    outer loop
      vertex 0.150848 0.281357 0.2654
      vertex 0.151535 0.202377 0.2654
      vertex 0.155273 0.282059 0.2654
    endloop
  endfacet
  facet normal 0 0 1
    outer loop
      vertex 0.150848 0.281357 0.2654
      vertex 0.14917 0.202911 0.2654
      vertex 0.151535 0.202377 0.2654
    endloop
  endfacet
  facet normal 0 0 1
    outer loop
      vertex 0.150848 0.281357 0.2654
      vertex 0.146759 0.203293 0.2654
      vertex 0.14917 0.202911 0.2654
    endloop
  endfacet
  facet normal -0 0 1
    outer loop
      vertex 0.146378 0.28093 0.2654
      vertex 0.146759 0.203293 0.2654
      vertex 0.150848 0.281357 0.2654
    endloop
  endfacet
  facet normal 0 0 1
    outer loop
      vertex 0.146378 0.28093 0.2654
      vertex 0.144333 0.203522 0.2654
      vertex 0.146759 0.203293 0.2654
    endloop
  endfacet
  facet normal -0 0 1
    outer loop
      vertex 0.141891 0.280792 0.2654
      vertex 0.144333 0.203522 0.2654
      vertex 0.146378 0.28093 0.2654
    endloop
  endfacet
  facet normal 0 0 1
    outer loop
      vertex 0.141891 0.280792 0.2654
      vertex 0.141891 0.203598 0.2654
      vertex 0.144333 0.203522 0.2654
    endloop
  endfacet
  facet normal 0 0 1
    outer loop
      vertex 0.141891 0.280792 0.2654
      vertex 0.13945 0.203522 0.2654
      vertex 0.141891 0.203598 0.2654
    endloop
  endfacet
  facet normal 0 0 1
    outer loop
      vertex 0.137405 0.28093 0.2654
      vertex 0.13945 0.203522 0.2654
      vertex 0.141891 0.280792 0.2654
    endloop
  endfacet
  facet normal 0 0 1
    outer loop
      vertex 0.137405 0.28093 0.2654
      vertex 0.137024 0.203293 0.2654
      vertex 0.13945 0.203522 0.2654
    endloop
  endfacet
  facet normal 0 0 1
    outer loop
      vertex 0.13295 0.281357 0.2654
      vertex 0.137024 0.203293 0.2654
      vertex 0.137405 0.28093 0.2654
    endloop
  endfacet
  facet normal 0 0 1
    outer loop
      vertex 0.137024 0.203293 0.2654
      vertex 0.13295 0.281357 0.2654
      vertex 0.134628 0.202911 0.2654
    endloop
  endfacet
  facet normal 0 0 1
    outer loop
      vertex 0.13295 0.281357 0.2654
      vertex 0.132248 0.202377 0.2654
      vertex 0.134628 0.202911 0.2654
    endloop
  endfacet
  facet normal 0 0 1
    outer loop
      vertex 0.12851 0.282059 0.2654
      vertex 0.132248 0.202377 0.2654
      vertex 0.13295 0.281357 0.2654
    endloop
  endfacet
  facet normal 0 0 1
    outer loop
      vertex 0.132248 0.202377 0.2654
      vertex 0.12851 0.282059 0.2654
      vertex 0.129898 0.201691 0.2654
    endloop
  endfacet
  facet normal 0 0 1
    outer loop
      vertex 0.12413 0.283035 0.2654
      vertex 0.129898 0.201691 0.2654
      vertex 0.12851 0.282059 0.2654
    endloop
  endfacet
  facet normal 0 0 1
    outer loop
      vertex 0.129898 0.201691 0.2654
      vertex 0.12413 0.283035 0.2654
      vertex 0.127609 0.200867 0.2654
    endloop
  endfacet
  facet normal 0 0 1
    outer loop
      vertex 0.119827 0.284286 0.2654
      vertex 0.127609 0.200867 0.2654
      vertex 0.12413 0.283035 0.2654
    endloop
  endfacet
  facet normal 0 0 1
    outer loop
      vertex 0.127609 0.200867 0.2654
      vertex 0.119827 0.284286 0.2654
      vertex 0.125366 0.199905 0.2654
    endloop
  endfacet
  facet normal 0 0 1
    outer loop
      vertex 0.125366 0.199905 0.2654
      vertex 0.119827 0.284286 0.2654
      vertex 0.123199 0.198792 0.2654
    endloop
  endfacet
  facet normal 0 0 1
    outer loop
      vertex 0.115616 0.285812 0.2654
      vertex 0.123199 0.198792 0.2654
      vertex 0.119827 0.284286 0.2654
    endloop
  endfacet
  facet normal 0 0 1
    outer loop
      vertex 0.123199 0.198792 0.2654
      vertex 0.115616 0.285812 0.2654
      vertex 0.121109 0.197556 0.2654
    endloop
  endfacet
  facet normal 0 0 1
    outer loop
      vertex 0.111496 0.287582 0.2654
      vertex 0.121109 0.197556 0.2654
      vertex 0.115616 0.285812 0.2654
    endloop
  endfacet
  facet normal 0 0 1
    outer loop
      vertex 0.121109 0.197556 0.2654
      vertex 0.111496 0.287582 0.2654
      vertex 0.11908 0.196182 0.2654
    endloop
  endfacet
  facet normal 0 0 1
    outer loop
      vertex 0.11908 0.196182 0.2654
      vertex 0.111496 0.287582 0.2654
      vertex 0.117157 0.194687 0.2654
    endloop
  endfacet
  facet normal 0 0 1
    outer loop
      vertex 0.107498 0.289627 0.2654
      vertex 0.117157 0.194687 0.2654
      vertex 0.111496 0.287582 0.2654
    endloop
  endfacet
  facet normal 0 0 1
    outer loop
      vertex 0.117157 0.194687 0.2654
      vertex 0.107498 0.289627 0.2654
      vertex 0.115326 0.193069 0.2654
    endloop
  endfacet
  facet normal 0 0 1
    outer loop
      vertex 0.103638 0.291901 0.2654
      vertex 0.115326 0.193069 0.2654
      vertex 0.107498 0.289627 0.2654
    endloop
  endfacet
  facet normal 0 0 1
    outer loop
      vertex 0.115326 0.193069 0.2654
      vertex 0.103638 0.291901 0.2654
      vertex 0.113602 0.191345 0.2654
    endloop
  endfacet
  facet normal 0 0 1
    outer loop
      vertex 0.0999298 0.294434 0.2654
      vertex 0.113602 0.191345 0.2654
      vertex 0.103638 0.291901 0.2654
    endloop
  endfacet
  facet normal 0 0 1
    outer loop
      vertex 0.113602 0.191345 0.2654
      vertex 0.0999298 0.294434 0.2654
      vertex 0.112 0.189529 0.2654
    endloop
  endfacet
  facet normal 0 0 1
    outer loop
      vertex 0.0963745 0.29718 0.2654
      vertex 0.112 0.189529 0.2654
      vertex 0.0999298 0.294434 0.2654
    endloop
  endfacet
  facet normal 0 0 1
    outer loop
      vertex 0.112 0.189529 0.2654
      vertex 0.0963745 0.29718 0.2654
      vertex 0.110504 0.187592 0.2654
    endloop
  endfacet
  facet normal 0 0 1
    outer loop
      vertex 0.110504 0.187592 0.2654
      vertex 0.0963745 0.29718 0.2654
      vertex 0.109131 0.185577 0.2654
    endloop
  endfacet
  facet normal 0 0 1
    outer loop
      vertex -0.010788 0.167618 0.2654
      vertex 0.109131 0.185577 0.2654
      vertex 0.0963745 0.29718 0.2654
    endloop
  endfacet
  facet normal 0 0 1
    outer loop
      vertex 0.109131 0.185577 0.2654
      vertex -0.010788 0.167618 0.2654
      vertex 0.107895 0.183487 0.2654
    endloop
  endfacet
  facet normal 0 -0 1
    outer loop
      vertex 0.00108337 0.158386 0.2654
      vertex 0.107895 0.183487 0.2654
      vertex -0.010788 0.167618 0.2654
    endloop
  endfacet
  facet normal 0 0 1
    outer loop
      vertex 0.107895 0.183487 0.2654
      vertex 0.00108337 0.158386 0.2654
      vertex 0.106781 0.18132 0.2654
    endloop
  endfacet
  facet normal 0 -0 1
    outer loop
      vertex 0.0135345 0.149933 0.2654
      vertex 0.106781 0.18132 0.2654
      vertex 0.00108337 0.158386 0.2654
    endloop
  endfacet
  facet normal 0 0 1
    outer loop
      vertex 0.106781 0.18132 0.2654
      vertex 0.0135345 0.149933 0.2654
      vertex 0.10582 0.179077 0.2654
    endloop
  endfacet
  facet normal 0 0 1
    outer loop
      vertex 0.10582 0.179077 0.2654
      vertex 0.0135345 0.149933 0.2654
      vertex 0.104996 0.176788 0.2654
    endloop
  endfacet
  facet normal 0 0 1
    outer loop
      vertex 0.104309 0.174438 0.2654
      vertex 0.0264893 0.142273 0.2654
      vertex 0.103775 0.172058 0.2654
    endloop
  endfacet
  facet normal 0 -0 1
    outer loop
      vertex 0.0399017 0.135437 0.2654
      vertex 0.103775 0.172058 0.2654
      vertex 0.0264893 0.142273 0.2654
    endloop
  endfacet
  facet normal 0 0 1
    outer loop
      vertex 0.103088 0.164795 0.2654
      vertex 0.0970001 0.116882 0.2654
      vertex 0.102753 0.115967 0.2654
    endloop
  endfacet
  facet normal 0 -0 1
    outer loop
      vertex 0.0264893 0.142273 0.2654
      vertex 0.104996 0.176788 0.2654
      vertex 0.0135345 0.149933 0.2654
    endloop
  endfacet
  facet normal 0 0 1
    outer loop
      vertex -0.010788 0.167618 0.2654
      vertex 0.0963745 0.29718 0.2654
      vertex 0.0930176 0.30014 0.2654
    endloop
  endfacet
  facet normal 0 0 1
    outer loop
      vertex -0.0220795 0.177567 0.2654
      vertex 0.0930176 0.30014 0.2654
      vertex 0.0898438 0.303314 0.2654
    endloop
  endfacet
  facet normal 0 0 1
    outer loop
      vertex -0.0327148 0.188202 0.2654
      vertex 0.0898438 0.303314 0.2654
      vertex 0.0868835 0.306686 0.2654
    endloop
  endfacet
  facet normal 0 0 1
    outer loop
      vertex -0.0426636 0.199493 0.2654
      vertex 0.0868835 0.306686 0.2654
      vertex 0.0841217 0.310226 0.2654
    endloop
  endfacet
  facet normal 0 0 1
    outer loop
      vertex 0.103088 0.164795 0.2654
      vertex 0.0823212 0.120163 0.2654
      vertex 0.0970001 0.116882 0.2654
    endloop
  endfacet
  facet normal 0 0 1
    outer loop
      vertex -0.0518951 0.211395 0.2654
      vertex 0.0841217 0.310226 0.2654
      vertex 0.081604 0.313934 0.2654
    endloop
  endfacet
  facet normal 0 0 1
    outer loop
      vertex -0.0603485 0.223831 0.2654
      vertex 0.081604 0.313934 0.2654
      vertex 0.0793304 0.317795 0.2654
    endloop
  endfacet
  facet normal 0 0 1
    outer loop
      vertex -0.0680084 0.236786 0.2654
      vertex 0.0793304 0.317795 0.2654
      vertex 0.0772858 0.321793 0.2654
    endloop
  endfacet
  facet normal 0 0 1
    outer loop
      vertex -0.0748444 0.250198 0.2654
      vertex 0.0772858 0.321793 0.2654
      vertex 0.0755005 0.325912 0.2654
    endloop
  endfacet
  facet normal 0 0 1
    outer loop
      vertex -0.0808258 0.264008 0.2654
      vertex 0.0755005 0.325912 0.2654
      vertex 0.0739899 0.330124 0.2654
    endloop
  endfacet
  facet normal 0 0 1
    outer loop
      vertex -0.0859222 0.278168 0.2654
      vertex 0.0739899 0.330124 0.2654
      vertex 0.0727386 0.334442 0.2654
    endloop
  endfacet
  facet normal 0 0 1
    outer loop
      vertex -0.0901184 0.292618 0.2654
      vertex 0.0727386 0.334442 0.2654
      vertex 0.0717621 0.338806 0.2654
    endloop
  endfacet
  facet normal 0 0 1
    outer loop
      vertex -0.093399 0.307312 0.2654
      vertex 0.0717621 0.338806 0.2654
      vertex 0.0710602 0.343246 0.2654
    endloop
  endfacet
  facet normal 0 0 1
    outer loop
      vertex -0.0957489 0.322174 0.2654
      vertex 0.0710602 0.343246 0.2654
      vertex 0.0706329 0.347702 0.2654
    endloop
  endfacet
  facet normal 0 0 1
    outer loop
      vertex 0.103088 0.164795 0.2654
      vertex 0.0678711 0.124374 0.2654
      vertex 0.0823212 0.120163 0.2654
    endloop
  endfacet
  facet normal 0 0 1
    outer loop
      vertex -0.097168 0.337158 0.2654
      vertex 0.0706329 0.347702 0.2654
      vertex 0.0704956 0.352188 0.2654
    endloop
  endfacet
  facet normal 0 0 1
    outer loop
      vertex 0.0841217 0.394165 0.2654
      vertex -0.0518951 0.492996 0.2654
      vertex 0.081604 0.390457 0.2654
    endloop
  endfacet
  facet normal -0 0 1
    outer loop
      vertex -0.0603485 0.480545 0.2654
      vertex 0.081604 0.390457 0.2654
      vertex -0.0518951 0.492996 0.2654
    endloop
  endfacet
  facet normal 0 0 1
    outer loop
      vertex 0.103088 0.164795 0.2654
      vertex 0.0537109 0.129471 0.2654
      vertex 0.0678711 0.124374 0.2654
    endloop
  endfacet
  facet normal 0 0 1
    outer loop
      vertex 0.081604 0.390457 0.2654
      vertex -0.0603485 0.480545 0.2654
      vertex 0.0793304 0.386597 0.2654
    endloop
  endfacet
  facet normal 0 0 1
    outer loop
      vertex 0.103165 0.167221 0.2654
      vertex 0.0537109 0.129471 0.2654
      vertex 0.103088 0.164795 0.2654
    endloop
  endfacet
  facet normal -0 0 1
    outer loop
      vertex -0.0680084 0.46759 0.2654
      vertex 0.0793304 0.386597 0.2654
      vertex -0.0603485 0.480545 0.2654
    endloop
  endfacet
  facet normal 0 -0 1
    outer loop
      vertex 0.0537109 0.129471 0.2654
      vertex 0.103165 0.167221 0.2654
      vertex 0.0399017 0.135437 0.2654
    endloop
  endfacet
  facet normal 0 0 1
    outer loop
      vertex 0.0793304 0.386597 0.2654
      vertex -0.0680084 0.46759 0.2654
      vertex 0.0772858 0.382599 0.2654
    endloop
  endfacet
  facet normal 0 0 1
    outer loop
      vertex 0.103394 0.169662 0.2654
      vertex 0.0399017 0.135437 0.2654
      vertex 0.103165 0.167221 0.2654
    endloop
  endfacet
  facet normal -0 0 1
    outer loop
      vertex -0.0748444 0.454193 0.2654
      vertex 0.0772858 0.382599 0.2654
      vertex -0.0680084 0.46759 0.2654
    endloop
  endfacet
  facet normal 0 0 1
    outer loop
      vertex 0.103775 0.172058 0.2654
      vertex 0.0399017 0.135437 0.2654
      vertex 0.103394 0.169662 0.2654
    endloop
  endfacet
  facet normal 0 0 1
    outer loop
      vertex 0.0772858 0.382599 0.2654
      vertex -0.0748444 0.454193 0.2654
      vertex 0.0755005 0.378479 0.2654
    endloop
  endfacet
  facet normal 0 0 1
    outer loop
      vertex 0.104996 0.176788 0.2654
      vertex 0.0264893 0.142273 0.2654
      vertex 0.104309 0.174438 0.2654
    endloop
  endfacet
  facet normal -0 0 1
    outer loop
      vertex -0.0808258 0.440384 0.2654
      vertex 0.0755005 0.378479 0.2654
      vertex -0.0748444 0.454193 0.2654
    endloop
  endfacet
  facet normal 0 0 1
    outer loop
      vertex 0.0930176 0.30014 0.2654
      vertex -0.0220795 0.177567 0.2654
      vertex -0.010788 0.167618 0.2654
    endloop
  endfacet
  facet normal 0 0 1
    outer loop
      vertex 0.0755005 0.378479 0.2654
      vertex -0.0808258 0.440384 0.2654
      vertex 0.0739899 0.374252 0.2654
    endloop
  endfacet
  facet normal 0 0 1
    outer loop
      vertex 0.0898438 0.303314 0.2654
      vertex -0.0327148 0.188202 0.2654
      vertex -0.0220795 0.177567 0.2654
    endloop
  endfacet
  facet normal -0 0 1
    outer loop
      vertex -0.0859222 0.426224 0.2654
      vertex 0.0739899 0.374252 0.2654
      vertex -0.0808258 0.440384 0.2654
    endloop
  endfacet
  facet normal 0 0 1
    outer loop
      vertex 0.0868835 0.306686 0.2654
      vertex -0.0426636 0.199493 0.2654
      vertex -0.0327148 0.188202 0.2654
    endloop
  endfacet
  facet normal 0 0 1
    outer loop
      vertex 0.0739899 0.374252 0.2654
      vertex -0.0859222 0.426224 0.2654
      vertex 0.0727386 0.369949 0.2654
    endloop
  endfacet
  facet normal 0 0 1
    outer loop
      vertex 0.0841217 0.310226 0.2654
      vertex -0.0518951 0.211395 0.2654
      vertex -0.0426636 0.199493 0.2654
    endloop
  endfacet
  facet normal -0 0 1
    outer loop
      vertex -0.0901184 0.411758 0.2654
      vertex 0.0727386 0.369949 0.2654
      vertex -0.0859222 0.426224 0.2654
    endloop
  endfacet
  facet normal 0 0 1
    outer loop
      vertex 0.081604 0.313934 0.2654
      vertex -0.0603485 0.223831 0.2654
      vertex -0.0518951 0.211395 0.2654
    endloop
  endfacet
  facet normal 0 0 1
    outer loop
      vertex 0.0727386 0.369949 0.2654
      vertex -0.0901184 0.411758 0.2654
      vertex 0.0717621 0.36557 0.2654
    endloop
  endfacet
  facet normal 0 0 1
    outer loop
      vertex 0.0793304 0.317795 0.2654
      vertex -0.0680084 0.236786 0.2654
      vertex -0.0603485 0.223831 0.2654
    endloop
  endfacet
  facet normal -0 0 1
    outer loop
      vertex -0.093399 0.397079 0.2654
      vertex 0.0717621 0.36557 0.2654
      vertex -0.0901184 0.411758 0.2654
    endloop
  endfacet
  facet normal 0 0 1
    outer loop
      vertex 0.0772858 0.321793 0.2654
      vertex -0.0748444 0.250198 0.2654
      vertex -0.0680084 0.236786 0.2654
    endloop
  endfacet
  facet normal 0 0 1
    outer loop
      vertex 0.0717621 0.36557 0.2654
      vertex -0.093399 0.397079 0.2654
      vertex 0.0710602 0.361145 0.2654
    endloop
  endfacet
  facet normal 0 0 1
    outer loop
      vertex 0.0755005 0.325912 0.2654
      vertex -0.0808258 0.264008 0.2654
      vertex -0.0748444 0.250198 0.2654
    endloop
  endfacet
  facet normal -0 0 1
    outer loop
      vertex -0.0957489 0.382217 0.2654
      vertex 0.0710602 0.361145 0.2654
      vertex -0.093399 0.397079 0.2654
    endloop
  endfacet
  facet normal 0 0 1
    outer loop
      vertex 0.0739899 0.330124 0.2654
      vertex -0.0859222 0.278168 0.2654
      vertex -0.0808258 0.264008 0.2654
    endloop
  endfacet
  facet normal 0 0 1
    outer loop
      vertex 0.0710602 0.361145 0.2654
      vertex -0.0957489 0.382217 0.2654
      vertex 0.0706329 0.356674 0.2654
    endloop
  endfacet
  facet normal 0 0 1
    outer loop
      vertex 0.0727386 0.334442 0.2654
      vertex -0.0901184 0.292618 0.2654
      vertex -0.0859222 0.278168 0.2654
    endloop
  endfacet
  facet normal -0 0 1
    outer loop
      vertex -0.097168 0.367233 0.2654
      vertex 0.0706329 0.356674 0.2654
      vertex -0.0957489 0.382217 0.2654
    endloop
  endfacet
  facet normal 0 0 1
    outer loop
      vertex 0.0717621 0.338806 0.2654
      vertex -0.093399 0.307312 0.2654
      vertex -0.0901184 0.292618 0.2654
    endloop
  endfacet
  facet normal 0 0 1
    outer loop
      vertex 0.0706329 0.356674 0.2654
      vertex -0.097168 0.367233 0.2654
      vertex 0.0704956 0.352188 0.2654
    endloop
  endfacet
  facet normal 0 0 1
    outer loop
      vertex 0.0710602 0.343246 0.2654
      vertex -0.0957489 0.322174 0.2654
      vertex -0.093399 0.307312 0.2654
    endloop
  endfacet
  facet normal 0 0 1
    outer loop
      vertex -0.097641 0.352188 0.2654
      vertex 0.0704956 0.352188 0.2654
      vertex -0.097168 0.367233 0.2654
    endloop
  endfacet
  facet normal 0 0 1
    outer loop
      vertex 0.0706329 0.347702 0.2654
      vertex -0.097168 0.337158 0.2654
      vertex -0.0957489 0.322174 0.2654
    endloop
  endfacet
  facet normal 0 0 1
    outer loop
      vertex 0.0704956 0.352188 0.2654
      vertex -0.097641 0.352188 0.2654
      vertex -0.097168 0.337158 0.2654
    endloop
  endfacet
  facet normal -0 0 1
    outer loop
      vertex 0.179474 0.155136 0.2654
      vertex 0.215912 0.124374 0.2654
      vertex 0.180008 0.157516 0.2654
    endloop
  endfacet
  facet normal -0 0 1
    outer loop
      vertex 0.178787 0.152802 0.2654
      vertex 0.215912 0.124374 0.2654
      vertex 0.179474 0.155136 0.2654
    endloop
  endfacet
  facet normal 0 0 1
    outer loop
      vertex 0.215912 0.124374 0.2654
      vertex 0.178787 0.152802 0.2654
      vertex 0.201462 0.120163 0.2654
    endloop
  endfacet
  facet normal -0 0 1
    outer loop
      vertex 0.177963 0.150513 0.2654
      vertex 0.201462 0.120163 0.2654
      vertex 0.178787 0.152802 0.2654
    endloop
  endfacet
  facet normal -0 0 1
    outer loop
      vertex 0.177002 0.14827 0.2654
      vertex 0.201462 0.120163 0.2654
      vertex 0.177963 0.150513 0.2654
    endloop
  endfacet
  facet normal -0 0 1
    outer loop
      vertex 0.175888 0.146103 0.2654
      vertex 0.201462 0.120163 0.2654
      vertex 0.177002 0.14827 0.2654
    endloop
  endfacet
  facet normal -0 0 1
    outer loop
      vertex 0.174652 0.143997 0.2654
      vertex 0.201462 0.120163 0.2654
      vertex 0.175888 0.146103 0.2654
    endloop
  endfacet
  facet normal 0 0 1
    outer loop
      vertex 0.201462 0.120163 0.2654
      vertex 0.174652 0.143997 0.2654
      vertex 0.186783 0.116882 0.2654
    endloop
  endfacet
  facet normal -0 0 1
    outer loop
      vertex 0.173279 0.141983 0.2654
      vertex 0.186783 0.116882 0.2654
      vertex 0.174652 0.143997 0.2654
    endloop
  endfacet
  facet normal -0 0 1
    outer loop
      vertex 0.171783 0.14006 0.2654
      vertex 0.186783 0.116882 0.2654
      vertex 0.173279 0.141983 0.2654
    endloop
  endfacet
  facet normal 0 0 1
    outer loop
      vertex 0.186783 0.116882 0.2654
      vertex 0.171783 0.14006 0.2654
      vertex 0.18103 0.115967 0.2654
    endloop
  endfacet
  facet normal -0 0 1
    outer loop
      vertex 0.170181 0.138229 0.2654
      vertex 0.18103 0.115967 0.2654
      vertex 0.171783 0.14006 0.2654
    endloop
  endfacet
  facet normal -0 0 1
    outer loop
      vertex 0.168457 0.136505 0.2654
      vertex 0.18103 0.115967 0.2654
      vertex 0.170181 0.138229 0.2654
    endloop
  endfacet
  facet normal -0 0 1
    outer loop
      vertex 0.166626 0.134903 0.2654
      vertex 0.18103 0.115967 0.2654
      vertex 0.168457 0.136505 0.2654
    endloop
  endfacet
  facet normal -0 0 1
    outer loop
      vertex 0.164703 0.133408 0.2654
      vertex 0.18103 0.115967 0.2654
      vertex 0.166626 0.134903 0.2654
    endloop
  endfacet
  facet normal 0 0 1
    outer loop
      vertex 0.18103 0.115967 0.2654
      vertex 0.164703 0.133408 0.2654
      vertex 0.17868 0.114151 0.2654
    endloop
  endfacet
  facet normal 0 0 1
    outer loop
      vertex 0.17868 0.114151 0.2654
      vertex 0.164703 0.133408 0.2654
      vertex 0.17543 0.111938 0.2654
    endloop
  endfacet
  facet normal -0 0 1
    outer loop
      vertex 0.162689 0.132034 0.2654
      vertex 0.17543 0.111938 0.2654
      vertex 0.164703 0.133408 0.2654
    endloop
  endfacet
  facet normal 0 0 1
    outer loop
      vertex 0.17543 0.111938 0.2654
      vertex 0.162689 0.132034 0.2654
      vertex 0.172043 0.10994 0.2654
    endloop
  endfacet
  facet normal -0 0 1
    outer loop
      vertex 0.160583 0.130798 0.2654
      vertex 0.172043 0.10994 0.2654
      vertex 0.162689 0.132034 0.2654
    endloop
  endfacet
  facet normal 0 0 1
    outer loop
      vertex 0.172043 0.10994 0.2654
      vertex 0.160583 0.130798 0.2654
      vertex 0.168549 0.108154 0.2654
    endloop
  endfacet
  facet normal -0 0 1
    outer loop
      vertex 0.158417 0.129684 0.2654
      vertex 0.168549 0.108154 0.2654
      vertex 0.160583 0.130798 0.2654
    endloop
  endfacet
  facet normal 0 0 1
    outer loop
      vertex 0.168549 0.108154 0.2654
      vertex 0.158417 0.129684 0.2654
      vertex 0.164932 0.106583 0.2654
    endloop
  endfacet
  facet normal -0 0 1
    outer loop
      vertex 0.156174 0.128723 0.2654
      vertex 0.164932 0.106583 0.2654
      vertex 0.158417 0.129684 0.2654
    endloop
  endfacet
  facet normal 0 0 1
    outer loop
      vertex 0.164932 0.106583 0.2654
      vertex 0.156174 0.128723 0.2654
      vertex 0.16124 0.105255 0.2654
    endloop
  endfacet
  facet normal -0 0 1
    outer loop
      vertex 0.153885 0.127884 0.2654
      vertex 0.16124 0.105255 0.2654
      vertex 0.156174 0.128723 0.2654
    endloop
  endfacet
  facet normal 0 0 1
    outer loop
      vertex 0.16124 0.105255 0.2654
      vertex 0.153885 0.127884 0.2654
      vertex 0.157455 0.104156 0.2654
    endloop
  endfacet
  facet normal -0 0 1
    outer loop
      vertex 0.151535 0.127213 0.2654
      vertex 0.157455 0.104156 0.2654
      vertex 0.153885 0.127884 0.2654
    endloop
  endfacet
  facet normal 0 0 1
    outer loop
      vertex 0.157455 0.104156 0.2654
      vertex 0.151535 0.127213 0.2654
      vertex 0.153625 0.103302 0.2654
    endloop
  endfacet
  facet normal -0 0 1
    outer loop
      vertex 0.14917 0.126678 0.2654
      vertex 0.153625 0.103302 0.2654
      vertex 0.151535 0.127213 0.2654
    endloop
  endfacet
  facet normal 0 0 1
    outer loop
      vertex 0.153625 0.103302 0.2654
      vertex 0.14917 0.126678 0.2654
      vertex 0.149734 0.102692 0.2654
    endloop
  endfacet
  facet normal -0 0 1
    outer loop
      vertex 0.146759 0.126297 0.2654
      vertex 0.149734 0.102692 0.2654
      vertex 0.14917 0.126678 0.2654
    endloop
  endfacet
  facet normal 0 0 1
    outer loop
      vertex 0.146759 0.126297 0.2654
      vertex 0.145828 0.10231 0.2654
      vertex 0.149734 0.102692 0.2654
    endloop
  endfacet
  facet normal -0 0 1
    outer loop
      vertex 0.144333 0.126068 0.2654
      vertex 0.145828 0.10231 0.2654
      vertex 0.146759 0.126297 0.2654
    endloop
  endfacet
  facet normal -0 0 1
    outer loop
      vertex 0.141891 0.125992 0.2654
      vertex 0.145828 0.10231 0.2654
      vertex 0.144333 0.126068 0.2654
    endloop
  endfacet
  facet normal 0 0 1
    outer loop
      vertex 0.141891 0.125992 0.2654
      vertex 0.141891 0.102188 0.2654
      vertex 0.145828 0.10231 0.2654
    endloop
  endfacet
  facet normal 0 0 1
    outer loop
      vertex 0.13945 0.126068 0.2654
      vertex 0.141891 0.102188 0.2654
      vertex 0.141891 0.125992 0.2654
    endloop
  endfacet
  facet normal 0 0 1
    outer loop
      vertex 0.13945 0.126068 0.2654
      vertex 0.137955 0.10231 0.2654
      vertex 0.141891 0.102188 0.2654
    endloop
  endfacet
  facet normal 0 0 1
    outer loop
      vertex 0.137024 0.126297 0.2654
      vertex 0.137955 0.10231 0.2654
      vertex 0.13945 0.126068 0.2654
    endloop
  endfacet
  facet normal 0 0 1
    outer loop
      vertex 0.134048 0.102692 0.2654
      vertex 0.137024 0.126297 0.2654
      vertex 0.134628 0.126678 0.2654
    endloop
  endfacet
  facet normal 0 0 1
    outer loop
      vertex 0.137024 0.126297 0.2654
      vertex 0.134048 0.102692 0.2654
      vertex 0.137955 0.10231 0.2654
    endloop
  endfacet
  facet normal 0 0 1
    outer loop
      vertex 0.130157 0.103302 0.2654
      vertex 0.134628 0.126678 0.2654
      vertex 0.132248 0.127213 0.2654
    endloop
  endfacet
  facet normal 0 0 1
    outer loop
      vertex 0.134628 0.126678 0.2654
      vertex 0.130157 0.103302 0.2654
      vertex 0.134048 0.102692 0.2654
    endloop
  endfacet
  facet normal 0 0 1
    outer loop
      vertex 0.126328 0.104156 0.2654
      vertex 0.132248 0.127213 0.2654
      vertex 0.129898 0.127884 0.2654
    endloop
  endfacet
  facet normal 0 0 1
    outer loop
      vertex 0.122543 0.105255 0.2654
      vertex 0.129898 0.127884 0.2654
      vertex 0.127609 0.128723 0.2654
    endloop
  endfacet
  facet normal 0 0 1
    outer loop
      vertex 0.132248 0.127213 0.2654
      vertex 0.126328 0.104156 0.2654
      vertex 0.130157 0.103302 0.2654
    endloop
  endfacet
  facet normal 0 0 1
    outer loop
      vertex 0.118851 0.106583 0.2654
      vertex 0.127609 0.128723 0.2654
      vertex 0.125366 0.129684 0.2654
    endloop
  endfacet
  facet normal 0 0 1
    outer loop
      vertex 0.115234 0.108154 0.2654
      vertex 0.125366 0.129684 0.2654
      vertex 0.123199 0.130798 0.2654
    endloop
  endfacet
  facet normal 0 0 1
    outer loop
      vertex 0.129898 0.127884 0.2654
      vertex 0.122543 0.105255 0.2654
      vertex 0.126328 0.104156 0.2654
    endloop
  endfacet
  facet normal 0 0 1
    outer loop
      vertex 0.11174 0.10994 0.2654
      vertex 0.123199 0.130798 0.2654
      vertex 0.121109 0.132034 0.2654
    endloop
  endfacet
  facet normal 0 0 1
    outer loop
      vertex 0.108353 0.111938 0.2654
      vertex 0.121109 0.132034 0.2654
      vertex 0.11908 0.133408 0.2654
    endloop
  endfacet
  facet normal 0 0 1
    outer loop
      vertex 0.127609 0.128723 0.2654
      vertex 0.118851 0.106583 0.2654
      vertex 0.122543 0.105255 0.2654
    endloop
  endfacet
  facet normal 0 0 1
    outer loop
      vertex 0.102753 0.115967 0.2654
      vertex 0.11908 0.133408 0.2654
      vertex 0.117157 0.134903 0.2654
    endloop
  endfacet
  facet normal 0 0 1
    outer loop
      vertex 0.102753 0.115967 0.2654
      vertex 0.117157 0.134903 0.2654
      vertex 0.115326 0.136505 0.2654
    endloop
  endfacet
  facet normal 0 0 1
    outer loop
      vertex 0.125366 0.129684 0.2654
      vertex 0.115234 0.108154 0.2654
      vertex 0.118851 0.106583 0.2654
    endloop
  endfacet
  facet normal 0 0 1
    outer loop
      vertex 0.102753 0.115967 0.2654
      vertex 0.115326 0.136505 0.2654
      vertex 0.113602 0.138229 0.2654
    endloop
  endfacet
  facet normal 0 0 1
    outer loop
      vertex 0.102753 0.115967 0.2654
      vertex 0.113602 0.138229 0.2654
      vertex 0.112 0.14006 0.2654
    endloop
  endfacet
  facet normal 0 0 1
    outer loop
      vertex 0.123199 0.130798 0.2654
      vertex 0.11174 0.10994 0.2654
      vertex 0.115234 0.108154 0.2654
    endloop
  endfacet
  facet normal 0 0 1
    outer loop
      vertex 0.102753 0.115967 0.2654
      vertex 0.112 0.14006 0.2654
      vertex 0.110504 0.141983 0.2654
    endloop
  endfacet
  facet normal 0 0 1
    outer loop
      vertex 0.102753 0.115967 0.2654
      vertex 0.110504 0.141983 0.2654
      vertex 0.109131 0.143997 0.2654
    endloop
  endfacet
  facet normal 0 0 1
    outer loop
      vertex 0.121109 0.132034 0.2654
      vertex 0.108353 0.111938 0.2654
      vertex 0.11174 0.10994 0.2654
    endloop
  endfacet
  facet normal 0 0 1
    outer loop
      vertex 0.102753 0.115967 0.2654
      vertex 0.109131 0.143997 0.2654
      vertex 0.107895 0.146103 0.2654
    endloop
  endfacet
  facet normal 0 0 1
    outer loop
      vertex 0.102753 0.115967 0.2654
      vertex 0.107895 0.146103 0.2654
      vertex 0.106781 0.14827 0.2654
    endloop
  endfacet
  facet normal 0 0 1
    outer loop
      vertex 0.102753 0.115967 0.2654
      vertex 0.106781 0.14827 0.2654
      vertex 0.10582 0.150513 0.2654
    endloop
  endfacet
  facet normal 0 0 1
    outer loop
      vertex 0.11908 0.133408 0.2654
      vertex 0.105103 0.114151 0.2654
      vertex 0.108353 0.111938 0.2654
    endloop
  endfacet
  facet normal 0 0 1
    outer loop
      vertex 0.102753 0.115967 0.2654
      vertex 0.10582 0.150513 0.2654
      vertex 0.104996 0.152802 0.2654
    endloop
  endfacet
  facet normal 0 0 1
    outer loop
      vertex 0.102753 0.115967 0.2654
      vertex 0.104996 0.152802 0.2654
      vertex 0.104309 0.155136 0.2654
    endloop
  endfacet
  facet normal 0 0 1
    outer loop
      vertex 0.102753 0.115967 0.2654
      vertex 0.104309 0.155136 0.2654
      vertex 0.103775 0.157516 0.2654
    endloop
  endfacet
  facet normal 0 0 1
    outer loop
      vertex 0.102753 0.115967 0.2654
      vertex 0.103775 0.157516 0.2654
      vertex 0.103394 0.159927 0.2654
    endloop
  endfacet
  facet normal 0 0 1
    outer loop
      vertex 0.102753 0.115967 0.2654
      vertex 0.103394 0.159927 0.2654
      vertex 0.103165 0.162354 0.2654
    endloop
  endfacet
  facet normal 0 0 1
    outer loop
      vertex 0.11908 0.133408 0.2654
      vertex 0.102753 0.115967 0.2654
      vertex 0.105103 0.114151 0.2654
    endloop
  endfacet
  facet normal 0 0 1
    outer loop
      vertex 0.102753 0.115967 0.2654
      vertex 0.103165 0.162354 0.2654
      vertex 0.103088 0.164795 0.2654
    endloop
  endfacet
  facet normal 0.0973339 -0.995252 0
    outer loop
      vertex 0.145828 0.10231 0.167399
      vertex 0.149734 0.102692 0.2654
      vertex 0.145828 0.10231 0.2654
    endloop
  endfacet
  facet normal 0.0973339 -0.995252 0
    outer loop
      vertex 0.149734 0.102692 0.2654
      vertex 0.145828 0.10231 0.167399
      vertex 0.149734 0.102692 0.167399
    endloop
  endfacet
  facet normal 0.15488 -0.987933 0
    outer loop
      vertex 0.149734 0.102692 0.167399
      vertex 0.153625 0.103302 0.2654
      vertex 0.149734 0.102692 0.2654
    endloop
  endfacet
  facet normal 0.15488 -0.987933 0
    outer loop
      vertex 0.153625 0.103302 0.2654
      vertex 0.149734 0.102692 0.167399
      vertex 0.153625 0.103302 0.167399
    endloop
  endfacet
  facet normal 0.217632 -0.976031 0
    outer loop
      vertex 0.153625 0.103302 0.167399
      vertex 0.157455 0.104156 0.2654
      vertex 0.153625 0.103302 0.2654
    endloop
  endfacet
  facet normal 0.217632 -0.976031 0
    outer loop
      vertex 0.157455 0.104156 0.2654
      vertex 0.153625 0.103302 0.167399
      vertex 0.157455 0.104156 0.167399
    endloop
  endfacet
  facet normal 0.27884 -0.960337 0
    outer loop
      vertex 0.157455 0.104156 0.167399
      vertex 0.16124 0.105255 0.2654
      vertex 0.157455 0.104156 0.2654
    endloop
  endfacet
  facet normal 0.27884 -0.960337 0
    outer loop
      vertex 0.16124 0.105255 0.2654
      vertex 0.157455 0.104156 0.167399
      vertex 0.16124 0.105255 0.167399
    endloop
  endfacet
  facet normal 0.338467 -0.940978 0
    outer loop
      vertex 0.16124 0.105255 0.167399
      vertex 0.164932 0.106583 0.2654
      vertex 0.16124 0.105255 0.2654
    endloop
  endfacet
  facet normal 0.338467 -0.940978 0
    outer loop
      vertex 0.164932 0.106583 0.2654
      vertex 0.16124 0.105255 0.167399
      vertex 0.164932 0.106583 0.167399
    endloop
  endfacet
  facet normal 0.398383 -0.917219 0
    outer loop
      vertex 0.164932 0.106583 0.167399
      vertex 0.168549 0.108154 0.2654
      vertex 0.164932 0.106583 0.2654
    endloop
  endfacet
  facet normal 0.398383 -0.917219 0
    outer loop
      vertex 0.168549 0.108154 0.2654
      vertex 0.164932 0.106583 0.167399
      vertex 0.168549 0.108154 0.167399
    endloop
  endfacet
  facet normal 0.455147 -0.890416 0
    outer loop
      vertex 0.168549 0.108154 0.167399
      vertex 0.172043 0.10994 0.2654
      vertex 0.168549 0.108154 0.2654
    endloop
  endfacet
  facet normal 0.455147 -0.890416 0
    outer loop
      vertex 0.172043 0.10994 0.2654
      vertex 0.168549 0.108154 0.167399
      vertex 0.172043 0.10994 0.167399
    endloop
  endfacet
  facet normal 0.508087 -0.861306 0
    outer loop
      vertex 0.172043 0.10994 0.167399
      vertex 0.17543 0.111938 0.2654
      vertex 0.172043 0.10994 0.2654
    endloop
  endfacet
  facet normal 0.508087 -0.861306 0
    outer loop
      vertex 0.17543 0.111938 0.2654
      vertex 0.172043 0.10994 0.167399
      vertex 0.17543 0.111938 0.167399
    endloop
  endfacet
  facet normal 0.562832 -0.826572 0
    outer loop
      vertex 0.17543 0.111938 0.167399
      vertex 0.17868 0.114151 0.2654
      vertex 0.17543 0.111938 0.2654
    endloop
  endfacet
  facet normal 0.562832 -0.826572 0
    outer loop
      vertex 0.17868 0.114151 0.2654
      vertex 0.17543 0.111938 0.167399
      vertex 0.17868 0.114151 0.167399
    endloop
  endfacet
  facet normal 0.611467 -0.79127 0
    outer loop
      vertex 0.17868 0.114151 0.167399
      vertex 0.18103 0.115967 0.2654
      vertex 0.17868 0.114151 0.2654
    endloop
  endfacet
  facet normal 0.611467 -0.79127 0
    outer loop
      vertex 0.18103 0.115967 0.2654
      vertex 0.17868 0.114151 0.167399
      vertex 0.18103 0.115967 0.167399
    endloop
  endfacet
  facet normal 0.157073 -0.987587 0
    outer loop
      vertex 0.18103 0.115967 0.167399
      vertex 0.186783 0.116882 0.2654
      vertex 0.18103 0.115967 0.2654
    endloop
  endfacet
  facet normal 0.157073 -0.987587 0
    outer loop
      vertex 0.186783 0.116882 0.2654
      vertex 0.18103 0.115967 0.167399
      vertex 0.186783 0.116882 0.167399
    endloop
  endfacet
  facet normal 0.218134 -0.975919 0
    outer loop
      vertex 0.186783 0.116882 0.167399
      vertex 0.201462 0.120163 0.2654
      vertex 0.186783 0.116882 0.2654
    endloop
  endfacet
  facet normal 0.218134 -0.975919 0
    outer loop
      vertex 0.201462 0.120163 0.2654
      vertex 0.186783 0.116882 0.167399
      vertex 0.201462 0.120163 0.167399
    endloop
  endfacet
  facet normal 0.279781 -0.960064 0
    outer loop
      vertex 0.201462 0.120163 0.167399
      vertex 0.215912 0.124374 0.2654
      vertex 0.201462 0.120163 0.2654
    endloop
  endfacet
  facet normal 0.279781 -0.960064 0
    outer loop
      vertex 0.215912 0.124374 0.2654
      vertex 0.201462 0.120163 0.167399
      vertex 0.215912 0.124374 0.167399
    endloop
  endfacet
  facet normal 0.338684 -0.9409 0
    outer loop
      vertex 0.215912 0.124374 0.167399
      vertex 0.230072 0.129471 0.2654
      vertex 0.215912 0.124374 0.2654
    endloop
  endfacet
  facet normal 0.338684 -0.9409 0
    outer loop
      vertex 0.230072 0.129471 0.2654
      vertex 0.215912 0.124374 0.167399
      vertex 0.230072 0.129471 0.167399
    endloop
  endfacet
  facet normal 0.396605 -0.917989 0
    outer loop
      vertex 0.230072 0.129471 0.167399
      vertex 0.243881 0.135437 0.2654
      vertex 0.230072 0.129471 0.2654
    endloop
  endfacet
  facet normal 0.396605 -0.917989 0
    outer loop
      vertex 0.243881 0.135437 0.2654
      vertex 0.230072 0.129471 0.167399
      vertex 0.243881 0.135437 0.167399
    endloop
  endfacet
  facet normal 0.454082 -0.89096 0
    outer loop
      vertex 0.243881 0.135437 0.167399
      vertex 0.257294 0.142273 0.2654
      vertex 0.243881 0.135437 0.2654
    endloop
  endfacet
  facet normal 0.454082 -0.89096 0
    outer loop
      vertex 0.257294 0.142273 0.2654
      vertex 0.243881 0.135437 0.167399
      vertex 0.257294 0.142273 0.167399
    endloop
  endfacet
  facet normal 0.508993 -0.86077 0
    outer loop
      vertex 0.257294 0.142273 0.167399
      vertex 0.270248 0.149933 0.2654
      vertex 0.257294 0.142273 0.2654
    endloop
  endfacet
  facet normal 0.508993 -0.86077 0
    outer loop
      vertex 0.270248 0.149933 0.2654
      vertex 0.257294 0.142273 0.167399
      vertex 0.270248 0.149933 0.167399
    endloop
  endfacet
  facet normal 0.561657 -0.82737 0
    outer loop
      vertex 0.270248 0.149933 0.167399
      vertex 0.2827 0.158386 0.2654
      vertex 0.270248 0.149933 0.2654
    endloop
  endfacet
  facet normal 0.561657 -0.82737 0
    outer loop
      vertex 0.2827 0.158386 0.2654
      vertex 0.270248 0.149933 0.167399
      vertex 0.2827 0.158386 0.167399
    endloop
  endfacet
  facet normal 0.613416 -0.78976 0
    outer loop
      vertex 0.2827 0.158386 0.167399
      vertex 0.294586 0.167618 0.2654
      vertex 0.2827 0.158386 0.2654
    endloop
  endfacet
  facet normal 0.613416 -0.78976 0
    outer loop
      vertex 0.294586 0.167618 0.2654
      vertex 0.2827 0.158386 0.167399
      vertex 0.294586 0.167618 0.167399
    endloop
  endfacet
  facet normal 0.661079 -0.750317 0
    outer loop
      vertex 0.294586 0.167618 0.167399
      vertex 0.305878 0.177567 0.2654
      vertex 0.294586 0.167618 0.2654
    endloop
  endfacet
  facet normal 0.661079 -0.750317 0
    outer loop
      vertex 0.305878 0.177567 0.2654
      vertex 0.294586 0.167618 0.167399
      vertex 0.305878 0.177567 0.167399
    endloop
  endfacet
  facet normal 0.707107 -0.707107 0
    outer loop
      vertex 0.305878 0.177567 0.2654
      vertex 0.316513 0.188202 0.167399
      vertex 0.316513 0.188202 0.2654
    endloop
  endfacet
  facet normal 0.707107 -0.707107 0
    outer loop
      vertex 0.316513 0.188202 0.167399
      vertex 0.305878 0.177567 0.2654
      vertex 0.305878 0.177567 0.167399
    endloop
  endfacet
  facet normal 0.750288 -0.661112 0
    outer loop
      vertex 0.316513 0.188202 0.2654
      vertex 0.326462 0.199493 0.167399
      vertex 0.326462 0.199493 0.2654
    endloop
  endfacet
  facet normal 0.750288 -0.661112 0
    outer loop
      vertex 0.326462 0.199493 0.167399
      vertex 0.316513 0.188202 0.2654
      vertex 0.316513 0.188202 0.167399
    endloop
  endfacet
  facet normal 0.790192 -0.61286 0
    outer loop
      vertex 0.326462 0.199493 0.2654
      vertex 0.335693 0.211395 0.167399
      vertex 0.335693 0.211395 0.2654
    endloop
  endfacet
  facet normal 0.790192 -0.61286 0
    outer loop
      vertex 0.335693 0.211395 0.167399
      vertex 0.326462 0.199493 0.2654
      vertex 0.326462 0.199493 0.167399
    endloop
  endfacet
  facet normal 0.827003 -0.562197 0
    outer loop
      vertex 0.335693 0.211395 0.2654
      vertex 0.344147 0.223831 0.167399
      vertex 0.344147 0.223831 0.2654
    endloop
  endfacet
  facet normal 0.827003 -0.562197 0
    outer loop
      vertex 0.344147 0.223831 0.167399
      vertex 0.335693 0.211395 0.2654
      vertex 0.335693 0.211395 0.167399
    endloop
  endfacet
  facet normal 0.860788 -0.508964 0
    outer loop
      vertex 0.344147 0.223831 0.2654
      vertex 0.351807 0.236786 0.167399
      vertex 0.351807 0.236786 0.2654
    endloop
  endfacet
  facet normal 0.860788 -0.508964 0
    outer loop
      vertex 0.351807 0.236786 0.167399
      vertex 0.344147 0.223831 0.2654
      vertex 0.344147 0.223831 0.167399
    endloop
  endfacet
  facet normal 0.890946 -0.454109 0
    outer loop
      vertex 0.351807 0.236786 0.2654
      vertex 0.358643 0.250198 0.167399
      vertex 0.358643 0.250198 0.2654
    endloop
  endfacet
  facet normal 0.890946 -0.454109 0
    outer loop
      vertex 0.358643 0.250198 0.167399
      vertex 0.351807 0.236786 0.2654
      vertex 0.351807 0.236786 0.167399
    endloop
  endfacet
  facet normal 0.917636 -0.397421 0
    outer loop
      vertex 0.358643 0.250198 0.2654
      vertex 0.364624 0.264008 0.167399
      vertex 0.364624 0.264008 0.2654
    endloop
  endfacet
  facet normal 0.917636 -0.397421 0
    outer loop
      vertex 0.364624 0.264008 0.167399
      vertex 0.358643 0.250198 0.2654
      vertex 0.358643 0.250198 0.167399
    endloop
  endfacet
  facet normal 0.940921 -0.338625 0
    outer loop
      vertex 0.364624 0.264008 0.2654
      vertex 0.36972 0.278168 0.167399
      vertex 0.36972 0.278168 0.2654
    endloop
  endfacet
  facet normal 0.940921 -0.338625 0
    outer loop
      vertex 0.36972 0.278168 0.167399
      vertex 0.364624 0.264008 0.2654
      vertex 0.364624 0.264008 0.167399
    endloop
  endfacet
  facet normal 0.960314 -0.278923 0
    outer loop
      vertex 0.36972 0.278168 0.2654
      vertex 0.373917 0.292618 0.167399
      vertex 0.373917 0.292618 0.2654
    endloop
  endfacet
  facet normal 0.960314 -0.278923 0
    outer loop
      vertex 0.373917 0.292618 0.167399
      vertex 0.36972 0.278168 0.2654
      vertex 0.36972 0.278168 0.167399
    endloop
  endfacet
  facet normal 0.97598 -0.217859 0
    outer loop
      vertex 0.373917 0.292618 0.2654
      vertex 0.377197 0.307312 0.167399
      vertex 0.377197 0.307312 0.2654
    endloop
  endfacet
  facet normal 0.97598 -0.217859 0
    outer loop
      vertex 0.377197 0.307312 0.167399
      vertex 0.373917 0.292618 0.2654
      vertex 0.373917 0.292618 0.167399
    endloop
  endfacet
  facet normal 0.987728 -0.156181 0
    outer loop
      vertex 0.377197 0.307312 0.2654
      vertex 0.379547 0.322174 0.167399
      vertex 0.379547 0.322174 0.2654
    endloop
  endfacet
  facet normal 0.987728 -0.156181 0
    outer loop
      vertex 0.379547 0.322174 0.167399
      vertex 0.377197 0.307312 0.2654
      vertex 0.377197 0.307312 0.167399
    endloop
  endfacet
  facet normal 0.995546 -0.0942792 0
    outer loop
      vertex 0.379547 0.322174 0.2654
      vertex 0.380966 0.337158 0.167399
      vertex 0.380966 0.337158 0.2654
    endloop
  endfacet
  facet normal 0.995546 -0.0942792 0
    outer loop
      vertex 0.380966 0.337158 0.167399
      vertex 0.379547 0.322174 0.2654
      vertex 0.379547 0.322174 0.167399
    endloop
  endfacet
  facet normal 0.999505 -0.0314548 0
    outer loop
      vertex 0.380966 0.337158 0.2654
      vertex 0.381439 0.352188 0.167399
      vertex 0.381439 0.352188 0.2654
    endloop
  endfacet
  facet normal 0.999505 -0.0314548 0
    outer loop
      vertex 0.381439 0.352188 0.167399
      vertex 0.380966 0.337158 0.2654
      vertex 0.380966 0.337158 0.167399
    endloop
  endfacet
  facet normal 0.999506 0.0314235 0
    outer loop
      vertex 0.381439 0.352188 0.2654
      vertex 0.380966 0.367233 0.167399
      vertex 0.380966 0.367233 0.2654
    endloop
  endfacet
  facet normal 0.999506 0.0314235 0
    outer loop
      vertex 0.380966 0.367233 0.167399
      vertex 0.381439 0.352188 0.2654
      vertex 0.381439 0.352188 0.167399
    endloop
  endfacet
  facet normal 0.995546 0.0942792 0
    outer loop
      vertex 0.380966 0.367233 0.2654
      vertex 0.379547 0.382217 0.167399
      vertex 0.379547 0.382217 0.2654
    endloop
  endfacet
  facet normal 0.995546 0.0942792 0
    outer loop
      vertex 0.379547 0.382217 0.167399
      vertex 0.380966 0.367233 0.2654
      vertex 0.380966 0.367233 0.167399
    endloop
  endfacet
  facet normal 0.987728 0.156181 0
    outer loop
      vertex 0.379547 0.382217 0.2654
      vertex 0.377197 0.397079 0.167399
      vertex 0.377197 0.397079 0.2654
    endloop
  endfacet
  facet normal 0.987728 0.156181 0
    outer loop
      vertex 0.377197 0.397079 0.167399
      vertex 0.379547 0.382217 0.2654
      vertex 0.379547 0.382217 0.167399
    endloop
  endfacet
  facet normal 0.975933 0.218071 0
    outer loop
      vertex 0.377197 0.397079 0.2654
      vertex 0.373917 0.411758 0.167399
      vertex 0.373917 0.411758 0.2654
    endloop
  endfacet
  facet normal 0.975933 0.218071 0
    outer loop
      vertex 0.373917 0.411758 0.167399
      vertex 0.377197 0.397079 0.2654
      vertex 0.377197 0.397079 0.167399
    endloop
  endfacet
  facet normal 0.960396 0.278638 0
    outer loop
      vertex 0.373917 0.411758 0.2654
      vertex 0.36972 0.426224 0.167399
      vertex 0.36972 0.426224 0.2654
    endloop
  endfacet
  facet normal 0.960396 0.278638 0
    outer loop
      vertex 0.36972 0.426224 0.167399
      vertex 0.373917 0.411758 0.2654
      vertex 0.373917 0.411758 0.167399
    endloop
  endfacet
  facet normal 0.940921 0.338625 0
    outer loop
      vertex 0.36972 0.426224 0.2654
      vertex 0.364624 0.440384 0.167399
      vertex 0.364624 0.440384 0.2654
    endloop
  endfacet
  facet normal 0.940921 0.338625 0
    outer loop
      vertex 0.364624 0.440384 0.167399
      vertex 0.36972 0.426224 0.2654
      vertex 0.36972 0.426224 0.167399
    endloop
  endfacet
  facet normal 0.917626 0.397445 0
    outer loop
      vertex 0.364624 0.440384 0.2654
      vertex 0.358643 0.454193 0.167399
      vertex 0.358643 0.454193 0.2654
    endloop
  endfacet
  facet normal 0.917626 0.397445 0
    outer loop
      vertex 0.358643 0.454193 0.167399
      vertex 0.364624 0.440384 0.2654
      vertex 0.364624 0.440384 0.167399
    endloop
  endfacet
  facet normal 0.89074 0.454512 0
    outer loop
      vertex 0.358643 0.454193 0.2654
      vertex 0.351807 0.46759 0.167399
      vertex 0.351807 0.46759 0.2654
    endloop
  endfacet
  facet normal 0.89074 0.454512 0
    outer loop
      vertex 0.351807 0.46759 0.167399
      vertex 0.358643 0.454193 0.2654
      vertex 0.358643 0.454193 0.167399
    endloop
  endfacet
  facet normal 0.860788 0.508964 0
    outer loop
      vertex 0.351807 0.46759 0.2654
      vertex 0.344147 0.480545 0.167399
      vertex 0.344147 0.480545 0.2654
    endloop
  endfacet
  facet normal 0.860788 0.508964 0
    outer loop
      vertex 0.344147 0.480545 0.167399
      vertex 0.351807 0.46759 0.2654
      vertex 0.351807 0.46759 0.167399
    endloop
  endfacet
  facet normal 0.827318 0.561734 0
    outer loop
      vertex 0.344147 0.480545 0.2654
      vertex 0.335693 0.492996 0.167399
      vertex 0.335693 0.492996 0.2654
    endloop
  endfacet
  facet normal 0.827318 0.561734 0
    outer loop
      vertex 0.335693 0.492996 0.167399
      vertex 0.344147 0.480545 0.2654
      vertex 0.344147 0.480545 0.167399
    endloop
  endfacet
  facet normal 0.789817 0.613342 0
    outer loop
      vertex 0.335693 0.492996 0.2654
      vertex 0.326462 0.504883 0.167399
      vertex 0.326462 0.504883 0.2654
    endloop
  endfacet
  facet normal 0.789817 0.613342 0
    outer loop
      vertex 0.326462 0.504883 0.167399
      vertex 0.335693 0.492996 0.2654
      vertex 0.335693 0.492996 0.167399
    endloop
  endfacet
  facet normal 0.750288 0.661112 0
    outer loop
      vertex 0.326462 0.504883 0.2654
      vertex 0.316513 0.516174 0.167399
      vertex 0.316513 0.516174 0.2654
    endloop
  endfacet
  facet normal 0.750288 0.661112 0
    outer loop
      vertex 0.316513 0.516174 0.167399
      vertex 0.326462 0.504883 0.2654
      vertex 0.326462 0.504883 0.167399
    endloop
  endfacet
  facet normal 0.70714 0.707074 0
    outer loop
      vertex 0.316513 0.516174 0.2654
      vertex 0.305878 0.52681 0.167399
      vertex 0.305878 0.52681 0.2654
    endloop
  endfacet
  facet normal 0.70714 0.707074 0
    outer loop
      vertex 0.305878 0.52681 0.167399
      vertex 0.316513 0.516174 0.2654
      vertex 0.316513 0.516174 0.167399
    endloop
  endfacet
  facet normal 0.661639 0.749822 -0
    outer loop
      vertex 0.305878 0.52681 0.167399
      vertex 0.294586 0.536774 0.2654
      vertex 0.305878 0.52681 0.2654
    endloop
  endfacet
  facet normal 0.661639 0.749822 0
    outer loop
      vertex 0.294586 0.536774 0.2654
      vertex 0.305878 0.52681 0.167399
      vertex 0.294586 0.536774 0.167399
    endloop
  endfacet
  facet normal 0.612752 0.790275 -0
    outer loop
      vertex 0.294586 0.536774 0.167399
      vertex 0.2827 0.54599 0.2654
      vertex 0.294586 0.536774 0.2654
    endloop
  endfacet
  facet normal 0.612752 0.790275 0
    outer loop
      vertex 0.2827 0.54599 0.2654
      vertex 0.294586 0.536774 0.167399
      vertex 0.2827 0.54599 0.167399
    endloop
  endfacet
  facet normal 0.562384 0.826876 -0
    outer loop
      vertex 0.2827 0.54599 0.167399
      vertex 0.270248 0.554459 0.2654
      vertex 0.2827 0.54599 0.2654
    endloop
  endfacet
  facet normal 0.562384 0.826876 0
    outer loop
      vertex 0.270248 0.554459 0.2654
      vertex 0.2827 0.54599 0.167399
      vertex 0.270248 0.554459 0.167399
    endloop
  endfacet
  facet normal 0.508993 0.86077 -0
    outer loop
      vertex 0.270248 0.554459 0.167399
      vertex 0.257294 0.562119 0.2654
      vertex 0.270248 0.554459 0.2654
    endloop
  endfacet
  facet normal 0.508993 0.86077 0
    outer loop
      vertex 0.257294 0.562119 0.2654
      vertex 0.270248 0.554459 0.167399
      vertex 0.257294 0.562119 0.167399
    endloop
  endfacet
  facet normal 0.453238 0.89139 -0
    outer loop
      vertex 0.257294 0.562119 0.167399
      vertex 0.243881 0.568939 0.2654
      vertex 0.257294 0.562119 0.2654
    endloop
  endfacet
  facet normal 0.453238 0.89139 0
    outer loop
      vertex 0.243881 0.568939 0.2654
      vertex 0.257294 0.562119 0.167399
      vertex 0.243881 0.568939 0.167399
    endloop
  endfacet
  facet normal 0.397501 0.917602 -0
    outer loop
      vertex 0.243881 0.568939 0.167399
      vertex 0.230072 0.574921 0.2654
      vertex 0.243881 0.568939 0.2654
    endloop
  endfacet
  facet normal 0.397501 0.917602 0
    outer loop
      vertex 0.230072 0.574921 0.2654
      vertex 0.243881 0.568939 0.167399
      vertex 0.230072 0.574921 0.167399
    endloop
  endfacet
  facet normal 0.338625 0.940921 -0
    outer loop
      vertex 0.230072 0.574921 0.167399
      vertex 0.215912 0.580017 0.2654
      vertex 0.230072 0.574921 0.2654
    endloop
  endfacet
  facet normal 0.338625 0.940921 0
    outer loop
      vertex 0.215912 0.580017 0.2654
      vertex 0.230072 0.574921 0.167399
      vertex 0.215912 0.580017 0.167399
    endloop
  endfacet
  facet normal 0.278862 0.960331 -0
    outer loop
      vertex 0.215912 0.580017 0.167399
      vertex 0.201462 0.584213 0.2654
      vertex 0.215912 0.580017 0.2654
    endloop
  endfacet
  facet normal 0.278862 0.960331 0
    outer loop
      vertex 0.201462 0.584213 0.2654
      vertex 0.215912 0.580017 0.167399
      vertex 0.201462 0.584213 0.167399
    endloop
  endfacet
  facet normal 0.218134 0.975919 -0
    outer loop
      vertex 0.201462 0.584213 0.167399
      vertex 0.186783 0.587494 0.2654
      vertex 0.201462 0.584213 0.2654
    endloop
  endfacet
  facet normal 0.218134 0.975919 0
    outer loop
      vertex 0.186783 0.587494 0.2654
      vertex 0.201462 0.584213 0.167399
      vertex 0.186783 0.587494 0.167399
    endloop
  endfacet
  facet normal 0.158515 0.987357 -0
    outer loop
      vertex 0.186783 0.587494 0.167399
      vertex 0.180984 0.588425 0.2654
      vertex 0.186783 0.587494 0.2654
    endloop
  endfacet
  facet normal 0.158515 0.987357 0
    outer loop
      vertex 0.180984 0.588425 0.2654
      vertex 0.186783 0.587494 0.167399
      vertex 0.180984 0.588425 0.167399
    endloop
  endfacet
  facet normal 0.609958 0.792433 -0
    outer loop
      vertex 0.180984 0.588425 0.167399
      vertex 0.178665 0.59021 0.2654
      vertex 0.180984 0.588425 0.2654
    endloop
  endfacet
  facet normal 0.609958 0.792433 0
    outer loop
      vertex 0.178665 0.59021 0.2654
      vertex 0.180984 0.588425 0.167399
      vertex 0.178665 0.59021 0.167399
    endloop
  endfacet
  facet normal 0.562658 0.82669 -0
    outer loop
      vertex 0.178665 0.59021 0.167399
      vertex 0.175415 0.592422 0.2654
      vertex 0.178665 0.59021 0.2654
    endloop
  endfacet
  facet normal 0.562658 0.82669 0
    outer loop
      vertex 0.175415 0.592422 0.2654
      vertex 0.178665 0.59021 0.167399
      vertex 0.175415 0.592422 0.167399
    endloop
  endfacet
  facet normal 0.509949 0.860205 -0
    outer loop
      vertex 0.175415 0.592422 0.167399
      vertex 0.172043 0.594421 0.2654
      vertex 0.175415 0.592422 0.2654
    endloop
  endfacet
  facet normal 0.509949 0.860205 0
    outer loop
      vertex 0.172043 0.594421 0.2654
      vertex 0.175415 0.592422 0.167399
      vertex 0.172043 0.594421 0.167399
    endloop
  endfacet
  facet normal 0.4535 0.891256 -0
    outer loop
      vertex 0.172043 0.594421 0.167399
      vertex 0.168533 0.596207 0.2654
      vertex 0.172043 0.594421 0.2654
    endloop
  endfacet
  facet normal 0.4535 0.891256 0
    outer loop
      vertex 0.168533 0.596207 0.2654
      vertex 0.172043 0.594421 0.167399
      vertex 0.168533 0.596207 0.167399
    endloop
  endfacet
  facet normal 0.396656 0.917967 -0
    outer loop
      vertex 0.168533 0.596207 0.167399
      vertex 0.164932 0.597763 0.2654
      vertex 0.168533 0.596207 0.2654
    endloop
  endfacet
  facet normal 0.396656 0.917967 0
    outer loop
      vertex 0.164932 0.597763 0.2654
      vertex 0.168533 0.596207 0.167399
      vertex 0.164932 0.597763 0.167399
    endloop
  endfacet
  facet normal 0.340542 0.940229 -0
    outer loop
      vertex 0.164932 0.597763 0.167399
      vertex 0.161224 0.599106 0.2654
      vertex 0.164932 0.597763 0.2654
    endloop
  endfacet
  facet normal 0.340542 0.940229 0
    outer loop
      vertex 0.161224 0.599106 0.2654
      vertex 0.164932 0.597763 0.167399
      vertex 0.161224 0.599106 0.167399
    endloop
  endfacet
  facet normal 0.276169 0.961109 -0
    outer loop
      vertex 0.161224 0.599106 0.167399
      vertex 0.157455 0.600189 0.2654
      vertex 0.161224 0.599106 0.2654
    endloop
  endfacet
  facet normal 0.276169 0.961109 0
    outer loop
      vertex 0.157455 0.600189 0.2654
      vertex 0.161224 0.599106 0.167399
      vertex 0.157455 0.600189 0.167399
    endloop
  endfacet
  facet normal 0.220689 0.975344 -0
    outer loop
      vertex 0.157455 0.600189 0.167399
      vertex 0.15361 0.601059 0.2654
      vertex 0.157455 0.600189 0.2654
    endloop
  endfacet
  facet normal 0.220689 0.975344 0
    outer loop
      vertex 0.15361 0.601059 0.2654
      vertex 0.157455 0.600189 0.167399
      vertex 0.15361 0.601059 0.167399
    endloop
  endfacet
  facet normal 0.155465 0.987841 -0
    outer loop
      vertex 0.15361 0.601059 0.167399
      vertex 0.149734 0.601669 0.2654
      vertex 0.15361 0.601059 0.2654
    endloop
  endfacet
  facet normal 0.155465 0.987841 0
    outer loop
      vertex 0.149734 0.601669 0.2654
      vertex 0.15361 0.601059 0.167399
      vertex 0.149734 0.601669 0.167399
    endloop
  endfacet
  facet normal 0.093546 0.995615 -0
    outer loop
      vertex 0.149734 0.601669 0.167399
      vertex 0.145828 0.602036 0.2654
      vertex 0.149734 0.601669 0.2654
    endloop
  endfacet
  facet normal 0.093546 0.995615 0
    outer loop
      vertex 0.145828 0.602036 0.2654
      vertex 0.149734 0.601669 0.167399
      vertex 0.145828 0.602036 0.167399
    endloop
  endfacet
  facet normal 0.0309732 0.99952 -0
    outer loop
      vertex 0.145828 0.602036 0.167399
      vertex 0.141891 0.602158 0.2654
      vertex 0.145828 0.602036 0.2654
    endloop
  endfacet
  facet normal 0.0309732 0.99952 0
    outer loop
      vertex 0.141891 0.602158 0.2654
      vertex 0.145828 0.602036 0.167399
      vertex 0.141891 0.602158 0.167399
    endloop
  endfacet
  facet normal -0.0310995 0.999516 0
    outer loop
      vertex 0.141891 0.602158 0.167399
      vertex 0.13797 0.602036 0.2654
      vertex 0.141891 0.602158 0.2654
    endloop
  endfacet
  facet normal -0.0310995 0.999516 0
    outer loop
      vertex 0.13797 0.602036 0.2654
      vertex 0.141891 0.602158 0.167399
      vertex 0.13797 0.602036 0.167399
    endloop
  endfacet
  facet normal -0.0931677 0.99565 0
    outer loop
      vertex 0.13797 0.602036 0.167399
      vertex 0.134048 0.601669 0.2654
      vertex 0.13797 0.602036 0.2654
    endloop
  endfacet
  facet normal -0.0931677 0.99565 0
    outer loop
      vertex 0.134048 0.601669 0.2654
      vertex 0.13797 0.602036 0.167399
      vertex 0.134048 0.601669 0.167399
    endloop
  endfacet
  facet normal -0.155504 0.987835 0
    outer loop
      vertex 0.134048 0.601669 0.167399
      vertex 0.130173 0.601059 0.2654
      vertex 0.134048 0.601669 0.2654
    endloop
  endfacet
  facet normal -0.155504 0.987835 0
    outer loop
      vertex 0.130173 0.601059 0.2654
      vertex 0.134048 0.601669 0.167399
      vertex 0.130173 0.601059 0.167399
    endloop
  endfacet
  facet normal -0.220689 0.975344 0
    outer loop
      vertex 0.130173 0.601059 0.167399
      vertex 0.126328 0.600189 0.2654
      vertex 0.130173 0.601059 0.2654
    endloop
  endfacet
  facet normal -0.220689 0.975344 0
    outer loop
      vertex 0.126328 0.600189 0.2654
      vertex 0.130173 0.601059 0.167399
      vertex 0.126328 0.600189 0.167399
    endloop
  endfacet
  facet normal -0.276169 0.961109 0
    outer loop
      vertex 0.126328 0.600189 0.167399
      vertex 0.122559 0.599106 0.2654
      vertex 0.126328 0.600189 0.2654
    endloop
  endfacet
  facet normal -0.276169 0.961109 0
    outer loop
      vertex 0.122559 0.599106 0.2654
      vertex 0.126328 0.600189 0.167399
      vertex 0.122559 0.599106 0.167399
    endloop
  endfacet
  facet normal -0.341763 0.939786 0
    outer loop
      vertex 0.122559 0.599106 0.167399
      vertex 0.118866 0.597763 0.2654
      vertex 0.122559 0.599106 0.2654
    endloop
  endfacet
  facet normal -0.341763 0.939786 0
    outer loop
      vertex 0.118866 0.597763 0.2654
      vertex 0.122559 0.599106 0.167399
      vertex 0.118866 0.597763 0.167399
    endloop
  endfacet
  facet normal -0.395268 0.918566 0
    outer loop
      vertex 0.118866 0.597763 0.167399
      vertex 0.11525 0.596207 0.2654
      vertex 0.118866 0.597763 0.2654
    endloop
  endfacet
  facet normal -0.395268 0.918566 0
    outer loop
      vertex 0.11525 0.596207 0.2654
      vertex 0.118866 0.597763 0.167399
      vertex 0.11525 0.596207 0.167399
    endloop
  endfacet
  facet normal -0.455044 0.890469 0
    outer loop
      vertex 0.11525 0.596207 0.167399
      vertex 0.111755 0.594421 0.2654
      vertex 0.11525 0.596207 0.2654
    endloop
  endfacet
  facet normal -0.455044 0.890469 0
    outer loop
      vertex 0.111755 0.594421 0.2654
      vertex 0.11525 0.596207 0.167399
      vertex 0.111755 0.594421 0.167399
    endloop
  endfacet
  facet normal -0.508275 0.861195 0
    outer loop
      vertex 0.111755 0.594421 0.167399
      vertex 0.108368 0.592422 0.2654
      vertex 0.111755 0.594421 0.2654
    endloop
  endfacet
  facet normal -0.508275 0.861195 0
    outer loop
      vertex 0.108368 0.592422 0.2654
      vertex 0.111755 0.594421 0.167399
      vertex 0.108368 0.592422 0.167399
    endloop
  endfacet
  facet normal -0.562658 0.82669 0
    outer loop
      vertex 0.108368 0.592422 0.167399
      vertex 0.105118 0.59021 0.2654
      vertex 0.108368 0.592422 0.2654
    endloop
  endfacet
  facet normal -0.562658 0.82669 0
    outer loop
      vertex 0.105118 0.59021 0.2654
      vertex 0.108368 0.592422 0.167399
      vertex 0.105118 0.59021 0.167399
    endloop
  endfacet
  facet normal -0.609793 0.79256 0
    outer loop
      vertex 0.105118 0.59021 0.167399
      vertex 0.102798 0.588425 0.2654
      vertex 0.105118 0.59021 0.2654
    endloop
  endfacet
  facet normal -0.609793 0.79256 0
    outer loop
      vertex 0.102798 0.588425 0.2654
      vertex 0.105118 0.59021 0.167399
      vertex 0.102798 0.588425 0.167399
    endloop
  endfacet
  facet normal -0.158544 0.987352 0
    outer loop
      vertex 0.102798 0.588425 0.167399
      vertex 0.0970001 0.587494 0.2654
      vertex 0.102798 0.588425 0.2654
    endloop
  endfacet
  facet normal -0.158544 0.987352 0
    outer loop
      vertex 0.0970001 0.587494 0.2654
      vertex 0.102798 0.588425 0.167399
      vertex 0.0970001 0.587494 0.167399
    endloop
  endfacet
  facet normal -0.218135 0.975919 0
    outer loop
      vertex 0.0970001 0.587494 0.167399
      vertex 0.0823212 0.584213 0.2654
      vertex 0.0970001 0.587494 0.2654
    endloop
  endfacet
  facet normal -0.218135 0.975919 0
    outer loop
      vertex 0.0823212 0.584213 0.2654
      vertex 0.0970001 0.587494 0.167399
      vertex 0.0823212 0.584213 0.167399
    endloop
  endfacet
  facet normal -0.27886 0.960332 0
    outer loop
      vertex 0.0823212 0.584213 0.167399
      vertex 0.0678711 0.580017 0.2654
      vertex 0.0823212 0.584213 0.2654
    endloop
  endfacet
  facet normal -0.27886 0.960332 0
    outer loop
      vertex 0.0678711 0.580017 0.2654
      vertex 0.0823212 0.584213 0.167399
      vertex 0.0678711 0.580017 0.167399
    endloop
  endfacet
  facet normal -0.338621 0.940923 0
    outer loop
      vertex 0.0678711 0.580017 0.167399
      vertex 0.0537109 0.574921 0.2654
      vertex 0.0678711 0.580017 0.2654
    endloop
  endfacet
  facet normal -0.338621 0.940923 0
    outer loop
      vertex 0.0537109 0.574921 0.2654
      vertex 0.0678711 0.580017 0.167399
      vertex 0.0537109 0.574921 0.167399
    endloop
  endfacet
  facet normal -0.397496 0.917604 0
    outer loop
      vertex 0.0537109 0.574921 0.167399
      vertex 0.0399017 0.568939 0.2654
      vertex 0.0537109 0.574921 0.2654
    endloop
  endfacet
  facet normal -0.397496 0.917604 0
    outer loop
      vertex 0.0399017 0.568939 0.2654
      vertex 0.0537109 0.574921 0.167399
      vertex 0.0399017 0.568939 0.167399
    endloop
  endfacet
  facet normal -0.453254 0.891381 0
    outer loop
      vertex 0.0399017 0.568939 0.167399
      vertex 0.0264893 0.562119 0.2654
      vertex 0.0399017 0.568939 0.2654
    endloop
  endfacet
  facet normal -0.453254 0.891381 0
    outer loop
      vertex 0.0264893 0.562119 0.2654
      vertex 0.0399017 0.568939 0.167399
      vertex 0.0264893 0.562119 0.167399
    endloop
  endfacet
  facet normal -0.50897 0.860784 0
    outer loop
      vertex 0.0264893 0.562119 0.167399
      vertex 0.0135345 0.554459 0.2654
      vertex 0.0264893 0.562119 0.2654
    endloop
  endfacet
  facet normal -0.50897 0.860784 0
    outer loop
      vertex 0.0135345 0.554459 0.2654
      vertex 0.0264893 0.562119 0.167399
      vertex 0.0135345 0.554459 0.167399
    endloop
  endfacet
  facet normal -0.562411 0.826858 0
    outer loop
      vertex 0.0135345 0.554459 0.167399
      vertex 0.00108337 0.54599 0.2654
      vertex 0.0135345 0.554459 0.2654
    endloop
  endfacet
  facet normal -0.562411 0.826858 0
    outer loop
      vertex 0.00108337 0.54599 0.2654
      vertex 0.0135345 0.554459 0.167399
      vertex 0.00108337 0.54599 0.167399
    endloop
  endfacet
  facet normal -0.613224 0.789909 0
    outer loop
      vertex 0.00108337 0.54599 0.167399
      vertex -0.010788 0.536774 0.2654
      vertex 0.00108337 0.54599 0.2654
    endloop
  endfacet
  facet normal -0.613224 0.789909 0
    outer loop
      vertex -0.010788 0.536774 0.2654
      vertex 0.00108337 0.54599 0.167399
      vertex -0.010788 0.536774 0.167399
    endloop
  endfacet
  facet normal -0.661656 0.749808 0
    outer loop
      vertex -0.010788 0.536774 0.167399
      vertex -0.0220795 0.52681 0.2654
      vertex -0.010788 0.536774 0.2654
    endloop
  endfacet
  facet normal -0.661656 0.749808 0
    outer loop
      vertex -0.0220795 0.52681 0.2654
      vertex -0.010788 0.536774 0.167399
      vertex -0.0220795 0.52681 0.167399
    endloop
  endfacet
  facet normal -0.70713 0.707084 0
    outer loop
      vertex -0.0327148 0.516174 0.167399
      vertex -0.0220795 0.52681 0.2654
      vertex -0.0220795 0.52681 0.167399
    endloop
  endfacet
  facet normal -0.70713 0.707084 0
    outer loop
      vertex -0.0220795 0.52681 0.2654
      vertex -0.0327148 0.516174 0.167399
      vertex -0.0327148 0.516174 0.2654
    endloop
  endfacet
  facet normal -0.750294 0.661104 0
    outer loop
      vertex -0.0426636 0.504883 0.167399
      vertex -0.0327148 0.516174 0.2654
      vertex -0.0327148 0.516174 0.167399
    endloop
  endfacet
  facet normal -0.750294 0.661104 0
    outer loop
      vertex -0.0327148 0.516174 0.2654
      vertex -0.0426636 0.504883 0.167399
      vertex -0.0426636 0.504883 0.2654
    endloop
  endfacet
  facet normal -0.789801 0.613363 0
    outer loop
      vertex -0.0518951 0.492996 0.167399
      vertex -0.0426636 0.504883 0.2654
      vertex -0.0426636 0.504883 0.167399
    endloop
  endfacet
  facet normal -0.789801 0.613363 0
    outer loop
      vertex -0.0426636 0.504883 0.2654
      vertex -0.0518951 0.492996 0.167399
      vertex -0.0518951 0.492996 0.2654
    endloop
  endfacet
  facet normal -0.827337 0.561706 0
    outer loop
      vertex -0.0603485 0.480545 0.167399
      vertex -0.0518951 0.492996 0.2654
      vertex -0.0518951 0.492996 0.167399
    endloop
  endfacet
  facet normal -0.827337 0.561706 0
    outer loop
      vertex -0.0518951 0.492996 0.2654
      vertex -0.0603485 0.480545 0.167399
      vertex -0.0603485 0.480545 0.2654
    endloop
  endfacet
  facet normal -0.860791 0.508959 0
    outer loop
      vertex -0.0680084 0.46759 0.167399
      vertex -0.0603485 0.480545 0.2654
      vertex -0.0603485 0.480545 0.167399
    endloop
  endfacet
  facet normal -0.860791 0.508959 0
    outer loop
      vertex -0.0603485 0.480545 0.2654
      vertex -0.0680084 0.46759 0.167399
      vertex -0.0680084 0.46759 0.2654
    endloop
  endfacet
  facet normal -0.89074 0.454512 0
    outer loop
      vertex -0.0748444 0.454193 0.167399
      vertex -0.0680084 0.46759 0.2654
      vertex -0.0680084 0.46759 0.167399
    endloop
  endfacet
  facet normal -0.89074 0.454512 0
    outer loop
      vertex -0.0680084 0.46759 0.2654
      vertex -0.0748444 0.454193 0.167399
      vertex -0.0748444 0.454193 0.2654
    endloop
  endfacet
  facet normal -0.917616 0.397468 0
    outer loop
      vertex -0.0808258 0.440384 0.167399
      vertex -0.0748444 0.454193 0.2654
      vertex -0.0748444 0.454193 0.167399
    endloop
  endfacet
  facet normal -0.917616 0.397468 0
    outer loop
      vertex -0.0748444 0.454193 0.2654
      vertex -0.0808258 0.440384 0.167399
      vertex -0.0808258 0.440384 0.2654
    endloop
  endfacet
  facet normal -0.940913 0.338649 0
    outer loop
      vertex -0.0859222 0.426224 0.167399
      vertex -0.0808258 0.440384 0.2654
      vertex -0.0808258 0.440384 0.167399
    endloop
  endfacet
  facet normal -0.940913 0.338649 0
    outer loop
      vertex -0.0808258 0.440384 0.2654
      vertex -0.0859222 0.426224 0.167399
      vertex -0.0859222 0.426224 0.2654
    endloop
  endfacet
  facet normal -0.96041 0.278589 0
    outer loop
      vertex -0.0901184 0.411758 0.167399
      vertex -0.0859222 0.426224 0.2654
      vertex -0.0859222 0.426224 0.167399
    endloop
  endfacet
  facet normal -0.96041 0.278589 0
    outer loop
      vertex -0.0859222 0.426224 0.2654
      vertex -0.0901184 0.411758 0.167399
      vertex -0.0901184 0.411758 0.2654
    endloop
  endfacet
  facet normal -0.975924 0.218109 0
    outer loop
      vertex -0.093399 0.397079 0.167399
      vertex -0.0901184 0.411758 0.2654
      vertex -0.0901184 0.411758 0.167399
    endloop
  endfacet
  facet normal -0.975924 0.218109 0
    outer loop
      vertex -0.0901184 0.411758 0.2654
      vertex -0.093399 0.397079 0.167399
      vertex -0.093399 0.397079 0.2654
    endloop
  endfacet
  facet normal -0.987729 0.156175 0
    outer loop
      vertex -0.0957489 0.382217 0.167399
      vertex -0.093399 0.397079 0.2654
      vertex -0.093399 0.397079 0.167399
    endloop
  endfacet
  facet normal -0.987729 0.156175 0
    outer loop
      vertex -0.093399 0.397079 0.2654
      vertex -0.0957489 0.382217 0.167399
      vertex -0.0957489 0.382217 0.2654
    endloop
  endfacet
  facet normal -0.995545 0.0942858 0
    outer loop
      vertex -0.097168 0.367233 0.167399
      vertex -0.0957489 0.382217 0.2654
      vertex -0.0957489 0.382217 0.167399
    endloop
  endfacet
  facet normal -0.995545 0.0942858 0
    outer loop
      vertex -0.0957489 0.382217 0.2654
      vertex -0.097168 0.367233 0.167399
      vertex -0.097168 0.367233 0.2654
    endloop
  endfacet
  facet normal -0.999506 0.0314235 0
    outer loop
      vertex -0.097641 0.352188 0.167399
      vertex -0.097168 0.367233 0.2654
      vertex -0.097168 0.367233 0.167399
    endloop
  endfacet
  facet normal -0.999506 0.0314235 0
    outer loop
      vertex -0.097168 0.367233 0.2654
      vertex -0.097641 0.352188 0.167399
      vertex -0.097641 0.352188 0.2654
    endloop
  endfacet
  facet normal -0.999505 -0.0314548 0
    outer loop
      vertex -0.097168 0.337158 0.167399
      vertex -0.097641 0.352188 0.2654
      vertex -0.097641 0.352188 0.167399
    endloop
  endfacet
  facet normal -0.999505 -0.0314548 0
    outer loop
      vertex -0.097641 0.352188 0.2654
      vertex -0.097168 0.337158 0.167399
      vertex -0.097168 0.337158 0.2654
    endloop
  endfacet
  facet normal -0.995545 -0.0942858 0
    outer loop
      vertex -0.0957489 0.322174 0.167399
      vertex -0.097168 0.337158 0.2654
      vertex -0.097168 0.337158 0.167399
    endloop
  endfacet
  facet normal -0.995545 -0.0942858 0
    outer loop
      vertex -0.097168 0.337158 0.2654
      vertex -0.0957489 0.322174 0.167399
      vertex -0.0957489 0.322174 0.2654
    endloop
  endfacet
  facet normal -0.987729 -0.156175 0
    outer loop
      vertex -0.093399 0.307312 0.167399
      vertex -0.0957489 0.322174 0.2654
      vertex -0.0957489 0.322174 0.167399
    endloop
  endfacet
  facet normal -0.987729 -0.156175 0
    outer loop
      vertex -0.0957489 0.322174 0.2654
      vertex -0.093399 0.307312 0.167399
      vertex -0.093399 0.307312 0.2654
    endloop
  endfacet
  facet normal -0.975972 -0.217897 0
    outer loop
      vertex -0.0901184 0.292618 0.167399
      vertex -0.093399 0.307312 0.2654
      vertex -0.093399 0.307312 0.167399
    endloop
  endfacet
  facet normal -0.975972 -0.217897 0
    outer loop
      vertex -0.093399 0.307312 0.2654
      vertex -0.0901184 0.292618 0.167399
      vertex -0.0901184 0.292618 0.2654
    endloop
  endfacet
  facet normal -0.960328 -0.278874 0
    outer loop
      vertex -0.0859222 0.278168 0.167399
      vertex -0.0901184 0.292618 0.2654
      vertex -0.0901184 0.292618 0.167399
    endloop
  endfacet
  facet normal -0.960328 -0.278874 0
    outer loop
      vertex -0.0901184 0.292618 0.2654
      vertex -0.0859222 0.278168 0.167399
      vertex -0.0859222 0.278168 0.2654
    endloop
  endfacet
  facet normal -0.940913 -0.338649 0
    outer loop
      vertex -0.0808258 0.264008 0.167399
      vertex -0.0859222 0.278168 0.2654
      vertex -0.0859222 0.278168 0.167399
    endloop
  endfacet
  facet normal -0.940913 -0.338649 0
    outer loop
      vertex -0.0859222 0.278168 0.2654
      vertex -0.0808258 0.264008 0.167399
      vertex -0.0808258 0.264008 0.2654
    endloop
  endfacet
  facet normal -0.917627 -0.397443 0
    outer loop
      vertex -0.0748444 0.250198 0.167399
      vertex -0.0808258 0.264008 0.2654
      vertex -0.0808258 0.264008 0.167399
    endloop
  endfacet
  facet normal -0.917627 -0.397443 0
    outer loop
      vertex -0.0808258 0.264008 0.2654
      vertex -0.0748444 0.250198 0.167399
      vertex -0.0748444 0.250198 0.2654
    endloop
  endfacet
  facet normal -0.890946 -0.454109 0
    outer loop
      vertex -0.0680084 0.236786 0.167399
      vertex -0.0748444 0.250198 0.2654
      vertex -0.0748444 0.250198 0.167399
    endloop
  endfacet
  facet normal -0.890946 -0.454109 0
    outer loop
      vertex -0.0748444 0.250198 0.2654
      vertex -0.0680084 0.236786 0.167399
      vertex -0.0680084 0.236786 0.2654
    endloop
  endfacet
  facet normal -0.860791 -0.508959 0
    outer loop
      vertex -0.0603485 0.223831 0.167399
      vertex -0.0680084 0.236786 0.2654
      vertex -0.0680084 0.236786 0.167399
    endloop
  endfacet
  facet normal -0.860791 -0.508959 0
    outer loop
      vertex -0.0680084 0.236786 0.2654
      vertex -0.0603485 0.223831 0.167399
      vertex -0.0603485 0.223831 0.2654
    endloop
  endfacet
  facet normal -0.827022 -0.56217 0
    outer loop
      vertex -0.0518951 0.211395 0.167399
      vertex -0.0603485 0.223831 0.2654
      vertex -0.0603485 0.223831 0.167399
    endloop
  endfacet
  facet normal -0.827022 -0.56217 0
    outer loop
      vertex -0.0603485 0.223831 0.2654
      vertex -0.0518951 0.211395 0.167399
      vertex -0.0518951 0.211395 0.2654
    endloop
  endfacet
  facet normal -0.790176 -0.612881 0
    outer loop
      vertex -0.0426636 0.199493 0.167399
      vertex -0.0518951 0.211395 0.2654
      vertex -0.0518951 0.211395 0.167399
    endloop
  endfacet
  facet normal -0.790176 -0.612881 0
    outer loop
      vertex -0.0518951 0.211395 0.2654
      vertex -0.0426636 0.199493 0.167399
      vertex -0.0426636 0.199493 0.2654
    endloop
  endfacet
  facet normal -0.750294 -0.661104 0
    outer loop
      vertex -0.0327148 0.188202 0.167399
      vertex -0.0426636 0.199493 0.2654
      vertex -0.0426636 0.199493 0.167399
    endloop
  endfacet
  facet normal -0.750294 -0.661104 0
    outer loop
      vertex -0.0426636 0.199493 0.2654
      vertex -0.0327148 0.188202 0.167399
      vertex -0.0327148 0.188202 0.2654
    endloop
  endfacet
  facet normal -0.707097 -0.707117 0
    outer loop
      vertex -0.0220795 0.177567 0.167399
      vertex -0.0327148 0.188202 0.2654
      vertex -0.0327148 0.188202 0.167399
    endloop
  endfacet
  facet normal -0.707097 -0.707117 0
    outer loop
      vertex -0.0327148 0.188202 0.2654
      vertex -0.0220795 0.177567 0.167399
      vertex -0.0220795 0.177567 0.2654
    endloop
  endfacet
  facet normal -0.661095 -0.750302 0
    outer loop
      vertex -0.0220795 0.177567 0.167399
      vertex -0.010788 0.167618 0.2654
      vertex -0.0220795 0.177567 0.2654
    endloop
  endfacet
  facet normal -0.661095 -0.750302 -0
    outer loop
      vertex -0.010788 0.167618 0.2654
      vertex -0.0220795 0.177567 0.167399
      vertex -0.010788 0.167618 0.167399
    endloop
  endfacet
  facet normal -0.613887 -0.789394 0
    outer loop
      vertex -0.010788 0.167618 0.167399
      vertex 0.00108337 0.158386 0.2654
      vertex -0.010788 0.167618 0.2654
    endloop
  endfacet
  facet normal -0.613887 -0.789394 -0
    outer loop
      vertex 0.00108337 0.158386 0.2654
      vertex -0.010788 0.167618 0.167399
      vertex 0.00108337 0.158386 0.167399
    endloop
  endfacet
  facet normal -0.561684 -0.827352 0
    outer loop
      vertex 0.00108337 0.158386 0.167399
      vertex 0.0135345 0.149933 0.2654
      vertex 0.00108337 0.158386 0.2654
    endloop
  endfacet
  facet normal -0.561684 -0.827352 -0
    outer loop
      vertex 0.0135345 0.149933 0.2654
      vertex 0.00108337 0.158386 0.167399
      vertex 0.0135345 0.149933 0.167399
    endloop
  endfacet
  facet normal -0.50897 -0.860784 0
    outer loop
      vertex 0.0135345 0.149933 0.167399
      vertex 0.0264893 0.142273 0.2654
      vertex 0.0135345 0.149933 0.2654
    endloop
  endfacet
  facet normal -0.50897 -0.860784 -0
    outer loop
      vertex 0.0264893 0.142273 0.2654
      vertex 0.0135345 0.149933 0.167399
      vertex 0.0264893 0.142273 0.167399
    endloop
  endfacet
  facet normal -0.454098 -0.890952 0
    outer loop
      vertex 0.0264893 0.142273 0.167399
      vertex 0.0399017 0.135437 0.2654
      vertex 0.0264893 0.142273 0.2654
    endloop
  endfacet
  facet normal -0.454098 -0.890952 -0
    outer loop
      vertex 0.0399017 0.135437 0.2654
      vertex 0.0264893 0.142273 0.167399
      vertex 0.0399017 0.135437 0.167399
    endloop
  endfacet
  facet normal -0.396601 -0.917991 0
    outer loop
      vertex 0.0399017 0.135437 0.167399
      vertex 0.0537109 0.129471 0.2654
      vertex 0.0399017 0.135437 0.2654
    endloop
  endfacet
  facet normal -0.396601 -0.917991 -0
    outer loop
      vertex 0.0537109 0.129471 0.2654
      vertex 0.0399017 0.135437 0.167399
      vertex 0.0537109 0.129471 0.167399
    endloop
  endfacet
  facet normal -0.33868 -0.940902 0
    outer loop
      vertex 0.0537109 0.129471 0.167399
      vertex 0.0678711 0.124374 0.2654
      vertex 0.0537109 0.129471 0.2654
    endloop
  endfacet
  facet normal -0.33868 -0.940902 -0
    outer loop
      vertex 0.0678711 0.124374 0.2654
      vertex 0.0537109 0.129471 0.167399
      vertex 0.0678711 0.124374 0.167399
    endloop
  endfacet
  facet normal -0.279779 -0.960064 0
    outer loop
      vertex 0.0678711 0.124374 0.167399
      vertex 0.0823212 0.120163 0.2654
      vertex 0.0678711 0.124374 0.2654
    endloop
  endfacet
  facet normal -0.279779 -0.960064 -0
    outer loop
      vertex 0.0823212 0.120163 0.2654
      vertex 0.0678711 0.124374 0.167399
      vertex 0.0823212 0.120163 0.167399
    endloop
  endfacet
  facet normal -0.218135 -0.975919 0
    outer loop
      vertex 0.0823212 0.120163 0.167399
      vertex 0.0970001 0.116882 0.2654
      vertex 0.0823212 0.120163 0.2654
    endloop
  endfacet
  facet normal -0.218135 -0.975919 -0
    outer loop
      vertex 0.0970001 0.116882 0.2654
      vertex 0.0823212 0.120163 0.167399
      vertex 0.0970001 0.116882 0.167399
    endloop
  endfacet
  facet normal -0.157076 -0.987587 0
    outer loop
      vertex 0.0970001 0.116882 0.167399
      vertex 0.102753 0.115967 0.2654
      vertex 0.0970001 0.116882 0.2654
    endloop
  endfacet
  facet normal -0.157076 -0.987587 -0
    outer loop
      vertex 0.102753 0.115967 0.2654
      vertex 0.0970001 0.116882 0.167399
      vertex 0.102753 0.115967 0.167399
    endloop
  endfacet
  facet normal -0.611467 -0.79127 0
    outer loop
      vertex 0.102753 0.115967 0.167399
      vertex 0.105103 0.114151 0.2654
      vertex 0.102753 0.115967 0.2654
    endloop
  endfacet
  facet normal -0.611467 -0.79127 -0
    outer loop
      vertex 0.105103 0.114151 0.2654
      vertex 0.102753 0.115967 0.167399
      vertex 0.105103 0.114151 0.167399
    endloop
  endfacet
  facet normal -0.562832 -0.826572 0
    outer loop
      vertex 0.105103 0.114151 0.167399
      vertex 0.108353 0.111938 0.2654
      vertex 0.105103 0.114151 0.2654
    endloop
  endfacet
  facet normal -0.562832 -0.826572 -0
    outer loop
      vertex 0.108353 0.111938 0.2654
      vertex 0.105103 0.114151 0.167399
      vertex 0.108353 0.111938 0.167399
    endloop
  endfacet
  facet normal -0.508087 -0.861306 0
    outer loop
      vertex 0.108353 0.111938 0.167399
      vertex 0.11174 0.10994 0.2654
      vertex 0.108353 0.111938 0.2654
    endloop
  endfacet
  facet normal -0.508087 -0.861306 -0
    outer loop
      vertex 0.11174 0.10994 0.2654
      vertex 0.108353 0.111938 0.167399
      vertex 0.11174 0.10994 0.167399
    endloop
  endfacet
  facet normal -0.455147 -0.890416 0
    outer loop
      vertex 0.11174 0.10994 0.167399
      vertex 0.115234 0.108154 0.2654
      vertex 0.11174 0.10994 0.2654
    endloop
  endfacet
  facet normal -0.455147 -0.890416 -0
    outer loop
      vertex 0.115234 0.108154 0.2654
      vertex 0.11174 0.10994 0.167399
      vertex 0.115234 0.108154 0.167399
    endloop
  endfacet
  facet normal -0.398383 -0.917219 0
    outer loop
      vertex 0.115234 0.108154 0.167399
      vertex 0.118851 0.106583 0.2654
      vertex 0.115234 0.108154 0.2654
    endloop
  endfacet
  facet normal -0.398383 -0.917219 -0
    outer loop
      vertex 0.118851 0.106583 0.2654
      vertex 0.115234 0.108154 0.167399
      vertex 0.118851 0.106583 0.167399
    endloop
  endfacet
  facet normal -0.338467 -0.940978 0
    outer loop
      vertex 0.118851 0.106583 0.167399
      vertex 0.122543 0.105255 0.2654
      vertex 0.118851 0.106583 0.2654
    endloop
  endfacet
  facet normal -0.338467 -0.940978 -0
    outer loop
      vertex 0.122543 0.105255 0.2654
      vertex 0.118851 0.106583 0.167399
      vertex 0.122543 0.105255 0.167399
    endloop
  endfacet
  facet normal -0.27884 -0.960337 0
    outer loop
      vertex 0.122543 0.105255 0.167399
      vertex 0.126328 0.104156 0.2654
      vertex 0.122543 0.105255 0.2654
    endloop
  endfacet
  facet normal -0.27884 -0.960337 -0
    outer loop
      vertex 0.126328 0.104156 0.2654
      vertex 0.122543 0.105255 0.167399
      vertex 0.126328 0.104156 0.167399
    endloop
  endfacet
  facet normal -0.217686 -0.976019 0
    outer loop
      vertex 0.126328 0.104156 0.167399
      vertex 0.130157 0.103302 0.2654
      vertex 0.126328 0.104156 0.2654
    endloop
  endfacet
  facet normal -0.217686 -0.976019 -0
    outer loop
      vertex 0.130157 0.103302 0.2654
      vertex 0.126328 0.104156 0.167399
      vertex 0.130157 0.103302 0.167399
    endloop
  endfacet
  facet normal -0.15488 -0.987933 0
    outer loop
      vertex 0.130157 0.103302 0.167399
      vertex 0.134048 0.102692 0.2654
      vertex 0.130157 0.103302 0.2654
    endloop
  endfacet
  facet normal -0.15488 -0.987933 -0
    outer loop
      vertex 0.134048 0.102692 0.2654
      vertex 0.130157 0.103302 0.167399
      vertex 0.134048 0.102692 0.167399
    endloop
  endfacet
  facet normal -0.0973092 -0.995254 0
    outer loop
      vertex 0.134048 0.102692 0.167399
      vertex 0.137955 0.10231 0.2654
      vertex 0.134048 0.102692 0.2654
    endloop
  endfacet
  facet normal -0.0973092 -0.995254 -0
    outer loop
      vertex 0.137955 0.10231 0.2654
      vertex 0.134048 0.102692 0.167399
      vertex 0.137955 0.10231 0.167399
    endloop
  endfacet
  facet normal -0.0309811 -0.99952 0
    outer loop
      vertex 0.137955 0.10231 0.167399
      vertex 0.141891 0.102188 0.2654
      vertex 0.137955 0.10231 0.2654
    endloop
  endfacet
  facet normal -0.0309811 -0.99952 -0
    outer loop
      vertex 0.141891 0.102188 0.2654
      vertex 0.137955 0.10231 0.167399
      vertex 0.141891 0.102188 0.167399
    endloop
  endfacet
  facet normal 0.0309732 -0.99952 0
    outer loop
      vertex 0.141891 0.102188 0.167399
      vertex 0.145828 0.10231 0.2654
      vertex 0.141891 0.102188 0.2654
    endloop
  endfacet
  facet normal 0.0309732 -0.99952 0
    outer loop
      vertex 0.145828 0.10231 0.2654
      vertex 0.141891 0.102188 0.167399
      vertex 0.145828 0.10231 0.167399
    endloop
  endfacet
  facet normal -0.0934039 0.995628 0
    outer loop
      vertex 0.146774 0.500992 0
      vertex 0.144333 0.500763 0.2654
      vertex 0.146774 0.500992 0.2654
    endloop
  endfacet
  facet normal -0.0934039 0.995628 0
    outer loop
      vertex 0.144333 0.500763 0.2654
      vertex 0.146774 0.500992 0
      vertex 0.144333 0.500763 0
    endloop
  endfacet
  facet normal -0.162474 0.986713 0
    outer loop
      vertex 0.149185 0.501389 0
      vertex 0.146774 0.500992 0.2654
      vertex 0.149185 0.501389 0.2654
    endloop
  endfacet
  facet normal -0.162474 0.986713 0
    outer loop
      vertex 0.146774 0.500992 0.2654
      vertex 0.149185 0.501389 0
      vertex 0.146774 0.500992 0
    endloop
  endfacet
  facet normal -0.212583 0.977143 0
    outer loop
      vertex 0.151566 0.501907 0
      vertex 0.149185 0.501389 0.2654
      vertex 0.151566 0.501907 0.2654
    endloop
  endfacet
  facet normal -0.212583 0.977143 0
    outer loop
      vertex 0.149185 0.501389 0.2654
      vertex 0.151566 0.501907 0
      vertex 0.149185 0.501389 0
    endloop
  endfacet
  facet normal -0.280706 0.959794 0
    outer loop
      vertex 0.153915 0.502594 0
      vertex 0.151566 0.501907 0.2654
      vertex 0.153915 0.502594 0.2654
    endloop
  endfacet
  facet normal -0.280706 0.959794 0
    outer loop
      vertex 0.151566 0.501907 0.2654
      vertex 0.153915 0.502594 0
      vertex 0.151566 0.501907 0
    endloop
  endfacet
  facet normal -0.336751 0.941594 0
    outer loop
      vertex 0.156219 0.503418 0
      vertex 0.153915 0.502594 0.2654
      vertex 0.156219 0.503418 0.2654
    endloop
  endfacet
  facet normal -0.336751 0.941594 0
    outer loop
      vertex 0.153915 0.502594 0.2654
      vertex 0.156219 0.503418 0
      vertex 0.153915 0.502594 0
    endloop
  endfacet
  facet normal -0.399189 0.916869 0
    outer loop
      vertex 0.158463 0.504395 0
      vertex 0.156219 0.503418 0.2654
      vertex 0.158463 0.504395 0.2654
    endloop
  endfacet
  facet normal -0.399189 0.916869 0
    outer loop
      vertex 0.156219 0.503418 0.2654
      vertex 0.158463 0.504395 0
      vertex 0.156219 0.503418 0
    endloop
  endfacet
  facet normal -0.457042 0.889445 0
    outer loop
      vertex 0.160629 0.505508 0
      vertex 0.158463 0.504395 0.2654
      vertex 0.160629 0.505508 0.2654
    endloop
  endfacet
  facet normal -0.457042 0.889445 0
    outer loop
      vertex 0.158463 0.504395 0.2654
      vertex 0.160629 0.505508 0
      vertex 0.158463 0.504395 0
    endloop
  endfacet
  facet normal -0.506161 0.862439 0
    outer loop
      vertex 0.162735 0.506744 0
      vertex 0.160629 0.505508 0.2654
      vertex 0.162735 0.506744 0.2654
    endloop
  endfacet
  facet normal -0.506161 0.862439 0
    outer loop
      vertex 0.160629 0.505508 0.2654
      vertex 0.162735 0.506744 0
      vertex 0.160629 0.505508 0
    endloop
  endfacet
  facet normal -0.560713 0.82801 0
    outer loop
      vertex 0.164764 0.508118 0
      vertex 0.162735 0.506744 0.2654
      vertex 0.164764 0.508118 0.2654
    endloop
  endfacet
  facet normal -0.560713 0.82801 0
    outer loop
      vertex 0.162735 0.506744 0.2654
      vertex 0.164764 0.508118 0
      vertex 0.162735 0.506744 0
    endloop
  endfacet
  facet normal -0.61377 0.789485 0
    outer loop
      vertex 0.166687 0.509613 0
      vertex 0.164764 0.508118 0.2654
      vertex 0.166687 0.509613 0.2654
    endloop
  endfacet
  facet normal -0.61377 0.789485 0
    outer loop
      vertex 0.164764 0.508118 0.2654
      vertex 0.166687 0.509613 0
      vertex 0.164764 0.508118 0
    endloop
  endfacet
  facet normal -0.661947 0.749551 0
    outer loop
      vertex 0.168518 0.51123 0
      vertex 0.166687 0.509613 0.2654
      vertex 0.168518 0.51123 0.2654
    endloop
  endfacet
  facet normal -0.661947 0.749551 0
    outer loop
      vertex 0.166687 0.509613 0.2654
      vertex 0.168518 0.51123 0
      vertex 0.166687 0.509613 0
    endloop
  endfacet
  facet normal -0.710365 0.703833 0
    outer loop
      vertex 0.168518 0.51123 0
      vertex 0.170242 0.51297 0.2654
      vertex 0.170242 0.51297 0
    endloop
  endfacet
  facet normal -0.710365 0.703833 0
    outer loop
      vertex 0.170242 0.51297 0.2654
      vertex 0.168518 0.51123 0
      vertex 0.168518 0.51123 0.2654
    endloop
  endfacet
  facet normal -0.749348 0.662176 0
    outer loop
      vertex 0.170242 0.51297 0
      vertex 0.17186 0.514801 0.2654
      vertex 0.17186 0.514801 0
    endloop
  endfacet
  facet normal -0.749348 0.662176 0
    outer loop
      vertex 0.17186 0.514801 0.2654
      vertex 0.170242 0.51297 0
      vertex 0.170242 0.51297 0.2654
    endloop
  endfacet
  facet normal -0.786503 0.617587 0
    outer loop
      vertex 0.17186 0.514801 0
      vertex 0.17337 0.516724 0.2654
      vertex 0.17337 0.516724 0
    endloop
  endfacet
  facet normal -0.786503 0.617587 0
    outer loop
      vertex 0.17337 0.516724 0.2654
      vertex 0.17186 0.514801 0
      vertex 0.17186 0.514801 0.2654
    endloop
  endfacet
  facet normal -0.82801 0.560713 0
    outer loop
      vertex 0.17337 0.516724 0
      vertex 0.174744 0.518753 0.2654
      vertex 0.174744 0.518753 0
    endloop
  endfacet
  facet normal -0.82801 0.560713 0
    outer loop
      vertex 0.174744 0.518753 0.2654
      vertex 0.17337 0.516724 0
      vertex 0.17337 0.516724 0.2654
    endloop
  endfacet
  facet normal -0.862439 0.506161 0
    outer loop
      vertex 0.174744 0.518753 0
      vertex 0.17598 0.520859 0.2654
      vertex 0.17598 0.520859 0
    endloop
  endfacet
  facet normal -0.862439 0.506161 0
    outer loop
      vertex 0.17598 0.520859 0.2654
      vertex 0.174744 0.518753 0
      vertex 0.174744 0.518753 0.2654
    endloop
  endfacet
  facet normal -0.889364 0.4572 0
    outer loop
      vertex 0.17598 0.520859 0
      vertex 0.177094 0.523026 0.2654
      vertex 0.177094 0.523026 0
    endloop
  endfacet
  facet normal -0.889364 0.4572 0
    outer loop
      vertex 0.177094 0.523026 0.2654
      vertex 0.17598 0.520859 0
      vertex 0.17598 0.520859 0.2654
    endloop
  endfacet
  facet normal -0.919187 0.39382 0
    outer loop
      vertex 0.177094 0.523026 0
      vertex 0.178055 0.525269 0.2654
      vertex 0.178055 0.525269 0
    endloop
  endfacet
  facet normal -0.919187 0.39382 0
    outer loop
      vertex 0.178055 0.525269 0.2654
      vertex 0.177094 0.523026 0
      vertex 0.177094 0.523026 0.2654
    endloop
  endfacet
  facet normal -0.939639 0.342169 0
    outer loop
      vertex 0.178055 0.525269 0
      vertex 0.178894 0.527573 0.2654
      vertex 0.178894 0.527573 0
    endloop
  endfacet
  facet normal -0.939639 0.342169 0
    outer loop
      vertex 0.178894 0.527573 0.2654
      vertex 0.178055 0.525269 0
      vertex 0.178055 0.525269 0.2654
    endloop
  endfacet
  facet normal -0.961539 0.274667 0
    outer loop
      vertex 0.178894 0.527573 0
      vertex 0.179565 0.529922 0.2654
      vertex 0.179565 0.529922 0
    endloop
  endfacet
  facet normal -0.961539 0.274667 0
    outer loop
      vertex 0.179565 0.529922 0.2654
      vertex 0.178894 0.527573 0
      vertex 0.178894 0.527573 0.2654
    endloop
  endfacet
  facet normal -0.975761 0.218839 0
    outer loop
      vertex 0.179565 0.529922 0
      vertex 0.180099 0.532303 0.2654
      vertex 0.180099 0.532303 0
    endloop
  endfacet
  facet normal -0.975761 0.218839 0
    outer loop
      vertex 0.180099 0.532303 0.2654
      vertex 0.179565 0.529922 0
      vertex 0.179565 0.529922 0.2654
    endloop
  endfacet
  facet normal -0.98768 0.156488 0
    outer loop
      vertex 0.180099 0.532303 0
      vertex 0.180481 0.534714 0.2654
      vertex 0.180481 0.534714 0
    endloop
  endfacet
  facet normal -0.98768 0.156488 0
    outer loop
      vertex 0.180481 0.534714 0.2654
      vertex 0.180099 0.532303 0
      vertex 0.180099 0.532303 0.2654
    endloop
  endfacet
  facet normal -0.995628 0.0934039 0
    outer loop
      vertex 0.180481 0.534714 0
      vertex 0.18071 0.537155 0.2654
      vertex 0.18071 0.537155 0
    endloop
  endfacet
  facet normal -0.995628 0.0934039 0
    outer loop
      vertex 0.18071 0.537155 0.2654
      vertex 0.180481 0.534714 0
      vertex 0.180481 0.534714 0.2654
    endloop
  endfacet
  facet normal -0.999516 0.031107 0
    outer loop
      vertex 0.18071 0.537155 0
      vertex 0.180786 0.539597 0.2654
      vertex 0.180786 0.539597 0
    endloop
  endfacet
  facet normal -0.999516 0.031107 0
    outer loop
      vertex 0.180786 0.539597 0.2654
      vertex 0.18071 0.537155 0
      vertex 0.18071 0.537155 0.2654
    endloop
  endfacet
  facet normal -0.999516 -0.0311197 0
    outer loop
      vertex 0.180786 0.539597 0
      vertex 0.18071 0.542038 0.2654
      vertex 0.18071 0.542038 0
    endloop
  endfacet
  facet normal -0.999516 -0.0311197 0
    outer loop
      vertex 0.18071 0.542038 0.2654
      vertex 0.180786 0.539597 0
      vertex 0.180786 0.539597 0.2654
    endloop
  endfacet
  facet normal -0.995574 -0.0939763 0
    outer loop
      vertex 0.18071 0.542038 0
      vertex 0.180481 0.544464 0.2654
      vertex 0.180481 0.544464 0
    endloop
  endfacet
  facet normal -0.995574 -0.0939763 0
    outer loop
      vertex 0.180481 0.544464 0.2654
      vertex 0.18071 0.542038 0
      vertex 0.18071 0.542038 0.2654
    endloop
  endfacet
  facet normal -0.98768 -0.156488 0
    outer loop
      vertex 0.180481 0.544464 0
      vertex 0.180099 0.546875 0.2654
      vertex 0.180099 0.546875 0
    endloop
  endfacet
  facet normal -0.98768 -0.156488 0
    outer loop
      vertex 0.180099 0.546875 0.2654
      vertex 0.180481 0.544464 0
      vertex 0.180481 0.544464 0.2654
    endloop
  endfacet
  facet normal -0.976053 -0.217534 0
    outer loop
      vertex 0.180099 0.546875 0
      vertex 0.179565 0.549271 0.2654
      vertex 0.179565 0.549271 0
    endloop
  endfacet
  facet normal -0.976053 -0.217534 0
    outer loop
      vertex 0.179565 0.549271 0.2654
      vertex 0.180099 0.546875 0
      vertex 0.180099 0.546875 0.2654
    endloop
  endfacet
  facet normal -0.961539 -0.274667 0
    outer loop
      vertex 0.179565 0.549271 0
      vertex 0.178894 0.55162 0.2654
      vertex 0.178894 0.55162 0
    endloop
  endfacet
  facet normal -0.961539 -0.274667 0
    outer loop
      vertex 0.178894 0.55162 0.2654
      vertex 0.179565 0.549271 0
      vertex 0.179565 0.549271 0.2654
    endloop
  endfacet
  facet normal -0.938916 -0.344146 0
    outer loop
      vertex 0.178894 0.55162 0
      vertex 0.178055 0.553909 0.2654
      vertex 0.178055 0.553909 0
    endloop
  endfacet
  facet normal -0.938916 -0.344146 0
    outer loop
      vertex 0.178055 0.553909 0.2654
      vertex 0.178894 0.55162 0
      vertex 0.178894 0.55162 0.2654
    endloop
  endfacet
  facet normal -0.919187 -0.39382 0
    outer loop
      vertex 0.178055 0.553909 0
      vertex 0.177094 0.556152 0.2654
      vertex 0.177094 0.556152 0
    endloop
  endfacet
  facet normal -0.919187 -0.39382 0
    outer loop
      vertex 0.177094 0.556152 0.2654
      vertex 0.178055 0.553909 0
      vertex 0.178055 0.553909 0.2654
    endloop
  endfacet
  facet normal -0.89064 -0.454708 0
    outer loop
      vertex 0.177094 0.556152 0
      vertex 0.17598 0.558334 0.2654
      vertex 0.17598 0.558334 0
    endloop
  endfacet
  facet normal -0.89064 -0.454708 0
    outer loop
      vertex 0.17598 0.558334 0.2654
      vertex 0.177094 0.556152 0
      vertex 0.177094 0.556152 0.2654
    endloop
  endfacet
  facet normal -0.862439 -0.506161 0
    outer loop
      vertex 0.17598 0.558334 0
      vertex 0.174744 0.56044 0.2654
      vertex 0.174744 0.56044 0
    endloop
  endfacet
  facet normal -0.862439 -0.506161 0
    outer loop
      vertex 0.174744 0.56044 0.2654
      vertex 0.17598 0.558334 0
      vertex 0.17598 0.558334 0.2654
    endloop
  endfacet
  facet normal -0.826071 -0.563566 0
    outer loop
      vertex 0.174744 0.56044 0
      vertex 0.17337 0.562454 0.2654
      vertex 0.17337 0.562454 0
    endloop
  endfacet
  facet normal -0.826071 -0.563566 0
    outer loop
      vertex 0.17337 0.562454 0.2654
      vertex 0.174744 0.56044 0
      vertex 0.174744 0.56044 0.2654
    endloop
  endfacet
  facet normal -0.788826 -0.614617 0
    outer loop
      vertex 0.17337 0.562454 0
      vertex 0.17186 0.564392 0.2654
      vertex 0.17186 0.564392 0
    endloop
  endfacet
  facet normal -0.788826 -0.614617 0
    outer loop
      vertex 0.17186 0.564392 0.2654
      vertex 0.17337 0.562454 0
      vertex 0.17337 0.562454 0.2654
    endloop
  endfacet
  facet normal -0.749348 -0.662176 0
    outer loop
      vertex 0.17186 0.564392 0
      vertex 0.170242 0.566223 0.2654
      vertex 0.170242 0.566223 0
    endloop
  endfacet
  facet normal -0.749348 -0.662176 0
    outer loop
      vertex 0.170242 0.566223 0.2654
      vertex 0.17186 0.564392 0
      vertex 0.17186 0.564392 0.2654
    endloop
  endfacet
  facet normal -0.707107 -0.707107 0
    outer loop
      vertex 0.170242 0.566223 0
      vertex 0.168518 0.567947 0.2654
      vertex 0.168518 0.567947 0
    endloop
  endfacet
  facet normal -0.707107 -0.707107 0
    outer loop
      vertex 0.168518 0.567947 0.2654
      vertex 0.170242 0.566223 0
      vertex 0.170242 0.566223 0.2654
    endloop
  endfacet
  facet normal -0.662176 -0.749348 0
    outer loop
      vertex 0.166687 0.569565 0
      vertex 0.168518 0.567947 0.2654
      vertex 0.166687 0.569565 0.2654
    endloop
  endfacet
  facet normal -0.662176 -0.749348 -0
    outer loop
      vertex 0.168518 0.567947 0.2654
      vertex 0.166687 0.569565 0
      vertex 0.168518 0.567947 0
    endloop
  endfacet
  facet normal -0.61377 -0.789485 0
    outer loop
      vertex 0.164764 0.57106 0
      vertex 0.166687 0.569565 0.2654
      vertex 0.164764 0.57106 0.2654
    endloop
  endfacet
  facet normal -0.61377 -0.789485 -0
    outer loop
      vertex 0.166687 0.569565 0.2654
      vertex 0.164764 0.57106 0
      vertex 0.166687 0.569565 0
    endloop
  endfacet
  facet normal -0.560433 -0.8282 0
    outer loop
      vertex 0.162735 0.572433 0
      vertex 0.164764 0.57106 0.2654
      vertex 0.162735 0.572433 0.2654
    endloop
  endfacet
  facet normal -0.560433 -0.8282 -0
    outer loop
      vertex 0.164764 0.57106 0.2654
      vertex 0.162735 0.572433 0
      vertex 0.164764 0.57106 0
    endloop
  endfacet
  facet normal -0.51101 -0.859575 0
    outer loop
      vertex 0.160629 0.573685 0
      vertex 0.162735 0.572433 0.2654
      vertex 0.160629 0.573685 0.2654
    endloop
  endfacet
  facet normal -0.51101 -0.859575 -0
    outer loop
      vertex 0.162735 0.572433 0.2654
      vertex 0.160629 0.573685 0
      vertex 0.162735 0.572433 0
    endloop
  endfacet
  facet normal -0.452148 -0.891943 0
    outer loop
      vertex 0.158463 0.574783 0
      vertex 0.160629 0.573685 0.2654
      vertex 0.158463 0.574783 0.2654
    endloop
  endfacet
  facet normal -0.452148 -0.891943 -0
    outer loop
      vertex 0.160629 0.573685 0.2654
      vertex 0.158463 0.574783 0
      vertex 0.160629 0.573685 0
    endloop
  endfacet
  facet normal -0.399189 -0.916869 0
    outer loop
      vertex 0.156219 0.57576 0
      vertex 0.158463 0.574783 0.2654
      vertex 0.156219 0.57576 0.2654
    endloop
  endfacet
  facet normal -0.399189 -0.916869 -0
    outer loop
      vertex 0.158463 0.574783 0.2654
      vertex 0.156219 0.57576 0
      vertex 0.158463 0.574783 0
    endloop
  endfacet
  facet normal -0.336751 -0.941594 0
    outer loop
      vertex 0.153915 0.576584 0
      vertex 0.156219 0.57576 0.2654
      vertex 0.153915 0.576584 0.2654
    endloop
  endfacet
  facet normal -0.336751 -0.941594 -0
    outer loop
      vertex 0.156219 0.57576 0.2654
      vertex 0.153915 0.576584 0
      vertex 0.156219 0.57576 0
    endloop
  endfacet
  facet normal -0.280706 -0.959794 0
    outer loop
      vertex 0.151566 0.577271 0
      vertex 0.153915 0.576584 0.2654
      vertex 0.151566 0.577271 0.2654
    endloop
  endfacet
  facet normal -0.280706 -0.959794 -0
    outer loop
      vertex 0.153915 0.576584 0.2654
      vertex 0.151566 0.577271 0
      vertex 0.153915 0.576584 0
    endloop
  endfacet
  facet normal -0.218839 -0.975761 0
    outer loop
      vertex 0.149185 0.577805 0
      vertex 0.151566 0.577271 0.2654
      vertex 0.149185 0.577805 0.2654
    endloop
  endfacet
  facet normal -0.218839 -0.975761 -0
    outer loop
      vertex 0.151566 0.577271 0.2654
      vertex 0.149185 0.577805 0
      vertex 0.151566 0.577271 0
    endloop
  endfacet
  facet normal -0.156089 -0.987743 0
    outer loop
      vertex 0.146774 0.578186 0
      vertex 0.149185 0.577805 0.2654
      vertex 0.146774 0.578186 0.2654
    endloop
  endfacet
  facet normal -0.156089 -0.987743 -0
    outer loop
      vertex 0.149185 0.577805 0.2654
      vertex 0.146774 0.578186 0
      vertex 0.149185 0.577805 0
    endloop
  endfacet
  facet normal -0.0934039 -0.995628 0
    outer loop
      vertex 0.144333 0.578415 0
      vertex 0.146774 0.578186 0.2654
      vertex 0.144333 0.578415 0.2654
    endloop
  endfacet
  facet normal -0.0934039 -0.995628 -0
    outer loop
      vertex 0.146774 0.578186 0.2654
      vertex 0.144333 0.578415 0
      vertex 0.146774 0.578186 0
    endloop
  endfacet
  facet normal -0.031107 -0.999516 0
    outer loop
      vertex 0.141891 0.578491 0
      vertex 0.144333 0.578415 0.2654
      vertex 0.141891 0.578491 0.2654
    endloop
  endfacet
  facet normal -0.031107 -0.999516 -0
    outer loop
      vertex 0.144333 0.578415 0.2654
      vertex 0.141891 0.578491 0
      vertex 0.144333 0.578415 0
    endloop
  endfacet
  facet normal 0.0311197 -0.999516 0
    outer loop
      vertex 0.13945 0.578415 0
      vertex 0.141891 0.578491 0.2654
      vertex 0.13945 0.578415 0.2654
    endloop
  endfacet
  facet normal 0.0311197 -0.999516 0
    outer loop
      vertex 0.141891 0.578491 0.2654
      vertex 0.13945 0.578415 0
      vertex 0.141891 0.578491 0
    endloop
  endfacet
  facet normal 0.0939763 -0.995574 0
    outer loop
      vertex 0.137024 0.578186 0
      vertex 0.13945 0.578415 0.2654
      vertex 0.137024 0.578186 0.2654
    endloop
  endfacet
  facet normal 0.0939763 -0.995574 0
    outer loop
      vertex 0.13945 0.578415 0.2654
      vertex 0.137024 0.578186 0
      vertex 0.13945 0.578415 0
    endloop
  endfacet
  facet normal 0.155147 -0.987891 0
    outer loop
      vertex 0.134598 0.577805 0
      vertex 0.137024 0.578186 0.2654
      vertex 0.134598 0.577805 0.2654
    endloop
  endfacet
  facet normal 0.155147 -0.987891 0
    outer loop
      vertex 0.137024 0.578186 0.2654
      vertex 0.134598 0.577805 0
      vertex 0.137024 0.578186 0
    endloop
  endfacet
  facet normal 0.218839 -0.975761 0
    outer loop
      vertex 0.132217 0.577271 0
      vertex 0.134598 0.577805 0.2654
      vertex 0.132217 0.577271 0.2654
    endloop
  endfacet
  facet normal 0.218839 -0.975761 0
    outer loop
      vertex 0.134598 0.577805 0.2654
      vertex 0.132217 0.577271 0
      vertex 0.134598 0.577805 0
    endloop
  endfacet
  facet normal 0.280706 -0.959794 0
    outer loop
      vertex 0.129868 0.576584 0
      vertex 0.132217 0.577271 0.2654
      vertex 0.129868 0.576584 0.2654
    endloop
  endfacet
  facet normal 0.280706 -0.959794 0
    outer loop
      vertex 0.132217 0.577271 0.2654
      vertex 0.129868 0.576584 0
      vertex 0.132217 0.577271 0
    endloop
  endfacet
  facet normal 0.338705 -0.940893 0
    outer loop
      vertex 0.127579 0.57576 0
      vertex 0.129868 0.576584 0.2654
      vertex 0.127579 0.57576 0.2654
    endloop
  endfacet
  facet normal 0.338705 -0.940893 0
    outer loop
      vertex 0.129868 0.576584 0.2654
      vertex 0.127579 0.57576 0
      vertex 0.129868 0.576584 0
    endloop
  endfacet
  facet normal 0.399339 -0.916803 0
    outer loop
      vertex 0.125336 0.574783 0
      vertex 0.127579 0.57576 0.2654
      vertex 0.125336 0.574783 0.2654
    endloop
  endfacet
  facet normal 0.399339 -0.916803 0
    outer loop
      vertex 0.127579 0.57576 0.2654
      vertex 0.125336 0.574783 0
      vertex 0.127579 0.57576 0
    endloop
  endfacet
  facet normal 0.449505 -0.893278 0
    outer loop
      vertex 0.123154 0.573685 0
      vertex 0.125336 0.574783 0.2654
      vertex 0.123154 0.573685 0.2654
    endloop
  endfacet
  facet normal 0.449505 -0.893278 0
    outer loop
      vertex 0.125336 0.574783 0.2654
      vertex 0.123154 0.573685 0
      vertex 0.125336 0.574783 0
    endloop
  endfacet
  facet normal 0.51101 -0.859575 0
    outer loop
      vertex 0.121048 0.572433 0
      vertex 0.123154 0.573685 0.2654
      vertex 0.121048 0.572433 0.2654
    endloop
  endfacet
  facet normal 0.51101 -0.859575 0
    outer loop
      vertex 0.123154 0.573685 0.2654
      vertex 0.121048 0.572433 0
      vertex 0.123154 0.573685 0
    endloop
  endfacet
  facet normal 0.563286 -0.826262 0
    outer loop
      vertex 0.119034 0.57106 0
      vertex 0.121048 0.572433 0.2654
      vertex 0.119034 0.57106 0.2654
    endloop
  endfacet
  facet normal 0.563286 -0.826262 0
    outer loop
      vertex 0.121048 0.572433 0.2654
      vertex 0.119034 0.57106 0
      vertex 0.121048 0.572433 0
    endloop
  endfacet
  facet normal 0.610796 -0.791788 0
    outer loop
      vertex 0.117096 0.569565 0
      vertex 0.119034 0.57106 0.2654
      vertex 0.117096 0.569565 0.2654
    endloop
  endfacet
  facet normal 0.610796 -0.791788 0
    outer loop
      vertex 0.119034 0.57106 0.2654
      vertex 0.117096 0.569565 0
      vertex 0.119034 0.57106 0
    endloop
  endfacet
  facet normal 0.662176 -0.749348 0
    outer loop
      vertex 0.115265 0.567947 0
      vertex 0.117096 0.569565 0.2654
      vertex 0.115265 0.567947 0.2654
    endloop
  endfacet
  facet normal 0.662176 -0.749348 0
    outer loop
      vertex 0.117096 0.569565 0.2654
      vertex 0.115265 0.567947 0
      vertex 0.117096 0.569565 0
    endloop
  endfacet
  facet normal 0.707107 -0.707107 0
    outer loop
      vertex 0.113541 0.566223 0.2654
      vertex 0.115265 0.567947 0
      vertex 0.115265 0.567947 0.2654
    endloop
  endfacet
  facet normal 0.707107 -0.707107 0
    outer loop
      vertex 0.115265 0.567947 0
      vertex 0.113541 0.566223 0.2654
      vertex 0.113541 0.566223 0
    endloop
  endfacet
  facet normal 0.749348 -0.662176 0
    outer loop
      vertex 0.111923 0.564392 0.2654
      vertex 0.113541 0.566223 0
      vertex 0.113541 0.566223 0.2654
    endloop
  endfacet
  facet normal 0.749348 -0.662176 0
    outer loop
      vertex 0.113541 0.566223 0
      vertex 0.111923 0.564392 0.2654
      vertex 0.111923 0.564392 0
    endloop
  endfacet
  facet normal 0.791788 -0.610796 0
    outer loop
      vertex 0.110428 0.562454 0.2654
      vertex 0.111923 0.564392 0
      vertex 0.111923 0.564392 0.2654
    endloop
  endfacet
  facet normal 0.791788 -0.610796 0
    outer loop
      vertex 0.111923 0.564392 0
      vertex 0.110428 0.562454 0.2654
      vertex 0.110428 0.562454 0
    endloop
  endfacet
  facet normal 0.826262 -0.563286 0
    outer loop
      vertex 0.109055 0.56044 0.2654
      vertex 0.110428 0.562454 0
      vertex 0.110428 0.562454 0.2654
    endloop
  endfacet
  facet normal 0.826262 -0.563286 0
    outer loop
      vertex 0.110428 0.562454 0
      vertex 0.109055 0.56044 0.2654
      vertex 0.109055 0.56044 0
    endloop
  endfacet
  facet normal 0.859575 -0.51101 0
    outer loop
      vertex 0.107803 0.558334 0.2654
      vertex 0.109055 0.56044 0
      vertex 0.109055 0.56044 0.2654
    endloop
  endfacet
  facet normal 0.859575 -0.51101 0
    outer loop
      vertex 0.109055 0.56044 0
      vertex 0.107803 0.558334 0.2654
      vertex 0.107803 0.558334 0
    endloop
  endfacet
  facet normal 0.89064 -0.454708 0
    outer loop
      vertex 0.106689 0.556152 0.2654
      vertex 0.107803 0.558334 0
      vertex 0.107803 0.558334 0.2654
    endloop
  endfacet
  facet normal 0.89064 -0.454708 0
    outer loop
      vertex 0.107803 0.558334 0
      vertex 0.106689 0.556152 0.2654
      vertex 0.106689 0.556152 0
    endloop
  endfacet
  facet normal 0.919187 -0.39382 0
    outer loop
      vertex 0.105728 0.553909 0.2654
      vertex 0.106689 0.556152 0
      vertex 0.106689 0.556152 0.2654
    endloop
  endfacet
  facet normal 0.919187 -0.39382 0
    outer loop
      vertex 0.106689 0.556152 0
      vertex 0.105728 0.553909 0.2654
      vertex 0.105728 0.553909 0
    endloop
  endfacet
  facet normal 0.938916 -0.344146 0
    outer loop
      vertex 0.104889 0.55162 0.2654
      vertex 0.105728 0.553909 0
      vertex 0.105728 0.553909 0.2654
    endloop
  endfacet
  facet normal 0.938916 -0.344146 0
    outer loop
      vertex 0.105728 0.553909 0
      vertex 0.104889 0.55162 0.2654
      vertex 0.104889 0.55162 0
    endloop
  endfacet
  facet normal 0.961539 -0.274667 0
    outer loop
      vertex 0.104218 0.549271 0.2654
      vertex 0.104889 0.55162 0
      vertex 0.104889 0.55162 0.2654
    endloop
  endfacet
  facet normal 0.961539 -0.274667 0
    outer loop
      vertex 0.104889 0.55162 0
      vertex 0.104218 0.549271 0.2654
      vertex 0.104218 0.549271 0
    endloop
  endfacet
  facet normal 0.975966 -0.217922 0
    outer loop
      vertex 0.103683 0.546875 0.2654
      vertex 0.104218 0.549271 0
      vertex 0.104218 0.549271 0.2654
    endloop
  endfacet
  facet normal 0.975966 -0.217922 0
    outer loop
      vertex 0.104218 0.549271 0
      vertex 0.103683 0.546875 0.2654
      vertex 0.103683 0.546875 0
    endloop
  endfacet
  facet normal 0.987743 -0.156089 0
    outer loop
      vertex 0.103302 0.544464 0.2654
      vertex 0.103683 0.546875 0
      vertex 0.103683 0.546875 0.2654
    endloop
  endfacet
  facet normal 0.987743 -0.156089 0
    outer loop
      vertex 0.103683 0.546875 0
      vertex 0.103302 0.544464 0.2654
      vertex 0.103302 0.544464 0
    endloop
  endfacet
  facet normal 0.995574 -0.0939763 0
    outer loop
      vertex 0.103073 0.542038 0.2654
      vertex 0.103302 0.544464 0
      vertex 0.103302 0.544464 0.2654
    endloop
  endfacet
  facet normal 0.995574 -0.0939763 0
    outer loop
      vertex 0.103302 0.544464 0
      vertex 0.103073 0.542038 0.2654
      vertex 0.103073 0.542038 0
    endloop
  endfacet
  facet normal 0.999516 -0.0311197 0
    outer loop
      vertex 0.102997 0.539597 0.2654
      vertex 0.103073 0.542038 0
      vertex 0.103073 0.542038 0.2654
    endloop
  endfacet
  facet normal 0.999516 -0.0311197 0
    outer loop
      vertex 0.103073 0.542038 0
      vertex 0.102997 0.539597 0.2654
      vertex 0.102997 0.539597 0
    endloop
  endfacet
  facet normal 0.999516 0.031107 0
    outer loop
      vertex 0.103073 0.537155 0.2654
      vertex 0.102997 0.539597 0
      vertex 0.102997 0.539597 0.2654
    endloop
  endfacet
  facet normal 0.999516 0.031107 0
    outer loop
      vertex 0.102997 0.539597 0
      vertex 0.103073 0.537155 0.2654
      vertex 0.103073 0.537155 0
    endloop
  endfacet
  facet normal 0.995628 0.0934039 0
    outer loop
      vertex 0.103302 0.534714 0.2654
      vertex 0.103073 0.537155 0
      vertex 0.103073 0.537155 0.2654
    endloop
  endfacet
  facet normal 0.995628 0.0934039 0
    outer loop
      vertex 0.103073 0.537155 0
      vertex 0.103302 0.534714 0.2654
      vertex 0.103302 0.534714 0
    endloop
  endfacet
  facet normal 0.987743 0.156089 0
    outer loop
      vertex 0.103683 0.532303 0.2654
      vertex 0.103302 0.534714 0
      vertex 0.103302 0.534714 0.2654
    endloop
  endfacet
  facet normal 0.987743 0.156089 0
    outer loop
      vertex 0.103302 0.534714 0
      vertex 0.103683 0.532303 0.2654
      vertex 0.103683 0.532303 0
    endloop
  endfacet
  facet normal 0.975673 0.219229 0
    outer loop
      vertex 0.104218 0.529922 0.2654
      vertex 0.103683 0.532303 0
      vertex 0.103683 0.532303 0.2654
    endloop
  endfacet
  facet normal 0.975673 0.219229 0
    outer loop
      vertex 0.103683 0.532303 0
      vertex 0.104218 0.529922 0.2654
      vertex 0.104218 0.529922 0
    endloop
  endfacet
  facet normal 0.961539 0.274667 0
    outer loop
      vertex 0.104889 0.527573 0.2654
      vertex 0.104218 0.529922 0
      vertex 0.104218 0.529922 0.2654
    endloop
  endfacet
  facet normal 0.961539 0.274667 0
    outer loop
      vertex 0.104218 0.529922 0
      vertex 0.104889 0.527573 0.2654
      vertex 0.104889 0.527573 0
    endloop
  endfacet
  facet normal 0.939639 0.342169 0
    outer loop
      vertex 0.105728 0.525269 0.2654
      vertex 0.104889 0.527573 0
      vertex 0.104889 0.527573 0.2654
    endloop
  endfacet
  facet normal 0.939639 0.342169 0
    outer loop
      vertex 0.104889 0.527573 0
      vertex 0.105728 0.525269 0.2654
      vertex 0.105728 0.525269 0
    endloop
  endfacet
  facet normal 0.919187 0.39382 0
    outer loop
      vertex 0.106689 0.523026 0.2654
      vertex 0.105728 0.525269 0
      vertex 0.105728 0.525269 0.2654
    endloop
  endfacet
  facet normal 0.919187 0.39382 0
    outer loop
      vertex 0.105728 0.525269 0
      vertex 0.106689 0.523026 0.2654
      vertex 0.106689 0.523026 0
    endloop
  endfacet
  facet normal 0.889364 0.4572 0
    outer loop
      vertex 0.107803 0.520859 0.2654
      vertex 0.106689 0.523026 0
      vertex 0.106689 0.523026 0.2654
    endloop
  endfacet
  facet normal 0.889364 0.4572 0
    outer loop
      vertex 0.106689 0.523026 0
      vertex 0.107803 0.520859 0.2654
      vertex 0.107803 0.520859 0
    endloop
  endfacet
  facet normal 0.859575 0.51101 0
    outer loop
      vertex 0.109055 0.518753 0.2654
      vertex 0.107803 0.520859 0
      vertex 0.107803 0.520859 0.2654
    endloop
  endfacet
  facet normal 0.859575 0.51101 0
    outer loop
      vertex 0.107803 0.520859 0
      vertex 0.109055 0.518753 0.2654
      vertex 0.109055 0.518753 0
    endloop
  endfacet
  facet normal 0.8282 0.560433 0
    outer loop
      vertex 0.110428 0.516724 0.2654
      vertex 0.109055 0.518753 0
      vertex 0.109055 0.518753 0.2654
    endloop
  endfacet
  facet normal 0.8282 0.560433 0
    outer loop
      vertex 0.109055 0.518753 0
      vertex 0.110428 0.516724 0.2654
      vertex 0.110428 0.516724 0
    endloop
  endfacet
  facet normal 0.789485 0.61377 0
    outer loop
      vertex 0.111923 0.514801 0.2654
      vertex 0.110428 0.516724 0
      vertex 0.110428 0.516724 0.2654
    endloop
  endfacet
  facet normal 0.789485 0.61377 0
    outer loop
      vertex 0.110428 0.516724 0
      vertex 0.111923 0.514801 0.2654
      vertex 0.111923 0.514801 0
    endloop
  endfacet
  facet normal 0.749348 0.662176 0
    outer loop
      vertex 0.113541 0.51297 0.2654
      vertex 0.111923 0.514801 0
      vertex 0.111923 0.514801 0.2654
    endloop
  endfacet
  facet normal 0.749348 0.662176 0
    outer loop
      vertex 0.111923 0.514801 0
      vertex 0.113541 0.51297 0.2654
      vertex 0.113541 0.51297 0
    endloop
  endfacet
  facet normal 0.710365 0.703833 0
    outer loop
      vertex 0.115265 0.51123 0.2654
      vertex 0.113541 0.51297 0
      vertex 0.113541 0.51297 0.2654
    endloop
  endfacet
  facet normal 0.710365 0.703833 0
    outer loop
      vertex 0.113541 0.51297 0
      vertex 0.115265 0.51123 0.2654
      vertex 0.115265 0.51123 0
    endloop
  endfacet
  facet normal 0.661947 0.749551 -0
    outer loop
      vertex 0.117096 0.509613 0
      vertex 0.115265 0.51123 0.2654
      vertex 0.117096 0.509613 0.2654
    endloop
  endfacet
  facet normal 0.661947 0.749551 0
    outer loop
      vertex 0.115265 0.51123 0.2654
      vertex 0.117096 0.509613 0
      vertex 0.115265 0.51123 0
    endloop
  endfacet
  facet normal 0.610796 0.791788 -0
    outer loop
      vertex 0.119034 0.508118 0
      vertex 0.117096 0.509613 0.2654
      vertex 0.119034 0.508118 0.2654
    endloop
  endfacet
  facet normal 0.610796 0.791788 0
    outer loop
      vertex 0.117096 0.509613 0.2654
      vertex 0.119034 0.508118 0
      vertex 0.117096 0.509613 0
    endloop
  endfacet
  facet normal 0.563566 0.826071 -0
    outer loop
      vertex 0.121048 0.506744 0
      vertex 0.119034 0.508118 0.2654
      vertex 0.121048 0.506744 0.2654
    endloop
  endfacet
  facet normal 0.563566 0.826071 0
    outer loop
      vertex 0.119034 0.508118 0.2654
      vertex 0.121048 0.506744 0
      vertex 0.119034 0.508118 0
    endloop
  endfacet
  facet normal 0.506161 0.862439 -0
    outer loop
      vertex 0.123154 0.505508 0
      vertex 0.121048 0.506744 0.2654
      vertex 0.123154 0.505508 0.2654
    endloop
  endfacet
  facet normal 0.506161 0.862439 0
    outer loop
      vertex 0.121048 0.506744 0.2654
      vertex 0.123154 0.505508 0
      vertex 0.121048 0.506744 0
    endloop
  endfacet
  facet normal 0.454384 0.890806 -0
    outer loop
      vertex 0.125336 0.504395 0
      vertex 0.123154 0.505508 0.2654
      vertex 0.125336 0.504395 0.2654
    endloop
  endfacet
  facet normal 0.454384 0.890806 0
    outer loop
      vertex 0.123154 0.505508 0.2654
      vertex 0.125336 0.504395 0
      vertex 0.123154 0.505508 0
    endloop
  endfacet
  facet normal 0.399339 0.916803 -0
    outer loop
      vertex 0.127579 0.503418 0
      vertex 0.125336 0.504395 0.2654
      vertex 0.127579 0.503418 0.2654
    endloop
  endfacet
  facet normal 0.399339 0.916803 0
    outer loop
      vertex 0.125336 0.504395 0.2654
      vertex 0.127579 0.503418 0
      vertex 0.125336 0.504395 0
    endloop
  endfacet
  facet normal 0.338705 0.940893 -0
    outer loop
      vertex 0.129868 0.502594 0
      vertex 0.127579 0.503418 0.2654
      vertex 0.129868 0.502594 0.2654
    endloop
  endfacet
  facet normal 0.338705 0.940893 0
    outer loop
      vertex 0.127579 0.503418 0.2654
      vertex 0.129868 0.502594 0
      vertex 0.127579 0.503418 0
    endloop
  endfacet
  facet normal 0.280706 0.959794 -0
    outer loop
      vertex 0.132217 0.501907 0
      vertex 0.129868 0.502594 0.2654
      vertex 0.132217 0.501907 0.2654
    endloop
  endfacet
  facet normal 0.280706 0.959794 0
    outer loop
      vertex 0.129868 0.502594 0.2654
      vertex 0.132217 0.501907 0
      vertex 0.129868 0.502594 0
    endloop
  endfacet
  facet normal 0.212583 0.977143 -0
    outer loop
      vertex 0.134598 0.501389 0
      vertex 0.132217 0.501907 0.2654
      vertex 0.134598 0.501389 0.2654
    endloop
  endfacet
  facet normal 0.212583 0.977143 0
    outer loop
      vertex 0.132217 0.501907 0.2654
      vertex 0.134598 0.501389 0
      vertex 0.132217 0.501907 0
    endloop
  endfacet
  facet normal 0.161496 0.986873 -0
    outer loop
      vertex 0.137024 0.500992 0
      vertex 0.134598 0.501389 0.2654
      vertex 0.137024 0.500992 0.2654
    endloop
  endfacet
  facet normal 0.161496 0.986873 0
    outer loop
      vertex 0.134598 0.501389 0.2654
      vertex 0.137024 0.500992 0
      vertex 0.134598 0.501389 0
    endloop
  endfacet
  facet normal 0.0939763 0.995574 -0
    outer loop
      vertex 0.13945 0.500763 0
      vertex 0.137024 0.500992 0.2654
      vertex 0.13945 0.500763 0.2654
    endloop
  endfacet
  facet normal 0.0939763 0.995574 0
    outer loop
      vertex 0.137024 0.500992 0.2654
      vertex 0.13945 0.500763 0
      vertex 0.137024 0.500992 0
    endloop
  endfacet
  facet normal 0.0311197 0.999516 -0
    outer loop
      vertex 0.141891 0.500687 0
      vertex 0.13945 0.500763 0.2654
      vertex 0.141891 0.500687 0.2654
    endloop
  endfacet
  facet normal 0.0311197 0.999516 0
    outer loop
      vertex 0.13945 0.500763 0.2654
      vertex 0.141891 0.500687 0
      vertex 0.13945 0.500763 0
    endloop
  endfacet
  facet normal -0.031107 0.999516 0
    outer loop
      vertex 0.144333 0.500763 0
      vertex 0.141891 0.500687 0.2654
      vertex 0.144333 0.500763 0.2654
    endloop
  endfacet
  facet normal -0.031107 0.999516 0
    outer loop
      vertex 0.141891 0.500687 0.2654
      vertex 0.144333 0.500763 0
      vertex 0.141891 0.500687 0
    endloop
  endfacet
  facet normal -0.0950928 0.995468 0
    outer loop
      vertex 0.150848 0.281357 0
      vertex 0.146378 0.28093 0.2654
      vertex 0.150848 0.281357 0.2654
    endloop
  endfacet
  facet normal -0.0950928 0.995468 0
    outer loop
      vertex 0.146378 0.28093 0.2654
      vertex 0.150848 0.281357 0
      vertex 0.146378 0.28093 0
    endloop
  endfacet
  facet normal -0.156685 0.987649 0
    outer loop
      vertex 0.155273 0.282059 0
      vertex 0.150848 0.281357 0.2654
      vertex 0.155273 0.282059 0.2654
    endloop
  endfacet
  facet normal -0.156685 0.987649 0
    outer loop
      vertex 0.150848 0.281357 0.2654
      vertex 0.155273 0.282059 0
      vertex 0.150848 0.281357 0
    endloop
  endfacet
  facet normal -0.217497 0.976061 0
    outer loop
      vertex 0.159653 0.283035 0
      vertex 0.155273 0.282059 0.2654
      vertex 0.159653 0.283035 0.2654
    endloop
  endfacet
  facet normal -0.217497 0.976061 0
    outer loop
      vertex 0.155273 0.282059 0.2654
      vertex 0.159653 0.283035 0
      vertex 0.155273 0.282059 0
    endloop
  endfacet
  facet normal -0.279169 0.960242 0
    outer loop
      vertex 0.163956 0.284286 0
      vertex 0.159653 0.283035 0.2654
      vertex 0.163956 0.284286 0.2654
    endloop
  endfacet
  facet normal -0.279169 0.960242 0
    outer loop
      vertex 0.159653 0.283035 0.2654
      vertex 0.163956 0.284286 0
      vertex 0.159653 0.283035 0
    endloop
  endfacet
  facet normal -0.339634 0.940558 0
    outer loop
      vertex 0.168182 0.285812 0
      vertex 0.163956 0.284286 0.2654
      vertex 0.168182 0.285812 0.2654
    endloop
  endfacet
  facet normal -0.339634 0.940558 0
    outer loop
      vertex 0.163956 0.284286 0.2654
      vertex 0.168182 0.285812 0
      vertex 0.163956 0.284286 0
    endloop
  endfacet
  facet normal -0.395943 0.918275 0
    outer loop
      vertex 0.172287 0.287582 0
      vertex 0.168182 0.285812 0.2654
      vertex 0.172287 0.287582 0.2654
    endloop
  endfacet
  facet normal -0.395943 0.918275 0
    outer loop
      vertex 0.168182 0.285812 0.2654
      vertex 0.172287 0.287582 0
      vertex 0.168182 0.285812 0
    endloop
  endfacet
  facet normal -0.45539 0.890292 0
    outer loop
      vertex 0.176285 0.289627 0
      vertex 0.172287 0.287582 0.2654
      vertex 0.176285 0.289627 0.2654
    endloop
  endfacet
  facet normal -0.45539 0.890292 0
    outer loop
      vertex 0.172287 0.287582 0.2654
      vertex 0.176285 0.289627 0
      vertex 0.172287 0.287582 0
    endloop
  endfacet
  facet normal -0.507586 0.861601 0
    outer loop
      vertex 0.180145 0.291901 0
      vertex 0.176285 0.289627 0.2654
      vertex 0.180145 0.291901 0.2654
    endloop
  endfacet
  facet normal -0.507586 0.861601 0
    outer loop
      vertex 0.176285 0.289627 0.2654
      vertex 0.180145 0.291901 0
      vertex 0.176285 0.289627 0
    endloop
  endfacet
  facet normal -0.564069 0.825728 0
    outer loop
      vertex 0.183853 0.294434 0
      vertex 0.180145 0.291901 0.2654
      vertex 0.183853 0.294434 0.2654
    endloop
  endfacet
  facet normal -0.564069 0.825728 0
    outer loop
      vertex 0.180145 0.291901 0.2654
      vertex 0.183853 0.294434 0
      vertex 0.180145 0.291901 0
    endloop
  endfacet
  facet normal -0.611302 0.791398 0
    outer loop
      vertex 0.187408 0.29718 0
      vertex 0.183853 0.294434 0.2654
      vertex 0.187408 0.29718 0.2654
    endloop
  endfacet
  facet normal -0.611302 0.791398 0
    outer loop
      vertex 0.183853 0.294434 0.2654
      vertex 0.187408 0.29718 0
      vertex 0.183853 0.294434 0
    endloop
  endfacet
  facet normal -0.661363 0.750066 0
    outer loop
      vertex 0.190765 0.30014 0
      vertex 0.187408 0.29718 0.2654
      vertex 0.190765 0.30014 0.2654
    endloop
  endfacet
  facet normal -0.661363 0.750066 0
    outer loop
      vertex 0.187408 0.29718 0.2654
      vertex 0.190765 0.30014 0
      vertex 0.187408 0.29718 0
    endloop
  endfacet
  facet normal -0.707107 0.707107 0
    outer loop
      vertex 0.190765 0.30014 0
      vertex 0.193939 0.303314 0.2654
      vertex 0.193939 0.303314 0
    endloop
  endfacet
  facet normal -0.707107 0.707107 0
    outer loop
      vertex 0.193939 0.303314 0.2654
      vertex 0.190765 0.30014 0
      vertex 0.190765 0.30014 0.2654
    endloop
  endfacet
  facet normal -0.751526 0.659703 0
    outer loop
      vertex 0.193939 0.303314 0
      vertex 0.196899 0.306686 0.2654
      vertex 0.196899 0.306686 0
    endloop
  endfacet
  facet normal -0.751526 0.659703 0
    outer loop
      vertex 0.196899 0.306686 0.2654
      vertex 0.193939 0.303314 0
      vertex 0.193939 0.303314 0.2654
    endloop
  endfacet
  facet normal -0.788416 0.615143 0
    outer loop
      vertex 0.196899 0.306686 0
      vertex 0.199661 0.310226 0.2654
      vertex 0.199661 0.310226 0
    endloop
  endfacet
  facet normal -0.788416 0.615143 0
    outer loop
      vertex 0.199661 0.310226 0.2654
      vertex 0.196899 0.306686 0
      vertex 0.196899 0.306686 0.2654
    endloop
  endfacet
  facet normal -0.827283 0.561785 0
    outer loop
      vertex 0.199661 0.310226 0
      vertex 0.202179 0.313934 0.2654
      vertex 0.202179 0.313934 0
    endloop
  endfacet
  facet normal -0.827283 0.561785 0
    outer loop
      vertex 0.202179 0.313934 0.2654
      vertex 0.199661 0.310226 0
      vertex 0.199661 0.310226 0.2654
    endloop
  endfacet
  facet normal -0.860194 0.509967 0
    outer loop
      vertex 0.202179 0.313934 0
      vertex 0.204468 0.317795 0.2654
      vertex 0.204468 0.317795 0
    endloop
  endfacet
  facet normal -0.860194 0.509967 0
    outer loop
      vertex 0.204468 0.317795 0.2654
      vertex 0.202179 0.313934 0
      vertex 0.202179 0.313934 0.2654
    endloop
  endfacet
  facet normal -0.891735 0.452559 0
    outer loop
      vertex 0.204468 0.317795 0
      vertex 0.206497 0.321793 0.2654
      vertex 0.206497 0.321793 0
    endloop
  endfacet
  facet normal -0.891735 0.452559 0
    outer loop
      vertex 0.206497 0.321793 0.2654
      vertex 0.204468 0.317795 0
      vertex 0.204468 0.317795 0.2654
    endloop
  endfacet
  facet normal -0.917547 0.397626 0
    outer loop
      vertex 0.206497 0.321793 0
      vertex 0.208282 0.325912 0.2654
      vertex 0.208282 0.325912 0
    endloop
  endfacet
  facet normal -0.917547 0.397626 0
    outer loop
      vertex 0.208282 0.325912 0.2654
      vertex 0.206497 0.321793 0
      vertex 0.206497 0.321793 0.2654
    endloop
  endfacet
  facet normal -0.941266 0.337667 0
    outer loop
      vertex 0.208282 0.325912 0
      vertex 0.209793 0.330124 0.2654
      vertex 0.209793 0.330124 0
    endloop
  endfacet
  facet normal -0.941266 0.337667 0
    outer loop
      vertex 0.209793 0.330124 0.2654
      vertex 0.208282 0.325912 0
      vertex 0.208282 0.325912 0.2654
    endloop
  endfacet
  facet normal -0.960502 0.278274 0
    outer loop
      vertex 0.209793 0.330124 0
      vertex 0.211044 0.334442 0.2654
      vertex 0.211044 0.334442 0
    endloop
  endfacet
  facet normal -0.960502 0.278274 0
    outer loop
      vertex 0.211044 0.334442 0.2654
      vertex 0.209793 0.330124 0
      vertex 0.209793 0.330124 0.2654
    endloop
  endfacet
  facet normal -0.975844 0.218469 0
    outer loop
      vertex 0.211044 0.334442 0
      vertex 0.212021 0.338806 0.2654
      vertex 0.212021 0.338806 0
    endloop
  endfacet
  facet normal -0.975844 0.218469 0
    outer loop
      vertex 0.212021 0.338806 0.2654
      vertex 0.211044 0.334442 0
      vertex 0.211044 0.334442 0.2654
    endloop
  endfacet
  facet normal -0.98773 0.156168 0
    outer loop
      vertex 0.212021 0.338806 0
      vertex 0.212723 0.343246 0.2654
      vertex 0.212723 0.343246 0
    endloop
  endfacet
  facet normal -0.98773 0.156168 0
    outer loop
      vertex 0.212723 0.343246 0.2654
      vertex 0.212021 0.338806 0
      vertex 0.212021 0.338806 0.2654
    endloop
  endfacet
  facet normal -0.99544 0.0953889 0
    outer loop
      vertex 0.212723 0.343246 0
      vertex 0.21315 0.347702 0.2654
      vertex 0.21315 0.347702 0
    endloop
  endfacet
  facet normal -0.99544 0.0953889 0
    outer loop
      vertex 0.21315 0.347702 0.2654
      vertex 0.212723 0.343246 0
      vertex 0.212723 0.343246 0.2654
    endloop
  endfacet
  facet normal -0.999534 0.0305252 0
    outer loop
      vertex 0.21315 0.347702 0
      vertex 0.213287 0.352188 0.2654
      vertex 0.213287 0.352188 0
    endloop
  endfacet
  facet normal -0.999534 0.0305252 0
    outer loop
      vertex 0.213287 0.352188 0.2654
      vertex 0.21315 0.347702 0
      vertex 0.21315 0.347702 0.2654
    endloop
  endfacet
  facet normal -0.999534 -0.0305252 0
    outer loop
      vertex 0.213287 0.352188 0
      vertex 0.21315 0.356674 0.2654
      vertex 0.21315 0.356674 0
    endloop
  endfacet
  facet normal -0.999534 -0.0305252 0
    outer loop
      vertex 0.21315 0.356674 0.2654
      vertex 0.213287 0.352188 0
      vertex 0.213287 0.352188 0.2654
    endloop
  endfacet
  facet normal -0.99547 -0.0950718 0
    outer loop
      vertex 0.21315 0.356674 0
      vertex 0.212723 0.361145 0.2654
      vertex 0.212723 0.361145 0
    endloop
  endfacet
  facet normal -0.99547 -0.0950718 0
    outer loop
      vertex 0.212723 0.361145 0.2654
      vertex 0.21315 0.356674 0
      vertex 0.21315 0.356674 0.2654
    endloop
  endfacet
  facet normal -0.987649 -0.156685 0
    outer loop
      vertex 0.212723 0.361145 0
      vertex 0.212021 0.36557 0.2654
      vertex 0.212021 0.36557 0
    endloop
  endfacet
  facet normal -0.987649 -0.156685 0
    outer loop
      vertex 0.212021 0.36557 0.2654
      vertex 0.212723 0.361145 0
      vertex 0.212723 0.361145 0.2654
    endloop
  endfacet
  facet normal -0.976003 -0.217756 0
    outer loop
      vertex 0.212021 0.36557 0
      vertex 0.211044 0.369949 0.2654
      vertex 0.211044 0.369949 0
    endloop
  endfacet
  facet normal -0.976003 -0.217756 0
    outer loop
      vertex 0.211044 0.369949 0.2654
      vertex 0.212021 0.36557 0
      vertex 0.212021 0.36557 0.2654
    endloop
  endfacet
  facet normal -0.960242 -0.279169 0
    outer loop
      vertex 0.211044 0.369949 0
      vertex 0.209793 0.374252 0.2654
      vertex 0.209793 0.374252 0
    endloop
  endfacet
  facet normal -0.960242 -0.279169 0
    outer loop
      vertex 0.209793 0.374252 0.2654
      vertex 0.211044 0.369949 0
      vertex 0.211044 0.369949 0.2654
    endloop
  endfacet
  facet normal -0.941646 -0.336605 0
    outer loop
      vertex 0.209793 0.374252 0
      vertex 0.208282 0.378479 0.2654
      vertex 0.208282 0.378479 0
    endloop
  endfacet
  facet normal -0.941646 -0.336605 0
    outer loop
      vertex 0.208282 0.378479 0.2654
      vertex 0.209793 0.374252 0
      vertex 0.209793 0.374252 0.2654
    endloop
  endfacet
  facet normal -0.917583 -0.397545 0
    outer loop
      vertex 0.208282 0.378479 0
      vertex 0.206497 0.382599 0.2654
      vertex 0.206497 0.382599 0
    endloop
  endfacet
  facet normal -0.917583 -0.397545 0
    outer loop
      vertex 0.206497 0.382599 0.2654
      vertex 0.208282 0.378479 0
      vertex 0.208282 0.378479 0.2654
    endloop
  endfacet
  facet normal -0.891735 -0.452559 0
    outer loop
      vertex 0.206497 0.382599 0
      vertex 0.204468 0.386597 0.2654
      vertex 0.204468 0.386597 0
    endloop
  endfacet
  facet normal -0.891735 -0.452559 0
    outer loop
      vertex 0.204468 0.386597 0.2654
      vertex 0.206497 0.382599 0
      vertex 0.206497 0.382599 0.2654
    endloop
  endfacet
  facet normal -0.860136 -0.510065 0
    outer loop
      vertex 0.204468 0.386597 0
      vertex 0.202179 0.390457 0.2654
      vertex 0.202179 0.390457 0
    endloop
  endfacet
  facet normal -0.860136 -0.510065 0
    outer loop
      vertex 0.202179 0.390457 0.2654
      vertex 0.204468 0.386597 0
      vertex 0.204468 0.386597 0.2654
    endloop
  endfacet
  facet normal -0.827283 -0.561785 0
    outer loop
      vertex 0.202179 0.390457 0
      vertex 0.199661 0.394165 0.2654
      vertex 0.199661 0.394165 0
    endloop
  endfacet
  facet normal -0.827283 -0.561785 0
    outer loop
      vertex 0.199661 0.394165 0.2654
      vertex 0.202179 0.390457 0
      vertex 0.202179 0.390457 0.2654
    endloop
  endfacet
  facet normal -0.788416 -0.615143 0
    outer loop
      vertex 0.199661 0.394165 0
      vertex 0.196899 0.397705 0.2654
      vertex 0.196899 0.397705 0
    endloop
  endfacet
  facet normal -0.788416 -0.615143 0
    outer loop
      vertex 0.196899 0.397705 0.2654
      vertex 0.199661 0.394165 0
      vertex 0.199661 0.394165 0.2654
    endloop
  endfacet
  facet normal -0.750066 -0.661363 0
    outer loop
      vertex 0.196899 0.397705 0
      vertex 0.193939 0.401062 0.2654
      vertex 0.193939 0.401062 0
    endloop
  endfacet
  facet normal -0.750066 -0.661363 0
    outer loop
      vertex 0.193939 0.401062 0.2654
      vertex 0.196899 0.397705 0
      vertex 0.196899 0.397705 0.2654
    endloop
  endfacet
  facet normal -0.707107 -0.707107 0
    outer loop
      vertex 0.193939 0.401062 0
      vertex 0.190765 0.404236 0.2654
      vertex 0.190765 0.404236 0
    endloop
  endfacet
  facet normal -0.707107 -0.707107 0
    outer loop
      vertex 0.190765 0.404236 0.2654
      vertex 0.193939 0.401062 0
      vertex 0.193939 0.401062 0.2654
    endloop
  endfacet
  facet normal -0.663242 -0.748405 0
    outer loop
      vertex 0.187408 0.407211 0
      vertex 0.190765 0.404236 0.2654
      vertex 0.187408 0.407211 0.2654
    endloop
  endfacet
  facet normal -0.663242 -0.748405 -0
    outer loop
      vertex 0.190765 0.404236 0.2654
      vertex 0.187408 0.407211 0
      vertex 0.190765 0.404236 0
    endloop
  endfacet
  facet normal -0.611441 -0.79129 0
    outer loop
      vertex 0.183853 0.409958 0
      vertex 0.187408 0.407211 0.2654
      vertex 0.183853 0.409958 0.2654
    endloop
  endfacet
  facet normal -0.611441 -0.79129 -0
    outer loop
      vertex 0.187408 0.407211 0.2654
      vertex 0.183853 0.409958 0
      vertex 0.187408 0.407211 0
    endloop
  endfacet
  facet normal -0.561785 -0.827283 0
    outer loop
      vertex 0.180145 0.412476 0
      vertex 0.183853 0.409958 0.2654
      vertex 0.180145 0.412476 0.2654
    endloop
  endfacet
  facet normal -0.561785 -0.827283 -0
    outer loop
      vertex 0.183853 0.409958 0.2654
      vertex 0.180145 0.412476 0
      vertex 0.183853 0.409958 0
    endloop
  endfacet
  facet normal -0.5099 -0.860234 0
    outer loop
      vertex 0.176285 0.414764 0
      vertex 0.180145 0.412476 0.2654
      vertex 0.176285 0.414764 0.2654
    endloop
  endfacet
  facet normal -0.5099 -0.860234 -0
    outer loop
      vertex 0.180145 0.412476 0.2654
      vertex 0.176285 0.414764 0
      vertex 0.180145 0.412476 0
    endloop
  endfacet
  facet normal -0.452736 -0.891645 0
    outer loop
      vertex 0.172287 0.416794 0
      vertex 0.176285 0.414764 0.2654
      vertex 0.172287 0.416794 0.2654
    endloop
  endfacet
  facet normal -0.452736 -0.891645 -0
    outer loop
      vertex 0.176285 0.414764 0.2654
      vertex 0.172287 0.416794 0
      vertex 0.176285 0.414764 0
    endloop
  endfacet
  facet normal -0.398767 -0.917052 0
    outer loop
      vertex 0.168182 0.418579 0
      vertex 0.172287 0.416794 0.2654
      vertex 0.168182 0.418579 0.2654
    endloop
  endfacet
  facet normal -0.398767 -0.917052 -0
    outer loop
      vertex 0.172287 0.416794 0.2654
      vertex 0.168182 0.418579 0
      vertex 0.172287 0.416794 0
    endloop
  endfacet
  facet normal -0.339634 -0.940558 0
    outer loop
      vertex 0.163956 0.420105 0
      vertex 0.168182 0.418579 0.2654
      vertex 0.163956 0.420105 0.2654
    endloop
  endfacet
  facet normal -0.339634 -0.940558 -0
    outer loop
      vertex 0.168182 0.418579 0.2654
      vertex 0.163956 0.420105 0
      vertex 0.168182 0.418579 0
    endloop
  endfacet
  facet normal -0.279169 -0.960242 0
    outer loop
      vertex 0.159653 0.421356 0
      vertex 0.163956 0.420105 0.2654
      vertex 0.159653 0.421356 0.2654
    endloop
  endfacet
  facet normal -0.279169 -0.960242 -0
    outer loop
      vertex 0.163956 0.420105 0.2654
      vertex 0.159653 0.421356 0
      vertex 0.163956 0.420105 0
    endloop
  endfacet
  facet normal -0.217709 -0.976014 0
    outer loop
      vertex 0.155273 0.422333 0
      vertex 0.159653 0.421356 0.2654
      vertex 0.155273 0.422333 0.2654
    endloop
  endfacet
  facet normal -0.217709 -0.976014 -0
    outer loop
      vertex 0.159653 0.421356 0.2654
      vertex 0.155273 0.422333 0
      vertex 0.159653 0.421356 0
    endloop
  endfacet
  facet normal -0.156685 -0.987649 0
    outer loop
      vertex 0.150848 0.423035 0
      vertex 0.155273 0.422333 0.2654
      vertex 0.150848 0.423035 0.2654
    endloop
  endfacet
  facet normal -0.156685 -0.987649 -0
    outer loop
      vertex 0.155273 0.422333 0.2654
      vertex 0.150848 0.423035 0
      vertex 0.155273 0.422333 0
    endloop
  endfacet
  facet normal -0.091781 -0.995779 0
    outer loop
      vertex 0.146378 0.423447 0
      vertex 0.150848 0.423035 0.2654
      vertex 0.146378 0.423447 0.2654
    endloop
  endfacet
  facet normal -0.091781 -0.995779 -0
    outer loop
      vertex 0.150848 0.423035 0.2654
      vertex 0.146378 0.423447 0
      vertex 0.150848 0.423035 0
    endloop
  endfacet
  facet normal -0.0338562 -0.999427 0
    outer loop
      vertex 0.141891 0.423599 0
      vertex 0.146378 0.423447 0.2654
      vertex 0.141891 0.423599 0.2654
    endloop
  endfacet
  facet normal -0.0338562 -0.999427 -0
    outer loop
      vertex 0.146378 0.423447 0.2654
      vertex 0.141891 0.423599 0
      vertex 0.146378 0.423447 0
    endloop
  endfacet
  facet normal 0.0338638 -0.999426 0
    outer loop
      vertex 0.137405 0.423447 0
      vertex 0.141891 0.423599 0.2654
      vertex 0.137405 0.423447 0.2654
    endloop
  endfacet
  facet normal 0.0338638 -0.999426 0
    outer loop
      vertex 0.141891 0.423599 0.2654
      vertex 0.137405 0.423447 0
      vertex 0.141891 0.423599 0
    endloop
  endfacet
  facet normal 0.0920874 -0.995751 0
    outer loop
      vertex 0.13295 0.423035 0
      vertex 0.137405 0.423447 0.2654
      vertex 0.13295 0.423035 0.2654
    endloop
  endfacet
  facet normal 0.0920874 -0.995751 0
    outer loop
      vertex 0.137405 0.423447 0.2654
      vertex 0.13295 0.423035 0
      vertex 0.137405 0.423447 0
    endloop
  endfacet
  facet normal 0.156168 -0.98773 0
    outer loop
      vertex 0.12851 0.422333 0
      vertex 0.13295 0.423035 0.2654
      vertex 0.12851 0.422333 0.2654
    endloop
  endfacet
  facet normal 0.156168 -0.98773 0
    outer loop
      vertex 0.13295 0.423035 0.2654
      vertex 0.12851 0.422333 0
      vertex 0.13295 0.423035 0
    endloop
  endfacet
  facet normal 0.217709 -0.976014 0
    outer loop
      vertex 0.12413 0.421356 0
      vertex 0.12851 0.422333 0.2654
      vertex 0.12413 0.421356 0.2654
    endloop
  endfacet
  facet normal 0.217709 -0.976014 0
    outer loop
      vertex 0.12851 0.422333 0.2654
      vertex 0.12413 0.421356 0
      vertex 0.12851 0.422333 0
    endloop
  endfacet
  facet normal 0.279169 -0.960242 0
    outer loop
      vertex 0.119827 0.420105 0
      vertex 0.12413 0.421356 0.2654
      vertex 0.119827 0.420105 0.2654
    endloop
  endfacet
  facet normal 0.279169 -0.960242 0
    outer loop
      vertex 0.12413 0.421356 0.2654
      vertex 0.119827 0.420105 0
      vertex 0.12413 0.421356 0
    endloop
  endfacet
  facet normal 0.340703 -0.940171 0
    outer loop
      vertex 0.115616 0.418579 0
      vertex 0.119827 0.420105 0.2654
      vertex 0.115616 0.418579 0.2654
    endloop
  endfacet
  facet normal 0.340703 -0.940171 0
    outer loop
      vertex 0.119827 0.420105 0.2654
      vertex 0.115616 0.418579 0
      vertex 0.119827 0.420105 0
    endloop
  endfacet
  facet normal 0.397545 -0.917583 0
    outer loop
      vertex 0.111496 0.416794 0
      vertex 0.115616 0.418579 0.2654
      vertex 0.111496 0.416794 0.2654
    endloop
  endfacet
  facet normal 0.397545 -0.917583 0
    outer loop
      vertex 0.115616 0.418579 0.2654
      vertex 0.111496 0.416794 0
      vertex 0.115616 0.418579 0
    endloop
  endfacet
  facet normal 0.452736 -0.891645 0
    outer loop
      vertex 0.107498 0.414764 0
      vertex 0.111496 0.416794 0.2654
      vertex 0.107498 0.414764 0.2654
    endloop
  endfacet
  facet normal 0.452736 -0.891645 0
    outer loop
      vertex 0.111496 0.416794 0.2654
      vertex 0.107498 0.414764 0
      vertex 0.111496 0.416794 0
    endloop
  endfacet
  facet normal 0.5099 -0.860234 0
    outer loop
      vertex 0.103638 0.412476 0
      vertex 0.107498 0.414764 0.2654
      vertex 0.103638 0.412476 0.2654
    endloop
  endfacet
  facet normal 0.5099 -0.860234 0
    outer loop
      vertex 0.107498 0.414764 0.2654
      vertex 0.103638 0.412476 0
      vertex 0.107498 0.414764 0
    endloop
  endfacet
  facet normal 0.561764 -0.827297 0
    outer loop
      vertex 0.0999298 0.409958 0
      vertex 0.103638 0.412476 0.2654
      vertex 0.0999298 0.409958 0.2654
    endloop
  endfacet
  facet normal 0.561764 -0.827297 0
    outer loop
      vertex 0.103638 0.412476 0.2654
      vertex 0.0999298 0.409958 0
      vertex 0.103638 0.412476 0
    endloop
  endfacet
  facet normal 0.611409 -0.791315 0
    outer loop
      vertex 0.0963745 0.407211 0
      vertex 0.0999298 0.409958 0.2654
      vertex 0.0963745 0.407211 0.2654
    endloop
  endfacet
  facet normal 0.611409 -0.791315 0
    outer loop
      vertex 0.0999298 0.409958 0.2654
      vertex 0.0963745 0.407211 0
      vertex 0.0999298 0.409958 0
    endloop
  endfacet
  facet normal 0.663253 -0.748395 0
    outer loop
      vertex 0.0930176 0.404236 0
      vertex 0.0963745 0.407211 0.2654
      vertex 0.0930176 0.404236 0.2654
    endloop
  endfacet
  facet normal 0.663253 -0.748395 0
    outer loop
      vertex 0.0963745 0.407211 0.2654
      vertex 0.0930176 0.404236 0
      vertex 0.0963745 0.407211 0
    endloop
  endfacet
  facet normal 0.707129 -0.707085 0
    outer loop
      vertex 0.0898438 0.401062 0.2654
      vertex 0.0930176 0.404236 0
      vertex 0.0930176 0.404236 0.2654
    endloop
  endfacet
  facet normal 0.707129 -0.707085 0
    outer loop
      vertex 0.0930176 0.404236 0
      vertex 0.0898438 0.401062 0.2654
      vertex 0.0898438 0.401062 0
    endloop
  endfacet
  facet normal 0.750033 -0.661401 0
    outer loop
      vertex 0.0868835 0.397705 0.2654
      vertex 0.0898438 0.401062 0
      vertex 0.0898438 0.401062 0.2654
    endloop
  endfacet
  facet normal 0.750033 -0.661401 0
    outer loop
      vertex 0.0898438 0.401062 0
      vertex 0.0868835 0.397705 0.2654
      vertex 0.0868835 0.397705 0
    endloop
  endfacet
  facet normal 0.788437 -0.615115 0
    outer loop
      vertex 0.0841217 0.394165 0.2654
      vertex 0.0868835 0.397705 0
      vertex 0.0868835 0.397705 0.2654
    endloop
  endfacet
  facet normal 0.788437 -0.615115 0
    outer loop
      vertex 0.0868835 0.397705 0
      vertex 0.0841217 0.394165 0.2654
      vertex 0.0841217 0.394165 0
    endloop
  endfacet
  facet normal 0.827314 -0.561739 0
    outer loop
      vertex 0.081604 0.390457 0.2654
      vertex 0.0841217 0.394165 0
      vertex 0.0841217 0.394165 0.2654
    endloop
  endfacet
  facet normal 0.827314 -0.561739 0
    outer loop
      vertex 0.0841217 0.394165 0
      vertex 0.081604 0.390457 0.2654
      vertex 0.081604 0.390457 0
    endloop
  endfacet
  facet normal 0.86164 -0.50752 0
    outer loop
      vertex 0.0793304 0.386597 0.2654
      vertex 0.081604 0.390457 0
      vertex 0.081604 0.390457 0.2654
    endloop
  endfacet
  facet normal 0.86164 -0.50752 0
    outer loop
      vertex 0.081604 0.390457 0
      vertex 0.0793304 0.386597 0.2654
      vertex 0.0793304 0.386597 0
    endloop
  endfacet
  facet normal 0.890328 -0.455319 0
    outer loop
      vertex 0.0772858 0.382599 0.2654
      vertex 0.0793304 0.386597 0
      vertex 0.0793304 0.386597 0.2654
    endloop
  endfacet
  facet normal 0.890328 -0.455319 0
    outer loop
      vertex 0.0793304 0.386597 0
      vertex 0.0772858 0.382599 0.2654
      vertex 0.0772858 0.382599 0
    endloop
  endfacet
  facet normal 0.917558 -0.397601 0
    outer loop
      vertex 0.0755005 0.378479 0.2654
      vertex 0.0772858 0.382599 0
      vertex 0.0772858 0.382599 0.2654
    endloop
  endfacet
  facet normal 0.917558 -0.397601 0
    outer loop
      vertex 0.0772858 0.382599 0
      vertex 0.0755005 0.378479 0.2654
      vertex 0.0755005 0.378479 0
    endloop
  endfacet
  facet normal 0.941674 -0.336525 0
    outer loop
      vertex 0.0739899 0.374252 0.2654
      vertex 0.0755005 0.378479 0
      vertex 0.0755005 0.378479 0.2654
    endloop
  endfacet
  facet normal 0.941674 -0.336525 0
    outer loop
      vertex 0.0755005 0.378479 0
      vertex 0.0739899 0.374252 0.2654
      vertex 0.0739899 0.374252 0
    endloop
  endfacet
  facet normal 0.960224 -0.27923 0
    outer loop
      vertex 0.0727386 0.369949 0.2654
      vertex 0.0739899 0.374252 0
      vertex 0.0739899 0.374252 0.2654
    endloop
  endfacet
  facet normal 0.960224 -0.27923 0
    outer loop
      vertex 0.0739899 0.374252 0
      vertex 0.0727386 0.369949 0.2654
      vertex 0.0727386 0.369949 0
    endloop
  endfacet
  facet normal 0.976027 -0.21765 0
    outer loop
      vertex 0.0717621 0.36557 0.2654
      vertex 0.0727386 0.369949 0
      vertex 0.0727386 0.369949 0.2654
    endloop
  endfacet
  facet normal 0.976027 -0.21765 0
    outer loop
      vertex 0.0727386 0.369949 0
      vertex 0.0717621 0.36557 0.2654
      vertex 0.0717621 0.36557 0
    endloop
  endfacet
  facet normal 0.987652 -0.156663 0
    outer loop
      vertex 0.0710602 0.361145 0.2654
      vertex 0.0717621 0.36557 0
      vertex 0.0717621 0.36557 0.2654
    endloop
  endfacet
  facet normal 0.987652 -0.156663 0
    outer loop
      vertex 0.0717621 0.36557 0
      vertex 0.0710602 0.361145 0.2654
      vertex 0.0710602 0.361145 0
    endloop
  endfacet
  facet normal 0.995464 -0.095138 0
    outer loop
      vertex 0.0706329 0.356674 0.2654
      vertex 0.0710602 0.361145 0
      vertex 0.0710602 0.361145 0.2654
    endloop
  endfacet
  facet normal 0.995464 -0.095138 0
    outer loop
      vertex 0.0710602 0.361145 0
      vertex 0.0706329 0.356674 0.2654
      vertex 0.0706329 0.356674 0
    endloop
  endfacet
  facet normal 0.999532 -0.030592 0
    outer loop
      vertex 0.0704956 0.352188 0.2654
      vertex 0.0706329 0.356674 0
      vertex 0.0706329 0.356674 0.2654
    endloop
  endfacet
  facet normal 0.999532 -0.030592 0
    outer loop
      vertex 0.0706329 0.356674 0
      vertex 0.0704956 0.352188 0.2654
      vertex 0.0704956 0.352188 0
    endloop
  endfacet
  facet normal 0.999532 0.030592 0
    outer loop
      vertex 0.0706329 0.347702 0.2654
      vertex 0.0704956 0.352188 0
      vertex 0.0704956 0.352188 0.2654
    endloop
  endfacet
  facet normal 0.999532 0.030592 0
    outer loop
      vertex 0.0704956 0.352188 0
      vertex 0.0706329 0.347702 0.2654
      vertex 0.0706329 0.347702 0
    endloop
  endfacet
  facet normal 0.995434 0.0954553 0
    outer loop
      vertex 0.0710602 0.343246 0.2654
      vertex 0.0706329 0.347702 0
      vertex 0.0706329 0.347702 0.2654
    endloop
  endfacet
  facet normal 0.995434 0.0954553 0
    outer loop
      vertex 0.0706329 0.347702 0
      vertex 0.0710602 0.343246 0.2654
      vertex 0.0710602 0.343246 0
    endloop
  endfacet
  facet normal 0.987734 0.156146 0
    outer loop
      vertex 0.0717621 0.338806 0.2654
      vertex 0.0710602 0.343246 0
      vertex 0.0710602 0.343246 0.2654
    endloop
  endfacet
  facet normal 0.987734 0.156146 0
    outer loop
      vertex 0.0710602 0.343246 0
      vertex 0.0717621 0.338806 0.2654
      vertex 0.0717621 0.338806 0
    endloop
  endfacet
  facet normal 0.975868 0.218363 0
    outer loop
      vertex 0.0727386 0.334442 0.2654
      vertex 0.0717621 0.338806 0
      vertex 0.0717621 0.338806 0.2654
    endloop
  endfacet
  facet normal 0.975868 0.218363 0
    outer loop
      vertex 0.0717621 0.338806 0
      vertex 0.0727386 0.334442 0.2654
      vertex 0.0727386 0.334442 0
    endloop
  endfacet
  facet normal 0.960484 0.278336 0
    outer loop
      vertex 0.0739899 0.330124 0.2654
      vertex 0.0727386 0.334442 0
      vertex 0.0727386 0.334442 0.2654
    endloop
  endfacet
  facet normal 0.960484 0.278336 0
    outer loop
      vertex 0.0727386 0.334442 0
      vertex 0.0739899 0.330124 0.2654
      vertex 0.0739899 0.330124 0
    endloop
  endfacet
  facet normal 0.941294 0.337588 0
    outer loop
      vertex 0.0755005 0.325912 0.2654
      vertex 0.0739899 0.330124 0
      vertex 0.0739899 0.330124 0.2654
    endloop
  endfacet
  facet normal 0.941294 0.337588 0
    outer loop
      vertex 0.0739899 0.330124 0
      vertex 0.0755005 0.325912 0.2654
      vertex 0.0755005 0.325912 0
    endloop
  endfacet
  facet normal 0.917523 0.397682 0
    outer loop
      vertex 0.0772858 0.321793 0.2654
      vertex 0.0755005 0.325912 0
      vertex 0.0755005 0.325912 0.2654
    endloop
  endfacet
  facet normal 0.917523 0.397682 0
    outer loop
      vertex 0.0755005 0.325912 0
      vertex 0.0772858 0.321793 0.2654
      vertex 0.0772858 0.321793 0
    endloop
  endfacet
  facet normal 0.890328 0.455319 0
    outer loop
      vertex 0.0793304 0.317795 0.2654
      vertex 0.0772858 0.321793 0
      vertex 0.0772858 0.321793 0.2654
    endloop
  endfacet
  facet normal 0.890328 0.455319 0
    outer loop
      vertex 0.0772858 0.321793 0
      vertex 0.0793304 0.317795 0.2654
      vertex 0.0793304 0.317795 0
    endloop
  endfacet
  facet normal 0.861698 0.507422 0
    outer loop
      vertex 0.081604 0.313934 0.2654
      vertex 0.0793304 0.317795 0
      vertex 0.0793304 0.317795 0.2654
    endloop
  endfacet
  facet normal 0.861698 0.507422 0
    outer loop
      vertex 0.0793304 0.317795 0
      vertex 0.081604 0.313934 0.2654
      vertex 0.081604 0.313934 0
    endloop
  endfacet
  facet normal 0.827314 0.561739 0
    outer loop
      vertex 0.0841217 0.310226 0.2654
      vertex 0.081604 0.313934 0
      vertex 0.081604 0.313934 0.2654
    endloop
  endfacet
  facet normal 0.827314 0.561739 0
    outer loop
      vertex 0.081604 0.313934 0
      vertex 0.0841217 0.310226 0.2654
      vertex 0.0841217 0.310226 0
    endloop
  endfacet
  facet normal 0.788437 0.615115 0
    outer loop
      vertex 0.0868835 0.306686 0.2654
      vertex 0.0841217 0.310226 0
      vertex 0.0841217 0.310226 0.2654
    endloop
  endfacet
  facet normal 0.788437 0.615115 0
    outer loop
      vertex 0.0841217 0.310226 0
      vertex 0.0868835 0.306686 0.2654
      vertex 0.0868835 0.306686 0
    endloop
  endfacet
  facet normal 0.751493 0.659741 0
    outer loop
      vertex 0.0898438 0.303314 0.2654
      vertex 0.0868835 0.306686 0
      vertex 0.0868835 0.306686 0.2654
    endloop
  endfacet
  facet normal 0.751493 0.659741 0
    outer loop
      vertex 0.0868835 0.306686 0
      vertex 0.0898438 0.303314 0.2654
      vertex 0.0898438 0.303314 0
    endloop
  endfacet
  facet normal 0.707129 0.707085 0
    outer loop
      vertex 0.0930176 0.30014 0.2654
      vertex 0.0898438 0.303314 0
      vertex 0.0898438 0.303314 0.2654
    endloop
  endfacet
  facet normal 0.707129 0.707085 0
    outer loop
      vertex 0.0898438 0.303314 0
      vertex 0.0930176 0.30014 0.2654
      vertex 0.0930176 0.30014 0
    endloop
  endfacet
  facet normal 0.661374 0.750056 -0
    outer loop
      vertex 0.0963745 0.29718 0
      vertex 0.0930176 0.30014 0.2654
      vertex 0.0963745 0.29718 0.2654
    endloop
  endfacet
  facet normal 0.661374 0.750056 0
    outer loop
      vertex 0.0930176 0.30014 0.2654
      vertex 0.0963745 0.29718 0
      vertex 0.0930176 0.30014 0
    endloop
  endfacet
  facet normal 0.611269 0.791423 -0
    outer loop
      vertex 0.0999298 0.294434 0
      vertex 0.0963745 0.29718 0.2654
      vertex 0.0999298 0.294434 0.2654
    endloop
  endfacet
  facet normal 0.611269 0.791423 0
    outer loop
      vertex 0.0963745 0.29718 0.2654
      vertex 0.0999298 0.294434 0
      vertex 0.0963745 0.29718 0
    endloop
  endfacet
  facet normal 0.564048 0.825742 -0
    outer loop
      vertex 0.103638 0.291901 0
      vertex 0.0999298 0.294434 0.2654
      vertex 0.103638 0.291901 0.2654
    endloop
  endfacet
  facet normal 0.564048 0.825742 0
    outer loop
      vertex 0.0999298 0.294434 0.2654
      vertex 0.103638 0.291901 0
      vertex 0.0999298 0.294434 0
    endloop
  endfacet
  facet normal 0.507586 0.861601 -0
    outer loop
      vertex 0.107498 0.289627 0
      vertex 0.103638 0.291901 0.2654
      vertex 0.107498 0.289627 0.2654
    endloop
  endfacet
  facet normal 0.507586 0.861601 0
    outer loop
      vertex 0.103638 0.291901 0.2654
      vertex 0.107498 0.289627 0
      vertex 0.103638 0.291901 0
    endloop
  endfacet
  facet normal 0.45539 0.890292 -0
    outer loop
      vertex 0.111496 0.287582 0
      vertex 0.107498 0.289627 0.2654
      vertex 0.111496 0.287582 0.2654
    endloop
  endfacet
  facet normal 0.45539 0.890292 0
    outer loop
      vertex 0.107498 0.289627 0.2654
      vertex 0.111496 0.287582 0
      vertex 0.107498 0.289627 0
    endloop
  endfacet
  facet normal 0.394727 0.918799 -0
    outer loop
      vertex 0.115616 0.285812 0
      vertex 0.111496 0.287582 0.2654
      vertex 0.115616 0.285812 0.2654
    endloop
  endfacet
  facet normal 0.394727 0.918799 0
    outer loop
      vertex 0.111496 0.287582 0.2654
      vertex 0.115616 0.285812 0
      vertex 0.111496 0.287582 0
    endloop
  endfacet
  facet normal 0.340703 0.940171 -0
    outer loop
      vertex 0.119827 0.284286 0
      vertex 0.115616 0.285812 0.2654
      vertex 0.119827 0.284286 0.2654
    endloop
  endfacet
  facet normal 0.340703 0.940171 0
    outer loop
      vertex 0.115616 0.285812 0.2654
      vertex 0.119827 0.284286 0
      vertex 0.115616 0.285812 0
    endloop
  endfacet
  facet normal 0.279169 0.960242 -0
    outer loop
      vertex 0.12413 0.283035 0
      vertex 0.119827 0.284286 0.2654
      vertex 0.12413 0.283035 0.2654
    endloop
  endfacet
  facet normal 0.279169 0.960242 0
    outer loop
      vertex 0.119827 0.284286 0.2654
      vertex 0.12413 0.283035 0
      vertex 0.119827 0.284286 0
    endloop
  endfacet
  facet normal 0.217497 0.976061 -0
    outer loop
      vertex 0.12851 0.282059 0
      vertex 0.12413 0.283035 0.2654
      vertex 0.12851 0.282059 0.2654
    endloop
  endfacet
  facet normal 0.217497 0.976061 0
    outer loop
      vertex 0.12413 0.283035 0.2654
      vertex 0.12851 0.282059 0
      vertex 0.12413 0.283035 0
    endloop
  endfacet
  facet normal 0.156168 0.98773 -0
    outer loop
      vertex 0.13295 0.281357 0
      vertex 0.12851 0.282059 0.2654
      vertex 0.13295 0.281357 0.2654
    endloop
  endfacet
  facet normal 0.156168 0.98773 0
    outer loop
      vertex 0.12851 0.282059 0.2654
      vertex 0.13295 0.281357 0
      vertex 0.12851 0.282059 0
    endloop
  endfacet
  facet normal 0.0954101 0.995438 -0
    outer loop
      vertex 0.137405 0.28093 0
      vertex 0.13295 0.281357 0.2654
      vertex 0.137405 0.28093 0.2654
    endloop
  endfacet
  facet normal 0.0954101 0.995438 0
    outer loop
      vertex 0.13295 0.281357 0.2654
      vertex 0.137405 0.28093 0
      vertex 0.13295 0.281357 0
    endloop
  endfacet
  facet normal 0.0307478 0.999527 -0
    outer loop
      vertex 0.141891 0.280792 0
      vertex 0.137405 0.28093 0.2654
      vertex 0.141891 0.280792 0.2654
    endloop
  endfacet
  facet normal 0.0307478 0.999527 0
    outer loop
      vertex 0.137405 0.28093 0.2654
      vertex 0.141891 0.280792 0
      vertex 0.137405 0.28093 0
    endloop
  endfacet
  facet normal -0.030741 0.999527 0
    outer loop
      vertex 0.146378 0.28093 0
      vertex 0.141891 0.280792 0.2654
      vertex 0.146378 0.28093 0.2654
    endloop
  endfacet
  facet normal -0.030741 0.999527 0
    outer loop
      vertex 0.141891 0.280792 0.2654
      vertex 0.146378 0.28093 0
      vertex 0.141891 0.280792 0
    endloop
  endfacet
  facet normal -0.0939763 0.995574 0
    outer loop
      vertex 0.146759 0.126297 0
      vertex 0.144333 0.126068 0.2654
      vertex 0.146759 0.126297 0.2654
    endloop
  endfacet
  facet normal -0.0939763 0.995574 0
    outer loop
      vertex 0.144333 0.126068 0.2654
      vertex 0.146759 0.126297 0
      vertex 0.144333 0.126068 0
    endloop
  endfacet
  facet normal -0.156089 0.987743 0
    outer loop
      vertex 0.14917 0.126678 0
      vertex 0.146759 0.126297 0.2654
      vertex 0.14917 0.126678 0.2654
    endloop
  endfacet
  facet normal -0.156089 0.987743 0
    outer loop
      vertex 0.146759 0.126297 0.2654
      vertex 0.14917 0.126678 0
      vertex 0.146759 0.126297 0
    endloop
  endfacet
  facet normal -0.220641 0.975355 0
    outer loop
      vertex 0.151535 0.127213 0
      vertex 0.14917 0.126678 0.2654
      vertex 0.151535 0.127213 0.2654
    endloop
  endfacet
  facet normal -0.220641 0.975355 0
    outer loop
      vertex 0.14917 0.126678 0.2654
      vertex 0.151535 0.127213 0
      vertex 0.14917 0.126678 0
    endloop
  endfacet
  facet normal -0.274559 0.96157 0
    outer loop
      vertex 0.153885 0.127884 0
      vertex 0.151535 0.127213 0.2654
      vertex 0.153885 0.127884 0.2654
    endloop
  endfacet
  facet normal -0.274559 0.96157 0
    outer loop
      vertex 0.151535 0.127213 0.2654
      vertex 0.153885 0.127884 0
      vertex 0.151535 0.127213 0
    endloop
  endfacet
  facet normal -0.344146 0.938916 0
    outer loop
      vertex 0.156174 0.128723 0
      vertex 0.153885 0.127884 0.2654
      vertex 0.156174 0.128723 0.2654
    endloop
  endfacet
  facet normal -0.344146 0.938916 0
    outer loop
      vertex 0.153885 0.127884 0.2654
      vertex 0.156174 0.128723 0
      vertex 0.153885 0.127884 0
    endloop
  endfacet
  facet normal -0.39382 0.919187 0
    outer loop
      vertex 0.158417 0.129684 0
      vertex 0.156174 0.128723 0.2654
      vertex 0.158417 0.129684 0.2654
    endloop
  endfacet
  facet normal -0.39382 0.919187 0
    outer loop
      vertex 0.156174 0.128723 0.2654
      vertex 0.158417 0.129684 0
      vertex 0.156174 0.128723 0
    endloop
  endfacet
  facet normal -0.457367 0.889278 0
    outer loop
      vertex 0.160583 0.130798 0
      vertex 0.158417 0.129684 0.2654
      vertex 0.160583 0.130798 0.2654
    endloop
  endfacet
  facet normal -0.457367 0.889278 0
    outer loop
      vertex 0.158417 0.129684 0.2654
      vertex 0.160583 0.130798 0
      vertex 0.158417 0.129684 0
    endloop
  endfacet
  facet normal -0.506161 0.862439 0
    outer loop
      vertex 0.162689 0.132034 0
      vertex 0.160583 0.130798 0.2654
      vertex 0.162689 0.132034 0.2654
    endloop
  endfacet
  facet normal -0.506161 0.862439 0
    outer loop
      vertex 0.160583 0.130798 0.2654
      vertex 0.162689 0.132034 0
      vertex 0.160583 0.130798 0
    endloop
  endfacet
  facet normal -0.563566 0.826071 0
    outer loop
      vertex 0.164703 0.133408 0
      vertex 0.162689 0.132034 0.2654
      vertex 0.164703 0.133408 0.2654
    endloop
  endfacet
  facet normal -0.563566 0.826071 0
    outer loop
      vertex 0.162689 0.132034 0.2654
      vertex 0.164703 0.133408 0
      vertex 0.162689 0.132034 0
    endloop
  endfacet
  facet normal -0.61377 0.789485 0
    outer loop
      vertex 0.166626 0.134903 0
      vertex 0.164703 0.133408 0.2654
      vertex 0.166626 0.134903 0.2654
    endloop
  endfacet
  facet normal -0.61377 0.789485 0
    outer loop
      vertex 0.164703 0.133408 0.2654
      vertex 0.166626 0.134903 0
      vertex 0.164703 0.133408 0
    endloop
  endfacet
  facet normal -0.658476 0.752602 0
    outer loop
      vertex 0.168457 0.136505 0
      vertex 0.166626 0.134903 0.2654
      vertex 0.168457 0.136505 0.2654
    endloop
  endfacet
  facet normal -0.658476 0.752602 0
    outer loop
      vertex 0.166626 0.134903 0.2654
      vertex 0.168457 0.136505 0
      vertex 0.166626 0.134903 0
    endloop
  endfacet
  facet normal -0.707107 0.707107 0
    outer loop
      vertex 0.168457 0.136505 0
      vertex 0.170181 0.138229 0.2654
      vertex 0.170181 0.138229 0
    endloop
  endfacet
  facet normal -0.707107 0.707107 0
    outer loop
      vertex 0.170181 0.138229 0.2654
      vertex 0.168457 0.136505 0
      vertex 0.168457 0.136505 0.2654
    endloop
  endfacet
  facet normal -0.752602 0.658476 0
    outer loop
      vertex 0.170181 0.138229 0
      vertex 0.171783 0.14006 0.2654
      vertex 0.171783 0.14006 0
    endloop
  endfacet
  facet normal -0.752602 0.658476 0
    outer loop
      vertex 0.171783 0.14006 0.2654
      vertex 0.170181 0.138229 0
      vertex 0.170181 0.138229 0.2654
    endloop
  endfacet
  facet normal -0.789286 0.614026 0
    outer loop
      vertex 0.171783 0.14006 0
      vertex 0.173279 0.141983 0.2654
      vertex 0.173279 0.141983 0
    endloop
  endfacet
  facet normal -0.789286 0.614026 0
    outer loop
      vertex 0.173279 0.141983 0.2654
      vertex 0.171783 0.14006 0
      vertex 0.171783 0.14006 0.2654
    endloop
  endfacet
  facet normal -0.826262 0.563286 0
    outer loop
      vertex 0.173279 0.141983 0
      vertex 0.174652 0.143997 0.2654
      vertex 0.174652 0.143997 0
    endloop
  endfacet
  facet normal -0.826262 0.563286 0
    outer loop
      vertex 0.174652 0.143997 0.2654
      vertex 0.173279 0.141983 0
      vertex 0.173279 0.141983 0.2654
    endloop
  endfacet
  facet normal -0.862439 0.506161 0
    outer loop
      vertex 0.174652 0.143997 0
      vertex 0.175888 0.146103 0.2654
      vertex 0.175888 0.146103 0
    endloop
  endfacet
  facet normal -0.862439 0.506161 0
    outer loop
      vertex 0.175888 0.146103 0.2654
      vertex 0.174652 0.143997 0
      vertex 0.174652 0.143997 0.2654
    endloop
  endfacet
  facet normal -0.889364 0.4572 0
    outer loop
      vertex 0.175888 0.146103 0
      vertex 0.177002 0.14827 0.2654
      vertex 0.177002 0.14827 0
    endloop
  endfacet
  facet normal -0.889364 0.4572 0
    outer loop
      vertex 0.177002 0.14827 0.2654
      vertex 0.175888 0.146103 0
      vertex 0.175888 0.146103 0.2654
    endloop
  endfacet
  facet normal -0.919187 0.39382 0
    outer loop
      vertex 0.177002 0.14827 0
      vertex 0.177963 0.150513 0.2654
      vertex 0.177963 0.150513 0
    endloop
  endfacet
  facet normal -0.919187 0.39382 0
    outer loop
      vertex 0.177963 0.150513 0.2654
      vertex 0.177002 0.14827 0
      vertex 0.177002 0.14827 0.2654
    endloop
  endfacet
  facet normal -0.940893 0.338705 0
    outer loop
      vertex 0.177963 0.150513 0
      vertex 0.178787 0.152802 0.2654
      vertex 0.178787 0.152802 0
    endloop
  endfacet
  facet normal -0.940893 0.338705 0
    outer loop
      vertex 0.178787 0.152802 0.2654
      vertex 0.177963 0.150513 0
      vertex 0.177963 0.150513 0.2654
    endloop
  endfacet
  facet normal -0.959307 0.282367 0
    outer loop
      vertex 0.178787 0.152802 0
      vertex 0.179474 0.155136 0.2654
      vertex 0.179474 0.155136 0
    endloop
  endfacet
  facet normal -0.959307 0.282367 0
    outer loop
      vertex 0.179474 0.155136 0.2654
      vertex 0.178787 0.152802 0
      vertex 0.178787 0.152802 0.2654
    endloop
  endfacet
  facet normal -0.975741 0.218927 0
    outer loop
      vertex 0.179474 0.155136 0
      vertex 0.180008 0.157516 0.2654
      vertex 0.180008 0.157516 0
    endloop
  endfacet
  facet normal -0.975741 0.218927 0
    outer loop
      vertex 0.180008 0.157516 0.2654
      vertex 0.179474 0.155136 0
      vertex 0.179474 0.155136 0.2654
    endloop
  endfacet
  facet normal -0.987743 0.156089 0
    outer loop
      vertex 0.180008 0.157516 0
      vertex 0.180389 0.159927 0.2654
      vertex 0.180389 0.159927 0
    endloop
  endfacet
  facet normal -0.987743 0.156089 0
    outer loop
      vertex 0.180389 0.159927 0.2654
      vertex 0.180008 0.157516 0
      vertex 0.180008 0.157516 0.2654
    endloop
  endfacet
  facet normal -0.995578 0.0939379 0
    outer loop
      vertex 0.180389 0.159927 0
      vertex 0.180618 0.162354 0.2654
      vertex 0.180618 0.162354 0
    endloop
  endfacet
  facet normal -0.995578 0.0939379 0
    outer loop
      vertex 0.180618 0.162354 0.2654
      vertex 0.180389 0.159927 0
      vertex 0.180389 0.159927 0.2654
    endloop
  endfacet
  facet normal -0.999503 0.0315288 0
    outer loop
      vertex 0.180618 0.162354 0
      vertex 0.180695 0.164795 0.2654
      vertex 0.180695 0.164795 0
    endloop
  endfacet
  facet normal -0.999503 0.0315288 0
    outer loop
      vertex 0.180695 0.164795 0.2654
      vertex 0.180618 0.162354 0
      vertex 0.180618 0.162354 0.2654
    endloop
  endfacet
  facet normal -0.999497 -0.0317235 0
    outer loop
      vertex 0.180695 0.164795 0
      vertex 0.180618 0.167221 0.2654
      vertex 0.180618 0.167221 0
    endloop
  endfacet
  facet normal -0.999497 -0.0317235 0
    outer loop
      vertex 0.180618 0.167221 0.2654
      vertex 0.180695 0.164795 0
      vertex 0.180695 0.164795 0.2654
    endloop
  endfacet
  facet normal -0.995628 -0.0934039 0
    outer loop
      vertex 0.180618 0.167221 0
      vertex 0.180389 0.169662 0.2654
      vertex 0.180389 0.169662 0
    endloop
  endfacet
  facet normal -0.995628 -0.0934039 0
    outer loop
      vertex 0.180389 0.169662 0.2654
      vertex 0.180618 0.167221 0
      vertex 0.180618 0.167221 0.2654
    endloop
  endfacet
  facet normal -0.987592 -0.157042 0
    outer loop
      vertex 0.180389 0.169662 0
      vertex 0.180008 0.172058 0.2654
      vertex 0.180008 0.172058 0
    endloop
  endfacet
  facet normal -0.987592 -0.157042 0
    outer loop
      vertex 0.180008 0.172058 0.2654
      vertex 0.180389 0.169662 0
      vertex 0.180389 0.169662 0.2654
    endloop
  endfacet
  facet normal -0.975741 -0.218927 0
    outer loop
      vertex 0.180008 0.172058 0
      vertex 0.179474 0.174438 0.2654
      vertex 0.179474 0.174438 0
    endloop
  endfacet
  facet normal -0.975741 -0.218927 0
    outer loop
      vertex 0.179474 0.174438 0.2654
      vertex 0.180008 0.172058 0
      vertex 0.180008 0.172058 0.2654
    endloop
  endfacet
  facet normal -0.959826 -0.280596 0
    outer loop
      vertex 0.179474 0.174438 0
      vertex 0.178787 0.176788 0.2654
      vertex 0.178787 0.176788 0
    endloop
  endfacet
  facet normal -0.959826 -0.280596 0
    outer loop
      vertex 0.178787 0.176788 0.2654
      vertex 0.179474 0.174438 0
      vertex 0.179474 0.174438 0.2654
    endloop
  endfacet
  facet normal -0.940893 -0.338705 0
    outer loop
      vertex 0.178787 0.176788 0
      vertex 0.177963 0.179077 0.2654
      vertex 0.177963 0.179077 0
    endloop
  endfacet
  facet normal -0.940893 -0.338705 0
    outer loop
      vertex 0.177963 0.179077 0.2654
      vertex 0.178787 0.176788 0
      vertex 0.178787 0.176788 0.2654
    endloop
  endfacet
  facet normal -0.919187 -0.39382 0
    outer loop
      vertex 0.177963 0.179077 0
      vertex 0.177002 0.18132 0.2654
      vertex 0.177002 0.18132 0
    endloop
  endfacet
  facet normal -0.919187 -0.39382 0
    outer loop
      vertex 0.177002 0.18132 0.2654
      vertex 0.177963 0.179077 0
      vertex 0.177963 0.179077 0.2654
    endloop
  endfacet
  facet normal -0.889364 -0.4572 0
    outer loop
      vertex 0.177002 0.18132 0
      vertex 0.175888 0.183487 0.2654
      vertex 0.175888 0.183487 0
    endloop
  endfacet
  facet normal -0.889364 -0.4572 0
    outer loop
      vertex 0.175888 0.183487 0.2654
      vertex 0.177002 0.18132 0
      vertex 0.177002 0.18132 0.2654
    endloop
  endfacet
  facet normal -0.860746 -0.509035 0
    outer loop
      vertex 0.175888 0.183487 0
      vertex 0.174652 0.185577 0.2654
      vertex 0.174652 0.185577 0
    endloop
  endfacet
  facet normal -0.860746 -0.509035 0
    outer loop
      vertex 0.174652 0.185577 0.2654
      vertex 0.175888 0.183487 0
      vertex 0.175888 0.183487 0.2654
    endloop
  endfacet
  facet normal -0.826392 -0.563095 0
    outer loop
      vertex 0.174652 0.185577 0
      vertex 0.173279 0.187592 0.2654
      vertex 0.173279 0.187592 0
    endloop
  endfacet
  facet normal -0.826392 -0.563095 0
    outer loop
      vertex 0.173279 0.187592 0.2654
      vertex 0.174652 0.185577 0
      vertex 0.174652 0.185577 0.2654
    endloop
  endfacet
  facet normal -0.791438 -0.61125 0
    outer loop
      vertex 0.173279 0.187592 0
      vertex 0.171783 0.189529 0.2654
      vertex 0.171783 0.189529 0
    endloop
  endfacet
  facet normal -0.791438 -0.61125 0
    outer loop
      vertex 0.171783 0.189529 0.2654
      vertex 0.173279 0.187592 0
      vertex 0.173279 0.187592 0.2654
    endloop
  endfacet
  facet normal -0.74991 -0.66154 0
    outer loop
      vertex 0.171783 0.189529 0
      vertex 0.170181 0.191345 0.2654
      vertex 0.170181 0.191345 0
    endloop
  endfacet
  facet normal -0.74991 -0.66154 0
    outer loop
      vertex 0.170181 0.191345 0.2654
      vertex 0.171783 0.189529 0
      vertex 0.171783 0.189529 0.2654
    endloop
  endfacet
  facet normal -0.707107 -0.707107 0
    outer loop
      vertex 0.170181 0.191345 0
      vertex 0.168457 0.193069 0.2654
      vertex 0.168457 0.193069 0
    endloop
  endfacet
  facet normal -0.707107 -0.707107 0
    outer loop
      vertex 0.168457 0.193069 0.2654
      vertex 0.170181 0.191345 0
      vertex 0.170181 0.191345 0.2654
    endloop
  endfacet
  facet normal -0.662176 -0.749348 0
    outer loop
      vertex 0.166626 0.194687 0
      vertex 0.168457 0.193069 0.2654
      vertex 0.166626 0.194687 0.2654
    endloop
  endfacet
  facet normal -0.662176 -0.749348 -0
    outer loop
      vertex 0.168457 0.193069 0.2654
      vertex 0.166626 0.194687 0
      vertex 0.168457 0.193069 0
    endloop
  endfacet
  facet normal -0.61377 -0.789485 0
    outer loop
      vertex 0.164703 0.196182 0
      vertex 0.166626 0.194687 0.2654
      vertex 0.164703 0.196182 0.2654
    endloop
  endfacet
  facet normal -0.61377 -0.789485 -0
    outer loop
      vertex 0.166626 0.194687 0.2654
      vertex 0.164703 0.196182 0
      vertex 0.166626 0.194687 0
    endloop
  endfacet
  facet normal -0.563566 -0.826071 0
    outer loop
      vertex 0.162689 0.197556 0
      vertex 0.164703 0.196182 0.2654
      vertex 0.162689 0.197556 0.2654
    endloop
  endfacet
  facet normal -0.563566 -0.826071 -0
    outer loop
      vertex 0.164703 0.196182 0.2654
      vertex 0.162689 0.197556 0
      vertex 0.164703 0.196182 0
    endloop
  endfacet
  facet normal -0.506161 -0.862439 0
    outer loop
      vertex 0.160583 0.198792 0
      vertex 0.162689 0.197556 0.2654
      vertex 0.160583 0.198792 0.2654
    endloop
  endfacet
  facet normal -0.506161 -0.862439 -0
    outer loop
      vertex 0.162689 0.197556 0.2654
      vertex 0.160583 0.198792 0
      vertex 0.162689 0.197556 0
    endloop
  endfacet
  facet normal -0.457042 -0.889445 0
    outer loop
      vertex 0.158417 0.199905 0
      vertex 0.160583 0.198792 0.2654
      vertex 0.158417 0.199905 0.2654
    endloop
  endfacet
  facet normal -0.457042 -0.889445 -0
    outer loop
      vertex 0.160583 0.198792 0.2654
      vertex 0.158417 0.199905 0
      vertex 0.160583 0.198792 0
    endloop
  endfacet
  facet normal -0.394167 -0.919039 0
    outer loop
      vertex 0.156174 0.200867 0
      vertex 0.158417 0.199905 0.2654
      vertex 0.156174 0.200867 0.2654
    endloop
  endfacet
  facet normal -0.394167 -0.919039 -0
    outer loop
      vertex 0.158417 0.199905 0.2654
      vertex 0.156174 0.200867 0
      vertex 0.158417 0.199905 0
    endloop
  endfacet
  facet normal -0.338705 -0.940893 0
    outer loop
      vertex 0.153885 0.201691 0
      vertex 0.156174 0.200867 0.2654
      vertex 0.153885 0.201691 0.2654
    endloop
  endfacet
  facet normal -0.338705 -0.940893 -0
    outer loop
      vertex 0.156174 0.200867 0.2654
      vertex 0.153885 0.201691 0
      vertex 0.156174 0.200867 0
    endloop
  endfacet
  facet normal -0.28022 -0.959936 0
    outer loop
      vertex 0.151535 0.202377 0
      vertex 0.153885 0.201691 0.2654
      vertex 0.151535 0.202377 0.2654
    endloop
  endfacet
  facet normal -0.28022 -0.959936 -0
    outer loop
      vertex 0.153885 0.201691 0.2654
      vertex 0.151535 0.202377 0
      vertex 0.153885 0.201691 0
    endloop
  endfacet
  facet normal -0.220248 -0.975444 0
    outer loop
      vertex 0.14917 0.202911 0
      vertex 0.151535 0.202377 0.2654
      vertex 0.14917 0.202911 0.2654
    endloop
  endfacet
  facet normal -0.220248 -0.975444 -0
    outer loop
      vertex 0.151535 0.202377 0.2654
      vertex 0.14917 0.202911 0
      vertex 0.151535 0.202377 0
    endloop
  endfacet
  facet normal -0.156488 -0.98768 0
    outer loop
      vertex 0.146759 0.203293 0
      vertex 0.14917 0.202911 0.2654
      vertex 0.146759 0.203293 0.2654
    endloop
  endfacet
  facet normal -0.156488 -0.98768 -0
    outer loop
      vertex 0.14917 0.202911 0.2654
      vertex 0.146759 0.203293 0
      vertex 0.14917 0.202911 0
    endloop
  endfacet
  facet normal -0.0939763 -0.995574 0
    outer loop
      vertex 0.144333 0.203522 0
      vertex 0.146759 0.203293 0.2654
      vertex 0.144333 0.203522 0.2654
    endloop
  endfacet
  facet normal -0.0939763 -0.995574 -0
    outer loop
      vertex 0.146759 0.203293 0.2654
      vertex 0.144333 0.203522 0
      vertex 0.146759 0.203293 0
    endloop
  endfacet
  facet normal -0.031107 -0.999516 0
    outer loop
      vertex 0.141891 0.203598 0
      vertex 0.144333 0.203522 0.2654
      vertex 0.141891 0.203598 0.2654
    endloop
  endfacet
  facet normal -0.031107 -0.999516 -0
    outer loop
      vertex 0.144333 0.203522 0.2654
      vertex 0.141891 0.203598 0
      vertex 0.144333 0.203522 0
    endloop
  endfacet
  facet normal 0.0311197 -0.999516 0
    outer loop
      vertex 0.13945 0.203522 0
      vertex 0.141891 0.203598 0.2654
      vertex 0.13945 0.203522 0.2654
    endloop
  endfacet
  facet normal 0.0311197 -0.999516 0
    outer loop
      vertex 0.141891 0.203598 0.2654
      vertex 0.13945 0.203522 0
      vertex 0.141891 0.203598 0
    endloop
  endfacet
  facet normal 0.0939763 -0.995574 0
    outer loop
      vertex 0.137024 0.203293 0
      vertex 0.13945 0.203522 0.2654
      vertex 0.137024 0.203293 0.2654
    endloop
  endfacet
  facet normal 0.0939763 -0.995574 0
    outer loop
      vertex 0.13945 0.203522 0.2654
      vertex 0.137024 0.203293 0
      vertex 0.13945 0.203522 0
    endloop
  endfacet
  facet normal 0.157444 -0.987528 0
    outer loop
      vertex 0.134628 0.202911 0
      vertex 0.137024 0.203293 0.2654
      vertex 0.134628 0.202911 0.2654
    endloop
  endfacet
  facet normal 0.157444 -0.987528 0
    outer loop
      vertex 0.137024 0.203293 0.2654
      vertex 0.134628 0.202911 0
      vertex 0.137024 0.203293 0
    endloop
  endfacet
  facet normal 0.218927 -0.975741 0
    outer loop
      vertex 0.132248 0.202377 0
      vertex 0.134628 0.202911 0.2654
      vertex 0.132248 0.202377 0.2654
    endloop
  endfacet
  facet normal 0.218927 -0.975741 0
    outer loop
      vertex 0.134628 0.202911 0.2654
      vertex 0.132248 0.202377 0
      vertex 0.134628 0.202911 0
    endloop
  endfacet
  facet normal 0.28022 -0.959936 0
    outer loop
      vertex 0.129898 0.201691 0
      vertex 0.132248 0.202377 0.2654
      vertex 0.129898 0.201691 0.2654
    endloop
  endfacet
  facet normal 0.28022 -0.959936 0
    outer loop
      vertex 0.132248 0.202377 0.2654
      vertex 0.129898 0.201691 0
      vertex 0.132248 0.202377 0
    endloop
  endfacet
  facet normal 0.338705 -0.940893 0
    outer loop
      vertex 0.127609 0.200867 0
      vertex 0.129898 0.201691 0.2654
      vertex 0.127609 0.200867 0.2654
    endloop
  endfacet
  facet normal 0.338705 -0.940893 0
    outer loop
      vertex 0.129898 0.201691 0.2654
      vertex 0.127609 0.200867 0
      vertex 0.129898 0.201691 0
    endloop
  endfacet
  facet normal 0.394167 -0.919039 0
    outer loop
      vertex 0.125366 0.199905 0
      vertex 0.127609 0.200867 0.2654
      vertex 0.125366 0.199905 0.2654
    endloop
  endfacet
  facet normal 0.394167 -0.919039 0
    outer loop
      vertex 0.127609 0.200867 0.2654
      vertex 0.125366 0.199905 0
      vertex 0.127609 0.200867 0
    endloop
  endfacet
  facet normal 0.456875 -0.889531 0
    outer loop
      vertex 0.123199 0.198792 0
      vertex 0.125366 0.199905 0.2654
      vertex 0.123199 0.198792 0.2654
    endloop
  endfacet
  facet normal 0.456875 -0.889531 0
    outer loop
      vertex 0.125366 0.199905 0.2654
      vertex 0.123199 0.198792 0
      vertex 0.125366 0.199905 0
    endloop
  endfacet
  facet normal 0.509035 -0.860746 0
    outer loop
      vertex 0.121109 0.197556 0
      vertex 0.123199 0.198792 0.2654
      vertex 0.121109 0.197556 0.2654
    endloop
  endfacet
  facet normal 0.509035 -0.860746 0
    outer loop
      vertex 0.123199 0.198792 0.2654
      vertex 0.121109 0.197556 0
      vertex 0.123199 0.198792 0
    endloop
  endfacet
  facet normal 0.560713 -0.82801 0
    outer loop
      vertex 0.11908 0.196182 0
      vertex 0.121109 0.197556 0.2654
      vertex 0.11908 0.196182 0.2654
    endloop
  endfacet
  facet normal 0.560713 -0.82801 0
    outer loop
      vertex 0.121109 0.197556 0.2654
      vertex 0.11908 0.196182 0
      vertex 0.121109 0.197556 0
    endloop
  endfacet
  facet normal 0.61377 -0.789485 0
    outer loop
      vertex 0.117157 0.194687 0
      vertex 0.11908 0.196182 0.2654
      vertex 0.117157 0.194687 0.2654
    endloop
  endfacet
  facet normal 0.61377 -0.789485 0
    outer loop
      vertex 0.11908 0.196182 0.2654
      vertex 0.117157 0.194687 0
      vertex 0.11908 0.196182 0
    endloop
  endfacet
  facet normal 0.662176 -0.749348 0
    outer loop
      vertex 0.115326 0.193069 0
      vertex 0.117157 0.194687 0.2654
      vertex 0.115326 0.193069 0.2654
    endloop
  endfacet
  facet normal 0.662176 -0.749348 0
    outer loop
      vertex 0.117157 0.194687 0.2654
      vertex 0.115326 0.193069 0
      vertex 0.117157 0.194687 0
    endloop
  endfacet
  facet normal 0.707107 -0.707107 0
    outer loop
      vertex 0.113602 0.191345 0.2654
      vertex 0.115326 0.193069 0
      vertex 0.115326 0.193069 0.2654
    endloop
  endfacet
  facet normal 0.707107 -0.707107 0
    outer loop
      vertex 0.115326 0.193069 0
      vertex 0.113602 0.191345 0.2654
      vertex 0.113602 0.191345 0
    endloop
  endfacet
  facet normal 0.74991 -0.66154 0
    outer loop
      vertex 0.112 0.189529 0.2654
      vertex 0.113602 0.191345 0
      vertex 0.113602 0.191345 0.2654
    endloop
  endfacet
  facet normal 0.74991 -0.66154 0
    outer loop
      vertex 0.113602 0.191345 0
      vertex 0.112 0.189529 0.2654
      vertex 0.112 0.189529 0
    endloop
  endfacet
  facet normal 0.791438 -0.61125 0
    outer loop
      vertex 0.110504 0.187592 0.2654
      vertex 0.112 0.189529 0
      vertex 0.112 0.189529 0.2654
    endloop
  endfacet
  facet normal 0.791438 -0.61125 0
    outer loop
      vertex 0.112 0.189529 0
      vertex 0.110504 0.187592 0.2654
      vertex 0.110504 0.187592 0
    endloop
  endfacet
  facet normal 0.826392 -0.563095 0
    outer loop
      vertex 0.109131 0.185577 0.2654
      vertex 0.110504 0.187592 0
      vertex 0.110504 0.187592 0.2654
    endloop
  endfacet
  facet normal 0.826392 -0.563095 0
    outer loop
      vertex 0.110504 0.187592 0
      vertex 0.109131 0.185577 0.2654
      vertex 0.109131 0.185577 0
    endloop
  endfacet
  facet normal 0.860746 -0.509035 0
    outer loop
      vertex 0.107895 0.183487 0.2654
      vertex 0.109131 0.185577 0
      vertex 0.109131 0.185577 0.2654
    endloop
  endfacet
  facet normal 0.860746 -0.509035 0
    outer loop
      vertex 0.109131 0.185577 0
      vertex 0.107895 0.183487 0.2654
      vertex 0.107895 0.183487 0
    endloop
  endfacet
  facet normal 0.889364 -0.4572 0
    outer loop
      vertex 0.106781 0.18132 0.2654
      vertex 0.107895 0.183487 0
      vertex 0.107895 0.183487 0.2654
    endloop
  endfacet
  facet normal 0.889364 -0.4572 0
    outer loop
      vertex 0.107895 0.183487 0
      vertex 0.106781 0.18132 0.2654
      vertex 0.106781 0.18132 0
    endloop
  endfacet
  facet normal 0.919187 -0.39382 0
    outer loop
      vertex 0.10582 0.179077 0.2654
      vertex 0.106781 0.18132 0
      vertex 0.106781 0.18132 0.2654
    endloop
  endfacet
  facet normal 0.919187 -0.39382 0
    outer loop
      vertex 0.106781 0.18132 0
      vertex 0.10582 0.179077 0.2654
      vertex 0.10582 0.179077 0
    endloop
  endfacet
  facet normal 0.940893 -0.338705 0
    outer loop
      vertex 0.104996 0.176788 0.2654
      vertex 0.10582 0.179077 0
      vertex 0.10582 0.179077 0.2654
    endloop
  endfacet
  facet normal 0.940893 -0.338705 0
    outer loop
      vertex 0.10582 0.179077 0
      vertex 0.104996 0.176788 0.2654
      vertex 0.104996 0.176788 0
    endloop
  endfacet
  facet normal 0.959826 -0.280596 0
    outer loop
      vertex 0.104309 0.174438 0.2654
      vertex 0.104996 0.176788 0
      vertex 0.104996 0.176788 0.2654
    endloop
  endfacet
  facet normal 0.959826 -0.280596 0
    outer loop
      vertex 0.104996 0.176788 0
      vertex 0.104309 0.174438 0.2654
      vertex 0.104309 0.174438 0
    endloop
  endfacet
  facet normal 0.975741 -0.218927 0
    outer loop
      vertex 0.103775 0.172058 0.2654
      vertex 0.104309 0.174438 0
      vertex 0.104309 0.174438 0.2654
    endloop
  endfacet
  facet normal 0.975741 -0.218927 0
    outer loop
      vertex 0.104309 0.174438 0
      vertex 0.103775 0.172058 0.2654
      vertex 0.103775 0.172058 0
    endloop
  endfacet
  facet normal 0.987592 -0.157042 0
    outer loop
      vertex 0.103394 0.169662 0.2654
      vertex 0.103775 0.172058 0
      vertex 0.103775 0.172058 0.2654
    endloop
  endfacet
  facet normal 0.987592 -0.157042 0
    outer loop
      vertex 0.103775 0.172058 0
      vertex 0.103394 0.169662 0.2654
      vertex 0.103394 0.169662 0
    endloop
  endfacet
  facet normal 0.995628 -0.0934039 0
    outer loop
      vertex 0.103165 0.167221 0.2654
      vertex 0.103394 0.169662 0
      vertex 0.103394 0.169662 0.2654
    endloop
  endfacet
  facet normal 0.995628 -0.0934039 0
    outer loop
      vertex 0.103394 0.169662 0
      vertex 0.103165 0.167221 0.2654
      vertex 0.103165 0.167221 0
    endloop
  endfacet
  facet normal 0.999497 -0.0317235 0
    outer loop
      vertex 0.103088 0.164795 0.2654
      vertex 0.103165 0.167221 0
      vertex 0.103165 0.167221 0.2654
    endloop
  endfacet
  facet normal 0.999497 -0.0317235 0
    outer loop
      vertex 0.103165 0.167221 0
      vertex 0.103088 0.164795 0.2654
      vertex 0.103088 0.164795 0
    endloop
  endfacet
  facet normal 0.999503 0.0315288 0
    outer loop
      vertex 0.103165 0.162354 0.2654
      vertex 0.103088 0.164795 0
      vertex 0.103088 0.164795 0.2654
    endloop
  endfacet
  facet normal 0.999503 0.0315288 0
    outer loop
      vertex 0.103088 0.164795 0
      vertex 0.103165 0.162354 0.2654
      vertex 0.103165 0.162354 0
    endloop
  endfacet
  facet normal 0.995578 0.0939379 0
    outer loop
      vertex 0.103394 0.159927 0.2654
      vertex 0.103165 0.162354 0
      vertex 0.103165 0.162354 0.2654
    endloop
  endfacet
  facet normal 0.995578 0.0939379 0
    outer loop
      vertex 0.103165 0.162354 0
      vertex 0.103394 0.159927 0.2654
      vertex 0.103394 0.159927 0
    endloop
  endfacet
  facet normal 0.987743 0.156089 0
    outer loop
      vertex 0.103775 0.157516 0.2654
      vertex 0.103394 0.159927 0
      vertex 0.103394 0.159927 0.2654
    endloop
  endfacet
  facet normal 0.987743 0.156089 0
    outer loop
      vertex 0.103394 0.159927 0
      vertex 0.103775 0.157516 0.2654
      vertex 0.103775 0.157516 0
    endloop
  endfacet
  facet normal 0.975741 0.218927 0
    outer loop
      vertex 0.104309 0.155136 0.2654
      vertex 0.103775 0.157516 0
      vertex 0.103775 0.157516 0.2654
    endloop
  endfacet
  facet normal 0.975741 0.218927 0
    outer loop
      vertex 0.103775 0.157516 0
      vertex 0.104309 0.155136 0.2654
      vertex 0.104309 0.155136 0
    endloop
  endfacet
  facet normal 0.959307 0.282367 0
    outer loop
      vertex 0.104996 0.152802 0.2654
      vertex 0.104309 0.155136 0
      vertex 0.104309 0.155136 0.2654
    endloop
  endfacet
  facet normal 0.959307 0.282367 0
    outer loop
      vertex 0.104309 0.155136 0
      vertex 0.104996 0.152802 0.2654
      vertex 0.104996 0.152802 0
    endloop
  endfacet
  facet normal 0.940893 0.338705 0
    outer loop
      vertex 0.10582 0.150513 0.2654
      vertex 0.104996 0.152802 0
      vertex 0.104996 0.152802 0.2654
    endloop
  endfacet
  facet normal 0.940893 0.338705 0
    outer loop
      vertex 0.104996 0.152802 0
      vertex 0.10582 0.150513 0.2654
      vertex 0.10582 0.150513 0
    endloop
  endfacet
  facet normal 0.919187 0.39382 0
    outer loop
      vertex 0.106781 0.14827 0.2654
      vertex 0.10582 0.150513 0
      vertex 0.10582 0.150513 0.2654
    endloop
  endfacet
  facet normal 0.919187 0.39382 0
    outer loop
      vertex 0.10582 0.150513 0
      vertex 0.106781 0.14827 0.2654
      vertex 0.106781 0.14827 0
    endloop
  endfacet
  facet normal 0.889364 0.4572 0
    outer loop
      vertex 0.107895 0.146103 0.2654
      vertex 0.106781 0.14827 0
      vertex 0.106781 0.14827 0.2654
    endloop
  endfacet
  facet normal 0.889364 0.4572 0
    outer loop
      vertex 0.106781 0.14827 0
      vertex 0.107895 0.146103 0.2654
      vertex 0.107895 0.146103 0
    endloop
  endfacet
  facet normal 0.862439 0.506161 0
    outer loop
      vertex 0.109131 0.143997 0.2654
      vertex 0.107895 0.146103 0
      vertex 0.107895 0.146103 0.2654
    endloop
  endfacet
  facet normal 0.862439 0.506161 0
    outer loop
      vertex 0.107895 0.146103 0
      vertex 0.109131 0.143997 0.2654
      vertex 0.109131 0.143997 0
    endloop
  endfacet
  facet normal 0.826262 0.563286 0
    outer loop
      vertex 0.110504 0.141983 0.2654
      vertex 0.109131 0.143997 0
      vertex 0.109131 0.143997 0.2654
    endloop
  endfacet
  facet normal 0.826262 0.563286 0
    outer loop
      vertex 0.109131 0.143997 0
      vertex 0.110504 0.141983 0.2654
      vertex 0.110504 0.141983 0
    endloop
  endfacet
  facet normal 0.789286 0.614026 0
    outer loop
      vertex 0.112 0.14006 0.2654
      vertex 0.110504 0.141983 0
      vertex 0.110504 0.141983 0.2654
    endloop
  endfacet
  facet normal 0.789286 0.614026 0
    outer loop
      vertex 0.110504 0.141983 0
      vertex 0.112 0.14006 0.2654
      vertex 0.112 0.14006 0
    endloop
  endfacet
  facet normal 0.752602 0.658476 0
    outer loop
      vertex 0.113602 0.138229 0.2654
      vertex 0.112 0.14006 0
      vertex 0.112 0.14006 0.2654
    endloop
  endfacet
  facet normal 0.752602 0.658476 0
    outer loop
      vertex 0.112 0.14006 0
      vertex 0.113602 0.138229 0.2654
      vertex 0.113602 0.138229 0
    endloop
  endfacet
  facet normal 0.707107 0.707107 0
    outer loop
      vertex 0.115326 0.136505 0.2654
      vertex 0.113602 0.138229 0
      vertex 0.113602 0.138229 0.2654
    endloop
  endfacet
  facet normal 0.707107 0.707107 0
    outer loop
      vertex 0.113602 0.138229 0
      vertex 0.115326 0.136505 0.2654
      vertex 0.115326 0.136505 0
    endloop
  endfacet
  facet normal 0.658476 0.752602 -0
    outer loop
      vertex 0.117157 0.134903 0
      vertex 0.115326 0.136505 0.2654
      vertex 0.117157 0.134903 0.2654
    endloop
  endfacet
  facet normal 0.658476 0.752602 0
    outer loop
      vertex 0.115326 0.136505 0.2654
      vertex 0.117157 0.134903 0
      vertex 0.115326 0.136505 0
    endloop
  endfacet
  facet normal 0.61377 0.789485 -0
    outer loop
      vertex 0.11908 0.133408 0
      vertex 0.117157 0.134903 0.2654
      vertex 0.11908 0.133408 0.2654
    endloop
  endfacet
  facet normal 0.61377 0.789485 0
    outer loop
      vertex 0.117157 0.134903 0.2654
      vertex 0.11908 0.133408 0
      vertex 0.117157 0.134903 0
    endloop
  endfacet
  facet normal 0.560713 0.82801 -0
    outer loop
      vertex 0.121109 0.132034 0
      vertex 0.11908 0.133408 0.2654
      vertex 0.121109 0.132034 0.2654
    endloop
  endfacet
  facet normal 0.560713 0.82801 0
    outer loop
      vertex 0.11908 0.133408 0.2654
      vertex 0.121109 0.132034 0
      vertex 0.11908 0.133408 0
    endloop
  endfacet
  facet normal 0.509035 0.860746 -0
    outer loop
      vertex 0.123199 0.130798 0
      vertex 0.121109 0.132034 0.2654
      vertex 0.123199 0.130798 0.2654
    endloop
  endfacet
  facet normal 0.509035 0.860746 0
    outer loop
      vertex 0.121109 0.132034 0.2654
      vertex 0.123199 0.130798 0
      vertex 0.121109 0.132034 0
    endloop
  endfacet
  facet normal 0.4572 0.889364 -0
    outer loop
      vertex 0.125366 0.129684 0
      vertex 0.123199 0.130798 0.2654
      vertex 0.125366 0.129684 0.2654
    endloop
  endfacet
  facet normal 0.4572 0.889364 0
    outer loop
      vertex 0.123199 0.130798 0.2654
      vertex 0.125366 0.129684 0
      vertex 0.123199 0.130798 0
    endloop
  endfacet
  facet normal 0.39382 0.919187 -0
    outer loop
      vertex 0.127609 0.128723 0
      vertex 0.125366 0.129684 0.2654
      vertex 0.127609 0.128723 0.2654
    endloop
  endfacet
  facet normal 0.39382 0.919187 0
    outer loop
      vertex 0.125366 0.129684 0.2654
      vertex 0.127609 0.128723 0
      vertex 0.125366 0.129684 0
    endloop
  endfacet
  facet normal 0.344146 0.938916 -0
    outer loop
      vertex 0.129898 0.127884 0
      vertex 0.127609 0.128723 0.2654
      vertex 0.129898 0.127884 0.2654
    endloop
  endfacet
  facet normal 0.344146 0.938916 0
    outer loop
      vertex 0.127609 0.128723 0.2654
      vertex 0.129898 0.127884 0
      vertex 0.127609 0.128723 0
    endloop
  endfacet
  facet normal 0.274559 0.96157 -0
    outer loop
      vertex 0.132248 0.127213 0
      vertex 0.129898 0.127884 0.2654
      vertex 0.132248 0.127213 0.2654
    endloop
  endfacet
  facet normal 0.274559 0.96157 0
    outer loop
      vertex 0.129898 0.127884 0.2654
      vertex 0.132248 0.127213 0
      vertex 0.129898 0.127884 0
    endloop
  endfacet
  facet normal 0.219317 0.975654 -0
    outer loop
      vertex 0.134628 0.126678 0
      vertex 0.132248 0.127213 0.2654
      vertex 0.134628 0.126678 0.2654
    endloop
  endfacet
  facet normal 0.219317 0.975654 0
    outer loop
      vertex 0.132248 0.127213 0.2654
      vertex 0.134628 0.126678 0
      vertex 0.132248 0.127213 0
    endloop
  endfacet
  facet normal 0.157042 0.987592 -0
    outer loop
      vertex 0.137024 0.126297 0
      vertex 0.134628 0.126678 0.2654
      vertex 0.137024 0.126297 0.2654
    endloop
  endfacet
  facet normal 0.157042 0.987592 0
    outer loop
      vertex 0.134628 0.126678 0.2654
      vertex 0.137024 0.126297 0
      vertex 0.134628 0.126678 0
    endloop
  endfacet
  facet normal 0.0939763 0.995574 -0
    outer loop
      vertex 0.13945 0.126068 0
      vertex 0.137024 0.126297 0.2654
      vertex 0.13945 0.126068 0.2654
    endloop
  endfacet
  facet normal 0.0939763 0.995574 0
    outer loop
      vertex 0.137024 0.126297 0.2654
      vertex 0.13945 0.126068 0
      vertex 0.137024 0.126297 0
    endloop
  endfacet
  facet normal 0.0311197 0.999516 -0
    outer loop
      vertex 0.141891 0.125992 0
      vertex 0.13945 0.126068 0.2654
      vertex 0.141891 0.125992 0.2654
    endloop
  endfacet
  facet normal 0.0311197 0.999516 0
    outer loop
      vertex 0.13945 0.126068 0.2654
      vertex 0.141891 0.125992 0
      vertex 0.13945 0.126068 0
    endloop
  endfacet
  facet normal -0.031107 0.999516 0
    outer loop
      vertex 0.144333 0.126068 0
      vertex 0.141891 0.125992 0.2654
      vertex 0.144333 0.126068 0.2654
    endloop
  endfacet
  facet normal -0.031107 0.999516 0
    outer loop
      vertex 0.141891 0.125992 0.2654
      vertex 0.144333 0.126068 0
      vertex 0.141891 0.125992 0
    endloop
  endfacet
endsolid OpenSCAD_Model
