solid OpenSCAD_Model
  facet normal 0 0 -1
    outer loop
      vertex -55 -1.79999 0
      vertex -46.8 1.79999 0
      vertex -46.8 -1.79999 0
    endloop
  endfacet
  facet normal -0 0 -1
    outer loop
      vertex -46.8 1.79999 0
      vertex -55 -1.79999 0
      vertex -55 1.79999 0
    endloop
  endfacet
  facet normal -0 0 -1
    outer loop
      vertex -42.6859 2.17238 0
      vertex -46.8 1.79999 0
      vertex -45.1427 5.14688 0
    endloop
  endfacet
  facet normal 0 0 -1
    outer loop
      vertex -55 14.6218 0
      vertex -45.1427 5.14688 0
      vertex -46.8 1.79999 0
    endloop
  endfacet
  facet normal 0 0 -1
    outer loop
      vertex -45.1427 5.14688 0
      vertex -55 14.6218 0
      vertex -53.3628 18 0
    endloop
  endfacet
  facet normal 0 0 -1
    outer loop
      vertex -35.1581 10.4655 0
      vertex -34.1372 18 0
      vertex -31.8 15.7163 0
    endloop
  endfacet
  facet normal 0 0 -1
    outer loop
      vertex -36 7.03 0
      vertex -35.1581 10.4655 0
      vertex -35.4484 7.00832 0
    endloop
  endfacet
  facet normal 0 0 -1
    outer loop
      vertex -36.5516 7.00832 0
      vertex -35.1581 10.4655 0
      vertex -36 7.03 0
    endloop
  endfacet
  facet normal 0 0 -1
    outer loop
      vertex -35.1581 10.4655 0
      vertex -36.5516 7.00832 0
      vertex -39.2679 9.97752 0
    endloop
  endfacet
  facet normal 0 0 -1
    outer loop
      vertex -39.2679 9.97752 0
      vertex -36.5516 7.00832 0
      vertex -37.0997 6.94344 0
    endloop
  endfacet
  facet normal 0 0 -1
    outer loop
      vertex -39.2679 9.97752 0
      vertex -37.0997 6.94344 0
      vertex -37.6411 6.83575 0
    endloop
  endfacet
  facet normal 0 0 -1
    outer loop
      vertex -39.2679 9.97752 0
      vertex -37.6411 6.83575 0
      vertex -38.1724 6.68591 0
    endloop
  endfacet
  facet normal 0 0 -1
    outer loop
      vertex -39.2679 9.97752 0
      vertex -38.1724 6.68591 0
      vertex -38.6903 6.49487 0
    endloop
  endfacet
  facet normal 0 0 -1
    outer loop
      vertex -40.0182 9.70073 0
      vertex -38.6903 6.49487 0
      vertex -39.1915 6.26376 0
    endloop
  endfacet
  facet normal -0 0 -1
    outer loop
      vertex -35.1581 10.4655 0
      vertex -39.2679 9.97752 0
      vertex -34.1372 18 0
    endloop
  endfacet
  facet normal 0 0 -1
    outer loop
      vertex -40.7669 9.35556 0
      vertex -39.1915 6.26376 0
      vertex -39.6732 5.99405 0
    endloop
  endfacet
  facet normal 0 0 -1
    outer loop
      vertex -38.6903 6.49487 0
      vertex -40.0182 9.70073 0
      vertex -39.2679 9.97752 0
    endloop
  endfacet
  facet normal 0 0 -1
    outer loop
      vertex -41.4862 8.95271 0
      vertex -39.6732 5.99405 0
      vertex -40.1321 5.68738 0
    endloop
  endfacet
  facet normal 0 0 -1
    outer loop
      vertex -42.1717 8.49467 0
      vertex -40.1321 5.68738 0
      vertex -40.5656 5.34564 0
    endloop
  endfacet
  facet normal 0 0 -1
    outer loop
      vertex -39.1915 6.26376 0
      vertex -40.7669 9.35556 0
      vertex -40.0182 9.70073 0
    endloop
  endfacet
  facet normal 0 0 -1
    outer loop
      vertex -42.8192 7.98425 0
      vertex -40.5656 5.34564 0
      vertex -40.9709 4.97095 0
    endloop
  endfacet
  facet normal 0 0 -1
    outer loop
      vertex -43.4246 7.42461 0
      vertex -40.9709 4.97095 0
      vertex -41.3456 4.56561 0
    endloop
  endfacet
  facet normal 0 0 -1
    outer loop
      vertex -39.6732 5.99405 0
      vertex -41.4862 8.95271 0
      vertex -40.7669 9.35556 0
    endloop
  endfacet
  facet normal 0 0 -1
    outer loop
      vertex -43.9843 6.8192 0
      vertex -41.3456 4.56561 0
      vertex -41.6874 4.13213 0
    endloop
  endfacet
  facet normal 0 0 -1
    outer loop
      vertex -44.4947 6.17174 0
      vertex -41.6874 4.13213 0
      vertex -41.994 3.67316 0
    endloop
  endfacet
  facet normal 0 0 -1
    outer loop
      vertex -40.1321 5.68738 0
      vertex -42.1717 8.49467 0
      vertex -41.4862 8.95271 0
    endloop
  endfacet
  facet normal 0 0 -1
    outer loop
      vertex -45.1427 5.14688 0
      vertex -41.994 3.67316 0
      vertex -42.2638 3.19154 0
    endloop
  endfacet
  facet normal 0 0 -1
    outer loop
      vertex -45.1427 5.14688 0
      vertex -42.2638 3.19154 0
      vertex -42.4949 2.69026 0
    endloop
  endfacet
  facet normal 0 0 -1
    outer loop
      vertex -45.1427 5.14688 0
      vertex -42.4949 2.69026 0
      vertex -42.6859 2.17238 0
    endloop
  endfacet
  facet normal 0 0 -1
    outer loop
      vertex -40.5656 5.34564 0
      vertex -42.8192 7.98425 0
      vertex -42.1717 8.49467 0
    endloop
  endfacet
  facet normal 0 0 -1
    outer loop
      vertex -46.8 1.79999 0
      vertex -42.6859 2.17238 0
      vertex -42.8358 1.64111 0
    endloop
  endfacet
  facet normal 0 0 -1
    outer loop
      vertex -46.8 1.79999 0
      vertex -42.8358 1.64111 0
      vertex -42.9434 1.09973 0
    endloop
  endfacet
  facet normal 0 0 -1
    outer loop
      vertex -43.03 0 0
      vertex -46.8 1.79999 0
      vertex -43.0083 0.551559 0
    endloop
  endfacet
  facet normal 0 0 -1
    outer loop
      vertex -46.8 1.79999 0
      vertex -43.03 0 0
      vertex -46.8 -1.79999 0
    endloop
  endfacet
  facet normal 0 0 -1
    outer loop
      vertex -46.8 -1.79999 0
      vertex -42.6859 -2.17238 0
      vertex -45.1427 -5.14688 0
    endloop
  endfacet
  facet normal 0 0 -1
    outer loop
      vertex -40.9709 4.97095 0
      vertex -43.4246 7.42461 0
      vertex -42.8192 7.98425 0
    endloop
  endfacet
  facet normal 0 0 -1
    outer loop
      vertex -42.6859 -2.17238 0
      vertex -46.8 -1.79999 0
      vertex -42.8358 -1.64111 0
    endloop
  endfacet
  facet normal 0 0 -1
    outer loop
      vertex -41.3456 4.56561 0
      vertex -43.9843 6.8192 0
      vertex -43.4246 7.42461 0
    endloop
  endfacet
  facet normal -0 0 -1
    outer loop
      vertex -42.8358 -1.64111 0
      vertex -46.8 -1.79999 0
      vertex -42.9434 -1.09973 0
    endloop
  endfacet
  facet normal 0 0 -1
    outer loop
      vertex -41.6874 4.13213 0
      vertex -44.4947 6.17174 0
      vertex -43.9843 6.8192 0
    endloop
  endfacet
  facet normal -0 0 -1
    outer loop
      vertex -42.9434 -1.09973 0
      vertex -46.8 -1.79999 0
      vertex -43.0083 -0.551559 0
    endloop
  endfacet
  facet normal -0 0 -1
    outer loop
      vertex -43.0083 -0.551559 0
      vertex -46.8 -1.79999 0
      vertex -43.03 0 0
    endloop
  endfacet
  facet normal 0 0 -1
    outer loop
      vertex -41.994 3.67316 0
      vertex -45.1427 5.14688 0
      vertex -44.9527 5.48622 0
    endloop
  endfacet
  facet normal 0 0 -1
    outer loop
      vertex -41.994 3.67316 0
      vertex -44.9527 5.48622 0
      vertex -44.4947 6.17174 0
    endloop
  endfacet
  facet normal 0 0 -1
    outer loop
      vertex -43.0083 0.551559 0
      vertex -46.8 1.79999 0
      vertex -42.9434 1.09973 0
    endloop
  endfacet
  facet normal 0 0 -1
    outer loop
      vertex -55 -14.6218 0
      vertex -45.1427 -5.14688 0
      vertex -53.3628 -18 0
    endloop
  endfacet
  facet normal -0 0 -1
    outer loop
      vertex -45.1427 -5.14688 0
      vertex -55 -14.6218 0
      vertex -46.8 -1.79999 0
    endloop
  endfacet
  facet normal -0 0 -1
    outer loop
      vertex -28.2 7.01852 0
      vertex -31.8679 5.68738 0
      vertex -31.8 9.61691 0
    endloop
  endfacet
  facet normal 0 0 -1
    outer loop
      vertex -32.3268 5.99405 0
      vertex -31.8 9.61691 0
      vertex -31.8679 5.68738 0
    endloop
  endfacet
  facet normal 0 0 -1
    outer loop
      vertex -32.8084 6.26376 0
      vertex -31.8 9.61691 0
      vertex -32.3268 5.99405 0
    endloop
  endfacet
  facet normal 0 0 -1
    outer loop
      vertex -33.3097 6.49487 0
      vertex -31.8 9.61691 0
      vertex -32.8084 6.26376 0
    endloop
  endfacet
  facet normal -0 0 -1
    outer loop
      vertex -31.8 9.61691 0
      vertex -33.3097 6.49487 0
      vertex -31.9818 9.70073 0
    endloop
  endfacet
  facet normal -0 0 -1
    outer loop
      vertex -31.9818 9.70073 0
      vertex -33.3097 6.49487 0
      vertex -32.7553 9.98608 0
    endloop
  endfacet
  facet normal 0 0 -1
    outer loop
      vertex -33.8276 6.68591 0
      vertex -32.7553 9.98608 0
      vertex -33.3097 6.49487 0
    endloop
  endfacet
  facet normal -0 0 -1
    outer loop
      vertex -32.7553 9.98608 0
      vertex -33.8276 6.68591 0
      vertex -33.5488 10.2099 0
    endloop
  endfacet
  facet normal 0 0 -1
    outer loop
      vertex -34.3589 6.83575 0
      vertex -33.5488 10.2099 0
      vertex -33.8276 6.68591 0
    endloop
  endfacet
  facet normal -0 0 -1
    outer loop
      vertex -33.5488 10.2099 0
      vertex -34.3589 6.83575 0
      vertex -34.3574 10.3707 0
    endloop
  endfacet
  facet normal 0 0 -1
    outer loop
      vertex -34.9003 6.94344 0
      vertex -34.3574 10.3707 0
      vertex -34.3589 6.83575 0
    endloop
  endfacet
  facet normal 0 0 -1
    outer loop
      vertex -34.9003 6.94344 0
      vertex -35.1581 10.4655 0
      vertex -34.3574 10.3707 0
    endloop
  endfacet
  facet normal 0 -0 -1
    outer loop
      vertex -35.1581 10.4655 0
      vertex -34.9003 6.94344 0
      vertex -35.4484 7.00832 0
    endloop
  endfacet
  facet normal 0 0 -1
    outer loop
      vertex -31.8679 -5.68738 0
      vertex -28.2 -7.01852 0
      vertex -31.8 -9.61691 0
    endloop
  endfacet
  facet normal 0 0 -1
    outer loop
      vertex -28.2 -7.01852 0
      vertex -31.8679 -5.68738 0
      vertex -31.4344 -5.34564 0
    endloop
  endfacet
  facet normal 0 0 -1
    outer loop
      vertex -33.3097 -6.49487 0
      vertex -31.8 -9.61691 0
      vertex -31.9818 -9.70073 0
    endloop
  endfacet
  facet normal 0 0 -1
    outer loop
      vertex -31.8 -9.61691 0
      vertex -32.3268 -5.99405 0
      vertex -31.8679 -5.68738 0
    endloop
  endfacet
  facet normal 0 0 -1
    outer loop
      vertex -33.3097 -6.49487 0
      vertex -31.9818 -9.70073 0
      vertex -32.7553 -9.98608 0
    endloop
  endfacet
  facet normal 0 0 -1
    outer loop
      vertex -31.8 -9.61691 0
      vertex -32.8084 -6.26376 0
      vertex -32.3268 -5.99405 0
    endloop
  endfacet
  facet normal 0 0 -1
    outer loop
      vertex -31.8 -9.61691 0
      vertex -33.3097 -6.49487 0
      vertex -32.8084 -6.26376 0
    endloop
  endfacet
  facet normal 0 0 -1
    outer loop
      vertex -33.8276 -6.68591 0
      vertex -32.7553 -9.98608 0
      vertex -33.5488 -10.2099 0
    endloop
  endfacet
  facet normal 0 0 -1
    outer loop
      vertex -32.7553 -9.98608 0
      vertex -33.8276 -6.68591 0
      vertex -33.3097 -6.49487 0
    endloop
  endfacet
  facet normal 0 0 -1
    outer loop
      vertex -34.3589 -6.83575 0
      vertex -33.5488 -10.2099 0
      vertex -34.3574 -10.3707 0
    endloop
  endfacet
  facet normal 0 0 -1
    outer loop
      vertex -33.5488 -10.2099 0
      vertex -34.3589 -6.83575 0
      vertex -33.8276 -6.68591 0
    endloop
  endfacet
  facet normal 0 0 -1
    outer loop
      vertex -34.3574 -10.3707 0
      vertex -34.9003 -6.94344 0
      vertex -34.3589 -6.83575 0
    endloop
  endfacet
  facet normal 0 0 -1
    outer loop
      vertex -35.1581 -10.4655 0
      vertex -34.9003 -6.94344 0
      vertex -34.3574 -10.3707 0
    endloop
  endfacet
  facet normal 0 0 -1
    outer loop
      vertex -34.9003 -6.94344 0
      vertex -35.1581 -10.4655 0
      vertex -35.4484 -7.00832 0
    endloop
  endfacet
  facet normal 0 0 -1
    outer loop
      vertex -34.1372 -18 0
      vertex -35.1581 -10.4655 0
      vertex -31.8 -15.7163 0
    endloop
  endfacet
  facet normal 0 0 -1
    outer loop
      vertex -35.1581 -10.4655 0
      vertex -36 -7.03 0
      vertex -35.4484 -7.00832 0
    endloop
  endfacet
  facet normal 0 0 -1
    outer loop
      vertex -39.2679 -9.97752 0
      vertex -35.1581 -10.4655 0
      vertex -34.1372 -18 0
    endloop
  endfacet
  facet normal 0 -0 -1
    outer loop
      vertex -36.5516 -7.00832 0
      vertex -35.1581 -10.4655 0
      vertex -39.2679 -9.97752 0
    endloop
  endfacet
  facet normal 0 0 -1
    outer loop
      vertex -35.1581 -10.4655 0
      vertex -36.5516 -7.00832 0
      vertex -36 -7.03 0
    endloop
  endfacet
  facet normal -0 0 -1
    outer loop
      vertex -36.5516 -7.00832 0
      vertex -39.2679 -9.97752 0
      vertex -37.0997 -6.94344 0
    endloop
  endfacet
  facet normal -0 0 -1
    outer loop
      vertex -37.0997 -6.94344 0
      vertex -39.2679 -9.97752 0
      vertex -37.6411 -6.83575 0
    endloop
  endfacet
  facet normal -0 0 -1
    outer loop
      vertex -37.6411 -6.83575 0
      vertex -39.2679 -9.97752 0
      vertex -38.1724 -6.68591 0
    endloop
  endfacet
  facet normal -0 0 -1
    outer loop
      vertex -38.1724 -6.68591 0
      vertex -39.2679 -9.97752 0
      vertex -38.6903 -6.49487 0
    endloop
  endfacet
  facet normal 0 0 -1
    outer loop
      vertex -40.0182 -9.70073 0
      vertex -38.6903 -6.49487 0
      vertex -39.2679 -9.97752 0
    endloop
  endfacet
  facet normal -0 0 -1
    outer loop
      vertex -38.6903 -6.49487 0
      vertex -40.0182 -9.70073 0
      vertex -39.1915 -6.26376 0
    endloop
  endfacet
  facet normal 0 0 -1
    outer loop
      vertex -40.7669 -9.35556 0
      vertex -39.1915 -6.26376 0
      vertex -40.0182 -9.70073 0
    endloop
  endfacet
  facet normal -0 0 -1
    outer loop
      vertex -39.1915 -6.26376 0
      vertex -40.7669 -9.35556 0
      vertex -39.6732 -5.99405 0
    endloop
  endfacet
  facet normal 0 0 -1
    outer loop
      vertex -41.4862 -8.95271 0
      vertex -39.6732 -5.99405 0
      vertex -40.7669 -9.35556 0
    endloop
  endfacet
  facet normal -0 0 -1
    outer loop
      vertex -39.6732 -5.99405 0
      vertex -41.4862 -8.95271 0
      vertex -40.1321 -5.68738 0
    endloop
  endfacet
  facet normal 0 0 -1
    outer loop
      vertex -42.1717 -8.49467 0
      vertex -40.1321 -5.68738 0
      vertex -41.4862 -8.95271 0
    endloop
  endfacet
  facet normal -0 0 -1
    outer loop
      vertex -40.1321 -5.68738 0
      vertex -42.1717 -8.49467 0
      vertex -40.5656 -5.34564 0
    endloop
  endfacet
  facet normal 0 0 -1
    outer loop
      vertex -42.8192 -7.98425 0
      vertex -40.5656 -5.34564 0
      vertex -42.1717 -8.49467 0
    endloop
  endfacet
  facet normal -0 0 -1
    outer loop
      vertex -40.5656 -5.34564 0
      vertex -42.8192 -7.98425 0
      vertex -40.9709 -4.97095 0
    endloop
  endfacet
  facet normal 0 0 -1
    outer loop
      vertex -43.4246 -7.42461 0
      vertex -40.9709 -4.97095 0
      vertex -42.8192 -7.98425 0
    endloop
  endfacet
  facet normal -0 0 -1
    outer loop
      vertex -40.9709 -4.97095 0
      vertex -43.4246 -7.42461 0
      vertex -41.3456 -4.56561 0
    endloop
  endfacet
  facet normal 0 0 -1
    outer loop
      vertex -43.9843 -6.8192 0
      vertex -41.3456 -4.56561 0
      vertex -43.4246 -7.42461 0
    endloop
  endfacet
  facet normal -0 0 -1
    outer loop
      vertex -41.3456 -4.56561 0
      vertex -43.9843 -6.8192 0
      vertex -41.6874 -4.13213 0
    endloop
  endfacet
  facet normal 0 0 -1
    outer loop
      vertex -44.4947 -6.17174 0
      vertex -41.6874 -4.13213 0
      vertex -43.9843 -6.8192 0
    endloop
  endfacet
  facet normal -0 0 -1
    outer loop
      vertex -41.6874 -4.13213 0
      vertex -44.4947 -6.17174 0
      vertex -41.994 -3.67316 0
    endloop
  endfacet
  facet normal 0 0 -1
    outer loop
      vertex -44.9527 -5.48622 0
      vertex -41.994 -3.67316 0
      vertex -44.4947 -6.17174 0
    endloop
  endfacet
  facet normal 0 0 -1
    outer loop
      vertex -45.1427 -5.14688 0
      vertex -41.994 -3.67316 0
      vertex -44.9527 -5.48622 0
    endloop
  endfacet
  facet normal -0 0 -1
    outer loop
      vertex -41.994 -3.67316 0
      vertex -45.1427 -5.14688 0
      vertex -42.2638 -3.19154 0
    endloop
  endfacet
  facet normal -0 0 -1
    outer loop
      vertex -42.2638 -3.19154 0
      vertex -45.1427 -5.14688 0
      vertex -42.4949 -2.69026 0
    endloop
  endfacet
  facet normal -0 0 -1
    outer loop
      vertex -42.4949 -2.69026 0
      vertex -45.1427 -5.14688 0
      vertex -42.6859 -2.17238 0
    endloop
  endfacet
  facet normal 0 0 -1
    outer loop
      vertex -25.6606 -1.79999 0
      vertex -18.2064 1.79999 0
      vertex -18.2064 -1.79999 0
    endloop
  endfacet
  facet normal 0 0 -1
    outer loop
      vertex -25.6606 -1.79999 0
      vertex -25.6606 1.79999 0
      vertex -18.2064 1.79999 0
    endloop
  endfacet
  facet normal 0 0 -1
    outer loop
      vertex -29.1642 -1.64111 0
      vertex -25.6606 -1.79999 0
      vertex -25.7901 -2.45117 0
    endloop
  endfacet
  facet normal 0 0 -1
    outer loop
      vertex -25.6606 -1.79999 0
      vertex -28.97 0 0
      vertex -25.6606 1.79999 0
    endloop
  endfacet
  facet normal 0 0 -1
    outer loop
      vertex -29.1642 -1.64111 0
      vertex -25.7901 -2.45117 0
      vertex -26.0139 -3.24467 0
    endloop
  endfacet
  facet normal 0 0 -1
    outer loop
      vertex -28.9917 0.551559 0
      vertex -25.6606 1.79999 0
      vertex -28.97 0 0
    endloop
  endfacet
  facet normal 0 0 -1
    outer loop
      vertex -29.3141 -2.17238 0
      vertex -26.0139 -3.24467 0
      vertex -26.2993 -4.01817 0
    endloop
  endfacet
  facet normal 0 0 -1
    outer loop
      vertex -29.0565 1.09973 0
      vertex -25.6606 1.79999 0
      vertex -28.9917 0.551559 0
    endloop
  endfacet
  facet normal 0 0 -1
    outer loop
      vertex -29.5051 -2.69026 0
      vertex -26.2993 -4.01817 0
      vertex -26.6444 -4.76689 0
    endloop
  endfacet
  facet normal 0 0 -1
    outer loop
      vertex -29.1642 1.64111 0
      vertex -25.6606 1.79999 0
      vertex -29.0565 1.09973 0
    endloop
  endfacet
  facet normal 0 0 -1
    outer loop
      vertex -29.7362 -3.19154 0
      vertex -26.6444 -4.76689 0
      vertex -27.0473 -5.48622 0
    endloop
  endfacet
  facet normal -0 0 -1
    outer loop
      vertex -25.6606 1.79999 0
      vertex -29.1642 1.64111 0
      vertex -25.7901 2.45117 0
    endloop
  endfacet
  facet normal 0 0 -1
    outer loop
      vertex -30.0059 -3.67316 0
      vertex -27.0473 -5.48622 0
      vertex -27.5053 -6.17174 0
    endloop
  endfacet
  facet normal -0 0 -1
    outer loop
      vertex -25.7901 2.45117 0
      vertex -29.1642 1.64111 0
      vertex -26.0139 3.24467 0
    endloop
  endfacet
  facet normal 0 0 -1
    outer loop
      vertex -30.3126 -4.13213 0
      vertex -27.5053 -6.17174 0
      vertex -28.0157 -6.8192 0
    endloop
  endfacet
  facet normal 0 0 -1
    outer loop
      vertex -29.3141 2.17238 0
      vertex -26.0139 3.24467 0
      vertex -29.1642 1.64111 0
    endloop
  endfacet
  facet normal 0 0 -1
    outer loop
      vertex -30.6543 -4.56561 0
      vertex -28.0157 -6.8192 0
      vertex -28.2 -7.01852 0
    endloop
  endfacet
  facet normal -0 0 -1
    outer loop
      vertex -26.0139 3.24467 0
      vertex -29.3141 2.17238 0
      vertex -26.2993 4.01817 0
    endloop
  endfacet
  facet normal 0 0 -1
    outer loop
      vertex -18.2064 1.79999 0
      vertex -15 2.79579 0
      vertex -18.2064 -1.79999 0
    endloop
  endfacet
  facet normal 0 0 -1
    outer loop
      vertex -18.2064 1.79999 0
      vertex -25.6076 18 0
      vertex -15 2.79579 0
    endloop
  endfacet
  facet normal 0 -0 -1
    outer loop
      vertex -25.6076 18 0
      vertex -18.2064 1.79999 0
      vertex -28.2 16.1242 0
    endloop
  endfacet
  facet normal 0 0 -1
    outer loop
      vertex -11.7936 1.79999 0
      vertex -4.39241 18 0
      vertex -1.79999 16.1242 0
    endloop
  endfacet
  facet normal 0 0 -1
    outer loop
      vertex -15 2.79579 0
      vertex -11.7936 1.79999 0
      vertex -15 -2.79579 0
    endloop
  endfacet
  facet normal 0 0 -1
    outer loop
      vertex -11.7936 1.79999 0
      vertex -15 2.79579 0
      vertex -4.39241 18 0
    endloop
  endfacet
  facet normal 0 0 -1
    outer loop
      vertex -15 -2.79579 0
      vertex -18.2064 -1.79999 0
      vertex -15 2.79579 0
    endloop
  endfacet
  facet normal 0 0 -1
    outer loop
      vertex -25.6076 -18 0
      vertex -18.2064 -1.79999 0
      vertex -15 -2.79579 0
    endloop
  endfacet
  facet normal 0 0 -1
    outer loop
      vertex -18.2064 -1.79999 0
      vertex -25.6076 -18 0
      vertex -28.2 -16.1242 0
    endloop
  endfacet
  facet normal 0 0 -1
    outer loop
      vertex -2.45117 10.2099 0
      vertex -1.64111 6.83575 0
      vertex -2.17238 6.68591 0
    endloop
  endfacet
  facet normal 0 0 -1
    outer loop
      vertex -1.64111 6.83575 0
      vertex -2.45117 10.2099 0
      vertex -1.79999 10.3394 0
    endloop
  endfacet
  facet normal 0 0 -1
    outer loop
      vertex -3.24467 9.98608 0
      vertex -2.17238 6.68591 0
      vertex -2.69026 6.49487 0
    endloop
  endfacet
  facet normal 0 0 -1
    outer loop
      vertex -4.01817 9.70073 0
      vertex -2.69026 6.49487 0
      vertex -3.19154 6.26376 0
    endloop
  endfacet
  facet normal 0 0 -1
    outer loop
      vertex -2.17238 6.68591 0
      vertex -3.24467 9.98608 0
      vertex -2.45117 10.2099 0
    endloop
  endfacet
  facet normal 0 0 -1
    outer loop
      vertex -4.76689 9.35556 0
      vertex -3.19154 6.26376 0
      vertex -3.67316 5.99405 0
    endloop
  endfacet
  facet normal 0 0 -1
    outer loop
      vertex -2.69026 6.49487 0
      vertex -4.01817 9.70073 0
      vertex -3.24467 9.98608 0
    endloop
  endfacet
  facet normal 0 0 -1
    outer loop
      vertex -5.48622 8.95271 0
      vertex -3.67316 5.99405 0
      vertex -4.13213 5.68738 0
    endloop
  endfacet
  facet normal 0 0 -1
    outer loop
      vertex -6.17174 8.49467 0
      vertex -4.13213 5.68738 0
      vertex -4.56561 5.34564 0
    endloop
  endfacet
  facet normal 0 0 -1
    outer loop
      vertex -3.19154 6.26376 0
      vertex -4.76689 9.35556 0
      vertex -4.01817 9.70073 0
    endloop
  endfacet
  facet normal 0 0 -1
    outer loop
      vertex -6.8192 7.98425 0
      vertex -4.56561 5.34564 0
      vertex -4.97095 4.97095 0
    endloop
  endfacet
  facet normal 0 0 -1
    outer loop
      vertex -7.42461 7.42461 0
      vertex -4.97095 4.97095 0
      vertex -5.34564 4.56561 0
    endloop
  endfacet
  facet normal 0 0 -1
    outer loop
      vertex -3.67316 5.99405 0
      vertex -5.48622 8.95271 0
      vertex -4.76689 9.35556 0
    endloop
  endfacet
  facet normal 0 0 -1
    outer loop
      vertex -7.98425 6.8192 0
      vertex -5.34564 4.56561 0
      vertex -5.68738 4.13213 0
    endloop
  endfacet
  facet normal 0 0 -1
    outer loop
      vertex -8.49467 6.17174 0
      vertex -5.68738 4.13213 0
      vertex -5.99405 3.67316 0
    endloop
  endfacet
  facet normal 0 0 -1
    outer loop
      vertex -4.13213 5.68738 0
      vertex -6.17174 8.49467 0
      vertex -5.48622 8.95271 0
    endloop
  endfacet
  facet normal 0 0 -1
    outer loop
      vertex -8.95271 5.48622 0
      vertex -5.99405 3.67316 0
      vertex -6.26376 3.19154 0
    endloop
  endfacet
  facet normal 0 0 -1
    outer loop
      vertex -9.35556 4.76689 0
      vertex -6.26376 3.19154 0
      vertex -6.49487 2.69026 0
    endloop
  endfacet
  facet normal 0 0 -1
    outer loop
      vertex -9.70073 4.01817 0
      vertex -6.49487 2.69026 0
      vertex -6.68591 2.17238 0
    endloop
  endfacet
  facet normal 0 0 -1
    outer loop
      vertex -4.56561 5.34564 0
      vertex -6.8192 7.98425 0
      vertex -6.17174 8.49467 0
    endloop
  endfacet
  facet normal 0 0 -1
    outer loop
      vertex -9.98608 3.24467 0
      vertex -6.68591 2.17238 0
      vertex -6.83575 1.64111 0
    endloop
  endfacet
  facet normal 0 0 -1
    outer loop
      vertex -10.3394 1.79999 0
      vertex -6.83575 1.64111 0
      vertex -6.94344 1.09973 0
    endloop
  endfacet
  facet normal 0 0 -1
    outer loop
      vertex -10.3394 1.79999 0
      vertex -6.94344 1.09973 0
      vertex -7.00832 0.551559 0
    endloop
  endfacet
  facet normal 0 0 -1
    outer loop
      vertex -10.3394 1.79999 0
      vertex -7.00832 0.551559 0
      vertex -7.03 0 0
    endloop
  endfacet
  facet normal -0 0 -1
    outer loop
      vertex -6.49487 -2.69026 0
      vertex -9.70073 -4.01817 0
      vertex -6.68591 -2.17238 0
    endloop
  endfacet
  facet normal 0 0 -1
    outer loop
      vertex -4.97095 4.97095 0
      vertex -7.42461 7.42461 0
      vertex -6.8192 7.98425 0
    endloop
  endfacet
  facet normal 0 0 -1
    outer loop
      vertex -9.98608 -3.24467 0
      vertex -6.68591 -2.17238 0
      vertex -9.70073 -4.01817 0
    endloop
  endfacet
  facet normal 0 0 -1
    outer loop
      vertex -5.34564 4.56561 0
      vertex -7.98425 6.8192 0
      vertex -7.42461 7.42461 0
    endloop
  endfacet
  facet normal -0 0 -1
    outer loop
      vertex -6.68591 -2.17238 0
      vertex -9.98608 -3.24467 0
      vertex -6.83575 -1.64111 0
    endloop
  endfacet
  facet normal 0 0 -1
    outer loop
      vertex -5.68738 4.13213 0
      vertex -8.49467 6.17174 0
      vertex -7.98425 6.8192 0
    endloop
  endfacet
  facet normal 0 0 -1
    outer loop
      vertex -10.2099 -2.45117 0
      vertex -6.83575 -1.64111 0
      vertex -9.98608 -3.24467 0
    endloop
  endfacet
  facet normal 0 0 -1
    outer loop
      vertex -5.99405 3.67316 0
      vertex -8.95271 5.48622 0
      vertex -8.49467 6.17174 0
    endloop
  endfacet
  facet normal 0 0 -1
    outer loop
      vertex -10.3394 -1.79999 0
      vertex -6.83575 -1.64111 0
      vertex -10.2099 -2.45117 0
    endloop
  endfacet
  facet normal 0 0 -1
    outer loop
      vertex -6.26376 3.19154 0
      vertex -9.35556 4.76689 0
      vertex -8.95271 5.48622 0
    endloop
  endfacet
  facet normal -0 0 -1
    outer loop
      vertex -6.83575 -1.64111 0
      vertex -10.3394 -1.79999 0
      vertex -6.94344 -1.09973 0
    endloop
  endfacet
  facet normal 0 0 -1
    outer loop
      vertex -6.49487 2.69026 0
      vertex -9.70073 4.01817 0
      vertex -9.35556 4.76689 0
    endloop
  endfacet
  facet normal -0 0 -1
    outer loop
      vertex -6.94344 -1.09973 0
      vertex -10.3394 -1.79999 0
      vertex -7.00832 -0.551559 0
    endloop
  endfacet
  facet normal 0 0 -1
    outer loop
      vertex -6.68591 2.17238 0
      vertex -9.98608 3.24467 0
      vertex -9.70073 4.01817 0
    endloop
  endfacet
  facet normal -0 0 -1
    outer loop
      vertex -7.00832 -0.551559 0
      vertex -10.3394 -1.79999 0
      vertex -7.03 0 0
    endloop
  endfacet
  facet normal 0 0 -1
    outer loop
      vertex -6.83575 1.64111 0
      vertex -10.2099 2.45117 0
      vertex -9.98608 3.24467 0
    endloop
  endfacet
  facet normal 0 0 -1
    outer loop
      vertex -10.3394 1.79999 0
      vertex -7.03 0 0
      vertex -10.3394 -1.79999 0
    endloop
  endfacet
  facet normal 0 0 -1
    outer loop
      vertex -6.83575 1.64111 0
      vertex -10.3394 1.79999 0
      vertex -10.2099 2.45117 0
    endloop
  endfacet
  facet normal 0 0 -1
    outer loop
      vertex -11.7936 -1.79999 0
      vertex -10.3394 1.79999 0
      vertex -10.3394 -1.79999 0
    endloop
  endfacet
  facet normal -0 0 -1
    outer loop
      vertex -10.3394 1.79999 0
      vertex -11.7936 -1.79999 0
      vertex -11.7936 1.79999 0
    endloop
  endfacet
  facet normal -0 0 -1
    outer loop
      vertex -1.09973 -6.94344 0
      vertex -1.79999 -10.3394 0
      vertex -1.64111 -6.83575 0
    endloop
  endfacet
  facet normal 0 0 -1
    outer loop
      vertex -2.45117 -10.2099 0
      vertex -1.64111 -6.83575 0
      vertex -1.79999 -10.3394 0
    endloop
  endfacet
  facet normal -0 0 -1
    outer loop
      vertex -1.64111 -6.83575 0
      vertex -2.45117 -10.2099 0
      vertex -2.17238 -6.68591 0
    endloop
  endfacet
  facet normal 0 0 -1
    outer loop
      vertex -3.24467 -9.98608 0
      vertex -2.17238 -6.68591 0
      vertex -2.45117 -10.2099 0
    endloop
  endfacet
  facet normal -0 0 -1
    outer loop
      vertex -2.17238 -6.68591 0
      vertex -3.24467 -9.98608 0
      vertex -2.69026 -6.49487 0
    endloop
  endfacet
  facet normal 0 0 -1
    outer loop
      vertex -4.01817 -9.70073 0
      vertex -2.69026 -6.49487 0
      vertex -3.24467 -9.98608 0
    endloop
  endfacet
  facet normal -0 0 -1
    outer loop
      vertex -2.69026 -6.49487 0
      vertex -4.01817 -9.70073 0
      vertex -3.19154 -6.26376 0
    endloop
  endfacet
  facet normal 0 0 -1
    outer loop
      vertex -4.76689 -9.35556 0
      vertex -3.19154 -6.26376 0
      vertex -4.01817 -9.70073 0
    endloop
  endfacet
  facet normal -0 0 -1
    outer loop
      vertex -3.19154 -6.26376 0
      vertex -4.76689 -9.35556 0
      vertex -3.67316 -5.99405 0
    endloop
  endfacet
  facet normal 0 0 -1
    outer loop
      vertex -5.48622 -8.95271 0
      vertex -3.67316 -5.99405 0
      vertex -4.76689 -9.35556 0
    endloop
  endfacet
  facet normal -0 0 -1
    outer loop
      vertex -3.67316 -5.99405 0
      vertex -5.48622 -8.95271 0
      vertex -4.13213 -5.68738 0
    endloop
  endfacet
  facet normal 0 0 -1
    outer loop
      vertex -6.17174 -8.49467 0
      vertex -4.13213 -5.68738 0
      vertex -5.48622 -8.95271 0
    endloop
  endfacet
  facet normal -0 0 -1
    outer loop
      vertex -4.13213 -5.68738 0
      vertex -6.17174 -8.49467 0
      vertex -4.56561 -5.34564 0
    endloop
  endfacet
  facet normal 0 0 -1
    outer loop
      vertex -6.8192 -7.98425 0
      vertex -4.56561 -5.34564 0
      vertex -6.17174 -8.49467 0
    endloop
  endfacet
  facet normal -0 0 -1
    outer loop
      vertex -4.56561 -5.34564 0
      vertex -6.8192 -7.98425 0
      vertex -4.97095 -4.97095 0
    endloop
  endfacet
  facet normal 0 0 -1
    outer loop
      vertex -7.42461 -7.42461 0
      vertex -4.97095 -4.97095 0
      vertex -6.8192 -7.98425 0
    endloop
  endfacet
  facet normal -0 0 -1
    outer loop
      vertex -4.97095 -4.97095 0
      vertex -7.42461 -7.42461 0
      vertex -5.34564 -4.56561 0
    endloop
  endfacet
  facet normal 0 0 -1
    outer loop
      vertex -7.98425 -6.8192 0
      vertex -5.34564 -4.56561 0
      vertex -7.42461 -7.42461 0
    endloop
  endfacet
  facet normal -0 0 -1
    outer loop
      vertex -5.34564 -4.56561 0
      vertex -7.98425 -6.8192 0
      vertex -5.68738 -4.13213 0
    endloop
  endfacet
  facet normal 0 0 -1
    outer loop
      vertex -8.49467 -6.17174 0
      vertex -5.68738 -4.13213 0
      vertex -7.98425 -6.8192 0
    endloop
  endfacet
  facet normal -0 0 -1
    outer loop
      vertex -5.68738 -4.13213 0
      vertex -8.49467 -6.17174 0
      vertex -5.99405 -3.67316 0
    endloop
  endfacet
  facet normal 0 0 -1
    outer loop
      vertex -8.95271 -5.48622 0
      vertex -5.99405 -3.67316 0
      vertex -8.49467 -6.17174 0
    endloop
  endfacet
  facet normal -0 0 -1
    outer loop
      vertex -5.99405 -3.67316 0
      vertex -8.95271 -5.48622 0
      vertex -6.26376 -3.19154 0
    endloop
  endfacet
  facet normal 0 0 -1
    outer loop
      vertex -9.35556 -4.76689 0
      vertex -6.26376 -3.19154 0
      vertex -8.95271 -5.48622 0
    endloop
  endfacet
  facet normal -0 0 -1
    outer loop
      vertex -6.26376 -3.19154 0
      vertex -9.35556 -4.76689 0
      vertex -6.49487 -2.69026 0
    endloop
  endfacet
  facet normal 0 0 -1
    outer loop
      vertex -9.70073 -4.01817 0
      vertex -6.49487 -2.69026 0
      vertex -9.35556 -4.76689 0
    endloop
  endfacet
  facet normal 0 0 -1
    outer loop
      vertex -4.39241 -18 0
      vertex -11.7936 -1.79999 0
      vertex -1.79999 -16.1242 0
    endloop
  endfacet
  facet normal -0 0 -1
    outer loop
      vertex -11.7936 -1.79999 0
      vertex -15 -2.79579 0
      vertex -11.7936 1.79999 0
    endloop
  endfacet
  facet normal 0 0 -1
    outer loop
      vertex -15 -2.79579 0
      vertex -11.7936 -1.79999 0
      vertex -4.39241 -18 0
    endloop
  endfacet
  facet normal 0 0 -1
    outer loop
      vertex 10.3394 -1.79999 0
      vertex 11.7936 1.79999 0
      vertex 11.7936 -1.79999 0
    endloop
  endfacet
  facet normal 0 0 -1
    outer loop
      vertex 10.3394 -1.79999 0
      vertex 10.3394 1.79999 0
      vertex 11.7936 1.79999 0
    endloop
  endfacet
  facet normal 0 0 -1
    outer loop
      vertex 6.83575 -1.64111 0
      vertex 10.3394 -1.79999 0
      vertex 10.2099 -2.45117 0
    endloop
  endfacet
  facet normal 0 0 -1
    outer loop
      vertex 10.3394 -1.79999 0
      vertex 7.03 0 0
      vertex 10.3394 1.79999 0
    endloop
  endfacet
  facet normal 0 0 -1
    outer loop
      vertex 6.83575 -1.64111 0
      vertex 10.2099 -2.45117 0
      vertex 9.98608 -3.24467 0
    endloop
  endfacet
  facet normal 0 0 -1
    outer loop
      vertex 7.00832 0.551559 0
      vertex 10.3394 1.79999 0
      vertex 7.03 0 0
    endloop
  endfacet
  facet normal 0 0 -1
    outer loop
      vertex 6.68591 -2.17238 0
      vertex 9.98608 -3.24467 0
      vertex 9.70073 -4.01817 0
    endloop
  endfacet
  facet normal 0 0 -1
    outer loop
      vertex 6.94344 1.09973 0
      vertex 10.3394 1.79999 0
      vertex 7.00832 0.551559 0
    endloop
  endfacet
  facet normal 0 0 -1
    outer loop
      vertex 6.49487 -2.69026 0
      vertex 9.70073 -4.01817 0
      vertex 9.35556 -4.76689 0
    endloop
  endfacet
  facet normal 0 0 -1
    outer loop
      vertex 6.83575 1.64111 0
      vertex 10.3394 1.79999 0
      vertex 6.94344 1.09973 0
    endloop
  endfacet
  facet normal 0 0 -1
    outer loop
      vertex 6.26376 -3.19154 0
      vertex 9.35556 -4.76689 0
      vertex 8.95271 -5.48622 0
    endloop
  endfacet
  facet normal -0 0 -1
    outer loop
      vertex 10.3394 1.79999 0
      vertex 6.83575 1.64111 0
      vertex 10.2099 2.45117 0
    endloop
  endfacet
  facet normal 0 0 -1
    outer loop
      vertex 5.99405 -3.67316 0
      vertex 8.95271 -5.48622 0
      vertex 8.49467 -6.17174 0
    endloop
  endfacet
  facet normal -0 0 -1
    outer loop
      vertex 10.2099 2.45117 0
      vertex 6.83575 1.64111 0
      vertex 9.98608 3.24467 0
    endloop
  endfacet
  facet normal 0 0 -1
    outer loop
      vertex 5.68738 -4.13213 0
      vertex 8.49467 -6.17174 0
      vertex 7.98425 -6.8192 0
    endloop
  endfacet
  facet normal 0 0 -1
    outer loop
      vertex 6.68591 2.17238 0
      vertex 9.98608 3.24467 0
      vertex 6.83575 1.64111 0
    endloop
  endfacet
  facet normal 0 0 -1
    outer loop
      vertex 5.34564 -4.56561 0
      vertex 7.98425 -6.8192 0
      vertex 7.42461 -7.42461 0
    endloop
  endfacet
  facet normal -0 0 -1
    outer loop
      vertex 9.98608 3.24467 0
      vertex 6.68591 2.17238 0
      vertex 9.70073 4.01817 0
    endloop
  endfacet
  facet normal 0 0 -1
    outer loop
      vertex 6.49487 2.69026 0
      vertex 9.70073 4.01817 0
      vertex 6.68591 2.17238 0
    endloop
  endfacet
  facet normal 0 0 -1
    outer loop
      vertex 10.3394 -1.79999 0
      vertex 7.00832 -0.551559 0
      vertex 7.03 0 0
    endloop
  endfacet
  facet normal 0 0 -1
    outer loop
      vertex 10.3394 -1.79999 0
      vertex 6.94344 -1.09973 0
      vertex 7.00832 -0.551559 0
    endloop
  endfacet
  facet normal 0 0 -1
    outer loop
      vertex 10.3394 -1.79999 0
      vertex 6.83575 -1.64111 0
      vertex 6.94344 -1.09973 0
    endloop
  endfacet
  facet normal 0 0 -1
    outer loop
      vertex 4.97095 -4.97095 0
      vertex 7.42461 -7.42461 0
      vertex 6.8192 -7.98425 0
    endloop
  endfacet
  facet normal 0 0 -1
    outer loop
      vertex 9.98608 -3.24467 0
      vertex 6.68591 -2.17238 0
      vertex 6.83575 -1.64111 0
    endloop
  endfacet
  facet normal 0 0 -1
    outer loop
      vertex 9.70073 -4.01817 0
      vertex 6.49487 -2.69026 0
      vertex 6.68591 -2.17238 0
    endloop
  endfacet
  facet normal 0 0 -1
    outer loop
      vertex 9.35556 -4.76689 0
      vertex 6.26376 -3.19154 0
      vertex 6.49487 -2.69026 0
    endloop
  endfacet
  facet normal 0 0 -1
    outer loop
      vertex 4.56561 -5.34564 0
      vertex 6.8192 -7.98425 0
      vertex 6.17174 -8.49467 0
    endloop
  endfacet
  facet normal 0 0 -1
    outer loop
      vertex 8.95271 -5.48622 0
      vertex 5.99405 -3.67316 0
      vertex 6.26376 -3.19154 0
    endloop
  endfacet
  facet normal 0 0 -1
    outer loop
      vertex 8.49467 -6.17174 0
      vertex 5.68738 -4.13213 0
      vertex 5.99405 -3.67316 0
    endloop
  endfacet
  facet normal 0 0 -1
    outer loop
      vertex 4.13213 -5.68738 0
      vertex 6.17174 -8.49467 0
      vertex 5.48622 -8.95271 0
    endloop
  endfacet
  facet normal 0 0 -1
    outer loop
      vertex 7.98425 -6.8192 0
      vertex 5.34564 -4.56561 0
      vertex 5.68738 -4.13213 0
    endloop
  endfacet
  facet normal 0 0 -1
    outer loop
      vertex 7.42461 -7.42461 0
      vertex 4.97095 -4.97095 0
      vertex 5.34564 -4.56561 0
    endloop
  endfacet
  facet normal 0 0 -1
    outer loop
      vertex 3.67316 -5.99405 0
      vertex 5.48622 -8.95271 0
      vertex 4.76689 -9.35556 0
    endloop
  endfacet
  facet normal 0 0 -1
    outer loop
      vertex 6.8192 -7.98425 0
      vertex 4.56561 -5.34564 0
      vertex 4.97095 -4.97095 0
    endloop
  endfacet
  facet normal 0 0 -1
    outer loop
      vertex 6.17174 -8.49467 0
      vertex 4.13213 -5.68738 0
      vertex 4.56561 -5.34564 0
    endloop
  endfacet
  facet normal 0 0 -1
    outer loop
      vertex 3.19154 -6.26376 0
      vertex 4.76689 -9.35556 0
      vertex 4.01817 -9.70073 0
    endloop
  endfacet
  facet normal 0 0 -1
    outer loop
      vertex 5.48622 -8.95271 0
      vertex 3.67316 -5.99405 0
      vertex 4.13213 -5.68738 0
    endloop
  endfacet
  facet normal 0 0 -1
    outer loop
      vertex 2.69026 -6.49487 0
      vertex 4.01817 -9.70073 0
      vertex 3.24467 -9.98608 0
    endloop
  endfacet
  facet normal 0 0 -1
    outer loop
      vertex 4.76689 -9.35556 0
      vertex 3.19154 -6.26376 0
      vertex 3.67316 -5.99405 0
    endloop
  endfacet
  facet normal 0 0 -1
    outer loop
      vertex 4.01817 -9.70073 0
      vertex 2.69026 -6.49487 0
      vertex 3.19154 -6.26376 0
    endloop
  endfacet
  facet normal 0 0 -1
    outer loop
      vertex 2.17238 -6.68591 0
      vertex 3.24467 -9.98608 0
      vertex 2.45117 -10.2099 0
    endloop
  endfacet
  facet normal 0 0 -1
    outer loop
      vertex 3.24467 -9.98608 0
      vertex 2.17238 -6.68591 0
      vertex 2.69026 -6.49487 0
    endloop
  endfacet
  facet normal 0 0 -1
    outer loop
      vertex 1.64111 -6.83575 0
      vertex 2.45117 -10.2099 0
      vertex 1.79999 -10.3394 0
    endloop
  endfacet
  facet normal 0 0 -1
    outer loop
      vertex 2.45117 -10.2099 0
      vertex 1.64111 -6.83575 0
      vertex 2.17238 -6.68591 0
    endloop
  endfacet
  facet normal 0 0 -1
    outer loop
      vertex 11.7936 1.79999 0
      vertex 15 2.79579 0
      vertex 11.7936 -1.79999 0
    endloop
  endfacet
  facet normal 0 0 -1
    outer loop
      vertex 11.7936 1.79999 0
      vertex 4.39241 18 0
      vertex 15 2.79579 0
    endloop
  endfacet
  facet normal 0 -0 -1
    outer loop
      vertex 4.39241 18 0
      vertex 11.7936 1.79999 0
      vertex 1.79999 16.1242 0
    endloop
  endfacet
  facet normal -0 0 -1
    outer loop
      vertex 9.70073 4.01817 0
      vertex 6.49487 2.69026 0
      vertex 9.35556 4.76689 0
    endloop
  endfacet
  facet normal 0 0 -1
    outer loop
      vertex 6.26376 3.19154 0
      vertex 9.35556 4.76689 0
      vertex 6.49487 2.69026 0
    endloop
  endfacet
  facet normal -0 0 -1
    outer loop
      vertex 9.35556 4.76689 0
      vertex 6.26376 3.19154 0
      vertex 8.95271 5.48622 0
    endloop
  endfacet
  facet normal 0 0 -1
    outer loop
      vertex 5.99405 3.67316 0
      vertex 8.95271 5.48622 0
      vertex 6.26376 3.19154 0
    endloop
  endfacet
  facet normal -0 0 -1
    outer loop
      vertex 8.95271 5.48622 0
      vertex 5.99405 3.67316 0
      vertex 8.49467 6.17174 0
    endloop
  endfacet
  facet normal 0 0 -1
    outer loop
      vertex 5.68738 4.13213 0
      vertex 8.49467 6.17174 0
      vertex 5.99405 3.67316 0
    endloop
  endfacet
  facet normal -0 0 -1
    outer loop
      vertex 8.49467 6.17174 0
      vertex 5.68738 4.13213 0
      vertex 7.98425 6.8192 0
    endloop
  endfacet
  facet normal 0 0 -1
    outer loop
      vertex 5.34564 4.56561 0
      vertex 7.98425 6.8192 0
      vertex 5.68738 4.13213 0
    endloop
  endfacet
  facet normal -0 0 -1
    outer loop
      vertex 7.98425 6.8192 0
      vertex 5.34564 4.56561 0
      vertex 7.42461 7.42461 0
    endloop
  endfacet
  facet normal 0 0 -1
    outer loop
      vertex 4.97095 4.97095 0
      vertex 7.42461 7.42461 0
      vertex 5.34564 4.56561 0
    endloop
  endfacet
  facet normal -0 0 -1
    outer loop
      vertex 7.42461 7.42461 0
      vertex 4.97095 4.97095 0
      vertex 6.8192 7.98425 0
    endloop
  endfacet
  facet normal 0 0 -1
    outer loop
      vertex 4.56561 5.34564 0
      vertex 6.8192 7.98425 0
      vertex 4.97095 4.97095 0
    endloop
  endfacet
  facet normal -0 0 -1
    outer loop
      vertex 6.8192 7.98425 0
      vertex 4.56561 5.34564 0
      vertex 6.17174 8.49467 0
    endloop
  endfacet
  facet normal 0 0 -1
    outer loop
      vertex 4.13213 5.68738 0
      vertex 6.17174 8.49467 0
      vertex 4.56561 5.34564 0
    endloop
  endfacet
  facet normal -0 0 -1
    outer loop
      vertex 6.17174 8.49467 0
      vertex 4.13213 5.68738 0
      vertex 5.48622 8.95271 0
    endloop
  endfacet
  facet normal 0 0 -1
    outer loop
      vertex 3.67316 5.99405 0
      vertex 5.48622 8.95271 0
      vertex 4.13213 5.68738 0
    endloop
  endfacet
  facet normal -0 0 -1
    outer loop
      vertex 5.48622 8.95271 0
      vertex 3.67316 5.99405 0
      vertex 4.76689 9.35556 0
    endloop
  endfacet
  facet normal 0 0 -1
    outer loop
      vertex 3.19154 6.26376 0
      vertex 4.76689 9.35556 0
      vertex 3.67316 5.99405 0
    endloop
  endfacet
  facet normal -0 0 -1
    outer loop
      vertex 4.76689 9.35556 0
      vertex 3.19154 6.26376 0
      vertex 4.01817 9.70073 0
    endloop
  endfacet
  facet normal 0 0 -1
    outer loop
      vertex 2.69026 6.49487 0
      vertex 4.01817 9.70073 0
      vertex 3.19154 6.26376 0
    endloop
  endfacet
  facet normal -0 0 -1
    outer loop
      vertex 4.01817 9.70073 0
      vertex 2.69026 6.49487 0
      vertex 3.24467 9.98608 0
    endloop
  endfacet
  facet normal 0 0 -1
    outer loop
      vertex 2.17238 6.68591 0
      vertex 3.24467 9.98608 0
      vertex 2.69026 6.49487 0
    endloop
  endfacet
  facet normal -0 0 -1
    outer loop
      vertex 3.24467 9.98608 0
      vertex 2.17238 6.68591 0
      vertex 2.45117 10.2099 0
    endloop
  endfacet
  facet normal 0 0 -1
    outer loop
      vertex 1.64111 6.83575 0
      vertex 2.45117 10.2099 0
      vertex 2.17238 6.68591 0
    endloop
  endfacet
  facet normal 0 0 -1
    outer loop
      vertex 1.09973 6.94344 0
      vertex 1.79999 10.3394 0
      vertex 1.64111 6.83575 0
    endloop
  endfacet
  facet normal -0 0 -1
    outer loop
      vertex 2.45117 10.2099 0
      vertex 1.64111 6.83575 0
      vertex 1.79999 10.3394 0
    endloop
  endfacet
  facet normal 0 0 -1
    outer loop
      vertex 18.2064 1.79999 0
      vertex 25.6076 18 0
      vertex 28.2 16.1242 0
    endloop
  endfacet
  facet normal 0 0 -1
    outer loop
      vertex 15 2.79579 0
      vertex 18.2064 1.79999 0
      vertex 15 -2.79579 0
    endloop
  endfacet
  facet normal 0 0 -1
    outer loop
      vertex 18.2064 1.79999 0
      vertex 15 2.79579 0
      vertex 25.6076 18 0
    endloop
  endfacet
  facet normal 0 0 -1
    outer loop
      vertex 15 -2.79579 0
      vertex 11.7936 -1.79999 0
      vertex 15 2.79579 0
    endloop
  endfacet
  facet normal 0 0 -1
    outer loop
      vertex 4.39241 -18 0
      vertex 11.7936 -1.79999 0
      vertex 15 -2.79579 0
    endloop
  endfacet
  facet normal 0 0 -1
    outer loop
      vertex 11.7936 -1.79999 0
      vertex 4.39241 -18 0
      vertex 1.79999 -16.1242 0
    endloop
  endfacet
  facet normal 0 0 -1
    outer loop
      vertex 26.0139 -3.24467 0
      vertex 29.3141 -2.17238 0
      vertex 26.2993 -4.01817 0
    endloop
  endfacet
  facet normal -0 0 -1
    outer loop
      vertex 29.3141 -2.17238 0
      vertex 26.0139 -3.24467 0
      vertex 29.1642 -1.64111 0
    endloop
  endfacet
  facet normal 0 -0 -1
    outer loop
      vertex 28.0157 6.8192 0
      vertex 28.97 0 0
      vertex 27.5053 6.17174 0
    endloop
  endfacet
  facet normal 0 0 -1
    outer loop
      vertex 28.97 0 0
      vertex 28.0157 6.8192 0
      vertex 28.2 7.01852 0
    endloop
  endfacet
  facet normal 0 0 -1
    outer loop
      vertex 25.7901 -2.45117 0
      vertex 29.1642 -1.64111 0
      vertex 26.0139 -3.24467 0
    endloop
  endfacet
  facet normal 0 0 -1
    outer loop
      vertex 28.97 0 0
      vertex 27.0473 5.48622 0
      vertex 27.5053 6.17174 0
    endloop
  endfacet
  facet normal 0 0 -1
    outer loop
      vertex 25.6606 -1.79999 0
      vertex 29.1642 -1.64111 0
      vertex 25.7901 -2.45117 0
    endloop
  endfacet
  facet normal 0 0 -1
    outer loop
      vertex 28.97 0 0
      vertex 26.6444 4.76689 0
      vertex 27.0473 5.48622 0
    endloop
  endfacet
  facet normal -0 0 -1
    outer loop
      vertex 29.1642 -1.64111 0
      vertex 25.6606 -1.79999 0
      vertex 29.0565 -1.09973 0
    endloop
  endfacet
  facet normal 0 0 -1
    outer loop
      vertex 28.97 0 0
      vertex 26.2993 4.01817 0
      vertex 26.6444 4.76689 0
    endloop
  endfacet
  facet normal -0 0 -1
    outer loop
      vertex 29.0565 -1.09973 0
      vertex 25.6606 -1.79999 0
      vertex 28.9917 -0.551559 0
    endloop
  endfacet
  facet normal 0 0 -1
    outer loop
      vertex 28.97 0 0
      vertex 26.0139 3.24467 0
      vertex 26.2993 4.01817 0
    endloop
  endfacet
  facet normal -0 0 -1
    outer loop
      vertex 28.9917 -0.551559 0
      vertex 25.6606 -1.79999 0
      vertex 28.97 0 0
    endloop
  endfacet
  facet normal 0 0 -1
    outer loop
      vertex 28.97 0 0
      vertex 25.7901 2.45117 0
      vertex 26.0139 3.24467 0
    endloop
  endfacet
  facet normal 0 0 -1
    outer loop
      vertex 25.6606 1.79999 0
      vertex 28.97 0 0
      vertex 25.6606 -1.79999 0
    endloop
  endfacet
  facet normal 0 0 -1
    outer loop
      vertex 28.97 0 0
      vertex 25.6606 1.79999 0
      vertex 25.7901 2.45117 0
    endloop
  endfacet
  facet normal 0 0 -1
    outer loop
      vertex 18.2064 -1.79999 0
      vertex 25.6606 1.79999 0
      vertex 25.6606 -1.79999 0
    endloop
  endfacet
  facet normal -0 0 -1
    outer loop
      vertex 25.6606 1.79999 0
      vertex 18.2064 -1.79999 0
      vertex 18.2064 1.79999 0
    endloop
  endfacet
  facet normal 0 0 -1
    outer loop
      vertex 25.6076 -18 0
      vertex 18.2064 -1.79999 0
      vertex 28.2 -16.1242 0
    endloop
  endfacet
  facet normal -0 0 -1
    outer loop
      vertex 18.2064 -1.79999 0
      vertex 15 -2.79579 0
      vertex 18.2064 1.79999 0
    endloop
  endfacet
  facet normal 0 0 -1
    outer loop
      vertex 15 -2.79579 0
      vertex 18.2064 -1.79999 0
      vertex 25.6076 -18 0
    endloop
  endfacet
  facet normal 0 0 -1
    outer loop
      vertex 34.9003 6.94344 0
      vertex 35.1581 10.4655 0
      vertex 35.4484 7.00832 0
    endloop
  endfacet
  facet normal 0 0 -1
    outer loop
      vertex 34.3574 10.3707 0
      vertex 34.9003 6.94344 0
      vertex 34.3589 6.83575 0
    endloop
  endfacet
  facet normal 0 0 -1
    outer loop
      vertex 34.9003 6.94344 0
      vertex 34.3574 10.3707 0
      vertex 35.1581 10.4655 0
    endloop
  endfacet
  facet normal 0 0 -1
    outer loop
      vertex 33.5488 10.2099 0
      vertex 34.3589 6.83575 0
      vertex 33.8276 6.68591 0
    endloop
  endfacet
  facet normal 0 0 -1
    outer loop
      vertex 34.3589 6.83575 0
      vertex 33.5488 10.2099 0
      vertex 34.3574 10.3707 0
    endloop
  endfacet
  facet normal 0 0 -1
    outer loop
      vertex 32.7553 9.98608 0
      vertex 33.8276 6.68591 0
      vertex 33.3097 6.49487 0
    endloop
  endfacet
  facet normal 0 0 -1
    outer loop
      vertex 31.8 9.61691 0
      vertex 33.3097 6.49487 0
      vertex 32.8084 6.26376 0
    endloop
  endfacet
  facet normal 0 0 -1
    outer loop
      vertex 33.8276 6.68591 0
      vertex 32.7553 9.98608 0
      vertex 33.5488 10.2099 0
    endloop
  endfacet
  facet normal 0 0 -1
    outer loop
      vertex 31.8 9.61691 0
      vertex 32.8084 6.26376 0
      vertex 32.3268 5.99405 0
    endloop
  endfacet
  facet normal 0 0 -1
    outer loop
      vertex 33.3097 6.49487 0
      vertex 31.9818 9.70073 0
      vertex 32.7553 9.98608 0
    endloop
  endfacet
  facet normal 0 0 -1
    outer loop
      vertex 31.8 9.61691 0
      vertex 32.3268 5.99405 0
      vertex 31.8679 5.68738 0
    endloop
  endfacet
  facet normal 0 0 -1
    outer loop
      vertex 33.3097 6.49487 0
      vertex 31.8 9.61691 0
      vertex 31.9818 9.70073 0
    endloop
  endfacet
  facet normal 0 0 -1
    outer loop
      vertex 31.8679 5.68738 0
      vertex 28.2 7.01852 0
      vertex 31.8 9.61691 0
    endloop
  endfacet
  facet normal 0 0 -1
    outer loop
      vertex 28.2 7.01852 0
      vertex 31.8679 5.68738 0
      vertex 31.4344 5.34564 0
    endloop
  endfacet
  facet normal 0 0 -1
    outer loop
      vertex 42.4949 2.69026 0
      vertex 45.1427 5.14688 0
      vertex 42.6859 2.17238 0
    endloop
  endfacet
  facet normal 0 0 -1
    outer loop
      vertex 42.2638 3.19154 0
      vertex 45.1427 5.14688 0
      vertex 42.4949 2.69026 0
    endloop
  endfacet
  facet normal 0 0 -1
    outer loop
      vertex 41.994 3.67316 0
      vertex 45.1427 5.14688 0
      vertex 42.2638 3.19154 0
    endloop
  endfacet
  facet normal -0 0 -1
    outer loop
      vertex 45.1427 5.14688 0
      vertex 41.994 3.67316 0
      vertex 44.9527 5.48622 0
    endloop
  endfacet
  facet normal -0 0 -1
    outer loop
      vertex 44.9527 5.48622 0
      vertex 41.994 3.67316 0
      vertex 44.4947 6.17174 0
    endloop
  endfacet
  facet normal 0 0 -1
    outer loop
      vertex 41.6874 4.13213 0
      vertex 44.4947 6.17174 0
      vertex 41.994 3.67316 0
    endloop
  endfacet
  facet normal -0 0 -1
    outer loop
      vertex 44.4947 6.17174 0
      vertex 41.6874 4.13213 0
      vertex 43.9843 6.8192 0
    endloop
  endfacet
  facet normal 0 0 -1
    outer loop
      vertex 41.3456 4.56561 0
      vertex 43.9843 6.8192 0
      vertex 41.6874 4.13213 0
    endloop
  endfacet
  facet normal -0 0 -1
    outer loop
      vertex 43.9843 6.8192 0
      vertex 41.3456 4.56561 0
      vertex 43.4246 7.42461 0
    endloop
  endfacet
  facet normal 0 0 -1
    outer loop
      vertex 40.9709 4.97095 0
      vertex 43.4246 7.42461 0
      vertex 41.3456 4.56561 0
    endloop
  endfacet
  facet normal -0 0 -1
    outer loop
      vertex 43.4246 7.42461 0
      vertex 40.9709 4.97095 0
      vertex 42.8192 7.98425 0
    endloop
  endfacet
  facet normal 0 0 -1
    outer loop
      vertex 40.5656 5.34564 0
      vertex 42.8192 7.98425 0
      vertex 40.9709 4.97095 0
    endloop
  endfacet
  facet normal -0 0 -1
    outer loop
      vertex 42.8192 7.98425 0
      vertex 40.5656 5.34564 0
      vertex 42.1717 8.49467 0
    endloop
  endfacet
  facet normal 0 0 -1
    outer loop
      vertex 40.1321 5.68738 0
      vertex 42.1717 8.49467 0
      vertex 40.5656 5.34564 0
    endloop
  endfacet
  facet normal -0 0 -1
    outer loop
      vertex 42.1717 8.49467 0
      vertex 40.1321 5.68738 0
      vertex 41.4862 8.95271 0
    endloop
  endfacet
  facet normal 0 0 -1
    outer loop
      vertex 39.6732 5.99405 0
      vertex 41.4862 8.95271 0
      vertex 40.1321 5.68738 0
    endloop
  endfacet
  facet normal -0 0 -1
    outer loop
      vertex 41.4862 8.95271 0
      vertex 39.6732 5.99405 0
      vertex 40.7669 9.35556 0
    endloop
  endfacet
  facet normal 0 0 -1
    outer loop
      vertex 39.1915 6.26376 0
      vertex 40.7669 9.35556 0
      vertex 39.6732 5.99405 0
    endloop
  endfacet
  facet normal -0 0 -1
    outer loop
      vertex 40.7669 9.35556 0
      vertex 39.1915 6.26376 0
      vertex 40.0182 9.70073 0
    endloop
  endfacet
  facet normal 0 0 -1
    outer loop
      vertex 38.6903 6.49487 0
      vertex 40.0182 9.70073 0
      vertex 39.1915 6.26376 0
    endloop
  endfacet
  facet normal -0 0 -1
    outer loop
      vertex 40.0182 9.70073 0
      vertex 38.6903 6.49487 0
      vertex 39.2679 9.97752 0
    endloop
  endfacet
  facet normal 0 0 -1
    outer loop
      vertex 38.1724 6.68591 0
      vertex 39.2679 9.97752 0
      vertex 38.6903 6.49487 0
    endloop
  endfacet
  facet normal 0 0 -1
    outer loop
      vertex 37.6411 6.83575 0
      vertex 39.2679 9.97752 0
      vertex 38.1724 6.68591 0
    endloop
  endfacet
  facet normal 0 0 -1
    outer loop
      vertex 37.0997 6.94344 0
      vertex 39.2679 9.97752 0
      vertex 37.6411 6.83575 0
    endloop
  endfacet
  facet normal 0 0 -1
    outer loop
      vertex 36.5516 7.00832 0
      vertex 39.2679 9.97752 0
      vertex 37.0997 6.94344 0
    endloop
  endfacet
  facet normal 0 0 -1
    outer loop
      vertex 35.1581 10.4655 0
      vertex 36.5516 7.00832 0
      vertex 36 7.03 0
    endloop
  endfacet
  facet normal 0 0 -1
    outer loop
      vertex 35.1581 10.4655 0
      vertex 36 7.03 0
      vertex 35.4484 7.00832 0
    endloop
  endfacet
  facet normal 0 0 -1
    outer loop
      vertex 36.5516 7.00832 0
      vertex 35.1581 10.4655 0
      vertex 39.2679 9.97752 0
    endloop
  endfacet
  facet normal 0 0 -1
    outer loop
      vertex 35.1581 10.4655 0
      vertex 34.1372 18 0
      vertex 39.2679 9.97752 0
    endloop
  endfacet
  facet normal 0 -0 -1
    outer loop
      vertex 34.1372 18 0
      vertex 35.1581 10.4655 0
      vertex 31.8 15.7163 0
    endloop
  endfacet
  facet normal 0 0 -1
    outer loop
      vertex 35.1581 -10.4655 0
      vertex 34.9003 -6.94344 0
      vertex 35.4484 -7.00832 0
    endloop
  endfacet
  facet normal 0 0 -1
    outer loop
      vertex 34.3574 -10.3707 0
      vertex 34.9003 -6.94344 0
      vertex 35.1581 -10.4655 0
    endloop
  endfacet
  facet normal -0 0 -1
    outer loop
      vertex 34.9003 -6.94344 0
      vertex 34.3574 -10.3707 0
      vertex 34.3589 -6.83575 0
    endloop
  endfacet
  facet normal 0 0 -1
    outer loop
      vertex 33.5488 -10.2099 0
      vertex 34.3589 -6.83575 0
      vertex 34.3574 -10.3707 0
    endloop
  endfacet
  facet normal -0 0 -1
    outer loop
      vertex 34.3589 -6.83575 0
      vertex 33.5488 -10.2099 0
      vertex 33.8276 -6.68591 0
    endloop
  endfacet
  facet normal 0 0 -1
    outer loop
      vertex 32.7553 -9.98608 0
      vertex 33.8276 -6.68591 0
      vertex 33.5488 -10.2099 0
    endloop
  endfacet
  facet normal -0 0 -1
    outer loop
      vertex 33.8276 -6.68591 0
      vertex 32.7553 -9.98608 0
      vertex 33.3097 -6.49487 0
    endloop
  endfacet
  facet normal 0 0 -1
    outer loop
      vertex 31.9818 -9.70073 0
      vertex 33.3097 -6.49487 0
      vertex 32.7553 -9.98608 0
    endloop
  endfacet
  facet normal 0 0 -1
    outer loop
      vertex 31.8 -9.61691 0
      vertex 33.3097 -6.49487 0
      vertex 31.9818 -9.70073 0
    endloop
  endfacet
  facet normal -0 0 -1
    outer loop
      vertex 33.3097 -6.49487 0
      vertex 31.8 -9.61691 0
      vertex 32.8084 -6.26376 0
    endloop
  endfacet
  facet normal -0 0 -1
    outer loop
      vertex 32.8084 -6.26376 0
      vertex 31.8 -9.61691 0
      vertex 32.3268 -5.99405 0
    endloop
  endfacet
  facet normal -0 0 -1
    outer loop
      vertex 32.3268 -5.99405 0
      vertex 31.8 -9.61691 0
      vertex 31.8679 -5.68738 0
    endloop
  endfacet
  facet normal 0 0 -1
    outer loop
      vertex 28.2 -7.01852 0
      vertex 31.8679 -5.68738 0
      vertex 31.8 -9.61691 0
    endloop
  endfacet
  facet normal 0 0 -1
    outer loop
      vertex 45.1427 5.14688 0
      vertex 55 14.6218 0
      vertex 46.8 1.79999 0
    endloop
  endfacet
  facet normal -0 0 -1
    outer loop
      vertex 55 14.6218 0
      vertex 45.1427 5.14688 0
      vertex 53.3628 18 0
    endloop
  endfacet
  facet normal 0 -0 -1
    outer loop
      vertex 43.0083 -0.551559 0
      vertex 46.8 -1.79999 0
      vertex 42.9434 -1.09973 0
    endloop
  endfacet
  facet normal 0 0 -1
    outer loop
      vertex 41.994 -3.67316 0
      vertex 45.1427 -5.14688 0
      vertex 44.9527 -5.48622 0
    endloop
  endfacet
  facet normal 0 0 -1
    outer loop
      vertex 43.0083 0.551559 0
      vertex 46.8 1.79999 0
      vertex 43.03 0 0
    endloop
  endfacet
  facet normal 0 0 -1
    outer loop
      vertex 41.994 -3.67316 0
      vertex 44.9527 -5.48622 0
      vertex 44.4947 -6.17174 0
    endloop
  endfacet
  facet normal 0 0 -1
    outer loop
      vertex 42.9434 1.09973 0
      vertex 46.8 1.79999 0
      vertex 43.0083 0.551559 0
    endloop
  endfacet
  facet normal 0 0 -1
    outer loop
      vertex 41.6874 -4.13213 0
      vertex 44.4947 -6.17174 0
      vertex 43.9843 -6.8192 0
    endloop
  endfacet
  facet normal 0 0 -1
    outer loop
      vertex 42.8358 1.64111 0
      vertex 46.8 1.79999 0
      vertex 42.9434 1.09973 0
    endloop
  endfacet
  facet normal 0 0 -1
    outer loop
      vertex 41.3456 -4.56561 0
      vertex 43.9843 -6.8192 0
      vertex 43.4246 -7.42461 0
    endloop
  endfacet
  facet normal 0 0 -1
    outer loop
      vertex 42.6859 2.17238 0
      vertex 46.8 1.79999 0
      vertex 42.8358 1.64111 0
    endloop
  endfacet
  facet normal 0 0 -1
    outer loop
      vertex 46.8 1.79999 0
      vertex 42.6859 2.17238 0
      vertex 45.1427 5.14688 0
    endloop
  endfacet
  facet normal 0 0 -1
    outer loop
      vertex 46.8 -1.79999 0
      vertex 43.03 0 0
      vertex 46.8 1.79999 0
    endloop
  endfacet
  facet normal 0 -0 -1
    outer loop
      vertex 43.03 0 0
      vertex 46.8 -1.79999 0
      vertex 43.0083 -0.551559 0
    endloop
  endfacet
  facet normal 0 0 -1
    outer loop
      vertex 45.1427 -5.14688 0
      vertex 42.8358 -1.64111 0
      vertex 42.9434 -1.09973 0
    endloop
  endfacet
  facet normal 0 0 -1
    outer loop
      vertex 40.9709 -4.97095 0
      vertex 43.4246 -7.42461 0
      vertex 42.8192 -7.98425 0
    endloop
  endfacet
  facet normal 0 0 -1
    outer loop
      vertex 45.1427 -5.14688 0
      vertex 42.6859 -2.17238 0
      vertex 42.8358 -1.64111 0
    endloop
  endfacet
  facet normal 0 0 -1
    outer loop
      vertex 45.1427 -5.14688 0
      vertex 42.4949 -2.69026 0
      vertex 42.6859 -2.17238 0
    endloop
  endfacet
  facet normal 0 0 -1
    outer loop
      vertex 45.1427 -5.14688 0
      vertex 42.2638 -3.19154 0
      vertex 42.4949 -2.69026 0
    endloop
  endfacet
  facet normal 0 0 -1
    outer loop
      vertex 40.5656 -5.34564 0
      vertex 42.8192 -7.98425 0
      vertex 42.1717 -8.49467 0
    endloop
  endfacet
  facet normal 0 0 -1
    outer loop
      vertex 45.1427 -5.14688 0
      vertex 41.994 -3.67316 0
      vertex 42.2638 -3.19154 0
    endloop
  endfacet
  facet normal 0 0 -1
    outer loop
      vertex 44.4947 -6.17174 0
      vertex 41.6874 -4.13213 0
      vertex 41.994 -3.67316 0
    endloop
  endfacet
  facet normal 0 0 -1
    outer loop
      vertex 40.1321 -5.68738 0
      vertex 42.1717 -8.49467 0
      vertex 41.4862 -8.95271 0
    endloop
  endfacet
  facet normal 0 0 -1
    outer loop
      vertex 43.9843 -6.8192 0
      vertex 41.3456 -4.56561 0
      vertex 41.6874 -4.13213 0
    endloop
  endfacet
  facet normal 0 0 -1
    outer loop
      vertex 43.4246 -7.42461 0
      vertex 40.9709 -4.97095 0
      vertex 41.3456 -4.56561 0
    endloop
  endfacet
  facet normal 0 0 -1
    outer loop
      vertex 39.6732 -5.99405 0
      vertex 41.4862 -8.95271 0
      vertex 40.7669 -9.35556 0
    endloop
  endfacet
  facet normal 0 0 -1
    outer loop
      vertex 42.8192 -7.98425 0
      vertex 40.5656 -5.34564 0
      vertex 40.9709 -4.97095 0
    endloop
  endfacet
  facet normal 0 0 -1
    outer loop
      vertex 42.1717 -8.49467 0
      vertex 40.1321 -5.68738 0
      vertex 40.5656 -5.34564 0
    endloop
  endfacet
  facet normal 0 0 -1
    outer loop
      vertex 39.1915 -6.26376 0
      vertex 40.7669 -9.35556 0
      vertex 40.0182 -9.70073 0
    endloop
  endfacet
  facet normal 0 0 -1
    outer loop
      vertex 41.4862 -8.95271 0
      vertex 39.6732 -5.99405 0
      vertex 40.1321 -5.68738 0
    endloop
  endfacet
  facet normal 0 0 -1
    outer loop
      vertex 38.6903 -6.49487 0
      vertex 40.0182 -9.70073 0
      vertex 39.2679 -9.97752 0
    endloop
  endfacet
  facet normal 0 0 -1
    outer loop
      vertex 40.7669 -9.35556 0
      vertex 39.1915 -6.26376 0
      vertex 39.6732 -5.99405 0
    endloop
  endfacet
  facet normal 0 0 -1
    outer loop
      vertex 40.0182 -9.70073 0
      vertex 38.6903 -6.49487 0
      vertex 39.1915 -6.26376 0
    endloop
  endfacet
  facet normal 0 0 -1
    outer loop
      vertex 39.2679 -9.97752 0
      vertex 38.1724 -6.68591 0
      vertex 38.6903 -6.49487 0
    endloop
  endfacet
  facet normal 0 0 -1
    outer loop
      vertex 39.2679 -9.97752 0
      vertex 37.6411 -6.83575 0
      vertex 38.1724 -6.68591 0
    endloop
  endfacet
  facet normal 0 0 -1
    outer loop
      vertex 39.2679 -9.97752 0
      vertex 37.0997 -6.94344 0
      vertex 37.6411 -6.83575 0
    endloop
  endfacet
  facet normal 0 0 -1
    outer loop
      vertex 39.2679 -9.97752 0
      vertex 36.5516 -7.00832 0
      vertex 37.0997 -6.94344 0
    endloop
  endfacet
  facet normal 0 0 -1
    outer loop
      vertex 35.1581 -10.4655 0
      vertex 36.5516 -7.00832 0
      vertex 39.2679 -9.97752 0
    endloop
  endfacet
  facet normal 0 0 -1
    outer loop
      vertex 36.5516 -7.00832 0
      vertex 35.1581 -10.4655 0
      vertex 36 -7.03 0
    endloop
  endfacet
  facet normal -0 0 -1
    outer loop
      vertex 36 -7.03 0
      vertex 35.1581 -10.4655 0
      vertex 35.4484 -7.00832 0
    endloop
  endfacet
  facet normal 0 0 -1
    outer loop
      vertex 34.1372 -18 0
      vertex 35.1581 -10.4655 0
      vertex 39.2679 -9.97752 0
    endloop
  endfacet
  facet normal 0 0 -1
    outer loop
      vertex 35.1581 -10.4655 0
      vertex 34.1372 -18 0
      vertex 31.8 -15.7163 0
    endloop
  endfacet
  facet normal 0 0 -1
    outer loop
      vertex 46.8 -1.79999 0
      vertex 55 1.79999 0
      vertex 55 -1.79999 0
    endloop
  endfacet
  facet normal -0 0 -1
    outer loop
      vertex 55 1.79999 0
      vertex 46.8 -1.79999 0
      vertex 46.8 1.79999 0
    endloop
  endfacet
  facet normal 0 0 -1
    outer loop
      vertex 55 -1.79999 0
      vertex 60 -24 0
      vertex 55 -14.6218 0
    endloop
  endfacet
  facet normal 0 0 -1
    outer loop
      vertex 60 -24 0
      vertex 53.3628 -18 0
      vertex 55 -14.6218 0
    endloop
  endfacet
  facet normal 0 0 -1
    outer loop
      vertex 60 -24 0
      vertex 34.1372 -18 0
      vertex 53.3628 -18 0
    endloop
  endfacet
  facet normal 0 0 -1
    outer loop
      vertex 28.2 -16.1242 0
      vertex 31.8 -9.61691 0
      vertex 31.8 -15.7163 0
    endloop
  endfacet
  facet normal -0 0 -1
    outer loop
      vertex 31.8679 -5.68738 0
      vertex 28.2 -7.01852 0
      vertex 31.4344 -5.34564 0
    endloop
  endfacet
  facet normal -0 0 -1
    outer loop
      vertex 31.4344 -5.34564 0
      vertex 28.2 -7.01852 0
      vertex 31.029 -4.97095 0
    endloop
  endfacet
  facet normal -0 0 -1
    outer loop
      vertex 31.029 -4.97095 0
      vertex 28.2 -7.01852 0
      vertex 30.6543 -4.56561 0
    endloop
  endfacet
  facet normal 0 0 -1
    outer loop
      vertex 28.0157 -6.8192 0
      vertex 30.6543 -4.56561 0
      vertex 28.2 -7.01852 0
    endloop
  endfacet
  facet normal -0 0 -1
    outer loop
      vertex 30.6543 -4.56561 0
      vertex 28.0157 -6.8192 0
      vertex 30.3126 -4.13213 0
    endloop
  endfacet
  facet normal 0 0 -1
    outer loop
      vertex 27.5053 -6.17174 0
      vertex 30.3126 -4.13213 0
      vertex 28.0157 -6.8192 0
    endloop
  endfacet
  facet normal -0 0 -1
    outer loop
      vertex 30.3126 -4.13213 0
      vertex 27.5053 -6.17174 0
      vertex 30.0059 -3.67316 0
    endloop
  endfacet
  facet normal 0 0 -1
    outer loop
      vertex 27.0473 -5.48622 0
      vertex 30.0059 -3.67316 0
      vertex 27.5053 -6.17174 0
    endloop
  endfacet
  facet normal -0 0 -1
    outer loop
      vertex 30.0059 -3.67316 0
      vertex 27.0473 -5.48622 0
      vertex 29.7362 -3.19154 0
    endloop
  endfacet
  facet normal -0 0 -1
    outer loop
      vertex 29.7362 -3.19154 0
      vertex 26.6444 -4.76689 0
      vertex 29.5051 -2.69026 0
    endloop
  endfacet
  facet normal 0 0 -1
    outer loop
      vertex 26.6444 -4.76689 0
      vertex 29.7362 -3.19154 0
      vertex 27.0473 -5.48622 0
    endloop
  endfacet
  facet normal -0 0 -1
    outer loop
      vertex 31.8 -9.61691 0
      vertex 28.2 -16.1242 0
      vertex 28.2 -7.01852 0
    endloop
  endfacet
  facet normal 0 0 -1
    outer loop
      vertex 34.1372 -18 0
      vertex 28.2 -16.1242 0
      vertex 31.8 -15.7163 0
    endloop
  endfacet
  facet normal 0 0 -1
    outer loop
      vertex 34.1372 -18 0
      vertex 25.6076 -18 0
      vertex 28.2 -16.1242 0
    endloop
  endfacet
  facet normal 0 0 -1
    outer loop
      vertex 60 -24 0
      vertex 25.6076 -18 0
      vertex 34.1372 -18 0
    endloop
  endfacet
  facet normal 0 0 -1
    outer loop
      vertex 60 -24 0
      vertex 4.39241 -18 0
      vertex 25.6076 -18 0
    endloop
  endfacet
  facet normal 0 0 -1
    outer loop
      vertex -1.79999 -16.1242 0
      vertex 1.79999 -10.3394 0
      vertex 1.79999 -16.1242 0
    endloop
  endfacet
  facet normal 0 0 -1
    outer loop
      vertex 1.79999 -10.3394 0
      vertex 1.09973 -6.94344 0
      vertex 1.64111 -6.83575 0
    endloop
  endfacet
  facet normal 0 0 -1
    outer loop
      vertex 1.79999 -10.3394 0
      vertex 0.551559 -7.00832 0
      vertex 1.09973 -6.94344 0
    endloop
  endfacet
  facet normal 0 0 -1
    outer loop
      vertex 1.79999 -10.3394 0
      vertex 0 -7.03 0
      vertex 0.551559 -7.00832 0
    endloop
  endfacet
  facet normal 0 0 -1
    outer loop
      vertex -1.79999 -10.3394 0
      vertex 1.79999 -10.3394 0
      vertex -1.79999 -16.1242 0
    endloop
  endfacet
  facet normal 0 0 -1
    outer loop
      vertex -1.79999 -10.3394 0
      vertex 0 -7.03 0
      vertex 1.79999 -10.3394 0
    endloop
  endfacet
  facet normal -0 0 -1
    outer loop
      vertex 0 -7.03 0
      vertex -1.79999 -10.3394 0
      vertex -0.551559 -7.00832 0
    endloop
  endfacet
  facet normal -0 0 -1
    outer loop
      vertex -0.551559 -7.00832 0
      vertex -1.79999 -10.3394 0
      vertex -1.09973 -6.94344 0
    endloop
  endfacet
  facet normal 0 0 -1
    outer loop
      vertex 4.39241 -18 0
      vertex -1.79999 -16.1242 0
      vertex 1.79999 -16.1242 0
    endloop
  endfacet
  facet normal 0 0 -1
    outer loop
      vertex 4.39241 -18 0
      vertex -4.39241 -18 0
      vertex -1.79999 -16.1242 0
    endloop
  endfacet
  facet normal 0 0 -1
    outer loop
      vertex 60 -24 0
      vertex -4.39241 -18 0
      vertex 4.39241 -18 0
    endloop
  endfacet
  facet normal 0 0 -1
    outer loop
      vertex -60 -24 0
      vertex -4.39241 -18 0
      vertex 60 -24 0
    endloop
  endfacet
  facet normal 0 0 -1
    outer loop
      vertex -31.8 -9.61691 0
      vertex -28.2 -16.1242 0
      vertex -31.8 -15.7163 0
    endloop
  endfacet
  facet normal 0 0 -1
    outer loop
      vertex -25.6606 -1.79999 0
      vertex -28.9917 -0.551559 0
      vertex -28.97 0 0
    endloop
  endfacet
  facet normal -0 0 -1
    outer loop
      vertex -26.2993 4.01817 0
      vertex -29.5051 2.69026 0
      vertex -26.6444 4.76689 0
    endloop
  endfacet
  facet normal 0 0 -1
    outer loop
      vertex -29.5051 2.69026 0
      vertex -26.2993 4.01817 0
      vertex -29.3141 2.17238 0
    endloop
  endfacet
  facet normal 0 0 -1
    outer loop
      vertex -25.6606 -1.79999 0
      vertex -29.0565 -1.09973 0
      vertex -28.9917 -0.551559 0
    endloop
  endfacet
  facet normal 0 0 -1
    outer loop
      vertex -25.6606 -1.79999 0
      vertex -29.1642 -1.64111 0
      vertex -29.0565 -1.09973 0
    endloop
  endfacet
  facet normal 0 0 -1
    outer loop
      vertex -26.0139 -3.24467 0
      vertex -29.3141 -2.17238 0
      vertex -29.1642 -1.64111 0
    endloop
  endfacet
  facet normal 0 0 -1
    outer loop
      vertex -26.2993 -4.01817 0
      vertex -29.5051 -2.69026 0
      vertex -29.3141 -2.17238 0
    endloop
  endfacet
  facet normal 0 0 -1
    outer loop
      vertex -26.6444 -4.76689 0
      vertex -29.7362 -3.19154 0
      vertex -29.5051 -2.69026 0
    endloop
  endfacet
  facet normal 0 0 -1
    outer loop
      vertex -27.0473 -5.48622 0
      vertex -30.0059 -3.67316 0
      vertex -29.7362 -3.19154 0
    endloop
  endfacet
  facet normal 0 0 -1
    outer loop
      vertex -27.5053 -6.17174 0
      vertex -30.3126 -4.13213 0
      vertex -30.0059 -3.67316 0
    endloop
  endfacet
  facet normal 0 0 -1
    outer loop
      vertex -28.0157 -6.8192 0
      vertex -30.6543 -4.56561 0
      vertex -30.3126 -4.13213 0
    endloop
  endfacet
  facet normal 0 0 -1
    outer loop
      vertex -28.2 -7.01852 0
      vertex -31.029 -4.97095 0
      vertex -30.6543 -4.56561 0
    endloop
  endfacet
  facet normal 0 0 -1
    outer loop
      vertex -28.2 -7.01852 0
      vertex -31.4344 -5.34564 0
      vertex -31.029 -4.97095 0
    endloop
  endfacet
  facet normal 0 0 -1
    outer loop
      vertex -28.2 -16.1242 0
      vertex -31.8 -9.61691 0
      vertex -28.2 -7.01852 0
    endloop
  endfacet
  facet normal 0 0 -1
    outer loop
      vertex -34.1372 -18 0
      vertex -28.2 -16.1242 0
      vertex -25.6076 -18 0
    endloop
  endfacet
  facet normal -0 0 -1
    outer loop
      vertex -28.2 -16.1242 0
      vertex -34.1372 -18 0
      vertex -31.8 -15.7163 0
    endloop
  endfacet
  facet normal -0 0 -1
    outer loop
      vertex -4.39241 -18 0
      vertex -60 -24 0
      vertex -25.6076 -18 0
    endloop
  endfacet
  facet normal -0 0 -1
    outer loop
      vertex -25.6076 -18 0
      vertex -60 -24 0
      vertex -34.1372 -18 0
    endloop
  endfacet
  facet normal 0 0 -1
    outer loop
      vertex -60 -24 0
      vertex -55 -1.79999 0
      vertex -55 -14.6218 0
    endloop
  endfacet
  facet normal -0 0 -1
    outer loop
      vertex -55 -1.79999 0
      vertex -60 -24 0
      vertex -55 1.79999 0
    endloop
  endfacet
  facet normal 0 0 -1
    outer loop
      vertex -60 24 0
      vertex -55 1.79999 0
      vertex -60 -24 0
    endloop
  endfacet
  facet normal -0 0 -1
    outer loop
      vertex -53.3628 -18 0
      vertex -60 -24 0
      vertex -55 -14.6218 0
    endloop
  endfacet
  facet normal -0 0 -1
    outer loop
      vertex -34.1372 -18 0
      vertex -60 -24 0
      vertex -53.3628 -18 0
    endloop
  endfacet
  facet normal 0 0 -1
    outer loop
      vertex 60 -24 0
      vertex 55 -1.79999 0
      vertex 60 24 0
    endloop
  endfacet
  facet normal 0 0 -1
    outer loop
      vertex 55 1.79999 0
      vertex 60 24 0
      vertex 55 -1.79999 0
    endloop
  endfacet
  facet normal 0 0 -1
    outer loop
      vertex 55 14.6218 0
      vertex 60 24 0
      vertex 55 1.79999 0
    endloop
  endfacet
  facet normal 0 0 -1
    outer loop
      vertex 53.3628 18 0
      vertex 60 24 0
      vertex 55 14.6218 0
    endloop
  endfacet
  facet normal 0 0 -1
    outer loop
      vertex 34.1372 18 0
      vertex 60 24 0
      vertex 53.3628 18 0
    endloop
  endfacet
  facet normal 0 0 -1
    outer loop
      vertex 28.2 7.01852 0
      vertex 31.4344 5.34564 0
      vertex 31.029 4.97095 0
    endloop
  endfacet
  facet normal 0 0 -1
    outer loop
      vertex 28.2 7.01852 0
      vertex 31.029 4.97095 0
      vertex 30.6543 4.56561 0
    endloop
  endfacet
  facet normal 0 0 -1
    outer loop
      vertex 28.2 7.01852 0
      vertex 30.6543 4.56561 0
      vertex 30.3126 4.13213 0
    endloop
  endfacet
  facet normal 0 0 -1
    outer loop
      vertex 28.2 7.01852 0
      vertex 30.3126 4.13213 0
      vertex 30.0059 3.67316 0
    endloop
  endfacet
  facet normal 0 0 -1
    outer loop
      vertex 28.2 7.01852 0
      vertex 30.0059 3.67316 0
      vertex 29.7362 3.19154 0
    endloop
  endfacet
  facet normal 0 0 -1
    outer loop
      vertex 28.2 7.01852 0
      vertex 29.7362 3.19154 0
      vertex 29.5051 2.69026 0
    endloop
  endfacet
  facet normal 0 0 -1
    outer loop
      vertex 28.2 7.01852 0
      vertex 29.5051 2.69026 0
      vertex 29.3141 2.17238 0
    endloop
  endfacet
  facet normal 0 0 -1
    outer loop
      vertex 28.2 7.01852 0
      vertex 29.3141 2.17238 0
      vertex 29.1642 1.64111 0
    endloop
  endfacet
  facet normal 0 0 -1
    outer loop
      vertex 28.2 7.01852 0
      vertex 29.1642 1.64111 0
      vertex 29.0565 1.09973 0
    endloop
  endfacet
  facet normal 0 0 -1
    outer loop
      vertex 26.2993 -4.01817 0
      vertex 29.5051 -2.69026 0
      vertex 26.6444 -4.76689 0
    endloop
  endfacet
  facet normal -0 0 -1
    outer loop
      vertex 29.5051 -2.69026 0
      vertex 26.2993 -4.01817 0
      vertex 29.3141 -2.17238 0
    endloop
  endfacet
  facet normal 0 0 -1
    outer loop
      vertex 28.97 0 0
      vertex 28.2 7.01852 0
      vertex 28.9917 0.551559 0
    endloop
  endfacet
  facet normal 0 0 -1
    outer loop
      vertex 28.2 7.01852 0
      vertex 29.0565 1.09973 0
      vertex 28.9917 0.551559 0
    endloop
  endfacet
  facet normal 0 0 -1
    outer loop
      vertex 28.2 16.1242 0
      vertex 31.8 9.61691 0
      vertex 28.2 7.01852 0
    endloop
  endfacet
  facet normal 0 0 -1
    outer loop
      vertex 31.8 9.61691 0
      vertex 28.2 16.1242 0
      vertex 31.8 15.7163 0
    endloop
  endfacet
  facet normal 0 0 -1
    outer loop
      vertex 28.2 16.1242 0
      vertex 34.1372 18 0
      vertex 31.8 15.7163 0
    endloop
  endfacet
  facet normal 0 0 -1
    outer loop
      vertex 25.6076 18 0
      vertex 34.1372 18 0
      vertex 28.2 16.1242 0
    endloop
  endfacet
  facet normal 0 0 -1
    outer loop
      vertex 25.6076 18 0
      vertex 60 24 0
      vertex 34.1372 18 0
    endloop
  endfacet
  facet normal 0 0 -1
    outer loop
      vertex 4.39241 18 0
      vertex 60 24 0
      vertex 25.6076 18 0
    endloop
  endfacet
  facet normal 0 0 -1
    outer loop
      vertex 0.551559 7.00832 0
      vertex 1.79999 10.3394 0
      vertex 1.09973 6.94344 0
    endloop
  endfacet
  facet normal 0 0 -1
    outer loop
      vertex 0 7.03 0
      vertex 1.79999 10.3394 0
      vertex 0.551559 7.00832 0
    endloop
  endfacet
  facet normal -0 0 -1
    outer loop
      vertex 1.79999 10.3394 0
      vertex 0 7.03 0
      vertex -1.79999 10.3394 0
    endloop
  endfacet
  facet normal 0 0 -1
    outer loop
      vertex -1.79999 10.3394 0
      vertex 0 7.03 0
      vertex -0.551559 7.00832 0
    endloop
  endfacet
  facet normal 0 0 -1
    outer loop
      vertex -1.79999 10.3394 0
      vertex -0.551559 7.00832 0
      vertex -1.09973 6.94344 0
    endloop
  endfacet
  facet normal 0 0 -1
    outer loop
      vertex -1.79999 10.3394 0
      vertex -1.09973 6.94344 0
      vertex -1.64111 6.83575 0
    endloop
  endfacet
  facet normal 0 0 -1
    outer loop
      vertex 1.79999 10.3394 0
      vertex -1.79999 10.3394 0
      vertex 1.79999 16.1242 0
    endloop
  endfacet
  facet normal 0 0 -1
    outer loop
      vertex -1.79999 16.1242 0
      vertex 1.79999 16.1242 0
      vertex -1.79999 10.3394 0
    endloop
  endfacet
  facet normal 0 0 -1
    outer loop
      vertex -1.79999 16.1242 0
      vertex 4.39241 18 0
      vertex 1.79999 16.1242 0
    endloop
  endfacet
  facet normal 0 0 -1
    outer loop
      vertex -4.39241 18 0
      vertex 4.39241 18 0
      vertex -1.79999 16.1242 0
    endloop
  endfacet
  facet normal 0 0 -1
    outer loop
      vertex -4.39241 18 0
      vertex 60 24 0
      vertex 4.39241 18 0
    endloop
  endfacet
  facet normal 0 0 -1
    outer loop
      vertex -60 24 0
      vertex -4.39241 18 0
      vertex -25.6076 18 0
    endloop
  endfacet
  facet normal 0 0 -1
    outer loop
      vertex -29.7362 3.19154 0
      vertex -26.6444 4.76689 0
      vertex -29.5051 2.69026 0
    endloop
  endfacet
  facet normal -0 0 -1
    outer loop
      vertex -26.6444 4.76689 0
      vertex -29.7362 3.19154 0
      vertex -27.0473 5.48622 0
    endloop
  endfacet
  facet normal 0 0 -1
    outer loop
      vertex -30.0059 3.67316 0
      vertex -27.0473 5.48622 0
      vertex -29.7362 3.19154 0
    endloop
  endfacet
  facet normal -0 0 -1
    outer loop
      vertex -27.0473 5.48622 0
      vertex -30.0059 3.67316 0
      vertex -27.5053 6.17174 0
    endloop
  endfacet
  facet normal 0 0 -1
    outer loop
      vertex -30.3126 4.13213 0
      vertex -27.5053 6.17174 0
      vertex -30.0059 3.67316 0
    endloop
  endfacet
  facet normal -0 0 -1
    outer loop
      vertex -27.5053 6.17174 0
      vertex -30.3126 4.13213 0
      vertex -28.0157 6.8192 0
    endloop
  endfacet
  facet normal 0 0 -1
    outer loop
      vertex -30.6543 4.56561 0
      vertex -28.0157 6.8192 0
      vertex -30.3126 4.13213 0
    endloop
  endfacet
  facet normal -0 0 -1
    outer loop
      vertex -28.0157 6.8192 0
      vertex -30.6543 4.56561 0
      vertex -28.2 7.01852 0
    endloop
  endfacet
  facet normal 0 0 -1
    outer loop
      vertex -31.029 4.97095 0
      vertex -28.2 7.01852 0
      vertex -30.6543 4.56561 0
    endloop
  endfacet
  facet normal 0 0 -1
    outer loop
      vertex -31.4344 5.34564 0
      vertex -28.2 7.01852 0
      vertex -31.029 4.97095 0
    endloop
  endfacet
  facet normal 0 0 -1
    outer loop
      vertex -31.8679 5.68738 0
      vertex -28.2 7.01852 0
      vertex -31.4344 5.34564 0
    endloop
  endfacet
  facet normal 0 0 -1
    outer loop
      vertex -28.2 7.01852 0
      vertex -31.8 9.61691 0
      vertex -28.2 16.1242 0
    endloop
  endfacet
  facet normal 0 0 -1
    outer loop
      vertex -31.8 15.7163 0
      vertex -28.2 16.1242 0
      vertex -31.8 9.61691 0
    endloop
  endfacet
  facet normal 0 0 -1
    outer loop
      vertex -34.1372 18 0
      vertex -28.2 16.1242 0
      vertex -31.8 15.7163 0
    endloop
  endfacet
  facet normal 0 0 -1
    outer loop
      vertex -28.2 16.1242 0
      vertex -34.1372 18 0
      vertex -25.6076 18 0
    endloop
  endfacet
  facet normal 0 0 -1
    outer loop
      vertex -60 24 0
      vertex -25.6076 18 0
      vertex -34.1372 18 0
    endloop
  endfacet
  facet normal 0 0 -1
    outer loop
      vertex -60 24 0
      vertex -34.1372 18 0
      vertex -53.3628 18 0
    endloop
  endfacet
  facet normal 0 0 -1
    outer loop
      vertex -4.39241 18 0
      vertex -60 24 0
      vertex 60 24 0
    endloop
  endfacet
  facet normal 0 0 -1
    outer loop
      vertex -55 14.6218 0
      vertex -60 24 0
      vertex -53.3628 18 0
    endloop
  endfacet
  facet normal 0 0 -1
    outer loop
      vertex -55 1.79999 0
      vertex -60 24 0
      vertex -55 14.6218 0
    endloop
  endfacet
  facet normal 0 0 -1
    outer loop
      vertex 45.1427 -5.14688 0
      vertex 55 -14.6218 0
      vertex 53.3628 -18 0
    endloop
  endfacet
  facet normal 0 0 -1
    outer loop
      vertex 42.9434 -1.09973 0
      vertex 46.8 -1.79999 0
      vertex 45.1427 -5.14688 0
    endloop
  endfacet
  facet normal 0 0 -1
    outer loop
      vertex 55 -14.6218 0
      vertex 45.1427 -5.14688 0
      vertex 46.8 -1.79999 0
    endloop
  endfacet
  facet normal -0 0 1
    outer loop
      vertex -55 1.79999 3
      vertex -46.8 -1.79999 3
      vertex -46.8 1.79999 3
    endloop
  endfacet
  facet normal 0 0 1
    outer loop
      vertex -46.8 -1.79999 3
      vertex -55 1.79999 3
      vertex -55 -1.79999 3
    endloop
  endfacet
  facet normal 0 0 1
    outer loop
      vertex -42.6859 -2.17238 3
      vertex -46.8 -1.79999 3
      vertex -45.1427 -5.14688 3
    endloop
  endfacet
  facet normal 0 0 1
    outer loop
      vertex -55 -14.6218 3
      vertex -45.1427 -5.14688 3
      vertex -46.8 -1.79999 3
    endloop
  endfacet
  facet normal 0 0 1
    outer loop
      vertex -45.1427 -5.14688 3
      vertex -55 -14.6218 3
      vertex -53.3628 -18 3
    endloop
  endfacet
  facet normal 0 0 1
    outer loop
      vertex -55 -14.6218 3
      vertex -60 -18 3
      vertex -53.3628 -18 3
    endloop
  endfacet
  facet normal 0 0 1
    outer loop
      vertex -55 -1.79999 3
      vertex -60 -18 3
      vertex -55 -14.6218 3
    endloop
  endfacet
  facet normal 0 0 1
    outer loop
      vertex -28.2 -7.01852 3
      vertex -31.8679 -5.68738 3
      vertex -31.8 -9.61691 3
    endloop
  endfacet
  facet normal -0 0 1
    outer loop
      vertex -32.3268 -5.99405 3
      vertex -31.8 -9.61691 3
      vertex -31.8679 -5.68738 3
    endloop
  endfacet
  facet normal -0 0 1
    outer loop
      vertex -32.8084 -6.26376 3
      vertex -31.8 -9.61691 3
      vertex -32.3268 -5.99405 3
    endloop
  endfacet
  facet normal -0 0 1
    outer loop
      vertex -33.3097 -6.49487 3
      vertex -31.8 -9.61691 3
      vertex -32.8084 -6.26376 3
    endloop
  endfacet
  facet normal 0 0 1
    outer loop
      vertex -31.8 -9.61691 3
      vertex -33.3097 -6.49487 3
      vertex -31.9818 -9.70073 3
    endloop
  endfacet
  facet normal 0 0 1
    outer loop
      vertex -31.9818 -9.70073 3
      vertex -33.3097 -6.49487 3
      vertex -32.7553 -9.98608 3
    endloop
  endfacet
  facet normal -0 0 1
    outer loop
      vertex -33.8276 -6.68591 3
      vertex -32.7553 -9.98608 3
      vertex -33.3097 -6.49487 3
    endloop
  endfacet
  facet normal 0 0 1
    outer loop
      vertex -32.7553 -9.98608 3
      vertex -33.8276 -6.68591 3
      vertex -33.5488 -10.2099 3
    endloop
  endfacet
  facet normal -0 0 1
    outer loop
      vertex -34.3589 -6.83575 3
      vertex -33.5488 -10.2099 3
      vertex -33.8276 -6.68591 3
    endloop
  endfacet
  facet normal 0 0 1
    outer loop
      vertex -33.5488 -10.2099 3
      vertex -34.3589 -6.83575 3
      vertex -34.3574 -10.3707 3
    endloop
  endfacet
  facet normal -0 0 1
    outer loop
      vertex -34.9003 -6.94344 3
      vertex -34.3574 -10.3707 3
      vertex -34.3589 -6.83575 3
    endloop
  endfacet
  facet normal 0 0 1
    outer loop
      vertex -34.9003 -6.94344 3
      vertex -35.1581 -10.4655 3
      vertex -34.3574 -10.3707 3
    endloop
  endfacet
  facet normal 0 -0 1
    outer loop
      vertex -35.1581 -10.4655 3
      vertex -34.9003 -6.94344 3
      vertex -35.4484 -7.00832 3
    endloop
  endfacet
  facet normal -0 0 1
    outer loop
      vertex -25.6606 1.79999 3
      vertex -18.2064 -1.79999 3
      vertex -18.2064 1.79999 3
    endloop
  endfacet
  facet normal 0 0 1
    outer loop
      vertex -25.6606 1.79999 3
      vertex -25.6606 -1.79999 3
      vertex -18.2064 -1.79999 3
    endloop
  endfacet
  facet normal 0 0 1
    outer loop
      vertex -29.1642 1.64111 3
      vertex -25.6606 1.79999 3
      vertex -25.7901 2.45117 3
    endloop
  endfacet
  facet normal 0 0 1
    outer loop
      vertex -25.6606 1.79999 3
      vertex -28.97 0 3
      vertex -25.6606 -1.79999 3
    endloop
  endfacet
  facet normal 0 0 1
    outer loop
      vertex -29.1642 1.64111 3
      vertex -25.7901 2.45117 3
      vertex -26.0139 3.24467 3
    endloop
  endfacet
  facet normal -0 0 1
    outer loop
      vertex -28.9917 -0.551559 3
      vertex -25.6606 -1.79999 3
      vertex -28.97 0 3
    endloop
  endfacet
  facet normal 0 0 1
    outer loop
      vertex -29.3141 2.17238 3
      vertex -26.0139 3.24467 3
      vertex -26.2993 4.01817 3
    endloop
  endfacet
  facet normal -0 0 1
    outer loop
      vertex -29.0565 -1.09973 3
      vertex -25.6606 -1.79999 3
      vertex -28.9917 -0.551559 3
    endloop
  endfacet
  facet normal 0 0 1
    outer loop
      vertex -29.5051 2.69026 3
      vertex -26.2993 4.01817 3
      vertex -26.6444 4.76689 3
    endloop
  endfacet
  facet normal -0 0 1
    outer loop
      vertex -29.1642 -1.64111 3
      vertex -25.6606 -1.79999 3
      vertex -29.0565 -1.09973 3
    endloop
  endfacet
  facet normal 0 0 1
    outer loop
      vertex -29.7362 3.19154 3
      vertex -26.6444 4.76689 3
      vertex -27.0473 5.48622 3
    endloop
  endfacet
  facet normal 0 0 1
    outer loop
      vertex -25.6606 -1.79999 3
      vertex -29.1642 -1.64111 3
      vertex -25.7901 -2.45117 3
    endloop
  endfacet
  facet normal 0 0 1
    outer loop
      vertex -30.0059 3.67316 3
      vertex -27.0473 5.48622 3
      vertex -27.5053 6.17174 3
    endloop
  endfacet
  facet normal 0 0 1
    outer loop
      vertex -25.7901 -2.45117 3
      vertex -29.1642 -1.64111 3
      vertex -26.0139 -3.24467 3
    endloop
  endfacet
  facet normal 0 0 1
    outer loop
      vertex -30.3126 4.13213 3
      vertex -27.5053 6.17174 3
      vertex -28.0157 6.8192 3
    endloop
  endfacet
  facet normal -0 0 1
    outer loop
      vertex -29.3141 -2.17238 3
      vertex -26.0139 -3.24467 3
      vertex -29.1642 -1.64111 3
    endloop
  endfacet
  facet normal 0 0 1
    outer loop
      vertex -30.6543 4.56561 3
      vertex -28.0157 6.8192 3
      vertex -28.2 7.01852 3
    endloop
  endfacet
  facet normal 0 0 1
    outer loop
      vertex -26.0139 -3.24467 3
      vertex -29.3141 -2.17238 3
      vertex -26.2993 -4.01817 3
    endloop
  endfacet
  facet normal -0 0 1
    outer loop
      vertex -18.2064 -1.79999 3
      vertex -15 -2.79579 3
      vertex -18.2064 1.79999 3
    endloop
  endfacet
  facet normal 0 0 1
    outer loop
      vertex -18.2064 -1.79999 3
      vertex -25.6076 -18 3
      vertex -15 -2.79579 3
    endloop
  endfacet
  facet normal -0 0 1
    outer loop
      vertex -28.2 -16.1242 3
      vertex -25.6076 -18 3
      vertex -18.2064 -1.79999 3
    endloop
  endfacet
  facet normal -0 0 1
    outer loop
      vertex -29.7362 -3.19154 3
      vertex -26.6444 -4.76689 3
      vertex -29.5051 -2.69026 3
    endloop
  endfacet
  facet normal 0 0 1
    outer loop
      vertex -26.6444 -4.76689 3
      vertex -29.7362 -3.19154 3
      vertex -27.0473 -5.48622 3
    endloop
  endfacet
  facet normal -0 0 1
    outer loop
      vertex -30.0059 -3.67316 3
      vertex -27.0473 -5.48622 3
      vertex -29.7362 -3.19154 3
    endloop
  endfacet
  facet normal 0 0 1
    outer loop
      vertex -27.0473 -5.48622 3
      vertex -30.0059 -3.67316 3
      vertex -27.5053 -6.17174 3
    endloop
  endfacet
  facet normal -0 0 1
    outer loop
      vertex -30.3126 -4.13213 3
      vertex -27.5053 -6.17174 3
      vertex -30.0059 -3.67316 3
    endloop
  endfacet
  facet normal 0 0 1
    outer loop
      vertex -27.5053 -6.17174 3
      vertex -30.3126 -4.13213 3
      vertex -28.0157 -6.8192 3
    endloop
  endfacet
  facet normal -0 0 1
    outer loop
      vertex -30.6543 -4.56561 3
      vertex -28.0157 -6.8192 3
      vertex -30.3126 -4.13213 3
    endloop
  endfacet
  facet normal 0 0 1
    outer loop
      vertex -28.0157 -6.8192 3
      vertex -30.6543 -4.56561 3
      vertex -28.2 -7.01852 3
    endloop
  endfacet
  facet normal -0 0 1
    outer loop
      vertex -31.029 -4.97095 3
      vertex -28.2 -7.01852 3
      vertex -30.6543 -4.56561 3
    endloop
  endfacet
  facet normal -0 0 1
    outer loop
      vertex -31.4344 -5.34564 3
      vertex -28.2 -7.01852 3
      vertex -31.029 -4.97095 3
    endloop
  endfacet
  facet normal -0 0 1
    outer loop
      vertex -31.8679 -5.68738 3
      vertex -28.2 -7.01852 3
      vertex -31.4344 -5.34564 3
    endloop
  endfacet
  facet normal 0 0 1
    outer loop
      vertex -28.2 -7.01852 3
      vertex -31.8 -9.61691 3
      vertex -28.2 -16.1242 3
    endloop
  endfacet
  facet normal -0 0 1
    outer loop
      vertex -31.8 -15.7163 3
      vertex -28.2 -16.1242 3
      vertex -31.8 -9.61691 3
    endloop
  endfacet
  facet normal 0 0 1
    outer loop
      vertex -34.1372 -18 3
      vertex -28.2 -16.1242 3
      vertex -31.8 -15.7163 3
    endloop
  endfacet
  facet normal 0 0 1
    outer loop
      vertex -28.2 -16.1242 3
      vertex -34.1372 -18 3
      vertex -25.6076 -18 3
    endloop
  endfacet
  facet normal 0 0 1
    outer loop
      vertex -35.1581 -10.4655 3
      vertex -34.1372 -18 3
      vertex -31.8 -15.7163 3
    endloop
  endfacet
  facet normal -0 0 1
    outer loop
      vertex -36 -7.03 3
      vertex -35.1581 -10.4655 3
      vertex -35.4484 -7.00832 3
    endloop
  endfacet
  facet normal 0 0 1
    outer loop
      vertex -36.5516 -7.00832 3
      vertex -35.1581 -10.4655 3
      vertex -36 -7.03 3
    endloop
  endfacet
  facet normal 0 0 1
    outer loop
      vertex -35.1581 -10.4655 3
      vertex -36.5516 -7.00832 3
      vertex -39.2679 -9.97752 3
    endloop
  endfacet
  facet normal 0 0 1
    outer loop
      vertex -39.2679 -9.97752 3
      vertex -36.5516 -7.00832 3
      vertex -37.0997 -6.94344 3
    endloop
  endfacet
  facet normal 0 0 1
    outer loop
      vertex -39.2679 -9.97752 3
      vertex -37.0997 -6.94344 3
      vertex -37.6411 -6.83575 3
    endloop
  endfacet
  facet normal 0 0 1
    outer loop
      vertex -39.2679 -9.97752 3
      vertex -37.6411 -6.83575 3
      vertex -38.1724 -6.68591 3
    endloop
  endfacet
  facet normal 0 0 1
    outer loop
      vertex -39.2679 -9.97752 3
      vertex -38.1724 -6.68591 3
      vertex -38.6903 -6.49487 3
    endloop
  endfacet
  facet normal 0 0 1
    outer loop
      vertex -40.0182 -9.70073 3
      vertex -38.6903 -6.49487 3
      vertex -39.1915 -6.26376 3
    endloop
  endfacet
  facet normal 0 0 1
    outer loop
      vertex -35.1581 -10.4655 3
      vertex -39.2679 -9.97752 3
      vertex -34.1372 -18 3
    endloop
  endfacet
  facet normal 0 0 1
    outer loop
      vertex -40.7669 -9.35556 3
      vertex -39.1915 -6.26376 3
      vertex -39.6732 -5.99405 3
    endloop
  endfacet
  facet normal 0 0 1
    outer loop
      vertex -38.6903 -6.49487 3
      vertex -40.0182 -9.70073 3
      vertex -39.2679 -9.97752 3
    endloop
  endfacet
  facet normal 0 0 1
    outer loop
      vertex -41.4862 -8.95271 3
      vertex -39.6732 -5.99405 3
      vertex -40.1321 -5.68738 3
    endloop
  endfacet
  facet normal 0 0 1
    outer loop
      vertex -42.1717 -8.49467 3
      vertex -40.1321 -5.68738 3
      vertex -40.5656 -5.34564 3
    endloop
  endfacet
  facet normal 0 0 1
    outer loop
      vertex -39.1915 -6.26376 3
      vertex -40.7669 -9.35556 3
      vertex -40.0182 -9.70073 3
    endloop
  endfacet
  facet normal 0 0 1
    outer loop
      vertex -42.8192 -7.98425 3
      vertex -40.5656 -5.34564 3
      vertex -40.9709 -4.97095 3
    endloop
  endfacet
  facet normal 0 0 1
    outer loop
      vertex -43.4246 -7.42461 3
      vertex -40.9709 -4.97095 3
      vertex -41.3456 -4.56561 3
    endloop
  endfacet
  facet normal 0 0 1
    outer loop
      vertex -39.6732 -5.99405 3
      vertex -41.4862 -8.95271 3
      vertex -40.7669 -9.35556 3
    endloop
  endfacet
  facet normal 0 0 1
    outer loop
      vertex -43.9843 -6.8192 3
      vertex -41.3456 -4.56561 3
      vertex -41.6874 -4.13213 3
    endloop
  endfacet
  facet normal 0 0 1
    outer loop
      vertex -44.4947 -6.17174 3
      vertex -41.6874 -4.13213 3
      vertex -41.994 -3.67316 3
    endloop
  endfacet
  facet normal 0 0 1
    outer loop
      vertex -40.1321 -5.68738 3
      vertex -42.1717 -8.49467 3
      vertex -41.4862 -8.95271 3
    endloop
  endfacet
  facet normal 0 0 1
    outer loop
      vertex -45.1427 -5.14688 3
      vertex -41.994 -3.67316 3
      vertex -42.2638 -3.19154 3
    endloop
  endfacet
  facet normal 0 0 1
    outer loop
      vertex -45.1427 -5.14688 3
      vertex -42.2638 -3.19154 3
      vertex -42.4949 -2.69026 3
    endloop
  endfacet
  facet normal 0 0 1
    outer loop
      vertex -45.1427 -5.14688 3
      vertex -42.4949 -2.69026 3
      vertex -42.6859 -2.17238 3
    endloop
  endfacet
  facet normal 0 0 1
    outer loop
      vertex -40.5656 -5.34564 3
      vertex -42.8192 -7.98425 3
      vertex -42.1717 -8.49467 3
    endloop
  endfacet
  facet normal -0 0 1
    outer loop
      vertex -46.8 -1.79999 3
      vertex -42.6859 -2.17238 3
      vertex -42.8358 -1.64111 3
    endloop
  endfacet
  facet normal 0 0 1
    outer loop
      vertex -46.8 -1.79999 3
      vertex -42.8358 -1.64111 3
      vertex -42.9434 -1.09973 3
    endloop
  endfacet
  facet normal 0 0 1
    outer loop
      vertex -43.03 0 3
      vertex -46.8 -1.79999 3
      vertex -43.0083 -0.551559 3
    endloop
  endfacet
  facet normal 0 0 1
    outer loop
      vertex -46.8 -1.79999 3
      vertex -43.03 0 3
      vertex -46.8 1.79999 3
    endloop
  endfacet
  facet normal 0 0 1
    outer loop
      vertex -46.8 1.79999 3
      vertex -42.6859 2.17238 3
      vertex -45.1427 5.14688 3
    endloop
  endfacet
  facet normal 0 0 1
    outer loop
      vertex -40.9709 -4.97095 3
      vertex -43.4246 -7.42461 3
      vertex -42.8192 -7.98425 3
    endloop
  endfacet
  facet normal 0 0 1
    outer loop
      vertex -42.6859 2.17238 3
      vertex -46.8 1.79999 3
      vertex -42.8358 1.64111 3
    endloop
  endfacet
  facet normal 0 0 1
    outer loop
      vertex -41.3456 -4.56561 3
      vertex -43.9843 -6.8192 3
      vertex -43.4246 -7.42461 3
    endloop
  endfacet
  facet normal 0 0 1
    outer loop
      vertex -42.8358 1.64111 3
      vertex -46.8 1.79999 3
      vertex -42.9434 1.09973 3
    endloop
  endfacet
  facet normal 0 0 1
    outer loop
      vertex -41.6874 -4.13213 3
      vertex -44.4947 -6.17174 3
      vertex -43.9843 -6.8192 3
    endloop
  endfacet
  facet normal 0 0 1
    outer loop
      vertex -42.9434 1.09973 3
      vertex -46.8 1.79999 3
      vertex -43.0083 0.551559 3
    endloop
  endfacet
  facet normal 0 0 1
    outer loop
      vertex -43.0083 0.551559 3
      vertex -46.8 1.79999 3
      vertex -43.03 0 3
    endloop
  endfacet
  facet normal 0 0 1
    outer loop
      vertex -41.994 -3.67316 3
      vertex -45.1427 -5.14688 3
      vertex -44.9527 -5.48622 3
    endloop
  endfacet
  facet normal 0 0 1
    outer loop
      vertex -41.994 -3.67316 3
      vertex -44.9527 -5.48622 3
      vertex -44.4947 -6.17174 3
    endloop
  endfacet
  facet normal 0 0 1
    outer loop
      vertex -43.0083 -0.551559 3
      vertex -46.8 -1.79999 3
      vertex -42.9434 -1.09973 3
    endloop
  endfacet
  facet normal -0 0 1
    outer loop
      vertex -55 14.6218 3
      vertex -45.1427 5.14688 3
      vertex -53.3628 18 3
    endloop
  endfacet
  facet normal 0 0 1
    outer loop
      vertex -45.1427 5.14688 3
      vertex -55 14.6218 3
      vertex -46.8 1.79999 3
    endloop
  endfacet
  facet normal 0 0 1
    outer loop
      vertex -60 18 3
      vertex -55 1.79999 3
      vertex -55 14.6218 3
    endloop
  endfacet
  facet normal 0 0 1
    outer loop
      vertex -55 1.79999 3
      vertex -60 18 3
      vertex -55 -1.79999 3
    endloop
  endfacet
  facet normal 0 0 1
    outer loop
      vertex -60 -18 3
      vertex -55 -1.79999 3
      vertex -60 18 3
    endloop
  endfacet
  facet normal -0 0 1
    outer loop
      vertex -60 18 3
      vertex -55 14.6218 3
      vertex -53.3628 18 3
    endloop
  endfacet
  facet normal 0 0 1
    outer loop
      vertex -31.8679 5.68738 3
      vertex -28.2 7.01852 3
      vertex -31.8 9.61691 3
    endloop
  endfacet
  facet normal 0 0 1
    outer loop
      vertex -28.2 7.01852 3
      vertex -31.8679 5.68738 3
      vertex -31.4344 5.34564 3
    endloop
  endfacet
  facet normal 0 0 1
    outer loop
      vertex -33.3097 6.49487 3
      vertex -31.8 9.61691 3
      vertex -31.9818 9.70073 3
    endloop
  endfacet
  facet normal 0 0 1
    outer loop
      vertex -31.8 9.61691 3
      vertex -32.3268 5.99405 3
      vertex -31.8679 5.68738 3
    endloop
  endfacet
  facet normal 0 0 1
    outer loop
      vertex -33.3097 6.49487 3
      vertex -31.9818 9.70073 3
      vertex -32.7553 9.98608 3
    endloop
  endfacet
  facet normal 0 0 1
    outer loop
      vertex -31.8 9.61691 3
      vertex -32.8084 6.26376 3
      vertex -32.3268 5.99405 3
    endloop
  endfacet
  facet normal 0 0 1
    outer loop
      vertex -31.8 9.61691 3
      vertex -33.3097 6.49487 3
      vertex -32.8084 6.26376 3
    endloop
  endfacet
  facet normal 0 0 1
    outer loop
      vertex -33.8276 6.68591 3
      vertex -32.7553 9.98608 3
      vertex -33.5488 10.2099 3
    endloop
  endfacet
  facet normal 0 0 1
    outer loop
      vertex -32.7553 9.98608 3
      vertex -33.8276 6.68591 3
      vertex -33.3097 6.49487 3
    endloop
  endfacet
  facet normal 0 0 1
    outer loop
      vertex -34.3589 6.83575 3
      vertex -33.5488 10.2099 3
      vertex -34.3574 10.3707 3
    endloop
  endfacet
  facet normal 0 0 1
    outer loop
      vertex -33.5488 10.2099 3
      vertex -34.3589 6.83575 3
      vertex -33.8276 6.68591 3
    endloop
  endfacet
  facet normal 0 0 1
    outer loop
      vertex -34.3574 10.3707 3
      vertex -34.9003 6.94344 3
      vertex -34.3589 6.83575 3
    endloop
  endfacet
  facet normal 0 0 1
    outer loop
      vertex -35.1581 10.4655 3
      vertex -34.9003 6.94344 3
      vertex -34.3574 10.3707 3
    endloop
  endfacet
  facet normal 0 0 1
    outer loop
      vertex -34.9003 6.94344 3
      vertex -35.1581 10.4655 3
      vertex -35.4484 7.00832 3
    endloop
  endfacet
  facet normal 0 0 1
    outer loop
      vertex -2.45117 -10.2099 3
      vertex -1.64111 -6.83575 3
      vertex -2.17238 -6.68591 3
    endloop
  endfacet
  facet normal 0 0 1
    outer loop
      vertex -1.64111 -6.83575 3
      vertex -2.45117 -10.2099 3
      vertex -1.79999 -10.3394 3
    endloop
  endfacet
  facet normal 0 0 1
    outer loop
      vertex -3.24467 -9.98608 3
      vertex -2.17238 -6.68591 3
      vertex -2.69026 -6.49487 3
    endloop
  endfacet
  facet normal 0 0 1
    outer loop
      vertex -4.01817 -9.70073 3
      vertex -2.69026 -6.49487 3
      vertex -3.19154 -6.26376 3
    endloop
  endfacet
  facet normal 0 0 1
    outer loop
      vertex -2.17238 -6.68591 3
      vertex -3.24467 -9.98608 3
      vertex -2.45117 -10.2099 3
    endloop
  endfacet
  facet normal 0 0 1
    outer loop
      vertex -4.76689 -9.35556 3
      vertex -3.19154 -6.26376 3
      vertex -3.67316 -5.99405 3
    endloop
  endfacet
  facet normal 0 0 1
    outer loop
      vertex -2.69026 -6.49487 3
      vertex -4.01817 -9.70073 3
      vertex -3.24467 -9.98608 3
    endloop
  endfacet
  facet normal 0 0 1
    outer loop
      vertex -5.48622 -8.95271 3
      vertex -3.67316 -5.99405 3
      vertex -4.13213 -5.68738 3
    endloop
  endfacet
  facet normal 0 0 1
    outer loop
      vertex -6.17174 -8.49467 3
      vertex -4.13213 -5.68738 3
      vertex -4.56561 -5.34564 3
    endloop
  endfacet
  facet normal 0 0 1
    outer loop
      vertex -3.19154 -6.26376 3
      vertex -4.76689 -9.35556 3
      vertex -4.01817 -9.70073 3
    endloop
  endfacet
  facet normal 0 0 1
    outer loop
      vertex -6.8192 -7.98425 3
      vertex -4.56561 -5.34564 3
      vertex -4.97095 -4.97095 3
    endloop
  endfacet
  facet normal 0 0 1
    outer loop
      vertex -7.42461 -7.42461 3
      vertex -4.97095 -4.97095 3
      vertex -5.34564 -4.56561 3
    endloop
  endfacet
  facet normal 0 0 1
    outer loop
      vertex -3.67316 -5.99405 3
      vertex -5.48622 -8.95271 3
      vertex -4.76689 -9.35556 3
    endloop
  endfacet
  facet normal 0 0 1
    outer loop
      vertex -7.98425 -6.8192 3
      vertex -5.34564 -4.56561 3
      vertex -5.68738 -4.13213 3
    endloop
  endfacet
  facet normal 0 0 1
    outer loop
      vertex -8.49467 -6.17174 3
      vertex -5.68738 -4.13213 3
      vertex -5.99405 -3.67316 3
    endloop
  endfacet
  facet normal 0 0 1
    outer loop
      vertex -4.13213 -5.68738 3
      vertex -6.17174 -8.49467 3
      vertex -5.48622 -8.95271 3
    endloop
  endfacet
  facet normal 0 0 1
    outer loop
      vertex -8.95271 -5.48622 3
      vertex -5.99405 -3.67316 3
      vertex -6.26376 -3.19154 3
    endloop
  endfacet
  facet normal 0 0 1
    outer loop
      vertex -9.35556 -4.76689 3
      vertex -6.26376 -3.19154 3
      vertex -6.49487 -2.69026 3
    endloop
  endfacet
  facet normal 0 0 1
    outer loop
      vertex -9.70073 -4.01817 3
      vertex -6.49487 -2.69026 3
      vertex -6.68591 -2.17238 3
    endloop
  endfacet
  facet normal 0 0 1
    outer loop
      vertex -4.56561 -5.34564 3
      vertex -6.8192 -7.98425 3
      vertex -6.17174 -8.49467 3
    endloop
  endfacet
  facet normal 0 0 1
    outer loop
      vertex -9.98608 -3.24467 3
      vertex -6.68591 -2.17238 3
      vertex -6.83575 -1.64111 3
    endloop
  endfacet
  facet normal 0 0 1
    outer loop
      vertex -10.3394 -1.79999 3
      vertex -6.83575 -1.64111 3
      vertex -6.94344 -1.09973 3
    endloop
  endfacet
  facet normal 0 0 1
    outer loop
      vertex -10.3394 -1.79999 3
      vertex -6.94344 -1.09973 3
      vertex -7.00832 -0.551559 3
    endloop
  endfacet
  facet normal 0 0 1
    outer loop
      vertex -10.3394 -1.79999 3
      vertex -7.00832 -0.551559 3
      vertex -7.03 0 3
    endloop
  endfacet
  facet normal 0 0 1
    outer loop
      vertex -6.49487 2.69026 3
      vertex -9.70073 4.01817 3
      vertex -6.68591 2.17238 3
    endloop
  endfacet
  facet normal 0 0 1
    outer loop
      vertex -4.97095 -4.97095 3
      vertex -7.42461 -7.42461 3
      vertex -6.8192 -7.98425 3
    endloop
  endfacet
  facet normal -0 0 1
    outer loop
      vertex -9.98608 3.24467 3
      vertex -6.68591 2.17238 3
      vertex -9.70073 4.01817 3
    endloop
  endfacet
  facet normal 0 0 1
    outer loop
      vertex -5.34564 -4.56561 3
      vertex -7.98425 -6.8192 3
      vertex -7.42461 -7.42461 3
    endloop
  endfacet
  facet normal 0 0 1
    outer loop
      vertex -6.68591 2.17238 3
      vertex -9.98608 3.24467 3
      vertex -6.83575 1.64111 3
    endloop
  endfacet
  facet normal 0 0 1
    outer loop
      vertex -5.68738 -4.13213 3
      vertex -8.49467 -6.17174 3
      vertex -7.98425 -6.8192 3
    endloop
  endfacet
  facet normal -0 0 1
    outer loop
      vertex -10.2099 2.45117 3
      vertex -6.83575 1.64111 3
      vertex -9.98608 3.24467 3
    endloop
  endfacet
  facet normal 0 0 1
    outer loop
      vertex -5.99405 -3.67316 3
      vertex -8.95271 -5.48622 3
      vertex -8.49467 -6.17174 3
    endloop
  endfacet
  facet normal -0 0 1
    outer loop
      vertex -10.3394 1.79999 3
      vertex -6.83575 1.64111 3
      vertex -10.2099 2.45117 3
    endloop
  endfacet
  facet normal 0 0 1
    outer loop
      vertex -6.26376 -3.19154 3
      vertex -9.35556 -4.76689 3
      vertex -8.95271 -5.48622 3
    endloop
  endfacet
  facet normal 0 0 1
    outer loop
      vertex -6.83575 1.64111 3
      vertex -10.3394 1.79999 3
      vertex -6.94344 1.09973 3
    endloop
  endfacet
  facet normal 0 0 1
    outer loop
      vertex -6.49487 -2.69026 3
      vertex -9.70073 -4.01817 3
      vertex -9.35556 -4.76689 3
    endloop
  endfacet
  facet normal 0 0 1
    outer loop
      vertex -6.94344 1.09973 3
      vertex -10.3394 1.79999 3
      vertex -7.00832 0.551559 3
    endloop
  endfacet
  facet normal 0 0 1
    outer loop
      vertex -6.68591 -2.17238 3
      vertex -9.98608 -3.24467 3
      vertex -9.70073 -4.01817 3
    endloop
  endfacet
  facet normal 0 0 1
    outer loop
      vertex -7.00832 0.551559 3
      vertex -10.3394 1.79999 3
      vertex -7.03 0 3
    endloop
  endfacet
  facet normal 0 0 1
    outer loop
      vertex -6.83575 -1.64111 3
      vertex -10.2099 -2.45117 3
      vertex -9.98608 -3.24467 3
    endloop
  endfacet
  facet normal 0 0 1
    outer loop
      vertex -10.3394 -1.79999 3
      vertex -7.03 0 3
      vertex -10.3394 1.79999 3
    endloop
  endfacet
  facet normal 0 0 1
    outer loop
      vertex -6.83575 -1.64111 3
      vertex -10.3394 -1.79999 3
      vertex -10.2099 -2.45117 3
    endloop
  endfacet
  facet normal -0 0 1
    outer loop
      vertex -11.7936 1.79999 3
      vertex -10.3394 -1.79999 3
      vertex -10.3394 1.79999 3
    endloop
  endfacet
  facet normal 0 0 1
    outer loop
      vertex -10.3394 -1.79999 3
      vertex -11.7936 1.79999 3
      vertex -11.7936 -1.79999 3
    endloop
  endfacet
  facet normal 0 0 1
    outer loop
      vertex -1.09973 6.94344 3
      vertex -1.79999 10.3394 3
      vertex -1.64111 6.83575 3
    endloop
  endfacet
  facet normal -0 0 1
    outer loop
      vertex -2.45117 10.2099 3
      vertex -1.64111 6.83575 3
      vertex -1.79999 10.3394 3
    endloop
  endfacet
  facet normal 0 0 1
    outer loop
      vertex -1.64111 6.83575 3
      vertex -2.45117 10.2099 3
      vertex -2.17238 6.68591 3
    endloop
  endfacet
  facet normal -0 0 1
    outer loop
      vertex -3.24467 9.98608 3
      vertex -2.17238 6.68591 3
      vertex -2.45117 10.2099 3
    endloop
  endfacet
  facet normal 0 0 1
    outer loop
      vertex -2.17238 6.68591 3
      vertex -3.24467 9.98608 3
      vertex -2.69026 6.49487 3
    endloop
  endfacet
  facet normal -0 0 1
    outer loop
      vertex -4.01817 9.70073 3
      vertex -2.69026 6.49487 3
      vertex -3.24467 9.98608 3
    endloop
  endfacet
  facet normal 0 0 1
    outer loop
      vertex -2.69026 6.49487 3
      vertex -4.01817 9.70073 3
      vertex -3.19154 6.26376 3
    endloop
  endfacet
  facet normal -0 0 1
    outer loop
      vertex -4.76689 9.35556 3
      vertex -3.19154 6.26376 3
      vertex -4.01817 9.70073 3
    endloop
  endfacet
  facet normal 0 0 1
    outer loop
      vertex -3.19154 6.26376 3
      vertex -4.76689 9.35556 3
      vertex -3.67316 5.99405 3
    endloop
  endfacet
  facet normal -0 0 1
    outer loop
      vertex -5.48622 8.95271 3
      vertex -3.67316 5.99405 3
      vertex -4.76689 9.35556 3
    endloop
  endfacet
  facet normal 0 0 1
    outer loop
      vertex -3.67316 5.99405 3
      vertex -5.48622 8.95271 3
      vertex -4.13213 5.68738 3
    endloop
  endfacet
  facet normal -0 0 1
    outer loop
      vertex -6.17174 8.49467 3
      vertex -4.13213 5.68738 3
      vertex -5.48622 8.95271 3
    endloop
  endfacet
  facet normal 0 0 1
    outer loop
      vertex -4.13213 5.68738 3
      vertex -6.17174 8.49467 3
      vertex -4.56561 5.34564 3
    endloop
  endfacet
  facet normal -0 0 1
    outer loop
      vertex -6.8192 7.98425 3
      vertex -4.56561 5.34564 3
      vertex -6.17174 8.49467 3
    endloop
  endfacet
  facet normal 0 0 1
    outer loop
      vertex -4.56561 5.34564 3
      vertex -6.8192 7.98425 3
      vertex -4.97095 4.97095 3
    endloop
  endfacet
  facet normal -0 0 1
    outer loop
      vertex -7.42461 7.42461 3
      vertex -4.97095 4.97095 3
      vertex -6.8192 7.98425 3
    endloop
  endfacet
  facet normal 0 0 1
    outer loop
      vertex -4.97095 4.97095 3
      vertex -7.42461 7.42461 3
      vertex -5.34564 4.56561 3
    endloop
  endfacet
  facet normal -0 0 1
    outer loop
      vertex -7.98425 6.8192 3
      vertex -5.34564 4.56561 3
      vertex -7.42461 7.42461 3
    endloop
  endfacet
  facet normal 0 0 1
    outer loop
      vertex -5.34564 4.56561 3
      vertex -7.98425 6.8192 3
      vertex -5.68738 4.13213 3
    endloop
  endfacet
  facet normal -0 0 1
    outer loop
      vertex -8.49467 6.17174 3
      vertex -5.68738 4.13213 3
      vertex -7.98425 6.8192 3
    endloop
  endfacet
  facet normal 0 0 1
    outer loop
      vertex -5.68738 4.13213 3
      vertex -8.49467 6.17174 3
      vertex -5.99405 3.67316 3
    endloop
  endfacet
  facet normal -0 0 1
    outer loop
      vertex -8.95271 5.48622 3
      vertex -5.99405 3.67316 3
      vertex -8.49467 6.17174 3
    endloop
  endfacet
  facet normal 0 0 1
    outer loop
      vertex -5.99405 3.67316 3
      vertex -8.95271 5.48622 3
      vertex -6.26376 3.19154 3
    endloop
  endfacet
  facet normal -0 0 1
    outer loop
      vertex -9.35556 4.76689 3
      vertex -6.26376 3.19154 3
      vertex -8.95271 5.48622 3
    endloop
  endfacet
  facet normal 0 0 1
    outer loop
      vertex -6.26376 3.19154 3
      vertex -9.35556 4.76689 3
      vertex -6.49487 2.69026 3
    endloop
  endfacet
  facet normal -0 0 1
    outer loop
      vertex -9.70073 4.01817 3
      vertex -6.49487 2.69026 3
      vertex -9.35556 4.76689 3
    endloop
  endfacet
  facet normal -0 0 1
    outer loop
      vertex 10.3394 1.79999 3
      vertex 11.7936 -1.79999 3
      vertex 11.7936 1.79999 3
    endloop
  endfacet
  facet normal 0 0 1
    outer loop
      vertex 10.3394 1.79999 3
      vertex 10.3394 -1.79999 3
      vertex 11.7936 -1.79999 3
    endloop
  endfacet
  facet normal 0 0 1
    outer loop
      vertex 6.83575 1.64111 3
      vertex 10.3394 1.79999 3
      vertex 10.2099 2.45117 3
    endloop
  endfacet
  facet normal 0 0 1
    outer loop
      vertex 10.3394 1.79999 3
      vertex 7.03 0 3
      vertex 10.3394 -1.79999 3
    endloop
  endfacet
  facet normal 0 0 1
    outer loop
      vertex 6.83575 1.64111 3
      vertex 10.2099 2.45117 3
      vertex 9.98608 3.24467 3
    endloop
  endfacet
  facet normal -0 0 1
    outer loop
      vertex 7.00832 -0.551559 3
      vertex 10.3394 -1.79999 3
      vertex 7.03 0 3
    endloop
  endfacet
  facet normal 0 0 1
    outer loop
      vertex 6.68591 2.17238 3
      vertex 9.98608 3.24467 3
      vertex 9.70073 4.01817 3
    endloop
  endfacet
  facet normal -0 0 1
    outer loop
      vertex 6.94344 -1.09973 3
      vertex 10.3394 -1.79999 3
      vertex 7.00832 -0.551559 3
    endloop
  endfacet
  facet normal 0 0 1
    outer loop
      vertex 6.49487 2.69026 3
      vertex 9.70073 4.01817 3
      vertex 9.35556 4.76689 3
    endloop
  endfacet
  facet normal -0 0 1
    outer loop
      vertex 6.83575 -1.64111 3
      vertex 10.3394 -1.79999 3
      vertex 6.94344 -1.09973 3
    endloop
  endfacet
  facet normal 0 0 1
    outer loop
      vertex 6.26376 3.19154 3
      vertex 9.35556 4.76689 3
      vertex 8.95271 5.48622 3
    endloop
  endfacet
  facet normal 0 0 1
    outer loop
      vertex 10.3394 -1.79999 3
      vertex 6.83575 -1.64111 3
      vertex 10.2099 -2.45117 3
    endloop
  endfacet
  facet normal 0 0 1
    outer loop
      vertex 5.99405 3.67316 3
      vertex 8.95271 5.48622 3
      vertex 8.49467 6.17174 3
    endloop
  endfacet
  facet normal 0 0 1
    outer loop
      vertex 10.2099 -2.45117 3
      vertex 6.83575 -1.64111 3
      vertex 9.98608 -3.24467 3
    endloop
  endfacet
  facet normal 0 0 1
    outer loop
      vertex 5.68738 4.13213 3
      vertex 8.49467 6.17174 3
      vertex 7.98425 6.8192 3
    endloop
  endfacet
  facet normal -0 0 1
    outer loop
      vertex 6.68591 -2.17238 3
      vertex 9.98608 -3.24467 3
      vertex 6.83575 -1.64111 3
    endloop
  endfacet
  facet normal 0 0 1
    outer loop
      vertex 5.34564 4.56561 3
      vertex 7.98425 6.8192 3
      vertex 7.42461 7.42461 3
    endloop
  endfacet
  facet normal 0 0 1
    outer loop
      vertex 9.98608 -3.24467 3
      vertex 6.68591 -2.17238 3
      vertex 9.70073 -4.01817 3
    endloop
  endfacet
  facet normal -0 0 1
    outer loop
      vertex 6.49487 -2.69026 3
      vertex 9.70073 -4.01817 3
      vertex 6.68591 -2.17238 3
    endloop
  endfacet
  facet normal 0 0 1
    outer loop
      vertex 10.3394 1.79999 3
      vertex 7.00832 0.551559 3
      vertex 7.03 0 3
    endloop
  endfacet
  facet normal 0 0 1
    outer loop
      vertex 10.3394 1.79999 3
      vertex 6.94344 1.09973 3
      vertex 7.00832 0.551559 3
    endloop
  endfacet
  facet normal 0 0 1
    outer loop
      vertex 10.3394 1.79999 3
      vertex 6.83575 1.64111 3
      vertex 6.94344 1.09973 3
    endloop
  endfacet
  facet normal 0 0 1
    outer loop
      vertex 4.97095 4.97095 3
      vertex 7.42461 7.42461 3
      vertex 6.8192 7.98425 3
    endloop
  endfacet
  facet normal 0 0 1
    outer loop
      vertex 9.98608 3.24467 3
      vertex 6.68591 2.17238 3
      vertex 6.83575 1.64111 3
    endloop
  endfacet
  facet normal 0 0 1
    outer loop
      vertex 9.70073 4.01817 3
      vertex 6.49487 2.69026 3
      vertex 6.68591 2.17238 3
    endloop
  endfacet
  facet normal 0 0 1
    outer loop
      vertex 9.35556 4.76689 3
      vertex 6.26376 3.19154 3
      vertex 6.49487 2.69026 3
    endloop
  endfacet
  facet normal 0 0 1
    outer loop
      vertex 4.56561 5.34564 3
      vertex 6.8192 7.98425 3
      vertex 6.17174 8.49467 3
    endloop
  endfacet
  facet normal 0 0 1
    outer loop
      vertex 8.95271 5.48622 3
      vertex 5.99405 3.67316 3
      vertex 6.26376 3.19154 3
    endloop
  endfacet
  facet normal 0 0 1
    outer loop
      vertex 8.49467 6.17174 3
      vertex 5.68738 4.13213 3
      vertex 5.99405 3.67316 3
    endloop
  endfacet
  facet normal 0 0 1
    outer loop
      vertex 4.13213 5.68738 3
      vertex 6.17174 8.49467 3
      vertex 5.48622 8.95271 3
    endloop
  endfacet
  facet normal 0 0 1
    outer loop
      vertex 7.98425 6.8192 3
      vertex 5.34564 4.56561 3
      vertex 5.68738 4.13213 3
    endloop
  endfacet
  facet normal 0 0 1
    outer loop
      vertex 7.42461 7.42461 3
      vertex 4.97095 4.97095 3
      vertex 5.34564 4.56561 3
    endloop
  endfacet
  facet normal 0 0 1
    outer loop
      vertex 3.67316 5.99405 3
      vertex 5.48622 8.95271 3
      vertex 4.76689 9.35556 3
    endloop
  endfacet
  facet normal 0 0 1
    outer loop
      vertex 6.8192 7.98425 3
      vertex 4.56561 5.34564 3
      vertex 4.97095 4.97095 3
    endloop
  endfacet
  facet normal 0 0 1
    outer loop
      vertex 6.17174 8.49467 3
      vertex 4.13213 5.68738 3
      vertex 4.56561 5.34564 3
    endloop
  endfacet
  facet normal 0 0 1
    outer loop
      vertex 3.19154 6.26376 3
      vertex 4.76689 9.35556 3
      vertex 4.01817 9.70073 3
    endloop
  endfacet
  facet normal 0 0 1
    outer loop
      vertex 5.48622 8.95271 3
      vertex 3.67316 5.99405 3
      vertex 4.13213 5.68738 3
    endloop
  endfacet
  facet normal 0 0 1
    outer loop
      vertex 2.69026 6.49487 3
      vertex 4.01817 9.70073 3
      vertex 3.24467 9.98608 3
    endloop
  endfacet
  facet normal 0 0 1
    outer loop
      vertex 4.76689 9.35556 3
      vertex 3.19154 6.26376 3
      vertex 3.67316 5.99405 3
    endloop
  endfacet
  facet normal 0 0 1
    outer loop
      vertex 4.01817 9.70073 3
      vertex 2.69026 6.49487 3
      vertex 3.19154 6.26376 3
    endloop
  endfacet
  facet normal 0 0 1
    outer loop
      vertex 2.17238 6.68591 3
      vertex 3.24467 9.98608 3
      vertex 2.45117 10.2099 3
    endloop
  endfacet
  facet normal 0 0 1
    outer loop
      vertex 3.24467 9.98608 3
      vertex 2.17238 6.68591 3
      vertex 2.69026 6.49487 3
    endloop
  endfacet
  facet normal 0 0 1
    outer loop
      vertex 1.64111 6.83575 3
      vertex 2.45117 10.2099 3
      vertex 1.79999 10.3394 3
    endloop
  endfacet
  facet normal 0 0 1
    outer loop
      vertex 2.45117 10.2099 3
      vertex 1.64111 6.83575 3
      vertex 2.17238 6.68591 3
    endloop
  endfacet
  facet normal -0 0 1
    outer loop
      vertex 11.7936 -1.79999 3
      vertex 15 -2.79579 3
      vertex 11.7936 1.79999 3
    endloop
  endfacet
  facet normal 0 0 1
    outer loop
      vertex 11.7936 -1.79999 3
      vertex 4.39241 -18 3
      vertex 15 -2.79579 3
    endloop
  endfacet
  facet normal -0 0 1
    outer loop
      vertex 1.79999 -16.1242 3
      vertex 4.39241 -18 3
      vertex 11.7936 -1.79999 3
    endloop
  endfacet
  facet normal -0 0 1
    outer loop
      vertex 0.551559 -7.00832 3
      vertex 1.79999 -10.3394 3
      vertex 1.09973 -6.94344 3
    endloop
  endfacet
  facet normal -0 0 1
    outer loop
      vertex 0 -7.03 3
      vertex 1.79999 -10.3394 3
      vertex 0.551559 -7.00832 3
    endloop
  endfacet
  facet normal 0 0 1
    outer loop
      vertex 1.79999 -10.3394 3
      vertex 0 -7.03 3
      vertex -1.79999 -10.3394 3
    endloop
  endfacet
  facet normal 0 0 1
    outer loop
      vertex -1.79999 -10.3394 3
      vertex 0 -7.03 3
      vertex -0.551559 -7.00832 3
    endloop
  endfacet
  facet normal 0 0 1
    outer loop
      vertex -1.79999 -10.3394 3
      vertex -0.551559 -7.00832 3
      vertex -1.09973 -6.94344 3
    endloop
  endfacet
  facet normal 0 0 1
    outer loop
      vertex -1.79999 -10.3394 3
      vertex -1.09973 -6.94344 3
      vertex -1.64111 -6.83575 3
    endloop
  endfacet
  facet normal 0 0 1
    outer loop
      vertex 1.79999 -10.3394 3
      vertex -1.79999 -10.3394 3
      vertex 1.79999 -16.1242 3
    endloop
  endfacet
  facet normal 0 0 1
    outer loop
      vertex -1.79999 -16.1242 3
      vertex 1.79999 -16.1242 3
      vertex -1.79999 -10.3394 3
    endloop
  endfacet
  facet normal -0 0 1
    outer loop
      vertex -1.79999 -16.1242 3
      vertex 4.39241 -18 3
      vertex 1.79999 -16.1242 3
    endloop
  endfacet
  facet normal 0 0 1
    outer loop
      vertex -1.79999 -16.1242 3
      vertex -4.39241 -18 3
      vertex 4.39241 -18 3
    endloop
  endfacet
  facet normal 0 0 1
    outer loop
      vertex -11.7936 -1.79999 3
      vertex -4.39241 -18 3
      vertex -1.79999 -16.1242 3
    endloop
  endfacet
  facet normal 0 0 1
    outer loop
      vertex -15 -2.79579 3
      vertex -11.7936 -1.79999 3
      vertex -15 2.79579 3
    endloop
  endfacet
  facet normal 0 0 1
    outer loop
      vertex -11.7936 -1.79999 3
      vertex -15 -2.79579 3
      vertex -4.39241 -18 3
    endloop
  endfacet
  facet normal 0 0 1
    outer loop
      vertex -15 2.79579 3
      vertex -18.2064 1.79999 3
      vertex -15 -2.79579 3
    endloop
  endfacet
  facet normal 0 0 1
    outer loop
      vertex -25.6076 18 3
      vertex -18.2064 1.79999 3
      vertex -15 2.79579 3
    endloop
  endfacet
  facet normal 0 0 1
    outer loop
      vertex -25.6076 18 3
      vertex -28.2 16.1242 3
      vertex -18.2064 1.79999 3
    endloop
  endfacet
  facet normal 0 0 1
    outer loop
      vertex -31.8 9.61691 3
      vertex -28.2 16.1242 3
      vertex -31.8 15.7163 3
    endloop
  endfacet
  facet normal 0 0 1
    outer loop
      vertex -25.6606 1.79999 3
      vertex -28.9917 0.551559 3
      vertex -28.97 0 3
    endloop
  endfacet
  facet normal 0 0 1
    outer loop
      vertex -26.2993 -4.01817 3
      vertex -29.5051 -2.69026 3
      vertex -26.6444 -4.76689 3
    endloop
  endfacet
  facet normal -0 0 1
    outer loop
      vertex -29.5051 -2.69026 3
      vertex -26.2993 -4.01817 3
      vertex -29.3141 -2.17238 3
    endloop
  endfacet
  facet normal 0 0 1
    outer loop
      vertex -25.6606 1.79999 3
      vertex -29.0565 1.09973 3
      vertex -28.9917 0.551559 3
    endloop
  endfacet
  facet normal 0 0 1
    outer loop
      vertex -25.6606 1.79999 3
      vertex -29.1642 1.64111 3
      vertex -29.0565 1.09973 3
    endloop
  endfacet
  facet normal 0 0 1
    outer loop
      vertex -26.0139 3.24467 3
      vertex -29.3141 2.17238 3
      vertex -29.1642 1.64111 3
    endloop
  endfacet
  facet normal 0 0 1
    outer loop
      vertex -26.2993 4.01817 3
      vertex -29.5051 2.69026 3
      vertex -29.3141 2.17238 3
    endloop
  endfacet
  facet normal 0 0 1
    outer loop
      vertex -26.6444 4.76689 3
      vertex -29.7362 3.19154 3
      vertex -29.5051 2.69026 3
    endloop
  endfacet
  facet normal 0 0 1
    outer loop
      vertex -27.0473 5.48622 3
      vertex -30.0059 3.67316 3
      vertex -29.7362 3.19154 3
    endloop
  endfacet
  facet normal 0 0 1
    outer loop
      vertex -27.5053 6.17174 3
      vertex -30.3126 4.13213 3
      vertex -30.0059 3.67316 3
    endloop
  endfacet
  facet normal 0 0 1
    outer loop
      vertex -28.0157 6.8192 3
      vertex -30.6543 4.56561 3
      vertex -30.3126 4.13213 3
    endloop
  endfacet
  facet normal 0 0 1
    outer loop
      vertex -28.2 7.01852 3
      vertex -31.029 4.97095 3
      vertex -30.6543 4.56561 3
    endloop
  endfacet
  facet normal 0 0 1
    outer loop
      vertex -28.2 7.01852 3
      vertex -31.4344 5.34564 3
      vertex -31.029 4.97095 3
    endloop
  endfacet
  facet normal 0 0 1
    outer loop
      vertex -28.2 16.1242 3
      vertex -31.8 9.61691 3
      vertex -28.2 7.01852 3
    endloop
  endfacet
  facet normal -0 0 1
    outer loop
      vertex -34.1372 18 3
      vertex -28.2 16.1242 3
      vertex -25.6076 18 3
    endloop
  endfacet
  facet normal 0 0 1
    outer loop
      vertex -28.2 16.1242 3
      vertex -34.1372 18 3
      vertex -31.8 15.7163 3
    endloop
  endfacet
  facet normal 0 0 1
    outer loop
      vertex -34.1372 18 3
      vertex -35.1581 10.4655 3
      vertex -31.8 15.7163 3
    endloop
  endfacet
  facet normal 0 0 1
    outer loop
      vertex -35.1581 10.4655 3
      vertex -36 7.03 3
      vertex -35.4484 7.00832 3
    endloop
  endfacet
  facet normal 0 0 1
    outer loop
      vertex -39.2679 9.97752 3
      vertex -35.1581 10.4655 3
      vertex -34.1372 18 3
    endloop
  endfacet
  facet normal 0 -0 1
    outer loop
      vertex -36.5516 7.00832 3
      vertex -35.1581 10.4655 3
      vertex -39.2679 9.97752 3
    endloop
  endfacet
  facet normal 0 0 1
    outer loop
      vertex -35.1581 10.4655 3
      vertex -36.5516 7.00832 3
      vertex -36 7.03 3
    endloop
  endfacet
  facet normal 0 0 1
    outer loop
      vertex -36.5516 7.00832 3
      vertex -39.2679 9.97752 3
      vertex -37.0997 6.94344 3
    endloop
  endfacet
  facet normal 0 0 1
    outer loop
      vertex -37.0997 6.94344 3
      vertex -39.2679 9.97752 3
      vertex -37.6411 6.83575 3
    endloop
  endfacet
  facet normal 0 0 1
    outer loop
      vertex -37.6411 6.83575 3
      vertex -39.2679 9.97752 3
      vertex -38.1724 6.68591 3
    endloop
  endfacet
  facet normal 0 0 1
    outer loop
      vertex -38.1724 6.68591 3
      vertex -39.2679 9.97752 3
      vertex -38.6903 6.49487 3
    endloop
  endfacet
  facet normal -0 0 1
    outer loop
      vertex -40.0182 9.70073 3
      vertex -38.6903 6.49487 3
      vertex -39.2679 9.97752 3
    endloop
  endfacet
  facet normal 0 0 1
    outer loop
      vertex -38.6903 6.49487 3
      vertex -40.0182 9.70073 3
      vertex -39.1915 6.26376 3
    endloop
  endfacet
  facet normal -0 0 1
    outer loop
      vertex -40.7669 9.35556 3
      vertex -39.1915 6.26376 3
      vertex -40.0182 9.70073 3
    endloop
  endfacet
  facet normal 0 0 1
    outer loop
      vertex -39.1915 6.26376 3
      vertex -40.7669 9.35556 3
      vertex -39.6732 5.99405 3
    endloop
  endfacet
  facet normal -0 0 1
    outer loop
      vertex -41.4862 8.95271 3
      vertex -39.6732 5.99405 3
      vertex -40.7669 9.35556 3
    endloop
  endfacet
  facet normal 0 0 1
    outer loop
      vertex -39.6732 5.99405 3
      vertex -41.4862 8.95271 3
      vertex -40.1321 5.68738 3
    endloop
  endfacet
  facet normal -0 0 1
    outer loop
      vertex -42.1717 8.49467 3
      vertex -40.1321 5.68738 3
      vertex -41.4862 8.95271 3
    endloop
  endfacet
  facet normal 0 0 1
    outer loop
      vertex -40.1321 5.68738 3
      vertex -42.1717 8.49467 3
      vertex -40.5656 5.34564 3
    endloop
  endfacet
  facet normal -0 0 1
    outer loop
      vertex -42.8192 7.98425 3
      vertex -40.5656 5.34564 3
      vertex -42.1717 8.49467 3
    endloop
  endfacet
  facet normal 0 0 1
    outer loop
      vertex -40.5656 5.34564 3
      vertex -42.8192 7.98425 3
      vertex -40.9709 4.97095 3
    endloop
  endfacet
  facet normal -0 0 1
    outer loop
      vertex -43.4246 7.42461 3
      vertex -40.9709 4.97095 3
      vertex -42.8192 7.98425 3
    endloop
  endfacet
  facet normal 0 0 1
    outer loop
      vertex -40.9709 4.97095 3
      vertex -43.4246 7.42461 3
      vertex -41.3456 4.56561 3
    endloop
  endfacet
  facet normal -0 0 1
    outer loop
      vertex -43.9843 6.8192 3
      vertex -41.3456 4.56561 3
      vertex -43.4246 7.42461 3
    endloop
  endfacet
  facet normal 0 0 1
    outer loop
      vertex -41.3456 4.56561 3
      vertex -43.9843 6.8192 3
      vertex -41.6874 4.13213 3
    endloop
  endfacet
  facet normal -0 0 1
    outer loop
      vertex -44.4947 6.17174 3
      vertex -41.6874 4.13213 3
      vertex -43.9843 6.8192 3
    endloop
  endfacet
  facet normal 0 0 1
    outer loop
      vertex -41.6874 4.13213 3
      vertex -44.4947 6.17174 3
      vertex -41.994 3.67316 3
    endloop
  endfacet
  facet normal -0 0 1
    outer loop
      vertex -44.9527 5.48622 3
      vertex -41.994 3.67316 3
      vertex -44.4947 6.17174 3
    endloop
  endfacet
  facet normal -0 0 1
    outer loop
      vertex -45.1427 5.14688 3
      vertex -41.994 3.67316 3
      vertex -44.9527 5.48622 3
    endloop
  endfacet
  facet normal 0 0 1
    outer loop
      vertex -41.994 3.67316 3
      vertex -45.1427 5.14688 3
      vertex -42.2638 3.19154 3
    endloop
  endfacet
  facet normal 0 0 1
    outer loop
      vertex -42.2638 3.19154 3
      vertex -45.1427 5.14688 3
      vertex -42.4949 2.69026 3
    endloop
  endfacet
  facet normal 0 0 1
    outer loop
      vertex -42.4949 2.69026 3
      vertex -45.1427 5.14688 3
      vertex -42.6859 2.17238 3
    endloop
  endfacet
  facet normal 0 0 1
    outer loop
      vertex 9.70073 -4.01817 3
      vertex 6.49487 -2.69026 3
      vertex 9.35556 -4.76689 3
    endloop
  endfacet
  facet normal -0 0 1
    outer loop
      vertex 6.26376 -3.19154 3
      vertex 9.35556 -4.76689 3
      vertex 6.49487 -2.69026 3
    endloop
  endfacet
  facet normal 0 0 1
    outer loop
      vertex 9.35556 -4.76689 3
      vertex 6.26376 -3.19154 3
      vertex 8.95271 -5.48622 3
    endloop
  endfacet
  facet normal -0 0 1
    outer loop
      vertex 5.99405 -3.67316 3
      vertex 8.95271 -5.48622 3
      vertex 6.26376 -3.19154 3
    endloop
  endfacet
  facet normal 0 0 1
    outer loop
      vertex 8.95271 -5.48622 3
      vertex 5.99405 -3.67316 3
      vertex 8.49467 -6.17174 3
    endloop
  endfacet
  facet normal -0 0 1
    outer loop
      vertex 5.68738 -4.13213 3
      vertex 8.49467 -6.17174 3
      vertex 5.99405 -3.67316 3
    endloop
  endfacet
  facet normal 0 0 1
    outer loop
      vertex 8.49467 -6.17174 3
      vertex 5.68738 -4.13213 3
      vertex 7.98425 -6.8192 3
    endloop
  endfacet
  facet normal -0 0 1
    outer loop
      vertex 5.34564 -4.56561 3
      vertex 7.98425 -6.8192 3
      vertex 5.68738 -4.13213 3
    endloop
  endfacet
  facet normal 0 0 1
    outer loop
      vertex 7.98425 -6.8192 3
      vertex 5.34564 -4.56561 3
      vertex 7.42461 -7.42461 3
    endloop
  endfacet
  facet normal -0 0 1
    outer loop
      vertex 4.97095 -4.97095 3
      vertex 7.42461 -7.42461 3
      vertex 5.34564 -4.56561 3
    endloop
  endfacet
  facet normal 0 0 1
    outer loop
      vertex 7.42461 -7.42461 3
      vertex 4.97095 -4.97095 3
      vertex 6.8192 -7.98425 3
    endloop
  endfacet
  facet normal -0 0 1
    outer loop
      vertex 4.56561 -5.34564 3
      vertex 6.8192 -7.98425 3
      vertex 4.97095 -4.97095 3
    endloop
  endfacet
  facet normal 0 0 1
    outer loop
      vertex 6.8192 -7.98425 3
      vertex 4.56561 -5.34564 3
      vertex 6.17174 -8.49467 3
    endloop
  endfacet
  facet normal -0 0 1
    outer loop
      vertex 4.13213 -5.68738 3
      vertex 6.17174 -8.49467 3
      vertex 4.56561 -5.34564 3
    endloop
  endfacet
  facet normal 0 0 1
    outer loop
      vertex 6.17174 -8.49467 3
      vertex 4.13213 -5.68738 3
      vertex 5.48622 -8.95271 3
    endloop
  endfacet
  facet normal -0 0 1
    outer loop
      vertex 3.67316 -5.99405 3
      vertex 5.48622 -8.95271 3
      vertex 4.13213 -5.68738 3
    endloop
  endfacet
  facet normal 0 0 1
    outer loop
      vertex 5.48622 -8.95271 3
      vertex 3.67316 -5.99405 3
      vertex 4.76689 -9.35556 3
    endloop
  endfacet
  facet normal -0 0 1
    outer loop
      vertex 3.19154 -6.26376 3
      vertex 4.76689 -9.35556 3
      vertex 3.67316 -5.99405 3
    endloop
  endfacet
  facet normal 0 0 1
    outer loop
      vertex 4.76689 -9.35556 3
      vertex 3.19154 -6.26376 3
      vertex 4.01817 -9.70073 3
    endloop
  endfacet
  facet normal -0 0 1
    outer loop
      vertex 2.69026 -6.49487 3
      vertex 4.01817 -9.70073 3
      vertex 3.19154 -6.26376 3
    endloop
  endfacet
  facet normal 0 0 1
    outer loop
      vertex 4.01817 -9.70073 3
      vertex 2.69026 -6.49487 3
      vertex 3.24467 -9.98608 3
    endloop
  endfacet
  facet normal -0 0 1
    outer loop
      vertex 2.17238 -6.68591 3
      vertex 3.24467 -9.98608 3
      vertex 2.69026 -6.49487 3
    endloop
  endfacet
  facet normal 0 0 1
    outer loop
      vertex 3.24467 -9.98608 3
      vertex 2.17238 -6.68591 3
      vertex 2.45117 -10.2099 3
    endloop
  endfacet
  facet normal -0 0 1
    outer loop
      vertex 1.64111 -6.83575 3
      vertex 2.45117 -10.2099 3
      vertex 2.17238 -6.68591 3
    endloop
  endfacet
  facet normal -0 0 1
    outer loop
      vertex 1.09973 -6.94344 3
      vertex 1.79999 -10.3394 3
      vertex 1.64111 -6.83575 3
    endloop
  endfacet
  facet normal 0 0 1
    outer loop
      vertex 2.45117 -10.2099 3
      vertex 1.64111 -6.83575 3
      vertex 1.79999 -10.3394 3
    endloop
  endfacet
  facet normal -0 0 1
    outer loop
      vertex 26.0139 3.24467 3
      vertex 29.3141 2.17238 3
      vertex 26.2993 4.01817 3
    endloop
  endfacet
  facet normal 0 0 1
    outer loop
      vertex 29.3141 2.17238 3
      vertex 26.0139 3.24467 3
      vertex 29.1642 1.64111 3
    endloop
  endfacet
  facet normal 0 -0 1
    outer loop
      vertex 28.0157 -6.8192 3
      vertex 28.97 0 3
      vertex 27.5053 -6.17174 3
    endloop
  endfacet
  facet normal 0 0 1
    outer loop
      vertex 28.97 0 3
      vertex 28.0157 -6.8192 3
      vertex 28.2 -7.01852 3
    endloop
  endfacet
  facet normal -0 0 1
    outer loop
      vertex 25.7901 2.45117 3
      vertex 29.1642 1.64111 3
      vertex 26.0139 3.24467 3
    endloop
  endfacet
  facet normal 0 0 1
    outer loop
      vertex 28.97 0 3
      vertex 27.0473 -5.48622 3
      vertex 27.5053 -6.17174 3
    endloop
  endfacet
  facet normal -0 0 1
    outer loop
      vertex 25.6606 1.79999 3
      vertex 29.1642 1.64111 3
      vertex 25.7901 2.45117 3
    endloop
  endfacet
  facet normal 0 0 1
    outer loop
      vertex 28.97 0 3
      vertex 26.6444 -4.76689 3
      vertex 27.0473 -5.48622 3
    endloop
  endfacet
  facet normal 0 0 1
    outer loop
      vertex 29.1642 1.64111 3
      vertex 25.6606 1.79999 3
      vertex 29.0565 1.09973 3
    endloop
  endfacet
  facet normal 0 0 1
    outer loop
      vertex 28.97 0 3
      vertex 26.2993 -4.01817 3
      vertex 26.6444 -4.76689 3
    endloop
  endfacet
  facet normal 0 0 1
    outer loop
      vertex 29.0565 1.09973 3
      vertex 25.6606 1.79999 3
      vertex 28.9917 0.551559 3
    endloop
  endfacet
  facet normal 0 0 1
    outer loop
      vertex 28.97 0 3
      vertex 26.0139 -3.24467 3
      vertex 26.2993 -4.01817 3
    endloop
  endfacet
  facet normal 0 0 1
    outer loop
      vertex 28.9917 0.551559 3
      vertex 25.6606 1.79999 3
      vertex 28.97 0 3
    endloop
  endfacet
  facet normal 0 0 1
    outer loop
      vertex 28.97 0 3
      vertex 25.7901 -2.45117 3
      vertex 26.0139 -3.24467 3
    endloop
  endfacet
  facet normal 0 0 1
    outer loop
      vertex 25.6606 -1.79999 3
      vertex 28.97 0 3
      vertex 25.6606 1.79999 3
    endloop
  endfacet
  facet normal 0 0 1
    outer loop
      vertex 28.97 0 3
      vertex 25.6606 -1.79999 3
      vertex 25.7901 -2.45117 3
    endloop
  endfacet
  facet normal -0 0 1
    outer loop
      vertex 18.2064 1.79999 3
      vertex 25.6606 -1.79999 3
      vertex 25.6606 1.79999 3
    endloop
  endfacet
  facet normal 0 0 1
    outer loop
      vertex 25.6606 -1.79999 3
      vertex 18.2064 1.79999 3
      vertex 18.2064 -1.79999 3
    endloop
  endfacet
  facet normal 0 0 1
    outer loop
      vertex 34.9003 -6.94344 3
      vertex 35.1581 -10.4655 3
      vertex 35.4484 -7.00832 3
    endloop
  endfacet
  facet normal 0 0 1
    outer loop
      vertex 34.3574 -10.3707 3
      vertex 34.9003 -6.94344 3
      vertex 34.3589 -6.83575 3
    endloop
  endfacet
  facet normal 0 0 1
    outer loop
      vertex 34.9003 -6.94344 3
      vertex 34.3574 -10.3707 3
      vertex 35.1581 -10.4655 3
    endloop
  endfacet
  facet normal 0 0 1
    outer loop
      vertex 33.5488 -10.2099 3
      vertex 34.3589 -6.83575 3
      vertex 33.8276 -6.68591 3
    endloop
  endfacet
  facet normal 0 0 1
    outer loop
      vertex 34.3589 -6.83575 3
      vertex 33.5488 -10.2099 3
      vertex 34.3574 -10.3707 3
    endloop
  endfacet
  facet normal 0 0 1
    outer loop
      vertex 32.7553 -9.98608 3
      vertex 33.8276 -6.68591 3
      vertex 33.3097 -6.49487 3
    endloop
  endfacet
  facet normal 0 0 1
    outer loop
      vertex 31.8 -9.61691 3
      vertex 33.3097 -6.49487 3
      vertex 32.8084 -6.26376 3
    endloop
  endfacet
  facet normal 0 0 1
    outer loop
      vertex 33.8276 -6.68591 3
      vertex 32.7553 -9.98608 3
      vertex 33.5488 -10.2099 3
    endloop
  endfacet
  facet normal 0 0 1
    outer loop
      vertex 31.8 -9.61691 3
      vertex 32.8084 -6.26376 3
      vertex 32.3268 -5.99405 3
    endloop
  endfacet
  facet normal 0 0 1
    outer loop
      vertex 33.3097 -6.49487 3
      vertex 31.9818 -9.70073 3
      vertex 32.7553 -9.98608 3
    endloop
  endfacet
  facet normal 0 0 1
    outer loop
      vertex 31.8 -9.61691 3
      vertex 32.3268 -5.99405 3
      vertex 31.8679 -5.68738 3
    endloop
  endfacet
  facet normal 0 0 1
    outer loop
      vertex 33.3097 -6.49487 3
      vertex 31.8 -9.61691 3
      vertex 31.9818 -9.70073 3
    endloop
  endfacet
  facet normal 0 0 1
    outer loop
      vertex 31.8679 -5.68738 3
      vertex 28.2 -7.01852 3
      vertex 31.8 -9.61691 3
    endloop
  endfacet
  facet normal 0 0 1
    outer loop
      vertex 28.2 -7.01852 3
      vertex 31.8679 -5.68738 3
      vertex 31.4344 -5.34564 3
    endloop
  endfacet
  facet normal -0 0 1
    outer loop
      vertex 42.4949 -2.69026 3
      vertex 45.1427 -5.14688 3
      vertex 42.6859 -2.17238 3
    endloop
  endfacet
  facet normal -0 0 1
    outer loop
      vertex 42.2638 -3.19154 3
      vertex 45.1427 -5.14688 3
      vertex 42.4949 -2.69026 3
    endloop
  endfacet
  facet normal -0 0 1
    outer loop
      vertex 41.994 -3.67316 3
      vertex 45.1427 -5.14688 3
      vertex 42.2638 -3.19154 3
    endloop
  endfacet
  facet normal 0 0 1
    outer loop
      vertex 45.1427 -5.14688 3
      vertex 41.994 -3.67316 3
      vertex 44.9527 -5.48622 3
    endloop
  endfacet
  facet normal 0 0 1
    outer loop
      vertex 44.9527 -5.48622 3
      vertex 41.994 -3.67316 3
      vertex 44.4947 -6.17174 3
    endloop
  endfacet
  facet normal -0 0 1
    outer loop
      vertex 41.6874 -4.13213 3
      vertex 44.4947 -6.17174 3
      vertex 41.994 -3.67316 3
    endloop
  endfacet
  facet normal 0 0 1
    outer loop
      vertex 44.4947 -6.17174 3
      vertex 41.6874 -4.13213 3
      vertex 43.9843 -6.8192 3
    endloop
  endfacet
  facet normal -0 0 1
    outer loop
      vertex 41.3456 -4.56561 3
      vertex 43.9843 -6.8192 3
      vertex 41.6874 -4.13213 3
    endloop
  endfacet
  facet normal 0 0 1
    outer loop
      vertex 43.9843 -6.8192 3
      vertex 41.3456 -4.56561 3
      vertex 43.4246 -7.42461 3
    endloop
  endfacet
  facet normal -0 0 1
    outer loop
      vertex 40.9709 -4.97095 3
      vertex 43.4246 -7.42461 3
      vertex 41.3456 -4.56561 3
    endloop
  endfacet
  facet normal 0 0 1
    outer loop
      vertex 43.4246 -7.42461 3
      vertex 40.9709 -4.97095 3
      vertex 42.8192 -7.98425 3
    endloop
  endfacet
  facet normal -0 0 1
    outer loop
      vertex 40.5656 -5.34564 3
      vertex 42.8192 -7.98425 3
      vertex 40.9709 -4.97095 3
    endloop
  endfacet
  facet normal 0 0 1
    outer loop
      vertex 42.8192 -7.98425 3
      vertex 40.5656 -5.34564 3
      vertex 42.1717 -8.49467 3
    endloop
  endfacet
  facet normal -0 0 1
    outer loop
      vertex 40.1321 -5.68738 3
      vertex 42.1717 -8.49467 3
      vertex 40.5656 -5.34564 3
    endloop
  endfacet
  facet normal 0 0 1
    outer loop
      vertex 42.1717 -8.49467 3
      vertex 40.1321 -5.68738 3
      vertex 41.4862 -8.95271 3
    endloop
  endfacet
  facet normal -0 0 1
    outer loop
      vertex 39.6732 -5.99405 3
      vertex 41.4862 -8.95271 3
      vertex 40.1321 -5.68738 3
    endloop
  endfacet
  facet normal 0 0 1
    outer loop
      vertex 41.4862 -8.95271 3
      vertex 39.6732 -5.99405 3
      vertex 40.7669 -9.35556 3
    endloop
  endfacet
  facet normal -0 0 1
    outer loop
      vertex 39.1915 -6.26376 3
      vertex 40.7669 -9.35556 3
      vertex 39.6732 -5.99405 3
    endloop
  endfacet
  facet normal 0 0 1
    outer loop
      vertex 40.7669 -9.35556 3
      vertex 39.1915 -6.26376 3
      vertex 40.0182 -9.70073 3
    endloop
  endfacet
  facet normal -0 0 1
    outer loop
      vertex 38.6903 -6.49487 3
      vertex 40.0182 -9.70073 3
      vertex 39.1915 -6.26376 3
    endloop
  endfacet
  facet normal 0 0 1
    outer loop
      vertex 40.0182 -9.70073 3
      vertex 38.6903 -6.49487 3
      vertex 39.2679 -9.97752 3
    endloop
  endfacet
  facet normal -0 0 1
    outer loop
      vertex 38.1724 -6.68591 3
      vertex 39.2679 -9.97752 3
      vertex 38.6903 -6.49487 3
    endloop
  endfacet
  facet normal -0 0 1
    outer loop
      vertex 37.6411 -6.83575 3
      vertex 39.2679 -9.97752 3
      vertex 38.1724 -6.68591 3
    endloop
  endfacet
  facet normal -0 0 1
    outer loop
      vertex 37.0997 -6.94344 3
      vertex 39.2679 -9.97752 3
      vertex 37.6411 -6.83575 3
    endloop
  endfacet
  facet normal -0 0 1
    outer loop
      vertex 36.5516 -7.00832 3
      vertex 39.2679 -9.97752 3
      vertex 37.0997 -6.94344 3
    endloop
  endfacet
  facet normal 0 0 1
    outer loop
      vertex 35.1581 -10.4655 3
      vertex 36.5516 -7.00832 3
      vertex 36 -7.03 3
    endloop
  endfacet
  facet normal 0 0 1
    outer loop
      vertex 35.1581 -10.4655 3
      vertex 36 -7.03 3
      vertex 35.4484 -7.00832 3
    endloop
  endfacet
  facet normal 0 0 1
    outer loop
      vertex 36.5516 -7.00832 3
      vertex 35.1581 -10.4655 3
      vertex 39.2679 -9.97752 3
    endloop
  endfacet
  facet normal -0 0 1
    outer loop
      vertex 35.1581 -10.4655 3
      vertex 34.1372 -18 3
      vertex 39.2679 -9.97752 3
    endloop
  endfacet
  facet normal -0 0 1
    outer loop
      vertex 31.8 -15.7163 3
      vertex 34.1372 -18 3
      vertex 35.1581 -10.4655 3
    endloop
  endfacet
  facet normal 0 0 1
    outer loop
      vertex 28.2 -7.01852 3
      vertex 31.4344 -5.34564 3
      vertex 31.029 -4.97095 3
    endloop
  endfacet
  facet normal 0 0 1
    outer loop
      vertex 28.2 -7.01852 3
      vertex 31.029 -4.97095 3
      vertex 30.6543 -4.56561 3
    endloop
  endfacet
  facet normal 0 0 1
    outer loop
      vertex 28.2 -7.01852 3
      vertex 30.6543 -4.56561 3
      vertex 30.3126 -4.13213 3
    endloop
  endfacet
  facet normal 0 0 1
    outer loop
      vertex 28.2 -7.01852 3
      vertex 30.3126 -4.13213 3
      vertex 30.0059 -3.67316 3
    endloop
  endfacet
  facet normal 0 0 1
    outer loop
      vertex 28.2 -7.01852 3
      vertex 30.0059 -3.67316 3
      vertex 29.7362 -3.19154 3
    endloop
  endfacet
  facet normal 0 0 1
    outer loop
      vertex 28.2 -7.01852 3
      vertex 29.7362 -3.19154 3
      vertex 29.5051 -2.69026 3
    endloop
  endfacet
  facet normal 0 0 1
    outer loop
      vertex 28.2 -7.01852 3
      vertex 29.5051 -2.69026 3
      vertex 29.3141 -2.17238 3
    endloop
  endfacet
  facet normal 0 0 1
    outer loop
      vertex 28.2 -7.01852 3
      vertex 29.3141 -2.17238 3
      vertex 29.1642 -1.64111 3
    endloop
  endfacet
  facet normal 0 0 1
    outer loop
      vertex 28.2 -7.01852 3
      vertex 29.1642 -1.64111 3
      vertex 29.0565 -1.09973 3
    endloop
  endfacet
  facet normal -0 0 1
    outer loop
      vertex 26.2993 4.01817 3
      vertex 29.5051 2.69026 3
      vertex 26.6444 4.76689 3
    endloop
  endfacet
  facet normal 0 0 1
    outer loop
      vertex 29.5051 2.69026 3
      vertex 26.2993 4.01817 3
      vertex 29.3141 2.17238 3
    endloop
  endfacet
  facet normal 0 0 1
    outer loop
      vertex 28.97 0 3
      vertex 28.2 -7.01852 3
      vertex 28.9917 -0.551559 3
    endloop
  endfacet
  facet normal 0 0 1
    outer loop
      vertex 28.2 -7.01852 3
      vertex 29.0565 -1.09973 3
      vertex 28.9917 -0.551559 3
    endloop
  endfacet
  facet normal 0 0 1
    outer loop
      vertex 28.2 -16.1242 3
      vertex 31.8 -9.61691 3
      vertex 28.2 -7.01852 3
    endloop
  endfacet
  facet normal 0 0 1
    outer loop
      vertex 31.8 -9.61691 3
      vertex 28.2 -16.1242 3
      vertex 31.8 -15.7163 3
    endloop
  endfacet
  facet normal -0 0 1
    outer loop
      vertex 28.2 -16.1242 3
      vertex 34.1372 -18 3
      vertex 31.8 -15.7163 3
    endloop
  endfacet
  facet normal 0 0 1
    outer loop
      vertex 28.2 -16.1242 3
      vertex 25.6076 -18 3
      vertex 34.1372 -18 3
    endloop
  endfacet
  facet normal 0 0 1
    outer loop
      vertex 18.2064 -1.79999 3
      vertex 25.6076 -18 3
      vertex 28.2 -16.1242 3
    endloop
  endfacet
  facet normal 0 0 1
    outer loop
      vertex 15 -2.79579 3
      vertex 18.2064 -1.79999 3
      vertex 15 2.79579 3
    endloop
  endfacet
  facet normal 0 0 1
    outer loop
      vertex 18.2064 -1.79999 3
      vertex 15 -2.79579 3
      vertex 25.6076 -18 3
    endloop
  endfacet
  facet normal 0 0 1
    outer loop
      vertex 15 2.79579 3
      vertex 11.7936 1.79999 3
      vertex 15 -2.79579 3
    endloop
  endfacet
  facet normal 0 0 1
    outer loop
      vertex 4.39241 18 3
      vertex 11.7936 1.79999 3
      vertex 15 2.79579 3
    endloop
  endfacet
  facet normal 0 0 1
    outer loop
      vertex 4.39241 18 3
      vertex 1.79999 16.1242 3
      vertex 11.7936 1.79999 3
    endloop
  endfacet
  facet normal -0 0 1
    outer loop
      vertex -1.79999 16.1242 3
      vertex 1.79999 10.3394 3
      vertex 1.79999 16.1242 3
    endloop
  endfacet
  facet normal 0 0 1
    outer loop
      vertex 1.79999 10.3394 3
      vertex 1.09973 6.94344 3
      vertex 1.64111 6.83575 3
    endloop
  endfacet
  facet normal 0 0 1
    outer loop
      vertex 1.79999 10.3394 3
      vertex 0.551559 7.00832 3
      vertex 1.09973 6.94344 3
    endloop
  endfacet
  facet normal 0 0 1
    outer loop
      vertex 1.79999 10.3394 3
      vertex 0 7.03 3
      vertex 0.551559 7.00832 3
    endloop
  endfacet
  facet normal 0 0 1
    outer loop
      vertex -1.79999 10.3394 3
      vertex 1.79999 10.3394 3
      vertex -1.79999 16.1242 3
    endloop
  endfacet
  facet normal -0 0 1
    outer loop
      vertex -1.79999 10.3394 3
      vertex 0 7.03 3
      vertex 1.79999 10.3394 3
    endloop
  endfacet
  facet normal 0 0 1
    outer loop
      vertex 0 7.03 3
      vertex -1.79999 10.3394 3
      vertex -0.551559 7.00832 3
    endloop
  endfacet
  facet normal 0 0 1
    outer loop
      vertex -0.551559 7.00832 3
      vertex -1.79999 10.3394 3
      vertex -1.09973 6.94344 3
    endloop
  endfacet
  facet normal 0 0 1
    outer loop
      vertex 4.39241 18 3
      vertex -1.79999 16.1242 3
      vertex 1.79999 16.1242 3
    endloop
  endfacet
  facet normal -0 0 1
    outer loop
      vertex -4.39241 18 3
      vertex -1.79999 16.1242 3
      vertex 4.39241 18 3
    endloop
  endfacet
  facet normal 0 0 1
    outer loop
      vertex -4.39241 18 3
      vertex -11.7936 1.79999 3
      vertex -1.79999 16.1242 3
    endloop
  endfacet
  facet normal 0 0 1
    outer loop
      vertex -11.7936 1.79999 3
      vertex -15 2.79579 3
      vertex -11.7936 -1.79999 3
    endloop
  endfacet
  facet normal -0 0 1
    outer loop
      vertex -15 2.79579 3
      vertex -11.7936 1.79999 3
      vertex -4.39241 18 3
    endloop
  endfacet
  facet normal 0 0 1
    outer loop
      vertex 35.1581 10.4655 3
      vertex 34.9003 6.94344 3
      vertex 35.4484 7.00832 3
    endloop
  endfacet
  facet normal -0 0 1
    outer loop
      vertex 34.3574 10.3707 3
      vertex 34.9003 6.94344 3
      vertex 35.1581 10.4655 3
    endloop
  endfacet
  facet normal 0 0 1
    outer loop
      vertex 34.9003 6.94344 3
      vertex 34.3574 10.3707 3
      vertex 34.3589 6.83575 3
    endloop
  endfacet
  facet normal -0 0 1
    outer loop
      vertex 33.5488 10.2099 3
      vertex 34.3589 6.83575 3
      vertex 34.3574 10.3707 3
    endloop
  endfacet
  facet normal 0 0 1
    outer loop
      vertex 34.3589 6.83575 3
      vertex 33.5488 10.2099 3
      vertex 33.8276 6.68591 3
    endloop
  endfacet
  facet normal -0 0 1
    outer loop
      vertex 32.7553 9.98608 3
      vertex 33.8276 6.68591 3
      vertex 33.5488 10.2099 3
    endloop
  endfacet
  facet normal 0 0 1
    outer loop
      vertex 33.8276 6.68591 3
      vertex 32.7553 9.98608 3
      vertex 33.3097 6.49487 3
    endloop
  endfacet
  facet normal -0 0 1
    outer loop
      vertex 31.9818 9.70073 3
      vertex 33.3097 6.49487 3
      vertex 32.7553 9.98608 3
    endloop
  endfacet
  facet normal -0 0 1
    outer loop
      vertex 31.8 9.61691 3
      vertex 33.3097 6.49487 3
      vertex 31.9818 9.70073 3
    endloop
  endfacet
  facet normal 0 0 1
    outer loop
      vertex 33.3097 6.49487 3
      vertex 31.8 9.61691 3
      vertex 32.8084 6.26376 3
    endloop
  endfacet
  facet normal 0 0 1
    outer loop
      vertex 32.8084 6.26376 3
      vertex 31.8 9.61691 3
      vertex 32.3268 5.99405 3
    endloop
  endfacet
  facet normal 0 0 1
    outer loop
      vertex 32.3268 5.99405 3
      vertex 31.8 9.61691 3
      vertex 31.8679 5.68738 3
    endloop
  endfacet
  facet normal -0 0 1
    outer loop
      vertex 28.2 7.01852 3
      vertex 31.8679 5.68738 3
      vertex 31.8 9.61691 3
    endloop
  endfacet
  facet normal -0 0 1
    outer loop
      vertex 46.8 1.79999 3
      vertex 55 -1.79999 3
      vertex 55 1.79999 3
    endloop
  endfacet
  facet normal 0 0 1
    outer loop
      vertex 55 -1.79999 3
      vertex 46.8 1.79999 3
      vertex 46.8 -1.79999 3
    endloop
  endfacet
  facet normal 0 0 1
    outer loop
      vertex 55 1.79999 3
      vertex 60 18 3
      vertex 55 14.6218 3
    endloop
  endfacet
  facet normal -0 0 1
    outer loop
      vertex 53.3628 18 3
      vertex 55 14.6218 3
      vertex 60 18 3
    endloop
  endfacet
  facet normal 0 0 1
    outer loop
      vertex 45.1427 5.14688 3
      vertex 55 14.6218 3
      vertex 53.3628 18 3
    endloop
  endfacet
  facet normal -0 0 1
    outer loop
      vertex 42.6859 2.17238 3
      vertex 46.8 1.79999 3
      vertex 45.1427 5.14688 3
    endloop
  endfacet
  facet normal 0 0 1
    outer loop
      vertex 55 14.6218 3
      vertex 45.1427 5.14688 3
      vertex 46.8 1.79999 3
    endloop
  endfacet
  facet normal 0 0 1
    outer loop
      vertex 60 18 3
      vertex 55 1.79999 3
      vertex 60 -18 3
    endloop
  endfacet
  facet normal -0 0 1
    outer loop
      vertex 55 -1.79999 3
      vertex 60 -18 3
      vertex 55 1.79999 3
    endloop
  endfacet
  facet normal -0 0 1
    outer loop
      vertex 55 -14.6218 3
      vertex 60 -18 3
      vertex 55 -1.79999 3
    endloop
  endfacet
  facet normal 0 0 1
    outer loop
      vertex 55 -14.6218 3
      vertex 53.3628 -18 3
      vertex 60 -18 3
    endloop
  endfacet
  facet normal -0 0 1
    outer loop
      vertex 45.1427 -5.14688 3
      vertex 55 -14.6218 3
      vertex 46.8 -1.79999 3
    endloop
  endfacet
  facet normal 0 0 1
    outer loop
      vertex 55 -14.6218 3
      vertex 45.1427 -5.14688 3
      vertex 53.3628 -18 3
    endloop
  endfacet
  facet normal 0 -0 1
    outer loop
      vertex 43.0083 0.551559 3
      vertex 46.8 1.79999 3
      vertex 42.9434 1.09973 3
    endloop
  endfacet
  facet normal 0 0 1
    outer loop
      vertex 41.994 3.67316 3
      vertex 45.1427 5.14688 3
      vertex 44.9527 5.48622 3
    endloop
  endfacet
  facet normal -0 0 1
    outer loop
      vertex 43.0083 -0.551559 3
      vertex 46.8 -1.79999 3
      vertex 43.03 0 3
    endloop
  endfacet
  facet normal 0 0 1
    outer loop
      vertex 41.994 3.67316 3
      vertex 44.9527 5.48622 3
      vertex 44.4947 6.17174 3
    endloop
  endfacet
  facet normal -0 0 1
    outer loop
      vertex 42.9434 -1.09973 3
      vertex 46.8 -1.79999 3
      vertex 43.0083 -0.551559 3
    endloop
  endfacet
  facet normal 0 0 1
    outer loop
      vertex 41.6874 4.13213 3
      vertex 44.4947 6.17174 3
      vertex 43.9843 6.8192 3
    endloop
  endfacet
  facet normal -0 0 1
    outer loop
      vertex 42.8358 -1.64111 3
      vertex 46.8 -1.79999 3
      vertex 42.9434 -1.09973 3
    endloop
  endfacet
  facet normal 0 0 1
    outer loop
      vertex 41.3456 4.56561 3
      vertex 43.9843 6.8192 3
      vertex 43.4246 7.42461 3
    endloop
  endfacet
  facet normal 0 0 1
    outer loop
      vertex 42.6859 -2.17238 3
      vertex 46.8 -1.79999 3
      vertex 42.8358 -1.64111 3
    endloop
  endfacet
  facet normal 0 0 1
    outer loop
      vertex 46.8 -1.79999 3
      vertex 42.6859 -2.17238 3
      vertex 45.1427 -5.14688 3
    endloop
  endfacet
  facet normal 0 0 1
    outer loop
      vertex 46.8 1.79999 3
      vertex 43.03 0 3
      vertex 46.8 -1.79999 3
    endloop
  endfacet
  facet normal 0 -0 1
    outer loop
      vertex 43.03 0 3
      vertex 46.8 1.79999 3
      vertex 43.0083 0.551559 3
    endloop
  endfacet
  facet normal 0 0 1
    outer loop
      vertex 46.8 1.79999 3
      vertex 42.8358 1.64111 3
      vertex 42.9434 1.09973 3
    endloop
  endfacet
  facet normal 0 0 1
    outer loop
      vertex 40.9709 4.97095 3
      vertex 43.4246 7.42461 3
      vertex 42.8192 7.98425 3
    endloop
  endfacet
  facet normal 0 0 1
    outer loop
      vertex 46.8 1.79999 3
      vertex 42.6859 2.17238 3
      vertex 42.8358 1.64111 3
    endloop
  endfacet
  facet normal 0 0 1
    outer loop
      vertex 45.1427 5.14688 3
      vertex 42.4949 2.69026 3
      vertex 42.6859 2.17238 3
    endloop
  endfacet
  facet normal 0 0 1
    outer loop
      vertex 45.1427 5.14688 3
      vertex 42.2638 3.19154 3
      vertex 42.4949 2.69026 3
    endloop
  endfacet
  facet normal 0 0 1
    outer loop
      vertex 40.5656 5.34564 3
      vertex 42.8192 7.98425 3
      vertex 42.1717 8.49467 3
    endloop
  endfacet
  facet normal 0 0 1
    outer loop
      vertex 45.1427 5.14688 3
      vertex 41.994 3.67316 3
      vertex 42.2638 3.19154 3
    endloop
  endfacet
  facet normal 0 0 1
    outer loop
      vertex 44.4947 6.17174 3
      vertex 41.6874 4.13213 3
      vertex 41.994 3.67316 3
    endloop
  endfacet
  facet normal 0 0 1
    outer loop
      vertex 40.1321 5.68738 3
      vertex 42.1717 8.49467 3
      vertex 41.4862 8.95271 3
    endloop
  endfacet
  facet normal 0 0 1
    outer loop
      vertex 43.9843 6.8192 3
      vertex 41.3456 4.56561 3
      vertex 41.6874 4.13213 3
    endloop
  endfacet
  facet normal 0 0 1
    outer loop
      vertex 43.4246 7.42461 3
      vertex 40.9709 4.97095 3
      vertex 41.3456 4.56561 3
    endloop
  endfacet
  facet normal 0 0 1
    outer loop
      vertex 39.6732 5.99405 3
      vertex 41.4862 8.95271 3
      vertex 40.7669 9.35556 3
    endloop
  endfacet
  facet normal 0 0 1
    outer loop
      vertex 42.8192 7.98425 3
      vertex 40.5656 5.34564 3
      vertex 40.9709 4.97095 3
    endloop
  endfacet
  facet normal 0 0 1
    outer loop
      vertex 42.1717 8.49467 3
      vertex 40.1321 5.68738 3
      vertex 40.5656 5.34564 3
    endloop
  endfacet
  facet normal 0 0 1
    outer loop
      vertex 39.1915 6.26376 3
      vertex 40.7669 9.35556 3
      vertex 40.0182 9.70073 3
    endloop
  endfacet
  facet normal 0 0 1
    outer loop
      vertex 41.4862 8.95271 3
      vertex 39.6732 5.99405 3
      vertex 40.1321 5.68738 3
    endloop
  endfacet
  facet normal 0 0 1
    outer loop
      vertex 38.6903 6.49487 3
      vertex 40.0182 9.70073 3
      vertex 39.2679 9.97752 3
    endloop
  endfacet
  facet normal 0 0 1
    outer loop
      vertex 40.7669 9.35556 3
      vertex 39.1915 6.26376 3
      vertex 39.6732 5.99405 3
    endloop
  endfacet
  facet normal 0 0 1
    outer loop
      vertex 40.0182 9.70073 3
      vertex 38.6903 6.49487 3
      vertex 39.1915 6.26376 3
    endloop
  endfacet
  facet normal 0 0 1
    outer loop
      vertex 39.2679 9.97752 3
      vertex 38.1724 6.68591 3
      vertex 38.6903 6.49487 3
    endloop
  endfacet
  facet normal 0 0 1
    outer loop
      vertex 39.2679 9.97752 3
      vertex 37.6411 6.83575 3
      vertex 38.1724 6.68591 3
    endloop
  endfacet
  facet normal 0 0 1
    outer loop
      vertex 39.2679 9.97752 3
      vertex 37.0997 6.94344 3
      vertex 37.6411 6.83575 3
    endloop
  endfacet
  facet normal 0 0 1
    outer loop
      vertex 39.2679 9.97752 3
      vertex 36.5516 7.00832 3
      vertex 37.0997 6.94344 3
    endloop
  endfacet
  facet normal 0 0 1
    outer loop
      vertex 35.1581 10.4655 3
      vertex 36.5516 7.00832 3
      vertex 39.2679 9.97752 3
    endloop
  endfacet
  facet normal 0 0 1
    outer loop
      vertex 36.5516 7.00832 3
      vertex 35.1581 10.4655 3
      vertex 36 7.03 3
    endloop
  endfacet
  facet normal 0 0 1
    outer loop
      vertex 36 7.03 3
      vertex 35.1581 10.4655 3
      vertex 35.4484 7.00832 3
    endloop
  endfacet
  facet normal 0 0 1
    outer loop
      vertex 34.1372 18 3
      vertex 35.1581 10.4655 3
      vertex 39.2679 9.97752 3
    endloop
  endfacet
  facet normal 0 0 1
    outer loop
      vertex 34.1372 18 3
      vertex 31.8 15.7163 3
      vertex 35.1581 10.4655 3
    endloop
  endfacet
  facet normal 0 0 1
    outer loop
      vertex 28.2 16.1242 3
      vertex 31.8 9.61691 3
      vertex 31.8 15.7163 3
    endloop
  endfacet
  facet normal 0 0 1
    outer loop
      vertex 28.2 7.01852 3
      vertex 31.8 9.61691 3
      vertex 28.2 16.1242 3
    endloop
  endfacet
  facet normal 0 0 1
    outer loop
      vertex 31.8679 5.68738 3
      vertex 28.2 7.01852 3
      vertex 31.4344 5.34564 3
    endloop
  endfacet
  facet normal 0 0 1
    outer loop
      vertex 31.4344 5.34564 3
      vertex 28.2 7.01852 3
      vertex 31.029 4.97095 3
    endloop
  endfacet
  facet normal 0 0 1
    outer loop
      vertex 31.029 4.97095 3
      vertex 28.2 7.01852 3
      vertex 30.6543 4.56561 3
    endloop
  endfacet
  facet normal -0 0 1
    outer loop
      vertex 28.0157 6.8192 3
      vertex 30.6543 4.56561 3
      vertex 28.2 7.01852 3
    endloop
  endfacet
  facet normal 0 0 1
    outer loop
      vertex 30.6543 4.56561 3
      vertex 28.0157 6.8192 3
      vertex 30.3126 4.13213 3
    endloop
  endfacet
  facet normal -0 0 1
    outer loop
      vertex 27.5053 6.17174 3
      vertex 30.3126 4.13213 3
      vertex 28.0157 6.8192 3
    endloop
  endfacet
  facet normal 0 0 1
    outer loop
      vertex 30.3126 4.13213 3
      vertex 27.5053 6.17174 3
      vertex 30.0059 3.67316 3
    endloop
  endfacet
  facet normal -0 0 1
    outer loop
      vertex 27.0473 5.48622 3
      vertex 30.0059 3.67316 3
      vertex 27.5053 6.17174 3
    endloop
  endfacet
  facet normal 0 0 1
    outer loop
      vertex 29.7362 3.19154 3
      vertex 26.6444 4.76689 3
      vertex 29.5051 2.69026 3
    endloop
  endfacet
  facet normal -0 0 1
    outer loop
      vertex 26.6444 4.76689 3
      vertex 29.7362 3.19154 3
      vertex 27.0473 5.48622 3
    endloop
  endfacet
  facet normal 0 0 1
    outer loop
      vertex 30.0059 3.67316 3
      vertex 27.0473 5.48622 3
      vertex 29.7362 3.19154 3
    endloop
  endfacet
  facet normal 0 0 1
    outer loop
      vertex 34.1372 18 3
      vertex 28.2 16.1242 3
      vertex 31.8 15.7163 3
    endloop
  endfacet
  facet normal -0 0 1
    outer loop
      vertex 25.6076 18 3
      vertex 28.2 16.1242 3
      vertex 34.1372 18 3
    endloop
  endfacet
  facet normal 0 0 1
    outer loop
      vertex 25.6076 18 3
      vertex 18.2064 1.79999 3
      vertex 28.2 16.1242 3
    endloop
  endfacet
  facet normal 0 0 1
    outer loop
      vertex 18.2064 1.79999 3
      vertex 15 2.79579 3
      vertex 18.2064 -1.79999 3
    endloop
  endfacet
  facet normal -0 0 1
    outer loop
      vertex 15 2.79579 3
      vertex 18.2064 1.79999 3
      vertex 25.6076 18 3
    endloop
  endfacet
  facet normal 0 1 -0
    outer loop
      vertex 60 24 0
      vertex -60 24 14
      vertex 60 24 14
    endloop
  endfacet
  facet normal 0 1 0
    outer loop
      vertex -60 24 14
      vertex 60 24 0
      vertex -60 24 0
    endloop
  endfacet
  facet normal -1 0 0
    outer loop
      vertex -60 24 0
      vertex -60 18 3
      vertex -60 24 14
    endloop
  endfacet
  facet normal -1 0 0
    outer loop
      vertex -60 24 0
      vertex -60 -18 3
      vertex -60 18 3
    endloop
  endfacet
  facet normal -1 0 0
    outer loop
      vertex -60 -24 0
      vertex -60 -18 3
      vertex -60 24 0
    endloop
  endfacet
  facet normal -1 0 0
    outer loop
      vertex -60 -24 14
      vertex -60 -18 3
      vertex -60 -24 0
    endloop
  endfacet
  facet normal -1 0 0
    outer loop
      vertex -60 -18 3
      vertex -60 -24 14
      vertex -60 -18 14
    endloop
  endfacet
  facet normal -1 -0 0
    outer loop
      vertex -60 24 14
      vertex -60 18 3
      vertex -60 18 14
    endloop
  endfacet
  facet normal 0 -1 0
    outer loop
      vertex -60 -24 0
      vertex 60 -24 14
      vertex -60 -24 14
    endloop
  endfacet
  facet normal 0 -1 -0
    outer loop
      vertex 60 -24 14
      vertex -60 -24 0
      vertex 60 -24 0
    endloop
  endfacet
  facet normal 1 0 0
    outer loop
      vertex 60 -18 14
      vertex 60 -24 14
      vertex 60 -18 3
    endloop
  endfacet
  facet normal 1 0 0
    outer loop
      vertex 60 18 3
      vertex 60 24 14
      vertex 60 18 14
    endloop
  endfacet
  facet normal 1 0 0
    outer loop
      vertex 60 24 14
      vertex 60 18 3
      vertex 60 24 0
    endloop
  endfacet
  facet normal 1 -0 0
    outer loop
      vertex 60 -18 3
      vertex 60 24 0
      vertex 60 18 3
    endloop
  endfacet
  facet normal 1 0 0
    outer loop
      vertex 60 -18 3
      vertex 60 -24 0
      vertex 60 24 0
    endloop
  endfacet
  facet normal 1 0 0
    outer loop
      vertex 60 -24 0
      vertex 60 -18 3
      vertex 60 -24 14
    endloop
  endfacet
  facet normal -0.842447 0.538779 0
    outer loop
      vertex -39.2679 9.97752 0
      vertex -34.1372 18 3
      vertex -34.1372 18 0
    endloop
  endfacet
  facet normal -0.842447 0.538779 0
    outer loop
      vertex -34.1372 18 3
      vertex -39.2679 9.97752 0
      vertex -39.2679 9.97752 3
    endloop
  endfacet
  facet normal -0.346106 0.938196 0
    outer loop
      vertex -39.2679 9.97752 0
      vertex -40.0182 9.70073 3
      vertex -39.2679 9.97752 3
    endloop
  endfacet
  facet normal -0.346106 0.938196 0
    outer loop
      vertex -40.0182 9.70073 3
      vertex -39.2679 9.97752 0
      vertex -40.0182 9.70073 0
    endloop
  endfacet
  facet normal -0.418674 0.908136 0
    outer loop
      vertex -40.0182 9.70073 0
      vertex -40.7669 9.35556 3
      vertex -40.0182 9.70073 3
    endloop
  endfacet
  facet normal -0.418674 0.908136 0
    outer loop
      vertex -40.7669 9.35556 3
      vertex -40.0182 9.70073 0
      vertex -40.7669 9.35556 0
    endloop
  endfacet
  facet normal -0.488642 0.872484 0
    outer loop
      vertex -40.7669 9.35556 0
      vertex -41.4862 8.95271 3
      vertex -40.7669 9.35556 3
    endloop
  endfacet
  facet normal -0.488642 0.872484 0
    outer loop
      vertex -41.4862 8.95271 3
      vertex -40.7669 9.35556 0
      vertex -41.4862 8.95271 0
    endloop
  endfacet
  facet normal -0.555573 0.831468 0
    outer loop
      vertex -41.4862 8.95271 0
      vertex -42.1717 8.49467 3
      vertex -41.4862 8.95271 3
    endloop
  endfacet
  facet normal -0.555573 0.831468 0
    outer loop
      vertex -42.1717 8.49467 3
      vertex -41.4862 8.95271 0
      vertex -42.1717 8.49467 0
    endloop
  endfacet
  facet normal -0.619073 0.785333 0
    outer loop
      vertex -42.1717 8.49467 0
      vertex -42.8192 7.98425 3
      vertex -42.1717 8.49467 3
    endloop
  endfacet
  facet normal -0.619073 0.785333 0
    outer loop
      vertex -42.8192 7.98425 3
      vertex -42.1717 8.49467 0
      vertex -42.8192 7.98425 0
    endloop
  endfacet
  facet normal -0.67881 0.734314 0
    outer loop
      vertex -42.8192 7.98425 0
      vertex -43.4246 7.42461 3
      vertex -42.8192 7.98425 3
    endloop
  endfacet
  facet normal -0.67881 0.734314 0
    outer loop
      vertex -43.4246 7.42461 3
      vertex -42.8192 7.98425 0
      vertex -43.4246 7.42461 0
    endloop
  endfacet
  facet normal -0.734283 0.678843 0
    outer loop
      vertex -43.9843 6.8192 0
      vertex -43.4246 7.42461 3
      vertex -43.4246 7.42461 0
    endloop
  endfacet
  facet normal -0.734283 0.678843 0
    outer loop
      vertex -43.4246 7.42461 3
      vertex -43.9843 6.8192 0
      vertex -43.9843 6.8192 3
    endloop
  endfacet
  facet normal -0.785327 0.619082 0
    outer loop
      vertex -44.4947 6.17174 0
      vertex -43.9843 6.8192 3
      vertex -43.9843 6.8192 0
    endloop
  endfacet
  facet normal -0.785327 0.619082 0
    outer loop
      vertex -43.9843 6.8192 3
      vertex -44.4947 6.17174 0
      vertex -44.4947 6.17174 3
    endloop
  endfacet
  facet normal -0.831498 0.555528 0
    outer loop
      vertex -44.9527 5.48622 0
      vertex -44.4947 6.17174 3
      vertex -44.4947 6.17174 0
    endloop
  endfacet
  facet normal -0.831498 0.555528 0
    outer loop
      vertex -44.4947 6.17174 3
      vertex -44.9527 5.48622 0
      vertex -44.9527 5.48622 3
    endloop
  endfacet
  facet normal -0.872539 0.488544 0
    outer loop
      vertex -45.1427 5.14688 0
      vertex -44.9527 5.48622 3
      vertex -44.9527 5.48622 0
    endloop
  endfacet
  facet normal -0.872539 0.488544 0
    outer loop
      vertex -44.9527 5.48622 3
      vertex -45.1427 5.14688 0
      vertex -45.1427 5.14688 3
    endloop
  endfacet
  facet normal 0.842447 0.538779 0
    outer loop
      vertex -45.1427 5.14688 3
      vertex -53.3628 18 0
      vertex -53.3628 18 3
    endloop
  endfacet
  facet normal 0.842447 0.538779 0
    outer loop
      vertex -53.3628 18 0
      vertex -45.1427 5.14688 3
      vertex -45.1427 5.14688 0
    endloop
  endfacet
  facet normal -0.820127 0.572182 0
    outer loop
      vertex -15 2.79579 0
      vertex -4.39241 18 3
      vertex -4.39241 18 0
    endloop
  endfacet
  facet normal -0.820127 0.572182 0
    outer loop
      vertex -4.39241 18 3
      vertex -15 2.79579 0
      vertex -15 2.79579 3
    endloop
  endfacet
  facet normal 0.820127 0.572182 0
    outer loop
      vertex -15 2.79579 3
      vertex -25.6076 18 0
      vertex -25.6076 18 3
    endloop
  endfacet
  facet normal 0.820127 0.572182 0
    outer loop
      vertex -25.6076 18 0
      vertex -15 2.79579 3
      vertex -15 2.79579 0
    endloop
  endfacet
  facet normal -0.820127 0.572182 0
    outer loop
      vertex 15 2.79579 0
      vertex 25.6076 18 3
      vertex 25.6076 18 0
    endloop
  endfacet
  facet normal -0.820127 0.572182 0
    outer loop
      vertex 25.6076 18 3
      vertex 15 2.79579 0
      vertex 15 2.79579 3
    endloop
  endfacet
  facet normal 0.820127 0.572182 0
    outer loop
      vertex 15 2.79579 3
      vertex 4.39241 18 0
      vertex 4.39241 18 3
    endloop
  endfacet
  facet normal 0.820127 0.572182 0
    outer loop
      vertex 4.39241 18 0
      vertex 15 2.79579 3
      vertex 15 2.79579 0
    endloop
  endfacet
  facet normal 0.831498 0.555528 0
    outer loop
      vertex 44.9527 5.48622 3
      vertex 44.4947 6.17174 0
      vertex 44.4947 6.17174 3
    endloop
  endfacet
  facet normal 0.831498 0.555528 0
    outer loop
      vertex 44.4947 6.17174 0
      vertex 44.9527 5.48622 3
      vertex 44.9527 5.48622 0
    endloop
  endfacet
  facet normal 0.785327 0.619082 0
    outer loop
      vertex 44.4947 6.17174 3
      vertex 43.9843 6.8192 0
      vertex 43.9843 6.8192 3
    endloop
  endfacet
  facet normal 0.785327 0.619082 0
    outer loop
      vertex 43.9843 6.8192 0
      vertex 44.4947 6.17174 3
      vertex 44.4947 6.17174 0
    endloop
  endfacet
  facet normal 0.734283 0.678843 0
    outer loop
      vertex 43.9843 6.8192 3
      vertex 43.4246 7.42461 0
      vertex 43.4246 7.42461 3
    endloop
  endfacet
  facet normal 0.734283 0.678843 0
    outer loop
      vertex 43.4246 7.42461 0
      vertex 43.9843 6.8192 3
      vertex 43.9843 6.8192 0
    endloop
  endfacet
  facet normal 0.67881 0.734314 -0
    outer loop
      vertex 43.4246 7.42461 0
      vertex 42.8192 7.98425 3
      vertex 43.4246 7.42461 3
    endloop
  endfacet
  facet normal 0.67881 0.734314 0
    outer loop
      vertex 42.8192 7.98425 3
      vertex 43.4246 7.42461 0
      vertex 42.8192 7.98425 0
    endloop
  endfacet
  facet normal 0.619073 0.785333 -0
    outer loop
      vertex 42.8192 7.98425 0
      vertex 42.1717 8.49467 3
      vertex 42.8192 7.98425 3
    endloop
  endfacet
  facet normal 0.619073 0.785333 0
    outer loop
      vertex 42.1717 8.49467 3
      vertex 42.8192 7.98425 0
      vertex 42.1717 8.49467 0
    endloop
  endfacet
  facet normal 0.555573 0.831468 -0
    outer loop
      vertex 42.1717 8.49467 0
      vertex 41.4862 8.95271 3
      vertex 42.1717 8.49467 3
    endloop
  endfacet
  facet normal 0.555573 0.831468 0
    outer loop
      vertex 41.4862 8.95271 3
      vertex 42.1717 8.49467 0
      vertex 41.4862 8.95271 0
    endloop
  endfacet
  facet normal 0.488642 0.872484 -0
    outer loop
      vertex 41.4862 8.95271 0
      vertex 40.7669 9.35556 3
      vertex 41.4862 8.95271 3
    endloop
  endfacet
  facet normal 0.488642 0.872484 0
    outer loop
      vertex 40.7669 9.35556 3
      vertex 41.4862 8.95271 0
      vertex 40.7669 9.35556 0
    endloop
  endfacet
  facet normal 0.418674 0.908136 -0
    outer loop
      vertex 40.7669 9.35556 0
      vertex 40.0182 9.70073 3
      vertex 40.7669 9.35556 3
    endloop
  endfacet
  facet normal 0.418674 0.908136 0
    outer loop
      vertex 40.0182 9.70073 3
      vertex 40.7669 9.35556 0
      vertex 40.0182 9.70073 0
    endloop
  endfacet
  facet normal 0.346106 0.938196 -0
    outer loop
      vertex 40.0182 9.70073 0
      vertex 39.2679 9.97752 3
      vertex 40.0182 9.70073 3
    endloop
  endfacet
  facet normal 0.346106 0.938196 0
    outer loop
      vertex 39.2679 9.97752 3
      vertex 40.0182 9.70073 0
      vertex 39.2679 9.97752 0
    endloop
  endfacet
  facet normal 0.842447 0.538779 0
    outer loop
      vertex 39.2679 9.97752 3
      vertex 34.1372 18 0
      vertex 34.1372 18 3
    endloop
  endfacet
  facet normal 0.842447 0.538779 0
    outer loop
      vertex 34.1372 18 0
      vertex 39.2679 9.97752 3
      vertex 39.2679 9.97752 0
    endloop
  endfacet
  facet normal -0.842447 0.538779 0
    outer loop
      vertex 45.1427 5.14688 0
      vertex 53.3628 18 3
      vertex 53.3628 18 0
    endloop
  endfacet
  facet normal -0.842447 0.538779 0
    outer loop
      vertex 53.3628 18 3
      vertex 45.1427 5.14688 0
      vertex 45.1427 5.14688 3
    endloop
  endfacet
  facet normal 0.872539 0.488544 0
    outer loop
      vertex 45.1427 5.14688 3
      vertex 44.9527 5.48622 0
      vertex 44.9527 5.48622 3
    endloop
  endfacet
  facet normal 0.872539 0.488544 0
    outer loop
      vertex 44.9527 5.48622 0
      vertex 45.1427 5.14688 3
      vertex 45.1427 5.14688 0
    endloop
  endfacet
  facet normal 0.980793 0.19505 0
    outer loop
      vertex 10.3394 1.79999 3
      vertex 10.2099 2.45117 0
      vertex 10.2099 2.45117 3
    endloop
  endfacet
  facet normal 0.980793 0.19505 0
    outer loop
      vertex 10.2099 2.45117 0
      vertex 10.3394 1.79999 3
      vertex 10.3394 1.79999 0
    endloop
  endfacet
  facet normal 0.962446 0.271474 0
    outer loop
      vertex 10.2099 2.45117 3
      vertex 9.98608 3.24467 0
      vertex 9.98608 3.24467 3
    endloop
  endfacet
  facet normal 0.962446 0.271474 0
    outer loop
      vertex 9.98608 3.24467 0
      vertex 10.2099 2.45117 3
      vertex 10.2099 2.45117 0
    endloop
  endfacet
  facet normal 0.938195 0.346107 0
    outer loop
      vertex 9.98608 3.24467 3
      vertex 9.70073 4.01817 0
      vertex 9.70073 4.01817 3
    endloop
  endfacet
  facet normal 0.938195 0.346107 0
    outer loop
      vertex 9.70073 4.01817 0
      vertex 9.98608 3.24467 3
      vertex 9.98608 3.24467 0
    endloop
  endfacet
  facet normal 0.908141 0.418665 0
    outer loop
      vertex 9.70073 4.01817 3
      vertex 9.35556 4.76689 0
      vertex 9.35556 4.76689 3
    endloop
  endfacet
  facet normal 0.908141 0.418665 0
    outer loop
      vertex 9.35556 4.76689 0
      vertex 9.70073 4.01817 3
      vertex 9.70073 4.01817 0
    endloop
  endfacet
  facet normal 0.872493 0.488627 0
    outer loop
      vertex 9.35556 4.76689 3
      vertex 8.95271 5.48622 0
      vertex 8.95271 5.48622 3
    endloop
  endfacet
  facet normal 0.872493 0.488627 0
    outer loop
      vertex 8.95271 5.48622 0
      vertex 9.35556 4.76689 3
      vertex 9.35556 4.76689 0
    endloop
  endfacet
  facet normal 0.831475 0.555562 0
    outer loop
      vertex 8.95271 5.48622 3
      vertex 8.49467 6.17174 0
      vertex 8.49467 6.17174 3
    endloop
  endfacet
  facet normal 0.831475 0.555562 0
    outer loop
      vertex 8.49467 6.17174 0
      vertex 8.95271 5.48622 3
      vertex 8.95271 5.48622 0
    endloop
  endfacet
  facet normal 0.785315 0.619097 0
    outer loop
      vertex 8.49467 6.17174 3
      vertex 7.98425 6.8192 0
      vertex 7.98425 6.8192 3
    endloop
  endfacet
  facet normal 0.785315 0.619097 0
    outer loop
      vertex 7.98425 6.8192 0
      vertex 8.49467 6.17174 3
      vertex 8.49467 6.17174 0
    endloop
  endfacet
  facet normal 0.73432 0.678804 0
    outer loop
      vertex 7.98425 6.8192 3
      vertex 7.42461 7.42461 0
      vertex 7.42461 7.42461 3
    endloop
  endfacet
  facet normal 0.73432 0.678804 0
    outer loop
      vertex 7.42461 7.42461 0
      vertex 7.98425 6.8192 3
      vertex 7.98425 6.8192 0
    endloop
  endfacet
  facet normal 0.678804 0.73432 -0
    outer loop
      vertex 7.42461 7.42461 0
      vertex 6.8192 7.98425 3
      vertex 7.42461 7.42461 3
    endloop
  endfacet
  facet normal 0.678804 0.73432 0
    outer loop
      vertex 6.8192 7.98425 3
      vertex 7.42461 7.42461 0
      vertex 6.8192 7.98425 0
    endloop
  endfacet
  facet normal 0.619097 0.785315 -0
    outer loop
      vertex 6.8192 7.98425 0
      vertex 6.17174 8.49467 3
      vertex 6.8192 7.98425 3
    endloop
  endfacet
  facet normal 0.619097 0.785315 0
    outer loop
      vertex 6.17174 8.49467 3
      vertex 6.8192 7.98425 0
      vertex 6.17174 8.49467 0
    endloop
  endfacet
  facet normal 0.555562 0.831475 -0
    outer loop
      vertex 6.17174 8.49467 0
      vertex 5.48622 8.95271 3
      vertex 6.17174 8.49467 3
    endloop
  endfacet
  facet normal 0.555562 0.831475 0
    outer loop
      vertex 5.48622 8.95271 3
      vertex 6.17174 8.49467 0
      vertex 5.48622 8.95271 0
    endloop
  endfacet
  facet normal 0.488627 0.872493 -0
    outer loop
      vertex 5.48622 8.95271 0
      vertex 4.76689 9.35556 3
      vertex 5.48622 8.95271 3
    endloop
  endfacet
  facet normal 0.488627 0.872493 0
    outer loop
      vertex 4.76689 9.35556 3
      vertex 5.48622 8.95271 0
      vertex 4.76689 9.35556 0
    endloop
  endfacet
  facet normal 0.418665 0.908141 -0
    outer loop
      vertex 4.76689 9.35556 0
      vertex 4.01817 9.70073 3
      vertex 4.76689 9.35556 3
    endloop
  endfacet
  facet normal 0.418665 0.908141 0
    outer loop
      vertex 4.01817 9.70073 3
      vertex 4.76689 9.35556 0
      vertex 4.01817 9.70073 0
    endloop
  endfacet
  facet normal 0.346107 0.938195 -0
    outer loop
      vertex 4.01817 9.70073 0
      vertex 3.24467 9.98608 3
      vertex 4.01817 9.70073 3
    endloop
  endfacet
  facet normal 0.346107 0.938195 0
    outer loop
      vertex 3.24467 9.98608 3
      vertex 4.01817 9.70073 0
      vertex 3.24467 9.98608 0
    endloop
  endfacet
  facet normal 0.271474 0.962446 -0
    outer loop
      vertex 3.24467 9.98608 0
      vertex 2.45117 10.2099 3
      vertex 3.24467 9.98608 3
    endloop
  endfacet
  facet normal 0.271474 0.962446 0
    outer loop
      vertex 2.45117 10.2099 3
      vertex 3.24467 9.98608 0
      vertex 2.45117 10.2099 0
    endloop
  endfacet
  facet normal 0.19505 0.980793 -0
    outer loop
      vertex 2.45117 10.2099 0
      vertex 1.79999 10.3394 3
      vertex 2.45117 10.2099 3
    endloop
  endfacet
  facet normal 0.19505 0.980793 0
    outer loop
      vertex 1.79999 10.3394 3
      vertex 2.45117 10.2099 0
      vertex 1.79999 10.3394 0
    endloop
  endfacet
  facet normal 1 -0 0
    outer loop
      vertex 1.79999 10.3394 3
      vertex 1.79999 16.1242 0
      vertex 1.79999 16.1242 3
    endloop
  endfacet
  facet normal 1 0 0
    outer loop
      vertex 1.79999 16.1242 0
      vertex 1.79999 10.3394 3
      vertex 1.79999 10.3394 0
    endloop
  endfacet
  facet normal -0.820128 -0.572181 0
    outer loop
      vertex 11.7936 1.79999 0
      vertex 1.79999 16.1242 3
      vertex 1.79999 16.1242 0
    endloop
  endfacet
  facet normal -0.820128 -0.572181 0
    outer loop
      vertex 1.79999 16.1242 3
      vertex 11.7936 1.79999 0
      vertex 11.7936 1.79999 3
    endloop
  endfacet
  facet normal 0 1 -0
    outer loop
      vertex 11.7936 1.79999 0
      vertex 10.3394 1.79999 3
      vertex 11.7936 1.79999 3
    endloop
  endfacet
  facet normal 0 1 0
    outer loop
      vertex 10.3394 1.79999 3
      vertex 11.7936 1.79999 0
      vertex 10.3394 1.79999 0
    endloop
  endfacet
  facet normal 0.820128 -0.572181 0
    outer loop
      vertex -11.7936 1.79999 3
      vertex -1.79999 16.1242 0
      vertex -1.79999 16.1242 3
    endloop
  endfacet
  facet normal 0.820128 -0.572181 0
    outer loop
      vertex -1.79999 16.1242 0
      vertex -11.7936 1.79999 3
      vertex -11.7936 1.79999 0
    endloop
  endfacet
  facet normal -1 0 0
    outer loop
      vertex -1.79999 10.3394 0
      vertex -1.79999 16.1242 3
      vertex -1.79999 16.1242 0
    endloop
  endfacet
  facet normal -1 -0 0
    outer loop
      vertex -1.79999 16.1242 3
      vertex -1.79999 10.3394 0
      vertex -1.79999 10.3394 3
    endloop
  endfacet
  facet normal -0.19505 0.980793 0
    outer loop
      vertex -1.79999 10.3394 0
      vertex -2.45117 10.2099 3
      vertex -1.79999 10.3394 3
    endloop
  endfacet
  facet normal -0.19505 0.980793 0
    outer loop
      vertex -2.45117 10.2099 3
      vertex -1.79999 10.3394 0
      vertex -2.45117 10.2099 0
    endloop
  endfacet
  facet normal -0.271474 0.962446 0
    outer loop
      vertex -2.45117 10.2099 0
      vertex -3.24467 9.98608 3
      vertex -2.45117 10.2099 3
    endloop
  endfacet
  facet normal -0.271474 0.962446 0
    outer loop
      vertex -3.24467 9.98608 3
      vertex -2.45117 10.2099 0
      vertex -3.24467 9.98608 0
    endloop
  endfacet
  facet normal -0.346107 0.938195 0
    outer loop
      vertex -3.24467 9.98608 0
      vertex -4.01817 9.70073 3
      vertex -3.24467 9.98608 3
    endloop
  endfacet
  facet normal -0.346107 0.938195 0
    outer loop
      vertex -4.01817 9.70073 3
      vertex -3.24467 9.98608 0
      vertex -4.01817 9.70073 0
    endloop
  endfacet
  facet normal -0.418665 0.908141 0
    outer loop
      vertex -4.01817 9.70073 0
      vertex -4.76689 9.35556 3
      vertex -4.01817 9.70073 3
    endloop
  endfacet
  facet normal -0.418665 0.908141 0
    outer loop
      vertex -4.76689 9.35556 3
      vertex -4.01817 9.70073 0
      vertex -4.76689 9.35556 0
    endloop
  endfacet
  facet normal -0.488627 0.872493 0
    outer loop
      vertex -4.76689 9.35556 0
      vertex -5.48622 8.95271 3
      vertex -4.76689 9.35556 3
    endloop
  endfacet
  facet normal -0.488627 0.872493 0
    outer loop
      vertex -5.48622 8.95271 3
      vertex -4.76689 9.35556 0
      vertex -5.48622 8.95271 0
    endloop
  endfacet
  facet normal -0.555562 0.831475 0
    outer loop
      vertex -5.48622 8.95271 0
      vertex -6.17174 8.49467 3
      vertex -5.48622 8.95271 3
    endloop
  endfacet
  facet normal -0.555562 0.831475 0
    outer loop
      vertex -6.17174 8.49467 3
      vertex -5.48622 8.95271 0
      vertex -6.17174 8.49467 0
    endloop
  endfacet
  facet normal -0.619097 0.785315 0
    outer loop
      vertex -6.17174 8.49467 0
      vertex -6.8192 7.98425 3
      vertex -6.17174 8.49467 3
    endloop
  endfacet
  facet normal -0.619097 0.785315 0
    outer loop
      vertex -6.8192 7.98425 3
      vertex -6.17174 8.49467 0
      vertex -6.8192 7.98425 0
    endloop
  endfacet
  facet normal -0.678804 0.73432 0
    outer loop
      vertex -6.8192 7.98425 0
      vertex -7.42461 7.42461 3
      vertex -6.8192 7.98425 3
    endloop
  endfacet
  facet normal -0.678804 0.73432 0
    outer loop
      vertex -7.42461 7.42461 3
      vertex -6.8192 7.98425 0
      vertex -7.42461 7.42461 0
    endloop
  endfacet
  facet normal -0.73432 0.678804 0
    outer loop
      vertex -7.98425 6.8192 0
      vertex -7.42461 7.42461 3
      vertex -7.42461 7.42461 0
    endloop
  endfacet
  facet normal -0.73432 0.678804 0
    outer loop
      vertex -7.42461 7.42461 3
      vertex -7.98425 6.8192 0
      vertex -7.98425 6.8192 3
    endloop
  endfacet
  facet normal -0.785315 0.619097 0
    outer loop
      vertex -8.49467 6.17174 0
      vertex -7.98425 6.8192 3
      vertex -7.98425 6.8192 0
    endloop
  endfacet
  facet normal -0.785315 0.619097 0
    outer loop
      vertex -7.98425 6.8192 3
      vertex -8.49467 6.17174 0
      vertex -8.49467 6.17174 3
    endloop
  endfacet
  facet normal -0.831475 0.555562 0
    outer loop
      vertex -8.95271 5.48622 0
      vertex -8.49467 6.17174 3
      vertex -8.49467 6.17174 0
    endloop
  endfacet
  facet normal -0.831475 0.555562 0
    outer loop
      vertex -8.49467 6.17174 3
      vertex -8.95271 5.48622 0
      vertex -8.95271 5.48622 3
    endloop
  endfacet
  facet normal -0.872493 0.488627 0
    outer loop
      vertex -9.35556 4.76689 0
      vertex -8.95271 5.48622 3
      vertex -8.95271 5.48622 0
    endloop
  endfacet
  facet normal -0.872493 0.488627 0
    outer loop
      vertex -8.95271 5.48622 3
      vertex -9.35556 4.76689 0
      vertex -9.35556 4.76689 3
    endloop
  endfacet
  facet normal -0.908141 0.418665 0
    outer loop
      vertex -9.70073 4.01817 0
      vertex -9.35556 4.76689 3
      vertex -9.35556 4.76689 0
    endloop
  endfacet
  facet normal -0.908141 0.418665 0
    outer loop
      vertex -9.35556 4.76689 3
      vertex -9.70073 4.01817 0
      vertex -9.70073 4.01817 3
    endloop
  endfacet
  facet normal -0.938195 0.346107 0
    outer loop
      vertex -9.98608 3.24467 0
      vertex -9.70073 4.01817 3
      vertex -9.70073 4.01817 0
    endloop
  endfacet
  facet normal -0.938195 0.346107 0
    outer loop
      vertex -9.70073 4.01817 3
      vertex -9.98608 3.24467 0
      vertex -9.98608 3.24467 3
    endloop
  endfacet
  facet normal -0.962446 0.271474 0
    outer loop
      vertex -10.2099 2.45117 0
      vertex -9.98608 3.24467 3
      vertex -9.98608 3.24467 0
    endloop
  endfacet
  facet normal -0.962446 0.271474 0
    outer loop
      vertex -9.98608 3.24467 3
      vertex -10.2099 2.45117 0
      vertex -10.2099 2.45117 3
    endloop
  endfacet
  facet normal -0.980793 0.19505 0
    outer loop
      vertex -10.3394 1.79999 0
      vertex -10.2099 2.45117 3
      vertex -10.2099 2.45117 0
    endloop
  endfacet
  facet normal -0.980793 0.19505 0
    outer loop
      vertex -10.2099 2.45117 3
      vertex -10.3394 1.79999 0
      vertex -10.3394 1.79999 3
    endloop
  endfacet
  facet normal 0 1 -0
    outer loop
      vertex -10.3394 1.79999 0
      vertex -11.7936 1.79999 3
      vertex -10.3394 1.79999 3
    endloop
  endfacet
  facet normal 0 1 0
    outer loop
      vertex -11.7936 1.79999 3
      vertex -10.3394 1.79999 0
      vertex -11.7936 1.79999 0
    endloop
  endfacet
  facet normal 0.980793 0.19505 0
    outer loop
      vertex -25.6606 1.79999 3
      vertex -25.7901 2.45117 0
      vertex -25.7901 2.45117 3
    endloop
  endfacet
  facet normal 0.980793 0.19505 0
    outer loop
      vertex -25.7901 2.45117 0
      vertex -25.6606 1.79999 3
      vertex -25.6606 1.79999 0
    endloop
  endfacet
  facet normal 0.962452 0.271452 0
    outer loop
      vertex -25.7901 2.45117 3
      vertex -26.0139 3.24467 0
      vertex -26.0139 3.24467 3
    endloop
  endfacet
  facet normal 0.962452 0.271452 0
    outer loop
      vertex -26.0139 3.24467 0
      vertex -25.7901 2.45117 3
      vertex -25.7901 2.45117 0
    endloop
  endfacet
  facet normal 0.938175 0.346161 0
    outer loop
      vertex -26.0139 3.24467 3
      vertex -26.2993 4.01817 0
      vertex -26.2993 4.01817 3
    endloop
  endfacet
  facet normal 0.938175 0.346161 0
    outer loop
      vertex -26.2993 4.01817 0
      vertex -26.0139 3.24467 3
      vertex -26.0139 3.24467 0
    endloop
  endfacet
  facet normal 0.908173 0.418595 0
    outer loop
      vertex -26.2993 4.01817 3
      vertex -26.6444 4.76689 0
      vertex -26.6444 4.76689 3
    endloop
  endfacet
  facet normal 0.908173 0.418595 0
    outer loop
      vertex -26.6444 4.76689 0
      vertex -26.2993 4.01817 3
      vertex -26.2993 4.01817 0
    endloop
  endfacet
  facet normal 0.872467 0.488673 0
    outer loop
      vertex -26.6444 4.76689 3
      vertex -27.0473 5.48622 0
      vertex -27.0473 5.48622 3
    endloop
  endfacet
  facet normal 0.872467 0.488673 0
    outer loop
      vertex -27.0473 5.48622 0
      vertex -26.6444 4.76689 3
      vertex -26.6444 4.76689 0
    endloop
  endfacet
  facet normal 0.831498 0.555528 0
    outer loop
      vertex -27.0473 5.48622 3
      vertex -27.5053 6.17174 0
      vertex -27.5053 6.17174 3
    endloop
  endfacet
  facet normal 0.831498 0.555528 0
    outer loop
      vertex -27.5053 6.17174 0
      vertex -27.0473 5.48622 3
      vertex -27.0473 5.48622 0
    endloop
  endfacet
  facet normal 0.785327 0.619082 0
    outer loop
      vertex -27.5053 6.17174 3
      vertex -28.0157 6.8192 0
      vertex -28.0157 6.8192 3
    endloop
  endfacet
  facet normal 0.785327 0.619082 0
    outer loop
      vertex -28.0157 6.8192 0
      vertex -27.5053 6.17174 3
      vertex -27.5053 6.17174 0
    endloop
  endfacet
  facet normal 0.73423 0.678901 0
    outer loop
      vertex -28.0157 6.8192 3
      vertex -28.2 7.01852 0
      vertex -28.2 7.01852 3
    endloop
  endfacet
  facet normal 0.73423 0.678901 0
    outer loop
      vertex -28.2 7.01852 0
      vertex -28.0157 6.8192 3
      vertex -28.0157 6.8192 0
    endloop
  endfacet
  facet normal 1 -0 0
    outer loop
      vertex -28.2 7.01852 3
      vertex -28.2 16.1242 0
      vertex -28.2 16.1242 3
    endloop
  endfacet
  facet normal 1 0 0
    outer loop
      vertex -28.2 16.1242 0
      vertex -28.2 7.01852 3
      vertex -28.2 7.01852 0
    endloop
  endfacet
  facet normal -0.820128 -0.57218 0
    outer loop
      vertex -18.2064 1.79999 0
      vertex -28.2 16.1242 3
      vertex -28.2 16.1242 0
    endloop
  endfacet
  facet normal -0.820128 -0.57218 0
    outer loop
      vertex -28.2 16.1242 3
      vertex -18.2064 1.79999 0
      vertex -18.2064 1.79999 3
    endloop
  endfacet
  facet normal 0 1 -0
    outer loop
      vertex -18.2064 1.79999 0
      vertex -25.6606 1.79999 3
      vertex -18.2064 1.79999 3
    endloop
  endfacet
  facet normal 0 1 0
    outer loop
      vertex -25.6606 1.79999 3
      vertex -18.2064 1.79999 0
      vertex -25.6606 1.79999 0
    endloop
  endfacet
  facet normal 0.820128 -0.57218 0
    outer loop
      vertex 18.2064 1.79999 3
      vertex 28.2 16.1242 0
      vertex 28.2 16.1242 3
    endloop
  endfacet
  facet normal 0.820128 -0.57218 0
    outer loop
      vertex 28.2 16.1242 0
      vertex 18.2064 1.79999 3
      vertex 18.2064 1.79999 0
    endloop
  endfacet
  facet normal -1 0 0
    outer loop
      vertex 28.2 7.01852 0
      vertex 28.2 16.1242 3
      vertex 28.2 16.1242 0
    endloop
  endfacet
  facet normal -1 -0 0
    outer loop
      vertex 28.2 16.1242 3
      vertex 28.2 7.01852 0
      vertex 28.2 7.01852 3
    endloop
  endfacet
  facet normal -0.73423 0.678901 0
    outer loop
      vertex 28.0157 6.8192 0
      vertex 28.2 7.01852 3
      vertex 28.2 7.01852 0
    endloop
  endfacet
  facet normal -0.73423 0.678901 0
    outer loop
      vertex 28.2 7.01852 3
      vertex 28.0157 6.8192 0
      vertex 28.0157 6.8192 3
    endloop
  endfacet
  facet normal -0.785327 0.619082 0
    outer loop
      vertex 27.5053 6.17174 0
      vertex 28.0157 6.8192 3
      vertex 28.0157 6.8192 0
    endloop
  endfacet
  facet normal -0.785327 0.619082 0
    outer loop
      vertex 28.0157 6.8192 3
      vertex 27.5053 6.17174 0
      vertex 27.5053 6.17174 3
    endloop
  endfacet
  facet normal -0.831498 0.555528 0
    outer loop
      vertex 27.0473 5.48622 0
      vertex 27.5053 6.17174 3
      vertex 27.5053 6.17174 0
    endloop
  endfacet
  facet normal -0.831498 0.555528 0
    outer loop
      vertex 27.5053 6.17174 3
      vertex 27.0473 5.48622 0
      vertex 27.0473 5.48622 3
    endloop
  endfacet
  facet normal -0.872467 0.488673 0
    outer loop
      vertex 26.6444 4.76689 0
      vertex 27.0473 5.48622 3
      vertex 27.0473 5.48622 0
    endloop
  endfacet
  facet normal -0.872467 0.488673 0
    outer loop
      vertex 27.0473 5.48622 3
      vertex 26.6444 4.76689 0
      vertex 26.6444 4.76689 3
    endloop
  endfacet
  facet normal -0.908173 0.418595 0
    outer loop
      vertex 26.2993 4.01817 0
      vertex 26.6444 4.76689 3
      vertex 26.6444 4.76689 0
    endloop
  endfacet
  facet normal -0.908173 0.418595 0
    outer loop
      vertex 26.6444 4.76689 3
      vertex 26.2993 4.01817 0
      vertex 26.2993 4.01817 3
    endloop
  endfacet
  facet normal -0.938175 0.346161 0
    outer loop
      vertex 26.0139 3.24467 0
      vertex 26.2993 4.01817 3
      vertex 26.2993 4.01817 0
    endloop
  endfacet
  facet normal -0.938175 0.346161 0
    outer loop
      vertex 26.2993 4.01817 3
      vertex 26.0139 3.24467 0
      vertex 26.0139 3.24467 3
    endloop
  endfacet
  facet normal -0.962452 0.271452 0
    outer loop
      vertex 25.7901 2.45117 0
      vertex 26.0139 3.24467 3
      vertex 26.0139 3.24467 0
    endloop
  endfacet
  facet normal -0.962452 0.271452 0
    outer loop
      vertex 26.0139 3.24467 3
      vertex 25.7901 2.45117 0
      vertex 25.7901 2.45117 3
    endloop
  endfacet
  facet normal -0.980793 0.19505 0
    outer loop
      vertex 25.6606 1.79999 0
      vertex 25.7901 2.45117 3
      vertex 25.7901 2.45117 0
    endloop
  endfacet
  facet normal -0.980793 0.19505 0
    outer loop
      vertex 25.7901 2.45117 3
      vertex 25.6606 1.79999 0
      vertex 25.6606 1.79999 3
    endloop
  endfacet
  facet normal 0 1 -0
    outer loop
      vertex 25.6606 1.79999 0
      vertex 18.2064 1.79999 3
      vertex 25.6606 1.79999 3
    endloop
  endfacet
  facet normal 0 1 0
    outer loop
      vertex 18.2064 1.79999 3
      vertex 25.6606 1.79999 0
      vertex 18.2064 1.79999 0
    endloop
  endfacet
  facet normal 0.346107 0.938195 -0
    outer loop
      vertex -31.9818 9.70073 0
      vertex -32.7553 9.98608 3
      vertex -31.9818 9.70073 3
    endloop
  endfacet
  facet normal 0.346107 0.938195 0
    outer loop
      vertex -32.7553 9.98608 3
      vertex -31.9818 9.70073 0
      vertex -32.7553 9.98608 0
    endloop
  endfacet
  facet normal 0.271474 0.962446 -0
    outer loop
      vertex -32.7553 9.98608 0
      vertex -33.5488 10.2099 3
      vertex -32.7553 9.98608 3
    endloop
  endfacet
  facet normal 0.271474 0.962446 0
    outer loop
      vertex -33.5488 10.2099 3
      vertex -32.7553 9.98608 0
      vertex -33.5488 10.2099 0
    endloop
  endfacet
  facet normal 0.195043 0.980795 -0
    outer loop
      vertex -33.5488 10.2099 0
      vertex -34.3574 10.3707 3
      vertex -33.5488 10.2099 3
    endloop
  endfacet
  facet normal 0.195043 0.980795 0
    outer loop
      vertex -34.3574 10.3707 3
      vertex -33.5488 10.2099 0
      vertex -34.3574 10.3707 0
    endloop
  endfacet
  facet normal 0.117575 0.993064 -0
    outer loop
      vertex -34.3574 10.3707 0
      vertex -35.1581 10.4655 3
      vertex -34.3574 10.3707 3
    endloop
  endfacet
  facet normal 0.117575 0.993064 0
    outer loop
      vertex -35.1581 10.4655 3
      vertex -34.3574 10.3707 0
      vertex -35.1581 10.4655 0
    endloop
  endfacet
  facet normal 0.842447 -0.538779 0
    outer loop
      vertex -35.1581 10.4655 3
      vertex -31.8 15.7163 0
      vertex -31.8 15.7163 3
    endloop
  endfacet
  facet normal 0.842447 -0.538779 0
    outer loop
      vertex -31.8 15.7163 0
      vertex -35.1581 10.4655 3
      vertex -35.1581 10.4655 0
    endloop
  endfacet
  facet normal -1 0 0
    outer loop
      vertex -31.8 9.61691 0
      vertex -31.8 15.7163 3
      vertex -31.8 15.7163 0
    endloop
  endfacet
  facet normal -1 -0 0
    outer loop
      vertex -31.8 15.7163 3
      vertex -31.8 9.61691 0
      vertex -31.8 9.61691 3
    endloop
  endfacet
  facet normal 0.418697 0.908126 -0
    outer loop
      vertex -31.8 9.61691 0
      vertex -31.9818 9.70073 3
      vertex -31.8 9.61691 3
    endloop
  endfacet
  facet normal 0.418697 0.908126 0
    outer loop
      vertex -31.9818 9.70073 3
      vertex -31.8 9.61691 0
      vertex -31.9818 9.70073 0
    endloop
  endfacet
  facet normal -0.842447 -0.538779 0
    outer loop
      vertex 35.1581 10.4655 0
      vertex 31.8 15.7163 3
      vertex 31.8 15.7163 0
    endloop
  endfacet
  facet normal -0.842447 -0.538779 0
    outer loop
      vertex 31.8 15.7163 3
      vertex 35.1581 10.4655 0
      vertex 35.1581 10.4655 3
    endloop
  endfacet
  facet normal -0.117575 0.993064 0
    outer loop
      vertex 35.1581 10.4655 0
      vertex 34.3574 10.3707 3
      vertex 35.1581 10.4655 3
    endloop
  endfacet
  facet normal -0.117575 0.993064 0
    outer loop
      vertex 34.3574 10.3707 3
      vertex 35.1581 10.4655 0
      vertex 34.3574 10.3707 0
    endloop
  endfacet
  facet normal -0.195043 0.980795 0
    outer loop
      vertex 34.3574 10.3707 0
      vertex 33.5488 10.2099 3
      vertex 34.3574 10.3707 3
    endloop
  endfacet
  facet normal -0.195043 0.980795 0
    outer loop
      vertex 33.5488 10.2099 3
      vertex 34.3574 10.3707 0
      vertex 33.5488 10.2099 0
    endloop
  endfacet
  facet normal -0.271474 0.962446 0
    outer loop
      vertex 33.5488 10.2099 0
      vertex 32.7553 9.98608 3
      vertex 33.5488 10.2099 3
    endloop
  endfacet
  facet normal -0.271474 0.962446 0
    outer loop
      vertex 32.7553 9.98608 3
      vertex 33.5488 10.2099 0
      vertex 32.7553 9.98608 0
    endloop
  endfacet
  facet normal -0.346107 0.938195 0
    outer loop
      vertex 32.7553 9.98608 0
      vertex 31.9818 9.70073 3
      vertex 32.7553 9.98608 3
    endloop
  endfacet
  facet normal -0.346107 0.938195 0
    outer loop
      vertex 31.9818 9.70073 3
      vertex 32.7553 9.98608 0
      vertex 31.9818 9.70073 0
    endloop
  endfacet
  facet normal -0.418697 0.908126 0
    outer loop
      vertex 31.9818 9.70073 0
      vertex 31.8 9.61691 3
      vertex 31.9818 9.70073 3
    endloop
  endfacet
  facet normal -0.418697 0.908126 0
    outer loop
      vertex 31.8 9.61691 3
      vertex 31.9818 9.70073 0
      vertex 31.8 9.61691 0
    endloop
  endfacet
  facet normal 1 -0 0
    outer loop
      vertex 31.8 9.61691 3
      vertex 31.8 15.7163 0
      vertex 31.8 15.7163 3
    endloop
  endfacet
  facet normal 1 0 0
    outer loop
      vertex 31.8 15.7163 0
      vertex 31.8 9.61691 3
      vertex 31.8 9.61691 0
    endloop
  endfacet
  facet normal 1 -0 0
    outer loop
      vertex -55 1.79999 3
      vertex -55 14.6218 0
      vertex -55 14.6218 3
    endloop
  endfacet
  facet normal 1 0 0
    outer loop
      vertex -55 14.6218 0
      vertex -55 1.79999 3
      vertex -55 1.79999 0
    endloop
  endfacet
  facet normal -0.842449 -0.538776 0
    outer loop
      vertex -46.8 1.79999 0
      vertex -55 14.6218 3
      vertex -55 14.6218 0
    endloop
  endfacet
  facet normal -0.842449 -0.538776 0
    outer loop
      vertex -55 14.6218 3
      vertex -46.8 1.79999 0
      vertex -46.8 1.79999 3
    endloop
  endfacet
  facet normal 0 1 -0
    outer loop
      vertex -46.8 1.79999 0
      vertex -55 1.79999 3
      vertex -46.8 1.79999 3
    endloop
  endfacet
  facet normal 0 1 0
    outer loop
      vertex -55 1.79999 3
      vertex -46.8 1.79999 0
      vertex -55 1.79999 0
    endloop
  endfacet
  facet normal 0.842449 -0.538776 0
    outer loop
      vertex 46.8 1.79999 3
      vertex 55 14.6218 0
      vertex 55 14.6218 3
    endloop
  endfacet
  facet normal 0.842449 -0.538776 0
    outer loop
      vertex 55 14.6218 0
      vertex 46.8 1.79999 3
      vertex 46.8 1.79999 0
    endloop
  endfacet
  facet normal -1 0 0
    outer loop
      vertex 55 1.79999 0
      vertex 55 14.6218 3
      vertex 55 14.6218 0
    endloop
  endfacet
  facet normal -1 -0 0
    outer loop
      vertex 55 14.6218 3
      vertex 55 1.79999 0
      vertex 55 1.79999 3
    endloop
  endfacet
  facet normal 0 1 -0
    outer loop
      vertex 55 1.79999 0
      vertex 46.8 1.79999 3
      vertex 55 1.79999 3
    endloop
  endfacet
  facet normal 0 1 0
    outer loop
      vertex 46.8 1.79999 3
      vertex 55 1.79999 0
      vertex 46.8 1.79999 0
    endloop
  endfacet
  facet normal 0.117552 0.993067 -0
    outer loop
      vertex 35.4484 -7.00832 0
      vertex 34.9003 -6.94344 3
      vertex 35.4484 -7.00832 3
    endloop
  endfacet
  facet normal 0.117552 0.993067 0
    outer loop
      vertex 34.9003 -6.94344 3
      vertex 35.4484 -7.00832 0
      vertex 34.9003 -6.94344 0
    endloop
  endfacet
  facet normal 0.195088 0.980786 -0
    outer loop
      vertex 34.9003 -6.94344 0
      vertex 34.3589 -6.83575 3
      vertex 34.9003 -6.94344 3
    endloop
  endfacet
  facet normal 0.195088 0.980786 0
    outer loop
      vertex 34.3589 -6.83575 3
      vertex 34.9003 -6.94344 0
      vertex 34.3589 -6.83575 0
    endloop
  endfacet
  facet normal 0.271437 0.962456 -0
    outer loop
      vertex 34.3589 -6.83575 0
      vertex 33.8276 -6.68591 3
      vertex 34.3589 -6.83575 3
    endloop
  endfacet
  facet normal 0.271437 0.962456 0
    outer loop
      vertex 33.8276 -6.68591 3
      vertex 34.3589 -6.83575 0
      vertex 33.8276 -6.68591 0
    endloop
  endfacet
  facet normal 0.34608 0.938205 -0
    outer loop
      vertex 33.8276 -6.68591 0
      vertex 33.3097 -6.49487 3
      vertex 33.8276 -6.68591 3
    endloop
  endfacet
  facet normal 0.34608 0.938205 0
    outer loop
      vertex 33.3097 -6.49487 3
      vertex 33.8276 -6.68591 0
      vertex 33.3097 -6.49487 0
    endloop
  endfacet
  facet normal 0.418671 0.908138 -0
    outer loop
      vertex 33.3097 -6.49487 0
      vertex 32.8084 -6.26376 3
      vertex 33.3097 -6.49487 3
    endloop
  endfacet
  facet normal 0.418671 0.908138 0
    outer loop
      vertex 32.8084 -6.26376 3
      vertex 33.3097 -6.49487 0
      vertex 32.8084 -6.26376 0
    endloop
  endfacet
  facet normal 0.488623 0.872495 -0
    outer loop
      vertex 32.8084 -6.26376 0
      vertex 32.3268 -5.99405 3
      vertex 32.8084 -6.26376 3
    endloop
  endfacet
  facet normal 0.488623 0.872495 0
    outer loop
      vertex 32.3268 -5.99405 3
      vertex 32.8084 -6.26376 0
      vertex 32.3268 -5.99405 0
    endloop
  endfacet
  facet normal 0.555624 0.831434 -0
    outer loop
      vertex 32.3268 -5.99405 0
      vertex 31.8679 -5.68738 3
      vertex 32.3268 -5.99405 3
    endloop
  endfacet
  facet normal 0.555624 0.831434 0
    outer loop
      vertex 31.8679 -5.68738 3
      vertex 32.3268 -5.99405 0
      vertex 31.8679 -5.68738 0
    endloop
  endfacet
  facet normal 0.61909 0.78532 -0
    outer loop
      vertex 31.8679 -5.68738 0
      vertex 31.4344 -5.34564 3
      vertex 31.8679 -5.68738 3
    endloop
  endfacet
  facet normal 0.61909 0.78532 0
    outer loop
      vertex 31.4344 -5.34564 3
      vertex 31.8679 -5.68738 0
      vertex 31.4344 -5.34564 0
    endloop
  endfacet
  facet normal 0.678744 0.734375 -0
    outer loop
      vertex 31.4344 -5.34564 0
      vertex 31.029 -4.97095 3
      vertex 31.4344 -5.34564 3
    endloop
  endfacet
  facet normal 0.678744 0.734375 0
    outer loop
      vertex 31.029 -4.97095 3
      vertex 31.4344 -5.34564 0
      vertex 31.029 -4.97095 0
    endloop
  endfacet
  facet normal 0.734316 0.678808 0
    outer loop
      vertex 31.029 -4.97095 3
      vertex 30.6543 -4.56561 0
      vertex 30.6543 -4.56561 3
    endloop
  endfacet
  facet normal 0.734316 0.678808 0
    outer loop
      vertex 30.6543 -4.56561 0
      vertex 31.029 -4.97095 3
      vertex 31.029 -4.97095 0
    endloop
  endfacet
  facet normal 0.785342 0.619063 0
    outer loop
      vertex 30.6543 -4.56561 3
      vertex 30.3126 -4.13213 0
      vertex 30.3126 -4.13213 3
    endloop
  endfacet
  facet normal 0.785342 0.619063 0
    outer loop
      vertex 30.3126 -4.13213 0
      vertex 30.6543 -4.56561 3
      vertex 30.6543 -4.56561 0
    endloop
  endfacet
  facet normal 0.831448 0.555603 0
    outer loop
      vertex 30.3126 -4.13213 3
      vertex 30.0059 -3.67316 0
      vertex 30.0059 -3.67316 3
    endloop
  endfacet
  facet normal 0.831448 0.555603 0
    outer loop
      vertex 30.0059 -3.67316 0
      vertex 30.3126 -4.13213 3
      vertex 30.3126 -4.13213 0
    endloop
  endfacet
  facet normal 0.872512 0.488593 0
    outer loop
      vertex 30.0059 -3.67316 3
      vertex 29.7362 -3.19154 0
      vertex 29.7362 -3.19154 3
    endloop
  endfacet
  facet normal 0.872512 0.488593 0
    outer loop
      vertex 29.7362 -3.19154 0
      vertex 30.0059 -3.67316 3
      vertex 30.0059 -3.67316 0
    endloop
  endfacet
  facet normal 0.908139 0.41867 0
    outer loop
      vertex 29.7362 -3.19154 3
      vertex 29.5051 -2.69026 0
      vertex 29.5051 -2.69026 3
    endloop
  endfacet
  facet normal 0.908139 0.41867 0
    outer loop
      vertex 29.5051 -2.69026 0
      vertex 29.7362 -3.19154 3
      vertex 29.7362 -3.19154 0
    endloop
  endfacet
  facet normal 0.938224 0.346028 0
    outer loop
      vertex 29.5051 -2.69026 3
      vertex 29.3141 -2.17238 0
      vertex 29.3141 -2.17238 3
    endloop
  endfacet
  facet normal 0.938224 0.346028 0
    outer loop
      vertex 29.3141 -2.17238 0
      vertex 29.5051 -2.69026 3
      vertex 29.5051 -2.69026 0
    endloop
  endfacet
  facet normal 0.962424 0.271552 0
    outer loop
      vertex 29.3141 -2.17238 3
      vertex 29.1642 -1.64111 0
      vertex 29.1642 -1.64111 3
    endloop
  endfacet
  facet normal 0.962424 0.271552 0
    outer loop
      vertex 29.1642 -1.64111 0
      vertex 29.3141 -2.17238 3
      vertex 29.3141 -2.17238 0
    endloop
  endfacet
  facet normal 0.980781 0.195113 0
    outer loop
      vertex 29.1642 -1.64111 3
      vertex 29.0565 -1.09973 0
      vertex 29.0565 -1.09973 3
    endloop
  endfacet
  facet normal 0.980781 0.195113 0
    outer loop
      vertex 29.0565 -1.09973 0
      vertex 29.1642 -1.64111 3
      vertex 29.1642 -1.64111 0
    endloop
  endfacet
  facet normal 0.993085 0.117394 0
    outer loop
      vertex 29.0565 -1.09973 3
      vertex 28.9917 -0.551559 0
      vertex 28.9917 -0.551559 3
    endloop
  endfacet
  facet normal 0.993085 0.117394 0
    outer loop
      vertex 28.9917 -0.551559 0
      vertex 29.0565 -1.09973 3
      vertex 29.0565 -1.09973 0
    endloop
  endfacet
  facet normal 0.999227 0.0393126 0
    outer loop
      vertex 28.9917 -0.551559 3
      vertex 28.97 0 0
      vertex 28.97 0 3
    endloop
  endfacet
  facet normal 0.999227 0.0393126 0
    outer loop
      vertex 28.97 0 0
      vertex 28.9917 -0.551559 3
      vertex 28.9917 -0.551559 0
    endloop
  endfacet
  facet normal 0.999227 -0.0393126 0
    outer loop
      vertex 28.97 0 3
      vertex 28.9917 0.551559 0
      vertex 28.9917 0.551559 3
    endloop
  endfacet
  facet normal 0.999227 -0.0393126 0
    outer loop
      vertex 28.9917 0.551559 0
      vertex 28.97 0 3
      vertex 28.97 0 0
    endloop
  endfacet
  facet normal 0.993085 -0.117394 0
    outer loop
      vertex 28.9917 0.551559 3
      vertex 29.0565 1.09973 0
      vertex 29.0565 1.09973 3
    endloop
  endfacet
  facet normal 0.993085 -0.117394 0
    outer loop
      vertex 29.0565 1.09973 0
      vertex 28.9917 0.551559 3
      vertex 28.9917 0.551559 0
    endloop
  endfacet
  facet normal 0.980781 -0.195113 0
    outer loop
      vertex 29.0565 1.09973 3
      vertex 29.1642 1.64111 0
      vertex 29.1642 1.64111 3
    endloop
  endfacet
  facet normal 0.980781 -0.195113 0
    outer loop
      vertex 29.1642 1.64111 0
      vertex 29.0565 1.09973 3
      vertex 29.0565 1.09973 0
    endloop
  endfacet
  facet normal 0.962424 -0.271552 0
    outer loop
      vertex 29.1642 1.64111 3
      vertex 29.3141 2.17238 0
      vertex 29.3141 2.17238 3
    endloop
  endfacet
  facet normal 0.962424 -0.271552 0
    outer loop
      vertex 29.3141 2.17238 0
      vertex 29.1642 1.64111 3
      vertex 29.1642 1.64111 0
    endloop
  endfacet
  facet normal 0.938224 -0.346028 0
    outer loop
      vertex 29.3141 2.17238 3
      vertex 29.5051 2.69026 0
      vertex 29.5051 2.69026 3
    endloop
  endfacet
  facet normal 0.938224 -0.346028 0
    outer loop
      vertex 29.5051 2.69026 0
      vertex 29.3141 2.17238 3
      vertex 29.3141 2.17238 0
    endloop
  endfacet
  facet normal 0.908139 -0.41867 0
    outer loop
      vertex 29.5051 2.69026 3
      vertex 29.7362 3.19154 0
      vertex 29.7362 3.19154 3
    endloop
  endfacet
  facet normal 0.908139 -0.41867 0
    outer loop
      vertex 29.7362 3.19154 0
      vertex 29.5051 2.69026 3
      vertex 29.5051 2.69026 0
    endloop
  endfacet
  facet normal 0.872512 -0.488593 0
    outer loop
      vertex 29.7362 3.19154 3
      vertex 30.0059 3.67316 0
      vertex 30.0059 3.67316 3
    endloop
  endfacet
  facet normal 0.872512 -0.488593 0
    outer loop
      vertex 30.0059 3.67316 0
      vertex 29.7362 3.19154 3
      vertex 29.7362 3.19154 0
    endloop
  endfacet
  facet normal 0.831448 -0.555603 0
    outer loop
      vertex 30.0059 3.67316 3
      vertex 30.3126 4.13213 0
      vertex 30.3126 4.13213 3
    endloop
  endfacet
  facet normal 0.831448 -0.555603 0
    outer loop
      vertex 30.3126 4.13213 0
      vertex 30.0059 3.67316 3
      vertex 30.0059 3.67316 0
    endloop
  endfacet
  facet normal 0.785342 -0.619063 0
    outer loop
      vertex 30.3126 4.13213 3
      vertex 30.6543 4.56561 0
      vertex 30.6543 4.56561 3
    endloop
  endfacet
  facet normal 0.785342 -0.619063 0
    outer loop
      vertex 30.6543 4.56561 0
      vertex 30.3126 4.13213 3
      vertex 30.3126 4.13213 0
    endloop
  endfacet
  facet normal 0.734316 -0.678808 0
    outer loop
      vertex 30.6543 4.56561 3
      vertex 31.029 4.97095 0
      vertex 31.029 4.97095 3
    endloop
  endfacet
  facet normal 0.734316 -0.678808 0
    outer loop
      vertex 31.029 4.97095 0
      vertex 30.6543 4.56561 3
      vertex 30.6543 4.56561 0
    endloop
  endfacet
  facet normal 0.678744 -0.734375 0
    outer loop
      vertex 31.029 4.97095 0
      vertex 31.4344 5.34564 3
      vertex 31.029 4.97095 3
    endloop
  endfacet
  facet normal 0.678744 -0.734375 0
    outer loop
      vertex 31.4344 5.34564 3
      vertex 31.029 4.97095 0
      vertex 31.4344 5.34564 0
    endloop
  endfacet
  facet normal 0.61909 -0.78532 0
    outer loop
      vertex 31.4344 5.34564 0
      vertex 31.8679 5.68738 3
      vertex 31.4344 5.34564 3
    endloop
  endfacet
  facet normal 0.61909 -0.78532 0
    outer loop
      vertex 31.8679 5.68738 3
      vertex 31.4344 5.34564 0
      vertex 31.8679 5.68738 0
    endloop
  endfacet
  facet normal 0.555624 -0.831434 0
    outer loop
      vertex 31.8679 5.68738 0
      vertex 32.3268 5.99405 3
      vertex 31.8679 5.68738 3
    endloop
  endfacet
  facet normal 0.555624 -0.831434 0
    outer loop
      vertex 32.3268 5.99405 3
      vertex 31.8679 5.68738 0
      vertex 32.3268 5.99405 0
    endloop
  endfacet
  facet normal 0.488623 -0.872495 0
    outer loop
      vertex 32.3268 5.99405 0
      vertex 32.8084 6.26376 3
      vertex 32.3268 5.99405 3
    endloop
  endfacet
  facet normal 0.488623 -0.872495 0
    outer loop
      vertex 32.8084 6.26376 3
      vertex 32.3268 5.99405 0
      vertex 32.8084 6.26376 0
    endloop
  endfacet
  facet normal 0.418671 -0.908138 0
    outer loop
      vertex 32.8084 6.26376 0
      vertex 33.3097 6.49487 3
      vertex 32.8084 6.26376 3
    endloop
  endfacet
  facet normal 0.418671 -0.908138 0
    outer loop
      vertex 33.3097 6.49487 3
      vertex 32.8084 6.26376 0
      vertex 33.3097 6.49487 0
    endloop
  endfacet
  facet normal 0.34608 -0.938205 0
    outer loop
      vertex 33.3097 6.49487 0
      vertex 33.8276 6.68591 3
      vertex 33.3097 6.49487 3
    endloop
  endfacet
  facet normal 0.34608 -0.938205 0
    outer loop
      vertex 33.8276 6.68591 3
      vertex 33.3097 6.49487 0
      vertex 33.8276 6.68591 0
    endloop
  endfacet
  facet normal 0.271437 -0.962456 0
    outer loop
      vertex 33.8276 6.68591 0
      vertex 34.3589 6.83575 3
      vertex 33.8276 6.68591 3
    endloop
  endfacet
  facet normal 0.271437 -0.962456 0
    outer loop
      vertex 34.3589 6.83575 3
      vertex 33.8276 6.68591 0
      vertex 34.3589 6.83575 0
    endloop
  endfacet
  facet normal 0.195088 -0.980786 0
    outer loop
      vertex 34.3589 6.83575 0
      vertex 34.9003 6.94344 3
      vertex 34.3589 6.83575 3
    endloop
  endfacet
  facet normal 0.195088 -0.980786 0
    outer loop
      vertex 34.9003 6.94344 3
      vertex 34.3589 6.83575 0
      vertex 34.9003 6.94344 0
    endloop
  endfacet
  facet normal 0.117552 -0.993067 0
    outer loop
      vertex 34.9003 6.94344 0
      vertex 35.4484 7.00832 3
      vertex 34.9003 6.94344 3
    endloop
  endfacet
  facet normal 0.117552 -0.993067 0
    outer loop
      vertex 35.4484 7.00832 3
      vertex 34.9003 6.94344 0
      vertex 35.4484 7.00832 0
    endloop
  endfacet
  facet normal 0.0392735 -0.999228 0
    outer loop
      vertex 35.4484 7.00832 0
      vertex 36 7.03 3
      vertex 35.4484 7.00832 3
    endloop
  endfacet
  facet normal 0.0392735 -0.999228 0
    outer loop
      vertex 36 7.03 3
      vertex 35.4484 7.00832 0
      vertex 36 7.03 0
    endloop
  endfacet
  facet normal -0.0392735 -0.999228 0
    outer loop
      vertex 36 7.03 0
      vertex 36.5516 7.00832 3
      vertex 36 7.03 3
    endloop
  endfacet
  facet normal -0.0392735 -0.999228 -0
    outer loop
      vertex 36.5516 7.00832 3
      vertex 36 7.03 0
      vertex 36.5516 7.00832 0
    endloop
  endfacet
  facet normal -0.117552 -0.993067 0
    outer loop
      vertex 36.5516 7.00832 0
      vertex 37.0997 6.94344 3
      vertex 36.5516 7.00832 3
    endloop
  endfacet
  facet normal -0.117552 -0.993067 -0
    outer loop
      vertex 37.0997 6.94344 3
      vertex 36.5516 7.00832 0
      vertex 37.0997 6.94344 0
    endloop
  endfacet
  facet normal -0.195088 -0.980786 0
    outer loop
      vertex 37.0997 6.94344 0
      vertex 37.6411 6.83575 3
      vertex 37.0997 6.94344 3
    endloop
  endfacet
  facet normal -0.195088 -0.980786 -0
    outer loop
      vertex 37.6411 6.83575 3
      vertex 37.0997 6.94344 0
      vertex 37.6411 6.83575 0
    endloop
  endfacet
  facet normal -0.271437 -0.962456 0
    outer loop
      vertex 37.6411 6.83575 0
      vertex 38.1724 6.68591 3
      vertex 37.6411 6.83575 3
    endloop
  endfacet
  facet normal -0.271437 -0.962456 -0
    outer loop
      vertex 38.1724 6.68591 3
      vertex 37.6411 6.83575 0
      vertex 38.1724 6.68591 0
    endloop
  endfacet
  facet normal -0.34608 -0.938205 0
    outer loop
      vertex 38.1724 6.68591 0
      vertex 38.6903 6.49487 3
      vertex 38.1724 6.68591 3
    endloop
  endfacet
  facet normal -0.34608 -0.938205 -0
    outer loop
      vertex 38.6903 6.49487 3
      vertex 38.1724 6.68591 0
      vertex 38.6903 6.49487 0
    endloop
  endfacet
  facet normal -0.41874 -0.908106 0
    outer loop
      vertex 38.6903 6.49487 0
      vertex 39.1915 6.26376 3
      vertex 38.6903 6.49487 3
    endloop
  endfacet
  facet normal -0.41874 -0.908106 -0
    outer loop
      vertex 39.1915 6.26376 3
      vertex 38.6903 6.49487 0
      vertex 39.1915 6.26376 0
    endloop
  endfacet
  facet normal -0.488545 -0.872538 0
    outer loop
      vertex 39.1915 6.26376 0
      vertex 39.6732 5.99405 3
      vertex 39.1915 6.26376 3
    endloop
  endfacet
  facet normal -0.488545 -0.872538 -0
    outer loop
      vertex 39.6732 5.99405 3
      vertex 39.1915 6.26376 0
      vertex 39.6732 5.99405 0
    endloop
  endfacet
  facet normal -0.555624 -0.831434 0
    outer loop
      vertex 39.6732 5.99405 0
      vertex 40.1321 5.68738 3
      vertex 39.6732 5.99405 3
    endloop
  endfacet
  facet normal -0.555624 -0.831434 -0
    outer loop
      vertex 40.1321 5.68738 3
      vertex 39.6732 5.99405 0
      vertex 40.1321 5.68738 0
    endloop
  endfacet
  facet normal -0.61909 -0.78532 0
    outer loop
      vertex 40.1321 5.68738 0
      vertex 40.5656 5.34564 3
      vertex 40.1321 5.68738 3
    endloop
  endfacet
  facet normal -0.61909 -0.78532 -0
    outer loop
      vertex 40.5656 5.34564 3
      vertex 40.1321 5.68738 0
      vertex 40.5656 5.34564 0
    endloop
  endfacet
  facet normal -0.678834 -0.734291 0
    outer loop
      vertex 40.5656 5.34564 0
      vertex 40.9709 4.97095 3
      vertex 40.5656 5.34564 3
    endloop
  endfacet
  facet normal -0.678834 -0.734291 -0
    outer loop
      vertex 40.9709 4.97095 3
      vertex 40.5656 5.34564 0
      vertex 40.9709 4.97095 0
    endloop
  endfacet
  facet normal -0.734316 -0.678808 0
    outer loop
      vertex 41.3456 4.56561 0
      vertex 40.9709 4.97095 3
      vertex 40.9709 4.97095 0
    endloop
  endfacet
  facet normal -0.734316 -0.678808 0
    outer loop
      vertex 40.9709 4.97095 3
      vertex 41.3456 4.56561 0
      vertex 41.3456 4.56561 3
    endloop
  endfacet
  facet normal -0.785254 -0.619174 0
    outer loop
      vertex 41.6874 4.13213 0
      vertex 41.3456 4.56561 3
      vertex 41.3456 4.56561 0
    endloop
  endfacet
  facet normal -0.785254 -0.619174 0
    outer loop
      vertex 41.3456 4.56561 3
      vertex 41.6874 4.13213 0
      vertex 41.6874 4.13213 3
    endloop
  endfacet
  facet normal -0.831531 -0.555478 0
    outer loop
      vertex 41.994 3.67316 0
      vertex 41.6874 4.13213 3
      vertex 41.6874 4.13213 0
    endloop
  endfacet
  facet normal -0.831531 -0.555478 0
    outer loop
      vertex 41.6874 4.13213 3
      vertex 41.994 3.67316 0
      vertex 41.994 3.67316 3
    endloop
  endfacet
  facet normal -0.872434 -0.488731 0
    outer loop
      vertex 42.2638 3.19154 0
      vertex 41.994 3.67316 3
      vertex 41.994 3.67316 0
    endloop
  endfacet
  facet normal -0.872434 -0.488731 0
    outer loop
      vertex 41.994 3.67316 3
      vertex 42.2638 3.19154 0
      vertex 42.2638 3.19154 3
    endloop
  endfacet
  facet normal -0.908139 -0.41867 0
    outer loop
      vertex 42.4949 2.69026 0
      vertex 42.2638 3.19154 3
      vertex 42.2638 3.19154 0
    endloop
  endfacet
  facet normal -0.908139 -0.41867 0
    outer loop
      vertex 42.2638 3.19154 3
      vertex 42.4949 2.69026 0
      vertex 42.4949 2.69026 3
    endloop
  endfacet
  facet normal -0.938224 -0.346028 0
    outer loop
      vertex 42.6859 2.17238 0
      vertex 42.4949 2.69026 3
      vertex 42.4949 2.69026 0
    endloop
  endfacet
  facet normal -0.938224 -0.346028 0
    outer loop
      vertex 42.4949 2.69026 3
      vertex 42.6859 2.17238 0
      vertex 42.6859 2.17238 3
    endloop
  endfacet
  facet normal -0.962424 -0.271552 0
    outer loop
      vertex 42.8358 1.64111 0
      vertex 42.6859 2.17238 3
      vertex 42.6859 2.17238 0
    endloop
  endfacet
  facet normal -0.962424 -0.271552 0
    outer loop
      vertex 42.6859 2.17238 3
      vertex 42.8358 1.64111 0
      vertex 42.8358 1.64111 3
    endloop
  endfacet
  facet normal -0.980815 -0.194938 0
    outer loop
      vertex 42.9434 1.09973 0
      vertex 42.8358 1.64111 3
      vertex 42.8358 1.64111 0
    endloop
  endfacet
  facet normal -0.980815 -0.194938 0
    outer loop
      vertex 42.8358 1.64111 3
      vertex 42.9434 1.09973 0
      vertex 42.9434 1.09973 3
    endloop
  endfacet
  facet normal -0.993064 -0.117573 0
    outer loop
      vertex 43.0083 0.551559 0
      vertex 42.9434 1.09973 3
      vertex 42.9434 1.09973 0
    endloop
  endfacet
  facet normal -0.993064 -0.117573 0
    outer loop
      vertex 42.9434 1.09973 3
      vertex 43.0083 0.551559 0
      vertex 43.0083 0.551559 3
    endloop
  endfacet
  facet normal -0.999227 -0.0393126 0
    outer loop
      vertex 43.03 0 0
      vertex 43.0083 0.551559 3
      vertex 43.0083 0.551559 0
    endloop
  endfacet
  facet normal -0.999227 -0.0393126 0
    outer loop
      vertex 43.0083 0.551559 3
      vertex 43.03 0 0
      vertex 43.03 0 3
    endloop
  endfacet
  facet normal -0.999227 0.0393126 0
    outer loop
      vertex 43.0083 -0.551559 0
      vertex 43.03 0 3
      vertex 43.03 0 0
    endloop
  endfacet
  facet normal -0.999227 0.0393126 0
    outer loop
      vertex 43.03 0 3
      vertex 43.0083 -0.551559 0
      vertex 43.0083 -0.551559 3
    endloop
  endfacet
  facet normal -0.993064 0.117573 0
    outer loop
      vertex 42.9434 -1.09973 0
      vertex 43.0083 -0.551559 3
      vertex 43.0083 -0.551559 0
    endloop
  endfacet
  facet normal -0.993064 0.117573 0
    outer loop
      vertex 43.0083 -0.551559 3
      vertex 42.9434 -1.09973 0
      vertex 42.9434 -1.09973 3
    endloop
  endfacet
  facet normal -0.980815 0.194938 0
    outer loop
      vertex 42.8358 -1.64111 0
      vertex 42.9434 -1.09973 3
      vertex 42.9434 -1.09973 0
    endloop
  endfacet
  facet normal -0.980815 0.194938 0
    outer loop
      vertex 42.9434 -1.09973 3
      vertex 42.8358 -1.64111 0
      vertex 42.8358 -1.64111 3
    endloop
  endfacet
  facet normal -0.962424 0.271552 0
    outer loop
      vertex 42.6859 -2.17238 0
      vertex 42.8358 -1.64111 3
      vertex 42.8358 -1.64111 0
    endloop
  endfacet
  facet normal -0.962424 0.271552 0
    outer loop
      vertex 42.8358 -1.64111 3
      vertex 42.6859 -2.17238 0
      vertex 42.6859 -2.17238 3
    endloop
  endfacet
  facet normal -0.938224 0.346028 0
    outer loop
      vertex 42.4949 -2.69026 0
      vertex 42.6859 -2.17238 3
      vertex 42.6859 -2.17238 0
    endloop
  endfacet
  facet normal -0.938224 0.346028 0
    outer loop
      vertex 42.6859 -2.17238 3
      vertex 42.4949 -2.69026 0
      vertex 42.4949 -2.69026 3
    endloop
  endfacet
  facet normal -0.908139 0.41867 0
    outer loop
      vertex 42.2638 -3.19154 0
      vertex 42.4949 -2.69026 3
      vertex 42.4949 -2.69026 0
    endloop
  endfacet
  facet normal -0.908139 0.41867 0
    outer loop
      vertex 42.4949 -2.69026 3
      vertex 42.2638 -3.19154 0
      vertex 42.2638 -3.19154 3
    endloop
  endfacet
  facet normal -0.872434 0.488731 0
    outer loop
      vertex 41.994 -3.67316 0
      vertex 42.2638 -3.19154 3
      vertex 42.2638 -3.19154 0
    endloop
  endfacet
  facet normal -0.872434 0.488731 0
    outer loop
      vertex 42.2638 -3.19154 3
      vertex 41.994 -3.67316 0
      vertex 41.994 -3.67316 3
    endloop
  endfacet
  facet normal -0.831531 0.555478 0
    outer loop
      vertex 41.6874 -4.13213 0
      vertex 41.994 -3.67316 3
      vertex 41.994 -3.67316 0
    endloop
  endfacet
  facet normal -0.831531 0.555478 0
    outer loop
      vertex 41.994 -3.67316 3
      vertex 41.6874 -4.13213 0
      vertex 41.6874 -4.13213 3
    endloop
  endfacet
  facet normal -0.785254 0.619174 0
    outer loop
      vertex 41.3456 -4.56561 0
      vertex 41.6874 -4.13213 3
      vertex 41.6874 -4.13213 0
    endloop
  endfacet
  facet normal -0.785254 0.619174 0
    outer loop
      vertex 41.6874 -4.13213 3
      vertex 41.3456 -4.56561 0
      vertex 41.3456 -4.56561 3
    endloop
  endfacet
  facet normal -0.734316 0.678808 0
    outer loop
      vertex 40.9709 -4.97095 0
      vertex 41.3456 -4.56561 3
      vertex 41.3456 -4.56561 0
    endloop
  endfacet
  facet normal -0.734316 0.678808 0
    outer loop
      vertex 41.3456 -4.56561 3
      vertex 40.9709 -4.97095 0
      vertex 40.9709 -4.97095 3
    endloop
  endfacet
  facet normal -0.678834 0.734291 0
    outer loop
      vertex 40.9709 -4.97095 0
      vertex 40.5656 -5.34564 3
      vertex 40.9709 -4.97095 3
    endloop
  endfacet
  facet normal -0.678834 0.734291 0
    outer loop
      vertex 40.5656 -5.34564 3
      vertex 40.9709 -4.97095 0
      vertex 40.5656 -5.34564 0
    endloop
  endfacet
  facet normal -0.61909 0.78532 0
    outer loop
      vertex 40.5656 -5.34564 0
      vertex 40.1321 -5.68738 3
      vertex 40.5656 -5.34564 3
    endloop
  endfacet
  facet normal -0.61909 0.78532 0
    outer loop
      vertex 40.1321 -5.68738 3
      vertex 40.5656 -5.34564 0
      vertex 40.1321 -5.68738 0
    endloop
  endfacet
  facet normal -0.555624 0.831434 0
    outer loop
      vertex 40.1321 -5.68738 0
      vertex 39.6732 -5.99405 3
      vertex 40.1321 -5.68738 3
    endloop
  endfacet
  facet normal -0.555624 0.831434 0
    outer loop
      vertex 39.6732 -5.99405 3
      vertex 40.1321 -5.68738 0
      vertex 39.6732 -5.99405 0
    endloop
  endfacet
  facet normal -0.488545 0.872538 0
    outer loop
      vertex 39.6732 -5.99405 0
      vertex 39.1915 -6.26376 3
      vertex 39.6732 -5.99405 3
    endloop
  endfacet
  facet normal -0.488545 0.872538 0
    outer loop
      vertex 39.1915 -6.26376 3
      vertex 39.6732 -5.99405 0
      vertex 39.1915 -6.26376 0
    endloop
  endfacet
  facet normal -0.41874 0.908106 0
    outer loop
      vertex 39.1915 -6.26376 0
      vertex 38.6903 -6.49487 3
      vertex 39.1915 -6.26376 3
    endloop
  endfacet
  facet normal -0.41874 0.908106 0
    outer loop
      vertex 38.6903 -6.49487 3
      vertex 39.1915 -6.26376 0
      vertex 38.6903 -6.49487 0
    endloop
  endfacet
  facet normal -0.34608 0.938205 0
    outer loop
      vertex 38.6903 -6.49487 0
      vertex 38.1724 -6.68591 3
      vertex 38.6903 -6.49487 3
    endloop
  endfacet
  facet normal -0.34608 0.938205 0
    outer loop
      vertex 38.1724 -6.68591 3
      vertex 38.6903 -6.49487 0
      vertex 38.1724 -6.68591 0
    endloop
  endfacet
  facet normal -0.271437 0.962456 0
    outer loop
      vertex 38.1724 -6.68591 0
      vertex 37.6411 -6.83575 3
      vertex 38.1724 -6.68591 3
    endloop
  endfacet
  facet normal -0.271437 0.962456 0
    outer loop
      vertex 37.6411 -6.83575 3
      vertex 38.1724 -6.68591 0
      vertex 37.6411 -6.83575 0
    endloop
  endfacet
  facet normal -0.195088 0.980786 0
    outer loop
      vertex 37.6411 -6.83575 0
      vertex 37.0997 -6.94344 3
      vertex 37.6411 -6.83575 3
    endloop
  endfacet
  facet normal -0.195088 0.980786 0
    outer loop
      vertex 37.0997 -6.94344 3
      vertex 37.6411 -6.83575 0
      vertex 37.0997 -6.94344 0
    endloop
  endfacet
  facet normal -0.117552 0.993067 0
    outer loop
      vertex 37.0997 -6.94344 0
      vertex 36.5516 -7.00832 3
      vertex 37.0997 -6.94344 3
    endloop
  endfacet
  facet normal -0.117552 0.993067 0
    outer loop
      vertex 36.5516 -7.00832 3
      vertex 37.0997 -6.94344 0
      vertex 36.5516 -7.00832 0
    endloop
  endfacet
  facet normal -0.0392735 0.999228 0
    outer loop
      vertex 36.5516 -7.00832 0
      vertex 36 -7.03 3
      vertex 36.5516 -7.00832 3
    endloop
  endfacet
  facet normal -0.0392735 0.999228 0
    outer loop
      vertex 36 -7.03 3
      vertex 36.5516 -7.00832 0
      vertex 36 -7.03 0
    endloop
  endfacet
  facet normal 0.0392735 0.999228 -0
    outer loop
      vertex 36 -7.03 0
      vertex 35.4484 -7.00832 3
      vertex 36 -7.03 3
    endloop
  endfacet
  facet normal 0.0392735 0.999228 0
    outer loop
      vertex 35.4484 -7.00832 3
      vertex 36 -7.03 0
      vertex 35.4484 -7.00832 0
    endloop
  endfacet
  facet normal 0.117537 0.993069 -0
    outer loop
      vertex -0.551559 -7.00832 0
      vertex -1.09973 -6.94344 3
      vertex -0.551559 -7.00832 3
    endloop
  endfacet
  facet normal 0.117537 0.993069 0
    outer loop
      vertex -1.09973 -6.94344 3
      vertex -0.551559 -7.00832 0
      vertex -1.09973 -6.94344 0
    endloop
  endfacet
  facet normal 0.195095 0.980784 -0
    outer loop
      vertex -1.09973 -6.94344 0
      vertex -1.64111 -6.83575 3
      vertex -1.09973 -6.94344 3
    endloop
  endfacet
  facet normal 0.195095 0.980784 0
    outer loop
      vertex -1.64111 -6.83575 3
      vertex -1.09973 -6.94344 0
      vertex -1.64111 -6.83575 0
    endloop
  endfacet
  facet normal 0.271451 0.962452 -0
    outer loop
      vertex -1.64111 -6.83575 0
      vertex -2.17238 -6.68591 3
      vertex -1.64111 -6.83575 3
    endloop
  endfacet
  facet normal 0.271451 0.962452 0
    outer loop
      vertex -2.17238 -6.68591 3
      vertex -1.64111 -6.83575 0
      vertex -2.17238 -6.68591 0
    endloop
  endfacet
  facet normal 0.346092 0.938201 -0
    outer loop
      vertex -2.17238 -6.68591 0
      vertex -2.69026 -6.49487 3
      vertex -2.17238 -6.68591 3
    endloop
  endfacet
  facet normal 0.346092 0.938201 0
    outer loop
      vertex -2.69026 -6.49487 3
      vertex -2.17238 -6.68591 0
      vertex -2.69026 -6.49487 0
    endloop
  endfacet
  facet normal 0.418685 0.908132 -0
    outer loop
      vertex -2.69026 -6.49487 0
      vertex -3.19154 -6.26376 3
      vertex -2.69026 -6.49487 3
    endloop
  endfacet
  facet normal 0.418685 0.908132 0
    outer loop
      vertex -3.19154 -6.26376 3
      vertex -2.69026 -6.49487 0
      vertex -3.19154 -6.26376 0
    endloop
  endfacet
  facet normal 0.488607 0.872504 -0
    outer loop
      vertex -3.19154 -6.26376 0
      vertex -3.67316 -5.99405 3
      vertex -3.19154 -6.26376 3
    endloop
  endfacet
  facet normal 0.488607 0.872504 0
    outer loop
      vertex -3.67316 -5.99405 3
      vertex -3.19154 -6.26376 0
      vertex -3.67316 -5.99405 0
    endloop
  endfacet
  facet normal 0.555565 0.831473 -0
    outer loop
      vertex -3.67316 -5.99405 0
      vertex -4.13213 -5.68738 3
      vertex -3.67316 -5.99405 3
    endloop
  endfacet
  facet normal 0.555565 0.831473 0
    outer loop
      vertex -4.13213 -5.68738 3
      vertex -3.67316 -5.99405 0
      vertex -4.13213 -5.68738 0
    endloop
  endfacet
  facet normal 0.619107 0.785306 -0
    outer loop
      vertex -4.13213 -5.68738 0
      vertex -4.56561 -5.34564 3
      vertex -4.13213 -5.68738 3
    endloop
  endfacet
  facet normal 0.619107 0.785306 0
    outer loop
      vertex -4.56561 -5.34564 3
      vertex -4.13213 -5.68738 0
      vertex -4.56561 -5.34564 0
    endloop
  endfacet
  facet normal 0.678798 0.734325 -0
    outer loop
      vertex -4.56561 -5.34564 0
      vertex -4.97095 -4.97095 3
      vertex -4.56561 -5.34564 3
    endloop
  endfacet
  facet normal 0.678798 0.734325 0
    outer loop
      vertex -4.97095 -4.97095 3
      vertex -4.56561 -5.34564 0
      vertex -4.97095 -4.97095 0
    endloop
  endfacet
  facet normal 0.734325 0.678798 0
    outer loop
      vertex -4.97095 -4.97095 3
      vertex -5.34564 -4.56561 0
      vertex -5.34564 -4.56561 3
    endloop
  endfacet
  facet normal 0.734325 0.678798 0
    outer loop
      vertex -5.34564 -4.56561 0
      vertex -4.97095 -4.97095 3
      vertex -4.97095 -4.97095 0
    endloop
  endfacet
  facet normal 0.785306 0.619107 0
    outer loop
      vertex -5.34564 -4.56561 3
      vertex -5.68738 -4.13213 0
      vertex -5.68738 -4.13213 3
    endloop
  endfacet
  facet normal 0.785306 0.619107 0
    outer loop
      vertex -5.68738 -4.13213 0
      vertex -5.34564 -4.56561 3
      vertex -5.34564 -4.56561 0
    endloop
  endfacet
  facet normal 0.831473 0.555565 0
    outer loop
      vertex -5.68738 -4.13213 3
      vertex -5.99405 -3.67316 0
      vertex -5.99405 -3.67316 3
    endloop
  endfacet
  facet normal 0.831473 0.555565 0
    outer loop
      vertex -5.99405 -3.67316 0
      vertex -5.68738 -4.13213 3
      vertex -5.68738 -4.13213 0
    endloop
  endfacet
  facet normal 0.872504 0.488607 0
    outer loop
      vertex -5.99405 -3.67316 3
      vertex -6.26376 -3.19154 0
      vertex -6.26376 -3.19154 3
    endloop
  endfacet
  facet normal 0.872504 0.488607 0
    outer loop
      vertex -6.26376 -3.19154 0
      vertex -5.99405 -3.67316 3
      vertex -5.99405 -3.67316 0
    endloop
  endfacet
  facet normal 0.908132 0.418685 0
    outer loop
      vertex -6.26376 -3.19154 3
      vertex -6.49487 -2.69026 0
      vertex -6.49487 -2.69026 3
    endloop
  endfacet
  facet normal 0.908132 0.418685 0
    outer loop
      vertex -6.49487 -2.69026 0
      vertex -6.26376 -3.19154 3
      vertex -6.26376 -3.19154 0
    endloop
  endfacet
  facet normal 0.938201 0.346092 0
    outer loop
      vertex -6.49487 -2.69026 3
      vertex -6.68591 -2.17238 0
      vertex -6.68591 -2.17238 3
    endloop
  endfacet
  facet normal 0.938201 0.346092 0
    outer loop
      vertex -6.68591 -2.17238 0
      vertex -6.49487 -2.69026 3
      vertex -6.49487 -2.69026 0
    endloop
  endfacet
  facet normal 0.962452 0.271451 0
    outer loop
      vertex -6.68591 -2.17238 3
      vertex -6.83575 -1.64111 0
      vertex -6.83575 -1.64111 3
    endloop
  endfacet
  facet normal 0.962452 0.271451 0
    outer loop
      vertex -6.83575 -1.64111 0
      vertex -6.68591 -2.17238 3
      vertex -6.68591 -2.17238 0
    endloop
  endfacet
  facet normal 0.980784 0.195095 0
    outer loop
      vertex -6.83575 -1.64111 3
      vertex -6.94344 -1.09973 0
      vertex -6.94344 -1.09973 3
    endloop
  endfacet
  facet normal 0.980784 0.195095 0
    outer loop
      vertex -6.94344 -1.09973 0
      vertex -6.83575 -1.64111 3
      vertex -6.83575 -1.64111 0
    endloop
  endfacet
  facet normal 0.993069 0.117537 0
    outer loop
      vertex -6.94344 -1.09973 3
      vertex -7.00832 -0.551559 0
      vertex -7.00832 -0.551559 3
    endloop
  endfacet
  facet normal 0.993069 0.117537 0
    outer loop
      vertex -7.00832 -0.551559 0
      vertex -6.94344 -1.09973 3
      vertex -6.94344 -1.09973 0
    endloop
  endfacet
  facet normal 0.999228 0.0392764 0
    outer loop
      vertex -7.00832 -0.551559 3
      vertex -7.03 0 0
      vertex -7.03 0 3
    endloop
  endfacet
  facet normal 0.999228 0.0392764 0
    outer loop
      vertex -7.03 0 0
      vertex -7.00832 -0.551559 3
      vertex -7.00832 -0.551559 0
    endloop
  endfacet
  facet normal 0.999228 -0.0392764 0
    outer loop
      vertex -7.03 0 3
      vertex -7.00832 0.551559 0
      vertex -7.00832 0.551559 3
    endloop
  endfacet
  facet normal 0.999228 -0.0392764 0
    outer loop
      vertex -7.00832 0.551559 0
      vertex -7.03 0 3
      vertex -7.03 0 0
    endloop
  endfacet
  facet normal 0.993069 -0.117537 0
    outer loop
      vertex -7.00832 0.551559 3
      vertex -6.94344 1.09973 0
      vertex -6.94344 1.09973 3
    endloop
  endfacet
  facet normal 0.993069 -0.117537 0
    outer loop
      vertex -6.94344 1.09973 0
      vertex -7.00832 0.551559 3
      vertex -7.00832 0.551559 0
    endloop
  endfacet
  facet normal 0.980784 -0.195095 0
    outer loop
      vertex -6.94344 1.09973 3
      vertex -6.83575 1.64111 0
      vertex -6.83575 1.64111 3
    endloop
  endfacet
  facet normal 0.980784 -0.195095 0
    outer loop
      vertex -6.83575 1.64111 0
      vertex -6.94344 1.09973 3
      vertex -6.94344 1.09973 0
    endloop
  endfacet
  facet normal 0.962452 -0.271451 0
    outer loop
      vertex -6.83575 1.64111 3
      vertex -6.68591 2.17238 0
      vertex -6.68591 2.17238 3
    endloop
  endfacet
  facet normal 0.962452 -0.271451 0
    outer loop
      vertex -6.68591 2.17238 0
      vertex -6.83575 1.64111 3
      vertex -6.83575 1.64111 0
    endloop
  endfacet
  facet normal 0.938201 -0.346092 0
    outer loop
      vertex -6.68591 2.17238 3
      vertex -6.49487 2.69026 0
      vertex -6.49487 2.69026 3
    endloop
  endfacet
  facet normal 0.938201 -0.346092 0
    outer loop
      vertex -6.49487 2.69026 0
      vertex -6.68591 2.17238 3
      vertex -6.68591 2.17238 0
    endloop
  endfacet
  facet normal 0.908132 -0.418685 0
    outer loop
      vertex -6.49487 2.69026 3
      vertex -6.26376 3.19154 0
      vertex -6.26376 3.19154 3
    endloop
  endfacet
  facet normal 0.908132 -0.418685 0
    outer loop
      vertex -6.26376 3.19154 0
      vertex -6.49487 2.69026 3
      vertex -6.49487 2.69026 0
    endloop
  endfacet
  facet normal 0.872504 -0.488607 0
    outer loop
      vertex -6.26376 3.19154 3
      vertex -5.99405 3.67316 0
      vertex -5.99405 3.67316 3
    endloop
  endfacet
  facet normal 0.872504 -0.488607 0
    outer loop
      vertex -5.99405 3.67316 0
      vertex -6.26376 3.19154 3
      vertex -6.26376 3.19154 0
    endloop
  endfacet
  facet normal 0.831473 -0.555565 0
    outer loop
      vertex -5.99405 3.67316 3
      vertex -5.68738 4.13213 0
      vertex -5.68738 4.13213 3
    endloop
  endfacet
  facet normal 0.831473 -0.555565 0
    outer loop
      vertex -5.68738 4.13213 0
      vertex -5.99405 3.67316 3
      vertex -5.99405 3.67316 0
    endloop
  endfacet
  facet normal 0.785306 -0.619107 0
    outer loop
      vertex -5.68738 4.13213 3
      vertex -5.34564 4.56561 0
      vertex -5.34564 4.56561 3
    endloop
  endfacet
  facet normal 0.785306 -0.619107 0
    outer loop
      vertex -5.34564 4.56561 0
      vertex -5.68738 4.13213 3
      vertex -5.68738 4.13213 0
    endloop
  endfacet
  facet normal 0.734325 -0.678798 0
    outer loop
      vertex -5.34564 4.56561 3
      vertex -4.97095 4.97095 0
      vertex -4.97095 4.97095 3
    endloop
  endfacet
  facet normal 0.734325 -0.678798 0
    outer loop
      vertex -4.97095 4.97095 0
      vertex -5.34564 4.56561 3
      vertex -5.34564 4.56561 0
    endloop
  endfacet
  facet normal 0.678798 -0.734325 0
    outer loop
      vertex -4.97095 4.97095 0
      vertex -4.56561 5.34564 3
      vertex -4.97095 4.97095 3
    endloop
  endfacet
  facet normal 0.678798 -0.734325 0
    outer loop
      vertex -4.56561 5.34564 3
      vertex -4.97095 4.97095 0
      vertex -4.56561 5.34564 0
    endloop
  endfacet
  facet normal 0.619107 -0.785306 0
    outer loop
      vertex -4.56561 5.34564 0
      vertex -4.13213 5.68738 3
      vertex -4.56561 5.34564 3
    endloop
  endfacet
  facet normal 0.619107 -0.785306 0
    outer loop
      vertex -4.13213 5.68738 3
      vertex -4.56561 5.34564 0
      vertex -4.13213 5.68738 0
    endloop
  endfacet
  facet normal 0.555565 -0.831473 0
    outer loop
      vertex -4.13213 5.68738 0
      vertex -3.67316 5.99405 3
      vertex -4.13213 5.68738 3
    endloop
  endfacet
  facet normal 0.555565 -0.831473 0
    outer loop
      vertex -3.67316 5.99405 3
      vertex -4.13213 5.68738 0
      vertex -3.67316 5.99405 0
    endloop
  endfacet
  facet normal 0.488607 -0.872504 0
    outer loop
      vertex -3.67316 5.99405 0
      vertex -3.19154 6.26376 3
      vertex -3.67316 5.99405 3
    endloop
  endfacet
  facet normal 0.488607 -0.872504 0
    outer loop
      vertex -3.19154 6.26376 3
      vertex -3.67316 5.99405 0
      vertex -3.19154 6.26376 0
    endloop
  endfacet
  facet normal 0.418685 -0.908132 0
    outer loop
      vertex -3.19154 6.26376 0
      vertex -2.69026 6.49487 3
      vertex -3.19154 6.26376 3
    endloop
  endfacet
  facet normal 0.418685 -0.908132 0
    outer loop
      vertex -2.69026 6.49487 3
      vertex -3.19154 6.26376 0
      vertex -2.69026 6.49487 0
    endloop
  endfacet
  facet normal 0.346092 -0.938201 0
    outer loop
      vertex -2.69026 6.49487 0
      vertex -2.17238 6.68591 3
      vertex -2.69026 6.49487 3
    endloop
  endfacet
  facet normal 0.346092 -0.938201 0
    outer loop
      vertex -2.17238 6.68591 3
      vertex -2.69026 6.49487 0
      vertex -2.17238 6.68591 0
    endloop
  endfacet
  facet normal 0.271451 -0.962452 0
    outer loop
      vertex -2.17238 6.68591 0
      vertex -1.64111 6.83575 3
      vertex -2.17238 6.68591 3
    endloop
  endfacet
  facet normal 0.271451 -0.962452 0
    outer loop
      vertex -1.64111 6.83575 3
      vertex -2.17238 6.68591 0
      vertex -1.64111 6.83575 0
    endloop
  endfacet
  facet normal 0.195095 -0.980784 0
    outer loop
      vertex -1.64111 6.83575 0
      vertex -1.09973 6.94344 3
      vertex -1.64111 6.83575 3
    endloop
  endfacet
  facet normal 0.195095 -0.980784 0
    outer loop
      vertex -1.09973 6.94344 3
      vertex -1.64111 6.83575 0
      vertex -1.09973 6.94344 0
    endloop
  endfacet
  facet normal 0.117537 -0.993069 0
    outer loop
      vertex -1.09973 6.94344 0
      vertex -0.551559 7.00832 3
      vertex -1.09973 6.94344 3
    endloop
  endfacet
  facet normal 0.117537 -0.993069 0
    outer loop
      vertex -0.551559 7.00832 3
      vertex -1.09973 6.94344 0
      vertex -0.551559 7.00832 0
    endloop
  endfacet
  facet normal 0.0392764 -0.999228 0
    outer loop
      vertex -0.551559 7.00832 0
      vertex 0 7.03 3
      vertex -0.551559 7.00832 3
    endloop
  endfacet
  facet normal 0.0392764 -0.999228 0
    outer loop
      vertex 0 7.03 3
      vertex -0.551559 7.00832 0
      vertex 0 7.03 0
    endloop
  endfacet
  facet normal -0.0392764 -0.999228 0
    outer loop
      vertex 0 7.03 0
      vertex 0.551559 7.00832 3
      vertex 0 7.03 3
    endloop
  endfacet
  facet normal -0.0392764 -0.999228 -0
    outer loop
      vertex 0.551559 7.00832 3
      vertex 0 7.03 0
      vertex 0.551559 7.00832 0
    endloop
  endfacet
  facet normal -0.117537 -0.993069 0
    outer loop
      vertex 0.551559 7.00832 0
      vertex 1.09973 6.94344 3
      vertex 0.551559 7.00832 3
    endloop
  endfacet
  facet normal -0.117537 -0.993069 -0
    outer loop
      vertex 1.09973 6.94344 3
      vertex 0.551559 7.00832 0
      vertex 1.09973 6.94344 0
    endloop
  endfacet
  facet normal -0.195095 -0.980784 0
    outer loop
      vertex 1.09973 6.94344 0
      vertex 1.64111 6.83575 3
      vertex 1.09973 6.94344 3
    endloop
  endfacet
  facet normal -0.195095 -0.980784 -0
    outer loop
      vertex 1.64111 6.83575 3
      vertex 1.09973 6.94344 0
      vertex 1.64111 6.83575 0
    endloop
  endfacet
  facet normal -0.271451 -0.962452 0
    outer loop
      vertex 1.64111 6.83575 0
      vertex 2.17238 6.68591 3
      vertex 1.64111 6.83575 3
    endloop
  endfacet
  facet normal -0.271451 -0.962452 -0
    outer loop
      vertex 2.17238 6.68591 3
      vertex 1.64111 6.83575 0
      vertex 2.17238 6.68591 0
    endloop
  endfacet
  facet normal -0.346092 -0.938201 0
    outer loop
      vertex 2.17238 6.68591 0
      vertex 2.69026 6.49487 3
      vertex 2.17238 6.68591 3
    endloop
  endfacet
  facet normal -0.346092 -0.938201 -0
    outer loop
      vertex 2.69026 6.49487 3
      vertex 2.17238 6.68591 0
      vertex 2.69026 6.49487 0
    endloop
  endfacet
  facet normal -0.418685 -0.908132 0
    outer loop
      vertex 2.69026 6.49487 0
      vertex 3.19154 6.26376 3
      vertex 2.69026 6.49487 3
    endloop
  endfacet
  facet normal -0.418685 -0.908132 -0
    outer loop
      vertex 3.19154 6.26376 3
      vertex 2.69026 6.49487 0
      vertex 3.19154 6.26376 0
    endloop
  endfacet
  facet normal -0.488607 -0.872504 0
    outer loop
      vertex 3.19154 6.26376 0
      vertex 3.67316 5.99405 3
      vertex 3.19154 6.26376 3
    endloop
  endfacet
  facet normal -0.488607 -0.872504 -0
    outer loop
      vertex 3.67316 5.99405 3
      vertex 3.19154 6.26376 0
      vertex 3.67316 5.99405 0
    endloop
  endfacet
  facet normal -0.555565 -0.831473 0
    outer loop
      vertex 3.67316 5.99405 0
      vertex 4.13213 5.68738 3
      vertex 3.67316 5.99405 3
    endloop
  endfacet
  facet normal -0.555565 -0.831473 -0
    outer loop
      vertex 4.13213 5.68738 3
      vertex 3.67316 5.99405 0
      vertex 4.13213 5.68738 0
    endloop
  endfacet
  facet normal -0.619107 -0.785306 0
    outer loop
      vertex 4.13213 5.68738 0
      vertex 4.56561 5.34564 3
      vertex 4.13213 5.68738 3
    endloop
  endfacet
  facet normal -0.619107 -0.785306 -0
    outer loop
      vertex 4.56561 5.34564 3
      vertex 4.13213 5.68738 0
      vertex 4.56561 5.34564 0
    endloop
  endfacet
  facet normal -0.678798 -0.734325 0
    outer loop
      vertex 4.56561 5.34564 0
      vertex 4.97095 4.97095 3
      vertex 4.56561 5.34564 3
    endloop
  endfacet
  facet normal -0.678798 -0.734325 -0
    outer loop
      vertex 4.97095 4.97095 3
      vertex 4.56561 5.34564 0
      vertex 4.97095 4.97095 0
    endloop
  endfacet
  facet normal -0.734325 -0.678798 0
    outer loop
      vertex 5.34564 4.56561 0
      vertex 4.97095 4.97095 3
      vertex 4.97095 4.97095 0
    endloop
  endfacet
  facet normal -0.734325 -0.678798 0
    outer loop
      vertex 4.97095 4.97095 3
      vertex 5.34564 4.56561 0
      vertex 5.34564 4.56561 3
    endloop
  endfacet
  facet normal -0.785306 -0.619107 0
    outer loop
      vertex 5.68738 4.13213 0
      vertex 5.34564 4.56561 3
      vertex 5.34564 4.56561 0
    endloop
  endfacet
  facet normal -0.785306 -0.619107 0
    outer loop
      vertex 5.34564 4.56561 3
      vertex 5.68738 4.13213 0
      vertex 5.68738 4.13213 3
    endloop
  endfacet
  facet normal -0.831473 -0.555565 0
    outer loop
      vertex 5.99405 3.67316 0
      vertex 5.68738 4.13213 3
      vertex 5.68738 4.13213 0
    endloop
  endfacet
  facet normal -0.831473 -0.555565 0
    outer loop
      vertex 5.68738 4.13213 3
      vertex 5.99405 3.67316 0
      vertex 5.99405 3.67316 3
    endloop
  endfacet
  facet normal -0.872504 -0.488607 0
    outer loop
      vertex 6.26376 3.19154 0
      vertex 5.99405 3.67316 3
      vertex 5.99405 3.67316 0
    endloop
  endfacet
  facet normal -0.872504 -0.488607 0
    outer loop
      vertex 5.99405 3.67316 3
      vertex 6.26376 3.19154 0
      vertex 6.26376 3.19154 3
    endloop
  endfacet
  facet normal -0.908132 -0.418685 0
    outer loop
      vertex 6.49487 2.69026 0
      vertex 6.26376 3.19154 3
      vertex 6.26376 3.19154 0
    endloop
  endfacet
  facet normal -0.908132 -0.418685 0
    outer loop
      vertex 6.26376 3.19154 3
      vertex 6.49487 2.69026 0
      vertex 6.49487 2.69026 3
    endloop
  endfacet
  facet normal -0.938201 -0.346092 0
    outer loop
      vertex 6.68591 2.17238 0
      vertex 6.49487 2.69026 3
      vertex 6.49487 2.69026 0
    endloop
  endfacet
  facet normal -0.938201 -0.346092 0
    outer loop
      vertex 6.49487 2.69026 3
      vertex 6.68591 2.17238 0
      vertex 6.68591 2.17238 3
    endloop
  endfacet
  facet normal -0.962452 -0.271451 0
    outer loop
      vertex 6.83575 1.64111 0
      vertex 6.68591 2.17238 3
      vertex 6.68591 2.17238 0
    endloop
  endfacet
  facet normal -0.962452 -0.271451 0
    outer loop
      vertex 6.68591 2.17238 3
      vertex 6.83575 1.64111 0
      vertex 6.83575 1.64111 3
    endloop
  endfacet
  facet normal -0.980784 -0.195095 0
    outer loop
      vertex 6.94344 1.09973 0
      vertex 6.83575 1.64111 3
      vertex 6.83575 1.64111 0
    endloop
  endfacet
  facet normal -0.980784 -0.195095 0
    outer loop
      vertex 6.83575 1.64111 3
      vertex 6.94344 1.09973 0
      vertex 6.94344 1.09973 3
    endloop
  endfacet
  facet normal -0.993069 -0.117537 0
    outer loop
      vertex 7.00832 0.551559 0
      vertex 6.94344 1.09973 3
      vertex 6.94344 1.09973 0
    endloop
  endfacet
  facet normal -0.993069 -0.117537 0
    outer loop
      vertex 6.94344 1.09973 3
      vertex 7.00832 0.551559 0
      vertex 7.00832 0.551559 3
    endloop
  endfacet
  facet normal -0.999228 -0.0392764 0
    outer loop
      vertex 7.03 0 0
      vertex 7.00832 0.551559 3
      vertex 7.00832 0.551559 0
    endloop
  endfacet
  facet normal -0.999228 -0.0392764 0
    outer loop
      vertex 7.00832 0.551559 3
      vertex 7.03 0 0
      vertex 7.03 0 3
    endloop
  endfacet
  facet normal -0.999228 0.0392764 0
    outer loop
      vertex 7.00832 -0.551559 0
      vertex 7.03 0 3
      vertex 7.03 0 0
    endloop
  endfacet
  facet normal -0.999228 0.0392764 0
    outer loop
      vertex 7.03 0 3
      vertex 7.00832 -0.551559 0
      vertex 7.00832 -0.551559 3
    endloop
  endfacet
  facet normal -0.993069 0.117537 0
    outer loop
      vertex 6.94344 -1.09973 0
      vertex 7.00832 -0.551559 3
      vertex 7.00832 -0.551559 0
    endloop
  endfacet
  facet normal -0.993069 0.117537 0
    outer loop
      vertex 7.00832 -0.551559 3
      vertex 6.94344 -1.09973 0
      vertex 6.94344 -1.09973 3
    endloop
  endfacet
  facet normal -0.980784 0.195095 0
    outer loop
      vertex 6.83575 -1.64111 0
      vertex 6.94344 -1.09973 3
      vertex 6.94344 -1.09973 0
    endloop
  endfacet
  facet normal -0.980784 0.195095 0
    outer loop
      vertex 6.94344 -1.09973 3
      vertex 6.83575 -1.64111 0
      vertex 6.83575 -1.64111 3
    endloop
  endfacet
  facet normal -0.962452 0.271451 0
    outer loop
      vertex 6.68591 -2.17238 0
      vertex 6.83575 -1.64111 3
      vertex 6.83575 -1.64111 0
    endloop
  endfacet
  facet normal -0.962452 0.271451 0
    outer loop
      vertex 6.83575 -1.64111 3
      vertex 6.68591 -2.17238 0
      vertex 6.68591 -2.17238 3
    endloop
  endfacet
  facet normal -0.938201 0.346092 0
    outer loop
      vertex 6.49487 -2.69026 0
      vertex 6.68591 -2.17238 3
      vertex 6.68591 -2.17238 0
    endloop
  endfacet
  facet normal -0.938201 0.346092 0
    outer loop
      vertex 6.68591 -2.17238 3
      vertex 6.49487 -2.69026 0
      vertex 6.49487 -2.69026 3
    endloop
  endfacet
  facet normal -0.908132 0.418685 0
    outer loop
      vertex 6.26376 -3.19154 0
      vertex 6.49487 -2.69026 3
      vertex 6.49487 -2.69026 0
    endloop
  endfacet
  facet normal -0.908132 0.418685 0
    outer loop
      vertex 6.49487 -2.69026 3
      vertex 6.26376 -3.19154 0
      vertex 6.26376 -3.19154 3
    endloop
  endfacet
  facet normal -0.872504 0.488607 0
    outer loop
      vertex 5.99405 -3.67316 0
      vertex 6.26376 -3.19154 3
      vertex 6.26376 -3.19154 0
    endloop
  endfacet
  facet normal -0.872504 0.488607 0
    outer loop
      vertex 6.26376 -3.19154 3
      vertex 5.99405 -3.67316 0
      vertex 5.99405 -3.67316 3
    endloop
  endfacet
  facet normal -0.831473 0.555565 0
    outer loop
      vertex 5.68738 -4.13213 0
      vertex 5.99405 -3.67316 3
      vertex 5.99405 -3.67316 0
    endloop
  endfacet
  facet normal -0.831473 0.555565 0
    outer loop
      vertex 5.99405 -3.67316 3
      vertex 5.68738 -4.13213 0
      vertex 5.68738 -4.13213 3
    endloop
  endfacet
  facet normal -0.785306 0.619107 0
    outer loop
      vertex 5.34564 -4.56561 0
      vertex 5.68738 -4.13213 3
      vertex 5.68738 -4.13213 0
    endloop
  endfacet
  facet normal -0.785306 0.619107 0
    outer loop
      vertex 5.68738 -4.13213 3
      vertex 5.34564 -4.56561 0
      vertex 5.34564 -4.56561 3
    endloop
  endfacet
  facet normal -0.734325 0.678798 0
    outer loop
      vertex 4.97095 -4.97095 0
      vertex 5.34564 -4.56561 3
      vertex 5.34564 -4.56561 0
    endloop
  endfacet
  facet normal -0.734325 0.678798 0
    outer loop
      vertex 5.34564 -4.56561 3
      vertex 4.97095 -4.97095 0
      vertex 4.97095 -4.97095 3
    endloop
  endfacet
  facet normal -0.678798 0.734325 0
    outer loop
      vertex 4.97095 -4.97095 0
      vertex 4.56561 -5.34564 3
      vertex 4.97095 -4.97095 3
    endloop
  endfacet
  facet normal -0.678798 0.734325 0
    outer loop
      vertex 4.56561 -5.34564 3
      vertex 4.97095 -4.97095 0
      vertex 4.56561 -5.34564 0
    endloop
  endfacet
  facet normal -0.619107 0.785306 0
    outer loop
      vertex 4.56561 -5.34564 0
      vertex 4.13213 -5.68738 3
      vertex 4.56561 -5.34564 3
    endloop
  endfacet
  facet normal -0.619107 0.785306 0
    outer loop
      vertex 4.13213 -5.68738 3
      vertex 4.56561 -5.34564 0
      vertex 4.13213 -5.68738 0
    endloop
  endfacet
  facet normal -0.555565 0.831473 0
    outer loop
      vertex 4.13213 -5.68738 0
      vertex 3.67316 -5.99405 3
      vertex 4.13213 -5.68738 3
    endloop
  endfacet
  facet normal -0.555565 0.831473 0
    outer loop
      vertex 3.67316 -5.99405 3
      vertex 4.13213 -5.68738 0
      vertex 3.67316 -5.99405 0
    endloop
  endfacet
  facet normal -0.488607 0.872504 0
    outer loop
      vertex 3.67316 -5.99405 0
      vertex 3.19154 -6.26376 3
      vertex 3.67316 -5.99405 3
    endloop
  endfacet
  facet normal -0.488607 0.872504 0
    outer loop
      vertex 3.19154 -6.26376 3
      vertex 3.67316 -5.99405 0
      vertex 3.19154 -6.26376 0
    endloop
  endfacet
  facet normal -0.418685 0.908132 0
    outer loop
      vertex 3.19154 -6.26376 0
      vertex 2.69026 -6.49487 3
      vertex 3.19154 -6.26376 3
    endloop
  endfacet
  facet normal -0.418685 0.908132 0
    outer loop
      vertex 2.69026 -6.49487 3
      vertex 3.19154 -6.26376 0
      vertex 2.69026 -6.49487 0
    endloop
  endfacet
  facet normal -0.346092 0.938201 0
    outer loop
      vertex 2.69026 -6.49487 0
      vertex 2.17238 -6.68591 3
      vertex 2.69026 -6.49487 3
    endloop
  endfacet
  facet normal -0.346092 0.938201 0
    outer loop
      vertex 2.17238 -6.68591 3
      vertex 2.69026 -6.49487 0
      vertex 2.17238 -6.68591 0
    endloop
  endfacet
  facet normal -0.271451 0.962452 0
    outer loop
      vertex 2.17238 -6.68591 0
      vertex 1.64111 -6.83575 3
      vertex 2.17238 -6.68591 3
    endloop
  endfacet
  facet normal -0.271451 0.962452 0
    outer loop
      vertex 1.64111 -6.83575 3
      vertex 2.17238 -6.68591 0
      vertex 1.64111 -6.83575 0
    endloop
  endfacet
  facet normal -0.195095 0.980784 0
    outer loop
      vertex 1.64111 -6.83575 0
      vertex 1.09973 -6.94344 3
      vertex 1.64111 -6.83575 3
    endloop
  endfacet
  facet normal -0.195095 0.980784 0
    outer loop
      vertex 1.09973 -6.94344 3
      vertex 1.64111 -6.83575 0
      vertex 1.09973 -6.94344 0
    endloop
  endfacet
  facet normal -0.117537 0.993069 0
    outer loop
      vertex 1.09973 -6.94344 0
      vertex 0.551559 -7.00832 3
      vertex 1.09973 -6.94344 3
    endloop
  endfacet
  facet normal -0.117537 0.993069 0
    outer loop
      vertex 0.551559 -7.00832 3
      vertex 1.09973 -6.94344 0
      vertex 0.551559 -7.00832 0
    endloop
  endfacet
  facet normal -0.0392764 0.999228 0
    outer loop
      vertex 0.551559 -7.00832 0
      vertex 0 -7.03 3
      vertex 0.551559 -7.00832 3
    endloop
  endfacet
  facet normal -0.0392764 0.999228 0
    outer loop
      vertex 0 -7.03 3
      vertex 0.551559 -7.00832 0
      vertex 0 -7.03 0
    endloop
  endfacet
  facet normal 0.0392764 0.999228 -0
    outer loop
      vertex 0 -7.03 0
      vertex -0.551559 -7.00832 3
      vertex 0 -7.03 3
    endloop
  endfacet
  facet normal 0.0392764 0.999228 0
    outer loop
      vertex -0.551559 -7.00832 3
      vertex 0 -7.03 0
      vertex -0.551559 -7.00832 0
    endloop
  endfacet
  facet normal 0.117552 0.993067 -0
    outer loop
      vertex -36.5516 -7.00832 0
      vertex -37.0997 -6.94344 3
      vertex -36.5516 -7.00832 3
    endloop
  endfacet
  facet normal 0.117552 0.993067 0
    outer loop
      vertex -37.0997 -6.94344 3
      vertex -36.5516 -7.00832 0
      vertex -37.0997 -6.94344 0
    endloop
  endfacet
  facet normal 0.195088 0.980786 -0
    outer loop
      vertex -37.0997 -6.94344 0
      vertex -37.6411 -6.83575 3
      vertex -37.0997 -6.94344 3
    endloop
  endfacet
  facet normal 0.195088 0.980786 0
    outer loop
      vertex -37.6411 -6.83575 3
      vertex -37.0997 -6.94344 0
      vertex -37.6411 -6.83575 0
    endloop
  endfacet
  facet normal 0.271437 0.962456 -0
    outer loop
      vertex -37.6411 -6.83575 0
      vertex -38.1724 -6.68591 3
      vertex -37.6411 -6.83575 3
    endloop
  endfacet
  facet normal 0.271437 0.962456 0
    outer loop
      vertex -38.1724 -6.68591 3
      vertex -37.6411 -6.83575 0
      vertex -38.1724 -6.68591 0
    endloop
  endfacet
  facet normal 0.34608 0.938205 -0
    outer loop
      vertex -38.1724 -6.68591 0
      vertex -38.6903 -6.49487 3
      vertex -38.1724 -6.68591 3
    endloop
  endfacet
  facet normal 0.34608 0.938205 0
    outer loop
      vertex -38.6903 -6.49487 3
      vertex -38.1724 -6.68591 0
      vertex -38.6903 -6.49487 0
    endloop
  endfacet
  facet normal 0.41874 0.908106 -0
    outer loop
      vertex -38.6903 -6.49487 0
      vertex -39.1915 -6.26376 3
      vertex -38.6903 -6.49487 3
    endloop
  endfacet
  facet normal 0.41874 0.908106 0
    outer loop
      vertex -39.1915 -6.26376 3
      vertex -38.6903 -6.49487 0
      vertex -39.1915 -6.26376 0
    endloop
  endfacet
  facet normal 0.488545 0.872538 -0
    outer loop
      vertex -39.1915 -6.26376 0
      vertex -39.6732 -5.99405 3
      vertex -39.1915 -6.26376 3
    endloop
  endfacet
  facet normal 0.488545 0.872538 0
    outer loop
      vertex -39.6732 -5.99405 3
      vertex -39.1915 -6.26376 0
      vertex -39.6732 -5.99405 0
    endloop
  endfacet
  facet normal 0.555624 0.831434 -0
    outer loop
      vertex -39.6732 -5.99405 0
      vertex -40.1321 -5.68738 3
      vertex -39.6732 -5.99405 3
    endloop
  endfacet
  facet normal 0.555624 0.831434 0
    outer loop
      vertex -40.1321 -5.68738 3
      vertex -39.6732 -5.99405 0
      vertex -40.1321 -5.68738 0
    endloop
  endfacet
  facet normal 0.61909 0.78532 -0
    outer loop
      vertex -40.1321 -5.68738 0
      vertex -40.5656 -5.34564 3
      vertex -40.1321 -5.68738 3
    endloop
  endfacet
  facet normal 0.61909 0.78532 0
    outer loop
      vertex -40.5656 -5.34564 3
      vertex -40.1321 -5.68738 0
      vertex -40.5656 -5.34564 0
    endloop
  endfacet
  facet normal 0.678834 0.734291 -0
    outer loop
      vertex -40.5656 -5.34564 0
      vertex -40.9709 -4.97095 3
      vertex -40.5656 -5.34564 3
    endloop
  endfacet
  facet normal 0.678834 0.734291 0
    outer loop
      vertex -40.9709 -4.97095 3
      vertex -40.5656 -5.34564 0
      vertex -40.9709 -4.97095 0
    endloop
  endfacet
  facet normal 0.734316 0.678808 0
    outer loop
      vertex -40.9709 -4.97095 3
      vertex -41.3456 -4.56561 0
      vertex -41.3456 -4.56561 3
    endloop
  endfacet
  facet normal 0.734316 0.678808 0
    outer loop
      vertex -41.3456 -4.56561 0
      vertex -40.9709 -4.97095 3
      vertex -40.9709 -4.97095 0
    endloop
  endfacet
  facet normal 0.785254 0.619174 0
    outer loop
      vertex -41.3456 -4.56561 3
      vertex -41.6874 -4.13213 0
      vertex -41.6874 -4.13213 3
    endloop
  endfacet
  facet normal 0.785254 0.619174 0
    outer loop
      vertex -41.6874 -4.13213 0
      vertex -41.3456 -4.56561 3
      vertex -41.3456 -4.56561 0
    endloop
  endfacet
  facet normal 0.831531 0.555478 0
    outer loop
      vertex -41.6874 -4.13213 3
      vertex -41.994 -3.67316 0
      vertex -41.994 -3.67316 3
    endloop
  endfacet
  facet normal 0.831531 0.555478 0
    outer loop
      vertex -41.994 -3.67316 0
      vertex -41.6874 -4.13213 3
      vertex -41.6874 -4.13213 0
    endloop
  endfacet
  facet normal 0.872434 0.488731 0
    outer loop
      vertex -41.994 -3.67316 3
      vertex -42.2638 -3.19154 0
      vertex -42.2638 -3.19154 3
    endloop
  endfacet
  facet normal 0.872434 0.488731 0
    outer loop
      vertex -42.2638 -3.19154 0
      vertex -41.994 -3.67316 3
      vertex -41.994 -3.67316 0
    endloop
  endfacet
  facet normal 0.908139 0.41867 0
    outer loop
      vertex -42.2638 -3.19154 3
      vertex -42.4949 -2.69026 0
      vertex -42.4949 -2.69026 3
    endloop
  endfacet
  facet normal 0.908139 0.41867 0
    outer loop
      vertex -42.4949 -2.69026 0
      vertex -42.2638 -3.19154 3
      vertex -42.2638 -3.19154 0
    endloop
  endfacet
  facet normal 0.938224 0.346028 0
    outer loop
      vertex -42.4949 -2.69026 3
      vertex -42.6859 -2.17238 0
      vertex -42.6859 -2.17238 3
    endloop
  endfacet
  facet normal 0.938224 0.346028 0
    outer loop
      vertex -42.6859 -2.17238 0
      vertex -42.4949 -2.69026 3
      vertex -42.4949 -2.69026 0
    endloop
  endfacet
  facet normal 0.962424 0.271552 0
    outer loop
      vertex -42.6859 -2.17238 3
      vertex -42.8358 -1.64111 0
      vertex -42.8358 -1.64111 3
    endloop
  endfacet
  facet normal 0.962424 0.271552 0
    outer loop
      vertex -42.8358 -1.64111 0
      vertex -42.6859 -2.17238 3
      vertex -42.6859 -2.17238 0
    endloop
  endfacet
  facet normal 0.980815 0.194938 0
    outer loop
      vertex -42.8358 -1.64111 3
      vertex -42.9434 -1.09973 0
      vertex -42.9434 -1.09973 3
    endloop
  endfacet
  facet normal 0.980815 0.194938 0
    outer loop
      vertex -42.9434 -1.09973 0
      vertex -42.8358 -1.64111 3
      vertex -42.8358 -1.64111 0
    endloop
  endfacet
  facet normal 0.993064 0.117573 0
    outer loop
      vertex -42.9434 -1.09973 3
      vertex -43.0083 -0.551559 0
      vertex -43.0083 -0.551559 3
    endloop
  endfacet
  facet normal 0.993064 0.117573 0
    outer loop
      vertex -43.0083 -0.551559 0
      vertex -42.9434 -1.09973 3
      vertex -42.9434 -1.09973 0
    endloop
  endfacet
  facet normal 0.999227 0.0393126 0
    outer loop
      vertex -43.0083 -0.551559 3
      vertex -43.03 0 0
      vertex -43.03 0 3
    endloop
  endfacet
  facet normal 0.999227 0.0393126 0
    outer loop
      vertex -43.03 0 0
      vertex -43.0083 -0.551559 3
      vertex -43.0083 -0.551559 0
    endloop
  endfacet
  facet normal 0.999227 -0.0393126 0
    outer loop
      vertex -43.03 0 3
      vertex -43.0083 0.551559 0
      vertex -43.0083 0.551559 3
    endloop
  endfacet
  facet normal 0.999227 -0.0393126 0
    outer loop
      vertex -43.0083 0.551559 0
      vertex -43.03 0 3
      vertex -43.03 0 0
    endloop
  endfacet
  facet normal 0.993064 -0.117573 0
    outer loop
      vertex -43.0083 0.551559 3
      vertex -42.9434 1.09973 0
      vertex -42.9434 1.09973 3
    endloop
  endfacet
  facet normal 0.993064 -0.117573 0
    outer loop
      vertex -42.9434 1.09973 0
      vertex -43.0083 0.551559 3
      vertex -43.0083 0.551559 0
    endloop
  endfacet
  facet normal 0.980815 -0.194938 0
    outer loop
      vertex -42.9434 1.09973 3
      vertex -42.8358 1.64111 0
      vertex -42.8358 1.64111 3
    endloop
  endfacet
  facet normal 0.980815 -0.194938 0
    outer loop
      vertex -42.8358 1.64111 0
      vertex -42.9434 1.09973 3
      vertex -42.9434 1.09973 0
    endloop
  endfacet
  facet normal 0.962424 -0.271552 0
    outer loop
      vertex -42.8358 1.64111 3
      vertex -42.6859 2.17238 0
      vertex -42.6859 2.17238 3
    endloop
  endfacet
  facet normal 0.962424 -0.271552 0
    outer loop
      vertex -42.6859 2.17238 0
      vertex -42.8358 1.64111 3
      vertex -42.8358 1.64111 0
    endloop
  endfacet
  facet normal 0.938224 -0.346028 0
    outer loop
      vertex -42.6859 2.17238 3
      vertex -42.4949 2.69026 0
      vertex -42.4949 2.69026 3
    endloop
  endfacet
  facet normal 0.938224 -0.346028 0
    outer loop
      vertex -42.4949 2.69026 0
      vertex -42.6859 2.17238 3
      vertex -42.6859 2.17238 0
    endloop
  endfacet
  facet normal 0.908139 -0.41867 0
    outer loop
      vertex -42.4949 2.69026 3
      vertex -42.2638 3.19154 0
      vertex -42.2638 3.19154 3
    endloop
  endfacet
  facet normal 0.908139 -0.41867 0
    outer loop
      vertex -42.2638 3.19154 0
      vertex -42.4949 2.69026 3
      vertex -42.4949 2.69026 0
    endloop
  endfacet
  facet normal 0.872434 -0.488731 0
    outer loop
      vertex -42.2638 3.19154 3
      vertex -41.994 3.67316 0
      vertex -41.994 3.67316 3
    endloop
  endfacet
  facet normal 0.872434 -0.488731 0
    outer loop
      vertex -41.994 3.67316 0
      vertex -42.2638 3.19154 3
      vertex -42.2638 3.19154 0
    endloop
  endfacet
  facet normal 0.831531 -0.555478 0
    outer loop
      vertex -41.994 3.67316 3
      vertex -41.6874 4.13213 0
      vertex -41.6874 4.13213 3
    endloop
  endfacet
  facet normal 0.831531 -0.555478 0
    outer loop
      vertex -41.6874 4.13213 0
      vertex -41.994 3.67316 3
      vertex -41.994 3.67316 0
    endloop
  endfacet
  facet normal 0.785254 -0.619174 0
    outer loop
      vertex -41.6874 4.13213 3
      vertex -41.3456 4.56561 0
      vertex -41.3456 4.56561 3
    endloop
  endfacet
  facet normal 0.785254 -0.619174 0
    outer loop
      vertex -41.3456 4.56561 0
      vertex -41.6874 4.13213 3
      vertex -41.6874 4.13213 0
    endloop
  endfacet
  facet normal 0.734316 -0.678808 0
    outer loop
      vertex -41.3456 4.56561 3
      vertex -40.9709 4.97095 0
      vertex -40.9709 4.97095 3
    endloop
  endfacet
  facet normal 0.734316 -0.678808 0
    outer loop
      vertex -40.9709 4.97095 0
      vertex -41.3456 4.56561 3
      vertex -41.3456 4.56561 0
    endloop
  endfacet
  facet normal 0.678834 -0.734291 0
    outer loop
      vertex -40.9709 4.97095 0
      vertex -40.5656 5.34564 3
      vertex -40.9709 4.97095 3
    endloop
  endfacet
  facet normal 0.678834 -0.734291 0
    outer loop
      vertex -40.5656 5.34564 3
      vertex -40.9709 4.97095 0
      vertex -40.5656 5.34564 0
    endloop
  endfacet
  facet normal 0.61909 -0.78532 0
    outer loop
      vertex -40.5656 5.34564 0
      vertex -40.1321 5.68738 3
      vertex -40.5656 5.34564 3
    endloop
  endfacet
  facet normal 0.61909 -0.78532 0
    outer loop
      vertex -40.1321 5.68738 3
      vertex -40.5656 5.34564 0
      vertex -40.1321 5.68738 0
    endloop
  endfacet
  facet normal 0.555624 -0.831434 0
    outer loop
      vertex -40.1321 5.68738 0
      vertex -39.6732 5.99405 3
      vertex -40.1321 5.68738 3
    endloop
  endfacet
  facet normal 0.555624 -0.831434 0
    outer loop
      vertex -39.6732 5.99405 3
      vertex -40.1321 5.68738 0
      vertex -39.6732 5.99405 0
    endloop
  endfacet
  facet normal 0.488545 -0.872538 0
    outer loop
      vertex -39.6732 5.99405 0
      vertex -39.1915 6.26376 3
      vertex -39.6732 5.99405 3
    endloop
  endfacet
  facet normal 0.488545 -0.872538 0
    outer loop
      vertex -39.1915 6.26376 3
      vertex -39.6732 5.99405 0
      vertex -39.1915 6.26376 0
    endloop
  endfacet
  facet normal 0.41874 -0.908106 0
    outer loop
      vertex -39.1915 6.26376 0
      vertex -38.6903 6.49487 3
      vertex -39.1915 6.26376 3
    endloop
  endfacet
  facet normal 0.41874 -0.908106 0
    outer loop
      vertex -38.6903 6.49487 3
      vertex -39.1915 6.26376 0
      vertex -38.6903 6.49487 0
    endloop
  endfacet
  facet normal 0.34608 -0.938205 0
    outer loop
      vertex -38.6903 6.49487 0
      vertex -38.1724 6.68591 3
      vertex -38.6903 6.49487 3
    endloop
  endfacet
  facet normal 0.34608 -0.938205 0
    outer loop
      vertex -38.1724 6.68591 3
      vertex -38.6903 6.49487 0
      vertex -38.1724 6.68591 0
    endloop
  endfacet
  facet normal 0.271437 -0.962456 0
    outer loop
      vertex -38.1724 6.68591 0
      vertex -37.6411 6.83575 3
      vertex -38.1724 6.68591 3
    endloop
  endfacet
  facet normal 0.271437 -0.962456 0
    outer loop
      vertex -37.6411 6.83575 3
      vertex -38.1724 6.68591 0
      vertex -37.6411 6.83575 0
    endloop
  endfacet
  facet normal 0.195088 -0.980786 0
    outer loop
      vertex -37.6411 6.83575 0
      vertex -37.0997 6.94344 3
      vertex -37.6411 6.83575 3
    endloop
  endfacet
  facet normal 0.195088 -0.980786 0
    outer loop
      vertex -37.0997 6.94344 3
      vertex -37.6411 6.83575 0
      vertex -37.0997 6.94344 0
    endloop
  endfacet
  facet normal 0.117552 -0.993067 0
    outer loop
      vertex -37.0997 6.94344 0
      vertex -36.5516 7.00832 3
      vertex -37.0997 6.94344 3
    endloop
  endfacet
  facet normal 0.117552 -0.993067 0
    outer loop
      vertex -36.5516 7.00832 3
      vertex -37.0997 6.94344 0
      vertex -36.5516 7.00832 0
    endloop
  endfacet
  facet normal 0.0392735 -0.999228 0
    outer loop
      vertex -36.5516 7.00832 0
      vertex -36 7.03 3
      vertex -36.5516 7.00832 3
    endloop
  endfacet
  facet normal 0.0392735 -0.999228 0
    outer loop
      vertex -36 7.03 3
      vertex -36.5516 7.00832 0
      vertex -36 7.03 0
    endloop
  endfacet
  facet normal -0.0392735 -0.999228 0
    outer loop
      vertex -36 7.03 0
      vertex -35.4484 7.00832 3
      vertex -36 7.03 3
    endloop
  endfacet
  facet normal -0.0392735 -0.999228 -0
    outer loop
      vertex -35.4484 7.00832 3
      vertex -36 7.03 0
      vertex -35.4484 7.00832 0
    endloop
  endfacet
  facet normal -0.117552 -0.993067 0
    outer loop
      vertex -35.4484 7.00832 0
      vertex -34.9003 6.94344 3
      vertex -35.4484 7.00832 3
    endloop
  endfacet
  facet normal -0.117552 -0.993067 -0
    outer loop
      vertex -34.9003 6.94344 3
      vertex -35.4484 7.00832 0
      vertex -34.9003 6.94344 0
    endloop
  endfacet
  facet normal -0.195088 -0.980786 0
    outer loop
      vertex -34.9003 6.94344 0
      vertex -34.3589 6.83575 3
      vertex -34.9003 6.94344 3
    endloop
  endfacet
  facet normal -0.195088 -0.980786 -0
    outer loop
      vertex -34.3589 6.83575 3
      vertex -34.9003 6.94344 0
      vertex -34.3589 6.83575 0
    endloop
  endfacet
  facet normal -0.271437 -0.962456 0
    outer loop
      vertex -34.3589 6.83575 0
      vertex -33.8276 6.68591 3
      vertex -34.3589 6.83575 3
    endloop
  endfacet
  facet normal -0.271437 -0.962456 -0
    outer loop
      vertex -33.8276 6.68591 3
      vertex -34.3589 6.83575 0
      vertex -33.8276 6.68591 0
    endloop
  endfacet
  facet normal -0.34608 -0.938205 0
    outer loop
      vertex -33.8276 6.68591 0
      vertex -33.3097 6.49487 3
      vertex -33.8276 6.68591 3
    endloop
  endfacet
  facet normal -0.34608 -0.938205 -0
    outer loop
      vertex -33.3097 6.49487 3
      vertex -33.8276 6.68591 0
      vertex -33.3097 6.49487 0
    endloop
  endfacet
  facet normal -0.418671 -0.908138 0
    outer loop
      vertex -33.3097 6.49487 0
      vertex -32.8084 6.26376 3
      vertex -33.3097 6.49487 3
    endloop
  endfacet
  facet normal -0.418671 -0.908138 -0
    outer loop
      vertex -32.8084 6.26376 3
      vertex -33.3097 6.49487 0
      vertex -32.8084 6.26376 0
    endloop
  endfacet
  facet normal -0.488623 -0.872495 0
    outer loop
      vertex -32.8084 6.26376 0
      vertex -32.3268 5.99405 3
      vertex -32.8084 6.26376 3
    endloop
  endfacet
  facet normal -0.488623 -0.872495 -0
    outer loop
      vertex -32.3268 5.99405 3
      vertex -32.8084 6.26376 0
      vertex -32.3268 5.99405 0
    endloop
  endfacet
  facet normal -0.555624 -0.831434 0
    outer loop
      vertex -32.3268 5.99405 0
      vertex -31.8679 5.68738 3
      vertex -32.3268 5.99405 3
    endloop
  endfacet
  facet normal -0.555624 -0.831434 -0
    outer loop
      vertex -31.8679 5.68738 3
      vertex -32.3268 5.99405 0
      vertex -31.8679 5.68738 0
    endloop
  endfacet
  facet normal -0.61909 -0.78532 0
    outer loop
      vertex -31.8679 5.68738 0
      vertex -31.4344 5.34564 3
      vertex -31.8679 5.68738 3
    endloop
  endfacet
  facet normal -0.61909 -0.78532 -0
    outer loop
      vertex -31.4344 5.34564 3
      vertex -31.8679 5.68738 0
      vertex -31.4344 5.34564 0
    endloop
  endfacet
  facet normal -0.678744 -0.734375 0
    outer loop
      vertex -31.4344 5.34564 0
      vertex -31.029 4.97095 3
      vertex -31.4344 5.34564 3
    endloop
  endfacet
  facet normal -0.678744 -0.734375 -0
    outer loop
      vertex -31.029 4.97095 3
      vertex -31.4344 5.34564 0
      vertex -31.029 4.97095 0
    endloop
  endfacet
  facet normal -0.734316 -0.678808 0
    outer loop
      vertex -30.6543 4.56561 0
      vertex -31.029 4.97095 3
      vertex -31.029 4.97095 0
    endloop
  endfacet
  facet normal -0.734316 -0.678808 0
    outer loop
      vertex -31.029 4.97095 3
      vertex -30.6543 4.56561 0
      vertex -30.6543 4.56561 3
    endloop
  endfacet
  facet normal -0.785342 -0.619063 0
    outer loop
      vertex -30.3126 4.13213 0
      vertex -30.6543 4.56561 3
      vertex -30.6543 4.56561 0
    endloop
  endfacet
  facet normal -0.785342 -0.619063 0
    outer loop
      vertex -30.6543 4.56561 3
      vertex -30.3126 4.13213 0
      vertex -30.3126 4.13213 3
    endloop
  endfacet
  facet normal -0.831448 -0.555603 0
    outer loop
      vertex -30.0059 3.67316 0
      vertex -30.3126 4.13213 3
      vertex -30.3126 4.13213 0
    endloop
  endfacet
  facet normal -0.831448 -0.555603 0
    outer loop
      vertex -30.3126 4.13213 3
      vertex -30.0059 3.67316 0
      vertex -30.0059 3.67316 3
    endloop
  endfacet
  facet normal -0.872512 -0.488593 0
    outer loop
      vertex -29.7362 3.19154 0
      vertex -30.0059 3.67316 3
      vertex -30.0059 3.67316 0
    endloop
  endfacet
  facet normal -0.872512 -0.488593 0
    outer loop
      vertex -30.0059 3.67316 3
      vertex -29.7362 3.19154 0
      vertex -29.7362 3.19154 3
    endloop
  endfacet
  facet normal -0.908139 -0.41867 0
    outer loop
      vertex -29.5051 2.69026 0
      vertex -29.7362 3.19154 3
      vertex -29.7362 3.19154 0
    endloop
  endfacet
  facet normal -0.908139 -0.41867 0
    outer loop
      vertex -29.7362 3.19154 3
      vertex -29.5051 2.69026 0
      vertex -29.5051 2.69026 3
    endloop
  endfacet
  facet normal -0.938224 -0.346028 0
    outer loop
      vertex -29.3141 2.17238 0
      vertex -29.5051 2.69026 3
      vertex -29.5051 2.69026 0
    endloop
  endfacet
  facet normal -0.938224 -0.346028 0
    outer loop
      vertex -29.5051 2.69026 3
      vertex -29.3141 2.17238 0
      vertex -29.3141 2.17238 3
    endloop
  endfacet
  facet normal -0.962424 -0.271552 0
    outer loop
      vertex -29.1642 1.64111 0
      vertex -29.3141 2.17238 3
      vertex -29.3141 2.17238 0
    endloop
  endfacet
  facet normal -0.962424 -0.271552 0
    outer loop
      vertex -29.3141 2.17238 3
      vertex -29.1642 1.64111 0
      vertex -29.1642 1.64111 3
    endloop
  endfacet
  facet normal -0.980781 -0.195113 0
    outer loop
      vertex -29.0565 1.09973 0
      vertex -29.1642 1.64111 3
      vertex -29.1642 1.64111 0
    endloop
  endfacet
  facet normal -0.980781 -0.195113 0
    outer loop
      vertex -29.1642 1.64111 3
      vertex -29.0565 1.09973 0
      vertex -29.0565 1.09973 3
    endloop
  endfacet
  facet normal -0.993085 -0.117394 0
    outer loop
      vertex -28.9917 0.551559 0
      vertex -29.0565 1.09973 3
      vertex -29.0565 1.09973 0
    endloop
  endfacet
  facet normal -0.993085 -0.117394 0
    outer loop
      vertex -29.0565 1.09973 3
      vertex -28.9917 0.551559 0
      vertex -28.9917 0.551559 3
    endloop
  endfacet
  facet normal -0.999227 -0.0393126 0
    outer loop
      vertex -28.97 0 0
      vertex -28.9917 0.551559 3
      vertex -28.9917 0.551559 0
    endloop
  endfacet
  facet normal -0.999227 -0.0393126 0
    outer loop
      vertex -28.9917 0.551559 3
      vertex -28.97 0 0
      vertex -28.97 0 3
    endloop
  endfacet
  facet normal -0.999227 0.0393126 0
    outer loop
      vertex -28.9917 -0.551559 0
      vertex -28.97 0 3
      vertex -28.97 0 0
    endloop
  endfacet
  facet normal -0.999227 0.0393126 0
    outer loop
      vertex -28.97 0 3
      vertex -28.9917 -0.551559 0
      vertex -28.9917 -0.551559 3
    endloop
  endfacet
  facet normal -0.993085 0.117394 0
    outer loop
      vertex -29.0565 -1.09973 0
      vertex -28.9917 -0.551559 3
      vertex -28.9917 -0.551559 0
    endloop
  endfacet
  facet normal -0.993085 0.117394 0
    outer loop
      vertex -28.9917 -0.551559 3
      vertex -29.0565 -1.09973 0
      vertex -29.0565 -1.09973 3
    endloop
  endfacet
  facet normal -0.980781 0.195113 0
    outer loop
      vertex -29.1642 -1.64111 0
      vertex -29.0565 -1.09973 3
      vertex -29.0565 -1.09973 0
    endloop
  endfacet
  facet normal -0.980781 0.195113 0
    outer loop
      vertex -29.0565 -1.09973 3
      vertex -29.1642 -1.64111 0
      vertex -29.1642 -1.64111 3
    endloop
  endfacet
  facet normal -0.962424 0.271552 0
    outer loop
      vertex -29.3141 -2.17238 0
      vertex -29.1642 -1.64111 3
      vertex -29.1642 -1.64111 0
    endloop
  endfacet
  facet normal -0.962424 0.271552 0
    outer loop
      vertex -29.1642 -1.64111 3
      vertex -29.3141 -2.17238 0
      vertex -29.3141 -2.17238 3
    endloop
  endfacet
  facet normal -0.938224 0.346028 0
    outer loop
      vertex -29.5051 -2.69026 0
      vertex -29.3141 -2.17238 3
      vertex -29.3141 -2.17238 0
    endloop
  endfacet
  facet normal -0.938224 0.346028 0
    outer loop
      vertex -29.3141 -2.17238 3
      vertex -29.5051 -2.69026 0
      vertex -29.5051 -2.69026 3
    endloop
  endfacet
  facet normal -0.908139 0.41867 0
    outer loop
      vertex -29.7362 -3.19154 0
      vertex -29.5051 -2.69026 3
      vertex -29.5051 -2.69026 0
    endloop
  endfacet
  facet normal -0.908139 0.41867 0
    outer loop
      vertex -29.5051 -2.69026 3
      vertex -29.7362 -3.19154 0
      vertex -29.7362 -3.19154 3
    endloop
  endfacet
  facet normal -0.872512 0.488593 0
    outer loop
      vertex -30.0059 -3.67316 0
      vertex -29.7362 -3.19154 3
      vertex -29.7362 -3.19154 0
    endloop
  endfacet
  facet normal -0.872512 0.488593 0
    outer loop
      vertex -29.7362 -3.19154 3
      vertex -30.0059 -3.67316 0
      vertex -30.0059 -3.67316 3
    endloop
  endfacet
  facet normal -0.831448 0.555603 0
    outer loop
      vertex -30.3126 -4.13213 0
      vertex -30.0059 -3.67316 3
      vertex -30.0059 -3.67316 0
    endloop
  endfacet
  facet normal -0.831448 0.555603 0
    outer loop
      vertex -30.0059 -3.67316 3
      vertex -30.3126 -4.13213 0
      vertex -30.3126 -4.13213 3
    endloop
  endfacet
  facet normal -0.785342 0.619063 0
    outer loop
      vertex -30.6543 -4.56561 0
      vertex -30.3126 -4.13213 3
      vertex -30.3126 -4.13213 0
    endloop
  endfacet
  facet normal -0.785342 0.619063 0
    outer loop
      vertex -30.3126 -4.13213 3
      vertex -30.6543 -4.56561 0
      vertex -30.6543 -4.56561 3
    endloop
  endfacet
  facet normal -0.734316 0.678808 0
    outer loop
      vertex -31.029 -4.97095 0
      vertex -30.6543 -4.56561 3
      vertex -30.6543 -4.56561 0
    endloop
  endfacet
  facet normal -0.734316 0.678808 0
    outer loop
      vertex -30.6543 -4.56561 3
      vertex -31.029 -4.97095 0
      vertex -31.029 -4.97095 3
    endloop
  endfacet
  facet normal -0.678744 0.734375 0
    outer loop
      vertex -31.029 -4.97095 0
      vertex -31.4344 -5.34564 3
      vertex -31.029 -4.97095 3
    endloop
  endfacet
  facet normal -0.678744 0.734375 0
    outer loop
      vertex -31.4344 -5.34564 3
      vertex -31.029 -4.97095 0
      vertex -31.4344 -5.34564 0
    endloop
  endfacet
  facet normal -0.61909 0.78532 0
    outer loop
      vertex -31.4344 -5.34564 0
      vertex -31.8679 -5.68738 3
      vertex -31.4344 -5.34564 3
    endloop
  endfacet
  facet normal -0.61909 0.78532 0
    outer loop
      vertex -31.8679 -5.68738 3
      vertex -31.4344 -5.34564 0
      vertex -31.8679 -5.68738 0
    endloop
  endfacet
  facet normal -0.555624 0.831434 0
    outer loop
      vertex -31.8679 -5.68738 0
      vertex -32.3268 -5.99405 3
      vertex -31.8679 -5.68738 3
    endloop
  endfacet
  facet normal -0.555624 0.831434 0
    outer loop
      vertex -32.3268 -5.99405 3
      vertex -31.8679 -5.68738 0
      vertex -32.3268 -5.99405 0
    endloop
  endfacet
  facet normal -0.488623 0.872495 0
    outer loop
      vertex -32.3268 -5.99405 0
      vertex -32.8084 -6.26376 3
      vertex -32.3268 -5.99405 3
    endloop
  endfacet
  facet normal -0.488623 0.872495 0
    outer loop
      vertex -32.8084 -6.26376 3
      vertex -32.3268 -5.99405 0
      vertex -32.8084 -6.26376 0
    endloop
  endfacet
  facet normal -0.418671 0.908138 0
    outer loop
      vertex -32.8084 -6.26376 0
      vertex -33.3097 -6.49487 3
      vertex -32.8084 -6.26376 3
    endloop
  endfacet
  facet normal -0.418671 0.908138 0
    outer loop
      vertex -33.3097 -6.49487 3
      vertex -32.8084 -6.26376 0
      vertex -33.3097 -6.49487 0
    endloop
  endfacet
  facet normal -0.34608 0.938205 0
    outer loop
      vertex -33.3097 -6.49487 0
      vertex -33.8276 -6.68591 3
      vertex -33.3097 -6.49487 3
    endloop
  endfacet
  facet normal -0.34608 0.938205 0
    outer loop
      vertex -33.8276 -6.68591 3
      vertex -33.3097 -6.49487 0
      vertex -33.8276 -6.68591 0
    endloop
  endfacet
  facet normal -0.271437 0.962456 0
    outer loop
      vertex -33.8276 -6.68591 0
      vertex -34.3589 -6.83575 3
      vertex -33.8276 -6.68591 3
    endloop
  endfacet
  facet normal -0.271437 0.962456 0
    outer loop
      vertex -34.3589 -6.83575 3
      vertex -33.8276 -6.68591 0
      vertex -34.3589 -6.83575 0
    endloop
  endfacet
  facet normal -0.195088 0.980786 0
    outer loop
      vertex -34.3589 -6.83575 0
      vertex -34.9003 -6.94344 3
      vertex -34.3589 -6.83575 3
    endloop
  endfacet
  facet normal -0.195088 0.980786 0
    outer loop
      vertex -34.9003 -6.94344 3
      vertex -34.3589 -6.83575 0
      vertex -34.9003 -6.94344 0
    endloop
  endfacet
  facet normal -0.117552 0.993067 0
    outer loop
      vertex -34.9003 -6.94344 0
      vertex -35.4484 -7.00832 3
      vertex -34.9003 -6.94344 3
    endloop
  endfacet
  facet normal -0.117552 0.993067 0
    outer loop
      vertex -35.4484 -7.00832 3
      vertex -34.9003 -6.94344 0
      vertex -35.4484 -7.00832 0
    endloop
  endfacet
  facet normal -0.0392735 0.999228 0
    outer loop
      vertex -35.4484 -7.00832 0
      vertex -36 -7.03 3
      vertex -35.4484 -7.00832 3
    endloop
  endfacet
  facet normal -0.0392735 0.999228 0
    outer loop
      vertex -36 -7.03 3
      vertex -35.4484 -7.00832 0
      vertex -36 -7.03 0
    endloop
  endfacet
  facet normal 0.0392735 0.999228 -0
    outer loop
      vertex -36 -7.03 0
      vertex -36.5516 -7.00832 3
      vertex -36 -7.03 3
    endloop
  endfacet
  facet normal 0.0392735 0.999228 0
    outer loop
      vertex -36.5516 -7.00832 3
      vertex -36 -7.03 0
      vertex -36.5516 -7.00832 0
    endloop
  endfacet
  facet normal 0 -1 0
    outer loop
      vertex 18.2064 -1.79999 0
      vertex 25.6606 -1.79999 3
      vertex 18.2064 -1.79999 3
    endloop
  endfacet
  facet normal 0 -1 -0
    outer loop
      vertex 25.6606 -1.79999 3
      vertex 18.2064 -1.79999 0
      vertex 25.6606 -1.79999 0
    endloop
  endfacet
  facet normal -0.980793 -0.19505 0
    outer loop
      vertex 25.7901 -2.45117 0
      vertex 25.6606 -1.79999 3
      vertex 25.6606 -1.79999 0
    endloop
  endfacet
  facet normal -0.980793 -0.19505 0
    outer loop
      vertex 25.6606 -1.79999 3
      vertex 25.7901 -2.45117 0
      vertex 25.7901 -2.45117 3
    endloop
  endfacet
  facet normal -0.962452 -0.271452 0
    outer loop
      vertex 26.0139 -3.24467 0
      vertex 25.7901 -2.45117 3
      vertex 25.7901 -2.45117 0
    endloop
  endfacet
  facet normal -0.962452 -0.271452 0
    outer loop
      vertex 25.7901 -2.45117 3
      vertex 26.0139 -3.24467 0
      vertex 26.0139 -3.24467 3
    endloop
  endfacet
  facet normal -0.938175 -0.346161 0
    outer loop
      vertex 26.2993 -4.01817 0
      vertex 26.0139 -3.24467 3
      vertex 26.0139 -3.24467 0
    endloop
  endfacet
  facet normal -0.938175 -0.346161 0
    outer loop
      vertex 26.0139 -3.24467 3
      vertex 26.2993 -4.01817 0
      vertex 26.2993 -4.01817 3
    endloop
  endfacet
  facet normal -0.908173 -0.418595 0
    outer loop
      vertex 26.6444 -4.76689 0
      vertex 26.2993 -4.01817 3
      vertex 26.2993 -4.01817 0
    endloop
  endfacet
  facet normal -0.908173 -0.418595 0
    outer loop
      vertex 26.2993 -4.01817 3
      vertex 26.6444 -4.76689 0
      vertex 26.6444 -4.76689 3
    endloop
  endfacet
  facet normal -0.872467 -0.488673 0
    outer loop
      vertex 27.0473 -5.48622 0
      vertex 26.6444 -4.76689 3
      vertex 26.6444 -4.76689 0
    endloop
  endfacet
  facet normal -0.872467 -0.488673 0
    outer loop
      vertex 26.6444 -4.76689 3
      vertex 27.0473 -5.48622 0
      vertex 27.0473 -5.48622 3
    endloop
  endfacet
  facet normal -0.831498 -0.555528 0
    outer loop
      vertex 27.5053 -6.17174 0
      vertex 27.0473 -5.48622 3
      vertex 27.0473 -5.48622 0
    endloop
  endfacet
  facet normal -0.831498 -0.555528 0
    outer loop
      vertex 27.0473 -5.48622 3
      vertex 27.5053 -6.17174 0
      vertex 27.5053 -6.17174 3
    endloop
  endfacet
  facet normal -0.785327 -0.619082 0
    outer loop
      vertex 28.0157 -6.8192 0
      vertex 27.5053 -6.17174 3
      vertex 27.5053 -6.17174 0
    endloop
  endfacet
  facet normal -0.785327 -0.619082 0
    outer loop
      vertex 27.5053 -6.17174 3
      vertex 28.0157 -6.8192 0
      vertex 28.0157 -6.8192 3
    endloop
  endfacet
  facet normal -0.73423 -0.678901 0
    outer loop
      vertex 28.2 -7.01852 0
      vertex 28.0157 -6.8192 3
      vertex 28.0157 -6.8192 0
    endloop
  endfacet
  facet normal -0.73423 -0.678901 0
    outer loop
      vertex 28.0157 -6.8192 3
      vertex 28.2 -7.01852 0
      vertex 28.2 -7.01852 3
    endloop
  endfacet
  facet normal -1 0 0
    outer loop
      vertex 28.2 -16.1242 0
      vertex 28.2 -7.01852 3
      vertex 28.2 -7.01852 0
    endloop
  endfacet
  facet normal -1 -0 0
    outer loop
      vertex 28.2 -7.01852 3
      vertex 28.2 -16.1242 0
      vertex 28.2 -16.1242 3
    endloop
  endfacet
  facet normal 0.820128 0.57218 0
    outer loop
      vertex 28.2 -16.1242 3
      vertex 18.2064 -1.79999 0
      vertex 18.2064 -1.79999 3
    endloop
  endfacet
  facet normal 0.820128 0.57218 0
    outer loop
      vertex 18.2064 -1.79999 0
      vertex 28.2 -16.1242 3
      vertex 28.2 -16.1242 0
    endloop
  endfacet
  facet normal 0.19505 -0.980793 0
    outer loop
      vertex 1.79999 -10.3394 0
      vertex 2.45117 -10.2099 3
      vertex 1.79999 -10.3394 3
    endloop
  endfacet
  facet normal 0.19505 -0.980793 0
    outer loop
      vertex 2.45117 -10.2099 3
      vertex 1.79999 -10.3394 0
      vertex 2.45117 -10.2099 0
    endloop
  endfacet
  facet normal 0.271474 -0.962446 0
    outer loop
      vertex 2.45117 -10.2099 0
      vertex 3.24467 -9.98608 3
      vertex 2.45117 -10.2099 3
    endloop
  endfacet
  facet normal 0.271474 -0.962446 0
    outer loop
      vertex 3.24467 -9.98608 3
      vertex 2.45117 -10.2099 0
      vertex 3.24467 -9.98608 0
    endloop
  endfacet
  facet normal 0.346107 -0.938195 0
    outer loop
      vertex 3.24467 -9.98608 0
      vertex 4.01817 -9.70073 3
      vertex 3.24467 -9.98608 3
    endloop
  endfacet
  facet normal 0.346107 -0.938195 0
    outer loop
      vertex 4.01817 -9.70073 3
      vertex 3.24467 -9.98608 0
      vertex 4.01817 -9.70073 0
    endloop
  endfacet
  facet normal 0.418665 -0.908141 0
    outer loop
      vertex 4.01817 -9.70073 0
      vertex 4.76689 -9.35556 3
      vertex 4.01817 -9.70073 3
    endloop
  endfacet
  facet normal 0.418665 -0.908141 0
    outer loop
      vertex 4.76689 -9.35556 3
      vertex 4.01817 -9.70073 0
      vertex 4.76689 -9.35556 0
    endloop
  endfacet
  facet normal 0.488627 -0.872493 0
    outer loop
      vertex 4.76689 -9.35556 0
      vertex 5.48622 -8.95271 3
      vertex 4.76689 -9.35556 3
    endloop
  endfacet
  facet normal 0.488627 -0.872493 0
    outer loop
      vertex 5.48622 -8.95271 3
      vertex 4.76689 -9.35556 0
      vertex 5.48622 -8.95271 0
    endloop
  endfacet
  facet normal 0.555562 -0.831475 0
    outer loop
      vertex 5.48622 -8.95271 0
      vertex 6.17174 -8.49467 3
      vertex 5.48622 -8.95271 3
    endloop
  endfacet
  facet normal 0.555562 -0.831475 0
    outer loop
      vertex 6.17174 -8.49467 3
      vertex 5.48622 -8.95271 0
      vertex 6.17174 -8.49467 0
    endloop
  endfacet
  facet normal 0.619097 -0.785315 0
    outer loop
      vertex 6.17174 -8.49467 0
      vertex 6.8192 -7.98425 3
      vertex 6.17174 -8.49467 3
    endloop
  endfacet
  facet normal 0.619097 -0.785315 0
    outer loop
      vertex 6.8192 -7.98425 3
      vertex 6.17174 -8.49467 0
      vertex 6.8192 -7.98425 0
    endloop
  endfacet
  facet normal 0.678804 -0.73432 0
    outer loop
      vertex 6.8192 -7.98425 0
      vertex 7.42461 -7.42461 3
      vertex 6.8192 -7.98425 3
    endloop
  endfacet
  facet normal 0.678804 -0.73432 0
    outer loop
      vertex 7.42461 -7.42461 3
      vertex 6.8192 -7.98425 0
      vertex 7.42461 -7.42461 0
    endloop
  endfacet
  facet normal 0.73432 -0.678804 0
    outer loop
      vertex 7.42461 -7.42461 3
      vertex 7.98425 -6.8192 0
      vertex 7.98425 -6.8192 3
    endloop
  endfacet
  facet normal 0.73432 -0.678804 0
    outer loop
      vertex 7.98425 -6.8192 0
      vertex 7.42461 -7.42461 3
      vertex 7.42461 -7.42461 0
    endloop
  endfacet
  facet normal 0.785315 -0.619097 0
    outer loop
      vertex 7.98425 -6.8192 3
      vertex 8.49467 -6.17174 0
      vertex 8.49467 -6.17174 3
    endloop
  endfacet
  facet normal 0.785315 -0.619097 0
    outer loop
      vertex 8.49467 -6.17174 0
      vertex 7.98425 -6.8192 3
      vertex 7.98425 -6.8192 0
    endloop
  endfacet
  facet normal 0.831475 -0.555562 0
    outer loop
      vertex 8.49467 -6.17174 3
      vertex 8.95271 -5.48622 0
      vertex 8.95271 -5.48622 3
    endloop
  endfacet
  facet normal 0.831475 -0.555562 0
    outer loop
      vertex 8.95271 -5.48622 0
      vertex 8.49467 -6.17174 3
      vertex 8.49467 -6.17174 0
    endloop
  endfacet
  facet normal 0.872493 -0.488627 0
    outer loop
      vertex 8.95271 -5.48622 3
      vertex 9.35556 -4.76689 0
      vertex 9.35556 -4.76689 3
    endloop
  endfacet
  facet normal 0.872493 -0.488627 0
    outer loop
      vertex 9.35556 -4.76689 0
      vertex 8.95271 -5.48622 3
      vertex 8.95271 -5.48622 0
    endloop
  endfacet
  facet normal 0.908141 -0.418665 0
    outer loop
      vertex 9.35556 -4.76689 3
      vertex 9.70073 -4.01817 0
      vertex 9.70073 -4.01817 3
    endloop
  endfacet
  facet normal 0.908141 -0.418665 0
    outer loop
      vertex 9.70073 -4.01817 0
      vertex 9.35556 -4.76689 3
      vertex 9.35556 -4.76689 0
    endloop
  endfacet
  facet normal 0.938195 -0.346107 0
    outer loop
      vertex 9.70073 -4.01817 3
      vertex 9.98608 -3.24467 0
      vertex 9.98608 -3.24467 3
    endloop
  endfacet
  facet normal 0.938195 -0.346107 0
    outer loop
      vertex 9.98608 -3.24467 0
      vertex 9.70073 -4.01817 3
      vertex 9.70073 -4.01817 0
    endloop
  endfacet
  facet normal 0.962446 -0.271474 0
    outer loop
      vertex 9.98608 -3.24467 3
      vertex 10.2099 -2.45117 0
      vertex 10.2099 -2.45117 3
    endloop
  endfacet
  facet normal 0.962446 -0.271474 0
    outer loop
      vertex 10.2099 -2.45117 0
      vertex 9.98608 -3.24467 3
      vertex 9.98608 -3.24467 0
    endloop
  endfacet
  facet normal 0.980793 -0.19505 0
    outer loop
      vertex 10.2099 -2.45117 3
      vertex 10.3394 -1.79999 0
      vertex 10.3394 -1.79999 3
    endloop
  endfacet
  facet normal 0.980793 -0.19505 0
    outer loop
      vertex 10.3394 -1.79999 0
      vertex 10.2099 -2.45117 3
      vertex 10.2099 -2.45117 0
    endloop
  endfacet
  facet normal 0 -1 0
    outer loop
      vertex 10.3394 -1.79999 0
      vertex 11.7936 -1.79999 3
      vertex 10.3394 -1.79999 3
    endloop
  endfacet
  facet normal 0 -1 -0
    outer loop
      vertex 11.7936 -1.79999 3
      vertex 10.3394 -1.79999 0
      vertex 11.7936 -1.79999 0
    endloop
  endfacet
  facet normal -0.820128 0.572181 0
    outer loop
      vertex 1.79999 -16.1242 0
      vertex 11.7936 -1.79999 3
      vertex 11.7936 -1.79999 0
    endloop
  endfacet
  facet normal -0.820128 0.572181 0
    outer loop
      vertex 11.7936 -1.79999 3
      vertex 1.79999 -16.1242 0
      vertex 1.79999 -16.1242 3
    endloop
  endfacet
  facet normal 1 -0 0
    outer loop
      vertex 1.79999 -16.1242 3
      vertex 1.79999 -10.3394 0
      vertex 1.79999 -10.3394 3
    endloop
  endfacet
  facet normal 1 0 0
    outer loop
      vertex 1.79999 -10.3394 0
      vertex 1.79999 -16.1242 3
      vertex 1.79999 -16.1242 0
    endloop
  endfacet
  facet normal 0.73423 -0.678901 0
    outer loop
      vertex -28.2 -7.01852 3
      vertex -28.0157 -6.8192 0
      vertex -28.0157 -6.8192 3
    endloop
  endfacet
  facet normal 0.73423 -0.678901 0
    outer loop
      vertex -28.0157 -6.8192 0
      vertex -28.2 -7.01852 3
      vertex -28.2 -7.01852 0
    endloop
  endfacet
  facet normal 0.785327 -0.619082 0
    outer loop
      vertex -28.0157 -6.8192 3
      vertex -27.5053 -6.17174 0
      vertex -27.5053 -6.17174 3
    endloop
  endfacet
  facet normal 0.785327 -0.619082 0
    outer loop
      vertex -27.5053 -6.17174 0
      vertex -28.0157 -6.8192 3
      vertex -28.0157 -6.8192 0
    endloop
  endfacet
  facet normal 0.831498 -0.555528 0
    outer loop
      vertex -27.5053 -6.17174 3
      vertex -27.0473 -5.48622 0
      vertex -27.0473 -5.48622 3
    endloop
  endfacet
  facet normal 0.831498 -0.555528 0
    outer loop
      vertex -27.0473 -5.48622 0
      vertex -27.5053 -6.17174 3
      vertex -27.5053 -6.17174 0
    endloop
  endfacet
  facet normal 0.872467 -0.488673 0
    outer loop
      vertex -27.0473 -5.48622 3
      vertex -26.6444 -4.76689 0
      vertex -26.6444 -4.76689 3
    endloop
  endfacet
  facet normal 0.872467 -0.488673 0
    outer loop
      vertex -26.6444 -4.76689 0
      vertex -27.0473 -5.48622 3
      vertex -27.0473 -5.48622 0
    endloop
  endfacet
  facet normal 0.908173 -0.418595 0
    outer loop
      vertex -26.6444 -4.76689 3
      vertex -26.2993 -4.01817 0
      vertex -26.2993 -4.01817 3
    endloop
  endfacet
  facet normal 0.908173 -0.418595 0
    outer loop
      vertex -26.2993 -4.01817 0
      vertex -26.6444 -4.76689 3
      vertex -26.6444 -4.76689 0
    endloop
  endfacet
  facet normal 0.938175 -0.346161 0
    outer loop
      vertex -26.2993 -4.01817 3
      vertex -26.0139 -3.24467 0
      vertex -26.0139 -3.24467 3
    endloop
  endfacet
  facet normal 0.938175 -0.346161 0
    outer loop
      vertex -26.0139 -3.24467 0
      vertex -26.2993 -4.01817 3
      vertex -26.2993 -4.01817 0
    endloop
  endfacet
  facet normal 0.962452 -0.271452 0
    outer loop
      vertex -26.0139 -3.24467 3
      vertex -25.7901 -2.45117 0
      vertex -25.7901 -2.45117 3
    endloop
  endfacet
  facet normal 0.962452 -0.271452 0
    outer loop
      vertex -25.7901 -2.45117 0
      vertex -26.0139 -3.24467 3
      vertex -26.0139 -3.24467 0
    endloop
  endfacet
  facet normal 0.980793 -0.19505 0
    outer loop
      vertex -25.7901 -2.45117 3
      vertex -25.6606 -1.79999 0
      vertex -25.6606 -1.79999 3
    endloop
  endfacet
  facet normal 0.980793 -0.19505 0
    outer loop
      vertex -25.6606 -1.79999 0
      vertex -25.7901 -2.45117 3
      vertex -25.7901 -2.45117 0
    endloop
  endfacet
  facet normal 0 -1 0
    outer loop
      vertex -25.6606 -1.79999 0
      vertex -18.2064 -1.79999 3
      vertex -25.6606 -1.79999 3
    endloop
  endfacet
  facet normal 0 -1 -0
    outer loop
      vertex -18.2064 -1.79999 3
      vertex -25.6606 -1.79999 0
      vertex -18.2064 -1.79999 0
    endloop
  endfacet
  facet normal -0.820128 0.57218 0
    outer loop
      vertex -28.2 -16.1242 0
      vertex -18.2064 -1.79999 3
      vertex -18.2064 -1.79999 0
    endloop
  endfacet
  facet normal -0.820128 0.57218 0
    outer loop
      vertex -18.2064 -1.79999 3
      vertex -28.2 -16.1242 0
      vertex -28.2 -16.1242 3
    endloop
  endfacet
  facet normal 1 -0 0
    outer loop
      vertex -28.2 -16.1242 3
      vertex -28.2 -7.01852 0
      vertex -28.2 -7.01852 3
    endloop
  endfacet
  facet normal 1 0 0
    outer loop
      vertex -28.2 -7.01852 0
      vertex -28.2 -16.1242 3
      vertex -28.2 -16.1242 0
    endloop
  endfacet
  facet normal 0 -1 0
    outer loop
      vertex -11.7936 -1.79999 0
      vertex -10.3394 -1.79999 3
      vertex -11.7936 -1.79999 3
    endloop
  endfacet
  facet normal 0 -1 -0
    outer loop
      vertex -10.3394 -1.79999 3
      vertex -11.7936 -1.79999 0
      vertex -10.3394 -1.79999 0
    endloop
  endfacet
  facet normal -0.980793 -0.19505 0
    outer loop
      vertex -10.2099 -2.45117 0
      vertex -10.3394 -1.79999 3
      vertex -10.3394 -1.79999 0
    endloop
  endfacet
  facet normal -0.980793 -0.19505 0
    outer loop
      vertex -10.3394 -1.79999 3
      vertex -10.2099 -2.45117 0
      vertex -10.2099 -2.45117 3
    endloop
  endfacet
  facet normal -0.962446 -0.271474 0
    outer loop
      vertex -9.98608 -3.24467 0
      vertex -10.2099 -2.45117 3
      vertex -10.2099 -2.45117 0
    endloop
  endfacet
  facet normal -0.962446 -0.271474 0
    outer loop
      vertex -10.2099 -2.45117 3
      vertex -9.98608 -3.24467 0
      vertex -9.98608 -3.24467 3
    endloop
  endfacet
  facet normal -0.938195 -0.346107 0
    outer loop
      vertex -9.70073 -4.01817 0
      vertex -9.98608 -3.24467 3
      vertex -9.98608 -3.24467 0
    endloop
  endfacet
  facet normal -0.938195 -0.346107 0
    outer loop
      vertex -9.98608 -3.24467 3
      vertex -9.70073 -4.01817 0
      vertex -9.70073 -4.01817 3
    endloop
  endfacet
  facet normal -0.908141 -0.418665 0
    outer loop
      vertex -9.35556 -4.76689 0
      vertex -9.70073 -4.01817 3
      vertex -9.70073 -4.01817 0
    endloop
  endfacet
  facet normal -0.908141 -0.418665 0
    outer loop
      vertex -9.70073 -4.01817 3
      vertex -9.35556 -4.76689 0
      vertex -9.35556 -4.76689 3
    endloop
  endfacet
  facet normal -0.872493 -0.488627 0
    outer loop
      vertex -8.95271 -5.48622 0
      vertex -9.35556 -4.76689 3
      vertex -9.35556 -4.76689 0
    endloop
  endfacet
  facet normal -0.872493 -0.488627 0
    outer loop
      vertex -9.35556 -4.76689 3
      vertex -8.95271 -5.48622 0
      vertex -8.95271 -5.48622 3
    endloop
  endfacet
  facet normal -0.831475 -0.555562 0
    outer loop
      vertex -8.49467 -6.17174 0
      vertex -8.95271 -5.48622 3
      vertex -8.95271 -5.48622 0
    endloop
  endfacet
  facet normal -0.831475 -0.555562 0
    outer loop
      vertex -8.95271 -5.48622 3
      vertex -8.49467 -6.17174 0
      vertex -8.49467 -6.17174 3
    endloop
  endfacet
  facet normal -0.785315 -0.619097 0
    outer loop
      vertex -7.98425 -6.8192 0
      vertex -8.49467 -6.17174 3
      vertex -8.49467 -6.17174 0
    endloop
  endfacet
  facet normal -0.785315 -0.619097 0
    outer loop
      vertex -8.49467 -6.17174 3
      vertex -7.98425 -6.8192 0
      vertex -7.98425 -6.8192 3
    endloop
  endfacet
  facet normal -0.73432 -0.678804 0
    outer loop
      vertex -7.42461 -7.42461 0
      vertex -7.98425 -6.8192 3
      vertex -7.98425 -6.8192 0
    endloop
  endfacet
  facet normal -0.73432 -0.678804 0
    outer loop
      vertex -7.98425 -6.8192 3
      vertex -7.42461 -7.42461 0
      vertex -7.42461 -7.42461 3
    endloop
  endfacet
  facet normal -0.678804 -0.73432 0
    outer loop
      vertex -7.42461 -7.42461 0
      vertex -6.8192 -7.98425 3
      vertex -7.42461 -7.42461 3
    endloop
  endfacet
  facet normal -0.678804 -0.73432 -0
    outer loop
      vertex -6.8192 -7.98425 3
      vertex -7.42461 -7.42461 0
      vertex -6.8192 -7.98425 0
    endloop
  endfacet
  facet normal -0.619097 -0.785315 0
    outer loop
      vertex -6.8192 -7.98425 0
      vertex -6.17174 -8.49467 3
      vertex -6.8192 -7.98425 3
    endloop
  endfacet
  facet normal -0.619097 -0.785315 -0
    outer loop
      vertex -6.17174 -8.49467 3
      vertex -6.8192 -7.98425 0
      vertex -6.17174 -8.49467 0
    endloop
  endfacet
  facet normal -0.555562 -0.831475 0
    outer loop
      vertex -6.17174 -8.49467 0
      vertex -5.48622 -8.95271 3
      vertex -6.17174 -8.49467 3
    endloop
  endfacet
  facet normal -0.555562 -0.831475 -0
    outer loop
      vertex -5.48622 -8.95271 3
      vertex -6.17174 -8.49467 0
      vertex -5.48622 -8.95271 0
    endloop
  endfacet
  facet normal -0.488627 -0.872493 0
    outer loop
      vertex -5.48622 -8.95271 0
      vertex -4.76689 -9.35556 3
      vertex -5.48622 -8.95271 3
    endloop
  endfacet
  facet normal -0.488627 -0.872493 -0
    outer loop
      vertex -4.76689 -9.35556 3
      vertex -5.48622 -8.95271 0
      vertex -4.76689 -9.35556 0
    endloop
  endfacet
  facet normal -0.418665 -0.908141 0
    outer loop
      vertex -4.76689 -9.35556 0
      vertex -4.01817 -9.70073 3
      vertex -4.76689 -9.35556 3
    endloop
  endfacet
  facet normal -0.418665 -0.908141 -0
    outer loop
      vertex -4.01817 -9.70073 3
      vertex -4.76689 -9.35556 0
      vertex -4.01817 -9.70073 0
    endloop
  endfacet
  facet normal -0.346107 -0.938195 0
    outer loop
      vertex -4.01817 -9.70073 0
      vertex -3.24467 -9.98608 3
      vertex -4.01817 -9.70073 3
    endloop
  endfacet
  facet normal -0.346107 -0.938195 -0
    outer loop
      vertex -3.24467 -9.98608 3
      vertex -4.01817 -9.70073 0
      vertex -3.24467 -9.98608 0
    endloop
  endfacet
  facet normal -0.271474 -0.962446 0
    outer loop
      vertex -3.24467 -9.98608 0
      vertex -2.45117 -10.2099 3
      vertex -3.24467 -9.98608 3
    endloop
  endfacet
  facet normal -0.271474 -0.962446 -0
    outer loop
      vertex -2.45117 -10.2099 3
      vertex -3.24467 -9.98608 0
      vertex -2.45117 -10.2099 0
    endloop
  endfacet
  facet normal -0.19505 -0.980793 0
    outer loop
      vertex -2.45117 -10.2099 0
      vertex -1.79999 -10.3394 3
      vertex -2.45117 -10.2099 3
    endloop
  endfacet
  facet normal -0.19505 -0.980793 -0
    outer loop
      vertex -1.79999 -10.3394 3
      vertex -2.45117 -10.2099 0
      vertex -1.79999 -10.3394 0
    endloop
  endfacet
  facet normal -1 0 0
    outer loop
      vertex -1.79999 -16.1242 0
      vertex -1.79999 -10.3394 3
      vertex -1.79999 -10.3394 0
    endloop
  endfacet
  facet normal -1 -0 0
    outer loop
      vertex -1.79999 -10.3394 3
      vertex -1.79999 -16.1242 0
      vertex -1.79999 -16.1242 3
    endloop
  endfacet
  facet normal 0.820128 0.572181 0
    outer loop
      vertex -1.79999 -16.1242 3
      vertex -11.7936 -1.79999 0
      vertex -11.7936 -1.79999 3
    endloop
  endfacet
  facet normal 0.820128 0.572181 0
    outer loop
      vertex -11.7936 -1.79999 0
      vertex -1.79999 -16.1242 3
      vertex -1.79999 -16.1242 0
    endloop
  endfacet
  facet normal 0 -1 0
    outer loop
      vertex -55 -1.79999 0
      vertex -46.8 -1.79999 3
      vertex -55 -1.79999 3
    endloop
  endfacet
  facet normal 0 -1 -0
    outer loop
      vertex -46.8 -1.79999 3
      vertex -55 -1.79999 0
      vertex -46.8 -1.79999 0
    endloop
  endfacet
  facet normal -0.842449 0.538776 0
    outer loop
      vertex -55 -14.6218 0
      vertex -46.8 -1.79999 3
      vertex -46.8 -1.79999 0
    endloop
  endfacet
  facet normal -0.842449 0.538776 0
    outer loop
      vertex -46.8 -1.79999 3
      vertex -55 -14.6218 0
      vertex -55 -14.6218 3
    endloop
  endfacet
  facet normal 1 -0 0
    outer loop
      vertex -55 -14.6218 3
      vertex -55 -1.79999 0
      vertex -55 -1.79999 3
    endloop
  endfacet
  facet normal 1 0 0
    outer loop
      vertex -55 -1.79999 0
      vertex -55 -14.6218 3
      vertex -55 -14.6218 0
    endloop
  endfacet
  facet normal 0 -1 0
    outer loop
      vertex 46.8 -1.79999 0
      vertex 55 -1.79999 3
      vertex 46.8 -1.79999 3
    endloop
  endfacet
  facet normal 0 -1 -0
    outer loop
      vertex 55 -1.79999 3
      vertex 46.8 -1.79999 0
      vertex 55 -1.79999 0
    endloop
  endfacet
  facet normal -1 0 0
    outer loop
      vertex 55 -14.6218 0
      vertex 55 -1.79999 3
      vertex 55 -1.79999 0
    endloop
  endfacet
  facet normal -1 -0 0
    outer loop
      vertex 55 -1.79999 3
      vertex 55 -14.6218 0
      vertex 55 -14.6218 3
    endloop
  endfacet
  facet normal 0.842449 0.538776 0
    outer loop
      vertex 55 -14.6218 3
      vertex 46.8 -1.79999 0
      vertex 46.8 -1.79999 3
    endloop
  endfacet
  facet normal 0.842449 0.538776 0
    outer loop
      vertex 46.8 -1.79999 0
      vertex 55 -14.6218 3
      vertex 55 -14.6218 0
    endloop
  endfacet
  facet normal 0.820127 -0.572182 0
    outer loop
      vertex 4.39241 -18 3
      vertex 15 -2.79579 0
      vertex 15 -2.79579 3
    endloop
  endfacet
  facet normal 0.820127 -0.572182 0
    outer loop
      vertex 15 -2.79579 0
      vertex 4.39241 -18 3
      vertex 4.39241 -18 0
    endloop
  endfacet
  facet normal -0.820127 -0.572182 0
    outer loop
      vertex 25.6076 -18 0
      vertex 15 -2.79579 3
      vertex 15 -2.79579 0
    endloop
  endfacet
  facet normal -0.820127 -0.572182 0
    outer loop
      vertex 15 -2.79579 3
      vertex 25.6076 -18 0
      vertex 25.6076 -18 3
    endloop
  endfacet
  facet normal 0.820127 -0.572182 0
    outer loop
      vertex -25.6076 -18 3
      vertex -15 -2.79579 0
      vertex -15 -2.79579 3
    endloop
  endfacet
  facet normal 0.820127 -0.572182 0
    outer loop
      vertex -15 -2.79579 0
      vertex -25.6076 -18 3
      vertex -25.6076 -18 0
    endloop
  endfacet
  facet normal -0.820127 -0.572182 0
    outer loop
      vertex -4.39241 -18 0
      vertex -15 -2.79579 3
      vertex -15 -2.79579 0
    endloop
  endfacet
  facet normal -0.820127 -0.572182 0
    outer loop
      vertex -15 -2.79579 3
      vertex -4.39241 -18 0
      vertex -4.39241 -18 3
    endloop
  endfacet
  facet normal 0.842447 -0.538779 0
    outer loop
      vertex -53.3628 -18 3
      vertex -45.1427 -5.14688 0
      vertex -45.1427 -5.14688 3
    endloop
  endfacet
  facet normal 0.842447 -0.538779 0
    outer loop
      vertex -45.1427 -5.14688 0
      vertex -53.3628 -18 3
      vertex -53.3628 -18 0
    endloop
  endfacet
  facet normal -0.872539 -0.488544 0
    outer loop
      vertex -44.9527 -5.48622 0
      vertex -45.1427 -5.14688 3
      vertex -45.1427 -5.14688 0
    endloop
  endfacet
  facet normal -0.872539 -0.488544 0
    outer loop
      vertex -45.1427 -5.14688 3
      vertex -44.9527 -5.48622 0
      vertex -44.9527 -5.48622 3
    endloop
  endfacet
  facet normal -0.831498 -0.555528 0
    outer loop
      vertex -44.4947 -6.17174 0
      vertex -44.9527 -5.48622 3
      vertex -44.9527 -5.48622 0
    endloop
  endfacet
  facet normal -0.831498 -0.555528 0
    outer loop
      vertex -44.9527 -5.48622 3
      vertex -44.4947 -6.17174 0
      vertex -44.4947 -6.17174 3
    endloop
  endfacet
  facet normal -0.785327 -0.619082 0
    outer loop
      vertex -43.9843 -6.8192 0
      vertex -44.4947 -6.17174 3
      vertex -44.4947 -6.17174 0
    endloop
  endfacet
  facet normal -0.785327 -0.619082 0
    outer loop
      vertex -44.4947 -6.17174 3
      vertex -43.9843 -6.8192 0
      vertex -43.9843 -6.8192 3
    endloop
  endfacet
  facet normal -0.734283 -0.678843 0
    outer loop
      vertex -43.4246 -7.42461 0
      vertex -43.9843 -6.8192 3
      vertex -43.9843 -6.8192 0
    endloop
  endfacet
  facet normal -0.734283 -0.678843 0
    outer loop
      vertex -43.9843 -6.8192 3
      vertex -43.4246 -7.42461 0
      vertex -43.4246 -7.42461 3
    endloop
  endfacet
  facet normal -0.67881 -0.734314 0
    outer loop
      vertex -43.4246 -7.42461 0
      vertex -42.8192 -7.98425 3
      vertex -43.4246 -7.42461 3
    endloop
  endfacet
  facet normal -0.67881 -0.734314 -0
    outer loop
      vertex -42.8192 -7.98425 3
      vertex -43.4246 -7.42461 0
      vertex -42.8192 -7.98425 0
    endloop
  endfacet
  facet normal -0.619073 -0.785333 0
    outer loop
      vertex -42.8192 -7.98425 0
      vertex -42.1717 -8.49467 3
      vertex -42.8192 -7.98425 3
    endloop
  endfacet
  facet normal -0.619073 -0.785333 -0
    outer loop
      vertex -42.1717 -8.49467 3
      vertex -42.8192 -7.98425 0
      vertex -42.1717 -8.49467 0
    endloop
  endfacet
  facet normal -0.555573 -0.831468 0
    outer loop
      vertex -42.1717 -8.49467 0
      vertex -41.4862 -8.95271 3
      vertex -42.1717 -8.49467 3
    endloop
  endfacet
  facet normal -0.555573 -0.831468 -0
    outer loop
      vertex -41.4862 -8.95271 3
      vertex -42.1717 -8.49467 0
      vertex -41.4862 -8.95271 0
    endloop
  endfacet
  facet normal -0.488642 -0.872484 0
    outer loop
      vertex -41.4862 -8.95271 0
      vertex -40.7669 -9.35556 3
      vertex -41.4862 -8.95271 3
    endloop
  endfacet
  facet normal -0.488642 -0.872484 -0
    outer loop
      vertex -40.7669 -9.35556 3
      vertex -41.4862 -8.95271 0
      vertex -40.7669 -9.35556 0
    endloop
  endfacet
  facet normal -0.418674 -0.908136 0
    outer loop
      vertex -40.7669 -9.35556 0
      vertex -40.0182 -9.70073 3
      vertex -40.7669 -9.35556 3
    endloop
  endfacet
  facet normal -0.418674 -0.908136 -0
    outer loop
      vertex -40.0182 -9.70073 3
      vertex -40.7669 -9.35556 0
      vertex -40.0182 -9.70073 0
    endloop
  endfacet
  facet normal -0.346106 -0.938196 0
    outer loop
      vertex -40.0182 -9.70073 0
      vertex -39.2679 -9.97752 3
      vertex -40.0182 -9.70073 3
    endloop
  endfacet
  facet normal -0.346106 -0.938196 -0
    outer loop
      vertex -39.2679 -9.97752 3
      vertex -40.0182 -9.70073 0
      vertex -39.2679 -9.97752 0
    endloop
  endfacet
  facet normal -0.842447 -0.538779 0
    outer loop
      vertex -34.1372 -18 0
      vertex -39.2679 -9.97752 3
      vertex -39.2679 -9.97752 0
    endloop
  endfacet
  facet normal -0.842447 -0.538779 0
    outer loop
      vertex -39.2679 -9.97752 3
      vertex -34.1372 -18 0
      vertex -34.1372 -18 3
    endloop
  endfacet
  facet normal 0.842447 -0.538779 0
    outer loop
      vertex 34.1372 -18 3
      vertex 39.2679 -9.97752 0
      vertex 39.2679 -9.97752 3
    endloop
  endfacet
  facet normal 0.842447 -0.538779 0
    outer loop
      vertex 39.2679 -9.97752 0
      vertex 34.1372 -18 3
      vertex 34.1372 -18 0
    endloop
  endfacet
  facet normal 0.346106 -0.938196 0
    outer loop
      vertex 39.2679 -9.97752 0
      vertex 40.0182 -9.70073 3
      vertex 39.2679 -9.97752 3
    endloop
  endfacet
  facet normal 0.346106 -0.938196 0
    outer loop
      vertex 40.0182 -9.70073 3
      vertex 39.2679 -9.97752 0
      vertex 40.0182 -9.70073 0
    endloop
  endfacet
  facet normal 0.418674 -0.908136 0
    outer loop
      vertex 40.0182 -9.70073 0
      vertex 40.7669 -9.35556 3
      vertex 40.0182 -9.70073 3
    endloop
  endfacet
  facet normal 0.418674 -0.908136 0
    outer loop
      vertex 40.7669 -9.35556 3
      vertex 40.0182 -9.70073 0
      vertex 40.7669 -9.35556 0
    endloop
  endfacet
  facet normal 0.488642 -0.872484 0
    outer loop
      vertex 40.7669 -9.35556 0
      vertex 41.4862 -8.95271 3
      vertex 40.7669 -9.35556 3
    endloop
  endfacet
  facet normal 0.488642 -0.872484 0
    outer loop
      vertex 41.4862 -8.95271 3
      vertex 40.7669 -9.35556 0
      vertex 41.4862 -8.95271 0
    endloop
  endfacet
  facet normal 0.555573 -0.831468 0
    outer loop
      vertex 41.4862 -8.95271 0
      vertex 42.1717 -8.49467 3
      vertex 41.4862 -8.95271 3
    endloop
  endfacet
  facet normal 0.555573 -0.831468 0
    outer loop
      vertex 42.1717 -8.49467 3
      vertex 41.4862 -8.95271 0
      vertex 42.1717 -8.49467 0
    endloop
  endfacet
  facet normal 0.619073 -0.785333 0
    outer loop
      vertex 42.1717 -8.49467 0
      vertex 42.8192 -7.98425 3
      vertex 42.1717 -8.49467 3
    endloop
  endfacet
  facet normal 0.619073 -0.785333 0
    outer loop
      vertex 42.8192 -7.98425 3
      vertex 42.1717 -8.49467 0
      vertex 42.8192 -7.98425 0
    endloop
  endfacet
  facet normal 0.67881 -0.734314 0
    outer loop
      vertex 42.8192 -7.98425 0
      vertex 43.4246 -7.42461 3
      vertex 42.8192 -7.98425 3
    endloop
  endfacet
  facet normal 0.67881 -0.734314 0
    outer loop
      vertex 43.4246 -7.42461 3
      vertex 42.8192 -7.98425 0
      vertex 43.4246 -7.42461 0
    endloop
  endfacet
  facet normal 0.734283 -0.678843 0
    outer loop
      vertex 43.4246 -7.42461 3
      vertex 43.9843 -6.8192 0
      vertex 43.9843 -6.8192 3
    endloop
  endfacet
  facet normal 0.734283 -0.678843 0
    outer loop
      vertex 43.9843 -6.8192 0
      vertex 43.4246 -7.42461 3
      vertex 43.4246 -7.42461 0
    endloop
  endfacet
  facet normal 0.785327 -0.619082 0
    outer loop
      vertex 43.9843 -6.8192 3
      vertex 44.4947 -6.17174 0
      vertex 44.4947 -6.17174 3
    endloop
  endfacet
  facet normal 0.785327 -0.619082 0
    outer loop
      vertex 44.4947 -6.17174 0
      vertex 43.9843 -6.8192 3
      vertex 43.9843 -6.8192 0
    endloop
  endfacet
  facet normal 0.831498 -0.555528 0
    outer loop
      vertex 44.4947 -6.17174 3
      vertex 44.9527 -5.48622 0
      vertex 44.9527 -5.48622 3
    endloop
  endfacet
  facet normal 0.831498 -0.555528 0
    outer loop
      vertex 44.9527 -5.48622 0
      vertex 44.4947 -6.17174 3
      vertex 44.4947 -6.17174 0
    endloop
  endfacet
  facet normal 0.872539 -0.488544 0
    outer loop
      vertex 44.9527 -5.48622 3
      vertex 45.1427 -5.14688 0
      vertex 45.1427 -5.14688 3
    endloop
  endfacet
  facet normal 0.872539 -0.488544 0
    outer loop
      vertex 45.1427 -5.14688 0
      vertex 44.9527 -5.48622 3
      vertex 44.9527 -5.48622 0
    endloop
  endfacet
  facet normal -0.842447 -0.538779 0
    outer loop
      vertex 53.3628 -18 0
      vertex 45.1427 -5.14688 3
      vertex 45.1427 -5.14688 0
    endloop
  endfacet
  facet normal -0.842447 -0.538779 0
    outer loop
      vertex 45.1427 -5.14688 3
      vertex 53.3628 -18 0
      vertex 53.3628 -18 3
    endloop
  endfacet
  facet normal 0.117575 -0.993064 0
    outer loop
      vertex -35.1581 -10.4655 0
      vertex -34.3574 -10.3707 3
      vertex -35.1581 -10.4655 3
    endloop
  endfacet
  facet normal 0.117575 -0.993064 0
    outer loop
      vertex -34.3574 -10.3707 3
      vertex -35.1581 -10.4655 0
      vertex -34.3574 -10.3707 0
    endloop
  endfacet
  facet normal 0.195043 -0.980795 0
    outer loop
      vertex -34.3574 -10.3707 0
      vertex -33.5488 -10.2099 3
      vertex -34.3574 -10.3707 3
    endloop
  endfacet
  facet normal 0.195043 -0.980795 0
    outer loop
      vertex -33.5488 -10.2099 3
      vertex -34.3574 -10.3707 0
      vertex -33.5488 -10.2099 0
    endloop
  endfacet
  facet normal 0.271474 -0.962446 0
    outer loop
      vertex -33.5488 -10.2099 0
      vertex -32.7553 -9.98608 3
      vertex -33.5488 -10.2099 3
    endloop
  endfacet
  facet normal 0.271474 -0.962446 0
    outer loop
      vertex -32.7553 -9.98608 3
      vertex -33.5488 -10.2099 0
      vertex -32.7553 -9.98608 0
    endloop
  endfacet
  facet normal 0.346107 -0.938195 0
    outer loop
      vertex -32.7553 -9.98608 0
      vertex -31.9818 -9.70073 3
      vertex -32.7553 -9.98608 3
    endloop
  endfacet
  facet normal 0.346107 -0.938195 0
    outer loop
      vertex -31.9818 -9.70073 3
      vertex -32.7553 -9.98608 0
      vertex -31.9818 -9.70073 0
    endloop
  endfacet
  facet normal 0.418697 -0.908126 0
    outer loop
      vertex -31.9818 -9.70073 0
      vertex -31.8 -9.61691 3
      vertex -31.9818 -9.70073 3
    endloop
  endfacet
  facet normal 0.418697 -0.908126 0
    outer loop
      vertex -31.8 -9.61691 3
      vertex -31.9818 -9.70073 0
      vertex -31.8 -9.61691 0
    endloop
  endfacet
  facet normal -1 0 0
    outer loop
      vertex -31.8 -15.7163 0
      vertex -31.8 -9.61691 3
      vertex -31.8 -9.61691 0
    endloop
  endfacet
  facet normal -1 -0 0
    outer loop
      vertex -31.8 -9.61691 3
      vertex -31.8 -15.7163 0
      vertex -31.8 -15.7163 3
    endloop
  endfacet
  facet normal 0.842447 0.538779 0
    outer loop
      vertex -31.8 -15.7163 3
      vertex -35.1581 -10.4655 0
      vertex -35.1581 -10.4655 3
    endloop
  endfacet
  facet normal 0.842447 0.538779 0
    outer loop
      vertex -35.1581 -10.4655 0
      vertex -31.8 -15.7163 3
      vertex -31.8 -15.7163 0
    endloop
  endfacet
  facet normal -0.418697 -0.908126 0
    outer loop
      vertex 31.8 -9.61691 0
      vertex 31.9818 -9.70073 3
      vertex 31.8 -9.61691 3
    endloop
  endfacet
  facet normal -0.418697 -0.908126 -0
    outer loop
      vertex 31.9818 -9.70073 3
      vertex 31.8 -9.61691 0
      vertex 31.9818 -9.70073 0
    endloop
  endfacet
  facet normal -0.346107 -0.938195 0
    outer loop
      vertex 31.9818 -9.70073 0
      vertex 32.7553 -9.98608 3
      vertex 31.9818 -9.70073 3
    endloop
  endfacet
  facet normal -0.346107 -0.938195 -0
    outer loop
      vertex 32.7553 -9.98608 3
      vertex 31.9818 -9.70073 0
      vertex 32.7553 -9.98608 0
    endloop
  endfacet
  facet normal -0.271474 -0.962446 0
    outer loop
      vertex 32.7553 -9.98608 0
      vertex 33.5488 -10.2099 3
      vertex 32.7553 -9.98608 3
    endloop
  endfacet
  facet normal -0.271474 -0.962446 -0
    outer loop
      vertex 33.5488 -10.2099 3
      vertex 32.7553 -9.98608 0
      vertex 33.5488 -10.2099 0
    endloop
  endfacet
  facet normal -0.195043 -0.980795 0
    outer loop
      vertex 33.5488 -10.2099 0
      vertex 34.3574 -10.3707 3
      vertex 33.5488 -10.2099 3
    endloop
  endfacet
  facet normal -0.195043 -0.980795 -0
    outer loop
      vertex 34.3574 -10.3707 3
      vertex 33.5488 -10.2099 0
      vertex 34.3574 -10.3707 0
    endloop
  endfacet
  facet normal -0.117575 -0.993064 0
    outer loop
      vertex 34.3574 -10.3707 0
      vertex 35.1581 -10.4655 3
      vertex 34.3574 -10.3707 3
    endloop
  endfacet
  facet normal -0.117575 -0.993064 -0
    outer loop
      vertex 35.1581 -10.4655 3
      vertex 34.3574 -10.3707 0
      vertex 35.1581 -10.4655 0
    endloop
  endfacet
  facet normal -0.842447 0.538779 0
    outer loop
      vertex 31.8 -15.7163 0
      vertex 35.1581 -10.4655 3
      vertex 35.1581 -10.4655 0
    endloop
  endfacet
  facet normal -0.842447 0.538779 0
    outer loop
      vertex 35.1581 -10.4655 3
      vertex 31.8 -15.7163 0
      vertex 31.8 -15.7163 3
    endloop
  endfacet
  facet normal 1 -0 0
    outer loop
      vertex 31.8 -15.7163 3
      vertex 31.8 -9.61691 0
      vertex 31.8 -9.61691 3
    endloop
  endfacet
  facet normal 1 0 0
    outer loop
      vertex 31.8 -9.61691 0
      vertex 31.8 -15.7163 3
      vertex 31.8 -15.7163 0
    endloop
  endfacet
  facet normal -0 0 1
    outer loop
      vertex -60 24 14
      vertex 60 18 14
      vertex 60 24 14
    endloop
  endfacet
  facet normal 0 0 1
    outer loop
      vertex 60 18 14
      vertex -60 24 14
      vertex -60 18 14
    endloop
  endfacet
  facet normal 0 -1 0
    outer loop
      vertex 34.1372 18 0
      vertex 53.3628 18 3
      vertex 34.1372 18 3
    endloop
  endfacet
  facet normal 0 -1 -0
    outer loop
      vertex 53.3628 18 3
      vertex 34.1372 18 0
      vertex 53.3628 18 0
    endloop
  endfacet
  facet normal 0 -1 0
    outer loop
      vertex 4.39241 18 0
      vertex 25.6076 18 3
      vertex 4.39241 18 3
    endloop
  endfacet
  facet normal 0 -1 -0
    outer loop
      vertex 25.6076 18 3
      vertex 4.39241 18 0
      vertex 25.6076 18 0
    endloop
  endfacet
  facet normal 0 -1 0
    outer loop
      vertex -25.6076 18 0
      vertex -4.39241 18 3
      vertex -25.6076 18 3
    endloop
  endfacet
  facet normal 0 -1 -0
    outer loop
      vertex -4.39241 18 3
      vertex -25.6076 18 0
      vertex -4.39241 18 0
    endloop
  endfacet
  facet normal 0 -1 0
    outer loop
      vertex -53.3628 18 0
      vertex -34.1372 18 3
      vertex -53.3628 18 3
    endloop
  endfacet
  facet normal 0 -1 -0
    outer loop
      vertex -34.1372 18 3
      vertex -53.3628 18 0
      vertex -34.1372 18 0
    endloop
  endfacet
  facet normal 0 -1 0
    outer loop
      vertex -53.3628 18 3
      vertex -60 18 14
      vertex -60 18 3
    endloop
  endfacet
  facet normal 0 -1 0
    outer loop
      vertex -34.1372 18 3
      vertex -60 18 14
      vertex -53.3628 18 3
    endloop
  endfacet
  facet normal 0 -1 0
    outer loop
      vertex -25.6076 18 3
      vertex -60 18 14
      vertex -34.1372 18 3
    endloop
  endfacet
  facet normal 0 -1 0
    outer loop
      vertex -4.39241 18 3
      vertex -60 18 14
      vertex -25.6076 18 3
    endloop
  endfacet
  facet normal 0 -1 0
    outer loop
      vertex -60 18 14
      vertex -4.39241 18 3
      vertex 60 18 14
    endloop
  endfacet
  facet normal 0 -1 0
    outer loop
      vertex 4.39241 18 3
      vertex 60 18 14
      vertex -4.39241 18 3
    endloop
  endfacet
  facet normal 0 -1 0
    outer loop
      vertex 25.6076 18 3
      vertex 60 18 14
      vertex 4.39241 18 3
    endloop
  endfacet
  facet normal 0 -1 0
    outer loop
      vertex 34.1372 18 3
      vertex 60 18 14
      vertex 25.6076 18 3
    endloop
  endfacet
  facet normal 0 -1 0
    outer loop
      vertex 53.3628 18 3
      vertex 60 18 14
      vertex 34.1372 18 3
    endloop
  endfacet
  facet normal 0 -1 -0
    outer loop
      vertex 60 18 14
      vertex 53.3628 18 3
      vertex 60 18 3
    endloop
  endfacet
  facet normal -0 0 1
    outer loop
      vertex -60 -18 14
      vertex 60 -24 14
      vertex 60 -18 14
    endloop
  endfacet
  facet normal 0 0 1
    outer loop
      vertex 60 -24 14
      vertex -60 -18 14
      vertex -60 -24 14
    endloop
  endfacet
  facet normal 0 1 -0
    outer loop
      vertex -34.1372 -18 0
      vertex -53.3628 -18 3
      vertex -34.1372 -18 3
    endloop
  endfacet
  facet normal 0 1 0
    outer loop
      vertex -53.3628 -18 3
      vertex -34.1372 -18 0
      vertex -53.3628 -18 0
    endloop
  endfacet
  facet normal 0 1 -0
    outer loop
      vertex -4.39241 -18 0
      vertex -25.6076 -18 3
      vertex -4.39241 -18 3
    endloop
  endfacet
  facet normal 0 1 0
    outer loop
      vertex -25.6076 -18 3
      vertex -4.39241 -18 0
      vertex -25.6076 -18 0
    endloop
  endfacet
  facet normal 0 1 -0
    outer loop
      vertex 25.6076 -18 0
      vertex 4.39241 -18 3
      vertex 25.6076 -18 3
    endloop
  endfacet
  facet normal 0 1 0
    outer loop
      vertex 4.39241 -18 3
      vertex 25.6076 -18 0
      vertex 4.39241 -18 0
    endloop
  endfacet
  facet normal 0 1 -0
    outer loop
      vertex 53.3628 -18 0
      vertex 34.1372 -18 3
      vertex 53.3628 -18 3
    endloop
  endfacet
  facet normal 0 1 0
    outer loop
      vertex 34.1372 -18 3
      vertex 53.3628 -18 0
      vertex 34.1372 -18 0
    endloop
  endfacet
  facet normal 0 1 0
    outer loop
      vertex 53.3628 -18 3
      vertex 60 -18 14
      vertex 60 -18 3
    endloop
  endfacet
  facet normal 0 1 0
    outer loop
      vertex 34.1372 -18 3
      vertex 60 -18 14
      vertex 53.3628 -18 3
    endloop
  endfacet
  facet normal 0 1 0
    outer loop
      vertex 25.6076 -18 3
      vertex 60 -18 14
      vertex 34.1372 -18 3
    endloop
  endfacet
  facet normal 0 1 0
    outer loop
      vertex 4.39241 -18 3
      vertex 60 -18 14
      vertex 25.6076 -18 3
    endloop
  endfacet
  facet normal 0 1 0
    outer loop
      vertex 60 -18 14
      vertex 4.39241 -18 3
      vertex -60 -18 14
    endloop
  endfacet
  facet normal 0 1 -0
    outer loop
      vertex -4.39241 -18 3
      vertex -60 -18 14
      vertex 4.39241 -18 3
    endloop
  endfacet
  facet normal 0 1 -0
    outer loop
      vertex -25.6076 -18 3
      vertex -60 -18 14
      vertex -4.39241 -18 3
    endloop
  endfacet
  facet normal 0 1 -0
    outer loop
      vertex -34.1372 -18 3
      vertex -60 -18 14
      vertex -25.6076 -18 3
    endloop
  endfacet
  facet normal 0 1 -0
    outer loop
      vertex -53.3628 -18 3
      vertex -60 -18 14
      vertex -34.1372 -18 3
    endloop
  endfacet
  facet normal 0 1 0
    outer loop
      vertex -60 -18 14
      vertex -53.3628 -18 3
      vertex -60 -18 3
    endloop
  endfacet
endsolid OpenSCAD_Model
